Hour,DayOfWeek,Hour,Temp,A/D,Runway,Airline,From/To,Aircraft Type
18,2,18,10.8,1,0,2,8,3
13,2,13,17.1,0,0,4,10,4
21,1,21,17.5,0,0,2,14,3
18,4,18,30.0,1,1,0,10,0
22,6,22,21.0,0,0,1,17,2
5,2,5,12.8,1,0,0,1,0
7,4,7,14.8,1,1,2,28,2
17,4,17,31.0,1,1,2,13,3
23,0,23,20.9,0,1,0,9,1
12,3,12,9.6,1,1,7,34,16
21,1,21,22.0,0,0,2,23,3
20,0,20,9.1,0,0,2,26,4
15,4,15,23.6,1,0,1,40,2
13,2,13,17.9,1,0,1,2,0
5,6,5,8.1,1,0,5,23,5
8,5,8,10.7,1,1,2,44,2
9,2,9,22.2,1,1,0,21,0
11,5,11,26.4,1,0,0,13,0
12,3,12,20.7,0,0,6,18,20
12,4,12,30.9,1,1,0,36,0
21,6,21,14.8,0,0,1,6,0
18,2,18,36.3,0,0,1,5,2
9,3,9,22.0,1,1,1,44,1
9,0,9,18.9,1,1,0,9,1
14,1,14,27.9,1,1,0,15,1
4,3,4,8.1,1,0,8,67,8
16,2,16,13.0,1,0,2,5,4
11,2,11,22.3,0,1,2,8,3
15,5,15,33.4,1,1,0,61,0
21,2,21,22.1,1,1,0,15,0
2,0,2,17.1,0,0,2,1,2
15,6,15,21.0,1,1,7,86,17
7,4,7,5.3,1,0,2,14,3
11,5,11,11.5,1,3,7,79,28
7,1,7,15.6,1,1,2,15,2
20,6,20,18.8,1,0,2,8,3
23,6,23,20.2,0,0,0,2,1
20,4,20,25.1,0,1,2,26,4
21,5,21,14.4,0,0,1,3,1
1,2,1,12.2,1,0,11,25,6
10,4,10,25.6,0,0,40,9,17
16,6,16,28.7,1,1,2,2,3
6,0,6,13.5,0,1,2,11,4
8,3,8,14.2,1,1,2,13,2
9,2,9,18.1,1,1,2,0,2
13,3,13,25.3,0,0,2,14,2
10,4,10,26.9,1,1,22,37,4
9,2,9,17.0,0,0,9,39,17
12,3,12,13.0,0,0,2,20,13
16,3,16,16.2,1,0,7,88,17
5,1,5,2.6,0,0,21,23,5
15,3,15,31.3,1,1,2,10,2
13,2,13,20.5,0,0,2,18,2
20,6,20,22.8,1,1,1,18,0
11,5,11,24.2,0,0,1,9,0
12,5,12,11.6,0,0,2,14,2
16,0,16,18.7,0,1,2,16,2
17,3,17,25.0,0,1,2,12,3
19,3,19,18.4,0,0,2,30,3
9,2,9,19.9,1,1,2,13,2
10,0,10,19.6,1,1,2,8,3
13,0,13,30.6,1,0,31,7,33
14,5,14,21.4,0,0,2,20,13
20,1,20,27.1,1,1,2,20,2
19,6,19,28.5,1,1,2,14,2
19,5,19,17.3,0,0,16,20,1
12,5,12,31.0,1,1,0,3,2
6,0,6,13.5,1,1,2,6,3
21,2,21,21.4,1,1,0,27,0
21,0,21,23.8,1,0,17,11,18
17,6,17,20.5,0,0,2,31,13
10,6,10,16.5,1,1,0,28,1
13,2,13,25.5,0,1,2,7,3
18,3,18,32.3,1,3,9,99,0
19,0,19,30.7,1,1,1,2,2
21,3,21,20.0,1,1,25,11,13
19,4,19,23.2,1,1,0,0,0
21,0,21,10.5,1,0,1,0,0
20,6,20,24.7,0,1,2,13,3
9,2,9,20.7,1,1,2,13,2
9,2,9,4.7,0,0,0,6,1
21,4,21,20.0,1,0,2,26,13
11,2,11,31.2,1,1,43,39,30
15,4,15,24.2,0,0,4,10,4
15,5,15,34.1,1,1,2,44,2
23,0,23,16.0,0,1,0,1,0
18,5,18,15.3,0,0,0,28,1
17,0,17,12.5,0,0,1,44,0
17,5,17,31.5,0,0,2,27,2
8,4,8,11.8,1,1,31,15,34
15,5,15,32.9,1,1,2,44,2
9,2,9,14.7,1,1,4,10,2
12,6,12,11.9,0,1,2,21,2
8,1,8,15.4,1,1,2,3,2
6,6,6,8.0,1,0,8,11,8
20,1,20,26.0,0,0,2,15,2
7,5,7,13.5,1,1,0,16,0
20,2,20,22.0,0,1,1,16,0
11,6,11,27.0,0,0,15,29,4
17,4,17,27.6,0,0,2,27,2
12,5,12,29.0,1,1,0,3,2
15,0,15,21.4,0,0,2,14,3
18,2,18,11.3,1,0,2,9,3
12,6,12,20.1,0,1,2,12,3
15,1,15,28.1,1,1,0,28,1
19,0,19,20.9,0,1,2,13,2
6,3,6,7.4,1,1,0,23,0
14,4,14,20.2,0,0,2,9,3
19,6,19,27.4,1,1,0,18,2
10,6,10,22.5,1,1,2,10,3
14,0,14,26.6,0,1,2,9,3
13,1,13,10.1,1,0,2,10,2
6,0,6,10.0,1,1,2,0,2
16,2,16,30.6,1,1,6,18,26
9,1,9,20.3,1,1,2,14,3
12,5,12,14.5,1,0,0,9,1
13,5,13,18.4,1,1,2,23,2
22,0,22,13.5,0,0,11,25,6
13,2,13,18.7,0,0,0,21,0
13,0,13,24.1,0,1,0,2,0
12,1,12,20.1,0,0,2,12,3
9,6,9,21.5,1,1,2,20,3
22,4,22,15.6,0,0,1,17,0
13,5,13,22.9,0,0,2,4,4
17,2,17,12.9,1,1,2,0,2
6,2,6,13.3,0,1,2,31,13
13,2,13,17.3,1,1,2,0,3
14,1,14,20.9,0,0,0,21,0
14,1,14,27.1,0,1,2,28,2
5,2,5,8.8,1,0,16,20,2
14,0,14,23.2,0,1,2,28,3
7,1,7,11.4,1,1,16,20,3
8,5,8,23.4,1,1,2,18,2
1,6,1,16.0,1,0,11,25,6
12,1,12,30.0,1,1,22,37,4
7,0,7,14.7,1,1,2,36,2
23,0,23,22.1,1,1,2,11,13
10,0,10,21.0,1,1,2,27,2
18,2,18,25.6,0,1,0,9,0
14,2,14,25.8,0,0,2,3,3
21,0,21,23.0,0,1,0,2,0
23,6,23,19.6,1,1,2,11,4
17,2,17,20.4,0,1,0,0,0
18,3,18,14.6,0,0,0,13,0
8,6,8,-1.7,0,0,12,23,4
22,4,22,22.1,1,1,2,7,2
15,3,15,32.3,1,1,5,10,5
16,6,16,28.8,1,1,1,6,1
13,1,13,18.6,0,0,0,10,1
13,4,13,12.3,0,0,2,5,13
20,5,20,21.5,1,1,1,2,1
15,4,15,14.9,1,0,2,2,2
6,5,6,9.8,1,3,7,8,43
9,0,9,9.4,1,1,7,34,16
13,4,13,15.9,1,0,6,18,20
14,1,14,31.1,1,1,2,7,3
9,6,9,22.8,1,1,22,37,4
15,0,15,28.9,0,0,7,13,17
21,0,21,23.5,0,0,2,7,3
5,0,5,13.7,1,1,2,2,2
10,4,10,19.3,1,1,2,27,2
10,6,10,25.0,1,1,2,65,4
13,0,13,15.2,0,0,1,0,0
12,3,12,22.8,0,1,2,0,2
6,0,6,13.5,1,0,1,3,1
9,0,9,13.1,1,0,7,34,16
18,0,18,15.8,0,0,7,21,19
19,0,19,19.6,0,1,0,9,0
10,0,10,7.1,1,0,12,23,4
10,0,10,9.7,0,1,7,74,47
6,0,6,9.9,1,1,2,6,2
17,2,17,30.2,1,1,2,8,3
16,6,16,24.9,1,0,2,23,3
16,0,16,23.0,1,0,1,6,1
11,5,11,27.1,0,0,1,18,0
11,1,11,22.7,1,1,12,23,4
11,3,11,28.3,1,1,0,8,0
9,3,9,16.7,1,1,2,13,3
11,1,11,23.1,1,1,2,20,2
19,4,19,24.0,1,1,1,18,0
10,2,10,23.8,1,1,2,12,2
20,6,20,8.9,1,0,2,10,3
15,1,15,22.5,1,1,2,58,3
6,3,6,11.8,1,1,2,6,2
7,3,7,14.1,1,1,2,12,2
12,2,12,27.4,0,1,2,13,2
15,0,15,29.8,0,1,0,28,0
18,4,18,31.8,1,1,2,23,2
10,0,10,24.2,1,1,2,8,2
21,4,21,20.3,0,0,2,44,2
19,3,19,20.0,1,1,1,2,0
8,1,8,17.7,0,1,20,33,5
15,5,15,18.4,0,1,2,13,3
22,4,22,12.4,0,0,2,3,3
6,5,6,11.5,1,1,1,8,0
22,6,22,14.0,1,1,63,5,2
11,4,11,23.7,1,1,85,20,10
8,5,8,16.8,1,1,2,18,2
6,1,6,14.7,1,1,2,6,3
21,0,21,14.0,0,3,2,27,2
8,6,8,16.7,1,1,1,13,1
8,4,8,15.5,1,1,2,18,2
18,3,18,30.3,0,1,7,34,36
16,1,16,26.7,1,0,0,14,1
15,2,15,30.2,1,1,2,44,2
22,0,22,3.7,0,0,3,5,0
16,5,16,25.6,0,0,2,14,2
15,0,15,30.2,1,0,7,88,17
15,3,15,33.0,1,1,1,8,2
15,0,15,31.6,1,1,1,14,0
11,5,11,10.5,1,0,2,14,3
22,6,22,13.7,1,1,25,11,13
20,0,20,24.6,0,0,2,8,2
1,0,1,11.3,0,0,0,27,1
13,1,13,31.1,1,1,2,14,3
12,0,12,23.2,1,1,0,23,0
16,0,16,32.2,1,1,0,3,2
10,2,10,25.8,1,1,1,17,0
5,5,5,13.4,0,0,4,10,2
19,1,19,20.4,0,1,2,6,2
16,2,16,14.9,1,0,2,3,3
6,3,6,11.2,1,1,2,2,3
11,4,11,27.4,1,1,2,13,3
5,6,5,11.6,1,0,11,25,6
14,3,14,30.6,1,1,1,6,1
12,4,12,23.6,0,1,6,18,21
22,4,22,6.6,0,0,1,8,0
16,4,16,28.8,0,1,0,36,0
14,6,14,18.9,0,0,2,3,3
18,5,18,26.3,0,1,0,0,0
10,5,10,26.2,1,1,2,27,2
14,2,14,29.2,1,1,1,2,1
14,1,14,11.1,1,3,2,20,3
11,6,11,28.2,1,1,0,28,1
18,1,18,28.7,1,1,2,6,3
18,2,18,27.8,1,1,9,59,38
15,5,15,32.5,1,1,2,3,3
17,2,17,33.8,1,1,2,13,3
12,2,12,27.1,1,1,12,23,4
20,0,20,27.3,1,1,2,7,3
7,3,7,13.8,0,0,25,62,13
17,1,17,29.8,1,1,2,1,3
15,3,15,27.1,0,0,1,2,2
17,1,17,13.2,0,1,7,12,55
13,1,13,28.4,1,1,2,14,2
8,0,8,16.4,1,1,2,0,3
7,5,7,13.3,1,1,0,18,2
20,4,20,19.2,1,0,52,61,6
22,1,22,16.4,0,1,2,2,3
6,0,6,12.2,1,1,1,18,0
20,2,20,14.5,0,0,2,15,3
22,5,22,17.1,0,0,2,20,3
14,4,14,29.6,1,1,2,9,3
11,5,11,22.7,1,1,2,14,3
17,2,17,26.7,1,1,16,3,2
22,2,22,23.3,1,1,25,11,23
7,4,7,15.3,1,1,2,15,3
11,0,11,24.8,1,1,2,20,2
12,2,12,26.3,1,1,2,8,3
12,3,12,23.9,1,1,2,2,3
18,2,18,27.6,0,0,0,2,0
21,4,21,20.2,1,1,2,23,2
10,1,10,22.6,1,1,2,2,2
20,0,20,23.8,0,0,0,14,0
12,1,12,12.4,0,0,2,15,3
14,1,14,24.1,0,0,1,2,0
7,0,7,8.7,1,0,2,6,3
5,0,5,8.2,0,0,21,23,5
16,1,16,29.3,0,1,0,28,1
12,3,12,25.7,1,1,7,74,47
17,1,17,19.5,1,0,9,82,28
17,4,17,28.8,1,1,2,40,2
12,3,12,26.1,1,1,0,3,2
13,3,13,28.2,0,1,0,21,0
15,0,15,31.9,1,1,2,20,2
6,0,6,7.9,1,1,2,6,3
12,4,12,11.8,1,3,7,39,80
3,0,3,10.1,1,0,11,25,11
13,0,13,19.0,1,1,2,13,3
14,3,14,34.2,0,0,3,5,0
15,6,15,33.8,1,1,2,28,2
15,5,15,30.4,0,0,1,13,2
17,1,17,12.9,1,0,4,10,4
13,4,13,30.6,1,1,15,29,4
15,3,15,29.1,1,1,0,15,0
18,3,18,26.9,1,1,0,8,0
11,2,11,19.8,1,1,2,28,2
11,1,11,27.5,1,1,1,23,0
16,2,16,30.9,1,1,1,8,0
16,5,16,30.8,0,1,1,13,0
15,6,15,31.6,1,1,2,13,2
15,5,15,28.6,1,1,4,72,2
16,5,16,27.8,1,1,2,28,2
21,1,21,27.3,0,0,0,3,2
11,5,11,25.7,1,1,2,11,13
13,2,13,21.5,0,1,2,13,3
16,2,16,11.6,0,0,1,2,0
23,6,23,22.4,1,1,6,18,6
18,0,18,28.2,1,0,7,109,17
18,1,18,30.5,1,1,2,13,2
16,2,16,30.2,1,1,1,3,1
12,0,12,18.5,1,1,2,2,2
15,0,15,30.5,1,1,2,13,2
1,4,1,16.5,0,0,1,6,2
15,5,15,32.0,1,1,2,26,13
14,6,14,15.1,0,0,0,3,1
9,2,9,4.3,1,0,2,18,2
21,6,21,21.8,0,1,0,7,0
7,6,7,11.5,1,1,2,8,2
6,4,6,12.7,1,1,1,10,1
3,5,3,2.3,1,0,7,2,97
9,2,9,11.3,0,0,2,1,3
21,6,21,13.9,1,1,2,7,2
7,0,7,9.1,1,1,2,0,3
9,4,9,13.5,1,1,4,10,2
9,3,9,14.7,1,1,1,17,0
16,0,16,31.0,1,1,0,3,2
15,2,15,30.8,1,1,4,72,2
16,5,16,24.7,1,0,2,23,3
6,3,6,12.5,1,1,2,9,2
12,0,12,27.6,1,1,10,24,23
15,2,15,19.4,1,0,9,51,24
19,1,19,29.1,1,1,2,8,3
13,3,13,26.3,1,1,2,0,2
2,5,2,19.1,0,0,2,20,13
1,4,1,18.2,0,0,0,7,0
17,6,17,20.4,1,0,5,20,5
6,0,6,10.8,1,1,1,8,2
17,1,17,15.3,0,0,0,6,0
10,2,10,21.2,1,1,6,18,6
9,4,9,16.2,1,1,2,31,13
22,4,22,19.4,0,1,16,20,3
6,1,6,8.7,1,1,5,46,5
23,2,23,26.2,1,1,20,33,5
8,0,8,17.3,1,1,1,9,2
18,0,18,25.0,0,0,1,6,0
20,0,20,22.7,1,0,5,11,5
2,5,2,17.5,1,0,0,1,0
17,3,17,25.1,0,0,0,6,0
13,1,13,28.5,0,1,6,18,6
1,4,1,4.0,1,0,2,70,4
20,3,20,11.8,1,0,0,18,0
16,6,16,33.3,1,1,1,89,0
10,0,10,22.0,1,1,2,16,2
13,3,13,24.1,1,1,2,2,3
0,2,0,4.1,1,0,2,7,2
10,4,10,24.2,1,1,6,18,6
15,5,15,24.9,0,1,2,36,2
13,2,13,19.0,1,0,0,23,0
12,6,12,28.1,1,1,2,8,2
13,5,13,28.9,1,1,2,14,2
15,0,15,19.2,0,0,1,2,1
19,6,19,27.0,1,1,2,6,2
11,5,11,7.2,0,0,2,18,2
23,1,23,15.5,1,1,25,62,13
1,1,1,17.9,1,0,16,20,3
16,2,16,13.5,1,0,5,11,5
20,6,20,19.1,0,0,1,44,1
14,4,14,34.2,1,1,1,16,0
0,1,0,11.2,0,0,1,27,1
7,0,7,15.3,1,1,2,36,2
13,4,13,25.2,1,1,2,50,2
10,6,10,23.2,1,1,2,27,3
7,2,7,14.4,1,1,2,7,2
18,4,18,28.5,0,0,1,44,1
13,4,13,31.8,1,1,13,26,10
15,2,15,11.3,1,0,2,3,3
23,1,23,19.2,1,1,25,11,13
7,2,7,11.9,1,1,2,12,3
17,1,17,30.7,0,1,2,0,3
17,2,17,18.3,1,1,2,15,3
9,2,9,16.4,1,1,0,8,0
22,0,22,25.0,1,1,25,11,13
11,0,11,22.1,1,1,2,2,3
17,6,17,13.2,1,0,16,20,3
9,1,9,17.5,1,1,7,6,27
15,6,15,19.1,0,0,2,14,3
12,4,12,27.3,1,1,11,25,11
19,5,19,23.0,0,0,0,6,0
12,4,12,23.5,1,1,9,73,9
11,2,11,13.6,1,0,2,8,3
9,5,9,18.5,1,1,2,16,2
8,3,8,15.7,1,1,0,9,0
20,6,20,14.7,1,1,0,10,0
5,3,5,10.5,1,0,2,3,3
11,1,11,18.5,1,1,13,26,10
19,1,19,25.4,1,1,0,18,0
21,1,21,13.2,0,0,2,7,3
18,4,18,35.2,1,1,2,13,3
12,0,12,24.1,0,0,2,2,2
22,4,22,22.0,1,1,19,32,15
15,3,15,27.1,0,1,2,9,3
8,2,8,18.2,1,1,2,13,2
12,5,12,29.3,1,1,2,13,3
13,6,13,16.0,1,0,2,36,2
10,6,10,10.0,1,0,2,0,3
8,4,8,16.0,1,1,1,13,0
7,4,7,12.7,1,1,16,20,3
17,0,17,21.8,0,0,7,149,42
23,6,23,9.6,0,0,1,18,2
18,3,18,28.4,1,1,9,75,19
10,0,10,19.2,0,1,7,74,47
17,4,17,27.9,1,1,2,40,2
21,2,21,15.7,1,1,0,10,1
11,5,11,24.8,1,1,1,8,1
13,2,13,17.7,0,1,0,12,0
6,4,6,10.8,1,1,2,8,3
13,6,13,28.4,1,1,2,27,2
13,2,13,13.1,1,0,2,10,2
10,1,10,18.3,1,1,2,15,3
15,6,15,21.2,1,0,2,20,3
10,0,10,20.5,0,0,2,14,3
6,3,6,13.3,1,1,2,2,3
2,4,2,11.6,1,0,27,23,5
20,2,20,14.3,1,1,0,18,1
11,2,11,28.8,1,1,2,20,13
22,2,22,26.7,1,1,19,32,15
14,1,14,12.5,0,0,17,20,18
14,3,14,12.6,1,0,7,34,16
9,1,9,9.3,0,1,9,39,24
14,0,14,24.0,0,0,1,2,1
6,4,6,12.1,1,1,1,27,2
20,0,20,26.8,1,1,0,1,0
15,6,15,24.4,1,1,2,14,2
21,6,21,20.1,1,1,0,8,0
17,1,17,22.4,1,1,2,0,2
15,2,15,19.7,1,0,7,34,36
16,2,16,11.4,0,0,16,3,2
10,6,10,27.2,1,0,2,0,3
15,6,15,30.8,1,1,2,20,3
20,5,20,14.6,0,1,13,26,10
15,6,15,23.8,1,0,0,27,1
22,4,22,19.0,0,0,2,2,2
3,3,3,2.9,0,0,11,25,6
12,3,12,29.7,0,0,0,14,0
23,4,23,16.5,1,1,2,48,13
3,4,3,12.1,1,0,8,11,8
9,0,9,22.6,0,0,2,8,3
8,4,8,14.8,1,1,2,36,2
8,3,8,12.6,0,1,25,11,13
12,5,12,11.6,0,0,2,30,3
9,5,9,19.2,1,1,2,80,4
18,5,18,26.2,1,1,2,7,3
21,0,21,23.1,1,1,0,27,0
11,1,11,13.5,0,0,0,14,0
10,6,10,17.6,0,0,2,6,2
19,4,19,33.8,1,1,2,9,2
17,4,17,28.9,0,1,0,13,0
10,3,10,17.4,1,1,22,37,4
22,6,22,11.5,0,0,16,20,2
13,3,13,30.8,1,1,2,2,3
15,3,15,13.9,1,0,2,27,3
11,4,11,26.2,1,1,2,0,3
19,0,19,22.4,1,0,0,2,0
20,6,20,14.0,0,1,0,11,0
8,6,8,12.6,0,1,25,62,13
9,0,9,18.9,1,1,2,14,2
1,3,1,16.8,0,0,1,2,0
10,1,10,25.3,0,0,2,8,2
8,2,8,15.7,1,1,2,7,2
4,0,4,1.8,1,0,0,3,1
4,0,4,6.5,1,0,2,8,3
12,6,12,27.8,0,1,2,12,3
18,6,18,29.6,0,0,2,14,2
14,2,14,28.8,0,1,2,13,2
13,5,13,21.8,1,1,16,20,2
20,1,20,13.4,0,0,1,42,2
8,6,8,12.7,1,1,0,15,0
20,5,20,24.1,1,1,0,8,1
12,5,12,23.4,1,1,0,3,2
19,4,19,15.1,1,0,2,14,2
0,6,0,7.0,1,0,19,32,15
17,2,17,36.3,1,1,5,11,5
17,3,17,31.9,0,1,7,8,47
8,1,8,17.3,1,1,2,36,2
20,4,20,21.8,0,0,2,19,13
10,3,10,21.2,1,1,0,13,1
16,2,16,28.7,1,1,7,39,28
6,5,6,15.6,1,1,2,6,3
7,5,7,10.1,1,3,21,25,5
18,5,18,10.8,0,0,0,23,0
15,6,15,12.0,1,0,6,18,21
16,4,16,33.5,1,1,2,0,2
17,3,17,15.0,1,1,0,13,1
15,6,15,32.2,1,1,4,72,2
14,0,14,26.3,1,0,87,7,17
9,2,9,14.8,1,1,2,19,13
12,5,12,24.2,1,1,13,53,8
15,1,15,24.7,0,0,2,35,3
11,4,11,21.3,1,1,2,12,2
10,1,10,22.2,1,0,12,23,4
7,1,7,8.5,0,0,2,26,4
15,3,15,14.5,1,0,2,58,3
18,6,18,28.6,1,1,2,13,2
7,5,7,12.2,1,1,2,12,2
17,2,17,28.3,0,0,16,20,3
6,1,6,9.2,1,1,2,0,2
11,4,11,9.2,0,0,1,18,0
18,4,18,21.4,1,0,16,20,3
20,6,20,20.6,0,0,2,2,3
18,2,18,12.6,0,0,0,9,0
8,0,8,15.3,1,1,2,18,2
6,1,6,14.3,0,0,22,37,4
7,6,7,13.5,1,1,2,13,3
12,5,12,31.9,1,1,44,88,61
16,5,16,32.5,1,1,2,20,2
21,3,21,23.7,0,0,2,0,2
21,4,21,24.4,1,1,0,10,1
9,5,9,27.2,1,1,0,9,1
23,3,23,21.2,1,1,18,31,4
16,5,16,17.0,0,0,4,10,2
14,5,14,27.6,0,0,7,69,17
23,3,23,19.2,1,1,2,11,4
12,1,12,22.2,1,1,2,13,3
17,0,17,25.4,0,1,2,18,2
13,6,13,22.2,1,3,7,82,28
14,3,14,34.8,0,1,2,14,2
15,1,15,22.8,1,1,0,14,0
17,0,17,19.1,0,3,2,31,13
19,1,19,28.1,1,1,9,41,22
12,5,12,25.4,1,1,0,3,0
10,1,10,24.2,0,1,12,23,4
16,3,16,32.6,1,1,2,23,2
11,5,11,18.4,0,1,2,9,3
11,0,11,20.1,1,1,0,9,0
23,6,23,22.2,0,0,2,9,2
13,0,13,28.6,1,1,2,19,4
6,2,6,12.6,0,1,2,5,13
21,6,21,26.1,0,0,2,27,2
12,3,12,26.3,1,1,2,2,3
8,0,8,17.3,1,1,2,13,2
9,6,9,16.3,1,1,1,17,0
13,2,13,26.2,1,1,2,13,2
17,5,17,16.5,0,0,16,20,3
9,2,9,20.0,1,1,0,0,0
19,4,19,10.2,1,0,0,6,0
20,6,20,13.5,1,0,2,26,4
14,3,14,30.4,1,1,0,21,0
12,5,12,14.2,1,1,2,3,2
13,1,13,28.1,1,1,2,6,2
0,0,0,14.3,0,0,0,2,0
15,4,15,19.0,0,0,2,13,3
13,5,13,30.5,1,1,2,13,3
18,5,18,16.5,0,0,2,2,3
8,2,8,15.4,1,1,2,18,2
8,6,8,12.3,1,1,2,44,2
14,5,14,30.4,1,1,1,10,2
19,0,19,23.2,1,1,2,9,3
10,6,10,8.4,1,0,2,7,3
13,1,13,30.9,0,0,31,7,40
6,4,6,10.9,1,1,0,10,1
16,1,16,30.5,1,1,2,14,3
17,0,17,24.1,0,0,0,23,0
14,0,14,34.0,1,1,2,1,3
12,4,12,27.0,0,0,2,20,3
16,3,16,27.0,1,0,1,14,1
0,5,0,10.0,1,0,5,11,5
9,5,9,24.8,1,1,2,80,4
12,0,12,12.1,0,0,2,27,3
16,0,16,33.4,1,1,2,8,2
15,1,15,26.5,1,1,2,2,2
17,6,17,18.2,1,0,17,11,18
13,6,13,16.4,0,0,2,4,4
22,6,22,24.8,1,1,25,11,13
22,4,22,22.4,1,1,19,32,15
20,2,20,9.4,0,0,0,9,0
14,5,14,32.7,1,1,6,18,6
13,4,13,29.6,1,1,0,36,0
21,4,21,21.8,1,1,2,26,4
20,3,20,20.7,0,1,0,8,0
15,2,15,24.7,1,0,1,2,1
23,6,23,18.2,1,1,0,20,0
12,1,12,20.5,0,1,2,23,2
16,1,16,25.4,1,0,2,7,3
0,0,0,13.1,0,0,0,6,0
17,4,17,29.1,0,0,16,3,2
11,6,11,24.3,0,1,12,23,4
20,0,20,12.8,1,0,2,23,2
21,3,21,23.2,1,1,0,15,0
20,6,20,12.6,0,0,2,30,3
15,3,15,31.8,1,1,0,61,0
9,6,9,25.7,1,1,0,13,0
9,6,9,22.3,1,1,2,14,2
18,5,18,30.6,1,1,2,0,2
6,3,6,18.3,1,0,11,25,6
17,2,17,19.8,0,0,0,23,0
15,1,15,30.5,0,1,2,0,3
20,6,20,20.0,1,1,1,8,0
19,0,19,25.4,1,1,2,9,3
10,4,10,20.3,1,1,2,12,2
13,0,13,19.0,1,1,16,20,2
12,3,12,22.9,1,0,7,34,16
16,2,16,32.7,1,1,0,15,0
10,6,10,21.0,1,1,5,11,5
16,4,16,15.8,1,1,2,23,3
9,6,9,18.6,0,1,10,24,23
10,2,10,26.3,1,1,6,18,6
10,3,10,22.4,1,1,2,7,2
13,3,13,26.7,1,1,2,27,2
8,6,8,13.7,0,0,25,11,23
23,1,23,12.7,0,0,5,11,5
18,5,18,8.4,1,0,2,15,3
11,1,11,28.9,1,1,7,69,16
10,0,10,10.7,1,0,2,6,3
22,4,22,22.4,1,1,19,32,15
3,0,3,12.0,0,0,11,25,11
19,2,19,4.6,0,0,2,9,3
13,1,13,18.0,0,0,1,13,0
14,1,14,13.0,0,0,2,9,3
12,1,12,26.8,1,1,2,20,3
15,0,15,26.1,1,0,24,17,5
10,6,10,10.2,0,0,2,2,3
15,6,15,12.0,1,0,5,23,5
13,4,13,16.2,1,0,2,18,2
9,3,9,16.8,1,1,7,71,19
15,5,15,27.5,0,0,1,3,1
19,3,19,12.5,1,0,0,40,0
9,1,9,15.5,1,1,0,21,0
11,0,11,25.6,1,1,9,2,9
12,4,12,30.2,1,1,2,3,3
6,2,6,12.6,1,1,2,0,2
14,4,14,20.7,0,1,7,63,28
19,0,19,11.6,1,0,2,9,3
8,2,8,17.4,1,1,1,17,0
23,1,23,15.2,0,0,6,23,6
6,2,6,12.6,1,1,16,20,3
10,0,10,18.0,1,1,2,7,2
17,6,17,30.0,0,1,1,13,1
22,5,22,5.8,1,0,19,32,15
15,6,15,32.4,1,1,5,10,5
0,2,0,17.6,1,0,2,5,13
6,2,6,0.6,1,0,2,0,3
4,1,4,11.1,1,0,11,25,6
6,3,6,12.4,0,0,2,11,4
12,6,12,28.2,1,1,10,24,23
6,2,6,11.9,0,0,1,0,0
13,4,13,10.7,1,0,2,9,3
22,0,22,19.8,0,0,13,26,10
13,4,13,12.9,0,0,2,2,3
0,0,0,19.6,0,0,0,8,0
6,1,6,10.0,1,1,1,20,0
1,2,1,17.1,1,0,2,70,4
13,4,13,17.7,1,0,15,29,4
12,3,12,23.5,1,1,1,42,2
10,6,10,5.8,1,0,2,3,3
7,4,7,9.3,1,1,1,18,0
13,3,13,33.0,1,1,0,27,0
10,6,10,24.7,0,1,2,13,3
8,5,8,14.7,0,0,6,18,6
16,5,16,31.2,0,0,1,2,2
8,3,8,15.4,0,1,1,0,0
21,5,21,20.0,1,0,0,10,1
15,6,15,30.6,1,1,2,10,3
11,5,11,13.7,1,1,2,8,2
13,5,13,29.1,0,0,2,14,3
17,6,17,33.7,1,1,0,14,0
11,5,11,26.6,0,1,2,9,3
16,2,16,36.6,1,1,1,3,0
11,5,11,21.3,1,1,2,9,2
8,5,8,10.8,0,0,12,23,4
17,5,17,15.4,0,0,2,20,3
4,5,4,7.0,0,0,4,10,2
11,5,11,27.2,1,1,0,21,0
12,0,12,26.7,1,1,2,20,3
16,5,16,31.8,1,1,4,10,2
15,0,15,18.8,1,1,2,21,2
18,0,18,19.4,0,0,0,138,0
6,5,6,-0.2,0,0,25,11,13
20,2,20,14.0,0,0,0,6,0
18,3,18,29.1,1,1,2,8,3
18,3,18,24.5,0,1,0,23,0
13,6,13,30.9,0,1,2,44,2
20,5,20,6.2,1,0,2,1,2
16,5,16,24.3,0,0,2,13,2
9,3,9,16.6,0,0,20,33,5
13,6,13,30.9,1,1,0,23,2
15,4,15,25.1,1,1,2,8,2
17,5,17,22.6,0,0,2,18,2
13,1,13,25.5,1,1,23,43,4
5,1,5,14.2,1,0,2,6,3
14,6,14,33.5,1,1,6,18,20
19,0,19,22.6,1,0,7,79,93
10,2,10,22.7,0,0,13,53,8
6,2,6,11.4,1,1,1,18,0
0,1,0,6.5,1,0,5,46,5
17,3,17,26.6,1,0,2,13,2
8,4,8,16.1,1,1,2,18,2
11,1,11,27.7,0,0,2,6,2
6,1,6,14.6,1,1,2,7,2
1,5,1,16.8,1,0,11,25,6
18,5,18,14.3,0,0,1,14,0
21,1,21,13.7,0,0,2,44,2
13,1,13,31.1,1,1,13,26,10
17,2,17,25.5,1,1,2,40,2
17,2,17,9.8,0,1,7,71,19
10,3,10,26.6,1,1,2,28,2
13,0,13,22.2,0,0,2,0,2
23,1,23,19.0,1,1,25,62,13
19,2,19,15.3,0,0,0,0,0
4,6,4,5.7,1,0,4,10,2
8,2,8,2.9,1,0,2,14,2
15,6,15,25.1,1,1,1,40,0
14,2,14,26.2,1,1,0,14,0
12,1,12,27.4,1,1,2,8,3
11,6,11,28.0,1,1,2,20,3
12,4,12,17.4,0,0,2,14,2
6,4,6,6.1,1,0,0,18,0
6,5,6,7.7,1,1,0,18,0
18,1,18,33.7,0,1,2,16,2
11,0,11,9.8,1,0,2,28,2
4,3,4,15.4,0,0,48,10,49
17,0,17,34.9,1,1,6,18,6
17,3,17,33.4,1,1,2,20,4
11,3,11,30.2,1,1,0,28,1
10,0,10,7.7,0,0,0,15,0
9,0,9,22.1,1,1,2,12,2
18,3,18,14.5,1,1,0,40,0
20,2,20,23.4,1,1,0,0,0
9,4,9,5.3,1,0,2,0,3
7,1,7,11.0,0,0,21,23,5
23,3,23,18.6,0,1,3,5,15
18,0,18,26.7,1,1,2,20,3
13,6,13,25.6,1,1,2,18,2
22,1,22,18.9,1,1,25,11,23
10,0,10,25.0,1,0,7,34,36
9,5,9,23.1,1,1,0,9,0
8,2,8,15.0,1,0,2,78,2
16,3,16,16.3,1,1,2,26,4
13,3,13,19.6,0,0,0,6,0
12,5,12,27.3,0,0,22,37,13
13,6,13,15.5,0,0,4,10,4
12,3,12,28.3,1,0,7,34,16
11,0,11,21.2,1,1,5,46,5
12,0,12,27.3,1,1,2,13,3
4,4,4,9.1,0,0,3,5,13
10,5,10,8.1,1,1,7,71,19
11,6,11,30.1,1,1,2,2,3
14,2,14,29.5,0,0,0,27,0
12,3,12,11.7,1,0,7,34,16
21,2,21,9.6,0,0,2,9,3
20,1,20,7.9,1,0,2,23,2
4,2,4,15.3,1,0,7,9,30
16,2,16,11.7,0,0,2,8,3
6,2,6,14.2,1,1,1,2,1
23,3,23,22.1,0,0,0,2,0
16,2,16,31.6,1,1,6,18,26
6,3,6,11.4,1,1,2,6,3
19,6,19,29.6,0,1,2,12,3
5,3,5,15.8,1,0,1,27,2
13,3,13,29.5,0,1,2,4,4
16,6,16,22.7,1,1,0,61,0
11,2,11,26.1,1,1,0,15,0
7,5,7,14.3,1,1,2,12,2
12,4,12,25.4,0,0,0,18,2
15,6,15,25.4,1,0,7,67,39
23,5,23,20.7,0,0,1,6,1
17,3,17,33.2,0,1,2,13,2
14,4,14,9.3,1,3,2,13,3
16,1,16,19.1,0,0,2,9,3
11,5,11,13.9,1,1,2,9,3
22,1,22,16.8,0,0,5,76,5
10,3,10,21.4,0,0,2,6,2
11,6,11,11.7,1,0,11,25,11
8,0,8,17.4,1,1,0,12,1
7,5,7,13.8,0,1,20,33,5
19,3,19,12.6,0,0,2,28,2
15,0,15,25.8,1,1,16,44,3
8,0,8,14.6,1,1,2,13,2
13,6,13,28.9,1,1,2,50,3
14,2,14,21.5,0,0,2,18,2
15,3,15,30.5,1,0,7,34,16
13,0,13,30.2,1,1,2,7,3
16,0,16,33.1,0,0,16,20,3
9,4,9,20.5,1,3,7,79,28
21,3,21,20.1,0,0,19,32,15
21,0,21,12.2,1,1,0,8,1
18,2,18,8.0,1,0,2,9,3
6,5,6,13.4,1,1,1,18,2
20,6,20,18.5,0,0,17,11,5
19,3,19,28.3,0,0,31,64,40
11,0,11,17.3,1,1,2,20,2
20,0,20,30.2,1,1,2,9,2
10,2,10,5.4,0,0,2,6,3
11,2,11,10.5,1,0,0,28,1
10,3,10,20.4,0,1,43,39,30
12,2,12,18.7,1,3,62,39,74
23,0,23,22.6,0,1,11,25,6
7,2,7,13.5,1,1,2,23,2
22,3,22,21.7,1,1,25,11,23
12,1,12,19.7,1,1,11,25,11
7,1,7,11.4,1,1,2,21,2
9,5,9,18.8,1,0,7,7,30
16,3,16,13.2,1,0,2,8,3
7,6,7,11.4,1,1,0,0,0
16,5,16,22.0,1,0,2,20,4
17,1,17,30.6,0,1,2,16,2
21,5,21,23.4,1,1,0,10,1
21,0,21,8.9,0,0,2,10,2
15,1,15,13.3,0,0,1,3,1
13,1,13,28.4,1,1,2,18,2
17,4,17,28.3,1,1,2,5,13
7,1,7,14.7,1,1,1,6,1
12,2,12,19.9,0,0,2,7,2
18,3,18,29.7,1,1,0,40,0
13,1,13,23.2,0,1,2,4,4
12,3,12,26.9,1,1,6,40,26
17,1,17,28.3,1,1,2,13,3
19,6,19,22.1,1,1,2,9,2
13,2,13,17.8,0,0,3,5,0
9,4,9,12.4,1,0,21,11,5
11,1,11,21.7,1,1,2,14,2
15,2,15,31.5,1,1,9,39,24
15,6,15,23.7,0,0,17,11,14
1,2,1,3.3,1,0,2,70,4
10,4,10,26.1,1,1,2,40,3
15,4,15,30.6,1,1,2,8,3
22,0,22,16.7,1,0,2,6,3
23,5,23,18.2,1,1,20,33,5
12,3,12,13.7,1,0,0,2,1
21,1,21,18.3,1,1,0,10,1
18,0,18,15.9,1,3,1,9,0
8,1,8,13.1,1,1,2,28,2
13,3,13,29.0,1,1,2,27,2
7,6,7,9.0,1,1,2,12,2
21,1,21,22.1,0,0,0,6,1
15,2,15,30.7,1,1,4,72,2
14,5,14,21.4,0,1,0,0,0
15,1,15,12.1,0,0,1,13,2
13,4,13,29.7,1,1,14,57,12
14,3,14,26.2,1,1,7,34,36
12,1,12,27.2,1,1,2,9,2
16,4,16,30.7,1,1,2,30,2
17,0,17,24.2,1,1,2,0,3
12,0,12,24.8,1,0,7,34,16
0,6,0,14.1,0,0,2,1,2
14,3,14,29.9,1,1,2,13,2
23,4,23,11.3,1,1,2,11,4
8,0,8,4.5,1,1,2,18,2
21,6,21,18.0,0,0,2,2,3
14,5,14,30.1,1,1,2,0,2
9,6,9,19.4,1,0,2,19,13
16,1,16,27.5,1,0,2,0,3
15,1,15,14.0,1,0,0,13,0
23,2,23,14.5,1,1,2,11,4
7,1,7,8.7,1,1,2,6,2
20,5,20,19.2,0,0,2,6,3
8,6,8,13.9,0,1,20,33,5
1,5,1,1.2,0,0,2,20,3
1,0,1,4.4,1,0,2,70,4
11,4,11,8.8,0,0,16,20,3
14,1,14,28.0,1,1,2,20,4
7,5,7,16.0,1,1,2,28,2
12,3,12,19.1,1,3,7,34,77
13,3,13,29.0,1,1,2,23,2
10,0,10,23.7,1,1,0,21,0
13,6,13,29.2,1,1,2,6,2
7,3,7,8.0,1,0,2,15,3
12,6,12,28.7,0,0,7,79,28
8,0,8,12.8,1,1,2,0,3
16,6,16,18.2,1,1,1,89,0
15,1,15,23.3,1,0,16,44,2
13,1,13,27.9,1,0,1,8,1
17,6,17,15.9,1,1,1,40,1
16,6,16,30.1,1,1,4,72,2
1,0,1,15.4,0,0,2,3,3
21,2,21,16.0,1,1,0,18,0
10,6,10,23.6,1,1,2,65,4
12,6,12,11.9,0,0,2,14,3
18,0,18,20.0,1,0,2,20,3
20,4,20,13.0,1,1,0,6,1
19,6,19,14.7,1,1,1,2,1
21,6,21,13.1,1,0,2,9,2
17,3,17,25.8,1,1,2,13,3
20,1,20,8.6,0,0,13,26,10
23,3,23,17.0,1,1,2,11,4
15,6,15,30.0,1,1,0,28,0
16,2,16,17.7,1,0,1,8,2
11,5,11,21.5,1,1,2,0,2
10,5,10,9.7,1,0,12,23,4
22,4,22,7.5,0,0,0,20,0
22,3,22,16.7,0,0,2,9,3
14,5,14,30.7,0,1,0,28,1
1,2,1,9.7,0,0,0,2,0
10,5,10,24.5,1,1,0,21,0
17,5,17,33.1,0,0,16,20,3
11,0,11,19.9,1,1,5,46,5
14,4,14,34.0,0,1,4,72,2
18,4,18,25.4,0,0,2,18,2
8,2,8,11.9,1,1,22,37,4
11,5,11,10.8,0,0,2,10,2
22,2,22,10.3,0,3,2,2,3
20,0,20,24.8,1,1,0,0,0
18,5,18,10.1,0,0,30,10,57
13,3,13,19.6,1,1,2,8,3
16,5,16,32.5,1,1,6,18,6
22,0,22,6.6,0,0,0,6,1
10,3,10,19.3,1,1,2,7,2
15,5,15,27.6,0,1,0,36,0
6,5,6,12.9,1,1,1,9,0
11,2,11,25.7,1,1,2,7,3
12,6,12,27.2,1,1,2,12,3
15,5,15,21.6,1,1,2,3,3
11,1,11,8.4,1,0,2,19,4
15,3,15,32.2,1,1,0,61,0
22,2,22,23.4,1,1,19,32,15
6,4,6,9.5,1,1,2,9,3
16,3,16,16.1,1,1,2,23,2
12,5,12,25.3,0,1,2,12,3
9,1,9,8.9,1,0,2,7,3
14,1,14,22.9,1,0,3,5,0
13,0,13,26.6,0,0,0,28,0
15,0,15,29.0,1,1,6,18,26
9,1,9,19.0,1,1,4,10,2
7,6,7,14.5,1,1,3,5,13
3,0,3,10.0,0,0,2,20,3
12,2,12,15.2,0,0,7,34,16
15,6,15,12.2,0,0,0,5,2
15,4,15,28.3,1,1,2,13,2
5,5,5,10.7,1,0,5,20,5
1,2,1,7.4,0,0,2,8,3
0,2,0,17.4,0,0,11,25,6
16,6,16,30.4,1,1,2,15,3
3,4,3,7.8,0,0,11,25,6
15,4,15,29.7,0,1,1,3,1
8,0,8,14.8,1,1,2,18,2
21,3,21,25.2,0,0,9,2,22
18,2,18,26.8,0,1,0,12,0
23,5,23,19.5,0,1,11,25,6
16,5,16,18.8,1,0,2,28,2
12,6,12,27.8,1,1,10,24,23
15,0,15,18.8,0,0,2,13,2
15,1,15,29.6,0,0,9,34,106
23,6,23,14.4,0,0,2,2,2
8,6,8,7.8,1,0,30,10,57
10,3,10,22.0,1,1,0,21,0
0,1,0,18.6,1,0,2,68,4
1,0,1,16.3,0,0,1,3,1
19,0,19,26.6,0,0,0,9,1
11,6,11,29.2,1,1,2,19,4
13,1,13,27.0,1,1,0,3,2
21,6,21,12.7,0,0,2,2,2
9,4,9,19.7,1,1,2,80,13
13,1,13,20.6,0,0,2,5,13
23,0,23,17.6,1,1,18,31,4
14,6,14,33.5,1,1,0,21,0
16,5,16,22.0,1,0,2,0,3
22,6,22,16.6,1,0,1,9,1
12,1,12,20.2,1,0,2,14,2
14,1,14,24.7,1,0,9,51,102
10,3,10,10.2,0,0,2,70,4
9,6,9,22.6,0,0,2,1,3
13,0,13,24.6,1,1,2,13,3
12,2,12,28.0,1,1,2,20,13
1,2,1,15.0,0,0,2,27,3
13,4,13,15.7,1,0,2,13,3
16,3,16,18.3,1,0,0,8,0
9,5,9,4.5,1,0,2,0,3
22,6,22,23.3,1,1,25,11,13
10,4,10,21.6,1,1,6,18,20
13,1,13,25.4,1,1,13,26,10
20,4,20,23.5,0,1,1,16,2
13,4,13,33.2,0,1,6,18,6
7,4,7,9.6,0,1,13,26,10
15,5,15,36.5,1,1,2,8,2
19,3,19,22.5,1,1,2,50,2
16,1,16,11.8,1,0,1,6,2
7,1,7,14.3,1,1,2,8,3
13,6,13,30.3,1,1,23,43,4
11,4,11,24.1,1,1,2,15,3
15,0,15,28.0,1,0,0,15,0
17,5,17,24.7,1,1,2,8,3
13,4,13,29.2,0,0,0,15,0
14,6,14,23.6,1,3,15,29,4
12,4,12,26.4,1,1,0,36,0
21,0,21,19.9,0,0,0,0,1
14,3,14,24.1,1,1,2,0,3
18,5,18,30.3,1,1,2,0,2
12,2,12,16.7,1,1,2,6,2
22,5,22,26.6,0,0,5,23,5
18,0,18,30.3,0,0,2,14,3
13,2,13,18.8,0,0,3,5,0
8,5,8,1.0,0,0,12,23,4
8,0,8,8.6,1,1,0,13,1
6,0,6,14.3,1,1,0,2,0
9,3,9,19.7,1,1,2,19,4
14,3,14,32.5,1,1,31,64,40
11,1,11,9.3,1,0,32,67,35
10,6,10,27.3,0,0,0,1,0
19,3,19,29.8,0,1,2,9,2
18,3,18,32.0,1,1,2,13,2
5,3,5,10.9,1,0,5,97,5
7,1,7,8.8,1,1,2,12,3
13,0,13,14.4,1,0,0,6,0
15,6,15,31.7,1,1,2,44,2
6,5,6,13.9,1,1,2,0,3
19,0,19,26.5,0,0,0,14,0
12,2,12,27.0,1,1,0,14,0
16,3,16,33.1,0,1,7,34,16
5,5,5,4.7,0,0,2,5,13
14,1,14,33.9,1,1,2,0,3
16,5,16,16.7,0,0,2,13,3
20,6,20,18.1,0,1,2,13,3
18,3,18,28.3,1,1,0,7,0
10,3,10,18.8,1,1,12,23,4
6,6,6,13.0,1,1,4,10,2
17,4,17,13.7,1,0,2,0,3
22,5,22,17.2,0,0,2,50,2
2,3,2,6.3,0,0,47,11,14
21,6,21,14.0,0,1,2,7,2
14,6,14,26.2,1,0,7,36,47
11,1,11,17.9,0,0,1,14,1
16,6,16,23.8,0,0,2,21,2
10,0,10,21.3,1,0,7,34,16
9,3,9,26.2,0,0,2,8,2
17,1,17,30.6,1,1,16,20,3
23,5,23,19.1,1,1,2,11,4
12,5,12,18.2,1,1,0,3,0
14,0,14,15.5,0,0,0,9,0
18,6,18,28.7,1,1,2,18,2
13,3,13,14.8,0,0,0,20,0
8,4,8,8.8,1,1,21,11,5
5,1,5,11.1,0,0,21,23,5
9,6,9,20.7,1,1,0,36,0
16,6,16,31.1,1,1,2,6,2
8,1,8,4.6,0,0,12,23,32
19,0,19,27.9,1,1,2,14,3
14,2,14,21.0,1,0,2,15,3
22,1,22,20.4,1,1,20,33,5
3,3,3,9.5,0,0,11,25,6
15,1,15,30.7,1,1,2,14,3
14,3,14,14.0,1,1,7,88,17
12,1,12,17.7,1,1,7,39,43
6,3,6,11.8,1,1,2,0,2
13,4,13,28.1,1,1,0,23,0
16,6,16,19.6,0,0,7,99,37
12,5,12,26.1,1,1,12,23,4
9,4,9,18.8,1,1,21,11,5
17,5,17,28.5,0,1,2,10,2
20,3,20,18.3,1,0,2,9,3
6,3,6,11.9,1,1,2,0,3
21,0,21,23.3,1,1,25,11,13
17,1,17,13.0,1,0,2,13,3
20,0,20,27.3,1,1,2,7,3
21,3,21,23.7,1,1,2,7,2
8,2,8,12.1,1,1,2,0,3
23,6,23,9.8,1,0,16,20,0
18,3,18,25.2,0,0,7,74,47
13,4,13,13.5,1,0,0,40,0
11,3,11,23.0,1,1,2,11,4
22,3,22,16.3,0,0,1,8,1
11,5,11,27.4,1,1,2,9,3
15,4,15,28.5,1,1,0,28,0
11,1,11,23.2,1,1,0,6,0
12,3,12,19.0,0,0,2,7,3
12,5,12,25.9,1,1,2,9,3
12,1,12,24.7,1,1,10,24,10
14,0,14,22.3,0,0,0,28,0
12,0,12,14.1,0,3,7,34,16
10,6,10,9.9,1,0,2,15,2
7,5,7,11.2,1,1,2,12,3
14,5,14,30.6,1,1,6,18,6
16,0,16,31.2,1,1,2,20,3
7,4,7,15.2,1,1,0,12,0
18,2,18,23.9,1,1,2,13,3
15,3,15,18.7,1,0,23,43,4
15,6,15,30.1,1,1,2,52,2
9,2,9,21.0,1,1,4,10,2
20,5,20,14.5,1,1,2,10,3
14,5,14,14.9,0,0,1,20,1
13,2,13,19.0,1,1,2,14,3
14,5,14,15.6,0,0,0,10,1
16,1,16,29.1,0,1,0,9,1
21,0,21,17.9,0,1,2,9,3
19,1,19,11.3,1,0,2,26,4
16,5,16,36.1,1,1,0,14,0
4,2,4,12.2,1,0,2,9,2
14,4,14,17.6,0,0,2,4,4
21,5,21,22.9,0,1,2,23,2
7,4,7,14.7,1,1,2,9,3
11,4,11,28.3,1,1,2,9,2
18,1,18,31.9,1,1,17,11,18
11,0,11,18.8,1,0,0,9,1
7,2,7,12.8,1,1,0,15,0
11,2,11,13.2,1,0,2,14,3
16,5,16,22.1,1,1,2,1,3
8,4,8,16.9,0,3,2,7,2
16,0,16,29.0,1,0,3,5,0
19,1,19,6.6,1,0,0,15,0
17,1,17,30.4,1,1,2,5,13
11,5,11,25.0,0,1,2,28,2
10,1,10,8.2,1,0,2,0,3
23,5,23,20.6,0,1,3,5,15
21,0,21,17.5,0,1,2,7,3
22,0,22,13.2,0,0,5,127,5
21,1,21,23.3,1,1,2,10,2
13,4,13,32.0,1,1,1,9,0
11,6,11,22.3,1,1,14,57,12
23,0,23,23.9,1,1,1,0,0
16,6,16,29.3,0,1,0,5,2
21,1,21,22.4,0,1,2,20,3
11,3,11,22.5,1,1,32,117,35
5,0,5,14.3,0,0,17,20,18
6,2,6,13.5,0,0,16,20,3
15,1,15,19.9,1,0,3,5,0
7,0,7,10.6,1,1,2,12,2
16,0,16,29.8,0,0,2,0,2
12,5,12,28.4,1,0,2,13,3
15,3,15,26.0,0,0,7,34,16
19,2,19,26.2,1,1,2,9,3
12,2,12,23.8,1,1,2,3,3
21,4,21,23.3,1,1,2,26,4
15,4,15,28.9,1,1,2,3,3
17,5,17,26.7,0,0,4,10,2
3,2,3,17.0,1,0,7,9,30
13,5,13,27.6,0,0,2,27,3
14,1,14,23.6,0,1,1,14,1
16,0,16,31.9,1,0,0,13,0
14,6,14,29.3,1,1,2,12,3
7,3,7,12.7,1,1,5,11,5
18,5,18,30.4,0,0,0,21,0
10,2,10,21.8,1,1,2,27,2
9,5,9,12.6,1,1,2,9,2
16,6,16,30.3,1,0,7,109,17
0,0,0,13.2,0,0,2,40,2
12,3,12,26.1,1,1,2,15,3
19,1,19,26.5,1,1,0,18,0
11,5,11,24.8,1,1,2,20,3
7,5,7,-0.6,1,0,2,13,3
10,4,10,20.6,0,0,9,39,17
15,2,15,33.7,1,1,4,72,2
10,4,10,27.3,1,1,2,40,2
11,3,11,30.3,1,1,2,40,3
21,4,21,19.3,1,1,14,57,12
14,5,14,28.5,1,1,1,10,1
9,4,9,13.3,1,1,21,11,5
15,0,15,28.7,1,1,5,11,5
9,2,9,23.6,1,1,1,17,0
13,2,13,27.8,1,1,2,6,3
18,2,18,17.8,1,1,2,9,2
2,3,2,17.4,0,0,1,3,1
18,4,18,32.9,1,1,2,13,3
10,0,10,21.7,1,1,21,11,5
0,3,0,18.3,0,0,2,8,2
22,2,22,25.5,1,1,25,11,13
21,6,21,16.1,1,0,2,26,4
10,4,10,22.0,0,0,7,54,28
14,5,14,33.2,1,1,1,2,0
15,0,15,33.2,1,1,2,10,2
14,1,14,13.6,0,0,1,20,1
14,1,14,26.2,1,1,2,13,3
12,4,12,13.0,1,0,0,9,1
16,3,16,24.1,0,0,2,8,3
13,2,13,15.6,1,0,1,2,0
13,4,13,15.0,1,1,0,14,0
11,0,11,8.2,1,0,2,9,3
18,2,18,23.4,1,0,4,10,4
19,4,19,27.2,1,1,0,15,0
13,3,13,28.5,1,1,2,14,2
7,0,7,12.4,1,1,1,13,2
18,0,18,16.6,1,3,0,14,0
0,5,0,18.7,0,1,7,110,43
13,6,13,28.2,0,1,2,23,2
13,2,13,12.1,0,0,4,72,2
18,1,18,30.1,1,1,2,18,2
23,2,23,16.1,1,1,13,53,8
20,4,20,21.2,1,1,1,9,2
16,3,16,29.1,1,1,31,64,40
1,6,1,17.8,1,0,0,10,1
19,3,19,19.7,1,1,2,0,2
6,1,6,9.4,1,1,2,10,2
14,0,14,26.9,1,0,2,10,2
12,2,12,26.7,1,1,7,39,28
13,3,13,28.4,1,1,2,6,3
20,5,20,23.5,1,0,7,69,17
9,0,9,14.8,1,0,0,9,1
22,4,22,26.2,0,1,0,28,0
19,0,19,11.8,0,0,0,12,1
6,1,6,12.5,1,1,4,10,2
13,0,13,17.5,1,0,7,34,16
10,0,10,15.3,1,1,2,15,3
23,3,23,14.1,1,1,18,31,13
17,1,17,11.5,0,0,2,18,2
13,5,13,13.7,1,0,0,23,0
20,2,20,18.8,1,1,2,9,3
3,6,3,4.3,0,0,17,3,14
11,5,11,8.9,1,0,13,26,10
13,6,13,29.1,1,1,13,26,10
21,3,21,21.0,1,1,0,9,0
15,5,15,17.2,0,0,0,36,0
15,6,15,29.7,1,1,0,40,0
14,4,14,24.0,0,1,2,9,3
6,6,6,12.1,1,1,2,6,3
10,6,10,21.4,1,1,0,21,0
13,4,13,16.5,1,0,5,11,5
17,5,17,28.3,1,1,2,7,2
7,3,7,7.7,1,1,2,9,2
20,4,20,24.5,1,1,1,18,2
12,6,12,24.2,0,0,2,1,2
16,1,16,14.2,0,0,2,14,3
3,4,3,10.0,0,0,11,25,6
20,4,20,23.2,1,0,0,18,0
16,0,16,21.1,1,0,5,23,5
5,1,5,15.9,0,0,11,25,11
18,2,18,29.2,1,1,16,20,3
19,0,19,24.9,0,1,2,30,2
18,3,18,26.4,1,1,0,27,0
21,0,21,20.7,0,0,18,31,4
17,6,17,19.9,0,0,0,40,0
9,2,9,18.5,1,1,0,8,0
10,5,10,19.5,1,1,7,2,42
6,4,6,12.8,0,0,11,25,11
13,5,13,20.1,1,0,7,69,17
9,4,9,18.3,1,1,31,15,40
17,5,17,19.8,1,1,2,14,3
9,1,9,9.5,0,0,0,2,0
11,6,11,16.6,1,1,2,14,3
9,4,9,14.7,1,1,31,7,40
10,1,10,8.4,1,0,2,9,3
20,2,20,23.3,1,1,2,20,0
12,0,12,14.8,0,0,0,6,0
21,5,21,11.4,1,0,0,0,1
11,2,11,15.2,1,3,7,82,28
13,6,13,15.6,0,0,4,72,2
18,0,18,26.5,0,1,2,13,2
21,0,21,21.5,1,1,2,23,2
9,5,9,19.2,1,1,0,16,0
10,3,10,22.7,1,1,0,0,0
11,6,11,29.4,1,0,2,7,3
18,6,18,26.6,1,1,2,13,3
14,6,14,20.2,0,0,0,28,0
19,1,19,25.5,1,1,1,18,0
8,2,8,13.4,1,1,2,23,3
19,2,19,8.9,1,0,2,26,4
12,5,12,27.0,1,1,10,24,23
14,3,14,27.5,1,0,31,64,34
17,2,17,18.4,0,1,2,13,2
10,2,10,20.9,0,0,15,29,4
19,4,19,33.8,1,1,0,15,0
19,6,19,24.5,0,1,2,12,3
16,6,16,30.5,1,1,2,2,3
10,0,10,21.8,1,1,1,17,0
11,3,11,25.8,1,1,2,14,3
11,4,11,23.5,1,1,2,6,3
12,1,12,29.5,1,1,0,3,2
8,4,8,15.6,1,1,2,9,3
9,6,9,16.8,0,0,2,6,3
7,5,7,4.4,1,0,2,8,3
8,4,8,16.7,1,1,2,14,2
23,5,23,13.1,0,0,9,6,58
6,1,6,8.9,1,0,2,2,3
8,2,8,20.4,1,1,2,12,3
12,4,12,29.5,1,0,7,90,51
7,6,7,13.3,1,1,2,12,3
7,0,7,15.0,1,1,4,10,2
9,5,9,14.9,1,0,2,80,4
11,6,11,29.1,0,1,20,33,5
3,6,3,11.5,0,0,11,25,6
21,1,21,21.4,1,1,4,10,2
14,4,14,17.5,1,0,2,50,3
22,4,22,17.7,0,1,0,3,0
18,2,18,19.9,0,0,0,9,0
21,1,21,20.2,1,0,0,10,1
16,2,16,18.7,1,1,2,8,3
11,2,11,13.0,0,0,2,8,2
10,4,10,19.0,0,1,2,2,3
16,6,16,30.7,1,1,0,10,0
11,6,11,27.4,1,1,0,28,0
9,2,9,12.2,1,1,0,0,0
14,6,14,32.0,1,1,7,6,46
0,4,0,14.6,0,0,2,18,2
18,5,18,27.5,0,0,2,0,2
11,0,11,14.4,0,0,2,15,3
17,5,17,19.0,1,0,2,9,3
23,5,23,21.8,1,1,26,47,10
14,6,14,30.3,1,1,5,11,5
5,4,5,3.7,0,0,21,23,5
12,5,12,12.1,0,0,2,9,2
13,0,13,34.1,0,0,1,6,0
19,3,19,30.2,1,1,1,18,0
23,4,23,10.2,1,1,8,5,8
16,0,16,26.8,1,1,5,5,5
19,5,19,23.9,1,0,2,0,3
20,4,20,24.0,0,0,13,53,8
13,1,13,26.0,1,1,0,23,0
17,6,17,14.2,1,0,0,14,0
9,4,9,15.8,1,1,0,10,0
3,0,3,7.8,1,0,34,10,12
21,3,21,9.4,0,0,2,14,3
5,3,5,7.8,0,0,16,20,0
10,1,10,27.0,0,0,1,18,0
9,5,9,14.6,1,1,21,25,5
0,5,0,14.2,0,0,0,8,0
18,6,18,32.8,1,1,9,21,19
23,3,23,14.3,0,0,1,89,2
11,5,11,25.1,0,1,2,36,2
7,3,7,7.5,1,1,2,12,3
18,5,18,30.5,1,1,0,40,0
10,1,10,19.7,1,0,3,5,13
16,1,16,25.7,0,0,7,34,16
6,6,6,15.6,1,1,3,49,15
6,6,6,-0.4,0,0,2,48,4
22,4,22,22.0,1,1,1,0,0
5,2,5,6.3,0,0,2,11,4
13,2,13,18.5,1,0,6,18,20
11,5,11,22.0,1,1,2,9,2
21,6,21,22.6,1,1,1,9,1
9,6,9,8.0,1,0,7,2,17
8,2,8,15.8,0,0,2,6,2
17,4,17,28.8,0,0,2,27,2
18,5,18,8.0,0,0,2,2,3
7,0,7,0.6,0,0,25,11,13
14,3,14,30.7,1,1,2,10,2
20,3,20,19.6,1,0,2,14,3
16,5,16,32.6,1,1,2,8,3
19,3,19,23.8,0,1,2,16,2
23,1,23,15.0,1,1,2,48,13
11,5,11,21.5,1,1,0,9,0
5,2,5,12.8,1,0,1,20,0
22,3,22,8.6,0,0,3,5,0
13,0,13,32.5,0,0,9,67,54
11,1,11,24.1,1,1,0,9,0
22,2,22,20.0,1,1,19,32,15
17,3,17,14.4,1,0,7,34,16
6,6,6,16.3,1,1,4,10,2
9,5,9,18.7,1,1,0,14,0
9,6,9,19.0,1,1,2,31,13
7,0,7,13.5,1,1,2,12,3
18,1,18,12.6,0,0,0,13,0
16,4,16,18.9,1,0,2,23,3
0,5,0,2.3,1,0,11,25,6
10,4,10,9.2,1,0,2,13,3
10,6,10,9.8,0,0,2,1,3
10,6,10,21.5,1,1,1,17,0
13,6,13,33.0,1,1,2,14,3
20,0,20,21.3,0,1,0,9,0
9,6,9,18.9,1,1,2,16,2
8,3,8,20.0,1,1,2,3,2
13,0,13,22.9,0,1,1,8,1
3,3,3,15.1,1,0,11,25,11
12,3,12,11.1,0,0,2,20,13
5,5,5,3.7,1,0,2,3,3
21,2,21,26.9,1,1,2,7,3
14,1,14,22.0,1,0,0,21,0
8,2,8,15.5,1,1,0,15,0
14,3,14,30.2,1,1,2,10,2
9,3,9,15.4,1,1,2,19,4
9,4,9,12.1,1,1,5,10,5
10,5,10,6.5,1,0,2,15,3
5,2,5,12.0,1,0,2,2,3
18,3,18,27.4,1,1,2,18,2
1,2,1,16.1,0,0,0,1,1
11,4,11,10.1,0,0,17,20,18
10,0,10,20.3,1,1,2,16,2
20,6,20,16.2,0,0,2,20,13
13,1,13,25.4,1,1,10,24,23
15,3,15,34.3,1,1,16,44,2
21,1,21,21.8,1,1,1,23,0
17,2,17,17.5,1,0,0,2,1
18,3,18,27.4,1,1,0,14,0
13,5,13,15.7,0,1,9,63,28
23,2,23,17.7,0,1,2,7,2
15,6,15,33.8,1,1,0,61,0
9,4,9,19.5,1,1,2,14,3
10,2,10,9.9,0,0,2,15,2
12,0,12,25.4,0,0,87,59,17
12,0,12,10.6,1,0,2,14,3
23,0,23,21.0,0,0,16,20,3
9,0,9,22.2,0,0,0,1,0
9,3,9,15.0,0,1,0,6,0
6,4,6,10.7,1,1,16,20,3
17,4,17,26.9,1,3,7,63,28
11,0,11,27.8,1,1,2,0,3
20,1,20,19.3,1,1,0,1,0
13,0,13,24.0,1,0,1,18,0
6,5,6,12.7,1,0,4,10,2
19,2,19,17.4,0,0,2,39,13
0,6,0,22.2,1,0,25,62,13
15,6,15,13.2,0,0,2,13,3
7,0,7,4.0,0,0,26,47,10
8,0,8,16.3,1,0,7,34,16
14,6,14,18.2,1,0,2,14,3
11,3,11,11.8,0,0,2,70,4
19,3,19,23.4,0,1,2,0,2
7,0,7,10.0,1,1,2,23,3
14,5,14,26.8,1,0,1,10,1
21,0,21,23.5,1,1,2,2,2
7,3,7,0.4,0,0,5,11,5
9,3,9,19.4,1,1,5,23,5
21,3,21,24.3,1,1,2,7,3
13,5,13,26.4,1,1,2,21,2
7,4,7,12.7,1,1,3,5,13
17,5,17,26.9,1,1,2,14,3
5,0,5,8.3,0,0,4,10,2
14,0,14,34.2,1,1,2,10,2
2,6,2,6.2,0,0,11,25,6
10,2,10,26.2,1,1,2,8,3
5,2,5,2.6,1,0,2,3,3
22,0,22,16.0,0,1,2,8,2
13,3,13,13.7,0,0,0,10,1
17,0,17,13.5,0,0,2,31,13
4,2,4,13.9,0,2,1,5,0
23,4,23,21.4,0,1,1,8,2
12,1,12,9.4,0,0,2,27,3
16,2,16,18.6,1,1,1,8,0
18,2,18,26.8,1,1,2,15,3
19,1,19,32.2,1,1,1,18,0
12,5,12,26.8,1,1,2,20,3
18,5,18,29.2,1,1,4,10,4
6,6,6,11.1,1,1,2,7,3
10,0,10,24.4,1,1,2,15,2
22,1,22,20.0,1,1,0,10,1
23,4,23,21.0,1,1,0,20,0
12,2,12,26.5,1,1,2,23,2
8,6,8,19.7,1,1,2,13,3
18,6,18,28.5,1,1,2,13,3
16,2,16,21.8,1,3,9,39,28
8,4,8,5.8,1,0,8,11,8
22,4,22,25.5,1,1,6,18,6
6,3,6,12.8,1,1,2,0,3
9,4,9,21.4,0,0,2,8,3
21,0,21,15.1,0,0,4,10,5
16,1,16,24.9,1,0,1,8,0
15,5,15,19.5,1,1,0,6,0
16,0,16,34.8,1,1,2,20,13
23,5,23,14.8,1,1,2,31,13
11,6,11,26.5,1,1,0,15,0
6,4,6,10.0,1,1,2,77,2
23,5,23,7.6,0,0,0,10,0
18,3,18,26.9,0,1,1,44,1
12,4,12,28.1,0,0,2,14,2
16,3,16,25.1,0,0,0,14,0
21,5,21,7.9,1,0,25,11,13
17,3,17,32.7,1,1,2,9,3
18,2,18,11.3,0,0,2,8,2
7,2,7,12.8,1,1,2,12,2
18,3,18,10.6,0,0,31,64,33
7,3,7,13.4,1,1,2,13,2
11,1,11,27.2,1,1,1,13,1
21,0,21,17.0,0,1,0,0,1
14,1,14,11.1,0,0,1,20,1
15,4,15,26.9,0,1,0,13,1
23,1,23,7.9,1,0,1,2,0
6,1,6,12.0,1,1,2,6,3
23,1,23,19.2,1,1,26,47,10
23,4,23,5.9,0,0,2,27,2
18,4,18,16.7,0,0,2,27,2
21,3,21,22.8,1,1,25,11,13
14,3,14,33.6,0,1,47,23,14
16,2,16,30.0,1,1,2,20,13
15,0,15,34.7,1,1,0,40,0
19,5,19,22.2,0,0,0,9,1
11,5,11,25.6,1,1,0,9,0
18,3,18,17.1,1,0,1,6,0
14,0,14,34.5,1,1,6,18,6
15,5,15,30.2,1,0,16,20,3
15,5,15,19.3,0,0,2,21,2
12,0,12,32.3,1,1,2,20,3
14,4,14,29.2,1,1,15,29,4
7,0,7,2.5,1,3,7,34,16
13,4,13,33.5,1,1,9,75,19
13,6,13,30.2,1,1,11,25,6
15,0,15,30.6,1,1,2,15,2
9,6,9,24.9,1,1,2,9,2
3,4,3,11.7,0,0,11,25,6
6,0,6,4.1,0,0,2,23,3
8,6,8,18.4,1,1,2,18,2
11,2,11,17.6,1,1,12,23,4
21,0,21,17.1,0,0,19,32,15
21,6,21,23.8,0,0,2,23,2
14,5,14,19.6,1,0,2,10,3
22,4,22,20.4,1,1,25,11,13
21,4,21,20.2,1,1,0,0,0
15,1,15,30.0,1,1,1,2,2
7,2,7,14.1,0,1,22,37,4
16,6,16,26.6,1,0,2,15,3
7,0,7,12.8,1,1,2,6,2
16,0,16,26.5,1,1,9,41,19
19,0,19,27.5,0,0,2,26,4
12,1,12,25.0,1,1,2,23,2
10,2,10,20.8,1,1,2,10,2
4,6,4,5.6,1,0,11,25,6
20,2,20,23.8,0,0,2,30,2
17,6,17,13.9,0,0,2,20,3
17,1,17,18.7,1,0,7,39,66
11,6,11,17.8,1,1,7,36,19
19,3,19,25.6,1,1,0,6,0
0,3,0,11.5,0,0,1,2,0
21,4,21,19.8,1,1,26,47,10
17,0,17,34.1,1,1,2,0,2
10,6,10,25.1,1,1,1,6,0
19,2,19,22.0,1,1,0,18,0
7,6,7,11.1,1,1,2,2,3
21,3,21,11.0,0,0,0,40,0
16,5,16,35.5,0,0,2,8,3
13,6,13,15.3,0,0,2,14,2
10,1,10,23.3,0,1,2,8,3
20,4,20,20.0,1,0,0,18,0
17,5,17,32.2,1,1,2,7,2
0,3,0,11.2,0,0,0,8,0
13,2,13,11.5,0,0,0,3,1
16,1,16,25.2,1,0,1,8,0
22,5,22,23.1,1,1,25,11,13
17,6,17,30.2,1,1,1,60,0
6,5,6,15.2,1,1,0,10,1
21,5,21,25.2,0,1,2,44,2
10,2,10,23.5,1,1,2,10,3
18,1,18,22.3,1,0,2,14,3
16,5,16,13.1,1,0,2,0,3
21,0,21,20.4,1,1,2,10,2
20,5,20,9.9,1,0,2,1,3
13,5,13,29.4,0,0,16,134,3
17,1,17,16.5,0,1,2,13,3
17,6,17,27.5,1,1,1,0,0
17,2,17,13.7,1,0,0,14,0
15,3,15,25.1,1,1,2,8,3
7,3,7,15.8,1,1,1,8,0
19,3,19,25.8,1,1,2,20,2
3,1,3,11.6,1,0,16,20,2
17,5,17,32.0,1,1,2,15,3
9,6,9,12.7,1,1,0,9,0
22,0,22,21.2,1,1,25,62,13
16,5,16,14.2,0,0,4,10,2
15,2,15,19.3,0,1,1,3,0
18,5,18,31.0,1,1,2,23,2
19,4,19,22.5,0,0,2,6,3
13,1,13,28.6,1,1,2,13,3
12,5,12,21.1,1,1,13,26,10
11,6,11,12.2,0,0,0,15,0
14,4,14,31.6,1,1,12,23,23
6,2,6,11.3,1,1,1,20,0
8,6,8,20.6,1,1,0,9,0
17,2,17,17.3,0,0,2,7,3
16,6,16,30.4,1,1,2,20,2
19,5,19,29.6,1,1,0,18,2
14,0,14,19.8,0,0,2,13,3
20,4,20,9.1,1,0,2,10,2
22,6,22,7.1,1,0,2,7,3
19,2,19,5.7,0,0,11,25,11
12,6,12,27.8,1,1,11,25,11
14,2,14,15.6,0,1,7,34,16
10,1,10,22.9,1,1,2,40,2
13,2,13,31.5,1,1,2,8,3
15,0,15,26.1,1,1,2,10,3
11,0,11,16.7,1,1,2,14,3
21,6,21,18.2,1,1,1,18,0
11,6,11,9.9,0,0,2,6,2
15,3,15,11.6,0,0,1,3,1
3,4,3,16.8,1,0,8,5,8
18,3,18,27.3,1,1,0,1,0
13,5,13,15.4,0,0,2,0,3
8,3,8,21.9,1,0,2,14,2
10,4,10,23.3,1,3,7,79,28
7,3,7,2.1,0,0,2,48,13
12,0,12,25.6,1,1,8,5,8
8,1,8,17.3,1,1,1,8,1
7,2,7,12.8,1,0,2,28,2
11,1,11,9.8,0,0,2,15,3
12,1,12,21.2,1,1,0,6,0
10,6,10,10.9,1,0,2,0,3
7,1,7,13.4,1,1,16,20,3
17,3,17,24.1,1,1,7,15,37
15,5,15,20.3,1,0,2,20,3
8,4,8,18.8,1,1,2,18,2
9,1,9,21.9,1,1,9,115,9
16,6,16,25.7,1,1,2,15,2
1,0,1,8.9,0,0,0,1,1
12,5,12,23.0,1,1,2,28,2
17,5,17,31.0,1,1,2,6,3
14,3,14,30.7,1,1,31,64,40
9,3,9,19.8,1,0,2,20,3
12,6,12,27.0,0,0,31,7,33
6,1,6,15.6,1,1,2,0,3
12,2,12,28.1,1,1,12,23,4
21,3,21,19.0,0,0,6,18,21
20,3,20,19.7,0,0,11,25,11
5,2,5,14.6,1,0,2,1,2
20,6,20,18.8,0,0,2,2,3
8,6,8,0.1,1,0,1,9,1
15,0,15,14.8,0,0,17,20,18
19,3,19,23.3,1,1,2,20,2
11,4,11,17.1,0,0,0,14,0
18,1,18,30.3,1,1,0,13,1
11,4,11,23.5,0,0,0,18,0
16,5,16,35.6,1,1,6,18,6
6,5,6,13.6,1,1,2,0,3
9,2,9,5.0,1,0,0,0,0
14,1,14,30.2,0,1,4,10,5
11,3,11,25.2,1,1,2,13,3
18,2,18,30.6,0,0,0,14,0
8,1,8,16.9,0,1,2,9,2
13,5,13,14.3,0,0,2,5,13
19,3,19,25.5,0,1,0,61,0
11,6,11,10.1,1,0,2,11,4
13,3,13,29.4,1,1,13,26,10
2,5,2,7.3,0,0,2,8,3
11,3,11,10.8,0,0,0,14,0
8,0,8,15.5,1,1,0,9,0
13,3,13,11.9,0,0,1,89,1
11,0,11,29.0,1,1,0,36,0
20,5,20,23.0,1,0,0,20,0
15,4,15,12.6,1,0,0,13,0
16,3,16,30.7,1,1,1,0,0
12,1,12,11.1,0,0,2,0,2
18,4,18,32.9,0,0,2,15,2
15,3,15,30.4,1,1,2,58,2
21,5,21,10.5,1,0,13,53,8
19,2,19,11.4,0,0,1,2,1
11,0,11,26.8,1,1,9,105,9
15,1,15,34.8,1,1,2,8,2
16,2,16,19.7,1,0,2,23,3
10,2,10,24.9,1,1,1,17,0
13,6,13,30.1,1,1,0,23,2
15,4,15,31.3,1,1,9,106,9
1,2,1,12.6,1,0,11,25,6
13,3,13,33.3,1,1,2,14,2
5,3,5,11.1,1,0,11,25,6
11,2,11,24.7,0,0,1,6,0
23,0,23,7.4,0,0,11,25,6
20,3,20,20.7,1,0,1,2,0
17,3,17,15.7,0,0,2,31,13
14,2,14,27.9,1,1,1,0,0
12,4,12,12.2,1,3,7,39,80
21,6,21,8.7,1,0,36,5,12
13,4,13,30.5,1,1,2,20,15
9,3,9,17.4,0,0,14,20,12
11,4,11,16.6,1,0,7,39,7
21,3,21,25.2,1,1,2,7,3
6,6,6,11.3,0,1,2,68,4
4,3,4,16.0,1,0,0,6,0
10,2,10,18.7,1,1,0,2,0
7,5,7,14.1,1,1,2,16,2
12,6,12,28.6,1,1,2,12,2
21,1,21,21.0,0,0,19,32,15
15,2,15,30.2,1,1,2,3,3
18,5,18,29.1,0,0,2,2,2
12,1,12,26.4,1,1,10,24,23
18,1,18,22.0,1,0,16,3,2
6,2,6,8.8,0,0,25,11,13
12,4,12,24.3,1,1,2,3,3
16,5,16,24.3,1,0,2,3,3
12,3,12,20.5,1,0,2,0,3
20,2,20,10.6,0,0,2,6,3
3,1,3,10.8,0,0,2,8,3
8,1,8,16.1,1,1,2,0,3
7,0,7,13.1,1,1,2,0,2
15,4,15,20.4,1,0,7,79,28
15,1,15,19.6,1,0,2,2,2
12,1,12,30.5,1,1,2,13,2
20,4,20,20.4,1,1,2,1,3
15,1,15,13.1,1,0,43,39,59
12,1,12,17.1,0,0,2,10,4
16,1,16,11.2,0,0,2,2,3
8,6,8,10.0,1,1,2,44,2
9,3,9,17.0,1,1,2,6,3
13,2,13,19.2,0,0,1,27,1
9,4,9,19.3,1,1,5,96,5
6,1,6,15.4,1,1,2,6,3
12,6,12,28.8,1,1,2,20,3
11,6,11,27.0,1,1,6,40,26
22,0,22,23.9,0,1,0,6,0
20,4,20,22.0,0,0,2,30,3
17,3,17,11.9,1,0,0,27,1
17,6,17,15.3,1,0,1,89,1
13,3,13,28.8,1,1,2,12,3
7,2,7,14.0,1,1,16,20,3
12,4,12,15.0,0,0,2,14,2
19,5,19,33.4,0,1,1,13,2
10,4,10,27.6,1,1,2,0,3
8,1,8,19.3,1,1,2,3,2
15,2,15,30.2,1,1,2,10,2
10,3,10,18.6,0,1,2,9,2
17,6,17,14.6,1,0,16,3,3
14,6,14,28.9,1,1,2,14,2
8,3,8,16.1,1,1,0,9,0
10,3,10,9.5,0,0,2,1,3
10,0,10,22.3,0,1,10,24,23
18,1,18,22.4,1,1,2,13,2
16,0,16,31.2,1,1,14,11,12
15,4,15,27.8,1,1,3,5,0
21,6,21,25.7,1,1,0,10,1
8,1,8,17.9,1,1,2,18,2
19,1,19,12.5,0,0,2,30,3
15,0,15,28.0,0,0,0,13,1
21,2,21,24.3,0,1,2,0,2
4,2,4,8.8,1,0,2,2,3
12,3,12,11.1,0,0,2,23,3
1,6,1,18.1,0,0,0,1,0
12,3,12,28.6,0,1,1,0,0
22,5,22,18.5,1,0,13,53,8
22,1,22,21.8,1,1,6,18,21
6,6,6,10.8,1,0,2,27,3
7,2,7,6.8,1,1,2,13,2
10,1,10,22.6,0,1,0,15,0
3,5,3,12.3,1,0,17,11,14
20,2,20,16.5,1,1,0,0,0
7,2,7,13.6,0,0,2,11,13
13,3,13,28.3,1,1,0,14,0
6,1,6,11.8,1,1,0,10,1
19,6,19,26.7,1,1,2,9,2
17,4,17,29.9,0,1,2,10,3
11,2,11,27.6,1,1,0,9,0
15,5,15,21.5,0,0,0,0,1
18,1,18,31.0,1,1,2,14,3
19,4,19,19.1,1,1,2,26,4
12,4,12,24.3,1,1,12,23,4
14,3,14,25.9,1,1,2,36,2
13,0,13,29.2,0,0,2,18,2
15,2,15,30.7,1,1,2,2,2
12,2,12,24.0,1,1,12,23,4
13,1,13,26.9,1,1,16,20,2
11,1,11,8.0,1,0,2,14,2
16,1,16,30.1,1,1,2,18,2
9,1,9,22.6,0,1,2,8,2
15,6,15,20.8,0,1,9,99,96
4,2,4,10.5,1,0,2,7,2
6,5,6,12.9,0,0,1,0,0
15,1,15,14.1,0,0,2,0,3
17,2,17,33.7,1,1,2,2,3
16,2,16,26.3,0,0,2,15,2
7,5,7,14.6,1,1,1,0,0
14,5,14,28.4,1,1,0,61,0
8,4,8,16.4,1,1,0,13,0
19,1,19,18.2,1,0,0,18,0
13,5,13,27.1,1,1,15,29,4
5,3,5,6.1,1,0,2,2,3
13,3,13,30.4,1,1,0,27,0
14,6,14,30.8,1,1,2,12,3
23,6,23,20.2,0,0,1,2,0
21,2,21,28.6,1,1,4,10,2
6,6,6,13.6,1,1,1,20,1
1,6,1,6.5,0,0,2,0,2
20,6,20,23.0,0,1,18,31,4
16,2,16,36.6,1,1,4,72,2
0,4,0,19.0,0,0,2,20,13
11,0,11,22.5,1,0,0,61,0
12,0,12,18.6,1,1,2,8,3
12,3,12,8.9,0,0,16,134,0
15,0,15,27.7,0,0,2,21,2
16,4,16,31.1,0,1,1,14,0
16,1,16,30.2,1,1,9,41,25
6,5,6,7.6,1,1,3,5,13
18,3,18,10.3,0,0,31,64,33
1,5,1,14.4,0,0,77,23,5
12,2,12,25.9,1,1,2,13,2
1,1,1,15.3,1,0,11,25,6
13,0,13,29.1,1,1,2,27,2
23,5,23,23.6,1,0,1,2,0
14,3,14,32.8,0,1,2,14,3
12,6,12,27.0,0,0,0,8,1
15,4,15,29.7,0,1,1,36,0
10,5,10,22.4,0,0,2,21,2
7,1,7,10.9,1,1,2,9,2
13,4,13,31.7,1,1,0,9,0
10,5,10,22.6,1,0,0,9,0
7,5,7,16.8,1,1,4,10,2
18,2,18,30.5,0,0,9,41,22
21,5,21,18.2,0,1,2,13,2
20,4,20,13.1,1,1,2,10,2
18,5,18,32.9,1,1,0,40,0
22,2,22,15.8,0,0,6,18,6
18,6,18,26.0,1,1,16,3,2
10,6,10,12.9,0,0,15,29,4
17,4,17,31.4,1,1,17,11,18
17,6,17,29.8,1,1,13,26,10
22,0,22,20.5,0,1,0,0,1
15,5,15,24.4,0,0,2,13,3
12,6,12,28.9,1,1,12,23,4
12,0,12,26.2,1,0,7,34,16
15,2,15,22.1,1,0,16,44,2
2,1,2,12.2,1,0,11,25,11
7,2,7,7.1,1,1,5,11,5
17,6,17,29.1,1,1,28,46,14
14,3,14,32.2,1,1,0,21,0
11,2,11,22.5,1,1,2,7,3
14,6,14,30.3,1,1,23,43,4
21,2,21,21.3,0,0,2,19,4
2,4,2,10.1,0,0,2,1,3
16,1,16,28.6,1,1,1,14,0
12,5,12,17.5,0,0,0,27,0
8,0,8,8.9,0,1,2,9,3
15,3,15,26.6,1,1,1,9,0
21,6,21,22.3,1,1,1,0,0
20,6,20,23.6,0,0,1,5,0
18,5,18,21.6,1,0,1,18,0
11,2,11,13.4,1,0,2,13,2
8,1,8,15.7,0,0,25,11,23
9,3,9,19.8,1,1,2,31,13
19,6,19,15.4,1,1,0,18,0
20,3,20,22.0,0,0,2,6,3
15,6,15,17.4,0,0,70,67,77
6,5,6,13.7,1,1,2,9,2
14,6,14,15.0,0,0,0,3,1
13,3,13,29.8,1,0,10,24,10
14,3,14,26.4,1,0,7,34,16
16,6,16,18.0,1,1,2,20,2
7,4,7,13.0,1,1,4,10,2
8,1,8,20.0,1,1,2,14,2
10,5,10,24.5,0,0,0,8,0
10,5,10,4.9,0,0,12,23,4
23,0,23,19.7,1,0,7,15,17
17,3,17,25.0,1,1,4,10,2
10,1,10,25.1,1,1,2,40,3
17,1,17,15.8,0,0,2,18,2
22,4,22,11.6,1,1,19,32,15
12,0,12,18.3,1,1,10,24,10
9,4,9,21.9,1,1,2,19,4
3,3,3,3.3,0,0,4,10,2
10,6,10,26.1,1,1,2,40,2
23,2,23,14.5,1,0,18,31,13
15,1,15,31.6,1,1,12,23,4
21,6,21,8.5,1,0,2,7,2
11,0,11,10.6,0,0,1,8,1
6,6,6,13.1,1,1,11,25,6
10,0,10,21.1,1,1,21,11,5
5,2,5,8.8,1,0,2,2,2
19,1,19,25.0,1,1,2,13,2
13,1,13,30.0,1,1,11,25,11
21,1,21,12.9,0,0,2,23,3
14,3,14,12.3,0,0,2,13,3
21,3,21,9.3,1,0,2,10,3
13,0,13,27.4,1,1,13,26,10
2,6,2,3.7,1,0,8,17,8
19,0,19,7.3,0,0,0,13,1
11,6,11,11.8,1,0,13,26,10
1,0,1,18.0,0,0,1,8,2
13,3,13,29.8,1,1,2,27,2
16,2,16,20.3,0,0,4,10,2
6,3,6,12.8,1,1,1,89,2
11,1,11,25.7,1,1,2,0,3
3,4,3,16.6,1,0,27,23,5
16,0,16,29.2,1,1,2,13,2
15,6,15,31.8,1,1,2,26,4
17,5,17,13.7,0,0,2,18,2
22,3,22,22.8,0,0,1,6,0
6,6,6,12.0,1,1,2,9,3
19,2,19,34.1,1,1,2,20,2
21,2,21,14.1,1,0,2,10,2
16,2,16,20.3,1,0,16,20,3
5,2,5,6.7,1,0,77,46,5
18,0,18,26.9,1,1,2,0,3
15,1,15,30.9,1,1,1,2,0
12,0,12,23.2,1,0,7,34,16
12,1,12,26.6,1,1,2,7,2
22,0,22,19.4,1,1,2,6,3
4,4,4,-1.0,1,0,11,25,6
14,1,14,29.8,0,1,1,13,1
14,5,14,32.3,1,1,6,18,6
18,0,18,15.6,0,0,2,8,3
19,6,19,32.1,1,1,2,0,3
16,5,16,28.7,1,1,2,13,3
18,6,18,23.1,1,1,2,15,2
11,1,11,23.2,0,1,2,13,2
12,3,12,11.0,0,0,2,30,3
10,6,10,22.5,1,1,17,11,14
13,1,13,20.5,0,0,1,2,0
11,1,11,27.4,0,1,15,29,4
11,6,11,28.2,1,1,2,2,3
9,0,9,8.9,1,0,2,19,4
16,3,16,14.4,1,0,2,20,4
13,6,13,31.2,0,1,2,13,3
6,0,6,14.5,1,1,7,74,47
12,0,12,28.3,1,1,0,28,0
3,4,3,12.9,1,0,27,23,5
18,3,18,9.1,0,0,7,74,7
8,4,8,16.3,1,1,2,6,2
15,2,15,30.1,1,1,2,52,3
7,2,7,14.1,1,1,2,13,3
16,5,16,28.3,0,1,2,13,3
12,0,12,11.3,0,1,2,13,2
15,1,15,30.1,1,1,2,10,2
18,4,18,11.7,1,0,2,13,3
12,5,12,22.7,1,1,0,9,0
8,4,8,8.9,1,0,2,18,2
10,0,10,14.0,1,0,2,16,2
17,0,17,18.2,1,1,0,27,0
15,3,15,25.7,1,1,7,14,19
9,3,9,12.2,1,0,1,2,2
0,3,0,10.7,0,0,0,2,0
15,5,15,31.9,1,1,0,61,0
18,5,18,26.2,1,1,2,2,3
4,4,4,5.2,1,0,2,1,3
17,5,17,15.7,1,0,2,18,2
21,4,21,19.8,0,0,2,3,2
6,5,6,11.7,1,1,1,20,1
15,2,15,31.0,1,1,2,10,3
9,1,9,18.8,1,1,7,6,27
5,1,5,16.6,0,0,3,5,13
16,6,16,19.3,0,0,16,3,0
4,1,4,14.3,0,0,4,10,15
11,5,11,15.9,0,0,2,9,3
3,4,3,15.0,0,0,1,23,2
16,6,16,15.9,0,0,1,40,2
9,4,9,21.4,1,1,2,31,13
18,2,18,26.6,0,0,2,20,2
14,2,14,13.9,0,0,0,2,0
21,1,21,3.8,0,0,2,44,2
14,4,14,29.9,1,1,7,19,47
14,3,14,30.3,1,1,16,20,0
18,5,18,27.1,0,0,1,8,2
11,5,11,25.6,1,1,1,6,2
7,1,7,15.0,1,1,2,7,4
0,1,0,8.7,0,0,2,27,3
15,2,15,18.3,1,1,7,69,17
12,1,12,20.4,1,1,2,6,2
8,1,8,12.2,1,1,2,2,3
12,6,12,26.5,1,1,2,14,2
20,1,20,20.4,0,0,2,0,2
15,4,15,33.7,1,1,2,28,2
18,2,18,21.7,1,0,0,6,0
11,2,11,29.4,1,0,7,2,30
8,3,8,15.3,1,1,2,3,2
11,5,11,25.2,0,0,1,0,0
14,6,14,18.3,1,1,2,13,2
19,2,19,27.2,1,1,1,18,0
9,0,9,23.7,1,1,2,16,2
16,6,16,31.3,1,1,2,6,2
19,1,19,25.2,0,1,2,13,3
12,0,12,24.1,0,0,2,28,2
15,3,15,20.1,0,3,5,23,3
12,6,12,11.7,0,0,7,30,7
18,6,18,9.2,1,0,2,15,2
15,4,15,15.2,0,0,1,0,0
7,3,7,10.2,1,1,2,8,3
12,5,12,16.6,1,0,0,0,1
14,6,14,22.9,1,1,17,11,18
11,5,11,29.1,1,1,21,25,5
13,3,13,30.9,1,1,2,0,2
17,1,17,30.1,1,1,2,6,2
22,0,22,17.7,0,0,1,2,0
11,5,11,24.8,1,1,2,30,2
15,1,15,31.3,1,1,4,10,2
17,1,17,35.6,1,1,2,20,4
13,2,13,22.7,1,0,2,20,3
22,3,22,8.9,0,0,1,8,1
7,4,7,8.9,1,1,0,0,0
12,5,12,26.2,1,1,2,20,3
12,4,12,30.9,1,1,0,9,0
22,6,22,10.4,0,0,11,25,6
9,2,9,22.9,0,0,7,39,47
23,4,23,14.3,1,1,19,32,15
4,0,4,1.6,1,0,2,3,3
13,3,13,22.0,1,0,7,34,16
9,2,9,23.6,1,1,22,37,4
9,2,9,14.8,1,1,2,0,2
9,2,9,25.3,1,1,2,19,13
14,0,14,34.1,1,1,0,21,0
7,1,7,11.4,0,1,25,11,13
0,4,0,2.8,1,0,4,39,5
20,6,20,14.9,1,1,2,10,3
13,3,13,13.3,0,0,16,44,2
7,1,7,10.9,1,1,2,23,3
23,5,23,13.5,1,1,2,68,4
3,1,3,18.6,0,0,2,7,3
15,6,15,19.9,0,0,1,3,1
14,2,14,19.7,0,0,3,5,0
7,1,7,14.7,1,1,2,15,2
15,5,15,36.5,1,1,9,82,28
13,3,13,14.0,0,0,2,83,2
20,4,20,13.8,1,0,0,18,0
18,3,18,29.9,1,1,6,18,6
16,6,16,18.5,1,1,2,10,4
9,2,9,11.3,1,0,0,9,1
7,6,7,16.3,1,1,2,13,3
21,1,21,22.7,0,0,0,44,0
7,4,7,13.9,1,1,2,13,3
14,6,14,18.0,1,0,2,10,3
7,2,7,13.1,1,1,2,6,3
14,2,14,35.9,1,1,42,101,44
11,2,11,25.2,1,1,2,2,2
22,6,22,14.7,0,0,2,20,4
18,1,18,22.3,1,1,9,59,38
7,4,7,13.2,1,1,2,28,2
13,0,13,24.1,1,1,2,27,2
5,3,5,15.3,1,0,11,25,6
7,3,7,15.8,1,1,2,23,2
18,2,18,10.9,1,0,2,13,2
17,5,17,14.2,0,0,2,3,3
6,4,6,12.5,1,1,3,5,15
13,1,13,27.9,1,1,2,12,3
19,0,19,26.4,1,1,0,9,1
17,6,17,10.6,0,0,2,14,2
1,5,1,18.5,1,0,11,25,6
1,6,1,14.5,1,0,19,32,15
8,4,8,15.3,1,1,7,99,27
0,6,0,8.8,1,0,11,25,6
19,0,19,23.1,1,0,0,9,0
16,5,16,28.4,1,1,2,21,2
0,2,0,21.3,0,0,0,2,0
13,3,13,24.1,1,1,15,29,4
6,4,6,14.9,1,1,2,7,2
17,5,17,17.8,1,1,2,6,2
5,3,5,13.9,0,0,0,10,1
19,3,19,22.1,0,0,2,2,3
10,4,10,24.9,1,1,2,27,2
1,6,1,13.6,0,0,0,9,1
15,2,15,30.8,1,1,2,10,2
7,6,7,8.5,1,1,2,15,2
13,0,13,28.5,1,1,2,14,2
10,6,10,23.2,1,1,2,10,3
15,1,15,27.2,1,0,2,0,3
18,0,18,12.1,1,0,16,3,2
13,6,13,29.3,1,1,1,8,0
13,6,13,12.3,0,0,2,10,3
14,5,14,26.4,1,1,2,7,3
18,3,18,9.0,0,0,0,14,1
15,3,15,32.8,1,1,0,61,0
6,3,6,13.9,1,1,0,10,1
18,6,18,15.9,1,1,16,20,3
13,1,13,22.9,0,1,2,2,3
17,6,17,23.1,1,0,1,58,2
7,4,7,4.0,1,0,2,14,3
15,5,15,18.3,1,0,0,10,0
21,3,21,21.3,1,1,2,26,4
13,6,13,14.6,0,0,0,15,0
18,5,18,13.0,1,0,2,13,3
16,2,16,33.3,1,1,2,1,2
14,4,14,17.2,0,0,2,2,3
18,0,18,15.8,0,0,0,23,0
12,4,12,26.8,1,1,12,23,4
20,1,20,21.1,0,0,2,6,3
13,1,13,28.1,1,1,2,8,3
19,6,19,29.3,1,1,2,9,3
17,6,17,18.6,1,0,50,8,64
15,3,15,33.9,0,1,1,2,0
7,6,7,12.9,1,1,1,20,2
23,3,23,22.6,1,1,20,33,5
6,2,6,13.7,1,1,16,20,3
9,0,9,21.8,0,1,2,0,3
21,3,21,21.5,0,1,5,10,41
20,0,20,19.2,0,0,0,2,0
13,1,13,17.9,0,0,9,39,17
10,1,10,24.3,1,1,2,10,2
15,0,15,30.5,1,1,16,20,0
11,1,11,19.8,1,1,7,71,19
6,5,6,11.8,1,1,3,5,13
17,5,17,29.8,0,0,7,99,37
21,5,21,15.5,0,0,19,32,15
16,4,16,31.6,0,1,7,9,42
23,4,23,19.0,0,1,13,53,8
9,1,9,26.5,1,1,2,19,4
22,1,22,7.2,0,0,2,10,3
8,0,8,16.4,1,1,9,16,19
22,4,22,22.5,0,1,2,52,3
8,2,8,19.6,1,1,2,18,2
17,0,17,32.8,1,1,2,40,2
21,1,21,15.3,0,0,2,7,2
22,6,22,14.6,1,1,25,11,13
22,2,22,6.4,0,0,11,25,6
14,2,14,23.1,0,1,0,13,1
9,6,9,2.3,0,0,2,20,13
8,5,8,16.9,1,1,1,13,2
12,6,12,8.6,0,0,28,76,14
8,1,8,21.6,0,0,0,2,0
7,2,7,12.3,1,1,2,19,4
6,6,6,13.1,1,1,1,27,1
20,0,20,24.2,1,1,2,2,3
18,0,18,12.2,0,0,2,14,3
23,2,23,24.0,1,1,0,20,0
13,4,13,10.8,0,0,0,10,1
8,4,8,18.1,1,1,2,12,2
3,0,3,14.8,0,0,11,25,6
15,1,15,22.1,0,1,7,16,37
11,5,11,13.1,0,0,0,20,0
3,1,3,8.7,0,0,2,6,3
17,5,17,28.9,0,0,1,18,0
14,2,14,29.0,0,1,0,21,0
20,1,20,10.5,1,0,2,10,2
17,4,17,31.0,0,1,0,0,1
18,4,18,32.6,1,1,41,59,52
21,2,21,16.4,1,1,0,10,1
17,3,17,32.2,1,1,2,8,3
4,0,4,7.1,1,0,2,2,2
1,2,1,20.6,0,0,2,20,3
22,6,22,25.4,0,0,6,18,21
21,3,21,15.3,0,0,2,0,2
20,4,20,24.5,0,0,2,15,2
10,0,10,16.2,1,1,2,16,2
9,4,9,20.0,1,1,2,19,4
6,1,6,15.9,1,1,1,27,1
19,6,19,28.5,1,1,2,14,2
10,6,10,10.1,1,3,9,126,28
12,2,12,32.5,1,1,2,2,2
21,2,21,12.8,0,1,2,13,3
14,3,14,31.9,1,1,1,6,1
20,3,20,8.8,1,0,2,23,2
14,0,14,20.1,1,0,1,14,2
10,2,10,20.9,1,1,6,18,6
11,0,11,24.6,1,1,2,13,2
13,1,13,21.9,1,1,2,21,2
10,0,10,7.6,1,0,7,34,16
3,3,3,3.0,1,0,14,57,12
16,0,16,12.0,0,0,2,0,2
0,5,0,20.0,1,0,25,62,13
21,3,21,24.2,0,0,0,44,0
14,0,14,34.3,1,1,2,15,2
19,5,19,27.3,1,1,0,0,0
20,6,20,25.3,1,1,0,8,0
21,2,21,9.5,0,1,7,6,42
21,0,21,23.5,0,0,2,44,2
23,4,23,21.9,1,1,25,62,13
21,1,21,22.9,1,1,2,23,2
11,1,11,22.6,0,0,22,37,13
6,1,6,2.1,0,0,23,43,4
20,5,20,16.2,1,1,0,10,0
9,0,9,22.0,0,1,5,76,5
16,0,16,14.1,0,0,2,10,3
12,6,12,9.7,0,0,0,20,0
17,0,17,32.1,1,1,1,60,0
8,5,8,14.5,1,1,0,13,0
18,0,18,26.6,1,0,0,18,0
10,1,10,24.4,1,1,1,36,0
14,5,14,16.6,0,0,0,28,0
6,5,6,6.8,1,1,1,6,1
18,3,18,27.2,1,1,39,76,12
19,1,19,23.5,1,1,0,6,1
13,4,13,15.6,1,0,61,39,79
10,2,10,22.8,1,1,1,17,0
15,5,15,32.7,1,1,2,26,13
7,0,7,13.5,1,1,2,2,2
1,6,1,11.6,1,0,5,11,5
17,6,17,30.1,1,1,2,5,13
14,5,14,30.7,1,1,0,27,0
8,3,8,20.6,1,1,2,5,13
2,0,2,8.3,0,0,1,2,0
6,6,6,15.2,1,1,0,0,0
17,4,17,30.0,1,0,2,20,4
16,4,16,29.6,1,1,3,5,0
11,5,11,26.1,1,0,2,9,2
12,5,12,27.3,1,1,11,25,11
7,5,7,14.7,1,1,0,18,2
11,0,11,26.7,1,1,9,105,9
20,6,20,12.7,0,0,2,14,3
3,5,3,6.4,1,0,2,4,4
15,5,15,28.0,1,1,2,52,3
7,2,7,11.4,1,1,2,15,2
19,6,19,30.4,1,1,2,13,3
2,5,2,16.6,1,0,11,25,6
10,1,10,28.3,1,1,2,8,3
9,2,9,16.6,1,1,1,17,0
13,6,13,15.3,1,0,2,10,2
16,5,16,17.6,0,0,2,2,2
17,3,17,31.4,1,1,0,13,0
8,1,8,14.1,1,0,2,10,8
7,2,7,3.0,0,0,2,7,2
9,6,9,19.4,1,1,9,22,19
11,4,11,27.2,1,1,2,13,3
12,1,12,29.2,1,1,2,3,3
15,3,15,33.7,0,0,7,34,16
6,1,6,9.9,1,1,0,10,1
7,0,7,12.9,1,1,2,23,2
8,0,8,-1.6,1,0,16,20,3
10,1,10,21.3,0,0,5,23,5
6,3,6,15.7,1,1,1,2,1
6,1,6,11.8,1,1,2,6,3
17,1,17,28.6,1,1,17,11,18
14,2,14,14.7,0,0,0,21,0
19,0,19,14.4,0,1,2,20,13
18,3,18,25.8,0,1,7,34,16
15,1,15,12.7,0,1,76,93,69
15,3,15,31.7,1,1,2,13,2
14,3,14,26.2,1,0,7,34,16
7,1,7,11.9,1,1,1,6,1
10,5,10,9.2,1,0,2,15,2
11,3,11,20.6,1,1,2,15,2
14,5,14,18.3,0,1,2,28,2
12,2,12,15.3,0,0,2,7,3
12,2,12,8.7,1,0,2,3,3
9,4,9,19.8,0,0,25,11,23
3,3,3,17.0,1,0,0,5,0
19,4,19,27.8,0,1,2,0,2
18,6,18,11.6,1,0,2,20,3
1,3,1,3.8,0,0,14,20,12
11,1,11,21.2,1,1,2,14,3
13,6,13,28.2,1,1,2,21,2
14,2,14,15.0,1,0,0,6,0
5,3,5,11.8,0,0,0,10,1
13,3,13,12.9,1,0,2,2,3
12,5,12,21.2,1,1,2,3,2
1,1,1,16.3,0,0,2,1,3
7,5,7,9.4,1,1,0,20,0
11,1,11,18.2,1,1,9,67,88
16,0,16,19.0,1,0,1,60,0
15,4,15,29.0,1,1,2,52,2
15,3,15,14.0,1,1,9,75,19
5,6,5,0.4,1,0,2,3,3
15,2,15,15.5,1,0,0,21,0
10,2,10,26.0,1,1,0,28,1
11,4,11,15.4,1,0,0,9,1
9,4,9,14.0,0,0,2,2,2
12,1,12,13.9,0,0,2,6,3
9,3,9,17.2,1,1,2,31,13
14,1,14,24.7,1,1,1,6,0
16,1,16,25.3,0,0,16,3,3
9,2,9,4.5,1,0,9,39,24
22,3,22,4.3,0,0,2,3,3
15,5,15,21.8,1,1,2,8,2
21,1,21,13.8,0,0,2,13,3
11,0,11,18.9,1,1,2,6,3
10,5,10,19.0,1,1,2,13,3
18,2,18,28.7,1,1,4,10,4
23,1,23,12.5,1,1,2,68,4
20,0,20,27.5,1,1,2,9,3
14,1,14,27.9,0,1,2,30,2
3,1,3,7.9,1,0,2,35,3
6,5,6,9.6,1,3,2,8,3
3,5,3,16.2,0,0,16,20,3
7,3,7,12.8,1,1,2,20,4
9,6,9,15.1,1,1,1,17,0
23,5,23,19.6,0,0,0,1,0
22,1,22,15.6,1,1,19,32,15
16,1,16,18.9,1,0,0,8,0
17,2,17,31.7,1,1,2,8,3
16,2,16,29.7,0,0,2,12,2
3,2,3,16.1,1,0,27,23,5
6,3,6,13.4,1,1,1,3,1
20,0,20,15.3,0,0,2,15,3
20,0,20,18.7,0,0,2,14,3
21,4,21,8.9,0,0,0,8,1
12,4,12,24.5,1,0,7,39,17
22,4,22,18.4,0,1,1,0,0
15,2,15,31.1,0,1,1,2,1
14,2,14,14.5,0,0,1,20,1
13,6,13,32.1,0,0,4,10,2
19,5,19,28.6,1,0,7,110,17
14,3,14,13.9,1,0,7,34,16
11,0,11,25.7,1,1,2,0,2
10,4,10,19.9,1,1,2,19,4
1,4,1,6.4,0,0,0,1,0
9,0,9,11.0,1,0,7,34,36
4,5,4,13.7,1,0,2,1,3
14,2,14,11.6,0,0,2,9,3
18,5,18,25.5,0,0,2,3,3
10,3,10,18.7,1,1,2,19,4
13,0,13,14.9,0,0,31,64,33
18,3,18,24.3,0,0,2,18,2
11,6,11,26.8,0,0,2,6,2
5,4,5,13.3,0,0,22,37,4
13,5,13,13.0,1,0,1,3,0
14,0,14,20.0,1,0,1,2,0
12,2,12,18.4,1,1,2,8,2
14,1,14,30.3,1,1,1,6,0
8,1,8,8.9,1,1,1,2,1
1,2,1,11.6,0,0,1,2,1
7,2,7,13.3,1,1,2,12,3
10,5,10,20.6,0,0,1,40,0
11,5,11,11.2,1,0,0,15,1
21,2,21,20.6,1,1,0,27,0
15,2,15,29.3,1,0,24,11,5
6,4,6,6.1,1,0,0,20,0
12,5,12,29.7,1,0,2,6,3
21,2,21,12.6,1,0,2,8,2
15,0,15,31.1,1,1,4,10,2
9,0,9,7.5,1,0,7,34,16
15,0,15,23.3,0,1,2,13,3
23,2,23,18.7,1,1,2,48,13
11,6,11,16.9,0,0,0,6,0
6,4,6,14.4,1,1,0,6,0
14,3,14,29.5,1,1,9,39,24
16,6,16,18.0,1,0,7,82,28
8,5,8,3.2,1,0,1,40,0
22,6,22,21.5,0,1,2,13,2
12,6,12,30.2,1,1,11,25,11
19,0,19,15.0,1,1,2,7,3
7,2,7,14.2,1,1,0,15,0
2,0,2,17.0,0,0,4,10,2
22,1,22,18.8,1,1,2,7,2
22,1,22,21.7,1,1,25,11,13
16,0,16,12.8,0,0,16,3,1
11,0,11,18.9,1,1,12,23,4
8,0,8,14.9,1,1,1,13,0
18,1,18,26.6,1,1,2,2,2
11,6,11,27.7,1,1,2,9,3
15,2,15,36.9,1,1,11,25,11
18,0,18,26.7,1,1,2,14,2
15,6,15,17.4,1,0,2,0,3
12,1,12,12.2,0,0,0,6,1
14,6,14,29.7,1,1,0,28,0
12,3,12,11.8,0,0,7,34,16
14,0,14,31.6,0,1,0,15,0
2,0,2,10.3,1,0,14,57,12
19,1,19,24.6,1,0,0,8,1
11,0,11,26.0,1,1,2,8,3
9,6,9,19.1,1,1,2,78,13
16,6,16,29.5,1,1,17,11,18
13,1,13,28.6,1,3,56,39,81
16,2,16,18.4,1,0,2,3,3
7,1,7,5.8,1,0,2,15,2
0,1,0,10.0,1,0,11,25,6
23,0,23,20.7,1,1,26,47,10
20,3,20,10.8,1,0,0,9,0
18,2,18,19.5,1,0,1,18,2
13,4,13,27.7,0,0,2,18,2
1,2,1,15.3,0,0,2,9,3
22,5,22,22.4,1,1,20,33,5
17,1,17,11.7,1,0,2,20,3
22,3,22,18.0,1,0,2,9,3
17,1,17,30.6,1,1,2,2,2
10,4,10,23.7,1,3,7,79,28
12,6,12,26.4,1,1,10,24,23
20,6,20,11.2,1,0,2,9,3
13,0,13,9.4,1,0,2,27,2
12,0,12,26.6,1,1,0,28,0
16,1,16,25.9,1,1,2,13,2
21,2,21,22.0,1,0,0,10,1
13,2,13,26.2,1,1,12,23,4
18,1,18,22.8,1,1,0,18,0
13,6,13,17.5,0,0,4,72,2
22,6,22,14.7,0,0,2,2,3
10,5,10,25.0,0,0,0,1,0
12,5,12,31.4,1,1,0,8,0
23,4,23,17.1,0,0,1,27,1
11,5,11,19.7,0,1,1,14,1
15,5,15,28.4,1,1,2,10,2
10,2,10,10.2,0,0,2,6,3
15,3,15,30.3,1,1,2,3,2
3,6,3,14.5,0,0,11,25,6
17,0,17,29.0,1,0,2,9,2
21,5,21,26.0,0,1,2,13,2
16,5,16,30.4,1,1,2,8,3
20,5,20,13.5,0,0,2,7,2
11,6,11,27.8,1,1,5,23,5
21,4,21,22.1,1,1,4,10,2
12,4,12,11.3,1,0,9,39,102
16,5,16,31.0,1,1,2,8,3
12,1,12,24.3,1,1,2,14,2
21,0,21,16.9,0,0,0,40,0
1,5,1,16.6,1,0,2,5,8
17,5,17,19.7,0,1,2,6,2
13,1,13,28.0,1,1,2,23,2
11,2,11,23.3,0,0,2,21,2
18,4,18,26.9,1,1,0,0,0
19,1,19,28.6,1,1,2,23,3
14,6,14,16.4,1,0,2,10,3
21,3,21,24.1,0,0,1,14,2
17,0,17,30.1,1,1,2,20,4
21,1,21,20.8,1,1,2,23,2
3,2,3,15.0,1,0,27,23,5
21,4,21,13.5,1,0,4,10,2
13,1,13,30.4,1,1,2,23,2
7,0,7,7.6,1,0,7,34,43
7,3,7,15.5,1,1,0,14,0
11,6,11,27.5,1,1,14,57,12
13,4,13,28.4,1,1,2,50,2
17,0,17,27.5,1,1,59,10,78
8,3,8,15.2,1,1,0,9,0
8,2,8,12.4,1,1,1,6,1
6,3,6,1.0,0,0,13,26,10
11,3,11,25.4,1,1,2,20,2
6,2,6,14.0,1,1,1,8,0
21,5,21,26.2,0,0,2,80,4
14,0,14,14.6,0,0,2,36,2
21,5,21,21.0,0,1,2,44,2
6,1,6,14.0,1,1,0,0,0
18,2,18,18.3,1,0,0,27,1
15,1,15,31.2,1,1,1,0,0
9,0,9,19.0,1,1,4,10,2
15,5,15,33.1,1,1,1,13,2
14,3,14,33.6,1,1,9,39,59
5,6,5,14.8,1,0,0,3,2
8,4,8,12.0,0,0,2,5,13
23,5,23,22.7,0,0,0,10,0
17,3,17,25.7,1,0,2,15,3
19,4,19,28.1,1,1,2,13,2
14,4,14,26.8,1,1,2,15,2
11,4,11,22.3,1,1,2,2,3
8,6,8,14.3,1,1,2,2,3
19,3,19,14.9,1,1,0,6,0
5,4,5,13.3,1,0,11,25,6
17,0,17,24.1,1,0,2,27,3
12,5,12,27.0,1,1,5,11,5
6,3,6,13.4,1,1,0,8,0
20,3,20,26.9,1,1,2,1,3
17,0,17,23.8,1,1,0,14,0
15,0,15,31.3,1,1,2,14,3
11,5,11,10.2,0,0,7,9,30
21,4,21,19.5,1,1,2,23,2
4,0,4,2.1,0,0,4,10,2
18,5,18,22.1,0,0,1,44,1
11,0,11,15.1,1,0,17,11,18
17,5,17,33.4,1,1,16,20,3
8,5,8,10.3,1,0,2,0,2
23,0,23,23.7,1,1,20,33,5
17,1,17,16.5,1,0,2,40,2
15,0,15,28.8,1,1,16,20,3
20,4,20,21.2,1,1,2,1,2
14,5,14,18.8,1,0,3,5,0
12,5,12,14.2,0,0,2,10,3
9,3,9,24.5,1,1,1,13,0
10,4,10,6.8,0,0,2,26,4
4,3,4,13.0,1,0,2,7,2
16,1,16,13.7,0,1,7,34,16
16,2,16,14.7,1,0,1,14,2
16,3,16,15.8,1,1,6,18,6
13,4,13,15.8,0,1,47,11,14
11,2,11,27.7,1,1,9,39,24
15,3,15,30.4,1,0,7,34,16
19,3,19,26.8,1,1,0,18,2
7,2,7,14.0,1,1,2,23,2
19,6,19,19.4,0,0,2,28,2
23,4,23,6.2,0,0,17,20,18
14,4,14,30.1,1,1,2,15,2
23,4,23,16.7,1,1,2,48,13
6,2,6,3.3,0,0,2,11,4
16,3,16,31.7,1,1,2,0,3
13,0,13,22.3,0,0,0,20,0
6,1,6,12.2,1,1,0,3,2
13,1,13,10.1,0,0,0,10,1
6,3,6,9.9,1,1,2,6,2
14,6,14,17.6,0,0,2,6,3
22,3,22,16.5,0,1,7,40,17
10,6,10,25.1,1,1,2,10,3
8,0,8,7.9,1,0,2,0,3
13,4,13,12.3,1,0,0,23,1
17,2,17,13.2,0,0,2,27,2
8,2,8,13.2,1,1,2,3,2
21,5,21,7.9,0,0,1,2,1
11,0,11,23.8,0,1,2,36,2
19,6,19,26.6,1,1,16,20,3
12,0,12,27.2,1,1,12,23,4
11,3,11,18.7,1,1,0,8,0
12,2,12,24.5,1,1,2,20,13
12,0,12,24.4,1,0,2,14,2
14,6,14,32.3,1,1,1,36,0
14,2,14,31.3,1,1,2,10,2
22,3,22,20.3,1,1,2,26,4
13,2,13,27.7,1,1,2,8,3
13,2,13,16.2,0,0,2,14,2
17,3,17,17.2,1,0,2,6,2
0,0,0,21.1,1,0,2,68,13
23,6,23,21.8,0,1,3,5,0
18,5,18,24.3,0,1,0,21,0
5,6,5,11.6,0,0,2,10,2
21,0,21,19.2,1,1,2,26,4
18,1,18,28.0,0,0,1,8,1
6,1,6,13.6,1,1,0,10,1
17,5,17,35.2,1,1,2,8,3
19,1,19,24.4,1,1,1,8,1
15,2,15,30.8,1,1,0,1,0
15,5,15,22.0,0,0,0,28,0
22,2,22,20.2,1,1,0,0,0
3,2,3,16.5,0,0,11,25,6
13,0,13,22.4,0,0,9,63,28
16,3,16,32.7,0,1,47,11,14
9,4,9,24.5,1,1,31,15,34
18,1,18,11.4,1,0,73,9,44
11,0,11,10.9,1,0,7,34,16
18,2,18,17.9,1,1,2,23,3
13,2,13,18.3,1,0,15,29,4
23,0,23,19.8,1,1,5,11,5
15,3,15,14.4,1,1,7,6,27
4,2,4,14.7,1,0,2,6,2
12,0,12,14.2,0,3,7,34,16
15,2,15,30.4,1,1,2,10,2
18,1,18,15.4,0,0,1,44,1
21,6,21,9.5,0,0,1,17,0
3,0,3,1.7,1,0,34,10,12
16,4,16,30.4,1,1,1,8,0
14,5,14,20.7,1,0,16,20,3
0,2,0,5.0,1,0,5,11,5
15,4,15,21.7,0,0,2,2,3
11,2,11,24.7,1,1,2,13,2
5,5,5,8.7,1,0,2,3,3
16,1,16,22.7,1,1,2,13,3
1,0,1,8.3,1,0,2,20,3
20,4,20,13.8,0,0,2,0,2
18,4,18,27.7,1,1,2,13,2
9,6,9,13.6,1,1,2,6,2
18,6,18,31.3,1,1,2,18,2
14,0,14,30.3,1,1,2,10,2
9,6,9,15.6,1,1,2,9,2
4,2,4,13.8,1,0,2,7,3
10,6,10,22.8,1,1,1,36,2
23,1,23,22.3,1,1,25,11,13
13,5,13,16.1,0,2,0,39,0
13,0,13,28.9,1,1,11,25,11
8,5,8,14.3,1,1,2,18,2
16,5,16,33.5,1,1,0,10,0
12,3,12,27.9,1,1,6,40,26
14,0,14,32.5,0,0,3,5,15
9,1,9,8.5,0,0,2,2,2
10,3,10,22.3,1,1,31,64,40
13,2,13,21.1,0,1,9,51,102
5,1,5,1.3,1,0,2,6,3
16,6,16,30.8,1,1,2,26,4
12,1,12,17.3,1,0,0,15,0
9,0,9,17.3,1,1,9,113,9
14,6,14,17.9,0,0,1,14,1
21,5,21,5.5,0,0,2,19,4
10,0,10,12.2,1,1,7,34,16
23,6,23,14.7,0,0,2,58,2
18,5,18,32.0,0,1,0,0,0
9,4,9,13.7,1,1,1,44,1
14,3,14,25.1,0,1,7,34,16
4,2,4,8.5,1,0,2,7,3
1,5,1,14.8,0,0,1,3,1
13,3,13,28.0,1,1,9,2,9
11,1,11,27.1,1,1,2,20,4
19,3,19,23.6,1,1,0,40,0
23,6,23,16.6,1,0,6,23,6
11,0,11,26.4,0,1,0,21,0
9,2,9,20.2,1,1,9,39,24
16,3,16,34.1,1,1,2,44,2
13,4,13,15.3,0,0,2,18,2
21,4,21,6.4,1,0,1,0,0
10,1,10,24.2,1,1,2,28,2
20,6,20,23.8,1,1,0,2,0
19,4,19,10.2,0,0,2,13,3
7,6,7,12.1,1,1,2,23,3
18,5,18,17.4,0,0,0,9,1
13,2,13,25.9,1,1,2,50,2
14,0,14,24.8,0,1,2,14,3
23,6,23,20.5,0,1,2,10,2
9,4,9,5.2,0,0,0,2,0
19,0,19,15.0,0,1,9,81,9
21,4,21,18.8,1,1,2,26,4
22,2,22,10.4,0,3,0,6,1
16,1,16,31.3,1,3,9,82,28
8,3,8,14.5,1,1,2,13,2
17,4,17,29.9,1,1,2,23,2
15,6,15,31.5,1,1,2,13,2
15,6,15,30.0,1,1,2,3,3
8,6,8,14.3,1,1,1,2,0
19,1,19,20.7,0,0,11,25,11
6,6,6,16.6,1,1,1,5,0
21,3,21,15.1,1,1,0,1,0
20,5,20,11.9,0,0,0,2,0
16,0,16,29.6,1,1,2,6,3
18,0,18,26.6,0,0,0,8,1
9,3,9,22.4,1,1,2,28,2
7,4,7,15.1,1,1,2,23,2
6,1,6,4.9,1,0,2,3,3
9,5,9,16.8,1,1,4,10,2
23,5,23,18.4,0,0,0,2,0
16,5,16,32.5,1,1,0,13,0
19,3,19,24.4,1,1,0,1,0
14,2,14,15.4,0,0,2,14,2
6,5,6,15.4,1,1,16,20,3
1,3,1,4.7,0,0,2,8,3
10,3,10,18.5,1,1,2,21,2
14,5,14,27.2,1,1,2,14,2
2,2,2,3.6,0,0,11,6,6
8,0,8,10.6,1,1,54,84,70
12,6,12,31.2,0,0,16,44,3
9,3,9,6.5,0,0,0,2,0
9,3,9,26.3,1,1,2,31,13
22,3,22,19.6,1,1,19,32,2
9,6,9,18.9,1,1,2,19,13
10,2,10,23.5,1,1,0,13,0
22,2,22,21.3,0,0,0,8,1
18,0,18,15.1,0,3,2,21,2
6,5,6,13.3,1,1,2,7,2
22,2,22,20.2,1,1,1,0,0
22,6,22,21.1,1,1,2,7,2
14,6,14,29.8,1,1,7,14,19
13,5,13,25.7,1,0,7,2,17
12,0,12,28.6,0,0,2,8,3
9,0,9,3.1,1,0,7,34,36
22,6,22,15.0,0,1,0,9,1
14,4,14,33.5,1,1,0,28,1
10,4,10,27.1,0,0,9,39,17
18,2,18,24.9,1,1,2,6,3
15,0,15,28.2,1,1,6,18,6
6,4,6,11.9,1,1,16,20,3
12,1,12,23.4,1,1,47,23,2
15,2,15,32.0,0,1,1,3,1
12,3,12,13.1,1,1,7,34,16
16,0,16,14.8,1,0,2,18,2
17,6,17,17.7,0,0,0,40,0
19,3,19,21.1,0,1,2,6,3
11,5,11,10.1,0,0,2,13,3
16,0,16,14.8,0,0,2,14,3
9,6,9,16.6,1,1,2,31,13
21,0,21,21.2,0,0,0,14,0
15,1,15,18.8,1,0,2,58,2
11,4,11,10.8,0,0,0,15,0
16,3,16,32.6,0,1,2,9,3
12,6,12,19.6,1,0,56,39,81
10,4,10,16.1,1,0,2,0,3
12,3,12,13.0,1,0,2,2,3
11,1,11,25.5,1,0,0,15,1
19,1,19,24.5,1,1,2,20,2
16,2,16,27.7,1,1,2,30,3
2,6,2,14.2,0,0,0,8,1
23,5,23,11.0,0,0,11,25,6
20,0,20,9.1,0,0,0,13,0
7,0,7,3.9,1,1,2,36,2
5,3,5,1.1,0,0,2,5,13
19,1,19,27.4,0,1,2,13,2
2,0,2,10.1,0,0,34,76,12
14,5,14,14.7,1,0,1,8,1
6,0,6,13.5,1,1,0,2,0
10,4,10,23.2,0,1,2,21,2
11,6,11,19.1,0,0,2,29,4
16,2,16,18.6,0,0,2,8,2
0,0,0,13.5,0,0,17,20,14
18,0,18,26.0,1,1,0,1,0
17,2,17,29.1,0,0,2,10,8
12,4,12,31.3,1,1,11,25,6
23,0,23,15.7,1,1,2,48,13
6,2,6,12.5,0,0,26,47,10
16,6,16,30.4,1,1,1,89,1
15,3,15,16.3,1,1,31,7,34
16,4,16,19.6,1,0,2,6,2
21,4,21,18.1,0,1,2,13,3
16,6,16,33.7,1,1,2,30,2
12,1,12,10.8,1,0,0,28,1
16,6,16,24.2,0,0,2,16,2
10,2,10,21.4,0,0,9,39,17
22,3,22,14.8,1,0,16,20,1
16,1,16,30.8,1,1,0,2,0
14,5,14,31.9,1,1,1,2,1
18,4,18,15.6,1,0,9,16,9
20,6,20,24.5,1,1,1,0,1
17,6,17,32.1,1,1,1,60,0
16,6,16,15.5,0,0,16,20,3
19,6,19,10.0,0,0,36,76,12
21,3,21,21.4,0,0,0,27,0
12,0,12,24.4,1,1,10,24,23
21,6,21,17.4,0,0,1,17,0
22,1,22,16.0,1,1,25,11,13
17,0,17,31.0,0,1,7,67,55
18,0,18,34.5,1,1,2,13,2
8,0,8,19.3,1,1,2,44,2
14,5,14,28.2,1,1,1,10,1
18,5,18,33.2,1,1,0,27,0
23,1,23,3.1,1,0,2,48,13
23,5,23,19.8,0,1,1,2,1
18,4,18,31.4,1,1,2,8,3
17,6,17,28.9,1,1,2,13,3
8,1,8,16.3,1,1,2,0,3
7,0,7,2.3,1,0,0,8,1
7,4,7,10.5,0,1,25,11,13
8,4,8,13.3,1,1,2,9,2
18,4,18,11.8,1,0,2,13,3
11,2,11,17.4,0,1,2,6,3
6,2,6,7.4,1,0,2,8,3
7,1,7,9.4,1,0,2,8,2
20,5,20,23.1,1,1,1,0,0
18,5,18,11.6,0,0,7,9,43
9,5,9,23.4,1,1,2,8,2
20,2,20,9.0,0,0,2,2,3
13,0,13,28.5,1,1,2,10,2
19,3,19,10.4,0,0,2,20,4
13,3,13,28.1,1,1,0,3,2
16,5,16,32.5,1,1,0,10,0
10,2,10,8.8,0,0,0,14,0
6,5,6,14.1,1,1,1,2,0
18,1,18,29.6,1,1,2,13,2
11,4,11,9.9,1,0,9,51,24
14,6,14,22.5,1,1,6,18,6
2,3,2,17.8,0,0,2,20,13
15,3,15,13.9,0,1,7,34,16
6,5,6,5.9,1,1,2,1,2
23,5,23,19.3,1,1,1,0,0
9,2,9,20.2,1,1,2,31,13
11,4,11,27.2,0,0,15,29,4
7,2,7,11.9,1,1,2,6,3
11,0,11,27.1,1,1,2,0,3
18,4,18,29.5,1,1,1,27,1
23,3,23,13.4,1,0,8,11,8
9,6,9,24.5,0,1,10,24,23
9,1,9,26.2,1,1,21,11,5
10,0,10,23.5,1,1,9,66,19
9,3,9,16.7,1,1,0,9,0
12,5,12,24.8,1,1,1,0,0
15,5,15,27.5,0,1,1,3,2
19,4,19,18.8,0,0,7,19,7
16,6,16,33.5,1,1,0,10,0
11,1,11,26.9,1,1,2,40,2
16,4,16,19.9,1,0,2,23,3
1,4,1,12.2,0,0,1,9,1
16,4,16,24.9,0,1,0,9,0
18,2,18,22.7,1,0,2,5,13
17,0,17,15.8,1,0,1,14,2
6,0,6,6.4,1,1,31,74,34
5,6,5,14.0,0,0,0,10,1
23,3,23,20.0,1,1,2,48,13
11,5,11,22.0,1,1,0,36,0
6,5,6,9.9,0,3,6,18,6
14,5,14,17.4,0,0,2,36,2
20,0,20,21.8,0,0,18,31,4
9,0,9,21.2,1,1,2,31,13
7,0,7,12.9,1,1,2,2,2
19,3,19,26.3,1,1,0,18,0
16,6,16,30.2,1,1,1,0,0
15,6,15,20.0,1,0,11,40,6
11,3,11,31.0,1,1,9,39,24
10,4,10,6.2,0,3,15,29,4
23,4,23,20.8,1,1,2,48,4
11,0,11,10.8,1,3,7,34,43
20,0,20,22.6,1,1,2,1,3
3,1,3,15.5,0,0,11,25,6
12,0,12,26.4,1,1,2,6,3
13,2,13,20.1,1,1,0,15,0
15,6,15,33.7,1,1,2,3,3
12,6,12,17.8,0,1,0,13,0
14,3,14,24.3,0,0,2,15,2
12,2,12,14.8,0,0,7,34,16
19,3,19,29.2,1,1,16,20,3
16,5,16,13.0,1,0,2,1,2
10,3,10,22.2,1,1,0,15,0
12,2,12,27.9,1,1,2,14,2
17,5,17,29.0,1,0,2,2,3
23,5,23,18.2,1,1,2,48,13
7,1,7,14.5,1,1,3,5,0
15,2,15,30.3,1,1,6,18,21
11,0,11,26.2,1,1,2,11,13
11,0,11,24.5,1,1,2,21,2
11,4,11,24.2,1,0,5,20,5
19,4,19,21.8,0,1,2,21,2
9,2,9,15.8,0,0,2,8,3
23,2,23,16.0,1,1,1,10,0
7,0,7,7.5,1,0,0,0,0
13,5,13,31.8,1,1,2,10,2
20,5,20,21.2,1,0,2,23,2
21,2,21,21.4,1,1,1,9,2
18,2,18,13.4,1,0,2,40,2
16,4,16,30.7,1,1,2,20,13
14,1,14,15.6,0,0,2,0,3
14,2,14,27.7,1,1,7,69,17
19,1,19,29.2,1,1,2,13,2
12,3,12,15.2,0,0,3,5,0
23,0,23,18.7,1,0,1,2,0
23,6,23,19.8,1,1,0,20,0
19,4,19,19.3,1,0,0,15,0
11,3,11,25.2,0,0,2,36,2
20,0,20,26.4,0,0,18,31,4
15,0,15,28.9,0,0,2,30,3
12,6,12,28.0,1,1,12,23,4
13,5,13,21.7,1,1,6,18,6
14,6,14,32.3,1,1,16,20,3
12,4,12,27.4,1,1,11,25,11
9,1,9,14.6,0,0,21,23,5
21,0,21,20.0,0,0,2,15,3
7,0,7,7.8,1,1,2,2,3
4,4,4,11.0,0,0,4,10,2
16,1,16,30.9,1,1,6,18,21
6,3,6,9.9,1,1,1,2,2
13,3,13,30.5,1,1,23,43,4
15,5,15,32.0,0,0,1,2,0
9,1,9,22.5,1,1,0,9,0
12,5,12,20.7,1,1,50,10,64
22,1,22,19.4,0,1,0,13,1
19,0,19,22.8,1,1,0,2,0
15,2,15,29.8,1,1,2,44,2
3,2,3,11.9,0,0,77,23,5
12,6,12,27.3,1,1,10,24,23
6,0,6,8.0,1,1,2,10,2
17,5,17,28.4,1,1,2,18,2
12,2,12,14.5,1,0,2,8,3
14,2,14,28.1,1,1,7,88,17
5,1,5,3.1,1,0,2,8,3
15,6,15,17.8,1,0,2,58,3
12,5,12,21.6,1,1,2,9,3
12,5,12,20.8,0,1,2,21,2
20,5,20,21.3,0,0,2,14,2
18,1,18,28.0,1,1,4,10,4
6,1,6,12.0,0,1,22,37,4
5,0,5,13.9,1,0,0,2,0
19,4,19,28.1,0,0,9,9,19
11,0,11,14.1,1,0,2,11,13
4,6,4,14.9,1,0,17,11,18
15,5,15,28.6,1,1,2,52,2
14,4,14,22.4,0,0,2,13,2
22,4,22,25.9,0,1,0,0,0
17,0,17,33.7,1,1,7,69,17
14,4,14,14.9,1,1,5,11,5
20,5,20,23.7,0,0,2,15,2
20,4,20,13.0,1,1,2,23,3
11,3,11,26.2,1,1,11,25,11
5,6,5,14.1,1,0,8,11,8
15,3,15,17.7,1,1,1,2,0
10,0,10,25.5,1,0,7,34,16
8,1,8,15.5,0,1,2,0,2
15,2,15,29.7,1,1,2,3,2
12,0,12,13.4,0,0,0,6,0
15,3,15,21.7,1,0,7,34,36
8,6,8,18.2,1,1,2,28,2
14,1,14,29.7,1,1,2,14,3
20,2,20,11.8,0,1,9,6,58
11,5,11,28.8,0,0,0,15,0
21,6,21,24.6,1,0,0,10,1
12,5,12,25.5,1,1,2,23,3
14,0,14,23.4,0,0,2,2,3
17,4,17,18.8,1,0,1,60,1
8,1,8,12.3,1,1,2,44,2
8,1,8,16.7,1,1,1,8,1
12,6,12,14.1,1,0,0,14,0
17,1,17,11.8,0,0,2,31,13
18,5,18,35.0,1,1,2,14,3
13,0,13,23.2,1,1,2,18,2
17,6,17,16.7,0,0,2,6,3
22,0,22,17.5,0,1,0,9,0
21,0,21,12.8,1,0,2,1,2
6,6,6,13.0,1,1,2,7,3
16,3,16,30.1,1,1,6,18,6
13,5,13,14.8,1,0,2,40,2
21,6,21,17.1,0,0,2,2,2
13,6,13,13.4,1,0,0,23,0
7,1,7,9.4,1,1,2,23,2
14,4,14,12.5,0,0,7,13,17
23,3,23,15.0,0,1,0,0,0
17,1,17,18.3,0,1,2,13,2
13,5,13,30.6,1,1,2,27,2
7,0,7,10.3,1,1,2,6,3
15,3,15,20.8,0,1,7,34,36
0,6,0,18.4,1,0,13,26,10
6,5,6,13.3,1,1,2,8,3
7,2,7,11.3,1,1,2,6,3
8,4,8,17.8,1,1,2,9,3
10,5,10,24.7,0,1,2,28,2
16,6,16,30.0,1,1,0,13,0
12,1,12,8.7,0,3,2,6,2
13,3,13,26.8,0,1,2,13,3
19,1,19,25.9,1,1,2,1,2
18,5,18,8.3,0,0,13,53,8
10,4,10,23.9,1,1,1,17,0
22,0,22,24.0,0,0,2,20,2
12,4,12,23.8,1,1,2,19,13
15,0,15,32.3,0,0,16,20,3
1,6,1,18.1,1,0,25,11,23
0,4,0,14.4,0,3,2,20,3
18,1,18,22.2,0,1,2,23,2
2,3,2,3.8,0,0,11,25,6
23,4,23,19.3,1,1,2,48,13
9,1,9,18.6,1,1,4,10,2
17,2,17,13.5,0,0,1,2,0
11,4,11,9.7,0,0,17,3,14
8,6,8,19.0,1,0,6,18,6
12,2,12,27.4,1,1,0,2,0
11,5,11,20.0,1,1,0,6,0
16,0,16,32.8,1,1,2,8,3
15,5,15,24.8,1,0,2,8,2
17,5,17,16.4,0,0,2,13,3
14,1,14,24.3,1,1,16,20,2
7,3,7,16.8,1,1,16,20,3
13,3,13,22.7,1,3,7,39,43
7,5,7,11.3,1,1,2,2,2
13,2,13,34.4,1,1,2,50,3
1,3,1,11.2,0,0,5,11,5
8,6,8,16.4,1,1,2,18,2
10,2,10,21.7,0,0,15,29,4
6,6,6,12.9,1,1,0,10,2
0,0,0,16.8,0,0,0,6,1
22,6,22,25.1,0,0,4,10,2
20,0,20,26.1,1,1,47,11,14
12,3,12,23.3,1,1,2,30,2
22,1,22,4.2,0,0,11,25,6
11,1,11,27.3,0,0,2,70,4
10,3,10,21.8,1,1,7,28,50
9,5,9,14.2,1,1,7,14,47
4,4,4,11.7,0,0,11,25,6
8,2,8,3.7,1,0,2,20,3
19,5,19,10.9,1,0,2,0,3
9,6,9,23.3,1,1,1,17,0
8,3,8,12.3,1,1,1,8,2
14,2,14,15.9,0,1,7,69,17
13,5,13,26.2,1,1,2,20,3
14,5,14,30.2,0,1,3,5,0
8,5,8,10.5,1,1,2,23,2
21,1,21,14.0,1,0,2,10,3
6,6,6,12.1,1,1,1,2,0
16,6,16,20.2,1,0,2,18,2
9,4,9,21.3,0,1,2,2,2
21,0,21,24.8,1,1,1,9,0
13,0,13,29.1,0,0,3,5,0
23,6,23,14.1,0,0,0,0,0
0,2,0,4.1,0,0,11,25,11
10,6,10,24.5,1,1,0,9,1
14,2,14,31.4,0,1,2,10,4
4,4,4,8.7,0,0,77,23,5
15,1,15,29.3,1,1,2,3,2
12,4,12,24.9,1,1,12,23,4
19,2,19,34.4,1,1,2,7,3
15,2,15,13.4,0,0,0,5,2
17,1,17,17.8,1,0,2,13,2
19,1,19,25.6,0,0,2,23,2
12,5,12,16.4,1,0,0,6,0
2,6,2,1.3,0,0,2,1,2
12,3,12,11.5,0,0,2,30,2
14,6,14,11.9,1,0,4,72,2
9,0,9,5.4,1,0,21,11,5
10,6,10,17.2,0,1,2,9,3
6,1,6,11.6,1,1,4,10,2
15,4,15,29.0,1,1,3,5,0
7,0,7,7.7,1,0,2,12,3
15,5,15,33.3,1,1,2,58,2
13,0,13,29.4,1,1,2,20,13
17,4,17,26.0,0,1,0,9,0
7,5,7,9.9,1,1,0,18,2
12,4,12,25.5,0,0,2,12,3
0,2,0,2.5,1,0,11,25,6
13,1,13,27.8,1,1,13,26,10
16,3,16,30.6,1,1,0,8,0
6,5,6,13.9,1,1,2,8,3
19,4,19,14.6,1,0,0,40,0
12,1,12,9.6,1,1,7,28,44
19,3,19,8.6,0,0,2,6,3
12,3,12,18.5,1,0,7,41,17
12,3,12,29.6,1,1,6,40,26
16,4,16,33.5,1,1,2,15,3
7,1,7,15.1,1,1,2,13,2
11,0,11,30.5,1,1,9,95,48
22,4,22,21.2,0,0,6,18,6
15,4,15,25.2,1,1,2,6,2
7,1,7,9.8,1,1,2,13,2
13,2,13,34.8,1,1,0,23,2
8,6,8,20.0,1,1,2,3,2
7,2,7,12.7,1,0,7,120,36
22,6,22,16.4,1,1,19,32,15
11,0,11,23.7,0,0,0,15,0
20,0,20,12.7,0,0,0,2,0
17,5,17,15.6,1,0,2,14,3
19,5,19,25.2,1,1,6,18,6
15,0,15,29.7,1,1,0,10,0
13,3,13,29.2,1,1,0,23,2
20,2,20,19.9,1,0,0,20,0
6,2,6,2.5,0,0,2,48,13
1,0,1,16.5,1,0,11,25,6
18,0,18,30.3,1,1,2,23,2
13,5,13,17.3,0,0,2,5,13
11,3,11,19.0,1,1,2,11,4
19,0,19,25.2,1,1,27,23,5
21,6,21,21.2,1,1,2,7,2
6,4,6,10.0,1,1,2,2,2
14,4,14,25.3,1,1,5,11,5
7,0,7,13.1,1,1,3,5,13
6,1,6,7.8,1,0,2,9,3
10,6,10,23.4,1,1,2,65,4
16,5,16,33.8,1,1,2,2,3
12,5,12,21.8,1,1,11,25,11
9,2,9,20.6,1,0,2,7,3
12,1,12,19.5,1,1,1,0,0
22,1,22,13.4,0,0,2,7,3
15,1,15,22.3,1,1,2,2,2
14,6,14,31.1,1,0,28,46,14
23,5,23,11.1,0,0,3,5,0
10,4,10,6.3,1,3,2,20,13
17,4,17,27.3,0,1,0,23,0
23,5,23,19.2,1,1,2,48,13
21,0,21,18.1,0,0,2,8,2
16,2,16,33.0,1,1,2,8,3
8,3,8,15.4,1,1,21,11,5
17,4,17,17.1,0,0,7,67,103
17,2,17,30.3,0,0,7,73,17
7,4,7,12.3,1,1,7,13,17
18,0,18,12.5,0,0,0,9,1
22,5,22,23.5,0,0,4,10,2
21,6,21,21.3,1,1,0,27,0
16,2,16,18.8,0,1,0,1,0
10,3,10,22.7,1,1,2,14,2
4,5,4,10.6,1,0,2,3,3
1,4,1,19.0,0,0,0,27,0
12,0,12,20.0,0,0,2,27,3
15,3,15,27.1,1,0,7,34,16
8,0,8,17.6,1,1,2,0,3
0,2,0,19.2,1,0,2,5,8
6,6,6,14.6,1,1,4,10,15
23,1,23,11.8,1,0,2,68,13
15,3,15,25.7,0,0,0,0,1
6,3,6,13.8,1,1,2,2,3
13,5,13,30.8,1,1,1,2,2
17,1,17,28.7,1,1,2,7,2
7,0,7,12.9,1,1,17,11,18
23,6,23,16.0,1,0,7,6,17
21,0,21,23.7,1,1,0,8,0
13,6,13,14.3,0,1,7,95,77
13,6,13,28.3,0,1,2,7,3
13,6,13,15.4,0,0,2,7,3
15,1,15,26.7,0,0,0,3,1
2,5,2,9.3,1,0,8,11,8
1,6,1,14.8,0,0,17,76,14
23,4,23,20.2,0,0,4,10,2
17,4,17,25.8,0,0,2,10,3
12,1,12,24.2,1,1,2,20,13
13,6,13,15.4,1,0,0,23,0
21,3,21,15.0,0,0,0,14,1
10,6,10,12.8,1,0,2,28,2
9,5,9,9.1,0,1,0,0,0
21,2,21,21.5,1,1,2,23,2
6,1,6,8.8,1,1,4,10,2
10,1,10,26.0,1,1,2,1,3
13,6,13,28.7,1,1,1,8,0
15,3,15,25.8,1,1,7,41,17
8,0,8,17.9,1,1,2,10,8
2,5,2,12.7,0,0,77,23,5
19,3,19,22.3,1,1,2,13,2
18,4,18,28.5,0,1,7,69,17
18,2,18,25.5,1,1,2,2,2
10,4,10,21.5,1,1,2,12,2
16,6,16,16.1,0,0,4,10,2
16,1,16,11.2,0,0,2,10,2
11,6,11,24.9,0,1,0,9,0
13,5,13,30.5,1,1,2,23,2
6,5,6,17.8,1,1,2,16,2
17,0,17,27.6,1,1,1,60,1
19,5,19,25.3,1,1,16,20,3
14,3,14,24.7,0,0,2,21,2
12,3,12,27.6,1,1,10,24,23
22,5,22,8.7,0,0,3,5,0
20,5,20,19.1,1,1,0,20,0
20,1,20,19.4,0,0,2,27,2
14,1,14,30.8,0,1,1,0,0
6,2,6,14.3,1,1,4,10,15
20,5,20,23.2,0,0,0,2,0
0,1,0,10.2,1,0,3,5,15
23,5,23,4.0,0,0,0,18,0
10,5,10,20.1,1,1,0,21,0
16,1,16,30.2,1,1,1,2,0
14,0,14,19.0,1,0,16,20,3
13,6,13,27.7,1,1,0,23,0
8,1,8,17.9,0,1,20,33,5
12,5,12,25.8,1,1,2,12,3
5,1,5,8.8,0,0,21,23,5
10,3,10,22.6,1,1,2,7,3
11,1,11,15.0,0,0,2,20,3
13,0,13,34.1,1,1,2,13,2
14,5,14,28.2,0,0,4,10,4
14,5,14,21.1,0,0,2,28,2
20,5,20,15.7,0,0,2,14,2
12,3,12,30.0,0,3,9,88,28
6,3,6,14.3,1,1,2,2,3
18,5,18,33.7,1,1,0,1,0
10,5,10,11.8,0,0,2,1,3
6,2,6,14.1,1,1,4,10,2
6,5,6,13.2,1,1,4,10,2
22,5,22,15.1,0,1,1,9,0
20,3,20,16.4,1,1,0,6,0
6,6,6,13.0,0,1,2,31,13
15,4,15,12.4,0,0,0,28,0
10,5,10,23.9,1,1,2,13,3
14,1,14,29.2,1,1,1,6,0
12,2,12,23.3,1,1,2,8,2
13,4,13,25.9,1,1,13,26,10
14,6,14,15.9,0,0,0,8,0
21,5,21,20.5,1,1,4,10,2
8,0,8,16.9,1,0,7,34,16
16,3,16,34.0,1,1,2,9,2
14,1,14,26.4,0,0,16,20,3
9,0,9,22.4,1,1,7,9,42
20,4,20,24.0,0,0,1,9,2
23,5,23,19.6,1,1,2,48,13
10,6,10,22.1,1,0,7,155,66
18,1,18,30.4,1,1,0,6,0
15,5,15,17.7,0,0,0,36,0
6,3,6,12.6,1,1,0,9,0
21,5,21,8.0,0,0,0,2,0
14,2,14,27.9,1,1,0,40,0
7,6,7,14.4,0,1,26,47,10
6,6,6,10.7,1,1,2,7,2
7,3,7,5.4,0,0,2,7,2
8,5,8,16.6,1,1,0,15,1
8,5,8,19.3,1,1,0,13,0
21,6,21,10.7,0,0,2,6,3
8,4,8,11.5,1,1,1,0,2
11,4,11,28.1,0,0,9,39,17
15,6,15,23.1,1,0,0,13,0
15,0,15,28.8,0,1,0,9,0
17,5,17,31.4,1,0,2,6,3
7,1,7,7.9,0,0,21,23,5
21,4,21,13.5,0,0,0,8,1
15,0,15,27.2,1,0,3,5,0
21,2,21,23.3,0,0,2,20,13
22,2,22,9.7,0,3,2,8,3
10,0,10,9.5,1,0,7,34,36
6,5,6,13.9,0,1,26,47,10
22,1,22,19.2,1,1,19,32,15
5,5,5,-2.0,1,0,4,10,2
11,0,11,13.9,1,0,13,26,10
6,2,6,14.0,0,0,21,23,5
15,5,15,32.3,1,1,2,26,13
13,6,13,29.1,0,0,2,44,2
17,0,17,31.9,1,1,2,40,2
17,0,17,30.5,1,1,2,6,3
17,1,17,35.6,0,0,2,3,2
12,2,12,18.6,1,1,2,20,2
21,1,21,23.0,1,1,0,0,0
20,5,20,27.8,1,1,1,8,1
13,1,13,26.0,1,1,2,27,2
12,1,12,20.1,1,1,0,8,0
15,2,15,14.7,0,0,2,7,3
12,6,12,27.7,1,1,7,99,37
11,4,11,14.8,1,0,0,28,0
20,1,20,13.0,1,0,2,23,3
11,2,11,26.6,1,1,2,14,2
13,5,13,29.5,1,1,0,23,2
12,4,12,31.1,1,1,2,13,2
22,2,22,19.0,0,0,2,8,3
7,3,7,13.0,1,1,2,0,2
15,3,15,23.3,1,1,7,34,16
3,5,3,9.7,0,0,77,23,5
21,5,21,20.6,1,1,0,27,0
20,0,20,9.8,0,0,6,18,6
17,6,17,16.9,0,0,2,15,3
11,1,11,25.0,1,1,2,40,3
18,2,18,31.5,1,1,2,9,2
17,3,17,29.6,1,1,2,8,3
4,5,4,7.8,0,0,21,23,5
13,1,13,25.3,1,0,1,6,1
23,6,23,7.5,0,0,2,10,2
14,2,14,20.6,1,0,0,2,0
22,3,22,8.7,1,0,16,20,1
20,6,20,14.7,1,1,2,10,3
6,1,6,12.1,1,1,1,27,1
21,1,21,12.2,0,0,5,11,5
3,6,3,9.1,1,0,8,11,8
9,1,9,24.1,0,1,0,1,0
17,6,17,28.2,1,1,0,15,0
14,2,14,26.4,0,0,3,5,0
22,1,22,22.1,1,1,25,11,23
19,1,19,32.6,1,1,0,18,2
14,0,14,25.4,0,1,2,12,3
21,6,21,13.3,0,1,2,0,2
17,2,17,27.4,0,0,0,23,0
20,4,20,22.6,1,1,2,0,2
11,2,11,27.8,1,1,2,13,2
23,0,23,19.3,1,0,2,8,3
12,1,12,28.9,1,1,0,3,2
16,5,16,32.5,1,1,2,9,3
19,5,19,29.7,1,1,2,0,2
8,4,8,12.6,0,1,2,6,3
15,1,15,25.1,0,0,2,8,3
10,4,10,8.1,1,1,2,2,3
19,5,19,17.1,1,1,2,26,4
5,5,5,13.4,1,0,2,9,2
14,3,14,34.1,1,1,2,13,2
19,4,19,25.7,1,1,0,18,2
17,4,17,30.6,0,1,2,16,2
10,3,10,9.0,1,0,0,9,0
10,6,10,16.6,1,1,2,13,2
9,1,9,5.8,1,1,7,6,27
23,6,23,20.4,0,1,2,9,2
18,5,18,16.5,1,0,2,15,3
12,1,12,24.4,1,1,2,21,2
15,5,15,20.9,1,1,2,58,2
14,2,14,13.6,1,0,1,2,0
17,0,17,29.2,0,0,7,34,16
10,0,10,24.4,1,0,7,34,16
16,2,16,29.0,1,1,1,3,1
16,2,16,14.8,0,0,2,15,2
15,1,15,15.6,1,0,2,18,2
22,2,22,20.0,1,1,20,33,5
10,3,10,24.5,1,1,6,18,6
6,5,6,13.1,1,1,2,7,2
15,3,15,29.2,0,0,39,23,12
12,5,12,27.3,0,0,2,40,3
4,5,4,3.8,0,0,3,5,13
14,5,14,26.3,1,1,2,8,2
13,1,13,30.1,1,1,15,29,4
0,2,0,20.1,0,0,4,10,2
10,1,10,28.1,1,1,2,19,4
23,0,23,20.3,1,1,26,47,10
14,5,14,21.9,0,0,6,18,21
13,1,13,30.7,0,1,2,14,2
11,1,11,23.5,1,1,2,6,3
6,0,6,10.9,1,1,31,74,40
11,4,11,17.3,0,0,1,18,1
15,6,15,16.6,1,0,6,18,6
18,0,18,15.4,0,1,0,21,0
22,5,22,20.7,1,1,25,62,13
14,5,14,26.1,0,0,2,5,8
8,1,8,10.9,0,0,2,6,3
9,5,9,21.6,1,0,7,69,17
11,1,11,13.2,1,0,2,19,4
11,1,11,16.1,0,0,2,2,3
9,0,9,13.6,1,1,7,71,17
12,5,12,14.6,1,0,2,10,2
6,4,6,15.5,1,1,2,7,2
23,5,23,20.0,1,1,2,68,13
20,2,20,9.1,1,0,4,10,2
8,4,8,2.8,1,1,2,18,2
21,0,21,23.7,0,0,0,14,0
9,1,9,17.0,0,1,0,6,1
13,0,13,22.3,0,0,2,23,3
0,3,0,12.5,0,0,2,8,2
6,6,6,6.1,0,0,2,68,4
14,2,14,29.1,1,0,0,2,0
23,2,23,5.2,0,0,11,25,6
15,0,15,25.9,1,1,2,13,2
6,2,6,13.4,1,1,1,20,2
1,4,1,18.6,0,0,27,76,5
6,3,6,17.7,1,1,0,8,0
11,5,11,23.3,1,1,0,21,0
13,1,13,28.9,1,1,2,27,2
15,5,15,28.6,0,0,2,8,3
21,1,21,17.4,1,1,2,23,2
15,2,15,30.5,1,1,0,1,1
15,0,15,26.8,0,0,2,30,3
4,5,4,1.4,0,0,16,20,3
7,1,7,5.8,0,0,10,24,10
23,0,23,16.6,1,1,2,68,13
15,3,15,34.1,1,1,3,5,0
8,0,8,12.3,1,1,2,5,13
11,4,11,21.5,0,0,0,18,0
22,1,22,8.9,1,0,19,32,15
13,6,13,32.9,1,1,23,43,4
17,4,17,13.0,0,0,0,13,0
22,4,22,22.2,1,1,1,0,0
22,5,22,18.0,0,0,0,3,0
13,0,13,29.0,1,1,2,8,3
8,4,8,13.9,1,1,2,13,2
19,6,19,29.9,1,1,0,40,0
17,6,17,12.5,1,0,2,18,2
23,5,23,18.5,0,0,2,8,3
18,4,18,11.5,0,0,0,15,0
17,1,17,30.0,1,1,1,6,2
10,4,10,21.0,1,1,0,0,1
18,4,18,27.6,1,0,2,13,3
15,2,15,20.6,1,0,0,21,0
14,3,14,26.8,1,1,2,12,2
21,2,21,20.8,0,1,2,23,2
14,6,14,16.7,0,0,7,14,36
19,2,19,20.4,1,1,0,1,0
7,3,7,6.6,0,0,25,11,13
12,3,12,25.9,1,1,0,3,2
4,5,4,7.8,1,0,2,1,2
7,2,7,14.6,1,1,2,8,3
2,0,2,4.5,1,0,11,25,11
6,1,6,6.2,0,0,21,23,5
9,3,9,23.1,1,1,2,19,4
14,2,14,28.1,1,1,0,13,1
17,5,17,32.4,1,1,1,60,0
11,6,11,17.6,1,0,16,20,3
1,6,1,15.0,1,0,2,29,4
6,3,6,14.0,1,1,1,89,1
9,5,9,17.7,0,0,14,20,12
21,4,21,20.7,0,1,0,0,0
11,3,11,20.2,1,1,1,5,0
6,5,6,8.6,0,0,2,68,4
14,0,14,21.7,0,0,32,67,35
18,4,18,14.4,1,1,1,18,0
11,0,11,24.6,1,1,2,9,2
11,1,11,10.6,0,0,2,83,2
18,3,18,9.5,0,0,0,23,0
11,4,11,28.0,1,1,2,21,2
23,2,23,17.3,1,1,25,62,13
11,6,11,26.1,1,1,0,28,0
1,0,1,16.8,1,0,11,25,6
10,4,10,6.0,1,0,2,14,3
15,1,15,31.9,1,1,0,8,0
6,2,6,6.4,1,1,1,18,2
22,1,22,18.4,1,1,19,32,15
11,0,11,15.0,1,1,7,88,17
11,2,11,24.5,1,1,2,9,2
17,6,17,14.7,1,0,1,60,0
21,2,21,21.4,0,1,2,20,3
10,3,10,21.1,0,1,2,21,2
13,3,13,28.0,1,1,0,9,0
11,3,11,26.1,1,1,2,8,2
7,0,7,0.4,1,0,0,8,0
7,0,7,12.0,1,1,2,15,3
11,3,11,10.3,1,0,13,26,10
13,0,13,27.9,1,1,2,18,3
9,6,9,21.3,1,1,2,7,3
19,5,19,26.0,1,0,7,69,17
13,6,13,22.2,0,1,1,6,1
12,2,12,11.4,1,0,2,18,2
11,4,11,28.2,1,1,1,36,0
6,5,6,13.8,1,1,2,6,3
17,0,17,35.5,1,1,0,28,0
19,1,19,28.9,1,1,2,0,3
5,4,5,11.3,0,0,21,23,5
9,4,9,20.6,1,1,4,10,2
6,0,6,13.6,0,0,2,11,13
19,5,19,33.3,0,1,0,61,0
6,6,6,11.0,0,0,2,5,13
18,4,18,29.5,1,1,2,8,3
13,6,13,30.9,1,1,23,43,4
13,6,13,27.2,0,0,16,20,2
18,0,18,30.6,1,1,1,6,0
15,0,15,18.3,1,1,16,44,2
22,2,22,10.6,0,0,1,14,2
6,4,6,14.5,1,1,16,20,3
8,5,8,8.3,0,0,0,23,1
10,5,10,17.2,0,1,31,64,33
18,6,18,23.7,0,0,0,6,0
14,5,14,17.2,0,0,0,28,0
2,0,2,7.2,1,0,17,11,14
13,2,13,15.8,0,0,2,5,13
16,0,16,19.4,1,1,2,13,2
19,5,19,24.4,1,1,0,6,1
9,4,9,21.0,0,1,2,20,4
9,1,9,16.8,0,0,2,2,3
18,4,18,20.2,1,1,0,15,0
16,6,16,21.1,1,0,2,40,2
13,6,13,13.7,1,0,2,6,3
10,4,10,18.7,0,1,0,1,0
14,6,14,17.3,1,0,7,40,98
11,3,11,24.5,1,1,10,24,32
14,0,14,23.4,1,1,1,0,2
12,3,12,21.1,0,1,2,0,2
7,1,7,12.6,1,1,2,2,3
15,6,15,33.4,0,0,1,13,1
23,5,23,8.5,1,0,17,11,14
12,1,12,22.9,0,1,2,27,2
19,5,19,26.3,0,0,11,25,11
17,4,17,29.8,1,1,1,40,0
23,6,23,7.3,0,0,1,0,0
16,0,16,28.9,1,1,16,44,3
4,3,4,2.9,1,0,11,25,6
13,2,13,26.0,1,1,2,13,2
10,3,10,8.9,1,0,7,86,17
19,1,19,7.3,1,0,1,18,0
16,4,16,19.8,1,0,0,8,1
6,2,6,11.5,1,1,16,20,3
14,6,14,33.0,0,0,2,83,2
8,1,8,14.9,1,1,1,13,0
12,2,12,19.3,1,1,1,0,0
10,3,10,19.1,0,0,2,20,4
10,1,10,24.9,1,1,9,51,24
23,4,23,5.2,1,0,2,31,13
7,3,7,14.4,1,1,16,20,3
15,3,15,24.5,1,1,7,34,36
6,6,6,15.7,1,1,1,27,1
17,5,17,28.2,1,1,2,5,13
8,3,8,15.8,1,1,2,10,13
18,3,18,23.3,0,0,1,44,0
22,4,22,20.0,0,1,0,0,0
9,1,9,16.3,1,0,9,39,102
21,0,21,24.3,1,1,0,6,0
12,1,12,24.6,1,1,2,20,3
8,2,8,16.1,0,1,0,2,0
11,4,11,11.8,0,0,16,20,3
17,4,17,13.1,0,0,2,0,3
8,2,8,14.6,0,1,20,33,5
2,2,2,17.4,0,0,0,27,1
12,0,12,24.1,1,0,2,14,3
16,3,16,17.9,0,0,7,34,16
17,3,17,32.6,0,1,6,18,6
11,2,11,10.6,1,0,2,6,3
23,1,23,23.4,1,1,6,18,21
13,6,13,18.8,1,0,15,29,4
6,0,6,13.8,1,1,2,8,3
18,0,18,29.9,1,1,2,9,2
17,3,17,13.2,0,0,16,20,3
23,1,23,20.2,1,1,2,48,4
10,6,10,23.9,0,0,2,2,2
13,1,13,26.9,1,1,23,43,4
11,2,11,16.0,1,1,0,1,0
15,0,15,18.3,1,0,1,8,0
14,6,14,18.7,1,1,4,72,2
19,0,19,28.2,1,1,2,14,2
18,1,18,18.4,0,1,31,64,33
6,3,6,18.2,1,1,1,20,1
16,6,16,30.6,1,1,2,0,2
14,4,14,23.8,1,0,2,36,2
15,4,15,25.3,1,0,2,2,3
8,6,8,18.4,1,1,0,12,0
18,4,18,16.3,0,0,2,16,2
20,3,20,26.4,0,0,4,10,2
12,2,12,29.2,1,1,11,25,11
13,3,13,23.0,1,1,11,25,11
11,1,11,20.6,1,1,0,9,0
11,1,11,29.3,1,1,2,13,2
12,6,12,25.1,1,1,10,24,23
10,5,10,20.5,0,0,2,0,2
16,5,16,31.6,0,0,0,28,1
13,0,13,16.4,1,0,0,23,0
16,0,16,32.9,1,1,0,40,0
21,5,21,23.1,0,0,2,8,3
10,1,10,26.6,0,0,2,20,4
6,2,6,15.1,1,1,1,20,2
17,3,17,27.9,1,1,2,15,3
1,5,1,14.5,0,0,0,6,1
2,2,2,9.3,1,0,5,11,5
16,5,16,21.4,1,1,2,20,4
20,5,20,16.5,1,1,2,10,3
9,5,9,15.4,1,1,2,18,2
11,0,11,12.0,1,0,7,34,77
16,1,16,33.2,1,1,0,3,0
19,1,19,14.5,0,0,1,0,0
13,1,13,26.1,0,0,2,4,4
18,2,18,25.8,0,0,0,9,1
11,3,11,11.9,1,0,2,20,2
21,6,21,18.8,1,1,25,11,13
18,5,18,22.3,0,0,0,9,1
12,5,12,27.1,0,1,2,12,2
20,2,20,13.5,0,3,0,2,0
11,4,11,15.4,1,0,2,0,3
5,5,5,12.6,1,0,2,10,2
7,4,7,13.0,1,1,0,18,2
20,6,20,16.7,0,1,2,13,3
11,2,11,31.0,1,1,2,8,3
10,2,10,5.7,1,0,2,0,3
20,0,20,20.7,1,1,2,8,3
7,1,7,15.5,1,1,2,8,2
7,4,7,13.3,1,1,0,15,0
8,5,8,17.9,1,1,2,13,2
14,4,14,20.6,1,0,28,46,14
13,3,13,24.9,1,0,2,14,3
8,3,8,14.2,1,1,2,10,3
7,5,7,12.7,1,1,0,9,1
0,3,0,11.9,1,0,2,5,13
23,1,23,18.9,1,1,2,48,4
8,0,8,11.9,1,1,2,44,2
17,1,17,30.7,1,1,2,14,2
20,2,20,19.6,0,0,85,20,12
20,2,20,4.9,0,0,6,18,6
10,2,10,11.3,0,0,2,8,3
10,5,10,21.1,1,0,7,39,16
5,4,5,16.0,0,0,16,20,3
17,1,17,22.6,1,1,16,3,3
7,0,7,-0.2,1,1,2,6,2
6,5,6,13.2,1,1,2,2,2
13,3,13,30.4,1,1,2,8,2
13,3,13,12.8,0,0,2,14,3
9,2,9,9.3,1,0,7,69,17
15,5,15,20.9,0,0,2,2,3
17,1,17,17.0,1,0,2,14,3
19,3,19,28.6,1,0,0,40,0
6,2,6,0.0,0,0,2,26,4
9,5,9,23.6,1,1,4,10,2
14,0,14,31.1,1,1,1,2,2
0,0,0,13.1,0,0,0,8,0
13,5,13,27.4,0,1,0,14,1
6,1,6,13.7,1,1,1,2,1
23,0,23,21.4,1,1,18,31,4
5,0,5,15.0,0,0,2,7,3
6,0,6,13.5,1,1,2,2,3
8,2,8,13.1,0,1,2,12,2
10,6,10,17.5,1,1,2,0,2
0,4,0,7.9,0,0,47,11,14
17,2,17,7.1,0,0,2,2,3
13,6,13,29.1,1,1,2,13,2
16,0,16,32.5,0,1,0,9,0
8,1,8,12.9,1,0,2,2,3
17,0,17,13.2,0,1,7,67,43
6,6,6,16.3,1,1,2,8,2
16,5,16,17.8,0,0,2,13,2
19,4,19,33.8,1,1,2,7,3
6,4,6,9.8,1,1,2,2,2
16,5,16,31.9,1,1,2,2,2
14,0,14,32.7,1,1,1,13,2
14,3,14,28.2,0,1,7,55,30
13,2,13,29.7,1,1,5,11,5
19,4,19,10.9,0,0,0,9,0
15,6,15,32.0,1,1,2,13,2
7,6,7,12.4,1,1,0,15,1
13,6,13,29.3,1,1,1,8,0
16,3,16,31.9,1,0,7,34,16
6,0,6,7.0,1,0,2,6,2
13,2,13,29.3,1,1,0,2,0
17,4,17,25.5,1,0,2,27,2
6,5,6,7.6,1,1,0,6,0
21,1,21,20.7,1,1,0,8,1
21,4,21,18.8,0,0,1,16,2
15,2,15,30.2,1,1,0,40,0
6,0,6,7.3,1,0,2,6,3
0,5,0,19.6,1,0,6,18,6
10,4,10,25.0,1,1,6,18,20
8,3,8,3.2,0,0,17,23,14
18,1,18,16.6,1,0,2,14,2
8,1,8,20.0,1,1,0,13,0
22,2,22,20.9,0,0,2,15,3
3,5,3,9.8,0,0,11,25,6
19,5,19,29.2,1,1,2,6,3
10,5,10,22.2,1,1,2,30,2
19,4,19,23.7,1,1,0,2,0
11,4,11,22.7,1,1,2,14,3
6,5,6,11.7,1,1,2,10,2
7,4,7,9.5,1,1,2,10,13
18,5,18,34.2,1,1,0,13,0
12,5,12,17.2,1,0,2,36,2
10,6,10,24.3,1,1,0,15,0
15,5,15,24.9,0,1,0,28,0
1,6,1,3.4,1,0,16,20,3
16,5,16,21.6,1,1,2,18,2
18,5,18,27.9,1,1,16,20,3
22,4,22,26.4,0,0,2,6,2
9,5,9,13.1,1,0,2,80,13
19,1,19,26.8,1,1,2,1,2
15,5,15,30.7,1,1,2,52,2
12,1,12,14.5,0,0,0,8,0
15,0,15,33.0,1,1,0,28,0
20,2,20,29.8,1,1,0,15,0
8,4,8,15.0,1,1,2,15,2
12,6,12,27.5,1,1,2,23,2
21,2,21,22.4,0,0,2,8,3
23,6,23,5.3,1,0,6,18,6
11,3,11,23.0,1,1,7,69,17
16,2,16,14.9,0,0,2,8,2
13,5,13,28.6,1,0,0,3,0
22,6,22,7.2,0,0,11,25,6
23,6,23,19.3,0,1,1,9,0
12,2,12,15.6,0,0,2,0,3
15,6,15,29.8,1,1,2,44,2
8,4,8,16.6,1,1,2,7,2
8,3,8,14.5,1,1,1,6,1
15,5,15,16.8,0,0,0,20,0
16,1,16,19.4,1,0,2,27,3
15,1,15,26.6,1,1,2,58,3
13,5,13,13.8,0,0,16,44,2
10,0,10,7.2,1,0,7,34,16
18,0,18,15.4,1,1,1,18,2
21,3,21,21.9,1,1,0,6,0
15,4,15,33.9,1,1,3,5,0
14,1,14,30.9,1,1,2,10,2
6,3,6,15.1,1,1,1,3,1
23,3,23,11.9,0,0,0,2,0
12,6,12,21.3,0,1,2,12,3
17,0,17,12.0,1,0,2,23,3
11,2,11,23.0,0,0,15,29,4
13,6,13,30.9,1,1,2,50,2
18,6,18,11.7,1,0,2,9,3
12,1,12,14.5,0,0,2,4,4
23,4,23,19.5,1,1,26,47,10
21,1,21,17.3,0,0,2,2,3
15,6,15,19.2,1,0,3,5,0
13,6,13,28.8,0,0,7,21,47
7,5,7,14.6,1,1,2,12,2
20,2,20,14.1,0,0,0,27,0
13,6,13,15.3,0,0,5,8,5
12,1,12,23.8,0,1,0,20,0
14,3,14,25.4,0,1,7,34,16
3,4,3,3.9,1,0,8,11,8
21,0,21,20.8,1,1,2,26,4
10,2,10,8.5,0,0,0,15,0
15,0,15,28.6,1,0,9,63,28
17,5,17,14.5,0,0,9,105,58
15,5,15,21.4,0,0,1,14,2
17,4,17,31.2,1,1,0,8,0
9,1,9,27.7,1,1,0,21,0
14,5,14,24.9,0,0,2,5,4
13,4,13,25.4,1,1,0,23,0
13,1,13,19.8,0,1,7,69,17
20,6,20,23.4,1,1,0,9,1
13,2,13,15.1,1,0,2,10,2
21,3,21,24.4,1,1,0,6,0
6,6,6,13.5,1,1,2,8,2
10,1,10,21.6,0,0,2,14,2
12,1,12,14.9,0,0,6,18,21
13,2,13,29.6,1,1,1,2,1
8,5,8,8.7,1,1,1,40,0
8,0,8,19.8,0,0,5,23,5
13,2,13,31.4,0,1,2,12,3
13,1,13,24.4,1,1,2,8,2
13,5,13,20.1,0,0,0,21,0
13,4,13,31.8,1,1,1,14,2
11,4,11,10.5,0,0,2,40,3
15,4,15,28.9,1,1,2,52,2
10,1,10,23.2,1,1,2,2,3
7,4,7,13.7,1,0,2,14,2
21,0,21,19.2,1,1,0,10,1
18,0,18,30.5,0,0,2,15,2
18,5,18,15.3,1,0,0,50,0
17,5,17,17.8,0,0,1,2,0
6,0,6,14.6,1,1,7,74,47
10,6,10,27.2,1,1,2,40,3
9,3,9,16.2,1,1,7,99,7
22,6,22,14.2,1,1,19,32,15
10,2,10,22.8,0,1,2,14,2
22,0,22,5.8,1,0,8,11,8
0,4,0,21.1,1,1,2,11,4
4,4,4,2.8,0,0,3,5,13
22,6,22,16.6,0,1,2,0,3
21,0,21,19.8,0,1,0,9,0
12,6,12,12.5,1,0,0,9,1
18,0,18,31.0,0,1,0,21,0
18,6,18,15.0,1,0,0,14,0
16,6,16,30.3,1,1,2,30,2
10,3,10,18.8,1,1,2,40,2
14,2,14,18.6,1,1,16,20,2
13,2,13,26.5,1,1,13,26,10
19,4,19,21.1,0,0,2,12,3
8,3,8,21.6,1,1,8,5,8
22,6,22,21.2,0,0,2,20,3
8,5,8,13.0,1,1,0,16,0
15,1,15,30.3,1,1,0,15,0
10,4,10,13.3,1,1,2,6,3
18,3,18,25.4,1,1,16,20,3
16,2,16,19.7,1,0,7,99,27
21,5,21,20.0,0,0,2,7,2
20,2,20,20.8,0,0,31,15,40
17,4,17,19.8,1,0,4,10,4
7,3,7,16.7,1,1,2,0,3
7,0,7,12.7,1,1,2,36,2
6,1,6,12.0,0,0,21,23,5
6,0,6,13.3,1,1,1,3,1
10,5,10,10.4,0,0,78,67,80
6,2,6,3.0,1,0,2,0,3
15,2,15,29.8,1,1,0,2,0
17,3,17,26.6,1,0,7,34,36
7,0,7,13.8,1,1,2,36,2
16,1,16,31.3,1,1,0,8,0
9,1,9,7.4,0,0,13,26,10
10,5,10,19.2,1,0,2,0,3
6,1,6,15.4,0,0,2,68,13
12,1,12,13.5,1,0,32,39,39
18,4,18,11.1,0,0,0,138,0
8,0,8,3.9,1,0,2,10,3
22,4,22,6.4,0,3,2,10,2
23,3,23,20.1,1,1,26,47,10
14,2,14,9.8,0,0,2,3,3
10,0,10,24.5,1,0,9,39,17
9,1,9,17.1,1,0,2,13,3
14,3,14,18.8,0,0,16,44,2
0,0,0,14.5,0,0,2,9,2
9,4,9,19.8,1,1,2,5,4
14,6,14,16.8,1,0,16,20,3
16,5,16,34.8,1,1,2,1,3
17,1,17,30.5,1,1,2,2,2
15,1,15,26.2,0,1,2,0,2
10,4,10,26.4,1,1,2,40,2
14,6,14,18.8,1,0,3,5,0
11,4,11,25.3,1,1,2,12,3
19,1,19,28.4,1,1,16,20,3
18,0,18,22.5,1,0,4,10,4
6,3,6,7.3,1,0,2,8,3
15,5,15,22.2,1,1,1,9,0
12,3,12,32.6,1,1,2,12,3
10,3,10,18.8,1,1,2,13,2
20,4,20,6.2,0,0,2,13,3
4,4,4,12.6,0,3,16,20,3
13,4,13,24.7,1,1,2,14,3
15,0,15,29.8,1,1,0,28,0
21,4,21,19.8,0,0,2,9,2
18,4,18,28.2,0,0,2,20,3
17,6,17,10.0,0,0,2,6,3
18,3,18,29.8,1,0,7,34,16
13,5,13,24.0,1,1,2,23,2
11,0,11,13.7,1,0,7,34,16
11,1,11,10.7,0,0,2,83,2
16,0,16,27.7,1,0,2,13,3
8,4,8,20.3,1,1,21,11,5
9,0,9,20.1,1,1,2,18,2
1,6,1,5.6,1,0,11,25,6
13,1,13,16.5,0,1,2,0,2
15,2,15,31.1,1,1,3,5,0
13,1,13,27.7,1,1,2,6,3
7,0,7,12.9,0,1,20,33,5
18,1,18,11.5,0,0,2,10,13
13,0,13,14.7,1,0,2,6,3
13,6,13,28.5,1,1,2,13,3
13,6,13,15.2,0,0,1,27,0
6,5,6,13.9,1,1,2,2,3
13,2,13,27.4,1,1,2,8,3
7,1,7,13.2,1,1,2,13,3
9,3,9,16.0,1,1,21,11,5
9,6,9,4.4,0,0,0,2,0
14,0,14,19.1,1,1,2,13,2
0,2,0,19.8,0,0,0,8,0
4,4,4,8.7,0,0,2,6,2
7,0,7,8.9,1,1,2,36,2
8,2,8,16.5,1,0,2,19,4
22,4,22,18.4,1,1,1,0,0
11,2,11,22.8,0,0,9,39,17
10,6,10,22.6,1,1,5,11,5
14,3,14,24.1,1,0,2,12,3
19,5,19,16.9,1,0,16,20,1
8,5,8,7.9,1,0,21,25,5
13,3,13,23.8,1,1,2,0,3
19,4,19,24.8,1,1,2,0,2
13,1,13,26.9,1,1,12,23,4
17,5,17,33.1,1,1,2,40,2
12,5,12,11.1,0,0,2,13,2
20,5,20,12.1,0,0,13,26,10
6,5,6,13.9,0,0,2,11,4
10,1,10,6.4,1,0,2,14,2
14,6,14,28.8,1,1,15,29,4
17,2,17,26.9,1,1,2,18,2
4,4,4,-0.4,1,0,34,10,12
10,6,10,23.4,1,1,0,9,1
0,6,0,8.5,1,0,2,4,4
19,2,19,27.3,1,1,16,20,3
12,3,12,10.4,1,3,7,67,39
12,1,12,30.3,1,1,1,42,0
12,3,12,19.3,1,0,7,74,7
20,3,20,15.1,1,1,1,0,0
14,6,14,17.5,1,0,15,29,4
13,0,13,29.0,0,1,6,18,6
20,2,20,31.7,1,1,2,0,2
12,0,12,28.2,1,1,2,20,13
21,6,21,18.0,0,0,30,141,57
17,2,17,27.4,1,1,2,20,3
22,4,22,12.5,0,0,1,6,0
16,3,16,17.8,0,0,4,10,2
11,5,11,24.3,0,0,5,23,5
12,5,12,31.2,1,1,5,11,5
11,5,11,24.1,1,0,27,46,5
13,2,13,25.4,1,1,0,23,2
22,4,22,18.2,1,1,20,33,5
13,5,13,15.1,1,0,2,10,2
18,4,18,23.0,0,0,0,8,0
23,3,23,22.2,0,0,1,6,1
4,6,4,5.5,1,0,8,11,8
23,4,23,17.7,1,1,19,32,15
6,1,6,14.9,1,1,2,7,2
14,4,14,33.0,1,1,7,91,17
10,5,10,23.4,0,1,2,1,3
13,0,13,16.4,0,0,2,8,3
9,5,9,23.4,1,1,2,12,2
23,4,23,21.6,0,1,2,9,2
8,1,8,17.0,0,0,2,26,4
21,2,21,21.8,1,1,0,27,0
1,2,1,17.2,0,0,27,76,5
21,2,21,18.2,1,1,2,1,2
6,5,6,8.1,1,1,2,6,3
20,4,20,8.6,0,0,2,9,2
11,2,11,25.3,1,0,2,20,13
14,6,14,17.9,0,0,0,20,0
17,0,17,28.5,1,1,2,8,3
9,0,9,11.8,1,0,7,34,36
10,6,10,23.8,1,1,2,65,4
17,1,17,12.4,1,0,16,3,1
15,4,15,19.0,0,0,1,13,2
15,1,15,22.3,0,1,2,6,3
7,5,7,12.3,1,1,2,23,2
9,3,9,14.5,1,1,2,5,13
14,3,14,30.7,1,1,2,13,3
6,3,6,12.5,1,1,2,8,2
15,0,15,22.3,0,0,1,2,1
6,4,6,11.0,1,1,2,0,3
19,2,19,34.6,1,1,2,9,3
15,1,15,30.5,1,1,3,5,0
10,5,10,14.7,0,0,2,14,3
5,1,5,9.4,1,0,2,8,3
18,5,18,17.7,0,0,0,13,0
14,5,14,27.2,1,1,16,20,2
13,3,13,11.6,1,0,0,6,0
22,6,22,25.1,0,0,0,6,0
16,0,16,33.1,1,1,0,6,0
10,3,10,9.4,0,0,2,8,3
21,6,21,14.6,0,0,2,13,3
12,3,12,27.9,1,1,0,9,0
20,5,20,11.6,0,0,1,0,0
12,6,12,26.7,1,1,0,13,0
19,1,19,25.0,1,1,0,14,0
20,0,20,32.6,0,1,0,28,0
18,1,18,8.5,0,0,11,25,11
9,1,9,25.1,1,1,2,0,3
8,5,8,0.4,1,0,17,11,18
15,1,15,26.7,0,0,9,41,48
5,5,5,14.4,1,0,0,3,2
21,5,21,7.8,0,0,2,6,3
21,2,21,22.5,0,1,2,52,2
14,0,14,30.9,1,1,2,9,2
22,2,22,17.2,1,1,20,33,5
10,6,10,15.5,1,1,2,14,3
22,1,22,17.1,1,1,19,32,15
11,5,11,20.1,1,1,2,9,3
17,2,17,36.2,1,1,2,23,2
19,0,19,11.1,0,0,2,0,3
12,1,12,29.2,1,1,9,41,19
9,0,9,12.9,1,1,9,39,24
9,2,9,19.3,0,0,13,26,10
21,5,21,26.4,0,1,2,19,13
10,2,10,24.3,1,3,32,63,39
14,2,14,28.0,1,1,0,2,0
14,5,14,26.5,1,1,1,8,0
15,5,15,27.3,1,1,2,3,2
9,1,9,13.8,1,1,2,7,3
12,0,12,26.9,1,1,2,3,2
15,0,15,35.6,1,1,2,3,2
14,4,14,33.7,1,1,2,10,2
18,1,18,19.0,0,0,2,13,2
16,2,16,24.7,1,0,2,7,3
20,1,20,22.4,1,1,0,18,2
19,4,19,21.2,0,1,2,12,2
0,0,0,10.7,0,0,2,58,3
20,3,20,20.1,1,1,2,6,2
17,5,17,16.5,0,0,2,31,13
12,3,12,11.1,1,0,0,9,0
11,6,11,25.8,1,1,2,8,2
16,3,16,25.6,0,1,7,34,16
10,6,10,23.6,1,1,2,40,2
17,3,17,25.4,1,0,4,10,4
10,3,10,22.7,1,1,2,28,2
18,0,18,32.4,1,1,44,88,64
22,3,22,16.8,1,0,20,33,5
12,2,12,32.1,1,0,32,93,35
11,5,11,11.7,1,0,2,15,2
15,2,15,18.4,1,0,0,6,1
9,4,9,21.6,0,0,23,43,4
21,3,21,18.5,1,1,2,26,4
17,3,17,17.8,0,0,2,13,3
19,1,19,17.9,0,0,2,0,2
17,1,17,28.2,0,0,0,15,0
9,6,9,17.0,1,1,4,10,2
9,3,9,16.0,1,1,9,51,24
23,2,23,11.6,0,0,11,25,6
19,3,19,25.7,0,0,0,15,0
12,0,12,30.0,1,1,10,24,23
17,4,17,16.3,0,0,0,15,0
6,6,6,13.0,1,1,1,44,1
9,2,9,20.6,1,1,0,6,0
21,5,21,20.5,1,1,2,23,2
11,6,11,17.3,1,1,0,6,0
22,2,22,9.8,0,3,11,25,6
17,3,17,10.1,0,0,8,44,8
14,5,14,27.1,1,1,2,13,2
9,2,9,20.8,1,0,2,10,3
20,0,20,28.4,1,1,2,20,2
13,6,13,27.2,0,0,2,2,3
23,6,23,16.3,0,0,2,58,3
16,3,16,32.4,1,1,31,64,40
15,4,15,29.4,1,1,2,6,2
19,3,19,14.2,1,0,2,0,2
17,3,17,32.2,1,1,6,18,6
8,0,8,16.1,1,1,2,12,2
9,3,9,14.0,1,0,2,18,2
12,5,12,20.5,0,1,2,7,3
13,1,13,22.9,1,0,2,13,2
10,6,10,22.1,1,1,1,2,1
6,0,6,14.3,1,1,0,10,1
16,6,16,15.9,1,0,1,89,1
18,0,18,26.4,1,3,9,82,28
0,3,0,16.3,0,0,2,8,2
15,3,15,27.6,0,0,16,20,3
19,0,19,28.0,1,1,1,18,0
6,3,6,13.4,1,0,8,5,8
9,5,9,10.6,1,1,2,80,4
1,5,1,11.3,0,0,77,23,5
15,6,15,30.5,1,1,0,27,1
16,5,16,19.9,1,0,2,3,3
9,3,9,7.6,0,0,2,8,3
12,6,12,12.5,0,0,2,20,13
6,0,6,10.9,1,1,2,0,2
15,6,15,19.6,1,1,0,13,0
5,1,5,8.6,1,0,2,3,3
12,2,12,10.7,1,0,2,3,3
18,4,18,26.7,1,0,4,10,4
20,2,20,22.1,1,1,2,20,2
15,2,15,20.6,0,0,1,20,0
12,4,12,28.0,1,1,2,20,13
13,0,13,29.3,1,1,0,28,0
21,4,21,19.9,1,1,0,6,1
10,0,10,21.3,1,1,6,18,6
11,0,11,25.0,0,1,2,13,2
20,6,20,25.3,1,1,0,2,0
15,1,15,28.4,1,1,2,10,2
21,6,21,22.5,1,1,2,8,3
1,2,1,8.4,1,0,17,11,18
21,4,21,23.1,1,1,38,11,5
6,0,6,7.2,1,0,2,2,3
19,6,19,25.4,1,0,44,39,61
13,4,13,15.8,1,1,2,9,2
23,4,23,18.4,1,0,2,11,4
15,5,15,21.4,1,0,2,13,3
19,6,19,19.4,0,1,2,28,3
8,2,8,15.6,1,1,2,0,2
8,5,8,11.8,1,1,1,40,0
8,1,8,8.9,1,1,2,19,13
11,2,11,13.6,0,0,6,18,6
20,5,20,30.0,1,1,44,39,63
13,0,13,15.8,0,0,0,20,0
17,1,17,35.8,1,1,2,8,3
20,6,20,14.8,1,1,2,1,2
20,0,20,15.8,0,0,2,8,2
17,2,17,16.6,1,1,2,14,2
22,1,22,8.6,0,3,2,18,2
17,1,17,28.5,0,0,0,0,1
12,6,12,25.3,1,1,2,23,2
15,3,15,16.5,1,1,1,8,2
16,6,16,31.5,1,1,2,23,2
21,6,21,23.6,1,1,0,27,0
17,1,17,21.7,0,2,0,6,0
10,0,10,23.5,1,1,2,7,3
9,4,9,17.9,1,1,31,15,33
20,5,20,28.3,1,1,0,1,0
16,5,16,31.7,1,1,4,10,5
7,0,7,11.4,1,1,0,0,0
16,1,16,28.5,1,1,2,13,2
13,0,13,29.8,0,0,31,8,40
8,0,8,19.7,0,1,2,0,3
14,6,14,29.1,1,1,6,18,6
8,6,8,18.7,1,1,0,14,0
23,6,23,15.2,0,0,7,110,17
12,3,12,11.5,1,0,10,24,10
20,3,20,24.3,1,1,2,6,3
4,1,4,8.5,1,0,11,25,6
21,4,21,11.7,1,0,6,23,6
12,4,12,25.8,1,1,2,23,2
1,5,1,11.3,0,0,0,18,0
6,2,6,-0.1,1,0,2,6,3
17,4,17,27.5,1,1,1,2,2
9,5,9,19.3,1,1,2,36,2
14,3,14,26.3,1,0,7,34,16
13,5,13,16.7,1,0,1,13,2
6,1,6,8.7,1,1,2,9,3
10,6,10,8.6,0,0,2,1,3
22,2,22,7.5,0,0,11,25,6
10,0,10,21.0,1,1,2,8,3
12,0,12,26.6,1,1,2,2,2
14,2,14,20.0,0,0,2,5,4
9,6,9,24.0,1,1,2,9,3
16,0,16,29.6,1,1,5,23,5
15,6,15,19.5,0,0,2,8,3
7,4,7,14.6,1,1,2,23,2
19,1,19,26.8,1,1,16,20,3
15,6,15,29.8,1,1,17,11,18
20,0,20,30.2,1,1,2,7,2
13,3,13,12.8,0,0,2,15,3
8,1,8,9.9,1,1,2,3,2
20,2,20,13.7,0,3,2,13,2
15,1,15,29.7,1,1,0,10,0
12,3,12,27.5,0,1,0,20,0
16,3,16,25.3,1,0,9,6,25
19,4,19,14.3,0,1,0,13,0
15,6,15,33.5,0,0,5,58,5
10,6,10,10.9,1,0,12,23,4
10,5,10,20.8,1,1,2,6,3
16,6,16,33.7,0,0,0,5,2
8,3,8,10.1,1,1,5,23,5
18,6,18,14.8,1,0,2,6,3
18,4,18,25.5,1,1,2,9,2
15,3,15,34.6,1,1,1,2,0
15,3,15,25.1,0,0,7,34,16
20,6,20,14.8,1,1,1,9,1
6,3,6,0.6,0,0,2,68,4
19,3,19,9.3,0,0,31,64,33
17,5,17,12.5,0,1,7,67,43
16,5,16,27.7,1,1,0,14,1
6,3,6,15.1,1,1,1,20,1
10,2,10,12.5,0,0,2,14,2
7,6,7,12.1,0,1,22,37,4
10,2,10,11.7,0,0,7,2,17
17,5,17,29.9,1,1,1,60,0
3,6,3,-0.1,0,0,3,5,13
18,3,18,28.7,1,1,6,18,6
11,2,11,27.3,1,1,2,6,2
15,4,15,15.5,0,0,1,13,2
9,2,9,21.7,1,1,2,5,13
22,5,22,17.8,0,0,2,8,3
19,5,19,33.4,1,1,2,0,3
17,5,17,15.6,0,0,2,18,2
6,2,6,10.7,1,0,2,6,3
6,0,6,10.3,1,0,7,74,7
7,0,7,12.4,1,1,2,2,2
6,1,6,12.5,1,1,1,18,0
6,0,6,0.8,1,0,2,0,2
16,5,16,30.9,1,1,4,10,5
20,4,20,23.1,0,0,50,10,64
8,6,8,16.9,1,1,30,10,31
22,6,22,20.5,1,1,6,18,6
12,6,12,25.9,1,0,11,25,11
20,1,20,13.3,0,0,11,25,11
22,3,22,16.9,0,1,0,0,0
15,0,15,33.2,0,1,2,13,2
9,0,9,22.7,1,1,0,8,0
9,2,9,25.5,1,1,0,21,0
16,0,16,21.5,0,0,2,10,2
21,1,21,17.8,0,0,2,23,2
23,1,23,19.5,1,1,6,18,21
7,3,7,13.8,1,1,0,16,0
21,3,21,24.2,0,0,0,3,2
5,5,5,13.8,1,0,11,25,6
13,0,13,12.5,0,0,5,84,5
10,2,10,22.3,0,0,5,76,5
0,4,0,8.6,1,0,11,25,6
11,1,11,26.5,1,1,7,39,37
9,1,9,19.5,0,0,21,11,5
23,0,23,18.5,1,1,0,20,0
23,5,23,20.5,0,0,1,8,1
13,3,13,25.4,1,1,2,23,2
19,6,19,9.6,0,0,2,20,13
18,1,18,28.2,0,1,2,3,2
17,2,17,18.4,1,1,2,23,2
13,2,13,25.2,1,0,0,23,0
10,5,10,20.8,0,1,2,0,2
11,0,11,23.0,1,1,0,36,0
8,1,8,16.9,1,1,2,15,3
6,3,6,5.6,0,0,1,60,1
14,2,14,27.7,1,1,2,50,3
18,1,18,10.6,0,0,0,6,0
20,0,20,17.4,1,0,7,14,17
21,4,21,18.5,1,1,0,10,1
13,2,13,19.6,1,1,15,29,4
11,4,11,25.8,1,1,2,40,3
9,1,9,6.6,1,0,21,11,5
10,2,10,22.4,1,1,5,5,5
19,1,19,17.0,1,0,1,8,0
20,2,20,17.7,1,1,26,47,10
22,4,22,18.0,0,0,2,80,4
20,3,20,24.7,1,1,2,6,3
21,5,21,21.8,0,0,2,44,2
17,1,17,28.6,0,0,2,23,2
18,1,18,22.5,1,1,2,6,2
22,4,22,18.5,1,1,2,7,2
14,0,14,17.6,1,1,7,14,16
8,1,8,10.3,1,1,2,15,2
13,1,13,28.7,1,1,0,6,1
1,6,1,8.3,1,0,11,25,6
17,1,17,18.4,0,1,0,21,0
5,4,5,4.9,1,0,11,25,6
12,2,12,24.3,1,1,12,23,4
6,2,6,13.4,1,1,2,8,3
20,5,20,19.3,0,1,2,13,2
21,3,21,20.7,1,1,13,53,8
17,5,17,35.0,1,1,2,13,3
16,5,16,28.5,1,1,2,28,3
9,0,9,18.6,1,1,21,11,5
11,1,11,21.2,1,1,2,20,4
17,4,17,35.5,1,1,2,8,2
20,0,20,19.8,1,1,0,8,0
18,3,18,27.4,1,1,9,41,22
12,6,12,12.5,0,0,2,20,2
11,3,11,25.3,1,1,7,36,47
10,0,10,15.7,0,0,2,6,3
9,1,9,5.2,0,0,2,9,3
18,0,18,7.6,0,0,2,9,3
13,6,13,24.0,1,0,2,6,3
9,4,9,22.4,1,1,22,37,4
19,5,19,32.0,1,1,2,1,3
21,5,21,7.6,1,0,13,53,8
11,2,11,16.7,1,1,2,13,3
2,6,2,4.0,0,0,11,25,6
8,0,8,11.5,0,3,7,126,39
12,6,12,13.2,0,0,0,13,0
16,2,16,20.3,0,0,0,28,1
10,0,10,21.9,0,1,2,20,4
19,2,19,30.1,1,1,2,9,2
13,0,13,10.5,0,0,2,12,2
14,3,14,32.9,1,1,2,6,3
14,3,14,18.5,0,0,0,10,1
21,1,21,19.1,0,0,19,32,15
13,0,13,18.9,0,0,2,6,3
15,3,15,31.2,1,0,0,13,0
6,4,6,12.2,1,1,4,10,2
12,1,12,27.2,1,1,1,42,2
20,3,20,9.4,1,0,4,10,2
18,6,18,16.7,0,0,0,28,0
23,6,23,15.3,1,1,2,31,13
23,6,23,20.0,0,1,2,9,2
21,2,21,19.1,0,0,2,13,2
15,2,15,30.6,1,1,2,3,3
11,3,11,23.6,1,1,0,2,0
13,2,13,12.1,0,0,1,27,1
12,3,12,12.9,1,0,2,2,3
19,1,19,24.3,0,1,2,13,2
7,5,7,13.7,1,1,0,18,0
20,3,20,25.2,1,0,1,2,0
19,5,19,12.7,1,1,0,0,0
19,6,19,26.0,0,0,0,9,1
23,1,23,13.1,0,0,2,18,2
18,1,18,22.1,1,1,2,23,2
4,0,4,13.6,1,0,2,9,3
12,5,12,17.0,0,0,2,8,3
19,0,19,11.9,1,0,0,18,0
21,5,21,14.5,0,0,2,3,2
19,3,19,13.8,0,0,11,25,11
13,3,13,28.1,1,1,0,2,0
20,5,20,23.6,0,0,1,14,1
6,6,6,15.5,0,0,2,5,8
4,0,4,15.8,1,0,0,2,0
11,4,11,11.2,0,0,0,18,0
12,1,12,28.4,0,0,2,23,2
20,6,20,8.7,1,0,51,26,49
13,5,13,12.3,0,0,6,18,21
13,5,13,20.6,0,0,0,3,1
17,5,17,22.5,1,0,2,40,2
16,1,16,17.2,1,0,1,0,0
18,1,18,33.5,0,1,2,9,2
18,3,18,16.1,1,0,0,14,0
11,1,11,13.6,0,0,2,15,2
14,2,14,29.5,1,1,2,13,2
21,2,21,26.6,1,1,0,15,0
18,0,18,28.7,1,1,2,0,3
17,4,17,28.6,1,1,28,46,14
8,3,8,4.3,1,0,7,126,39
11,5,11,13.5,1,0,1,42,2
12,0,12,25.8,1,0,7,34,16
21,3,21,22.3,1,1,4,10,2
12,3,12,27.0,1,1,2,39,2
10,6,10,8.6,0,0,2,14,3
17,6,17,33.6,1,1,31,64,33
23,5,23,21.9,1,1,18,31,13
20,1,20,15.8,0,0,2,19,4
7,6,7,5.6,1,0,2,0,3
10,2,10,27.2,1,1,5,11,5
18,6,18,10.1,0,0,1,44,1
11,0,11,16.5,1,1,0,6,1
23,2,23,10.9,0,0,3,5,0
16,4,16,29.7,1,1,17,11,18
9,0,9,6.1,0,0,0,23,0
15,1,15,11.7,1,3,2,58,3
13,5,13,31.0,1,1,12,23,4
17,3,17,30.3,1,1,1,14,0
19,0,19,23.4,1,1,0,1,0
3,5,3,13.4,0,0,11,25,6
22,0,22,17.2,0,0,2,8,3
13,3,13,28.3,1,1,2,8,2
14,4,14,30.3,0,0,2,7,3
7,5,7,12.7,1,1,16,20,3
18,1,18,18.8,1,0,2,13,3
7,0,7,13.4,1,1,3,5,13
15,4,15,30.4,1,1,17,11,18
12,4,12,27.1,1,1,2,14,3
13,1,13,20.1,0,0,2,28,2
14,1,14,30.0,1,1,2,28,2
15,0,15,31.1,1,1,2,1,3
23,5,23,7.7,0,0,1,18,0
18,4,18,25.1,0,1,0,21,0
21,3,21,5.6,0,0,2,19,4
15,2,15,30.0,1,1,2,44,2
19,3,19,8.8,1,0,0,1,0
14,3,14,28.2,1,1,0,2,0
18,4,18,14.7,1,1,2,0,2
13,2,13,19.0,0,0,4,72,2
7,0,7,14.4,1,1,17,11,18
10,4,10,24.5,1,1,4,10,2
5,0,5,7.0,1,0,16,20,3
6,4,6,12.9,1,1,0,10,0
7,2,7,6.0,1,1,2,2,3
9,6,9,8.5,0,0,15,29,4
14,0,14,23.9,0,0,16,20,1
0,3,0,13.9,1,0,2,4,4
17,0,17,27.2,1,1,2,14,2
9,6,9,16.5,1,1,2,31,13
9,2,9,14.6,0,1,2,6,3
14,0,14,25.1,1,1,1,2,1
17,5,17,22.8,0,3,78,67,80
6,0,6,8.0,1,1,2,2,3
11,6,11,25.6,1,1,2,13,3
1,4,1,18.7,0,0,8,44,8
17,6,17,24.4,1,0,2,27,3
13,5,13,29.8,1,1,2,10,2
23,3,23,19.8,1,1,25,62,13
6,2,6,12.1,1,1,3,49,15
13,1,13,14.1,1,0,2,13,2
13,4,13,13.3,0,0,4,72,2
11,0,11,26.5,1,1,2,28,3
13,1,13,28.4,0,0,2,2,3
15,3,15,33.4,1,1,0,28,0
12,6,12,30.0,1,1,44,63,61
9,4,9,17.1,1,1,6,18,20
19,4,19,10.5,0,0,11,25,11
15,0,15,18.6,1,1,1,40,2
6,5,6,14.8,1,1,2,10,2
17,4,17,29.3,0,0,2,36,2
13,5,13,19.7,0,0,2,1,3
6,0,6,13.4,1,1,31,64,33
6,6,6,14.2,1,1,2,9,3
18,1,18,16.7,1,0,2,6,3
23,0,23,16.6,0,0,2,58,2
6,0,6,2.0,0,0,2,11,4
9,0,9,20.1,1,1,1,17,0
20,4,20,26.8,1,1,2,0,2
15,1,15,35.3,1,1,0,13,0
17,4,17,30.2,1,1,1,14,1
10,3,10,20.8,1,1,2,30,2
8,2,8,4.3,1,0,2,40,2
18,0,18,12.7,1,0,2,27,2
12,0,12,26.1,0,0,1,10,1
13,2,13,17.3,1,1,0,23,0
14,0,14,31.7,1,1,0,2,0
9,0,9,11.9,1,0,7,34,36
9,1,9,17.7,1,1,2,18,2
9,1,9,13.7,1,1,2,40,2
17,1,17,26.4,0,1,2,12,3
9,6,9,10.5,1,0,2,2,3
11,5,11,18.7,1,0,2,36,2
12,5,12,21.3,1,1,2,6,2
22,1,22,18.2,1,1,2,7,2
13,1,13,26.1,0,1,2,14,3
17,1,17,22.5,0,1,2,10,3
9,1,9,18.9,1,1,22,37,4
16,4,16,36.1,0,1,2,28,2
3,5,3,12.9,0,0,11,25,6
19,4,19,16.8,0,1,0,9,0
10,5,10,21.0,1,1,6,18,6
23,6,23,18.8,1,1,26,47,10
16,4,16,31.5,1,1,2,52,3
21,0,21,20.1,0,0,2,23,3
16,3,16,16.1,1,0,9,36,9
11,1,11,23.3,1,1,2,11,13
9,5,9,15.6,1,1,2,31,13
20,4,20,8.4,0,0,2,14,3
23,4,23,21.0,0,0,0,10,0
8,3,8,15.0,1,0,2,19,4
18,0,18,27.7,1,0,16,3,2
17,0,17,23.8,0,0,2,6,2
7,6,7,15.5,1,1,2,28,2
15,5,15,28.8,1,1,2,3,3
13,2,13,17.6,0,1,7,69,17
13,0,13,18.4,1,0,7,67,43
16,5,16,27.7,1,1,2,2,2
20,5,20,23.0,1,0,7,69,17
11,5,11,11.2,1,0,2,7,3
7,0,7,13.1,1,0,7,34,16
10,5,10,19.5,1,1,6,18,6
15,6,15,31.8,0,1,1,0,0
13,4,13,27.6,1,1,13,26,10
16,3,16,28.4,1,0,1,14,1
6,6,6,11.9,1,1,2,7,3
12,0,12,8.3,0,0,2,0,2
13,2,13,16.7,0,1,32,63,100
13,4,13,24.8,0,0,28,76,14
21,6,21,21.5,1,1,2,23,2
11,6,11,25.3,1,1,22,37,4
22,4,22,19.2,1,1,1,6,1
16,1,16,19.5,1,1,2,14,3
10,6,10,21.4,1,1,2,21,2
21,6,21,16.9,0,0,2,3,2
19,3,19,11.9,0,0,2,6,3
12,6,12,12.2,0,0,2,23,3
19,2,19,16.9,1,0,0,40,0
18,0,18,25.8,1,1,2,2,3
7,0,7,3.3,0,0,2,26,4
11,5,11,19.1,1,1,2,20,2
19,6,19,10.0,0,0,2,40,3
20,1,20,18.9,0,1,1,0,0
18,3,18,16.4,0,0,2,3,3
8,4,8,17.6,1,1,2,15,3
23,1,23,22.0,1,1,6,18,21
10,2,10,11.9,0,0,2,23,3
19,2,19,26.0,1,0,0,14,0
19,0,19,14.7,1,1,0,18,0
20,2,20,19.9,0,1,2,7,13
21,2,21,21.5,1,1,0,27,0
12,1,12,19.2,1,1,0,9,0
10,3,10,23.0,1,1,0,15,1
3,6,3,15.7,1,0,11,25,11
20,2,20,16.9,1,1,2,8,2
6,2,6,9.4,0,0,2,11,4
13,5,13,26.7,1,1,2,50,2
10,1,10,25.5,0,1,12,23,32
20,0,20,19.7,0,1,0,9,0
22,3,22,16.4,0,1,0,10,0
4,1,4,8.5,1,0,0,44,0
14,6,14,28.9,1,1,6,18,6
17,0,17,34.5,1,1,2,20,4
7,1,7,11.5,0,0,21,23,5
20,3,20,22.1,1,0,0,15,0
11,0,11,28.4,0,0,0,2,0
22,3,22,20.4,1,1,6,18,6
13,3,13,29.4,1,1,23,43,4
15,5,15,31.5,1,1,2,2,3
10,0,10,8.2,1,0,7,34,16
16,4,16,35.8,1,1,1,8,2
18,3,18,15.6,0,0,2,15,2
11,5,11,24.6,1,1,1,6,0
5,4,5,12.2,1,0,2,6,3
15,0,15,32.7,1,1,2,14,2
7,2,7,11.9,1,1,0,18,0
13,0,13,24.3,0,1,2,10,4
13,5,13,32.0,1,1,2,28,2
21,5,21,21.3,1,1,22,37,13
6,1,6,14.9,1,1,0,23,2
17,6,17,18.0,1,0,1,6,1
23,0,23,19.5,0,0,26,47,10
16,0,16,31.0,1,1,2,8,3
9,5,9,18.6,1,1,2,31,13
13,3,13,14.8,1,0,5,11,5
7,0,7,7.5,1,1,2,15,3
17,6,17,14.4,1,0,2,40,2
10,3,10,22.7,1,1,0,8,0
0,5,0,16.0,0,0,0,2,0
13,0,13,26.8,0,1,0,21,0
21,4,21,13.3,0,0,2,44,2
7,4,7,12.6,1,1,2,36,2
16,1,16,11.8,0,0,7,34,16
8,5,8,20.3,1,1,2,8,3
23,2,23,20.0,1,1,25,62,13
18,0,18,13.7,0,0,0,138,0
1,5,1,16.5,0,0,1,18,0
11,5,11,26.2,1,1,2,20,3
10,5,10,23.6,0,1,1,18,0
6,2,6,6.0,1,1,2,10,2
16,1,16,29.5,1,1,16,44,3
22,0,22,17.8,0,1,1,13,1
10,3,10,16.2,0,0,2,23,3
18,5,18,31.4,1,0,4,10,4
14,6,14,28.4,1,1,0,28,0
15,3,15,23.3,0,0,0,15,0
10,4,10,9.4,1,0,2,136,4
21,2,21,15.2,0,0,2,80,4
17,4,17,11.0,0,0,0,14,0
18,3,18,27.0,0,1,2,10,4
14,2,14,29.6,1,0,7,8,43
18,5,18,11.8,0,0,1,8,1
10,6,10,24.9,1,1,2,0,2
8,6,8,10.2,1,1,1,8,2
21,1,21,25.1,1,1,4,10,2
17,2,17,13.1,1,0,1,60,0
11,5,11,12.4,1,0,0,15,0
13,3,13,27.6,1,1,16,3,2
16,3,16,26.2,1,0,46,34,16
1,3,1,11.4,1,0,11,25,6
12,4,12,23.4,1,1,0,2,0
9,0,9,21.6,1,1,2,6,3
6,3,6,3.0,0,0,21,23,5
16,0,16,34.6,1,1,2,13,2
18,1,18,29.8,0,0,0,23,2
18,6,18,13.8,1,0,2,15,2
16,3,16,16.2,0,0,0,21,0
13,4,13,11.7,1,0,2,50,3
16,1,16,22.2,1,1,23,43,4
19,0,19,25.8,1,1,0,2,0
17,5,17,25.7,1,0,2,14,2
16,1,16,31.2,1,1,2,14,2
13,0,13,27.7,1,1,2,14,2
22,3,22,13.7,1,0,19,32,15
14,2,14,28.2,1,1,6,18,6
10,2,10,15.7,1,1,2,0,3
20,0,20,25.8,0,0,0,14,0
11,5,11,25.1,1,1,2,9,3
23,6,23,21.6,1,1,18,31,13
12,1,12,30.7,1,1,10,24,23
19,5,19,16.1,1,0,2,7,3
9,5,9,17.8,1,1,2,14,3
16,4,16,24.3,1,1,2,58,2
18,3,18,16.8,0,0,2,2,3
18,1,18,28.9,0,1,0,15,0
16,5,16,26.7,1,0,0,14,1
15,0,15,32.7,1,0,2,3,2
11,2,11,23.8,1,1,2,11,13
23,6,23,14.3,0,0,0,2,1
23,5,23,19.0,1,0,2,10,2
17,3,17,32.0,1,1,2,8,3
15,2,15,18.2,1,1,7,69,17
10,5,10,28.6,1,1,1,6,0
13,3,13,30.9,0,0,0,21,0
15,6,15,16.6,0,0,1,0,0
20,3,20,11.3,0,0,1,2,2
7,6,7,11.2,1,1,2,13,2
16,1,16,14.6,0,0,2,8,3
12,0,12,27.2,1,1,2,23,2
13,0,13,29.1,1,1,2,13,2
14,5,14,20.9,1,0,0,61,0
15,0,15,28.3,0,0,2,2,3
16,4,16,33.5,1,1,4,10,5
20,6,20,25.2,1,1,0,9,0
21,0,21,19.5,0,0,6,18,6
8,5,8,22.5,1,1,1,13,0
6,4,6,12.7,1,1,0,10,1
16,1,16,30.2,1,1,2,23,2
14,4,14,29.5,1,1,2,13,2
13,4,13,32.2,1,1,13,26,10
13,1,13,31.6,0,0,1,27,1
19,3,19,22.5,1,1,2,9,2
18,5,18,33.7,1,1,2,14,3
16,1,16,28.6,1,1,2,58,2
13,2,13,24.5,0,0,1,6,1
12,1,12,23.2,1,1,2,3,2
1,0,1,14.9,1,0,2,20,2
12,6,12,26.2,0,1,0,13,0
23,6,23,19.7,0,1,0,10,0
14,5,14,16.3,1,0,1,2,0
10,5,10,14.1,0,0,2,70,4
6,1,6,12.1,0,0,2,48,13
15,0,15,29.9,1,1,0,40,0
18,1,18,13.5,0,0,0,6,1
9,3,9,18.6,1,0,6,18,6
9,2,9,19.4,1,0,2,10,8
9,1,9,19.0,1,1,9,39,19
3,1,3,16.3,0,0,11,25,6
11,6,11,25.1,1,1,2,20,3
11,5,11,17.8,1,1,2,2,2
19,6,19,23.9,0,0,1,40,1
12,6,12,13.6,1,0,2,20,3
9,6,9,14.1,1,1,5,20,5
22,3,22,24.8,1,1,2,7,3
16,0,16,31.3,1,1,2,20,13
21,4,21,18.7,1,1,2,1,2
15,5,15,26.6,1,0,16,134,3
6,3,6,14.1,1,1,0,6,0
18,3,18,28.6,1,1,2,14,3
13,2,13,25.5,1,1,2,6,2
21,5,21,19.5,0,1,2,23,3
21,0,21,24.2,1,1,2,9,3
14,1,14,30.6,1,1,15,29,4
16,2,16,16.6,0,0,16,3,0
8,2,8,15.4,0,0,26,47,10
6,6,6,14.1,0,1,22,37,4
16,6,16,30.6,1,1,23,43,4
15,1,15,11.6,1,1,7,8,30
8,6,8,17.3,1,1,2,6,3
10,1,10,20.3,1,1,1,36,0
14,3,14,27.5,0,0,52,84,6
22,2,22,10.5,1,0,16,20,3
11,0,11,7.3,0,0,0,15,0
8,6,8,16.6,1,1,0,9,0
12,4,12,26.1,1,1,11,25,11
13,0,13,16.3,1,0,0,13,0
21,5,21,12.9,0,0,0,2,0
9,5,9,23.6,1,1,2,80,4
9,0,9,19.4,1,0,2,6,2
19,3,19,9.2,1,0,0,2,0
3,0,3,10.7,1,0,41,59,45
16,3,16,32.0,0,0,2,15,3
16,5,16,21.4,0,0,1,20,1
9,2,9,16.2,1,0,0,0,0
11,3,11,12.6,0,0,2,6,3
6,1,6,2.3,0,0,25,11,13
20,5,20,26.1,0,1,2,7,2
1,3,1,6.6,1,0,11,25,6
8,1,8,16.7,1,1,0,1,0
18,3,18,26.7,1,1,0,0,0
20,5,20,12.0,0,0,2,44,2
6,2,6,14.8,1,1,1,3,1
4,5,4,13.1,1,0,2,8,3
6,4,6,13.1,1,1,2,2,2
11,1,11,10.7,1,0,1,0,0
23,2,23,20.7,0,1,0,0,0
12,3,12,11.1,1,0,1,42,2
9,1,9,17.8,1,1,2,13,2
7,1,7,14.9,1,1,2,2,3
10,6,10,13.3,1,1,0,0,0
15,6,15,33.6,1,1,2,26,4
3,1,3,8.9,0,0,3,5,13
16,5,16,28.0,1,0,1,2,1
6,1,6,13.7,1,1,2,0,3
15,2,15,28.9,1,1,2,52,3
17,2,17,36.4,1,0,0,2,1
23,2,23,18.3,1,0,2,8,3
18,1,18,22.2,1,1,2,20,2
20,4,20,23.3,0,0,2,20,4
12,5,12,12.8,0,0,5,76,5
23,1,23,6.6,1,0,2,11,4
22,4,22,18.1,0,1,0,15,0
14,4,14,33.2,1,1,1,2,1
17,3,17,32.3,1,1,0,6,0
9,4,9,16.8,1,1,9,0,24
17,5,17,18.1,1,1,0,6,1
11,1,11,8.6,1,0,0,9,1
11,0,11,21.0,1,3,7,34,16
16,6,16,12.8,0,0,0,36,0
1,0,1,11.8,0,0,17,11,5
6,1,6,9.9,1,1,2,0,3
18,2,18,28.6,1,1,2,13,3
19,5,19,27.3,1,0,0,2,0
10,5,10,23.4,0,1,7,39,16
14,2,14,14.0,1,0,7,69,17
1,3,1,15.2,0,0,2,1,2
12,0,12,13.0,1,0,0,15,0
17,0,17,24.5,1,0,1,27,1
20,6,20,7.3,1,0,4,10,2
1,0,1,0.8,0,0,2,9,3
8,4,8,11.6,0,0,0,2,0
17,1,17,29.5,1,1,0,13,0
15,5,15,30.4,1,0,4,10,2
21,6,21,22.7,1,1,2,10,2
12,1,12,11.3,0,0,2,8,3
2,3,2,17.1,0,0,17,11,14
16,5,16,31.9,1,1,2,23,2
11,2,11,22.7,0,1,2,9,3
22,4,22,16.4,0,0,0,9,1
20,2,20,23.6,1,1,1,6,1
8,2,8,9.8,1,0,2,12,3
22,1,22,12.8,0,0,2,44,3
17,4,17,30.2,1,1,2,0,3
2,5,2,17.1,0,0,0,9,0
22,3,22,9.1,1,0,25,11,13
6,6,6,6.5,0,0,25,11,13
14,4,14,28.2,0,1,4,72,2
20,0,20,8.1,1,0,4,10,2
10,5,10,21.1,1,1,1,3,1
18,6,18,16.0,0,1,0,9,0
17,6,17,10.2,0,0,0,28,1
15,0,15,26.4,1,1,0,28,0
9,2,9,5.4,0,0,2,2,2
23,2,23,13.5,0,0,2,58,2
11,4,11,22.7,0,1,2,13,3
8,3,8,16.5,1,1,2,3,2
5,4,5,10.1,0,0,2,7,3
23,5,23,4.6,1,0,2,31,13
9,0,9,22.8,1,1,0,21,0
10,4,10,9.7,1,0,2,6,3
17,2,17,23.5,0,0,16,3,2
16,1,16,30.4,0,0,2,8,3
14,5,14,19.4,0,0,0,20,1
9,3,9,16.2,1,1,2,0,2
12,5,12,28.0,1,1,2,28,2
7,2,7,11.7,1,1,2,14,3
8,3,8,18.2,1,1,2,3,2
11,0,11,14.8,0,0,2,15,2
12,5,12,20.9,1,0,2,7,3
16,0,16,29.8,1,1,2,13,2
15,4,15,17.9,0,0,0,3,1
10,1,10,10.4,0,0,2,14,3
15,6,15,30.7,1,1,0,21,0
12,1,12,23.8,1,1,2,13,3
11,0,11,28.2,0,1,2,6,3
10,6,10,24.9,1,1,2,13,2
13,0,13,12.1,1,0,7,82,28
16,1,16,27.8,1,1,2,20,2
17,6,17,15.7,0,0,2,31,13
13,6,13,29.3,1,0,7,63,28
13,0,13,14.3,1,0,7,34,77
12,6,12,24.3,1,1,11,25,11
2,0,2,11.2,0,0,2,1,3
17,2,17,19.4,1,0,9,40,42
17,1,17,16.0,1,0,2,18,2
21,2,21,18.6,1,1,2,23,2
21,6,21,26.5,1,1,4,10,2
16,4,16,29.8,1,1,2,15,2
7,6,7,14.7,1,1,2,28,2
22,4,22,21.3,0,0,1,0,0
3,5,3,11.9,0,0,11,10,15
13,0,13,25.7,1,0,2,6,3
10,1,10,21.6,0,0,15,29,4
6,2,6,14.8,1,1,2,7,2
14,5,14,29.4,1,0,2,2,3
12,1,12,26.2,1,1,2,3,3
7,1,7,9.4,1,1,1,18,2
10,4,10,25.8,1,1,2,6,3
20,0,20,26.5,1,1,0,9,0
12,1,12,11.4,0,0,1,14,1
14,0,14,23.5,0,0,1,6,0
7,5,7,11.5,1,1,2,23,2
15,2,15,11.4,0,0,1,6,2
16,5,16,31.7,1,1,2,23,2
12,1,12,20.4,0,1,2,6,3
13,2,13,18.2,0,0,16,44,2
14,3,14,13.9,1,0,7,34,16
9,3,9,16.6,1,1,7,36,42
14,3,14,11.0,1,1,7,34,16
5,3,5,8.4,1,0,1,44,1
7,5,7,10.4,1,1,2,16,2
21,6,21,22.7,1,1,2,8,3
16,6,16,30.0,1,1,0,40,1
19,6,19,15.6,0,0,5,20,5
14,6,14,33.3,1,1,6,18,6
14,5,14,31.2,1,1,2,0,2
14,1,14,31.2,1,1,2,10,2
16,5,16,31.0,1,1,28,46,14
8,6,8,15.2,1,1,2,10,2
22,4,22,22.0,1,1,20,33,5
18,2,18,24.3,0,1,9,41,19
20,6,20,25.0,1,1,2,1,2
11,4,11,28.3,1,1,0,9,0
12,4,12,24.3,1,1,2,23,2
12,5,12,25.9,1,1,2,12,3
12,2,12,32.2,1,1,2,3,3
18,3,18,25.9,1,1,2,14,2
11,1,11,10.7,0,0,2,2,3
11,3,11,30.4,1,1,2,13,3
21,6,21,22.5,1,1,0,6,0
16,5,16,15.5,0,0,2,8,3
21,6,21,23.4,1,1,2,10,2
12,5,12,31.6,1,1,10,24,23
18,2,18,31.4,1,1,2,13,2
18,1,18,28.1,0,0,2,6,3
12,6,12,31.2,1,1,2,20,13
12,4,12,13.3,1,0,1,0,0
16,1,16,21.0,1,0,2,58,3
14,4,14,15.0,0,1,0,21,0
20,6,20,18.8,1,0,0,20,0
18,4,18,24.0,1,1,0,0,0
8,1,8,12.4,1,1,7,69,17
15,6,15,19.5,1,0,0,28,0
10,6,10,25.0,1,1,7,2,17
19,3,19,14.9,1,1,0,8,1
11,3,11,12.3,1,0,5,10,5
7,6,7,12.7,1,1,2,7,3
18,6,18,28.7,1,1,0,27,0
14,2,14,14.9,0,0,2,5,13
21,0,21,13.3,0,0,2,18,2
16,3,16,32.6,1,1,2,20,2
17,0,17,32.1,1,1,2,15,2
18,1,18,12.6,1,0,16,20,3
8,1,8,17.1,1,1,0,13,0
16,6,16,23.3,1,0,16,44,3
10,3,10,28.4,0,1,2,70,4
6,5,6,4.4,0,0,2,68,4
23,2,23,14.2,0,1,0,9,0
19,4,19,13.7,0,1,0,28,1
19,5,19,29.3,1,1,2,9,2
16,3,16,27.1,1,3,7,34,16
11,5,11,22.1,1,1,2,8,2
14,5,14,24.4,0,0,4,72,2
0,1,0,18.1,1,0,13,53,8
12,1,12,21.0,0,1,67,8,89
12,6,12,15.7,0,0,0,8,1
15,0,15,26.6,0,1,7,67,43
16,6,16,30.8,1,1,0,15,1
11,6,11,26.3,1,1,2,28,2
18,3,18,23.1,0,1,0,9,1
9,5,9,13.2,1,1,2,8,3
8,4,8,11.8,1,1,0,9,0
12,2,12,25.1,1,1,0,9,0
23,6,23,18.7,1,1,6,18,6
15,4,15,29.0,1,1,2,3,3
14,0,14,25.4,0,1,2,14,3
12,1,12,20.6,1,1,2,36,2
21,4,21,19.4,1,1,0,9,0
20,5,20,22.2,0,1,2,13,2
22,4,22,18.7,0,0,1,14,1
23,1,23,19.1,1,1,18,31,4
23,1,23,12.7,1,0,0,20,0
12,6,12,11.1,1,0,1,147,0
10,4,10,16.4,1,0,2,15,3
12,3,12,27.5,1,1,0,3,2
10,5,10,8.0,1,0,2,15,2
21,4,21,22.0,0,1,2,14,3
4,3,4,6.2,1,0,2,2,3
8,1,8,13.0,1,1,2,14,3
1,4,1,4.0,0,0,0,1,1
15,1,15,31.8,1,1,2,44,2
13,1,13,28.7,1,1,2,6,2
13,4,13,26.6,1,1,2,9,3
17,1,17,32.3,0,1,2,2,2
21,5,21,19.7,0,1,2,13,3
13,2,13,11.5,0,0,16,44,2
6,0,6,3.2,0,0,2,68,4
10,3,10,20.6,0,1,2,13,3
13,2,13,29.7,0,1,0,21,0
15,2,15,21.0,0,0,0,20,0
11,5,11,19.4,1,1,0,9,0
18,1,18,12.5,0,0,1,3,2
21,6,21,19.7,0,0,2,23,3
5,6,5,9.2,1,0,1,3,2
13,2,13,21.5,0,0,1,6,1
9,4,9,17.8,0,1,2,8,3
15,5,15,28.9,1,1,16,44,3
17,6,17,30.2,1,1,2,40,2
16,2,16,35.3,1,1,1,3,1
11,5,11,19.5,0,1,0,20,0
23,6,23,18.6,1,1,1,0,0
16,6,16,30.2,1,1,2,2,3
17,3,17,17.6,0,0,2,9,3
21,6,21,20.9,1,1,5,11,5
15,0,15,13.0,1,0,2,58,3
6,6,6,13.2,1,1,1,3,1
11,0,11,24.4,1,1,8,5,8
16,4,16,30.7,1,1,2,30,2
15,0,15,32.1,1,1,0,28,0
6,0,6,10.6,1,1,4,10,2
10,0,10,14.9,0,0,2,13,2
21,4,21,22.9,0,1,2,23,2
21,2,21,27.9,0,1,2,13,2
8,3,8,12.0,1,1,1,2,0
19,5,19,19.6,1,1,0,40,0
18,6,18,28.9,1,1,2,13,3
11,0,11,14.0,0,0,0,8,0
11,6,11,11.0,0,0,0,20,0
17,5,17,31.1,1,1,2,9,3
22,3,22,8.6,0,0,11,25,6
20,1,20,23.8,0,0,1,158,0
8,0,8,8.3,1,0,7,34,16
22,4,22,17.7,0,1,1,36,2
22,5,22,20.2,0,0,0,27,1
17,5,17,22.2,0,0,0,14,0
12,3,12,18.7,1,1,9,22,48
6,5,6,11.8,1,1,2,7,2
7,6,7,13.4,1,1,2,7,2
19,4,19,7.5,1,0,0,8,0
18,6,18,12.4,1,0,6,18,6
20,0,20,21.0,1,1,0,9,0
7,5,7,10.0,1,3,0,18,0
12,5,12,17.1,0,0,7,38,43
15,5,15,31.2,1,1,3,5,0
8,3,8,13.6,1,1,2,12,2
7,0,7,14.7,1,1,2,21,2
16,4,16,19.8,0,0,2,6,3
6,0,6,8.9,1,0,24,11,5
19,5,19,25.5,1,1,0,1,0
11,0,11,11.8,1,0,7,34,77
18,0,18,30.6,1,1,2,13,2
7,0,7,10.6,1,1,2,2,2
19,0,19,26.3,1,1,2,23,2
13,3,13,23.3,1,1,2,2,3
6,6,6,9.1,1,1,1,2,0
7,4,7,8.9,1,1,0,18,2
14,5,14,24.8,0,0,0,10,2
11,2,11,27.2,1,1,2,8,3
6,0,6,13.8,1,1,7,74,47
17,6,17,26.8,1,1,2,40,2
16,6,16,33.5,0,0,7,71,17
12,5,12,16.8,1,1,0,28,1
4,4,4,2.9,1,0,2,2,2
8,6,8,18.1,1,1,0,9,0
6,4,6,11.0,0,1,2,68,13
7,1,7,13.2,1,1,2,6,2
10,3,10,23.3,1,1,2,40,2
13,3,13,23.9,1,0,53,93,69
6,0,6,11.2,1,1,2,6,3
22,0,22,17.2,0,0,0,2,0
16,4,16,29.4,1,0,2,3,3
21,1,21,21.6,1,1,2,10,2
9,5,9,21.2,1,1,2,0,3
13,1,13,15.3,1,0,15,29,4
14,5,14,27.2,1,1,2,14,2
19,0,19,20.1,1,0,1,6,0
9,0,9,14.6,1,1,0,2,0
14,1,14,27.9,1,1,0,15,0
14,1,14,29.8,1,1,0,28,1
21,0,21,23.8,0,0,19,32,15
5,3,5,16.0,1,0,2,2,2
11,1,11,26.0,0,1,5,23,5
6,5,6,10.1,0,0,21,23,5
17,2,17,11.5,1,0,0,2,1
15,4,15,35.5,1,1,4,10,2
22,2,22,20.6,0,1,0,0,0
13,6,13,22.9,1,1,2,27,2
10,0,10,23.0,1,1,2,8,3
12,0,12,28.5,1,1,2,30,3
14,1,14,27.8,0,0,1,6,0
13,5,13,30.9,1,1,0,23,2
16,1,16,31.2,1,1,2,8,3
15,2,15,29.7,0,0,2,13,3
1,6,1,10.5,0,0,2,3,3
17,0,17,28.0,1,1,2,10,4
14,1,14,14.5,0,0,0,10,1
1,1,1,14.7,0,0,0,8,0
12,5,12,28.1,1,1,0,9,0
18,3,18,15.2,0,1,2,12,3
10,2,10,15.4,1,1,9,36,48
11,3,11,26.3,1,1,2,20,3
7,1,7,13.4,1,1,2,2,3
20,1,20,24.5,1,1,2,23,3
6,0,6,13.3,1,1,4,10,15
4,3,4,4.1,0,0,2,6,2
14,5,14,28.0,0,0,2,5,8
9,6,9,23.5,1,1,2,19,4
6,6,6,13.0,1,1,1,5,0
13,6,13,22.3,1,0,66,39,85
20,3,20,26.8,0,0,0,6,1
6,2,6,7.8,1,0,2,2,2
19,5,19,29.4,1,1,2,6,3
22,2,22,25.5,0,0,1,89,1
10,2,10,24.7,1,1,2,28,2
18,5,18,7.4,1,0,2,13,3
12,5,12,18.0,1,1,1,0,0
21,0,21,19.6,0,0,19,32,15
17,4,17,30.1,1,1,2,13,3
15,0,15,33.0,1,1,2,3,3
23,5,23,20.1,1,1,18,31,13
23,0,23,9.9,1,0,2,68,4
17,6,17,30.1,1,1,2,5,13
9,2,9,21.8,1,1,7,19,7
1,0,1,15.6,0,0,1,18,2
16,0,16,26.9,1,1,0,1,0
8,2,8,17.6,0,1,25,11,13
22,4,22,18.6,1,1,19,32,15
12,6,12,29.2,1,1,2,3,3
6,0,6,13.3,1,0,2,10,2
10,4,10,25.7,1,1,6,18,20
11,6,11,10.3,0,0,0,13,0
22,3,22,10.2,1,0,0,6,1
7,2,7,13.1,1,1,2,19,13
23,5,23,20.5,1,1,2,48,13
11,6,11,24.1,0,0,2,8,3
16,1,16,29.8,1,1,2,14,2
9,0,9,10.3,1,0,7,34,36
7,5,7,13.4,1,1,3,5,0
6,5,6,13.0,1,1,2,77,2
18,0,18,31.6,1,1,2,7,3
13,1,13,25.8,1,1,2,14,2
8,1,8,11.1,1,1,2,44,2
6,6,6,12.6,0,0,2,48,4
12,2,12,31.9,1,1,2,20,3
20,2,20,26.5,0,0,1,2,0
19,5,19,25.2,0,0,2,12,3
18,0,18,23.6,0,0,5,23,5
16,0,16,31.1,0,0,0,14,0
14,2,14,26.9,1,1,7,55,7
12,5,12,23.1,1,1,10,24,10
13,1,13,25.2,0,0,2,2,3
16,3,16,22.2,1,0,0,2,0
14,1,14,23.0,1,0,2,10,4
9,0,9,20.8,1,1,2,19,13
9,0,9,5.2,1,0,7,34,16
18,2,18,17.8,1,1,32,93,35
20,3,20,22.4,1,0,0,15,0
9,6,9,23.5,1,1,2,0,2
12,4,12,14.3,0,0,4,10,2
4,4,4,4.6,1,0,2,3,3
7,0,7,12.1,1,1,2,36,2
13,2,13,17.5,0,0,2,12,3
23,3,23,19.4,0,0,3,5,0
7,2,7,11.9,1,1,5,11,5
13,1,13,25.3,0,0,7,69,17
9,3,9,21.1,1,1,5,10,5
13,5,13,12.9,1,0,1,13,0
18,4,18,15.4,1,0,2,15,3
9,0,9,17.9,1,1,2,18,2
19,5,19,28.6,1,1,5,11,5
15,1,15,34.9,1,1,0,21,0
14,3,14,28.9,1,1,2,10,2
13,5,13,33.6,1,1,1,2,0
11,1,11,24.8,1,1,0,9,0
11,2,11,22.9,1,0,0,6,0
15,6,15,33.8,0,0,16,20,3
16,6,16,18.1,1,0,2,20,2
17,3,17,25.4,1,1,2,5,8
12,0,12,27.3,1,1,11,25,11
17,4,17,31.1,1,1,0,14,0
16,5,16,29.1,1,0,24,11,5
4,6,4,12.3,1,0,2,1,3
8,3,8,22.1,0,1,6,18,21
14,4,14,15.4,0,1,2,23,3
12,4,12,28.2,1,1,0,3,2
12,5,12,24.9,1,1,2,9,2
21,4,21,29.1,1,1,2,9,3
22,1,22,17.2,1,1,2,26,13
22,2,22,17.2,0,0,0,27,0
15,5,15,27.5,0,0,2,13,3
23,1,23,14.6,1,1,2,68,4
9,4,9,7.8,1,1,9,137,17
18,0,18,11.9,0,0,0,9,1
15,1,15,13.1,1,0,43,39,59
9,4,9,17.1,1,1,2,14,3
15,0,15,29.6,1,0,6,18,20
6,6,6,14.9,1,1,11,25,6
15,6,15,30.7,1,1,2,52,3
22,2,22,25.8,1,1,1,0,0
13,3,13,24.4,0,1,0,28,1
19,2,19,27.2,1,1,2,0,2
10,5,10,13.8,0,0,0,15,0
6,0,6,13.2,1,1,1,20,0
12,2,12,28.7,1,1,2,23,2
9,3,9,23.9,1,1,4,10,2
12,6,12,25.0,1,0,7,14,16
12,1,12,23.1,0,0,2,83,2
9,4,9,22.2,1,1,0,28,0
10,2,10,21.1,0,0,2,1,2
21,2,21,12.3,1,1,1,6,0
18,0,18,26.7,0,1,0,9,0
7,1,7,9.0,1,1,1,6,1
15,6,15,24.9,1,0,7,67,39
19,5,19,29.2,0,1,0,13,0
13,2,13,29.5,1,1,2,6,2
11,2,11,25.5,1,1,2,11,13
17,0,17,31.3,1,1,2,0,2
17,6,17,13.8,1,0,2,20,2
12,3,12,21.0,1,1,2,30,3
11,2,11,10.5,0,0,0,23,0
10,4,10,5.8,1,1,9,39,24
15,1,15,30.3,1,1,1,27,1
17,0,17,34.0,1,1,7,69,17
7,6,7,15.1,1,1,2,28,3
12,5,12,29.1,1,0,10,24,10
8,2,8,18.2,0,0,13,26,10
10,6,10,21.1,1,1,2,14,2
13,6,13,22.7,0,0,65,39,84
10,1,10,23.9,0,0,43,39,30
17,3,17,14.5,0,1,7,13,55
16,5,16,30.9,0,0,0,5,2
14,3,14,32.1,1,1,6,18,21
6,5,6,5.8,0,0,25,11,13
22,5,22,21.8,1,1,25,11,23
18,4,18,10.3,0,0,2,3,3
23,0,23,21.3,1,0,13,53,8
19,5,19,28.8,0,0,2,6,3
9,2,9,25.4,1,1,2,13,2
12,1,12,20.5,0,1,2,0,2
18,4,18,7.8,1,0,0,8,0
10,1,10,22.8,1,1,2,14,3
0,4,0,14.5,1,0,2,68,8
22,3,22,19.6,0,1,2,13,2
18,1,18,22.5,0,0,1,44,1
2,5,2,16.9,0,0,1,27,1
6,1,6,13.8,1,1,2,6,2
7,6,7,11.3,1,1,0,21,0
15,3,15,25.0,0,0,7,34,16
12,5,12,25.9,0,1,2,20,3
1,3,1,15.8,0,0,0,3,2
6,5,6,10.5,1,1,1,3,1
21,0,21,14.2,0,3,2,19,4
19,6,19,15.5,1,1,0,40,0
8,4,8,11.8,1,1,2,3,2
17,1,17,17.4,0,0,2,31,13
19,2,19,19.4,1,1,2,2,3
0,0,0,9.9,1,0,1,2,0
16,6,16,19.9,1,0,5,11,5
12,2,12,24.0,1,1,2,23,2
8,1,8,10.9,1,1,1,2,1
6,1,6,12.3,1,1,0,0,0
20,6,20,14.7,1,1,2,1,2
23,3,23,14.2,1,1,2,11,4
12,5,12,26.6,1,1,12,23,4
13,0,13,10.8,0,0,5,23,5
21,1,21,23.6,1,1,4,10,2
15,4,15,32.5,1,1,2,13,2
21,5,21,25.5,0,0,0,44,0
18,4,18,20.5,1,0,0,27,1
15,6,15,15.2,1,0,16,44,2
17,2,17,29.7,1,1,2,13,2
17,5,17,26.5,0,0,2,31,13
9,4,9,14.4,1,1,0,12,1
19,2,19,22.8,1,1,2,9,2
12,6,12,21.9,1,0,2,21,2
14,1,14,31.3,0,1,0,16,0
20,5,20,8.5,0,0,2,0,3
9,2,9,21.2,1,1,7,13,17
17,6,17,14.4,1,3,7,63,28
6,0,6,13.3,1,1,0,10,1
11,6,11,20.1,0,0,24,96,5
12,3,12,28.2,1,1,9,59,48
14,5,14,21.3,0,0,2,4,4
17,2,17,30.3,1,1,2,7,3
18,5,18,33.1,1,1,1,8,0
13,2,13,11.5,0,0,4,10,5
18,6,18,32.4,1,1,2,18,2
6,4,6,10.9,1,1,2,1,2
14,6,14,27.8,0,0,2,8,3
16,2,16,21.0,1,0,1,14,0
22,6,22,17.7,1,1,16,20,2
22,3,22,22.8,0,0,0,1,1
12,1,12,26.5,0,1,1,14,1
21,3,21,21.0,1,1,4,10,2
7,0,7,11.9,1,1,2,2,2
15,3,15,30.7,1,1,31,64,40
14,6,14,26.9,0,0,2,3,3
13,1,13,28.9,1,1,2,2,2
15,2,15,31.2,0,1,0,14,0
19,1,19,11.8,0,1,7,71,17
8,6,8,11.9,1,1,2,40,2
0,0,0,18.7,0,0,2,2,2
23,6,23,15.3,0,0,0,10,0
0,2,0,21.3,0,0,2,3,3
19,6,19,21.5,1,0,2,1,3
16,4,16,31.4,1,1,1,3,0
5,3,5,8.5,1,0,2,9,3
23,0,23,16.0,1,1,18,31,13
16,0,16,19.1,1,0,2,8,3
19,6,19,30.2,1,1,2,2,3
21,5,21,19.4,1,1,26,47,10
5,2,5,9.2,1,0,2,9,3
23,2,23,20.3,1,1,2,11,4
13,5,13,32.0,1,1,2,13,3
9,1,9,6.6,0,0,0,2,0
17,3,17,25.8,0,0,4,10,2
13,4,13,32.6,1,1,0,21,0
12,5,12,25.4,0,1,2,0,3
12,4,12,23.6,1,1,6,18,6
13,6,13,15.1,0,0,47,11,14
23,0,23,20.8,1,1,2,6,3
14,0,14,18.8,0,0,0,3,1
9,5,9,18.8,1,0,7,69,17
22,1,22,13.2,0,0,0,2,1
6,1,6,4.9,0,0,26,47,10
9,5,9,18.1,1,1,2,31,13
14,4,14,28.9,1,0,17,11,14
15,5,15,14.8,0,0,2,15,2
6,1,6,-1.2,0,0,2,26,4
20,5,20,11.1,0,0,0,15,1
19,0,19,14.4,0,1,2,0,3
19,6,19,26.3,1,1,0,1,0
13,6,13,28.4,1,1,2,50,2
20,0,20,23.4,1,1,1,0,0
16,1,16,22.1,1,1,2,23,2
10,0,10,21.6,0,1,2,13,3
23,4,23,17.4,0,0,2,23,2
7,1,7,8.8,1,1,2,8,2
16,5,16,29.2,0,0,2,16,2
18,5,18,13.9,0,0,2,0,2
18,1,18,18.3,1,0,1,6,0
18,2,18,23.8,1,0,2,18,2
9,4,9,17.0,1,1,0,28,0
12,1,12,30.2,1,1,4,10,2
21,4,21,17.8,0,1,2,13,3
18,2,18,12.2,0,0,0,13,0
1,3,1,15.5,1,0,11,25,6
22,5,22,17.4,1,1,19,32,15
19,2,19,24.0,1,1,1,18,0
14,3,14,28.9,1,1,2,0,2
23,2,23,23.8,1,1,2,11,13
11,6,11,23.0,1,1,0,9,1
9,1,9,16.2,1,0,7,2,17
18,6,18,28.4,1,1,2,27,3
21,0,21,22.6,0,0,0,40,0
7,0,7,10.4,1,1,2,2,3
15,4,15,17.0,1,0,2,2,3
20,4,20,14.7,0,0,16,20,1
11,3,11,20.4,1,1,2,8,2
14,3,14,32.5,1,1,5,23,5
9,2,9,24.2,1,1,9,39,24
1,5,1,13.3,1,0,16,20,2
15,3,15,35.0,1,1,2,0,2
12,1,12,29.1,0,1,6,18,6
16,1,16,22.6,1,1,1,8,1
6,0,6,14.0,1,1,16,20,3
13,0,13,25.8,0,0,0,6,0
20,1,20,13.4,0,0,2,6,3
22,6,22,10.8,0,0,11,25,6
17,4,17,16.6,0,0,1,0,0
14,5,14,21.1,1,0,6,18,21
19,1,19,13.3,0,0,13,53,8
0,0,0,8.7,1,0,1,89,1
9,6,9,24.2,1,1,1,6,0
8,1,8,5.9,1,1,9,141,22
7,4,7,10.1,1,0,2,13,2
13,1,13,25.2,1,1,0,6,0
21,4,21,23.6,1,1,2,26,4
9,4,9,15.2,1,1,4,10,2
17,5,17,25.6,1,0,2,20,4
17,5,17,17.5,0,0,2,8,3
6,4,6,9.8,1,1,2,0,2
17,6,17,17.1,0,0,2,31,13
6,3,6,13.8,1,1,2,9,2
13,5,13,28.9,1,0,2,6,2
9,2,9,14.2,1,1,0,9,0
11,0,11,23.1,1,1,17,11,18
12,1,12,17.6,0,0,2,27,2
9,0,9,15.9,1,1,2,30,3
21,5,21,25.8,0,0,0,9,0
9,4,9,22.2,1,1,39,76,12
17,5,17,31.3,0,1,2,23,2
16,6,16,30.3,1,1,0,3,2
12,5,12,28.8,0,0,2,1,2
5,0,5,12.2,1,0,2,2,3
20,5,20,24.8,1,1,2,7,2
17,0,17,16.4,0,0,2,8,3
11,1,11,23.9,0,1,2,36,2
15,5,15,21.6,1,0,2,3,3
21,6,21,20.9,1,1,0,1,0
10,3,10,28.9,1,1,2,28,2
6,3,6,17.5,1,1,2,2,2
6,3,6,9.9,1,1,1,8,1
15,0,15,25.6,1,1,0,10,0
19,6,19,9.1,1,0,2,15,2
7,6,7,13.2,1,1,2,36,2
10,6,10,28.7,1,1,2,9,3
8,1,8,9.7,1,1,2,78,2
7,4,7,11.1,1,1,2,10,13
16,4,16,33.2,1,0,0,3,1
21,2,21,24.7,1,1,2,7,2
6,0,6,14.3,1,1,1,8,0
15,5,15,28.6,1,1,2,8,2
9,4,9,20.5,1,1,2,7,3
16,2,16,28.3,1,1,2,2,3
17,2,17,18.4,0,1,0,9,0
7,0,7,14.5,1,1,2,13,2
8,0,8,10.8,1,1,2,18,2
16,6,16,29.2,1,1,5,11,5
20,2,20,9.3,0,0,2,20,4
8,1,8,9.2,1,1,2,36,2
11,6,11,27.7,0,1,2,13,2
7,4,7,12.6,1,1,2,12,2
10,6,10,20.3,1,1,2,10,3
6,2,6,14.1,1,1,2,8,2
12,1,12,26.1,0,1,2,8,2
7,2,7,12.0,1,1,2,36,2
14,2,14,28.9,1,0,7,69,17
7,0,7,14.7,1,1,2,6,3
14,6,14,15.1,0,0,15,29,4
11,2,11,28.0,1,1,0,9,0
17,2,17,36.5,1,0,4,10,13
22,3,22,23.5,0,0,0,6,0
11,3,11,24.1,1,1,1,42,0
13,2,13,18.8,1,0,0,8,1
18,3,18,32.8,1,1,2,14,2
17,2,17,32.2,1,1,1,60,1
14,6,14,30.7,1,1,7,14,19
9,0,9,5.2,0,0,0,6,1
14,6,14,30.6,1,1,2,10,2
21,0,21,18.3,1,1,25,11,13
7,3,7,15.7,1,1,2,13,2
10,1,10,26.7,0,1,9,39,30
14,1,14,27.0,0,0,3,5,0
15,4,15,24.7,1,0,2,15,3
16,4,16,25.0,1,2,7,63,39
15,6,15,20.2,1,1,0,28,1
22,6,22,16.6,0,0,0,14,1
19,1,19,27.6,1,1,0,2,0
16,1,16,29.3,1,1,2,0,3
23,0,23,20.1,1,1,2,48,4
14,3,14,34.7,1,1,1,2,0
9,5,9,20.2,1,1,2,12,3
7,2,7,14.3,1,1,0,0,0
14,4,14,29.9,1,0,0,21,0
21,2,21,21.5,1,1,0,0,0
23,6,23,19.5,1,1,25,62,13
12,0,12,22.4,1,1,2,9,3
19,0,19,14.0,0,1,2,12,2
6,4,6,11.8,1,1,0,18,2
18,1,18,11.8,1,0,2,0,3
16,1,16,27.2,0,1,2,21,2
7,0,7,7.7,1,1,2,2,3
13,2,13,29.4,1,1,0,14,0
18,1,18,30.3,1,1,2,13,2
8,1,8,14.2,1,1,9,16,19
22,3,22,22.3,0,0,1,2,0
15,1,15,31.9,1,1,2,13,3
23,4,23,11.7,0,0,1,18,2
1,6,1,18.3,0,0,1,9,2
15,5,15,15.9,1,0,6,18,6
18,3,18,32.0,1,1,2,14,3
15,5,15,36.4,1,1,2,20,4
11,4,11,25.0,1,1,0,6,0
6,4,6,13.0,1,1,3,49,15
12,1,12,27.2,0,1,2,13,3
13,1,13,29.7,1,1,2,27,2
18,2,18,26.3,1,1,2,13,2
19,4,19,26.5,1,1,2,23,2
14,2,14,18.8,1,1,1,6,2
23,1,23,21.5,1,1,2,11,4
18,3,18,31.4,1,1,2,18,2
21,5,21,23.9,1,1,0,6,0
15,1,15,29.9,1,1,0,9,0
15,2,15,27.3,1,1,9,41,19
8,1,8,15.9,1,1,2,44,2
13,4,13,25.5,1,1,2,50,2
14,3,14,13.0,0,0,2,27,3
10,4,10,14.2,0,0,0,14,0
11,6,11,10.0,0,0,2,40,3
10,4,10,20.5,1,1,1,17,0
13,5,13,15.4,0,0,2,0,3
0,0,0,17.9,1,0,19,32,15
12,1,12,24.3,1,1,12,23,4
16,2,16,32.7,1,1,0,2,0
5,6,5,14.2,0,0,3,5,15
9,2,9,21.2,1,1,4,10,2
21,4,21,20.1,1,0,4,10,2
12,0,12,8.0,0,0,2,23,2
21,1,21,10.6,1,1,9,8,58
0,0,0,19.5,0,0,0,6,0
3,5,3,10.0,0,0,17,11,14
20,1,20,19.1,0,1,2,9,3
6,1,6,8.7,1,1,0,6,0
17,4,17,11.2,0,0,1,40,2
7,5,7,16.9,1,1,1,0,0
12,0,12,27.0,1,1,2,6,3
22,0,22,17.0,1,1,6,18,6
10,3,10,26.9,1,1,6,18,21
7,4,7,10.3,1,1,2,2,3
13,3,13,22.2,1,1,0,23,0
13,2,13,22.9,1,0,0,23,0
15,5,15,34.9,1,0,7,79,62
8,1,8,17.3,1,0,7,34,16
12,4,12,26.0,1,0,2,13,2
10,6,10,10.3,1,0,0,28,0
13,2,13,12.4,0,0,0,10,1
21,6,21,21.4,0,0,2,14,2
13,5,13,20.2,1,0,7,69,17
12,5,12,11.1,1,0,11,25,11
14,0,14,29.4,1,1,2,15,2
18,1,18,28.0,1,1,16,20,3
8,6,8,13.8,1,1,30,10,57
13,6,13,29.3,1,1,0,14,0
12,5,12,27.2,1,1,2,23,2
11,4,11,23.9,1,1,2,20,4
20,0,20,29.7,1,1,2,2,3
11,2,11,25.0,1,1,0,6,0
10,4,10,18.1,1,1,0,2,0
9,6,9,24.7,1,1,1,9,2
11,3,11,23.2,1,1,2,0,2
8,5,8,21.7,1,1,2,3,2
10,0,10,20.3,0,3,0,15,0
22,5,22,26.9,0,1,2,9,3
20,4,20,19.5,0,0,2,44,2
6,1,6,8.6,1,1,2,6,3
14,0,14,29.1,1,1,2,1,3
5,2,5,7.0,0,0,21,23,5
7,1,7,12.4,1,1,0,15,0
15,1,15,32.4,1,1,2,44,2
8,6,8,15.9,1,1,2,44,2
13,6,13,18.8,0,0,0,10,1
11,5,11,10.0,0,0,1,14,1
12,3,12,29.3,1,1,5,11,5
14,4,14,31.5,1,1,1,16,2
18,6,18,19.1,0,0,47,11,14
20,6,20,14.8,1,1,2,23,3
10,1,10,26.1,1,1,2,30,2
23,6,23,18.4,1,1,25,62,13
13,3,13,20.1,1,1,23,43,4
10,0,10,12.8,1,0,7,34,77
6,5,6,7.5,0,1,6,18,21
23,5,23,16.2,0,0,8,96,8
21,4,21,20.2,0,1,2,19,4
10,2,10,15.5,0,0,60,39,75
17,1,17,10.0,1,0,2,20,3
14,3,14,21.8,1,0,0,6,1
16,2,16,30.6,1,1,2,8,3
9,5,9,23.9,0,0,17,11,5
1,0,1,9.3,1,0,11,25,6
20,6,20,9.8,1,0,24,5,5
16,1,16,30.7,1,1,2,2,2
6,0,6,13.7,1,1,2,0,2
16,5,16,15.1,0,0,4,10,2
19,2,19,31.2,1,1,2,0,2
0,4,0,15.6,0,0,1,18,2
6,5,6,14.6,1,1,2,6,3
8,2,8,19.9,1,1,2,18,2
20,4,20,19.8,1,1,2,0,3
11,2,11,22.6,1,1,0,9,0
23,3,23,10.3,1,0,6,18,6
14,0,14,25.1,0,1,3,5,0
21,2,21,21.6,1,1,2,26,4
16,6,16,23.5,0,1,2,13,3
19,2,19,20.6,1,1,2,40,3
6,4,6,13.7,1,1,2,8,3
13,4,13,32.0,1,1,2,13,2
10,6,10,25.8,1,1,2,10,3
0,1,0,6.2,1,0,11,25,6
21,5,21,19.7,0,0,2,23,2
16,6,16,33.6,1,1,1,3,2
19,6,19,25.8,1,1,1,18,0
16,1,16,29.5,0,1,0,9,1
6,1,6,8.6,1,1,2,1,3
8,0,8,13.5,1,1,2,2,2
23,2,23,9.0,1,0,17,11,14
21,2,21,18.5,0,0,2,8,3
22,6,22,21.6,0,0,1,2,0
10,0,10,19.5,1,0,7,34,16
17,5,17,29.7,1,1,2,13,2
16,1,16,19.4,1,1,2,21,2
16,5,16,35.2,1,1,2,20,3
8,1,8,14.3,1,1,2,0,2
20,0,20,21.9,1,1,2,9,2
21,4,21,22.9,1,1,2,23,3
12,1,12,23.7,1,1,1,42,0
0,3,0,14.2,0,0,21,11,5
8,0,8,18.7,1,0,7,34,36
6,4,6,12.7,1,1,2,0,2
10,3,10,22.9,1,1,6,18,6
12,4,12,24.3,1,1,2,23,2
23,0,23,20.8,0,0,1,2,1
22,2,22,21.9,1,1,0,0,0
17,0,17,32.3,1,1,2,13,3
8,6,8,18.0,1,1,2,13,2
19,1,19,27.6,1,1,2,0,2
11,4,11,21.6,1,1,1,3,0
19,2,19,17.6,0,0,0,0,0
17,1,17,17.2,0,1,0,9,1
11,1,11,16.9,1,0,0,21,0
18,5,18,12.7,1,0,2,14,3
13,1,13,11.8,1,0,2,18,2
16,6,16,19.5,1,1,2,23,3
6,3,6,9.9,0,0,26,47,10
13,4,13,26.5,1,0,1,18,0
19,3,19,22.5,1,1,16,20,3
20,0,20,10.3,1,0,69,1,95
12,6,12,24.9,1,1,10,24,0
8,5,8,19.0,1,1,2,3,2
18,6,18,28.4,1,1,2,13,2
9,4,9,19.3,1,1,2,36,2
14,6,14,29.2,1,1,2,9,3
20,5,20,18.5,0,0,16,20,1
18,1,18,16.2,0,0,13,53,8
7,5,7,0.2,0,0,12,23,4
9,0,9,18.6,1,1,2,13,2
9,2,9,21.1,1,1,6,18,6
13,0,13,30.3,1,1,2,27,2
21,2,21,26.4,0,1,19,32,15
13,1,13,31.7,1,1,2,27,2
19,1,19,17.0,0,1,0,13,1
9,2,9,16.8,1,1,12,23,4
8,4,8,15.0,1,1,2,78,2
9,6,9,12.5,1,1,1,6,1
13,1,13,28.4,0,1,0,28,0
7,5,7,11.6,1,1,2,2,3
0,2,0,8.7,0,0,1,18,2
19,1,19,26.3,0,0,1,14,2
19,3,19,26.3,0,0,46,34,16
21,6,21,21.8,1,1,2,23,2
13,4,13,18.7,0,0,0,20,0
11,0,11,20.0,0,0,0,23,0
23,2,23,18.3,0,0,1,2,1
13,2,13,24.3,0,0,2,15,2
16,3,16,17.2,0,0,2,0,3
20,4,20,18.4,1,1,2,23,3
13,1,13,30.8,1,1,2,13,3
15,1,15,28.0,1,0,1,6,0
13,6,13,12.5,0,1,2,28,2
14,4,14,20.3,0,0,1,0,0
15,1,15,31.4,0,1,2,13,2
9,2,9,20.8,1,1,0,8,0
20,6,20,12.5,0,0,1,23,0
23,2,23,4.8,1,0,17,11,14
8,0,8,14.5,1,0,7,34,16
10,0,10,15.9,1,1,2,6,2
21,3,21,21.4,1,1,4,10,2
11,3,11,28.3,1,1,2,7,3
3,4,3,16.7,0,0,36,76,12
21,2,21,23.0,0,0,0,15,0
16,0,16,33.0,1,1,0,14,0
23,1,23,20.0,1,1,2,11,4
6,5,6,17.9,1,1,0,8,0
11,0,11,29.8,1,1,0,9,0
21,0,21,19.1,1,1,47,11,14
8,3,8,13.3,1,0,9,6,25
18,2,18,25.9,1,1,6,18,26
19,4,19,13.7,1,1,0,40,0
17,6,17,30.2,1,1,1,89,2
22,5,22,18.0,0,0,0,8,1
12,0,12,15.1,1,0,7,34,16
15,3,15,32.5,1,1,0,6,1
11,0,11,12.4,1,0,7,34,16
10,2,10,23.1,1,1,6,18,6
20,0,20,28.6,1,1,2,9,2
4,2,4,16.0,1,0,2,1,2
11,0,11,27.8,0,0,0,2,0
12,2,12,30.7,1,1,2,8,3
6,6,6,2.3,1,0,17,11,14
17,0,17,15.8,0,1,7,39,55
9,6,9,22.3,1,1,9,12,17
14,0,14,34.0,1,1,15,29,4
9,6,9,25.0,1,1,2,19,4
9,6,9,22.3,0,0,0,6,0
1,2,1,17.5,0,0,1,3,0
22,0,22,8.9,1,0,19,32,15
12,3,12,23.8,1,1,5,11,5
17,6,17,30.0,1,1,16,20,3
11,3,11,30.8,1,1,2,30,2
11,2,11,26.5,1,1,9,39,24
22,1,22,22.0,1,1,19,32,15
15,1,15,28.1,1,0,2,3,3
9,5,9,25.7,1,1,2,16,2
9,4,9,14.4,1,0,2,7,3
19,1,19,27.7,1,1,0,13,1
11,2,11,17.0,0,1,2,9,3
14,4,14,20.0,1,3,7,79,93
20,1,20,25.3,0,1,2,13,2
12,3,12,21.4,1,1,2,13,2
12,1,12,27.3,0,0,16,20,3
13,5,13,26.2,1,1,13,26,10
16,1,16,35.5,0,1,1,0,1
15,1,15,17.4,1,0,0,14,1
21,6,21,19.2,0,0,2,1,2
1,1,1,1.9,1,0,11,25,6
8,2,8,12.8,1,1,2,44,2
19,3,19,25.9,1,1,2,13,2
6,1,6,14.8,1,1,0,10,1
15,0,15,28.7,1,1,2,8,2
11,2,11,15.8,0,0,16,20,3
22,3,22,16.6,1,1,19,32,15
14,0,14,23.2,1,0,0,27,0
17,6,17,16.5,1,0,1,20,1
14,6,14,29.0,1,1,2,14,2
8,4,8,13.3,0,1,25,11,13
18,5,18,29.6,1,1,2,7,3
8,4,8,12.1,1,1,2,18,2
7,3,7,14.4,1,1,2,12,2
23,6,23,13.1,0,0,0,6,0
9,2,9,15.3,0,0,2,8,3
17,0,17,12.9,0,0,0,23,0
0,3,0,17.0,0,0,1,6,0
14,2,14,35.0,1,1,2,14,2
7,1,7,11.1,1,1,2,0,3
14,6,14,29.1,1,1,0,27,0
9,4,9,21.6,1,1,1,44,1
22,6,22,23.9,0,0,0,40,0
12,4,12,26.0,1,1,0,13,0
16,3,16,17.4,1,0,1,2,1
13,3,13,14.2,1,0,2,6,3
18,5,18,16.2,0,1,0,9,1
23,1,23,18.0,1,1,18,31,4
21,1,21,12.2,1,0,13,53,8
17,6,17,29.9,1,1,7,45,17
0,1,0,15.9,0,0,3,5,0
11,6,11,23.9,1,1,0,6,0
12,1,12,27.1,1,1,10,24,10
8,6,8,14.6,1,1,2,44,2
18,2,18,22.5,0,1,0,9,1
8,1,8,11.9,1,1,2,15,2
14,6,14,29.4,1,1,1,0,0
7,3,7,12.6,1,1,2,12,3
16,2,16,34.6,1,1,0,3,2
12,6,12,13.2,1,0,2,8,2
15,5,15,19.6,1,0,6,18,6
8,6,8,16.4,1,1,2,13,3
21,4,21,16.5,1,1,1,6,1
6,6,6,12.0,1,1,2,2,3
19,0,19,30.2,1,1,0,6,0
12,5,12,25.7,1,1,2,3,3
19,6,19,23.3,1,1,2,8,3
6,6,6,13.6,1,1,0,1,0
6,0,6,13.4,1,1,2,0,3
11,0,11,21.4,1,1,2,20,3
14,1,14,20.4,1,0,2,20,2
8,1,8,15.8,1,0,7,34,16
22,1,22,21.9,0,0,2,2,2
14,2,14,21.2,1,1,2,6,2
14,1,14,18.2,1,0,1,2,0
16,5,16,15.2,0,0,0,14,0
21,4,21,7.3,0,0,2,44,2
7,0,7,-2.2,1,0,2,13,3
12,2,12,27.2,1,1,0,9,0
8,4,8,12.9,0,1,2,26,4
15,4,15,30.3,1,1,2,10,2
14,5,14,29.7,1,3,7,82,28
15,5,15,32.9,1,1,1,3,0
15,4,15,32.5,1,1,0,21,0
14,1,14,23.6,1,1,0,13,1
21,3,21,23.9,0,1,2,23,2
20,1,20,30.9,1,1,1,6,0
18,6,18,12.7,0,0,0,12,1
4,3,4,11.4,1,0,2,6,3
12,1,12,26.6,0,1,2,83,2
18,4,18,11.8,0,0,0,15,0
6,6,6,8.1,1,0,0,23,0
20,2,20,22.8,0,0,2,15,3
14,6,14,30.5,1,1,0,13,0
13,2,13,19.5,1,0,0,2,0
15,6,15,17.2,1,0,2,14,2
12,4,12,24.8,1,1,2,18,2
10,4,10,24.3,0,0,15,29,4
13,2,13,29.2,1,1,2,8,3
9,3,9,14.8,1,1,2,30,2
21,6,21,7.7,0,0,6,18,6
17,2,17,18.3,1,1,32,93,35
2,6,2,16.4,0,0,0,27,0
14,0,14,28.4,1,1,7,41,19
11,0,11,14.2,1,0,2,12,3
15,0,15,23.6,0,1,7,28,44
18,0,18,16.0,1,1,2,13,3
18,0,18,26.2,1,0,9,82,28
17,4,17,28.7,1,1,2,0,3
11,6,11,10.3,1,0,13,26,10
18,1,18,14.4,0,0,2,21,2
0,3,0,8.4,1,0,2,20,3
17,0,17,29.5,1,1,1,60,0
1,6,1,12.8,1,0,11,25,6
12,5,12,13.8,1,0,0,28,0
13,4,13,25.0,1,1,7,41,19
16,0,16,34.4,1,1,6,18,20
15,1,15,31.6,1,1,2,44,2
23,6,23,11.5,0,1,0,1,0
2,1,2,17.2,0,0,2,1,3
8,4,8,14.4,1,1,2,9,3
11,5,11,15.3,1,0,5,46,5
21,5,21,18.3,0,0,2,14,2
6,4,6,12.3,1,1,1,20,0
13,1,13,28.1,1,1,2,28,2
13,0,13,16.1,1,0,2,0,3
5,6,5,16.0,0,0,2,68,13
11,3,11,21.7,0,0,0,18,0
6,2,6,14.1,1,1,0,10,1
13,1,13,30.9,0,0,2,2,3
14,2,14,18.2,0,0,2,3,3
14,0,14,32.7,1,1,0,21,0
16,6,16,30.7,0,0,7,79,28
20,6,20,24.5,1,1,2,23,3
13,1,13,28.5,0,1,2,9,2
12,6,12,13.8,0,0,16,44,2
17,6,17,19.1,0,0,0,36,0
12,4,12,24.2,1,1,2,20,3
18,4,18,29.2,1,1,2,23,2
22,1,22,13.1,0,0,11,25,6
7,4,7,14.6,1,1,2,6,2
15,6,15,31.5,1,1,2,26,13
11,6,11,12.2,0,0,2,9,3
18,5,18,30.5,1,1,0,40,0
13,5,13,25.3,1,1,15,29,4
16,6,16,15.9,1,0,0,13,0
11,6,11,26.9,1,1,7,69,17
0,6,0,15.9,0,0,2,27,3
16,0,16,33.0,1,1,2,23,2
7,5,7,14.5,1,1,4,10,15
14,1,14,27.7,1,1,2,14,3
12,5,12,17.8,1,0,2,18,2
17,1,17,35.5,1,1,0,3,2
21,1,21,11.2,0,0,2,19,4
23,5,23,18.1,0,0,11,25,6
14,4,14,26.9,1,1,0,36,0
17,3,17,15.2,1,1,1,60,1
18,0,18,31.1,0,1,0,9,0
15,6,15,11.8,1,0,5,23,5
12,5,12,11.5,1,0,0,6,0
12,1,12,15.7,0,0,2,8,3
19,1,19,9.0,0,0,2,9,3
16,1,16,27.4,1,0,0,14,1
22,2,22,10.8,1,0,25,11,13
23,0,23,14.6,1,0,2,7,2
15,0,15,22.5,0,0,0,21,0
17,2,17,18.4,1,1,2,13,3
14,0,14,31.9,1,1,0,21,0
14,2,14,28.2,1,1,1,14,0
16,0,16,14.8,1,3,9,39,80
6,3,6,7.4,0,0,2,11,4
22,3,22,20.7,1,1,1,23,2
10,1,10,28.9,1,1,0,15,1
6,5,6,14.2,1,1,0,10,1
21,5,21,9.6,0,0,2,80,4
21,5,21,14.3,1,0,13,53,8
15,2,15,29.6,0,0,2,9,2
19,0,19,22.7,1,1,1,18,2
16,5,16,18.5,1,0,4,10,4
13,1,13,28.4,1,1,2,6,2
23,5,23,19.8,0,0,1,8,0
21,6,21,21.7,0,1,2,10,2
16,1,16,29.3,1,1,6,18,20
20,1,20,16.5,1,1,2,10,3
8,2,8,12.1,1,1,2,15,2
9,1,9,22.7,1,1,0,8,0
9,3,9,18.1,1,1,9,39,9
16,3,16,30.9,1,1,31,64,40
8,3,8,15.6,1,1,2,18,2
13,3,13,22.5,0,0,7,34,77
19,6,19,28.9,1,1,2,7,3
20,0,20,26.4,1,1,0,0,0
11,0,11,11.8,1,0,7,34,77
21,1,21,14.4,1,1,2,7,3
9,1,9,18.9,0,1,2,1,3
15,5,15,22.0,1,0,0,6,0
23,0,23,16.2,0,1,6,18,6
9,5,9,16.6,1,1,21,25,5
8,0,8,16.7,1,0,2,18,3
14,0,14,18.5,0,0,2,10,13
17,5,17,17.8,0,0,4,10,2
13,2,13,15.0,0,0,0,15,0
0,4,0,17.3,0,0,2,6,3
7,5,7,15.1,1,1,2,23,2
16,3,16,31.1,0,0,0,8,0
9,6,9,23.7,1,1,2,8,3
9,1,9,20.0,1,1,1,13,0
6,6,6,7.3,0,0,26,47,10
1,0,1,8.3,1,0,11,25,6
13,4,13,16.3,0,0,2,8,3
19,6,19,22.0,1,1,0,18,0
17,3,17,30.1,1,0,7,34,36
12,5,12,12.1,0,0,16,134,0
16,1,16,30.4,1,1,2,44,2
9,6,9,19.4,1,1,4,10,2
23,0,23,18.0,0,1,2,9,2
21,6,21,9.4,0,0,2,26,4
9,6,9,14.2,0,1,2,0,2
17,2,17,16.2,0,0,16,20,3
7,2,7,13.4,1,1,2,21,2
17,6,17,27.9,1,1,2,2,3
6,1,6,14.5,0,0,4,10,2
23,3,23,13.8,0,0,0,2,0
22,0,22,9.4,0,0,11,25,6
6,5,6,10.4,1,1,2,7,2
12,6,12,19.4,1,1,0,2,0
14,2,14,15.4,0,0,0,28,0
9,4,9,22.7,1,1,0,12,0
7,5,7,11.0,1,1,16,20,3
15,0,15,23.0,1,0,0,6,1
7,4,7,11.1,1,0,2,0,3
13,4,13,33.2,1,1,2,50,2
20,5,20,29.6,0,0,2,14,2
23,2,23,17.8,1,1,2,11,4
17,1,17,24.4,1,0,2,13,2
8,6,8,16.1,1,0,5,23,5
19,4,19,28.9,1,1,2,14,2
23,1,23,21.6,1,1,26,47,10
23,0,23,13.5,0,1,1,2,1
15,4,15,19.2,0,0,1,20,1
21,1,21,22.1,1,1,2,1,2
14,6,14,28.8,0,1,5,44,5
7,4,7,14.1,1,0,1,13,1
7,6,7,13.0,1,1,4,10,2
10,5,10,20.8,1,0,2,6,3
15,1,15,30.6,0,0,2,1,2
8,1,8,16.0,1,1,2,18,2
13,5,13,27.4,1,1,0,27,0
10,6,10,11.5,0,0,0,23,0
5,6,5,13.5,1,0,2,3,3
19,3,19,25.8,1,1,0,18,2
6,3,6,7.6,1,0,2,6,3
18,4,18,12.1,0,0,0,13,0
20,1,20,24.3,0,0,2,19,13
13,3,13,14.5,1,0,2,2,2
15,2,15,18.7,1,0,2,13,3
1,5,1,6.2,1,0,2,4,4
18,6,18,19.3,0,0,2,23,2
13,1,13,31.0,1,1,2,27,2
18,5,18,26.4,0,0,2,13,2
17,3,17,13.2,1,0,2,14,3
10,3,10,21.2,0,0,2,14,2
10,0,10,19.5,0,1,31,64,33
8,1,8,15.0,1,0,7,34,16
15,6,15,16.9,1,0,0,13,0
19,5,19,9.6,1,0,7,2,17
21,0,21,21.3,0,0,2,14,3
6,1,6,15.4,0,0,2,5,13
18,0,18,11.0,0,0,2,0,3
11,6,11,19.4,1,0,13,26,10
17,1,17,22.9,1,1,1,2,1
21,3,21,21.5,1,1,2,9,3
20,4,20,25.1,1,0,2,2,2
10,2,10,15.5,0,1,2,2,3
19,4,19,14.7,0,0,2,12,2
13,6,13,30.4,1,1,2,2,3
14,2,14,23.0,0,0,2,5,8
6,3,6,13.3,1,1,16,20,3
22,1,22,22.7,0,0,1,6,0
9,4,9,20.0,1,1,2,6,3
10,3,10,25.5,1,1,7,88,17
21,2,21,15.5,1,1,2,8,2
21,6,21,14.3,1,0,47,23,14
22,1,22,25.6,1,1,4,10,5
11,3,11,25.7,1,1,2,12,3
18,2,18,30.7,1,1,2,14,2
6,6,6,14.2,1,1,1,20,1
12,5,12,25.7,0,0,2,23,2
19,3,19,26.5,0,0,31,64,40
12,2,12,30.3,1,1,2,3,3
6,3,6,7.0,1,0,2,8,3
17,0,17,18.5,0,2,7,39,28
12,0,12,14.9,1,0,2,0,3
9,1,9,13.2,1,1,0,9,0
21,3,21,24.1,1,1,4,10,2
22,5,22,10.9,0,0,3,5,15
14,0,14,34.3,1,1,16,20,2
21,6,21,22.8,1,1,26,47,10
19,3,19,8.8,1,0,0,1,1
3,4,3,15.4,1,0,34,10,12
8,5,8,0.3,1,0,16,3,3
0,3,0,16.7,0,0,0,0,1
10,5,10,21.6,1,1,0,13,0
16,2,16,29.1,0,1,16,20,1
19,1,19,30.2,1,1,7,73,17
19,4,19,27.3,1,1,0,0,0
10,6,10,23.3,1,1,0,28,1
16,4,16,29.8,1,1,4,10,5
1,6,1,15.3,1,0,11,25,6
6,3,6,6.1,1,0,1,2,0
14,5,14,21.6,0,0,2,2,3
17,6,17,17.9,1,0,2,13,3
19,6,19,9.8,0,0,2,13,2
12,3,12,22.2,0,0,1,2,1
6,0,6,14.5,1,1,0,23,2
21,1,21,23.0,1,1,6,18,21
9,0,9,16.9,1,1,4,10,2
12,0,12,26.7,1,1,58,6,5
15,5,15,17.5,1,0,4,72,2
22,6,22,19.7,1,1,6,18,20
17,5,17,33.5,0,1,2,8,2
13,4,13,17.6,0,0,0,20,0
10,2,10,8.1,1,0,0,28,1
13,0,13,28.3,0,1,2,2,2
11,1,11,12.2,1,0,1,8,0
8,3,8,15.2,0,1,25,11,13
9,5,9,4.9,1,0,21,25,5
15,2,15,32.7,1,1,1,2,2
20,4,20,28.8,1,1,2,6,2
1,6,1,15.3,0,0,17,20,18
16,6,16,30.6,1,1,2,23,3
7,2,7,14.3,1,1,2,36,2
21,5,21,21.7,1,0,2,26,4
8,0,8,18.7,0,0,2,26,4
22,3,22,24.4,1,1,2,26,4
16,6,16,30.3,1,1,2,9,2
19,4,19,30.2,1,1,1,9,0
16,1,16,30.6,1,1,0,3,2
18,0,18,28.7,1,0,7,109,17
14,0,14,28.5,1,1,1,6,0
12,6,12,27.2,1,1,2,14,2
16,4,16,20.3,0,0,0,8,0
6,1,6,10.1,0,0,26,47,10
4,5,4,10.9,1,0,17,11,5
18,4,18,25.6,1,0,4,10,4
15,5,15,19.9,0,0,2,13,3
19,4,19,19.1,0,0,0,9,1
7,1,7,12.6,1,1,2,12,2
9,0,9,16.8,0,1,2,2,3
21,0,21,19.2,0,1,0,40,0
16,3,16,16.4,1,1,2,6,3
13,5,13,14.6,0,0,5,23,5
10,5,10,22.0,0,0,2,18,2
19,1,19,18.7,1,1,0,40,0
10,0,10,26.5,1,1,6,18,6
15,0,15,18.5,1,1,9,6,22
13,2,13,27.9,1,1,2,0,2
18,2,18,19.6,1,0,2,13,3
10,3,10,13.4,0,0,2,70,4
0,0,0,14.6,0,0,2,8,2
17,1,17,18.4,1,0,2,20,3
18,1,18,25.8,0,0,6,18,6
12,1,12,18.2,1,1,7,39,43
17,3,17,13.1,1,0,2,2,3
16,1,16,12.7,0,0,2,2,3
16,1,16,27.6,0,0,0,9,0
1,3,1,10.5,1,0,17,11,14
11,5,11,22.8,1,1,2,20,3
17,0,17,28.3,1,1,2,13,2
19,6,19,24.3,1,1,1,18,2
17,6,17,27.6,0,1,2,23,2
13,5,13,27.1,0,1,0,0,0
7,2,7,13.1,1,1,2,2,2
6,2,6,14.2,0,1,2,48,4
16,2,16,24.9,1,0,2,13,3
23,6,23,6.9,0,0,2,9,3
0,3,0,8.5,1,0,19,32,2
17,5,17,27.1,1,1,2,9,3
16,5,16,22.8,1,0,2,8,3
12,0,12,30.4,1,1,11,25,11
2,5,2,6.9,1,0,17,11,14
16,3,16,32.7,1,1,5,10,5
21,5,21,26.0,1,1,2,26,4
19,2,19,17.1,1,1,6,18,26
7,6,7,7.9,1,0,2,23,2
18,0,18,26.7,1,1,0,14,0
11,5,11,25.1,1,1,2,11,4
14,6,14,30.9,1,1,2,27,2
9,4,9,22.4,1,1,4,10,2
7,0,7,15.1,1,1,2,8,3
11,6,11,25.4,1,1,2,9,3
20,3,20,8.3,1,0,0,10,1
10,2,10,21.5,0,0,2,2,3
5,3,5,16.0,0,0,3,5,13
13,0,13,30.4,0,0,2,13,2
20,5,20,17.0,1,1,2,23,3
14,5,14,29.8,1,1,0,14,1
22,0,22,24.9,1,1,19,32,15
12,5,12,13.3,1,0,2,18,2
10,3,10,23.2,1,1,37,87,49
22,4,22,24.0,0,0,2,52,2
1,6,1,13.8,0,0,1,18,0
13,3,13,17.2,1,0,13,26,10
19,5,19,32.0,1,1,0,1,0
19,6,19,24.8,1,1,2,7,3
13,5,13,19.3,0,0,2,0,3
13,5,13,15.7,1,0,6,18,6
3,2,3,12.3,1,0,77,46,5
8,4,8,16.9,1,1,0,20,0
20,2,20,20.7,1,1,2,9,2
16,6,16,30.8,1,1,2,6,3
21,6,21,22.5,0,0,6,18,20
15,6,15,19.8,0,0,2,6,3
18,1,18,25.9,1,1,0,1,0
22,0,22,12.6,0,0,0,0,0
14,1,14,11.0,0,3,16,20,3
21,1,21,23.1,1,1,2,26,4
13,0,13,13.5,1,0,2,2,3
17,4,17,29.8,0,1,2,7,2
18,2,18,10.0,0,0,2,0,3
12,0,12,11.1,0,0,2,23,2
16,4,16,21.3,0,0,5,44,5
6,0,6,9.7,1,1,9,105,58
8,4,8,17.7,1,1,2,44,2
9,6,9,24.8,1,1,0,36,0
6,6,6,8.8,1,1,2,2,3
11,4,11,23.4,1,1,2,15,2
16,2,16,17.6,0,0,4,10,2
23,0,23,19.7,0,0,0,6,1
7,0,7,13.4,1,1,2,6,3
22,2,22,15.3,1,1,2,8,3
15,5,15,17.7,0,0,1,3,1
18,4,18,25.7,0,0,2,8,2
23,6,23,12.9,0,0,1,89,0
23,6,23,15.3,1,0,18,31,4
11,3,11,28.4,1,1,2,8,2
20,5,20,11.9,0,0,2,20,13
17,1,17,28.9,1,1,2,2,2
18,5,18,14.3,0,0,13,53,8
19,3,19,9.3,1,0,0,0,1
18,6,18,12.0,0,0,2,0,3
7,0,7,12.4,1,1,17,11,14
6,4,6,12.7,0,1,1,0,0
23,3,23,17.9,1,1,2,11,4
17,0,17,32.0,1,1,0,14,1
13,5,13,27.4,0,1,0,16,0
14,3,14,32.5,0,0,2,15,2
15,4,15,31.2,1,1,0,7,1
22,1,22,20.2,0,0,1,6,1
13,6,13,14.9,1,0,2,6,2
14,0,14,31.3,1,1,1,13,1
13,4,13,17.9,0,0,0,3,1
15,2,15,17.3,0,0,2,14,3
21,5,21,17.6,1,0,0,10,1
10,6,10,24.2,0,0,1,18,0
11,3,11,12.3,1,0,2,19,4
23,3,23,21.5,1,1,14,57,10
10,3,10,22.7,1,1,31,64,33
8,5,8,16.5,0,1,2,26,4
21,1,21,15.9,0,0,0,40,0
17,4,17,16.5,1,0,2,30,3
13,2,13,22.3,0,0,4,72,0
12,0,12,27.6,1,1,11,25,11
14,6,14,30.5,1,1,2,10,2
18,4,18,28.4,1,1,0,0,0
6,5,6,11.3,0,0,16,20,3
12,6,12,25.5,0,1,2,21,2
15,6,15,30.0,1,1,4,10,2
10,3,10,21.5,1,1,2,13,3
22,5,22,20.0,0,0,0,1,1
9,6,9,7.8,1,0,2,0,3
6,2,6,14.6,1,1,2,7,2
21,5,21,18.5,0,1,2,13,3
17,0,17,11.9,1,0,1,8,1
15,2,15,29.7,1,0,4,72,2
9,1,9,18.1,1,1,0,8,0
1,2,1,15.9,1,0,3,5,0
11,4,11,26.9,1,1,9,40,9
22,1,22,16.1,1,1,19,32,15
10,6,10,19.5,1,0,0,9,1
10,6,10,9.2,0,0,2,15,2
4,4,4,14.4,0,0,16,20,3
21,6,21,18.7,1,1,2,7,2
20,1,20,10.2,0,0,16,20,0
22,1,22,4.6,0,0,11,25,6
11,5,11,18.6,0,0,0,14,0
15,6,15,33.8,1,0,7,38,17
11,0,11,25.1,0,0,9,39,24
11,4,11,23.4,1,1,21,11,5
21,2,21,26.5,1,1,2,26,4
16,1,16,18.6,0,0,2,2,3
18,2,18,15.0,0,1,7,81,42
16,3,16,32.4,1,1,17,11,18
6,0,6,13.9,1,1,2,6,2
5,0,5,8.2,1,0,8,5,8
17,3,17,17.4,1,0,7,73,62
7,0,7,-0.2,0,1,1,0,2
15,5,15,36.7,0,1,0,28,1
10,2,10,16.4,0,1,0,6,0
9,2,9,23.5,1,1,2,19,4
21,1,21,20.5,1,1,25,11,13
4,5,4,12.1,0,0,3,5,13
17,2,17,36.1,1,1,16,20,3
18,4,18,16.7,1,0,1,6,2
19,4,19,26.2,0,1,2,0,3
8,6,8,16.0,1,1,2,0,2
11,3,11,14.2,0,0,2,14,2
10,1,10,27.1,1,1,0,15,0
7,6,7,14.9,1,1,4,10,15
6,5,6,15.5,1,1,2,6,2
18,1,18,20.5,0,1,2,21,2
6,3,6,14.0,1,1,1,6,1
6,1,6,14.5,0,1,2,5,13
13,3,13,30.5,1,1,7,82,28
13,2,13,20.1,1,1,1,2,1
7,3,7,13.9,1,1,2,12,3
18,5,18,17.3,0,1,2,23,2
16,1,16,25.4,1,0,1,8,0
10,6,10,21.3,1,1,12,23,4
16,3,16,32.1,1,1,0,3,1
13,1,13,31.0,1,1,2,6,3
13,5,13,18.1,1,1,0,28,1
17,6,17,15.2,1,0,16,20,2
23,6,23,3.7,0,0,2,10,3
4,4,4,5.5,1,0,2,6,3
21,3,21,16.7,0,0,2,2,3
14,2,14,27.6,1,1,5,11,5
0,3,0,14.1,0,0,0,2,0
12,0,12,15.8,1,0,0,28,0
7,4,7,15.6,1,1,17,11,14
13,1,13,31.0,1,1,2,28,2
14,2,14,20.9,0,0,2,3,3
18,3,18,23.8,0,1,0,9,0
7,4,7,10.4,1,1,2,23,2
12,1,12,27.7,0,1,2,7,3
11,5,11,27.1,1,1,2,11,13
20,3,20,21.9,1,1,1,6,0
18,6,18,27.6,0,0,0,6,0
13,1,13,26.0,0,1,0,0,0
16,0,16,14.0,0,0,2,15,2
6,0,6,14.7,1,1,2,9,3
19,6,19,28.5,1,1,2,14,2
0,4,0,18.5,1,0,2,5,8
11,6,11,26.2,1,1,2,2,3
12,5,12,14.8,1,0,0,28,1
6,6,6,6.1,0,0,26,47,10
20,6,20,22.8,1,1,2,0,3
6,5,6,7.8,1,1,2,0,3
14,6,14,29.6,1,1,2,0,3
13,1,13,18.3,1,0,1,3,2
19,0,19,10.7,0,0,2,12,2
0,0,0,8.5,1,0,3,5,0
15,5,15,28.6,1,1,1,14,1
19,2,19,24.0,0,0,2,40,2
12,2,12,30.5,0,0,1,8,0
20,1,20,23.9,1,1,0,2,0
17,2,17,18.4,1,1,2,5,13
21,4,21,22.8,1,1,2,26,4
11,1,11,12.2,0,0,0,6,1
23,6,23,3.8,1,0,2,7,2
9,6,9,17.1,0,0,0,2,0
20,6,20,23.9,1,1,2,8,2
7,0,7,13.1,1,1,2,2,2
4,6,4,9.2,0,0,17,11,14
16,1,16,23.6,1,1,2,20,2
23,5,23,17.9,0,0,8,96,8
12,0,12,15.8,0,0,7,34,16
19,5,19,17.2,0,0,17,11,14
12,1,12,22.0,1,1,7,13,47
17,1,17,20.0,1,0,9,82,28
11,5,11,29.9,1,3,9,82,28
12,4,12,30.8,1,1,7,99,27
10,0,10,25.5,0,1,2,13,3
14,6,14,30.9,1,1,2,0,3
19,3,19,23.6,1,1,2,50,2
15,0,15,18.9,1,1,2,3,3
19,1,19,11.9,0,1,7,14,47
16,6,16,27.0,1,1,7,59,37
13,3,13,13.8,0,0,5,23,5
13,3,13,28.4,0,1,2,4,4
18,4,18,13.1,1,0,1,60,1
23,5,23,16.1,0,0,0,15,0
6,6,6,13.7,0,0,25,62,13
9,4,9,21.6,1,1,31,15,33
11,0,11,26.9,1,1,2,9,2
15,5,15,31.7,1,1,1,13,1
11,5,11,22.6,1,0,0,0,0
12,6,12,28.8,1,1,2,7,3
10,2,10,12.5,0,0,2,6,2
20,0,20,21.4,0,1,1,16,0
17,0,17,16.9,0,0,2,6,3
16,1,16,19.0,1,0,31,6,33
8,2,8,14.7,1,1,2,3,2
12,5,12,10.3,1,0,16,20,3
12,6,12,20.8,1,1,0,3,0
18,5,18,25.2,1,0,2,15,3
10,2,10,25.6,1,1,2,0,2
13,0,13,16.2,1,0,0,14,0
10,5,10,5.0,1,0,21,25,5
14,3,14,28.7,1,1,16,20,2
13,3,13,24.1,1,1,10,24,32
11,3,11,12.4,1,0,0,9,0
1,1,1,13.1,1,0,3,5,0
20,1,20,13.2,0,1,2,13,2
3,4,3,17.3,1,0,11,25,6
18,6,18,30.7,1,1,2,13,2
11,2,11,24.5,1,1,2,13,3
22,4,22,22.5,1,1,5,5,5
20,1,20,13.1,1,0,0,18,0
13,0,13,29.9,1,1,2,14,2
16,1,16,32.4,1,1,1,14,2
21,1,21,21.9,1,1,2,10,2
9,5,9,21.6,1,1,2,36,2
21,6,21,19.6,1,1,4,10,2
11,1,11,17.3,0,0,0,6,0
18,4,18,12.1,1,0,2,8,3
1,5,1,11.4,0,0,0,1,1
21,5,21,10.9,0,0,2,3,3
14,1,14,11.6,1,0,4,10,2
1,1,1,16.0,0,0,2,27,3
13,1,13,29.9,1,1,12,23,4
15,3,15,32.0,1,1,2,58,2
21,4,21,23.7,0,1,2,8,3
7,5,7,13.7,1,1,2,9,3
17,4,17,29.9,0,0,2,10,3
2,0,2,12.5,1,0,8,11,8
21,5,21,23.3,0,0,2,2,3
8,6,8,3.9,1,0,0,9,0
20,2,20,19.0,1,1,2,10,3
18,1,18,29.0,1,1,4,10,5
7,2,7,12.0,1,1,1,13,2
7,4,7,10.0,1,1,2,0,3
7,1,7,12.0,1,1,2,0,3
22,0,22,22.0,0,0,0,27,1
23,6,23,14.7,0,0,0,1,1
19,3,19,12.7,0,0,2,2,3
11,1,11,25.9,1,0,2,2,3
18,5,18,30.5,1,1,4,10,4
12,0,12,30.2,1,1,2,20,3
20,4,20,9.0,0,0,2,0,2
11,1,11,22.8,1,1,2,19,4
16,2,16,30.9,1,1,2,8,2
8,4,8,6.9,1,0,21,11,5
23,1,23,19.7,1,1,0,9,0
8,5,8,16.9,0,1,25,11,13
18,4,18,12.0,1,0,1,9,0
9,2,9,20.7,1,1,21,11,5
18,4,18,23.5,1,1,2,18,2
6,2,6,3.1,0,0,2,68,4
17,3,17,26.0,0,0,1,18,2
15,6,15,25.4,1,1,0,21,0
22,0,22,21.9,1,1,16,20,2
1,1,1,15.1,1,0,3,5,15
1,4,1,18.2,1,0,2,4,4
13,6,13,15.0,1,0,2,6,3
12,3,12,29.4,1,1,0,3,2
7,3,7,13.2,1,1,4,10,2
11,4,11,10.8,0,0,25,11,13
10,5,10,22.1,1,0,2,21,2
15,3,15,15.4,1,0,2,8,3
8,4,8,12.2,1,0,2,14,3
13,6,13,28.4,1,1,2,12,2
8,5,8,10.5,1,0,2,13,3
6,4,6,12.1,1,1,2,0,2
8,5,8,16.9,1,1,2,14,2
18,4,18,28.0,0,1,0,28,1
20,4,20,19.7,0,1,2,8,2
8,3,8,10.5,1,1,2,13,2
19,2,19,17.5,1,0,16,20,1
18,3,18,31.6,1,1,2,13,2
11,0,11,16.5,1,1,7,15,36
16,4,16,30.7,1,1,2,23,2
0,3,0,9.2,0,0,1,17,0
19,3,19,30.2,1,1,2,6,2
22,6,22,21.8,1,1,19,32,15
14,2,14,28.2,0,0,2,5,13
7,4,7,11.8,1,1,2,23,2
10,5,10,11.4,0,0,7,44,50
16,5,16,32.2,1,1,1,14,1
21,2,21,28.3,1,1,0,2,0
23,3,23,12.1,0,0,3,5,0
15,0,15,18.7,1,3,7,123,82
17,5,17,17.7,1,1,0,6,1
21,3,21,15.2,1,0,7,1,30
1,3,1,6.9,0,0,2,1,2
16,0,16,16.3,0,0,2,2,3
21,4,21,20.1,0,0,18,31,4
20,1,20,9.0,0,0,2,2,2
18,1,18,11.5,0,0,11,25,11
19,5,19,19.4,1,0,2,7,2
0,2,0,3.6,1,0,16,20,3
11,2,11,26.4,1,1,2,9,2
9,5,9,16.1,1,1,2,12,2
21,3,21,18.4,0,0,7,45,17
12,5,12,29.1,1,1,10,24,23
13,3,13,30.5,0,0,2,13,2
6,3,6,12.5,0,0,2,5,13
13,2,13,15.1,1,0,2,50,3
15,6,15,30.2,1,1,0,61,0
11,5,11,26.4,1,1,2,20,3
8,6,8,6.3,1,0,8,11,8
4,6,4,12.1,1,0,17,11,14
12,0,12,26.5,1,1,10,24,10
9,5,9,16.3,1,1,2,80,4
23,0,23,16.3,1,1,2,48,4
20,6,20,14.6,1,1,0,9,1
15,6,15,33.8,1,1,2,28,2
21,1,21,27.3,1,1,2,26,4
15,5,15,21.7,1,0,2,14,3
19,4,19,33.9,1,1,2,0,2
14,0,14,27.1,0,1,7,88,17
16,2,16,13.0,1,0,2,8,2
1,3,1,13.6,1,0,19,32,15
12,4,12,24.9,1,1,12,23,4
20,6,20,25.8,1,1,23,43,4
17,1,17,22.4,0,1,0,6,0
21,1,21,14.1,1,0,1,9,1
11,5,11,12.1,1,0,13,26,10
13,6,13,16.8,0,0,2,20,13
20,3,20,11.6,0,0,1,14,1
13,3,13,33.1,1,1,1,6,1
18,0,18,23.9,1,0,2,13,3
17,3,17,28.3,1,1,2,10,4
9,4,9,11.8,1,1,2,40,3
6,2,6,12.4,1,1,2,0,2
12,6,12,27.4,1,1,0,3,2
12,5,12,28.8,1,1,0,9,0
17,2,17,34.6,1,1,2,8,3
22,3,22,24.0,1,1,6,18,6
12,3,12,26.2,1,1,0,28,0
11,0,11,25.5,1,1,0,9,0
12,0,12,20.9,1,0,2,20,4
0,6,0,15.8,0,0,2,27,3
21,4,21,18.3,0,0,2,3,2
6,2,6,12.5,1,1,1,2,1
17,3,17,13.0,1,0,0,15,0
8,0,8,18.4,1,1,2,5,13
8,4,8,16.8,1,1,0,20,0
10,1,10,28.8,1,1,21,11,5
13,4,13,13.5,0,0,17,20,18
15,3,15,27.0,1,1,2,10,2
7,4,7,12.5,1,1,3,5,13
17,6,17,30.1,1,1,0,15,0
15,5,15,17.9,0,0,1,8,1
15,3,15,20.9,1,0,0,14,0
21,0,21,11.7,1,1,2,7,2
11,0,11,20.9,1,1,2,9,2
22,5,22,6.0,0,0,1,6,0
12,4,12,10.4,0,3,16,134,1
13,4,13,19.9,1,0,2,50,3
17,6,17,20.9,0,0,2,8,3
0,1,0,21.3,1,1,2,11,13
15,3,15,27.2,1,1,9,41,19
12,4,12,21.8,1,1,0,23,0
22,4,22,6.9,0,0,2,10,3
23,5,23,22.0,1,1,18,31,4
21,5,21,8.8,0,0,4,10,2
14,3,14,28.7,0,0,4,10,13
16,0,16,27.8,0,0,0,36,0
20,0,20,26.5,1,1,2,6,2
10,3,10,7.2,0,0,0,6,0
16,2,16,18.1,1,0,0,14,1
8,6,8,15.8,1,1,2,18,2
12,6,12,27.5,1,1,10,24,23
21,6,21,18.5,0,1,2,7,2
23,4,23,16.8,0,0,11,25,6
7,6,7,9.8,1,1,2,23,2
10,3,10,19.1,1,0,56,39,74
19,2,19,9.1,0,0,47,23,14
9,6,9,15.4,1,1,4,10,2
18,1,18,28.1,1,1,2,13,2
6,1,6,11.2,1,0,0,2,0
14,5,14,28.2,1,0,1,2,0
17,1,17,13.5,1,0,2,9,3
19,0,19,24.2,1,1,1,18,2
16,6,16,30.0,1,1,1,13,2
8,0,8,14.0,0,0,24,11,5
9,4,9,17.9,1,1,7,69,17
7,2,7,12.0,1,1,16,20,3
10,1,10,28.3,1,1,0,15,0
19,3,19,28.3,1,1,2,18,2
13,6,13,31.2,1,1,15,29,4
16,4,16,18.9,1,0,2,5,13
15,2,15,19.8,1,0,2,58,3
9,4,9,19.9,0,0,13,26,10
21,4,21,21.4,1,1,0,27,0
14,1,14,33.8,1,1,6,18,6
12,4,12,19.9,0,0,2,40,3
16,6,16,28.2,1,1,2,8,3
14,2,14,14.8,0,0,0,3,1
9,3,9,15.8,1,1,6,18,6
13,1,13,30.0,1,1,2,23,2
13,6,13,30.8,1,1,0,14,0
14,5,14,30.7,1,1,31,7,33
6,1,6,9.3,1,1,1,6,0
12,5,12,14.6,0,0,2,8,3
6,3,6,-0.9,0,0,6,18,6
14,1,14,18.0,1,0,7,124,17
10,3,10,7.9,0,0,0,1,0
18,5,18,12.0,0,0,30,10,31
13,5,13,28.1,0,0,2,13,3
15,6,15,31.6,1,1,2,52,2
22,0,22,20.7,1,1,6,18,6
17,3,17,13.6,1,0,0,2,0
19,5,19,30.2,1,1,0,6,0
8,4,8,14.8,1,0,2,2,2
22,5,22,7.5,1,0,13,26,10
6,4,6,12.5,1,1,0,0,0
4,3,4,13.1,0,0,2,20,2
0,4,0,6.1,0,0,34,76,12
15,0,15,11.8,0,0,9,82,80
8,0,8,13.2,1,0,7,34,16
8,2,8,15.8,1,1,21,11,5
10,6,10,26.7,1,1,2,10,2
13,0,13,29.3,1,1,0,23,2
12,5,12,25.5,1,0,1,42,0
9,6,9,18.4,1,1,1,13,1
7,3,7,2.0,1,0,2,23,3
21,0,21,17.9,0,0,2,14,2
12,0,12,26.7,1,1,2,23,2
17,3,17,18.3,0,0,0,15,0
4,4,4,11.4,1,0,34,10,12
13,5,13,14.3,0,0,2,10,13
18,5,18,25.7,0,0,2,2,3
17,4,17,19.8,1,0,2,20,4
12,1,12,26.3,1,1,2,44,3
7,0,7,9.3,1,3,7,34,43
14,5,14,19.2,1,1,6,18,21
8,5,8,14.8,1,1,7,14,37
16,5,16,32.0,0,0,1,0,0
7,0,7,7.6,1,0,2,23,3
18,1,18,26.0,1,1,2,18,2
13,4,13,13.5,0,0,2,14,3
7,2,7,13.0,1,1,2,36,2
13,4,13,32.0,1,1,2,6,2
8,5,8,10.7,0,1,25,11,13
7,6,7,13.1,1,1,2,7,3
23,1,23,17.2,0,0,2,10,3
21,4,21,13.8,0,0,0,40,1
9,5,9,20.7,1,1,2,10,3
18,6,18,28.7,1,1,16,20,3
16,4,16,31.0,1,1,2,44,2
1,5,1,12.7,0,0,2,8,3
13,4,13,24.6,1,1,2,8,2
8,0,8,10.7,1,1,2,44,2
10,1,10,14.9,0,0,0,2,0
6,6,6,13.7,1,1,2,8,3
19,3,19,29.6,1,1,1,9,1
19,6,19,10.5,1,0,0,15,1
23,2,23,10.9,1,0,2,26,4
14,0,14,19.3,0,0,0,6,0
12,5,12,21.5,0,0,0,20,0
15,6,15,31.0,1,1,2,13,2
17,1,17,28.3,0,1,7,88,17
17,3,17,17.7,1,0,4,10,4
23,1,23,17.3,0,0,11,25,6
8,5,8,15.5,1,1,1,0,0
4,1,4,11.4,0,0,4,10,2
12,6,12,26.8,1,1,2,8,2
10,6,10,19.8,1,1,2,10,3
20,0,20,11.9,1,0,2,10,3
14,5,14,21.3,1,1,0,28,0
21,4,21,20.2,0,1,0,8,1
6,0,6,2.0,0,0,21,23,5
12,2,12,27.8,1,1,10,24,23
16,1,16,31.9,1,1,2,13,2
23,6,23,19.5,1,1,26,47,10
6,3,6,11.5,0,0,21,23,5
17,1,17,15.7,0,0,16,3,3
6,6,6,14.6,1,1,0,23,2
7,5,7,1.0,1,0,2,23,3
18,2,18,28.7,1,1,2,13,3
14,6,14,30.3,1,1,28,46,14
16,6,16,33.7,0,1,2,21,2
6,2,6,14.3,1,1,2,16,2
12,5,12,29.6,1,1,1,42,0
18,6,18,22.8,1,0,2,15,2
15,4,15,30.3,1,1,4,72,2
14,6,14,31.1,1,1,16,44,2
21,2,21,9.6,1,0,26,47,10
1,6,1,8.4,0,0,2,10,2
22,2,22,18.7,0,1,1,17,2
12,3,12,21.3,0,1,2,23,2
3,0,3,5.3,1,0,34,10,12
16,2,16,32.0,1,1,2,20,3
23,5,23,20.9,0,0,1,2,1
15,1,15,32.1,0,0,5,23,5
6,1,6,6.8,0,0,2,11,13
13,6,13,30.1,1,1,2,27,2
21,3,21,12.4,1,0,26,47,10
15,5,15,17.3,1,0,2,3,3
22,2,22,21.2,0,0,1,6,0
19,4,19,25.1,0,1,0,28,0
23,1,23,17.9,1,1,0,20,0
10,2,10,27.2,1,1,2,6,2
6,3,6,14.0,1,1,1,6,0
10,3,10,22.8,1,1,6,18,6
10,5,10,27.3,1,1,2,14,3
6,4,6,12.8,1,1,2,6,2
19,1,19,12.6,1,0,1,8,0
23,0,23,19.2,1,0,13,53,8
13,4,13,28.6,0,0,0,14,0
19,2,19,25.3,1,1,2,9,2
7,0,7,12.9,1,1,2,23,2
10,1,10,27.9,1,1,6,18,21
19,1,19,22.9,1,1,0,18,0
19,0,19,13.0,0,0,2,31,13
17,5,17,30.7,1,1,1,13,0
10,3,10,22.8,1,1,22,37,4
14,0,14,31.6,0,1,2,0,3
21,0,21,23.6,0,0,2,20,13
21,5,21,19.9,0,0,16,20,1
18,1,18,28.7,1,1,2,13,2
7,3,7,13.2,1,1,1,13,2
14,5,14,21.6,0,1,2,36,2
20,2,20,27.4,1,1,0,15,0
5,6,5,13.9,1,0,1,3,2
16,6,16,24.2,1,0,1,89,1
18,6,18,27.8,1,1,2,14,2
8,6,8,10.1,1,1,1,17,0
16,4,16,30.1,1,1,2,13,3
18,2,18,27.6,0,0,0,9,1
15,0,15,17.9,0,0,2,8,3
17,3,17,17.1,1,0,0,27,1
12,4,12,14.5,0,0,2,6,3
7,6,7,12.0,1,1,2,2,2
18,2,18,28.1,1,1,0,14,0
8,1,8,21.1,0,0,0,6,0
21,2,21,15.0,1,0,2,1,2
16,0,16,29.4,1,0,7,69,17
11,2,11,23.0,1,1,2,11,4
21,5,21,17.7,1,0,2,26,4
6,6,6,9.0,1,1,1,27,0
14,1,14,30.5,1,1,2,10,2
17,2,17,18.1,1,1,2,5,13
14,3,14,23.9,1,1,2,10,2
11,4,11,22.3,1,1,2,6,3
11,3,11,24.4,1,1,2,35,2
10,1,10,17.8,1,1,9,39,102
16,3,16,23.1,1,0,5,11,5
19,6,19,8.5,0,0,2,26,4
11,1,11,29.9,1,1,2,13,2
21,1,21,17.0,1,0,4,10,2
1,6,1,17.9,1,0,19,32,15
13,1,13,18.8,1,0,6,18,20
11,1,11,27.3,0,1,15,29,4
8,0,8,16.2,1,1,0,14,0
12,4,12,28.2,1,1,2,14,3
13,5,13,16.1,0,0,2,36,2
11,5,11,24.8,1,1,0,9,0
12,4,12,24.0,1,1,2,3,2
10,3,10,29.7,1,1,31,64,40
7,1,7,8.4,1,1,2,19,13
16,3,16,30.4,1,1,0,2,0
7,0,7,12.7,1,1,2,2,2
11,1,11,29.2,1,1,2,40,3
9,0,9,19.5,0,0,10,24,10
19,3,19,23.0,1,1,0,2,0
12,3,12,10.8,0,0,2,30,3
1,4,1,16.0,0,0,34,76,12
17,5,17,17.2,1,0,2,6,3
13,6,13,11.8,1,0,0,23,0
15,2,15,19.5,1,0,7,8,43
10,0,10,21.2,1,1,0,15,0
12,5,12,15.7,0,0,2,30,3
22,6,22,15.9,1,1,18,31,4
19,3,19,28.6,1,0,16,20,2
6,1,6,14.5,1,1,16,20,1
13,6,13,28.5,1,1,9,9,9
6,2,6,12.7,1,1,2,0,3
6,0,6,5.6,1,0,2,8,3
14,3,14,29.8,1,1,2,10,2
21,1,21,20.1,1,1,2,10,2
5,4,5,10.1,1,0,17,11,14
17,6,17,30.3,1,1,0,13,0
17,2,17,17.8,1,1,2,8,3
8,3,8,14.8,1,1,2,18,2
15,0,15,34.2,1,1,2,10,2
11,6,11,18.3,1,1,2,28,2
18,1,18,25.0,0,0,1,8,1
16,4,16,31.8,0,1,0,21,0
20,6,20,22.5,0,0,31,64,40
4,5,4,2.9,1,0,11,25,6
22,1,22,11.1,0,0,3,5,0
9,2,9,21.5,0,1,2,9,2
20,5,20,10.5,0,0,2,10,2
11,4,11,11.1,1,3,9,39,28
21,2,21,22.1,1,1,2,10,2
17,1,17,10.0,1,0,0,14,0
15,1,15,29.7,1,1,2,10,3
0,1,0,8.8,1,0,2,31,13
22,6,22,20.5,1,1,2,7,2
23,0,23,20.0,0,1,0,10,1
4,1,4,13.5,1,0,2,2,2
18,2,18,15.5,0,0,0,9,0
9,1,9,18.6,1,1,0,9,1
10,5,10,21.7,1,1,1,13,2
14,3,14,30.7,0,0,7,34,16
14,2,14,36.0,1,1,1,16,2
12,5,12,27.0,1,1,0,3,2
23,2,23,20.6,1,1,13,53,8
16,1,16,30.9,1,1,4,10,5
15,2,15,30.1,1,1,0,10,0
13,1,13,23.5,0,0,2,6,3
18,1,18,11.0,1,0,2,13,3
20,4,20,13.6,0,0,2,30,3
6,3,6,14.5,1,1,1,2,0
12,0,12,28.4,1,1,2,8,3
10,2,10,14.9,1,1,2,10,3
15,3,15,32.5,1,1,2,8,3
11,1,11,29.0,1,1,2,8,3
14,6,14,18.1,1,1,6,18,6
16,6,16,19.6,1,1,7,9,43
20,5,20,19.6,0,0,1,42,2
19,5,19,26.2,1,1,2,20,2
7,4,7,14.0,1,1,7,2,7
7,0,7,10.3,1,1,2,2,3
13,1,13,25.3,1,1,9,39,102
21,1,21,21.0,1,1,2,23,2
14,0,14,29.7,1,1,2,6,2
14,5,14,18.2,0,1,0,21,0
3,5,3,7.9,0,0,2,7,3
12,4,12,25.0,1,1,2,20,13
11,6,11,28.6,0,1,2,8,3
12,3,12,16.0,1,0,2,136,13
7,3,7,8.2,0,0,1,0,0
19,5,19,31.6,1,1,1,18,0
18,3,18,16.8,0,0,1,44,2
8,5,8,23.8,1,1,1,2,0
0,2,0,5.7,1,0,2,1,3
23,5,23,16.4,1,1,13,26,10
5,2,5,11.1,1,0,11,25,6
12,2,12,28.5,1,1,2,3,3
9,2,9,5.9,0,0,2,0,2
18,4,18,26.5,0,1,0,9,0
2,5,2,13.3,1,0,2,4,4
21,5,21,9.4,0,0,2,9,3
7,4,7,11.9,1,1,2,6,2
20,0,20,29.0,1,1,0,9,0
0,5,0,2.5,0,3,16,20,3
4,4,4,0.8,0,0,3,5,13
13,0,13,27.8,1,1,2,6,3
9,1,9,18.1,1,1,2,15,2
6,6,6,13.1,1,1,2,2,2
14,5,14,22.4,0,0,3,5,0
22,3,22,18.4,0,0,0,3,0
7,4,7,14.6,1,1,3,5,0
6,1,6,12.0,0,0,2,11,13
19,3,19,24.0,0,1,2,2,2
21,4,21,20.2,1,1,2,1,2
9,6,9,25.0,1,1,0,28,0
13,3,13,22.5,0,1,0,28,1
21,2,21,28.2,0,1,1,0,0
12,2,12,16.7,0,1,2,20,2
12,2,12,30.0,1,1,2,9,3
6,4,6,9.7,1,1,2,0,3
21,6,21,26.1,1,1,2,26,4
21,2,21,21.1,0,0,13,53,8
7,5,7,8.6,0,0,2,26,4
12,3,12,28.4,1,1,6,40,26
13,6,13,28.5,1,1,2,14,2
13,5,13,20.3,0,0,0,20,0
2,0,2,1.1,0,0,11,25,6
16,0,16,33.1,1,1,2,23,2
18,5,18,22.1,0,0,2,18,2
21,4,21,23.6,1,1,25,11,13
10,3,10,16.2,1,0,2,40,2
7,5,7,16.9,1,1,16,20,3
7,6,7,14.1,1,1,2,12,2
15,5,15,21.8,1,0,6,18,6
18,5,18,17.3,1,0,2,18,2
8,4,8,16.5,1,1,0,9,0
8,3,8,15.4,1,1,2,0,2
14,6,14,22.6,1,1,2,6,2
9,5,9,22.7,1,0,2,19,4
12,0,12,28.0,0,0,7,34,16
11,6,11,29.0,1,1,6,40,26
14,0,14,20.4,1,0,3,5,0
7,3,7,11.4,0,0,2,10,2
11,6,11,24.0,1,1,2,14,3
20,3,20,17.0,1,1,2,1,3
18,1,18,29.4,0,0,1,5,0
10,1,10,25.2,0,1,2,14,2
13,1,13,12.0,1,0,6,18,21
13,0,13,28.8,1,1,0,23,0
9,6,9,14.3,1,0,2,13,3
14,6,14,18.3,0,0,2,20,13
15,6,15,33.6,1,1,2,10,2
7,1,7,1.6,1,1,2,6,2
23,6,23,20.1,1,1,2,48,13
17,0,17,33.7,1,1,0,1,0
20,0,20,26.9,1,1,0,2,0
15,2,15,19.9,0,0,0,5,2
12,3,12,27.9,1,1,0,21,0
13,1,13,25.5,0,1,4,10,5
16,2,16,29.4,0,0,1,2,1
11,1,11,26.2,1,1,2,16,2
14,1,14,24.6,0,0,1,2,0
13,6,13,31.1,0,0,6,18,6
21,3,21,18.8,0,1,0,9,1
18,2,18,17.5,1,1,2,20,3
12,1,12,30.5,1,1,2,8,3
3,0,3,10.6,1,0,41,59,45
13,4,13,10.8,0,0,5,27,5
22,4,22,10.4,0,0,2,14,2
18,3,18,29.6,1,1,2,14,3
23,6,23,20.5,1,1,6,18,6
18,3,18,24.4,0,1,2,12,3
13,6,13,29.7,1,1,13,26,10
14,2,14,33.2,0,1,1,3,1
7,6,7,4.7,1,1,2,8,2
19,2,19,34.8,1,1,2,14,2
7,5,7,9.5,0,3,13,26,10
20,4,20,12.5,0,0,2,19,4
14,6,14,19.7,0,0,14,20,12
9,5,9,20.2,1,1,1,44,1
11,2,11,19.4,0,0,16,20,2
6,5,6,14.1,1,1,2,2,3
8,6,8,15.8,1,1,0,21,0
11,1,11,29.3,1,1,2,20,13
16,4,16,24.8,0,1,2,0,3
10,1,10,22.7,1,1,0,21,0
13,0,13,31.9,1,1,1,18,0
16,3,16,33.0,1,1,4,10,5
10,1,10,9.6,0,0,15,29,4
16,4,16,31.0,1,1,2,6,2
12,1,12,24.6,1,1,2,23,2
21,4,21,22.0,0,0,0,11,0
17,6,17,21.4,0,0,2,13,3
19,6,19,28.8,1,1,2,18,2
0,1,0,8.9,1,0,11,25,6
13,5,13,16.2,0,2,0,39,0
11,4,11,23.9,0,0,2,6,3
23,1,23,18.7,1,1,2,48,13
1,6,1,7.2,1,0,11,25,6
15,2,15,29.2,1,1,5,11,5
8,4,8,11.8,1,1,2,36,2
12,5,12,29.7,1,1,0,3,2
8,6,8,4.5,1,0,2,18,2
14,0,14,31.1,1,1,1,16,0
23,1,23,20.0,1,1,13,53,8
16,4,16,19.3,1,0,1,6,0
9,2,9,10.2,0,0,7,2,30
0,5,0,16.7,0,0,3,5,0
1,5,1,4.7,1,0,11,25,6
15,3,15,34.0,1,1,7,100,43
13,0,13,23.8,0,0,6,18,20
11,0,11,20.0,0,0,2,15,3
22,2,22,19.2,1,1,25,11,23
6,0,6,14.2,1,1,16,20,3
17,5,17,15.4,1,0,4,10,4
7,0,7,2.0,0,0,2,68,13
13,0,13,28.8,1,1,0,23,2
14,2,14,27.0,1,1,2,10,2
6,1,6,13.7,0,1,25,62,13
9,4,9,20.1,1,1,4,10,2
17,0,17,18.2,1,1,1,13,0
17,5,17,13.3,1,0,2,40,2
9,1,9,19.7,1,1,12,23,4
12,6,12,28.0,1,1,2,13,2
23,0,23,20.8,0,0,0,1,0
18,2,18,11.5,1,0,0,14,0
14,0,14,28.9,1,1,1,16,0
14,1,14,24.6,1,0,9,51,102
5,2,5,15.1,0,0,3,5,0
1,3,1,2.2,1,0,11,25,6
8,0,8,18.5,1,1,2,13,3
7,1,7,12.7,1,1,2,35,3
0,1,0,18.8,0,0,18,31,4
14,2,14,15.2,1,0,4,72,2
6,3,6,12.4,1,1,4,10,15
8,3,8,21.4,1,1,2,18,2
22,4,22,7.5,0,0,2,20,3
14,5,14,17.5,0,0,2,36,2
10,4,10,9.1,1,0,2,20,4
22,6,22,20.1,1,1,6,18,6
12,5,12,27.9,0,0,2,27,2
19,0,19,24.4,1,1,0,6,0
20,3,20,20.7,1,1,2,9,3
14,2,14,26.8,1,1,0,2,0
22,5,22,17.2,1,0,16,20,3
6,0,6,13.9,1,1,31,64,33
9,3,9,6.2,0,0,0,2,0
13,0,13,28.7,1,1,13,26,10
15,3,15,30.7,1,1,3,5,0
16,6,16,30.5,1,1,2,30,2
22,5,22,17.1,0,0,0,0,0
22,3,22,18.6,0,1,0,13,0
21,5,21,25.1,0,1,18,31,13
16,2,16,27.9,1,1,2,13,2
15,0,15,26.4,0,1,0,15,1
4,5,4,13.1,0,0,4,10,15
10,2,10,22.3,1,1,2,6,2
10,1,10,28.1,0,1,2,70,4
13,2,13,22.3,0,0,16,44,3
16,1,16,17.6,0,0,16,3,3
23,6,23,9.5,0,0,11,25,6
11,6,11,26.5,1,1,2,7,3
7,4,7,12.5,1,1,4,10,15
13,5,13,27.5,0,0,2,18,2
7,3,7,10.6,1,1,3,5,13
12,5,12,13.5,0,0,16,44,2
1,0,1,7.7,1,0,2,4,4
7,1,7,14.6,1,1,31,64,40
16,6,16,30.2,1,1,1,14,0
16,3,16,18.4,1,0,2,5,13
8,0,8,16.9,1,1,2,13,2
8,0,8,15.1,1,1,2,6,3
17,3,17,29.1,1,1,2,13,2
19,0,19,26.6,1,0,2,1,3
13,5,13,21.4,0,0,0,14,0
5,2,5,9.2,0,0,21,23,5
11,6,11,24.8,1,1,2,21,2
13,0,13,25.8,1,0,1,18,0
14,4,14,25.4,0,1,2,14,2
13,6,13,20.6,0,1,4,72,2
8,6,8,20.7,1,1,2,18,2
11,4,11,28.9,0,0,9,39,17
13,0,13,24.0,0,0,1,6,0
16,2,16,21.6,0,0,0,8,0
10,0,10,21.4,0,1,2,0,3
17,5,17,29.2,0,0,16,3,2
21,2,21,15.3,0,0,2,0,3
17,0,17,14.3,1,0,0,14,1
0,6,0,20.8,0,0,2,3,2
4,0,4,9.5,1,0,8,5,8
17,2,17,10.0,0,0,2,2,3
19,3,19,22.8,0,1,2,21,2
12,5,12,24.3,1,1,2,3,3
21,1,21,13.6,0,0,2,2,3
7,5,7,13.7,1,1,1,2,0
7,4,7,13.0,0,0,2,7,3
7,1,7,11.9,1,1,3,5,13
7,1,7,16.0,1,0,0,3,1
20,6,20,23.4,1,1,1,8,1
7,5,7,11.3,1,1,21,25,5
15,1,15,35.5,1,1,0,7,0
13,4,13,28.6,0,1,2,44,2
11,0,11,26.7,1,1,2,15,3
0,2,0,17.5,0,0,0,2,0
12,6,12,27.4,1,1,0,9,0
20,6,20,19.8,0,0,2,2,2
19,0,19,26.5,1,0,0,40,0
22,6,22,10.7,0,0,3,5,0
6,3,6,16.0,1,0,1,18,2
16,1,16,29.5,1,1,2,23,2
11,0,11,8.1,1,0,0,21,0
9,6,9,12.1,0,1,7,67,17
10,6,10,25.5,1,1,2,40,3
21,2,21,20.6,0,0,2,20,4
5,2,5,9.2,1,0,2,1,3
15,3,15,19.9,1,0,2,3,3
10,3,10,26.2,1,1,2,19,4
15,5,15,27.7,1,1,2,14,2
5,5,5,13.9,1,0,1,3,1
13,3,13,32.2,0,0,0,15,1
18,4,18,11.2,0,0,2,0,3
10,0,10,9.4,0,0,2,13,2
8,1,8,18.0,1,1,2,2,3
8,0,8,6.3,1,0,0,6,0
13,3,13,11.2,1,0,0,23,0
18,0,18,28.3,0,1,0,9,0
22,1,22,8.5,1,0,16,20,3
19,4,19,26.7,1,1,16,20,3
15,6,15,30.1,0,1,0,28,1
10,2,10,18.9,1,1,2,9,2
21,3,21,19.3,1,1,1,2,0
14,3,14,14.9,1,0,1,20,1
12,1,12,16.7,0,0,2,23,2
7,3,7,14.6,1,1,2,13,3
17,0,17,29.0,1,1,2,6,3
1,0,1,12.9,0,0,2,8,3
17,1,17,29.0,1,0,2,15,3
17,0,17,17.6,1,1,16,3,2
17,6,17,26.9,1,1,2,18,2
14,3,14,29.7,1,1,15,29,4
13,0,13,15.1,0,0,0,3,1
12,4,12,24.4,1,1,0,3,2
22,4,22,9.7,1,0,16,20,2
0,0,0,4.1,1,0,3,5,0
17,2,17,18.4,1,1,5,11,5
7,4,7,-0.4,0,0,10,24,10
10,6,10,11.7,1,0,2,0,2
16,1,16,31.3,1,1,0,3,2
10,5,10,11.1,1,0,2,20,4
12,5,12,12.7,0,0,2,27,2
23,2,23,18.1,1,1,2,48,4
11,5,11,27.9,1,1,2,11,4
12,0,12,26.3,1,1,2,13,2
18,5,18,28.8,0,0,1,5,0
10,2,10,24.7,0,1,2,0,3
15,4,15,19.7,1,0,2,52,2
19,4,19,25.1,1,1,9,59,38
15,2,15,23.9,0,1,2,0,2
2,3,2,14.6,1,0,8,11,8
11,6,11,10.5,0,0,0,0,1
21,0,21,25.8,1,1,4,10,2
15,1,15,29.9,1,1,1,6,0
6,3,6,8.3,1,0,4,10,2
19,3,19,14.5,1,0,0,15,1
12,5,12,25.2,1,1,0,9,1
6,6,6,16.5,1,1,1,27,1
11,5,11,19.0,1,2,9,63,28
18,3,18,8.6,0,0,11,25,11
17,6,17,27.4,1,1,1,9,2
22,4,22,7.1,0,0,1,6,2
9,1,9,10.6,0,0,12,23,4
8,1,8,11.1,1,1,21,11,5
1,0,1,8.4,1,0,2,20,2
17,6,17,20.7,0,0,0,9,1
13,3,13,14.0,1,0,2,2,3
17,4,17,21.9,0,0,2,10,3
3,6,3,16.7,0,0,11,25,6
19,4,19,16.5,0,0,2,30,3
23,2,23,19.3,1,1,0,20,0
7,2,7,14.8,1,1,2,13,3
7,4,7,7.6,0,3,2,26,4
17,1,17,13.0,0,0,7,14,44
6,5,6,10.4,1,1,2,2,3
22,4,22,17.9,1,1,25,11,23
9,0,9,16.7,1,1,4,10,2
13,3,13,29.8,1,1,15,29,4
13,6,13,23.9,1,0,2,10,2
13,2,13,13.3,0,0,16,44,2
10,6,10,27.3,1,1,0,9,0
7,3,7,12.3,1,1,16,20,3
9,6,9,23.9,1,1,2,14,2
1,5,1,16.9,0,0,0,27,0
19,5,19,24.7,0,0,2,13,3
20,0,20,24.7,1,1,2,20,2
13,5,13,18.0,1,1,2,10,2
19,6,19,14.1,0,0,2,15,3
17,1,17,28.3,0,1,2,0,2
23,4,23,16.9,1,1,26,47,10
9,0,9,22.9,1,1,1,17,0
17,1,17,30.3,0,0,4,10,2
17,4,17,11.9,0,0,1,9,2
15,1,15,30.4,1,1,2,3,3
12,2,12,27.7,1,1,2,20,3
9,3,9,17.2,1,1,2,19,4
7,4,7,12.7,1,1,0,8,0
23,3,23,16.5,0,0,16,20,3
0,3,0,19.3,1,1,24,11,5
10,2,10,14.7,1,1,0,13,1
0,0,0,7.2,0,0,1,40,2
15,1,15,22.1,1,0,1,0,0
21,1,21,17.4,0,0,0,40,0
3,5,3,14.3,1,0,77,46,5
11,5,11,27.2,0,0,2,23,2
11,3,11,9.1,0,0,2,70,4
0,0,0,9.7,0,0,1,40,0
8,2,8,9.2,1,0,2,10,2
13,1,13,20.0,0,0,0,3,1
21,1,21,17.6,0,0,19,32,15
12,1,12,28.5,1,1,2,21,2
0,1,0,14.3,1,0,17,11,5
10,0,10,24.6,1,1,6,18,6
10,4,10,16.7,0,0,86,76,76
19,5,19,25.4,0,1,2,13,3
23,0,23,12.9,1,0,13,26,10
16,5,16,25.2,1,1,2,8,3
7,5,7,11.3,1,1,2,0,3
6,2,6,13.6,1,1,1,2,1
23,0,23,5.7,1,0,0,20,0
21,4,21,18.6,0,0,2,13,2
0,6,0,12.8,0,0,0,2,0
14,0,14,18.9,1,0,2,36,2
2,6,2,7.9,0,0,7,7,30
15,5,15,26.9,1,1,0,27,1
18,2,18,27.1,1,1,2,6,2
6,5,6,10.4,1,1,1,20,1
0,1,0,20.5,1,0,2,5,13
6,6,6,10.9,1,1,1,27,1
23,6,23,13.5,1,1,2,68,13
10,0,10,18.5,1,0,7,34,16
21,2,21,20.0,1,1,2,26,4
10,1,10,9.7,0,0,2,1,3
7,0,7,10.4,1,1,2,6,2
18,5,18,30.0,1,1,0,27,0
5,0,5,7.7,1,0,2,2,3
13,2,13,28.3,1,1,2,6,2
7,3,7,13.3,1,1,2,0,2
18,4,18,24.1,1,0,2,13,2
12,1,12,24.6,1,1,2,2,2
14,1,14,29.5,1,1,1,2,0
14,0,14,29.5,1,1,0,3,2
0,0,0,16.3,0,0,0,0,0
23,1,23,17.3,1,1,2,10,3
1,0,1,18.4,1,0,2,70,4
20,5,20,11.9,0,0,1,13,2
17,4,17,26.4,1,0,1,60,0
17,5,17,16.5,0,0,2,18,2
13,6,13,21.6,1,1,16,20,2
23,3,23,21.8,1,1,18,31,4
19,2,19,19.7,1,1,2,14,3
21,5,21,24.5,0,1,0,61,0
1,1,1,18.0,0,0,2,7,2
23,2,23,19.5,0,1,1,0,0
9,5,9,18.0,1,1,2,0,3
16,6,16,30.1,1,1,31,7,33
13,1,13,25.3,0,0,2,23,3
15,0,15,15.9,0,0,2,21,2
18,4,18,31.5,1,1,17,11,18
8,2,8,18.4,1,1,2,18,2
23,3,23,12.5,1,1,2,11,4
13,1,13,28.4,1,1,0,23,0
6,4,6,14.7,1,1,1,20,0
11,5,11,12.6,1,0,16,20,3
23,1,23,15.6,0,0,3,5,0
12,6,12,27.1,1,1,0,8,0
18,3,18,28.6,1,1,0,40,0
12,2,12,26.6,1,1,7,71,19
21,2,21,22.5,1,1,2,9,3
20,2,20,15.6,0,1,2,14,2
9,6,9,26.3,1,0,0,28,0
5,2,5,2.4,1,0,2,6,3
15,2,15,29.0,1,1,2,3,2
7,1,7,14.6,1,1,9,2,22
21,3,21,25.0,0,0,1,14,2
6,6,6,13.1,1,1,2,0,2
15,2,15,30.6,1,1,1,2,2
18,2,18,18.6,1,1,2,0,3
15,0,15,33.4,1,1,2,44,2
16,0,16,18.4,1,0,2,13,2
7,5,7,14.3,1,1,0,18,2
22,6,22,21.1,1,1,0,10,0
9,0,9,12.0,0,0,2,9,2
6,2,6,12.8,1,0,5,11,5
22,5,22,20.1,0,0,2,20,3
7,6,7,8.7,1,1,2,0,3
21,5,21,18.6,1,1,2,1,2
7,1,7,11.1,1,1,2,12,3
7,5,7,13.4,1,1,2,12,3
14,3,14,33.9,0,1,2,6,3
22,5,22,22.2,0,1,1,10,2
13,5,13,33.9,1,1,0,28,0
6,1,6,8.6,1,1,2,0,2
21,4,21,18.6,1,1,2,9,2
16,0,16,24.2,1,0,1,6,0
23,3,23,20.6,1,1,26,47,10
10,2,10,20.9,0,0,1,6,0
11,1,11,18.3,0,1,2,15,2
13,2,13,33.2,1,1,2,8,3
12,0,12,21.6,1,1,2,20,2
4,6,4,3.9,1,0,11,25,6
6,6,6,14.1,1,1,1,6,1
10,0,10,21.1,1,0,7,34,16
2,0,2,2.8,1,0,8,5,8
19,4,19,18.7,1,0,0,1,0
11,5,11,15.7,0,0,14,20,12
10,5,10,11.4,0,0,0,15,0
23,6,23,23.0,0,0,2,18,2
6,6,6,9.0,1,1,2,8,3
22,4,22,7.1,0,0,3,5,0
19,5,19,11.7,0,0,0,6,0
21,4,21,24.7,0,1,2,10,2
19,6,19,16.7,1,1,0,15,0
14,6,14,19.2,0,0,2,7,3
11,5,11,11.9,0,0,2,13,2
12,6,12,13.7,0,0,0,15,0
6,3,6,17.9,1,1,0,10,1
15,4,15,12.6,1,0,7,21,30
8,3,8,15.7,1,1,2,3,2
7,2,7,12.1,1,1,3,5,13
21,2,21,21.2,0,0,1,14,1
16,5,16,16.3,1,0,9,63,39
13,5,13,24.7,1,1,2,7,3
18,1,18,23.3,1,1,2,9,2
17,1,17,22.4,0,1,2,36,2
18,2,18,12.6,0,0,0,2,0
11,5,11,14.0,1,1,2,20,2
17,1,17,11.4,0,0,0,2,0
7,0,7,14.3,1,1,2,2,3
20,3,20,22.2,1,1,5,5,5
14,2,14,14.3,1,0,7,69,17
18,0,18,12.3,0,0,5,44,5
19,3,19,24.5,1,1,51,111,49
10,5,10,21.7,1,1,2,27,2
2,3,2,17.5,0,0,1,9,2
8,2,8,13.8,1,1,2,18,2
21,3,21,7.2,0,0,0,6,0
10,0,10,18.9,1,1,2,13,2
20,4,20,22.7,1,1,0,18,2
21,5,21,25.4,1,1,4,10,2
15,0,15,25.4,1,1,2,8,2
8,6,8,15.8,1,1,2,3,2
3,0,3,9.7,0,0,11,25,6
17,3,17,30.1,0,1,1,5,0
0,2,0,20.9,0,0,0,0,0
18,3,18,27.9,1,1,2,13,2
11,6,11,30.6,1,1,2,21,2
6,3,6,2.9,0,0,2,68,13
11,3,11,20.3,1,1,0,9,0
16,0,16,30.0,1,1,7,2,43
12,5,12,24.8,1,0,2,3,2
11,3,11,18.9,1,1,2,13,3
12,2,12,24.2,0,1,0,0,0
20,2,20,22.8,0,0,0,2,0
10,5,10,19.4,0,1,2,9,2
17,4,17,29.7,1,1,2,2,3
22,5,22,12.1,1,0,0,10,1
6,6,6,7.5,1,0,2,0,3
15,3,15,30.7,1,0,7,34,16
18,3,18,29.9,0,1,7,34,36
19,3,19,25.9,0,1,2,19,13
21,6,21,23.1,1,1,2,7,3
7,0,7,13.7,1,1,2,2,3
7,4,7,12.0,1,1,2,15,2
21,6,21,21.0,0,0,2,6,3
13,2,13,15.4,0,0,1,8,1
9,1,9,5.8,1,0,21,11,5
13,2,13,18.2,0,0,2,13,3
11,3,11,19.7,1,1,26,47,76
0,2,0,3.3,0,0,16,20,3
1,0,1,5.3,1,0,2,4,4
16,5,16,31.7,1,0,0,10,0
6,2,6,12.4,1,1,16,20,3
21,2,21,24.1,0,1,0,8,1
8,1,8,11.1,1,1,2,14,2
10,3,10,7.9,1,0,7,69,17
17,4,17,16.4,1,1,2,13,3
21,6,21,22.0,1,1,0,27,0
8,4,8,8.5,1,0,2,12,3
21,4,21,23.6,0,0,2,23,2
16,1,16,23.7,1,1,1,14,2
21,4,21,23.0,1,1,4,10,2
20,6,20,8.3,0,0,2,40,2
15,0,15,30.2,1,1,2,44,2
15,1,15,22.3,1,1,9,74,25
19,4,19,14.1,1,0,0,40,0
9,0,9,19.2,1,0,7,34,16
10,3,10,22.9,1,1,0,9,0
9,0,9,16.4,1,1,1,44,0
15,5,15,28.5,1,1,0,61,0
17,0,17,12.9,1,0,2,40,3
6,4,6,12.6,1,1,4,10,2
10,1,10,14.6,1,0,2,6,3
20,3,20,9.5,1,0,2,23,3
0,0,0,18.0,1,1,2,48,13
6,4,6,12.2,1,0,2,10,0
6,2,6,6.2,1,1,1,2,1
21,0,21,25.6,1,1,2,1,2
9,2,9,19.2,1,1,21,11,5
16,3,16,16.6,0,1,7,34,16
7,5,7,14.2,1,1,2,13,3
6,5,6,13.2,1,1,2,2,3
14,2,14,20.1,0,1,6,34,16
22,0,22,24.5,1,1,20,33,5
1,5,1,19.3,0,0,0,3,2
9,1,9,21.6,0,1,25,11,13
11,2,11,20.1,1,1,0,6,0
21,5,21,25.1,1,1,2,23,2
23,2,23,19.2,1,1,2,48,13
16,4,16,19.7,1,0,2,21,2
6,6,6,13.1,1,1,16,20,3
16,1,16,11.7,0,0,1,9,1
12,1,12,24.5,1,0,0,2,1
15,6,15,30.9,1,1,3,5,0
21,1,21,5.0,1,0,13,53,8
17,5,17,28.4,0,0,6,18,6
17,6,17,10.8,0,0,2,8,3
9,0,9,16.0,1,0,7,34,36
6,0,6,8.7,1,1,2,6,3
22,2,22,18.6,0,1,2,0,2
4,5,4,11.9,1,0,11,25,6
6,1,6,11.1,1,0,2,6,3
14,2,14,19.7,1,0,1,6,0
16,5,16,35.2,1,1,3,5,0
17,1,17,18.1,1,0,0,8,0
7,0,7,13.4,1,1,0,0,0
16,1,16,27.4,0,1,0,36,0
13,1,13,22.5,0,0,2,5,13
12,5,12,24.7,1,1,0,8,0
9,6,9,10.0,1,0,2,13,2
8,2,8,14.4,1,1,2,28,2
7,1,7,14.8,1,1,2,23,2
12,2,12,20.9,1,0,2,12,3
17,1,17,18.2,0,0,4,10,5
11,1,11,13.3,1,0,9,82,28
11,3,11,25.3,1,1,5,10,5
19,0,19,15.0,0,1,11,25,11
10,0,10,16.1,1,1,0,28,0
16,5,16,25.3,1,0,2,13,3
6,5,6,7.4,1,1,1,6,1
10,5,10,21.7,1,1,2,8,3
10,6,10,16.3,0,0,0,1,0
15,3,15,26.7,1,1,2,3,3
20,3,20,23.5,1,1,2,9,3
19,5,19,30.7,1,0,6,18,6
11,0,11,25.4,0,1,2,13,2
16,6,16,31.2,1,1,0,14,0
12,6,12,27.0,0,1,2,16,2
0,0,0,14.8,0,0,1,6,1
15,6,15,31.1,1,1,2,3,3
8,3,8,15.7,1,0,1,6,1
16,0,16,31.0,1,1,2,23,2
13,6,13,29.2,0,1,0,36,0
17,5,17,18.7,1,1,2,0,2
14,6,14,27.4,1,1,2,13,3
17,2,17,29.1,1,1,2,15,3
22,5,22,24.4,0,0,2,0,2
12,3,12,26.9,1,1,2,3,3
14,1,14,33.5,1,1,0,15,0
15,5,15,17.0,1,0,1,14,1
8,4,8,17.1,1,1,2,3,2
16,6,16,29.0,1,1,2,6,3
8,1,8,4.8,0,0,0,0,0
7,4,7,12.4,1,1,2,15,3
7,0,7,10.2,1,0,1,2,0
9,5,9,10.5,1,1,0,9,0
14,6,14,29.9,0,0,3,5,0
12,1,12,23.8,0,1,2,12,3
14,1,14,18.4,1,0,2,2,3
21,3,21,12.9,1,1,0,6,0
17,0,17,32.0,0,0,0,6,0
16,6,16,29.3,1,1,2,1,2
14,3,14,32.4,1,1,2,13,2
23,4,23,20.7,0,0,0,10,0
5,2,5,14.6,0,0,3,5,13
20,5,20,21.7,0,0,0,27,0
10,6,10,22.5,0,0,2,15,3
17,5,17,29.5,0,0,2,61,2
21,5,21,23.3,0,1,1,42,0
21,2,21,11.1,1,0,2,9,3
20,2,20,14.4,0,0,0,15,0
7,2,7,11.3,1,1,0,15,0
8,1,8,18.8,0,1,20,33,5
16,0,16,18.5,1,0,2,20,3
12,5,12,25.3,1,1,0,3,2
0,0,0,21.1,1,1,0,20,0
7,0,7,14.1,1,1,0,0,0
22,4,22,18.6,0,0,2,52,3
16,6,16,29.4,1,1,2,30,2
16,5,16,32.5,0,1,2,0,2
10,4,10,22.2,0,1,23,43,4
19,1,19,23.9,1,1,2,20,2
18,3,18,27.8,0,0,1,6,1
15,6,15,29.8,1,1,2,13,2
4,6,4,9.3,0,0,3,5,13
4,4,4,5.5,1,0,11,25,6
20,2,20,23.1,0,0,2,6,2
14,6,14,30.4,1,1,1,0,0
17,6,17,16.0,0,0,5,44,5
8,0,8,18.5,1,1,2,14,2
13,1,13,27.2,1,1,1,14,0
2,6,2,16.5,1,0,11,25,6
12,4,12,30.2,1,1,10,24,23
18,0,18,20.4,0,0,0,9,0
11,0,11,17.7,1,0,0,2,1
9,3,9,12.0,0,1,2,9,2
23,3,23,18.4,1,1,18,31,4
22,5,22,18.0,0,0,0,9,0
16,0,16,32.3,1,1,2,30,2
12,1,12,24.9,1,1,1,42,2
14,0,14,26.9,0,0,2,10,4
20,4,20,24.1,1,1,2,0,2
8,2,8,19.3,0,1,25,11,13
21,1,21,20.3,0,1,2,14,2
20,2,20,22.8,0,0,2,40,2
18,0,18,18.1,0,0,7,55,7
16,3,16,17.2,0,0,1,6,0
16,0,16,33.1,1,1,0,3,0
8,0,8,1.9,1,0,16,20,3
7,4,7,11.9,1,1,2,13,2
13,1,13,27.0,1,1,1,14,1
16,4,16,30.8,1,1,4,72,2
19,0,19,29.6,1,0,2,9,2
20,2,20,30.2,1,1,0,6,0
12,6,12,27.8,0,1,0,36,0
19,6,19,21.9,1,1,2,0,2
13,3,13,17.8,1,0,0,2,1
7,5,7,9.3,1,3,0,15,0
16,3,16,14.2,1,0,2,5,13
14,6,14,15.1,1,0,7,14,16
16,0,16,18.3,0,0,4,10,2
20,2,20,10.1,1,0,2,6,3
16,2,16,34.9,1,1,2,13,2
14,1,14,27.7,0,1,2,4,4
9,4,9,20.5,1,1,2,31,13
12,3,12,12.5,0,0,7,34,16
11,4,11,22.9,1,1,2,2,3
12,3,12,15.2,1,0,2,10,2
17,6,17,30.0,1,1,2,40,2
8,5,8,16.3,1,1,2,3,2
14,0,14,23.0,1,1,2,12,2
13,3,13,14.2,0,1,7,34,16
7,2,7,13.2,1,1,2,7,2
15,6,15,31.6,1,1,2,3,3
6,1,6,15.6,1,1,4,10,2
9,2,9,18.7,1,1,0,8,0
16,5,16,32.0,0,0,2,28,2
23,6,23,15.9,1,0,2,20,3
11,6,11,10.7,1,0,11,25,11
10,1,10,15.2,0,0,2,70,4
12,1,12,15.2,0,0,7,8,17
15,3,15,31.5,0,0,1,3,2
9,2,9,22.1,1,1,2,13,3
19,2,19,22.3,0,1,2,13,2
10,0,10,20.1,0,1,2,6,3
16,2,16,27.7,0,0,7,36,47
16,5,16,18.4,0,0,0,9,0
15,2,15,18.0,0,1,2,5,13
7,5,7,13.1,1,1,2,13,2
22,5,22,5.0,0,0,11,25,6
1,4,1,12.3,1,0,3,5,0
14,2,14,20.0,1,0,7,34,36
18,4,18,29.0,1,1,4,10,4
16,5,16,32.5,1,1,2,8,3
12,1,12,14.4,0,0,2,27,3
17,6,17,14.9,1,0,16,3,0
11,4,11,11.0,1,0,0,28,0
20,5,20,16.3,1,1,2,23,2
6,1,6,8.5,1,1,0,6,0
10,1,10,24.3,1,1,6,18,26
21,1,21,21.1,1,1,0,18,2
10,6,10,24.8,1,1,5,23,5
23,5,23,24.1,0,0,2,18,2
1,2,1,17.7,0,0,1,3,0
23,5,23,14.9,1,1,0,20,0
11,3,11,10.6,0,0,2,9,2
19,4,19,27.6,1,1,9,22,48
18,0,18,32.9,0,1,0,28,0
19,0,19,28.6,1,1,2,6,2
19,6,19,14.7,0,0,2,6,3
8,6,8,14.5,0,1,13,26,10
0,3,0,12.6,0,0,2,0,4
13,2,13,19.3,1,3,9,67,39
16,1,16,29.4,1,1,2,2,3
16,3,16,29.1,1,0,23,43,4
7,3,7,13.8,1,1,16,20,3
12,1,12,24.3,0,0,2,2,3
12,1,12,26.5,0,0,2,6,3
6,5,6,19.6,1,1,2,6,3
18,1,18,28.9,0,0,0,28,0
14,2,14,27.8,0,0,1,2,0
18,0,18,26.2,1,3,9,82,28
7,4,7,8.9,1,1,2,12,3
16,5,16,33.4,1,1,2,8,3
10,2,10,16.1,1,1,2,27,2
13,0,13,30.5,1,1,16,3,2
8,4,8,11.8,1,1,0,12,0
21,3,21,24.2,0,1,2,0,2
6,3,6,5.2,0,0,23,43,4
23,4,23,21.0,1,1,13,53,8
8,4,8,12.0,1,1,21,11,5
13,3,13,23.2,1,1,12,23,23
4,6,4,17.1,1,0,2,6,2
8,2,8,11.3,1,1,2,0,2
11,5,11,10.0,0,0,31,64,33
13,0,13,30.8,1,1,2,13,2
16,6,16,30.0,1,1,6,18,21
1,5,1,3.4,0,0,1,2,0
23,6,23,16.3,0,0,1,89,0
16,2,16,28.6,0,0,16,3,2
21,2,21,21.4,0,1,6,18,6
17,3,17,29.9,1,1,0,6,0
15,3,15,15.7,0,0,2,36,2
12,1,12,24.2,0,0,5,76,5
21,6,21,21.6,1,1,16,20,3
13,5,13,16.5,0,0,1,20,1
10,0,10,20.2,1,1,6,18,21
6,1,6,-0.2,1,0,2,0,3
9,1,9,22.0,1,1,7,73,17
8,3,8,17.3,0,1,20,33,5
12,5,12,24.9,1,1,10,24,23
23,0,23,10.4,1,1,2,31,13
1,6,1,8.1,0,0,2,3,3
20,0,20,20.1,1,1,2,26,4
20,2,20,30.2,0,0,11,25,11
6,0,6,13.2,1,1,9,105,58
9,2,9,19.0,1,1,2,13,2
15,6,15,33.7,1,1,5,32,5
20,3,20,14.6,0,0,13,26,10
8,4,8,10.4,1,1,2,8,3
20,5,20,27.2,1,1,1,9,2
22,3,22,14.8,0,0,2,3,2
21,2,21,15.2,1,0,22,37,13
10,6,10,25.0,1,1,2,65,4
8,3,8,13.8,1,0,2,13,3
12,5,12,23.7,1,1,2,6,3
13,1,13,28.3,1,1,13,26,10
6,2,6,1.3,0,0,25,11,13
9,0,9,12.0,1,1,7,0,30
15,0,15,27.9,1,0,0,28,0
6,2,6,14.4,1,1,1,2,2
9,6,9,20.0,0,1,1,0,0
7,4,7,14.8,1,1,2,8,3
10,6,10,28.0,1,0,17,11,14
7,4,7,4.3,0,0,26,47,10
16,3,16,31.1,1,1,2,6,3
18,1,18,22.4,1,1,6,18,20
20,1,20,7.5,0,0,2,6,3
12,3,12,27.9,1,1,12,23,4
4,1,4,16.2,0,0,2,20,2
16,0,16,33.0,1,1,1,8,2
14,2,14,34.9,1,1,2,10,2
13,3,13,19.8,1,1,0,9,0
0,0,0,12.7,0,0,2,9,3
21,0,21,23.4,1,1,2,26,4
8,6,8,15.4,1,1,2,6,3
6,1,6,15.0,1,1,0,10,1
13,4,13,10.2,1,0,0,23,0
21,4,21,20.4,1,1,4,10,2
23,3,23,14.3,1,1,20,33,5
7,1,7,8.3,0,0,2,5,13
20,6,20,21.6,0,1,2,13,3
15,2,15,34.2,1,1,2,9,3
23,0,23,19.8,0,1,2,9,3
7,4,7,9.0,1,1,2,23,2
7,3,7,5.2,1,1,0,9,0
8,3,8,7.1,1,0,0,0,0
6,3,6,12.4,1,1,0,18,0
19,5,19,12.7,1,0,7,69,17
8,0,8,19.2,1,0,7,34,16
22,1,22,20.2,1,1,20,33,5
16,1,16,31.4,1,1,6,18,21
11,2,11,22.5,1,1,0,9,0
3,4,3,5.7,0,0,11,25,6
18,3,18,9.5,0,0,2,15,3
16,2,16,28.0,1,1,2,13,3
8,4,8,15.9,1,1,0,12,0
1,5,1,7.3,1,0,16,20,3
22,1,22,13.7,0,1,2,9,3
8,5,8,16.2,1,1,2,8,3
19,0,19,29.2,1,1,2,7,3
20,1,20,16.6,1,1,0,6,1
22,1,22,13.0,1,1,19,32,15
22,0,22,21.6,1,1,2,11,4
5,5,5,7.9,1,0,11,25,6
15,6,15,30.7,1,1,0,28,0
6,2,6,13.1,1,1,2,16,2
18,1,18,28.5,1,1,2,8,3
8,3,8,15.0,0,0,2,6,2
6,3,6,14.0,1,1,4,10,15
5,4,5,12.7,1,0,1,8,0
16,2,16,36.6,1,1,0,3,2
18,5,18,29.0,0,1,0,21,0
19,6,19,16.0,1,1,51,121,49
17,1,17,21.8,0,0,0,14,0
10,5,10,24.7,0,1,2,21,2
14,5,14,22.9,0,0,0,14,0
20,5,20,8.9,0,0,2,21,2
6,1,6,15.5,1,1,11,25,6
14,3,14,32.5,0,1,2,83,2
0,1,0,18.8,0,0,11,25,6
15,4,15,34.2,1,1,28,46,14
12,4,12,31.2,1,1,0,3,2
6,4,6,7.9,0,3,2,11,4
21,6,21,25.5,1,1,2,8,3
6,6,6,12.5,1,1,16,20,3
9,2,9,14.7,1,0,61,39,79
9,2,9,19.1,1,1,4,10,2
6,2,6,14.3,1,1,1,20,1
12,4,12,12.0,0,0,2,36,2
16,1,16,20.3,1,0,9,82,28
9,1,9,24.4,1,1,0,15,1
21,0,21,11.6,0,0,19,32,15
20,4,20,14.3,0,0,2,2,3
18,5,18,29.6,1,1,2,15,2
13,5,13,24.2,1,0,2,13,3
0,0,0,4.9,1,0,11,25,6
10,5,10,24.4,0,0,2,13,2
14,2,14,20.7,1,0,3,5,0
18,0,18,16.0,0,3,1,44,2
2,1,2,12.7,0,0,77,23,5
10,5,10,22.9,1,1,2,30,3
15,2,15,18.9,0,1,1,13,1
3,3,3,2.6,1,0,8,11,8
12,1,12,24.1,1,0,0,9,0
18,6,18,23.4,1,1,1,18,2
10,3,10,10.0,1,0,2,15,3
18,0,18,31.0,1,1,2,14,3
23,4,23,11.4,1,1,0,20,0
9,4,9,18.4,1,1,2,19,13
21,5,21,11.0,1,0,1,2,0
11,6,11,22.3,1,1,0,13,0
11,3,11,28.7,1,1,2,14,3
6,0,6,11.1,1,1,0,0,0
13,4,13,28.6,1,1,12,23,4
17,4,17,20.0,0,0,4,10,2
19,3,19,22.6,1,1,2,9,2
21,1,21,13.0,0,1,0,13,0
15,0,15,18.5,1,0,1,8,0
14,6,14,18.2,0,0,1,2,0
15,3,15,34.6,1,1,2,58,2
18,0,18,15.6,1,0,2,23,3
21,0,21,23.0,0,1,19,32,15
15,6,15,31.1,1,1,1,6,2
23,1,23,18.5,1,1,2,11,4
20,1,20,29.2,1,1,1,6,0
2,1,2,6.6,0,0,2,8,3
13,6,13,28.5,1,1,2,50,2
16,3,16,24.2,0,0,7,34,16
6,0,6,14.4,1,1,0,23,2
9,2,9,22.8,1,1,9,41,38
21,6,21,23.4,1,1,0,10,1
10,3,10,27.1,1,1,22,37,4
19,4,19,10.6,0,1,7,45,17
18,4,18,25.9,0,1,0,9,0
21,3,21,21.4,0,0,0,3,2
15,6,15,31.1,1,1,4,10,2
10,1,10,28.6,1,1,2,2,3
6,0,6,12.2,0,1,22,37,4
21,6,21,21.1,0,0,2,3,2
13,0,13,15.6,0,1,6,34,16
13,2,13,16.4,1,0,15,29,4
18,1,18,26.9,1,1,9,2,22
10,2,10,19.2,1,1,2,13,3
14,0,14,18.9,1,0,2,13,3
14,6,14,17.9,0,1,0,21,0
23,5,23,15.9,0,0,2,18,2
13,6,13,32.5,1,1,10,24,23
10,6,10,6.6,0,0,2,13,3
6,6,6,8.0,0,0,23,43,4
8,4,8,17.1,1,1,0,9,0
0,3,0,14.0,0,0,2,10,3
14,6,14,30.9,0,0,0,3,2
11,6,11,23.3,1,0,26,47,76
11,5,11,19.1,1,1,12,23,4
6,5,6,8.3,1,1,2,2,2
7,5,7,13.5,0,0,2,48,13
21,2,21,22.6,0,0,19,32,15
7,3,7,14.6,1,1,2,2,3
1,2,1,17.5,1,0,11,25,6
17,1,17,30.4,1,1,2,13,2
23,0,23,20.8,1,1,20,33,73
17,1,17,29.4,0,0,0,23,2
20,0,20,19.3,1,1,0,0,0
6,5,6,9.6,1,3,2,9,3
12,5,12,23.0,1,1,14,57,12
16,1,16,22.2,0,3,60,39,75
16,4,16,19.8,1,0,2,23,3
1,3,1,4.8,0,0,2,27,3
16,2,16,11.3,0,0,0,36,0
13,2,13,26.8,1,0,7,34,16
12,3,12,18.8,1,1,0,9,0
7,2,7,9.2,1,0,2,15,3
12,0,12,26.7,1,1,12,23,4
16,6,16,30.3,1,1,2,30,2
15,5,15,21.0,1,0,2,8,2
14,4,14,28.2,0,3,7,157,28
11,3,11,10.9,0,1,9,99,60
8,5,8,12.0,1,1,2,6,3
15,5,15,26.3,0,0,0,9,0
6,3,6,6.9,0,0,2,5,13
11,6,11,12.3,1,0,2,13,3
2,3,2,12.4,1,0,17,11,14
15,2,15,31.3,1,1,0,40,0
13,6,13,17.9,1,1,2,13,3
22,3,22,23.0,0,0,2,5,13
18,6,18,29.5,1,1,2,15,2
14,2,14,15.3,0,0,2,4,4
19,2,19,24.3,1,0,0,1,1
8,4,8,10.6,1,1,2,44,2
18,1,18,21.7,1,0,2,13,2
13,3,13,20.3,1,0,7,39,28
9,2,9,21.4,0,0,2,2,3
22,6,22,5.8,0,0,0,20,0
10,6,10,25.3,1,1,2,14,3
13,0,13,9.1,0,0,2,10,13
22,4,22,19.7,1,1,20,33,5
13,1,13,28.1,1,1,23,43,4
10,5,10,23.7,1,1,2,16,2
13,2,13,25.9,0,0,1,2,0
20,6,20,27.7,0,1,2,13,3
11,4,11,23.9,1,1,2,13,2
8,6,8,15.8,1,1,2,13,2
15,3,15,30.6,0,0,1,8,2
12,1,12,29.7,1,1,0,3,2
14,4,14,32.9,0,0,2,13,2
18,6,18,25.1,1,0,2,13,3
6,2,6,14.4,1,1,1,2,1
10,5,10,23.9,1,1,9,52,9
16,6,16,18.5,0,0,0,14,0
17,2,17,36.4,1,0,32,102,35
18,0,18,12.7,0,0,0,9,0
15,5,15,31.2,1,1,0,15,1
8,5,8,17.1,1,1,2,44,2
3,1,3,9.0,0,0,17,11,14
9,6,9,22.5,1,1,1,6,0
14,6,14,28.8,1,1,13,26,10
23,4,23,19.9,1,1,25,62,13
13,5,13,31.7,1,1,0,28,0
22,5,22,21.4,1,1,25,11,13
6,2,6,12.5,1,1,4,10,15
18,6,18,12.5,1,0,2,13,2
21,4,21,20.0,1,1,2,10,2
14,1,14,11.1,0,3,0,28,0
12,1,12,29.2,1,1,2,9,2
15,6,15,31.5,1,1,0,40,0
15,4,15,28.2,1,1,1,2,1
11,2,11,23.0,0,1,2,9,3
7,4,7,12.7,1,1,2,23,2
18,3,18,28.4,1,1,0,8,1
3,3,3,15.8,0,0,2,7,3
13,2,13,28.0,1,1,31,92,33
11,5,11,27.0,1,1,0,9,0
16,1,16,13.4,1,0,1,14,1
22,5,22,22.9,1,1,19,32,15
19,0,19,31.2,1,1,2,14,3
11,2,11,10.7,1,0,0,9,1
22,4,22,22.6,0,1,1,0,0
23,3,23,14.3,0,1,2,6,3
8,4,8,8.4,1,0,0,9,0
14,6,14,30.4,0,0,2,5,13
8,3,8,12.6,1,1,0,9,0
15,3,15,18.0,1,1,7,34,36
4,1,4,15.5,1,0,5,11,5
22,1,22,12.8,1,0,13,53,8
15,3,15,17.0,0,0,2,14,3
6,6,6,9.1,1,1,3,5,13
21,1,21,27.1,1,1,2,23,2
15,5,15,20.7,0,0,2,6,3
10,2,10,20.7,1,1,2,10,3
17,6,17,30.9,1,1,1,60,0
11,3,11,25.7,1,1,0,14,0
8,2,8,15.9,1,0,0,14,0
12,6,12,13.3,1,0,2,18,2
15,1,15,30.6,1,1,2,3,3
18,3,18,27.7,1,1,2,6,3
13,3,13,25.1,1,1,0,23,0
9,2,9,21.3,1,1,1,9,0
21,5,21,19.4,1,1,2,23,2
10,6,10,27.1,1,1,2,65,13
17,2,17,28.0,1,1,2,13,2
19,3,19,23.6,1,0,0,15,0
14,1,14,30.5,1,1,2,0,2
8,0,8,10.4,1,1,17,11,18
12,3,12,10.9,0,0,1,9,0
13,1,13,30.4,1,1,13,26,10
10,5,10,26.6,1,1,6,18,6
17,6,17,29.2,1,1,2,20,4
7,0,7,13.8,1,1,2,2,3
10,0,10,18.5,1,1,0,28,0
18,4,18,22.7,1,0,2,18,2
9,1,9,18.9,0,0,5,58,5
19,1,19,26.4,1,1,2,0,2
9,2,9,14.3,1,1,2,16,2
15,6,15,20.8,0,0,1,3,1
5,3,5,11.9,1,0,11,25,6
0,0,0,18.9,0,0,0,6,0
14,5,14,26.8,0,0,2,3,3
11,3,11,25.1,1,1,2,11,4
11,0,11,25.7,1,1,2,0,3
6,3,6,0.7,0,0,2,68,4
1,1,1,20.6,1,0,5,5,5
19,5,19,22.7,0,1,2,28,2
19,2,19,16.3,0,0,11,25,11
22,0,22,21.4,1,1,19,32,15
9,2,9,21.1,1,1,0,0,0
21,1,21,6.9,0,0,0,40,0
23,4,23,20.6,1,1,2,11,4
18,5,18,29.9,0,0,2,0,3
20,6,20,14.8,1,1,2,8,2
13,3,13,29.1,1,1,9,2,9
7,6,7,11.8,1,1,2,6,3
21,4,21,23.7,0,0,2,19,4
19,2,19,27.1,1,1,0,18,2
9,6,9,21.1,1,1,1,17,0
16,0,16,30.1,1,1,2,30,2
9,5,9,19.4,1,1,1,17,0
19,0,19,33.8,1,1,2,9,2
9,1,9,19.8,1,1,21,11,5
6,4,6,14.8,1,1,1,9,2
12,5,12,13.9,1,1,0,6,0
12,5,12,21.8,1,1,1,0,0
7,3,7,13.3,1,1,2,7,2
5,0,5,7.3,0,0,17,20,18
13,0,13,23.5,1,1,0,27,0
19,2,19,27.5,1,1,0,2,0
13,1,13,16.3,0,1,7,69,17
10,1,10,8.6,0,0,2,70,4
13,1,13,27.8,1,1,2,27,2
12,1,12,24.1,1,1,2,3,2
8,1,8,19.4,1,1,0,9,0
10,5,10,17.1,1,1,7,69,17
6,3,6,7.5,1,0,8,11,8
11,3,11,26.6,0,1,2,8,3
15,1,15,29.2,1,1,15,29,4
3,1,3,9.8,0,0,4,10,2
23,5,23,14.9,0,0,11,25,6
11,5,11,21.8,1,1,2,8,2
14,0,14,32.0,1,1,2,1,3
10,3,10,20.6,1,1,6,18,6
7,1,7,13.2,1,1,1,0,0
21,0,21,20.1,1,0,2,1,2
9,2,9,17.3,1,1,7,69,17
14,5,14,32.6,1,1,1,8,2
13,0,13,29.6,1,1,0,13,1
17,4,17,28.4,0,0,4,10,2
18,0,18,32.4,1,1,2,23,2
10,3,10,22.2,1,1,0,28,1
14,4,14,29.8,1,1,15,29,4
11,5,11,19.7,1,1,2,10,13
6,6,6,10.0,1,1,16,20,3
21,1,21,24.9,1,1,2,6,3
18,1,18,28.1,1,1,0,27,1
9,4,9,13.2,1,1,2,10,2
18,0,18,17.2,1,1,16,20,3
2,1,2,4.7,0,0,11,25,6
14,6,14,18.4,0,0,28,76,14
11,1,11,25.1,1,1,2,0,3
13,2,13,28.4,1,1,2,13,2
17,0,17,24.3,1,0,5,20,5
17,2,17,18.4,1,1,2,8,2
1,4,1,1.0,1,0,16,20,3
13,5,13,30.8,0,0,2,44,2
20,1,20,23.9,1,1,1,2,2
17,2,17,13.1,1,0,1,2,0
16,6,16,33.4,1,1,2,23,2
12,4,12,31.4,1,1,12,23,4
12,1,12,29.8,1,1,2,0,3
9,2,9,25.0,1,1,2,13,2
17,0,17,13.4,1,3,7,67,28
11,3,11,20.2,1,1,0,6,0
18,4,18,23.5,0,1,0,28,1
21,1,21,22.3,1,1,20,33,5
21,3,21,9.1,0,0,2,2,3
6,0,6,0.7,0,0,8,84,8
13,6,13,28.9,1,1,2,2,3
14,2,14,25.8,0,0,2,13,3
14,1,14,30.2,1,1,90,9,105
10,0,10,6.7,0,0,2,6,3
14,3,14,30.9,1,1,2,8,2
11,2,11,30.0,1,0,7,2,30
6,1,6,2.9,0,0,2,26,4
1,0,1,7.6,0,0,1,2,0
14,3,14,29.3,1,1,2,10,2
6,1,6,10.0,1,1,2,10,2
12,1,12,26.4,1,0,27,46,5
7,0,7,12.3,1,1,2,12,3
5,3,5,12.5,1,0,11,25,6
6,5,6,8.5,0,0,21,23,5
18,0,18,26.7,0,0,0,23,0
22,2,22,8.3,0,0,2,10,2
17,4,17,17.3,1,0,7,39,16
11,6,11,25.7,1,1,2,14,2
11,3,11,20.2,1,1,7,79,80
9,5,9,10.9,1,1,2,0,2
12,3,12,28.2,1,1,2,18,2
14,2,14,31.2,1,1,0,21,0
9,5,9,18.2,1,1,21,25,5
12,5,12,16.3,0,0,1,18,2
19,5,19,13.1,1,0,2,26,4
19,0,19,11.5,1,0,2,26,4
6,3,6,8.1,1,0,2,27,3
14,4,14,18.1,1,3,9,79,28
21,3,21,9.1,1,0,2,7,2
12,4,12,15.1,1,0,2,13,3
4,0,4,11.8,1,0,0,3,1
15,0,15,30.7,1,1,1,14,2
16,5,16,15.7,1,0,2,26,13
23,2,23,18.7,1,1,26,47,10
10,4,10,21.4,1,1,49,11,5
13,2,13,27.1,1,1,2,6,2
10,0,10,18.3,1,0,7,34,16
9,4,9,20.8,1,1,2,14,3
14,2,14,28.2,1,1,31,92,34
17,1,17,18.2,1,0,4,10,4
10,1,10,20.0,1,1,0,28,0
14,4,14,21.5,0,0,43,39,59
19,2,19,11.1,0,0,11,25,11
20,6,20,23.5,1,1,2,9,3
10,2,10,26.1,1,1,0,2,0
23,1,23,21.1,1,1,19,32,15
12,2,12,29.9,1,1,0,3,2
14,6,14,23.0,1,1,28,46,14
0,0,0,14.6,1,0,2,68,4
12,3,12,24.5,0,0,0,15,1
13,6,13,29.0,1,1,0,23,2
13,0,13,14.3,1,1,0,23,0
10,2,10,18.4,0,1,2,14,3
12,1,12,23.1,1,1,2,0,3
21,5,21,5.7,1,0,13,53,8
15,6,15,33.8,1,1,2,14,2
11,3,11,25.0,1,1,2,7,3
16,6,16,15.1,0,0,1,6,0
12,5,12,21.2,1,1,1,42,0
11,4,11,28.7,0,0,2,8,3
23,5,23,25.0,1,1,20,33,5
19,6,19,24.9,1,1,2,9,2
15,2,15,20.4,0,0,0,5,2
8,6,8,10.1,1,1,30,10,31
13,0,13,22.0,1,0,56,39,74
17,4,17,32.0,1,1,1,60,0
9,6,9,22.0,1,1,1,44,1
5,4,5,11.3,1,0,17,11,14
20,1,20,21.5,1,1,1,6,0
9,6,9,17.2,1,1,2,16,2
10,6,10,22.9,0,0,0,1,0
20,0,20,22.1,0,0,18,31,4
8,0,8,15.1,1,1,2,44,2
15,4,15,25.5,1,0,2,0,2
7,6,7,12.4,1,1,2,15,3
9,5,9,19.1,1,1,2,8,3
14,1,14,30.3,1,1,2,13,3
13,6,13,26.1,1,1,2,14,2
19,4,19,27.3,1,1,2,9,2
11,1,11,26.4,1,1,9,41,19
15,5,15,30.2,1,1,0,10,0
16,3,16,33.2,1,1,2,26,4
13,1,13,29.2,1,1,2,10,2
20,3,20,19.6,1,1,9,9,9
2,4,2,9.7,1,0,17,11,14
22,5,22,13.5,0,0,17,11,14
9,5,9,11.4,1,0,61,51,79
10,5,10,25.4,1,1,2,0,3
18,1,18,27.7,0,0,2,8,2
21,4,21,22.8,1,1,1,6,2
14,5,14,31.6,0,1,0,21,0
22,3,22,8.9,0,0,2,10,2
11,1,11,27.7,1,1,1,36,0
13,1,13,30.8,0,0,2,18,2
7,4,7,9.0,1,1,2,13,2
12,0,12,18.4,1,0,7,34,16
7,2,7,12.0,1,1,2,14,2
20,2,20,19.6,0,0,0,6,0
10,4,10,23.1,1,3,7,79,28
22,6,22,20.3,1,1,25,11,13
20,5,20,29.6,1,1,2,1,3
19,6,19,28.1,1,1,0,18,2
7,2,7,12.7,1,1,2,23,2
19,6,19,21.3,1,0,0,14,0
20,4,20,21.6,1,1,2,1,2
9,2,9,22.1,1,1,7,0,98
9,5,9,28.4,1,1,2,80,4
18,5,18,12.7,1,0,2,15,3
19,3,19,25.6,1,1,2,14,2
22,5,22,10.3,0,0,2,58,2
10,4,10,13.3,1,1,2,27,2
22,6,22,19.7,1,1,6,18,21
17,3,17,20.6,0,0,5,23,5
1,4,1,1.4,1,0,11,25,6
19,0,19,22.0,0,1,0,13,1
17,6,17,10.6,0,0,2,31,13
18,0,18,30.1,1,1,2,0,2
18,1,18,27.2,1,1,2,13,2
13,0,13,24.8,0,0,17,20,18
11,5,11,10.0,1,0,2,20,13
7,1,7,11.5,1,1,2,0,3
11,6,11,18.8,1,1,11,25,11
17,5,17,25.2,0,0,2,18,2
12,3,12,25.1,1,1,2,15,3
10,6,10,16.6,1,1,0,21,0
19,1,19,17.4,0,0,47,10,14
22,1,22,9.4,0,0,0,2,1
14,4,14,25.0,1,1,2,12,2
13,1,13,30.0,0,1,2,9,3
17,2,17,11.0,0,0,2,14,3
22,5,22,8.7,1,0,16,20,0
19,4,19,26.7,1,1,1,18,0
21,2,21,20.4,0,0,6,18,20
6,2,6,12.6,1,1,1,2,1
21,6,21,18.9,0,1,0,44,0
18,4,18,30.5,1,1,2,8,3
12,2,12,27.5,1,1,2,23,2
14,3,14,30.4,1,0,7,34,36
23,0,23,19.0,0,0,0,1,1
11,0,11,23.5,1,1,7,88,17
15,6,15,29.8,1,1,2,44,2
18,0,18,21.6,0,0,7,148,66
23,0,23,7.4,1,0,19,32,2
12,6,12,28.2,1,1,2,14,3
21,4,21,27.1,0,1,2,13,3
13,0,13,10.8,1,0,9,39,22
14,0,14,27.8,1,0,2,21,2
13,0,13,19.8,1,0,2,13,2
10,5,10,25.4,1,1,2,27,2
21,1,21,13.2,0,0,2,14,2
20,1,20,3.4,0,0,0,8,1
22,1,22,20.8,1,1,1,9,2
13,0,13,24.1,0,1,2,10,13
18,1,18,7.2,0,1,9,8,19
8,1,8,9.7,1,1,2,13,2
10,6,10,26.0,1,1,2,15,2
9,3,9,16.5,1,1,2,13,3
8,1,8,19.2,0,1,13,26,10
13,2,13,12.3,0,0,16,44,2
19,0,19,10.3,1,0,2,7,3
8,0,8,16.6,1,0,2,44,2
15,4,15,16.4,1,0,1,40,2
6,0,6,13.3,1,1,2,8,3
11,4,11,11.7,0,1,2,21,2
20,4,20,13.5,0,0,2,8,3
13,2,13,31.0,1,1,15,29,4
14,0,14,28.6,1,1,2,21,2
14,5,14,27.9,1,1,0,21,0
15,5,15,16.3,1,0,1,9,0
11,6,11,11.8,1,0,13,26,10
14,5,14,30.3,1,1,2,0,2
19,5,19,6.9,0,0,2,20,13
9,0,9,17.9,1,1,2,31,13
3,6,3,14.0,0,0,47,11,14
10,2,10,22.8,1,1,2,12,2
11,4,11,10.7,0,0,2,40,3
13,2,13,13.8,0,0,0,2,0
6,2,6,1.0,0,0,2,11,4
20,5,20,20.1,0,0,11,25,11
4,0,4,15.3,0,0,2,20,2
12,5,12,25.6,0,0,16,44,3
15,0,15,29.6,1,1,2,10,2
7,2,7,10.2,1,1,2,13,2
15,3,15,31.4,1,0,7,34,16
21,1,21,14.0,1,0,0,10,1
19,1,19,13.3,0,0,2,6,3
16,5,16,15.9,1,0,2,1,3
13,2,13,14.9,0,0,16,44,2
12,2,12,23.7,0,1,2,13,2
10,6,10,13.4,0,0,2,20,4
15,1,15,13.7,0,0,2,8,3
10,5,10,22.1,1,1,0,14,0
10,5,10,5.8,1,0,2,20,13
13,5,13,30.7,1,1,0,28,1
10,5,10,24.8,0,1,0,13,0
21,4,21,20.2,1,1,0,10,0
20,4,20,25.5,1,1,2,20,2
4,2,4,2.8,1,0,2,9,3
1,6,1,7.4,1,0,16,20,3
9,4,9,22.5,0,0,2,6,2
13,3,13,11.5,0,0,2,12,3
2,3,2,15.9,0,0,11,25,11
10,6,10,28.1,1,0,0,9,1
13,0,13,23.0,1,1,2,20,4
18,1,18,17.8,1,0,0,1,0
4,2,4,8.1,1,0,2,7,3
17,0,17,32.1,1,1,0,1,0
17,3,17,14.9,1,1,39,76,12
14,4,14,25.3,1,1,2,13,3
14,2,14,29.5,1,1,2,8,2
10,2,10,15.6,1,1,26,47,10
2,6,2,17.8,1,0,17,11,18
15,1,15,28.8,1,1,2,44,2
4,2,4,10.5,0,0,0,10,0
16,0,16,35.4,1,1,2,5,13
18,1,18,28.3,1,1,0,40,1
10,2,10,21.3,1,1,2,6,3
9,5,9,20.1,1,1,2,0,2
9,2,9,23.7,1,1,1,2,1
13,2,13,12.1,0,0,0,20,0
14,3,14,13.1,1,0,5,46,5
21,2,21,14.7,0,0,2,2,3
10,2,10,22.7,1,1,0,2,0
18,5,18,33.1,1,1,2,2,3
12,6,12,27.3,1,1,2,20,13
17,5,17,32.0,1,1,2,13,3
4,3,4,16.1,1,0,2,8,2
23,6,23,18.2,1,1,0,0,0
8,2,8,9.3,1,1,6,18,21
11,3,11,11.5,0,0,2,36,2
2,1,2,14.5,0,0,2,1,2
21,6,21,17.4,0,1,2,13,3
13,5,13,28.3,1,0,0,23,0
15,0,15,30.9,1,1,2,3,3
19,1,19,20.4,0,0,0,9,0
6,3,6,15.0,1,1,0,8,0
12,1,12,26.6,1,1,2,8,3
7,0,7,10.5,1,1,2,2,2
23,4,23,19.2,1,1,26,47,10
11,5,11,21.9,1,1,2,9,3
13,5,13,20.1,1,0,2,10,2
13,1,13,10.7,1,0,0,9,1
9,0,9,18.1,1,0,7,34,36
19,2,19,15.9,1,0,0,1,0
7,4,7,14.2,0,0,25,62,13
13,3,13,25.6,1,1,0,9,1
17,6,17,29.9,1,1,7,63,28
9,5,9,13.8,0,0,17,20,18
6,4,6,13.0,1,1,2,9,3
23,3,23,16.8,0,1,2,7,3
18,4,18,18.9,1,0,2,0,2
16,4,16,15.7,0,1,2,4,4
21,2,21,25.8,0,0,2,0,2
8,6,8,18.2,1,1,1,8,1
17,5,17,33.0,1,1,0,9,1
16,3,16,33.1,1,1,7,69,17
15,6,15,23.5,1,0,16,44,2
21,1,21,19.6,0,1,2,13,3
11,5,11,8.7,1,0,2,2,3
21,2,21,22.1,0,0,2,3,2
7,5,7,7.4,1,1,2,10,13
7,5,7,10.4,1,1,2,0,2
8,5,8,6.8,1,0,21,25,5
20,0,20,23.6,1,0,2,8,3
15,2,15,30.5,1,1,16,44,2
20,2,20,15.6,1,0,2,0,2
17,0,17,30.6,0,1,2,3,3
9,5,9,17.3,1,1,4,10,2
19,6,19,29.7,1,1,0,8,0
11,4,11,15.8,0,2,1,18,0
12,6,12,28.0,1,1,12,23,4
11,5,11,11.0,0,0,14,20,12
9,1,9,23.3,1,1,2,12,3
7,0,7,13.3,1,0,2,15,3
15,6,15,31.5,1,1,2,14,2
19,6,19,12.6,0,0,2,6,3
12,2,12,29.2,1,1,2,8,2
17,3,17,33.5,0,0,2,14,2
9,0,9,21.9,1,1,2,6,3
6,0,6,14.3,1,1,2,2,3
14,2,14,19.9,1,1,0,0,0
10,0,10,22.0,1,1,2,13,3
21,3,21,10.5,0,1,2,0,2
9,0,9,22.1,1,1,2,2,3
22,4,22,19.3,1,0,2,8,3
8,4,8,16.6,1,1,16,20,3
23,2,23,19.0,1,0,16,20,3
12,0,12,15.0,1,0,7,34,16
12,0,12,11.0,1,0,7,34,16
11,0,11,27.3,1,1,7,69,17
16,0,16,33.2,0,1,2,0,3
12,0,12,29.0,1,1,11,25,11
8,2,8,18.1,1,1,2,9,2
12,1,12,23.8,0,0,2,27,3
13,6,13,30.3,1,1,0,14,0
15,1,15,30.2,1,1,1,8,1
13,4,13,16.1,1,1,2,10,3
12,3,12,28.9,0,0,0,14,0
10,5,10,20.2,1,1,2,27,2
21,0,21,15.3,0,0,2,19,4
11,2,11,11.9,0,0,16,20,3
18,5,18,13.2,0,0,0,23,0
17,2,17,25.9,1,1,2,13,3
8,4,8,12.3,1,1,2,13,2
10,6,10,22.6,1,1,2,10,2
0,4,0,8.3,0,0,1,6,0
22,6,22,24.2,1,1,2,5,2
14,2,14,11.3,0,0,2,3,3
16,1,16,18.0,0,1,2,21,2
0,0,0,17.9,0,0,0,9,0
21,2,21,22.8,0,1,18,31,4
10,5,10,28.9,0,0,12,23,4
22,4,22,21.6,1,0,25,11,23
21,2,21,7.7,0,0,2,10,2
12,4,12,24.1,1,1,10,24,10
8,4,8,18.4,1,1,21,11,5
0,4,0,14.3,1,0,0,20,0
14,6,14,17.3,1,3,7,14,16
20,4,20,19.5,1,0,16,20,0
14,0,14,30.9,0,0,0,8,0
8,2,8,13.2,1,1,1,13,1
14,3,14,17.9,1,0,0,2,0
11,2,11,8.8,1,0,2,0,3
10,4,10,23.2,1,1,0,15,0
21,5,21,23.0,0,0,19,32,15
23,5,23,15.4,0,1,0,9,1
15,6,15,29.9,1,1,2,28,2
14,3,14,30.0,1,1,0,27,0
11,2,11,26.3,1,1,0,9,0
3,4,3,12.6,1,0,5,20,5
4,1,4,14.6,0,0,3,5,13
12,3,12,20.8,1,0,1,18,2
13,5,13,13.6,0,0,6,18,21
13,0,13,18.7,0,0,2,0,2
20,5,20,22.2,0,1,2,9,2
17,0,17,19.2,1,0,1,0,0
17,5,17,31.1,1,1,2,2,3
15,2,15,30.2,1,1,7,36,47
14,1,14,29.6,1,1,1,14,1
15,4,15,35.7,1,1,0,15,0
22,3,22,20.8,1,1,6,18,6
8,6,8,16.0,1,1,2,3,2
21,6,21,21.0,1,1,1,0,2
16,5,16,29.6,1,1,2,1,2
13,4,13,16.1,1,0,2,10,2
21,2,21,15.7,1,1,2,1,2
7,5,7,14.1,1,1,2,13,3
23,0,23,22.3,1,1,20,33,5
11,0,11,23.6,0,0,0,14,0
12,3,12,21.7,1,1,2,20,3
17,3,17,27.0,0,1,0,23,0
21,6,21,22.3,1,1,2,23,2
19,3,19,7.5,1,0,2,26,4
18,6,18,14.8,0,0,2,18,2
7,2,7,-0.1,1,0,0,15,0
20,3,20,9.1,0,0,16,20,1
21,5,21,19.9,0,0,2,10,3
14,4,14,15.7,0,0,2,0,3
12,4,12,29.5,1,1,2,14,3
12,3,12,31.5,0,1,2,13,2
9,4,9,10.1,0,0,2,20,4
13,4,13,31.5,1,1,2,14,3
13,1,13,28.9,0,0,4,10,5
21,1,21,17.6,1,1,6,18,20
9,0,9,20.8,0,1,5,20,5
17,6,17,30.1,0,1,2,12,2
14,1,14,15.9,0,0,2,14,3
10,2,10,5.7,0,0,2,8,3
19,4,19,14.9,0,0,2,2,2
11,0,11,23.1,0,1,0,28,0
21,5,21,19.9,0,0,19,32,2
9,2,9,19.8,0,0,10,24,23
15,6,15,10.8,0,0,1,0,0
13,1,13,15.3,1,0,0,28,0
5,1,5,12.9,0,0,4,10,2
13,3,13,24.8,1,1,2,0,3
12,5,12,23.4,1,1,2,6,3
11,6,11,17.7,0,1,2,1,2
21,6,21,18.6,0,1,2,9,2
15,5,15,21.0,1,0,2,14,3
14,2,14,27.2,0,0,7,39,39
4,4,4,1.5,1,0,36,46,12
23,5,23,14.9,1,0,17,11,14
0,6,0,20.1,0,0,2,1,3
14,5,14,18.4,1,1,2,14,2
15,5,15,16.8,1,0,0,14,0
11,6,11,29.2,1,0,2,14,3
21,0,21,23.3,1,1,0,10,1
9,6,9,21.9,1,1,2,7,2
20,3,20,20.6,1,1,0,20,0
10,1,10,22.0,1,1,2,2,3
12,1,12,30.5,1,1,2,7,3
1,0,1,10.4,1,0,16,20,3
17,5,17,34.9,1,1,2,6,2
20,2,20,16.1,0,0,2,44,2
11,2,11,13.3,1,0,2,13,3
22,4,22,19.1,0,0,18,31,4
13,6,13,15.1,1,0,2,12,3
13,1,13,32.1,1,1,2,14,2
9,6,9,20.3,1,1,2,13,3
7,1,7,5.3,1,1,9,105,19
17,3,17,24.3,1,0,2,9,3
13,3,13,29.6,1,1,2,15,3
17,5,17,31.8,1,0,2,9,3
16,1,16,17.9,1,0,0,14,1
8,6,8,15.8,1,1,1,2,0
8,1,8,15.5,1,0,7,34,16
12,1,12,20.8,1,1,2,27,2
17,1,17,17.8,0,0,16,20,3
6,6,6,8.2,0,0,2,68,4
13,6,13,10.8,0,0,2,15,2
16,5,16,18.7,1,0,9,82,28
3,6,3,0.7,1,0,5,17,5
14,3,14,26.3,1,1,2,14,3
18,6,18,28.7,1,1,2,14,2
13,3,13,27.4,1,1,23,43,4
17,3,17,26.5,1,0,7,34,36
19,2,19,16.8,0,0,2,2,3
8,0,8,6.2,1,0,2,0,2
21,2,21,12.2,1,0,1,0,0
9,5,9,22.7,1,1,2,0,2
20,6,20,26.8,1,1,2,6,2
11,4,11,15.9,1,1,1,42,0
10,0,10,7.1,1,0,2,0,2
21,1,21,21.1,0,0,0,8,0
21,0,21,24.3,0,0,2,19,4
12,4,12,16.4,1,1,2,15,2
6,4,6,14.6,1,1,3,49,15
12,6,12,14.9,0,0,2,6,2
18,6,18,14.0,0,0,0,13,1
16,2,16,36.6,1,1,1,8,1
3,6,3,5.5,0,0,11,25,6
13,5,13,15.9,0,0,4,72,2
17,2,17,31.7,1,1,2,13,2
17,3,17,25.4,0,0,0,13,0
10,3,10,20.1,1,1,9,110,19
7,0,7,10.6,1,1,2,23,2
12,2,12,23.3,1,1,0,36,0
22,4,22,19.2,1,1,2,8,2
18,1,18,13.7,1,0,2,6,3
0,5,0,16.6,0,0,1,27,0
19,4,19,15.7,0,0,2,10,2
4,4,4,9.4,1,0,34,10,12
18,2,18,32.4,1,1,0,2,0
18,0,18,26.7,1,1,5,17,5
10,5,10,12.0,0,0,2,13,2
11,6,11,28.9,1,1,2,8,3
10,3,10,13.2,0,0,2,6,3
21,5,21,9.5,0,0,2,8,3
18,2,18,19.4,0,0,0,14,0
6,4,6,15.7,1,1,1,2,1
12,6,12,29.3,1,1,2,0,2
12,4,12,24.7,1,0,10,24,10
3,6,3,5.1,0,0,11,25,6
10,2,10,12.0,0,0,2,6,3
10,6,10,22.9,0,0,2,13,2
16,6,16,24.0,1,1,1,2,0
8,5,8,16.2,1,1,2,14,2
8,0,8,13.1,1,1,0,0,0
10,3,10,28.8,1,1,0,21,0
17,3,17,20.0,0,0,2,13,2
21,2,21,22.1,1,1,0,15,0
23,1,23,18.7,1,1,2,48,4
21,0,21,11.7,0,0,2,18,2
9,3,9,26.6,0,0,0,8,1
12,0,12,28.6,1,1,12,23,4
12,4,12,24.9,0,1,2,16,2
5,5,5,10.3,1,0,0,1,1
17,0,17,29.1,1,1,2,15,3
15,2,15,34.4,0,0,0,3,2
17,4,17,17.5,1,0,16,20,3
5,0,5,10.0,0,0,21,23,5
19,0,19,22.3,0,1,2,40,2
9,1,9,17.9,1,1,2,18,2
10,4,10,25.9,1,1,2,12,2
9,2,9,21.2,1,1,2,7,3
4,6,4,11.1,0,0,3,5,13
15,0,15,22.1,1,0,7,69,17
2,5,2,15.5,0,0,0,1,1
16,1,16,29.8,1,0,53,93,69
17,1,17,28.7,1,1,16,3,0
10,0,10,21.4,1,0,7,34,16
21,0,21,22.4,1,1,2,10,2
1,0,1,18.0,0,0,1,2,0
17,2,17,12.6,1,0,2,14,3
12,3,12,22.8,0,0,16,20,3
17,1,17,27.7,0,1,0,21,0
16,6,16,23.8,1,0,0,0,1
16,5,16,33.6,1,1,1,27,0
14,4,14,11.5,1,0,2,14,2
17,3,17,27.6,0,0,7,34,16
6,6,6,12.2,1,1,0,23,2
16,3,16,34.2,1,1,4,10,5
8,4,8,12.4,1,1,2,18,2
13,2,13,16.0,0,0,1,27,2
19,1,19,13.8,1,0,1,8,0
17,5,17,31.5,1,1,2,40,2
14,3,14,18.4,0,0,2,10,13
15,6,15,30.6,1,1,0,61,0
15,3,15,31.3,1,1,2,20,3
14,2,14,11.6,1,0,2,10,3
0,0,0,13.5,0,0,2,27,2
4,0,4,14.1,1,0,8,11,8
16,1,16,19.6,0,0,7,39,7
16,6,16,29.1,0,1,2,13,2
21,3,21,21.4,1,1,0,6,0
16,6,16,30.7,0,0,7,79,28
14,0,14,30.7,1,1,0,21,0
18,1,18,15.9,1,0,1,6,0
12,4,12,30.8,0,0,0,14,0
12,0,12,27.3,1,1,1,14,2
6,1,6,5.8,1,0,2,8,2
18,2,18,13.9,0,0,0,9,0
19,6,19,26.8,1,1,6,18,6
21,3,21,24.9,0,0,0,8,1
3,1,3,12.3,1,0,5,23,5
16,1,16,18.7,1,0,4,10,5
10,4,10,9.0,0,0,2,13,3
23,4,23,17.4,0,0,2,6,3
17,1,17,11.6,0,0,16,20,3
10,2,10,17.8,1,1,2,27,2
6,0,6,11.0,1,1,4,10,2
9,1,9,10.0,1,0,0,21,0
21,4,21,20.4,1,1,0,10,1
5,5,5,13.0,1,0,1,3,1
11,2,11,25.7,1,1,2,8,3
13,0,13,30.9,1,1,1,2,0
19,3,19,19.6,0,0,2,2,3
16,3,16,21.9,0,1,0,9,0
13,1,13,27.5,1,3,56,39,81
21,6,21,22.4,1,1,0,27,0
10,6,10,7.4,1,0,0,9,1
6,0,6,13.9,1,1,2,6,3
21,6,21,20.9,1,0,0,10,1
20,2,20,18.7,1,0,52,61,6
9,4,9,19.7,0,1,0,9,0
16,4,16,31.1,1,1,0,3,2
6,1,6,13.7,1,1,2,0,3
22,0,22,22.0,0,1,1,40,2
12,3,12,31.4,1,1,9,41,9
2,6,2,20.2,1,0,11,25,6
10,6,10,21.6,1,1,2,19,4
5,2,5,11.3,0,0,16,20,2
20,1,20,24.5,1,1,2,20,2
19,3,19,22.9,1,1,6,18,6
10,4,10,20.0,0,1,2,14,2
12,0,12,26.8,1,1,0,36,0
6,5,6,3.2,0,0,2,11,4
11,5,11,17.9,0,0,2,9,2
10,6,10,15.3,0,0,15,29,4
12,3,12,29.5,0,0,0,1,0
17,1,17,26.1,1,1,2,0,3
21,3,21,24.3,1,1,4,10,2
18,3,18,11.3,0,1,7,14,16
6,1,6,11.7,1,1,2,0,3
21,5,21,16.0,0,0,2,26,13
10,6,10,23.3,1,1,2,40,2
12,5,12,21.8,0,1,2,0,2
19,0,19,23.8,1,1,2,9,3
23,4,23,16.7,0,0,2,23,2
21,5,21,22.6,0,1,2,20,3
0,6,0,5.2,1,0,3,5,0
18,4,18,28.8,1,1,0,0,0
15,6,15,23.5,1,0,2,10,3
11,1,11,20.4,1,1,7,69,17
21,5,21,21.1,0,1,2,13,3
10,4,10,26.8,1,1,2,6,3
13,0,13,14.7,0,0,0,10,1
21,0,21,12.0,1,1,26,47,10
9,5,9,13.5,1,1,2,9,3
15,1,15,31.8,1,1,2,58,2
12,1,12,9.6,0,0,1,2,0
8,4,8,18.2,1,1,2,18,2
23,3,23,20.0,0,0,2,2,3
14,2,14,29.7,1,1,1,16,0
7,1,7,12.0,1,1,9,104,58
22,1,22,19.1,0,0,1,6,0
6,0,6,14.4,1,1,16,20,3
23,1,23,18.4,1,1,2,11,4
20,5,20,16.4,0,1,2,7,2
17,0,17,33.7,1,1,7,69,17
7,0,7,12.9,1,1,2,13,3
7,3,7,5.0,1,0,2,14,2
7,1,7,11.9,1,1,2,23,2
20,4,20,26.5,1,1,2,20,2
8,3,8,16.6,0,0,20,33,5
23,5,23,12.2,0,0,2,50,3
16,2,16,15.2,1,0,2,8,3
19,3,19,25.9,1,1,2,13,2
8,5,8,17.6,1,1,2,18,2
18,2,18,18.7,0,0,2,31,13
13,1,13,31.1,0,0,2,28,2
5,0,5,14.7,1,0,5,11,5
20,3,20,15.2,0,0,6,18,20
15,1,15,19.3,1,0,4,72,2
11,0,11,19.6,0,0,2,26,4
13,6,13,32.4,1,1,2,50,2
2,6,2,19.8,0,0,2,7,2
6,6,6,6.6,1,0,1,20,0
3,5,3,2.3,0,0,3,5,13
6,3,6,11.6,1,1,0,10,1
14,0,14,11.1,0,0,2,5,13
19,4,19,15.2,1,0,0,27,0
21,6,21,22.2,1,1,2,23,2
11,2,11,28.0,1,1,2,8,3
8,2,8,16.9,1,1,0,9,0
16,4,16,20.3,0,0,4,10,2
18,1,18,27.6,1,1,16,20,3
10,1,10,28.0,1,1,2,28,2
20,0,20,18.9,0,0,2,40,2
22,2,22,15.0,1,1,6,18,6
8,0,8,17.0,1,1,1,0,0
16,0,16,28.0,0,0,16,3,1
18,6,18,33.5,1,1,9,21,19
0,3,0,4.9,0,0,21,23,5
6,6,6,9.0,1,1,2,10,2
13,2,13,12.9,0,0,1,2,0
14,1,14,26.6,1,1,2,13,3
17,0,17,27.9,1,1,1,60,1
19,6,19,25.3,1,1,2,8,2
12,2,12,13.2,1,0,2,14,3
8,3,8,7.4,1,0,2,30,2
10,4,10,24.6,1,1,2,27,2
13,6,13,32.4,0,1,2,44,2
4,5,4,5.2,1,0,2,1,3
14,5,14,33.9,1,1,0,21,0
16,2,16,24.5,0,1,2,9,2
16,1,16,22.6,1,1,2,2,2
13,3,13,16.3,0,0,2,10,2
13,5,13,15.6,1,1,0,23,0
0,1,0,16.6,1,0,13,26,10
7,1,7,14.7,1,1,7,9,17
19,5,19,33.3,0,1,1,13,0
15,5,15,32.1,1,1,2,14,3
6,6,6,13.7,1,1,2,9,3
20,2,20,22.9,0,0,1,13,0
7,6,7,13.5,1,1,16,20,3
0,1,0,19.0,0,0,11,25,6
16,2,16,22.7,1,0,7,63,80
9,5,9,22.6,1,1,0,9,1
15,3,15,31.7,1,0,2,0,2
17,5,17,13.2,0,0,2,2,3
15,0,15,18.1,0,0,2,2,2
13,5,13,30.5,1,1,7,67,17
11,2,11,19.8,1,1,0,9,1
17,3,17,18.7,1,0,2,15,3
9,0,9,21.1,1,1,2,6,3
3,1,3,13.4,1,0,11,25,11
20,0,20,17.8,1,0,7,14,17
15,3,15,25.3,0,0,5,20,5
7,3,7,13.8,0,0,2,48,13
8,5,8,17.9,1,1,2,12,2
6,0,6,14.6,1,1,1,27,2
9,0,9,14.7,1,1,7,88,17
19,5,19,26.5,0,0,0,6,0
9,3,9,6.4,1,0,2,0,2
17,6,17,30.2,1,1,1,3,2
19,3,19,23.3,1,0,6,18,6
7,1,7,11.5,1,1,2,23,2
14,2,14,36.2,0,1,2,28,2
9,0,9,9.8,1,0,7,34,16
20,4,20,33.5,1,1,1,18,0
11,0,11,21.9,1,1,2,2,3
21,1,21,20.6,1,1,2,23,2
11,4,11,24.2,1,1,0,28,0
12,5,12,11.1,1,0,13,26,10
13,3,13,12.6,0,0,2,10,13
7,6,7,12.0,1,1,2,23,2
14,2,14,19.4,1,0,2,20,3
22,6,22,13.8,0,0,1,3,2
12,4,12,31.3,1,1,2,23,3
6,6,6,8.7,0,0,2,11,13
13,0,13,29.4,1,1,2,15,3
14,0,14,21.8,0,0,2,5,4
23,0,23,10.1,0,0,11,25,6
21,1,21,13.1,0,0,0,14,0
9,0,9,22.8,1,1,9,0,24
8,2,8,0.4,1,0,2,10,3
8,5,8,17.0,1,1,2,18,2
6,5,6,-0.1,1,0,2,9,3
8,5,8,16.5,1,1,1,13,0
14,6,14,29.4,1,1,2,9,3
11,6,11,10.0,1,0,2,8,3
16,3,16,29.3,1,1,2,23,3
14,1,14,33.8,1,1,1,2,2
16,6,16,24.6,1,1,2,9,3
13,3,13,22.9,1,1,23,43,4
14,4,14,30.8,1,1,12,23,4
11,1,11,23.4,0,3,60,39,75
2,1,2,19.2,0,0,2,6,3
4,2,4,7.9,1,0,0,3,1
13,1,13,25.2,1,1,7,41,17
16,4,16,12.0,1,0,16,20,3
3,4,3,12.7,0,0,11,25,11
5,3,5,8.5,0,0,2,5,13
11,6,11,25.7,0,0,2,26,4
4,0,4,8.6,1,0,34,10,12
23,5,23,20.1,1,1,2,48,13
4,1,4,3.9,0,0,16,20,3
16,2,16,22.6,1,0,2,14,2
13,2,13,22.3,0,0,1,2,0
15,1,15,14.1,0,1,7,133,43
22,6,22,21.0,0,0,0,3,2
13,3,13,13.9,1,0,0,15,0
13,5,13,17.4,0,0,3,5,0
6,0,6,14.4,1,1,2,8,3
21,6,21,8.7,0,0,2,65,4
19,6,19,24.5,1,1,2,20,2
20,4,20,14.3,1,0,2,23,3
19,0,19,33.7,1,1,1,18,0
12,4,12,14.3,0,0,1,6,0
9,1,9,5.7,1,0,9,51,24
21,5,21,19.1,0,0,2,0,3
22,6,22,21.7,0,0,2,52,3
10,6,10,9.3,0,0,15,29,4
20,2,20,22.0,0,1,2,15,3
23,0,23,20.3,1,1,2,48,4
11,0,11,22.3,1,3,7,34,16
13,4,13,11.8,1,0,9,39,102
14,0,14,27.1,1,1,2,14,2
6,1,6,14.2,0,0,2,31,13
22,3,22,16.6,1,1,20,33,5
9,0,9,16.5,1,0,7,34,36
14,2,14,19.7,0,0,1,2,0
9,5,9,16.0,1,1,4,10,2
23,0,23,13.8,1,0,2,48,13
8,6,8,17.1,0,1,20,33,5
23,1,23,20.8,0,0,0,6,0
2,6,2,6.1,1,0,17,11,18
6,2,6,14.3,0,0,4,10,2
13,4,13,29.1,1,1,23,43,4
11,1,11,13.4,1,0,1,42,0
11,6,11,18.0,1,0,2,2,3
8,1,8,15.1,0,1,25,11,23
12,3,12,10.8,0,0,1,2,0
10,2,10,24.5,1,1,9,41,22
22,1,22,10.2,1,0,25,11,13
13,6,13,22.6,0,0,2,7,3
6,6,6,10.7,1,1,5,11,5
19,3,19,12.8,1,0,2,7,3
12,0,12,17.8,0,0,5,84,5
7,1,7,8.4,1,1,2,23,2
0,5,0,3.3,0,0,11,25,6
0,4,0,16.5,0,0,0,9,0
6,0,6,14.5,1,1,2,9,3
17,2,17,30.2,1,1,1,8,0
15,3,15,16.7,1,1,2,0,2
23,4,23,17.8,0,0,2,18,2
18,5,18,22.5,1,0,2,6,2
17,0,17,15.5,0,0,2,31,13
8,2,8,19.3,1,1,2,10,8
10,4,10,8.8,0,0,5,58,5
5,6,5,15.8,1,0,11,25,6
16,0,16,29.8,1,1,2,20,2
13,2,13,18.3,0,0,1,2,0
15,3,15,13.9,0,1,7,34,16
11,5,11,18.4,1,1,1,42,0
14,5,14,17.9,1,0,6,18,21
15,4,15,17.9,1,1,7,13,43
18,5,18,32.2,0,1,0,9,0
15,0,15,26.2,1,1,0,21,0
17,5,17,34.0,1,1,2,15,2
0,1,0,6.5,1,0,11,25,6
11,0,11,17.7,0,0,0,18,2
21,2,21,22.3,1,0,2,1,2
9,1,9,8.0,1,0,2,2,3
10,5,10,23.3,0,1,2,13,2
20,6,20,22.6,0,0,18,31,4
6,1,6,14.0,1,1,2,8,2
20,0,20,24.1,1,1,2,0,2
12,1,12,26.6,0,1,1,8,0
10,6,10,25.1,1,1,2,10,3
19,5,19,26.3,1,1,2,6,2
12,6,12,15.2,0,0,6,40,26
23,6,23,6.2,0,0,2,50,2
18,0,18,26.3,1,1,17,11,14
8,1,8,11.1,1,1,2,3,2
9,3,9,15.0,1,1,2,13,2
7,5,7,9.4,1,3,2,0,3
19,1,19,31.4,1,1,1,6,0
6,0,6,10.2,1,1,2,8,2
16,0,16,25.5,1,0,1,89,1
15,2,15,26.6,0,0,19,46,2
7,1,7,12.9,1,0,0,2,0
13,5,13,20.4,0,0,0,10,1
10,5,10,7.9,0,0,2,1,3
21,2,21,21.9,1,2,4,10,2
13,3,13,11.5,0,0,0,10,1
11,3,11,18.0,0,0,2,40,2
19,0,19,28.8,1,1,0,13,0
23,6,23,16.4,0,1,2,10,2
16,5,16,24.9,0,0,1,14,0
12,0,12,25.7,0,0,31,7,34
14,3,14,27.4,1,1,2,10,2
7,4,7,12.5,1,1,2,8,3
14,1,14,12.7,1,3,9,126,28
17,0,17,27.2,0,0,7,59,44
13,0,13,22.1,1,0,7,67,43
16,6,16,25.8,1,1,2,20,4
11,3,11,29.6,0,0,2,8,2
17,5,17,31.2,0,1,2,0,3
11,1,11,24.2,0,1,0,14,0
14,0,14,14.0,1,0,3,5,0
8,0,8,15.2,1,1,2,0,3
16,2,16,12.8,0,0,2,14,3
13,1,13,11.5,0,0,2,21,2
10,5,10,23.5,0,0,2,6,3
19,3,19,22.6,0,0,7,1,43
6,3,6,7.4,1,1,2,2,3
6,3,6,14.5,1,1,3,5,0
9,6,9,18.1,0,0,10,24,23
8,6,8,16.6,1,1,2,3,2
20,6,20,27.3,0,0,7,13,17
14,2,14,14.0,1,0,1,20,1
13,3,13,12.3,0,0,7,34,16
19,6,19,27.2,1,0,7,8,17
12,2,12,26.7,0,0,2,2,3
7,1,7,14.8,1,1,2,12,3
13,2,13,29.1,1,1,13,26,10
10,1,10,21.6,0,0,9,39,17
9,4,9,18.2,1,1,2,44,2
9,0,9,18.0,1,0,7,34,16
20,0,20,20.8,0,1,2,13,3
15,1,15,29.0,0,1,0,16,0
15,2,15,11.8,1,0,16,44,2
0,2,0,19.3,0,0,0,1,0
15,1,15,30.2,1,1,0,7,0
9,6,9,19.7,1,1,0,13,0
12,0,12,18.6,1,1,2,3,3
17,6,17,17.6,0,0,2,8,3
15,5,15,23.4,1,0,9,16,9
17,2,17,18.6,1,0,9,40,42
11,5,11,21.5,1,1,0,0,0
13,6,13,27.3,0,1,0,12,0
17,6,17,14.6,1,0,0,27,0
12,6,12,27.8,1,1,0,23,0
8,5,8,13.3,1,1,21,25,5
7,4,7,9.6,1,1,2,23,2
15,0,15,32.6,1,1,4,10,2
14,3,14,31.0,1,1,0,15,0
22,3,22,16.4,1,1,6,18,6
10,1,10,19.6,0,1,2,13,3
21,5,21,26.0,0,0,0,27,0
13,2,13,23.3,0,0,2,10,13
22,2,22,17.8,0,0,0,8,1
17,0,17,17.8,1,0,0,27,1
23,3,23,12.6,0,0,0,9,0
4,1,4,4.8,1,0,2,8,3
17,2,17,29.8,1,1,2,20,4
16,6,16,15.4,0,0,2,13,2
9,0,9,16.8,1,1,4,10,2
8,5,8,6.9,1,0,4,10,2
17,1,17,17.5,1,0,4,10,4
11,6,11,8.2,0,0,16,20,3
13,2,13,9.5,1,1,9,39,24
19,6,19,14.3,1,3,7,63,28
8,6,8,9.3,1,1,7,88,17
21,0,21,22.7,0,0,6,18,6
17,0,17,32.3,0,0,2,14,2
10,0,10,8.7,1,0,2,9,2
15,5,15,21.3,1,1,2,13,2
9,5,9,12.8,1,0,12,23,4
3,2,3,16.9,1,0,7,9,30
15,1,15,22.2,1,1,3,5,0
20,6,20,25.4,1,1,2,0,3
13,4,13,29.0,1,1,2,28,2
19,2,19,25.2,1,1,9,73,48
10,6,10,9.6,1,0,2,19,4
0,4,0,18.9,0,0,0,1,0
19,3,19,23.9,1,1,0,9,1
20,6,20,23.1,1,1,2,1,2
10,6,10,23.4,1,1,2,15,2
13,2,13,19.5,1,1,10,24,23
13,0,13,26.5,0,0,4,10,5
15,3,15,21.0,0,0,2,13,2
14,0,14,10.9,1,0,2,13,2
11,6,11,24.9,1,0,0,28,1
14,6,14,18.2,1,0,1,40,2
13,6,13,19.1,1,0,2,9,3
13,3,13,21.0,1,0,7,34,16
6,4,6,14.8,1,1,2,6,2
15,5,15,31.4,1,1,2,20,2
18,6,18,28.4,0,1,0,3,2
23,0,23,23.6,0,1,4,10,2
17,1,17,29.3,1,1,2,14,3
17,5,17,31.1,0,0,2,3,2
7,4,7,8.7,1,1,2,12,2
21,2,21,10.9,0,0,16,20,2
12,6,12,13.9,1,0,2,3,3
11,3,11,23.4,1,1,2,15,2
11,6,11,17.8,0,1,0,14,0
14,3,14,26.3,0,0,7,34,16
6,3,6,1.8,0,0,2,48,13
7,3,7,13.3,1,1,2,8,3
15,3,15,27.0,0,0,8,23,8
13,0,13,20.7,0,0,2,5,13
6,2,6,12.5,1,1,2,6,3
16,6,16,25.1,1,0,1,40,2
8,4,8,14.0,1,1,2,0,3
11,3,11,27.7,1,1,22,37,4
6,2,6,14.4,1,1,2,8,2
23,4,23,20.3,0,0,2,7,2
12,3,12,26.3,1,1,7,74,47
13,0,13,32.5,1,1,12,23,4
17,6,17,33.8,1,1,2,6,3
18,2,18,18.2,0,0,2,6,2
3,2,3,1.3,1,0,0,5,0
11,3,11,27.2,1,1,7,71,19
10,0,10,16.4,1,1,2,0,2
19,6,19,26.2,1,1,0,8,0
12,6,12,28.3,0,0,2,27,2
17,4,17,29.8,1,1,1,2,1
13,3,13,15.9,0,0,2,15,3
0,0,0,19.2,1,0,6,23,6
20,1,20,30.0,1,1,2,8,3
10,3,10,22.2,1,1,2,40,2
7,4,7,11.5,1,0,2,28,2
7,1,7,14.5,1,1,16,20,3
12,5,12,25.0,0,0,0,9,1
21,5,21,21.7,0,0,0,3,2
10,4,10,21.1,1,1,2,6,2
2,2,2,7.4,1,0,11,25,11
6,1,6,8.6,1,1,1,6,0
23,5,23,19.0,1,1,2,68,13
14,3,14,19.7,0,1,7,88,17
16,0,16,32.8,1,1,0,28,0
11,6,11,26.2,1,1,0,28,0
21,0,21,23.9,1,1,0,9,0
11,1,11,21.7,0,1,2,13,3
8,2,8,4.0,1,0,2,20,3
19,1,19,13.5,0,0,2,10,3
13,2,13,22.9,1,0,13,26,10
21,5,21,8.1,0,0,2,10,2
19,2,19,23.4,1,1,1,9,0
19,5,19,9.9,0,0,7,8,43
8,2,8,14.5,1,1,2,13,2
11,5,11,25.0,1,1,0,9,1
9,1,9,20.5,1,1,4,10,2
12,2,12,23.2,1,1,2,14,2
21,1,21,20.9,1,1,0,10,1
10,3,10,26.5,1,1,2,10,2
10,0,10,7.5,0,1,7,74,47
18,3,18,27.4,0,1,0,6,1
22,6,22,13.9,0,0,1,8,1
16,5,16,16.6,1,0,2,8,2
0,0,0,18.8,0,0,1,18,2
14,5,14,30.8,0,0,2,0,2
3,6,3,4.3,0,0,3,5,13
15,3,15,25.9,0,1,2,9,3
16,1,16,30.9,1,1,2,2,3
8,5,8,14.5,0,0,20,33,5
11,6,11,24.1,0,0,0,1,0
12,2,12,29.7,1,1,2,13,2
14,2,14,28.5,1,1,16,20,2
17,1,17,22.9,1,1,0,6,1
17,1,17,14.7,1,1,7,142,80
7,2,7,12.9,1,1,2,13,3
9,1,9,10.8,1,1,6,18,6
3,2,3,3.6,1,0,5,11,5
19,4,19,26.0,0,1,2,9,2
2,2,2,12.6,0,0,24,76,5
20,0,20,7.7,0,0,19,32,15
12,2,12,17.4,0,0,2,14,3
14,5,14,15.6,0,0,2,10,13
18,6,18,28.7,1,1,2,18,2
15,4,15,27.0,0,1,0,3,1
10,3,10,23.3,1,1,0,28,0
11,5,11,10.0,0,0,2,20,3
6,1,6,8.5,1,0,2,2,3
2,0,2,17.1,0,0,2,65,4
19,2,19,25.6,0,0,9,16,19
14,1,14,24.9,1,1,0,6,0
6,3,6,10.1,1,0,14,57,12
13,4,13,16.3,1,0,1,13,0
14,5,14,22.3,1,0,2,10,3
9,3,9,19.3,0,0,2,6,2
4,3,4,8.5,1,0,2,3,3
8,2,8,7.9,0,0,2,9,3
23,6,23,18.6,1,1,18,31,4
18,0,18,27.8,0,0,1,5,0
16,0,16,29.4,1,0,0,6,0
22,3,22,20.5,1,1,0,0,0
10,0,10,20.2,1,1,0,13,0
23,0,23,22.2,1,1,18,31,4
11,3,11,30.9,1,1,0,8,0
15,3,15,29.0,1,1,5,11,5
16,1,16,31.2,0,1,2,21,2
21,1,21,20.2,1,1,2,26,4
12,5,12,15.3,1,0,2,9,3
11,4,11,25.7,1,1,2,2,3
19,1,19,29.0,1,0,0,2,0
16,6,16,14.2,0,0,16,3,2
15,1,15,31.5,1,1,2,10,2
7,1,7,11.3,1,1,2,0,3
8,3,8,13.8,0,1,25,11,13
22,2,22,20.9,1,1,19,32,15
19,4,19,28.1,1,1,0,18,2
13,0,13,27.7,1,0,2,8,2
13,0,13,20.0,0,1,7,34,16
8,2,8,19.4,1,0,2,13,2
8,6,8,13.4,1,1,2,13,3
12,0,12,27.5,1,1,0,3,0
8,5,8,18.8,1,1,0,16,0
10,1,10,14.3,0,0,2,14,3
13,3,13,30.0,1,1,13,26,10
13,6,13,31.7,0,0,2,4,4
20,3,20,18.7,0,0,2,14,3
11,0,11,20.0,1,1,2,15,2
13,6,13,28.4,1,1,2,8,3
6,6,6,11.1,1,1,2,9,2
16,2,16,30.9,1,1,2,20,3
17,4,17,34.6,1,1,2,6,2
7,1,7,14.6,1,1,31,64,34
11,0,11,25.6,1,1,2,20,3
12,1,12,19.8,1,0,0,50,1
20,1,20,6.1,1,0,2,10,2
10,2,10,16.3,1,1,2,0,2
10,0,10,8.9,1,0,2,7,3
19,1,19,25.3,0,1,2,0,2
9,3,9,13.2,0,0,2,8,3
12,6,12,26.2,1,1,2,20,3
19,2,19,34.6,1,1,0,1,0
6,0,6,3.8,0,0,2,48,4
14,6,14,28.7,0,1,0,6,0
6,1,6,11.6,1,1,1,6,1
14,6,14,15.6,0,0,0,3,1
19,3,19,24.6,1,1,2,9,2
20,0,20,24.3,1,1,2,9,2
23,4,23,21.3,1,1,26,47,10
22,5,22,13.6,1,1,13,26,10
14,4,14,33.6,0,0,0,3,2
19,0,19,28.0,1,1,2,13,2
16,6,16,23.1,1,1,0,14,1
22,2,22,20.7,1,1,0,9,0
6,6,6,11.8,1,1,1,27,1
18,0,18,29.7,1,1,0,15,1
22,0,22,21.9,0,1,0,3,0
11,1,11,9.0,0,0,0,14,0
4,6,4,9.4,1,0,11,25,6
11,0,11,22.7,1,1,2,0,3
19,0,19,28.1,1,1,2,8,3
14,5,14,29.7,0,1,0,21,0
15,3,15,16.1,1,0,2,27,2
13,4,13,26.4,1,1,0,23,2
10,4,10,22.1,1,1,2,21,2
19,2,19,31.5,1,1,1,18,0
21,0,21,21.2,0,0,2,15,2
13,6,13,33.1,1,1,2,28,2
16,1,16,30.6,0,0,2,0,3
12,1,12,29.8,1,1,12,23,4
15,3,15,11.0,1,0,2,58,3
19,5,19,33.9,1,1,16,20,3
13,1,13,27.7,0,0,0,6,0
11,2,11,24.8,1,1,2,2,2
18,2,18,12.0,1,0,1,0,0
20,0,20,12.8,0,1,2,19,13
12,3,12,29.4,0,1,2,13,2
15,3,15,31.6,0,1,2,0,3
12,5,12,14.2,1,1,10,24,10
13,5,13,18.6,1,1,2,15,3
10,0,10,21.7,1,1,2,27,2
20,4,20,22.8,0,0,7,63,28
18,4,18,27.6,0,0,0,13,0
11,2,11,25.0,1,0,9,39,24
11,1,11,21.6,0,1,2,8,2
9,1,9,26.8,1,1,1,13,2
11,0,11,9.3,1,0,7,34,36
15,4,15,26.6,0,1,2,13,3
7,1,7,15.1,1,1,7,89,7
9,3,9,16.3,1,1,21,11,5
16,3,16,12.5,0,0,0,9,1
22,4,22,3.6,0,0,2,20,3
12,0,12,16.9,0,0,2,2,3
12,4,12,12.1,1,0,0,134,0
9,6,9,22.8,1,1,2,21,2
5,4,5,6.6,1,0,0,6,0
12,6,12,12.8,1,0,2,18,2
17,5,17,29.5,1,1,1,60,1
14,6,14,11.8,1,1,7,99,27
6,3,6,14.5,1,1,2,2,2
16,5,16,30.4,1,1,2,28,2
9,1,9,22.3,0,1,2,0,3
7,6,7,9.8,1,1,0,15,0
7,2,7,12.7,1,1,3,5,0
10,4,10,23.9,1,1,2,27,2
16,1,16,31.6,1,1,1,27,0
8,6,8,12.3,1,1,0,12,0
20,5,20,20.6,0,0,18,31,4
17,3,17,26.1,1,0,7,34,36
13,5,13,31.6,0,1,2,12,2
16,5,16,33.4,1,1,6,18,6
9,5,9,22.7,0,0,13,26,10
10,2,10,9.7,0,0,15,29,4
9,6,9,25.0,1,1,0,13,0
18,1,18,23.8,1,1,2,14,2
20,6,20,10.7,1,0,2,23,3
10,0,10,15.3,1,1,2,0,2
15,5,15,30.2,0,0,1,20,1
11,0,11,17.7,0,1,9,39,24
22,4,22,21.1,1,0,20,33,5
23,2,23,25.0,1,1,2,48,4
12,2,12,27.7,1,1,2,3,2
18,0,18,28.3,0,0,0,21,0
15,3,15,14.6,1,0,0,13,0
23,3,23,6.3,0,0,21,11,5
9,5,9,23.7,1,1,2,18,2
23,6,23,18.3,1,1,2,11,4
3,3,3,3.1,0,0,16,20,3
15,1,15,31.7,0,1,0,36,0
19,6,19,28.8,0,0,7,39,7
14,1,14,15.4,0,0,0,20,0
16,5,16,32.6,1,1,2,8,2
4,4,4,5.4,1,0,17,11,14
13,3,13,12.6,1,0,2,10,2
16,0,16,29.5,1,1,1,40,1
17,4,17,29.3,1,1,2,44,2
14,0,14,25.5,1,0,7,28,44
16,3,16,19.7,1,1,9,41,19
20,3,20,8.9,0,0,6,18,6
17,3,17,29.9,1,1,41,59,90
8,5,8,13.3,1,1,2,44,2
10,6,10,17.0,1,1,2,20,4
3,5,3,8.5,0,0,4,10,2
3,6,3,12.9,0,0,11,25,6
6,5,6,11.2,0,0,2,31,13
15,5,15,31.6,1,1,2,52,2
2,4,2,12.6,0,0,16,20,3
8,1,8,14.9,1,1,2,40,2
18,5,18,16.6,0,0,2,2,3
9,4,9,13.5,1,1,2,2,3
19,1,19,14.1,1,0,1,8,0
16,6,16,30.7,1,1,4,10,5
19,5,19,30.4,1,0,2,15,2
21,2,21,25.9,1,1,2,23,2
22,2,22,8.2,1,0,19,32,15
15,6,15,27.4,1,1,7,59,37
14,5,14,21.5,1,0,1,2,0
18,5,18,7.3,0,0,0,13,0
13,6,13,17.5,1,1,15,29,4
16,1,16,11.4,0,0,2,13,2
6,0,6,13.7,0,0,26,47,10
4,4,4,4.6,0,0,3,5,13
19,4,19,25.7,1,1,0,0,0
6,4,6,15.4,1,1,0,6,0
14,3,14,25.4,1,1,0,6,1
15,3,15,31.7,1,1,2,3,3
3,0,3,17.1,0,0,11,25,6
6,2,6,12.3,1,1,2,6,3
12,6,12,12.5,1,0,2,8,3
23,5,23,17.6,1,1,18,31,4
16,4,16,12.0,1,0,2,8,3
5,2,5,13.1,1,0,11,25,11
22,3,22,22.7,0,0,2,6,3
6,3,6,14.5,1,1,0,8,0
23,6,23,18.2,0,0,4,10,2
21,0,21,23.9,1,1,2,26,4
14,1,14,33.8,0,1,2,28,2
13,3,13,23.2,1,1,2,15,2
12,5,12,22.3,1,1,0,14,0
6,5,6,13.4,1,0,1,3,2
9,5,9,19.3,1,1,2,8,2
16,3,16,34.0,0,0,0,8,0
21,1,21,20.3,0,0,1,42,0
5,4,5,11.1,1,0,2,3,3
13,0,13,10.8,1,0,1,2,1
1,5,1,14.8,0,0,17,11,18
21,1,21,18.5,1,1,2,9,3
14,0,14,30.6,1,0,44,39,61
13,1,13,17.7,0,0,3,5,0
2,2,2,17.0,1,0,7,9,30
15,1,15,18.7,0,0,2,0,2
12,4,12,9.4,0,0,2,12,3
15,3,15,29.8,1,1,31,64,33
7,1,7,14.8,1,1,2,2,3
9,6,9,13.3,1,1,2,2,2
17,1,17,28.7,1,1,2,2,3
9,4,9,20.9,1,1,2,31,4
23,0,23,16.8,1,1,2,48,4
8,3,8,11.1,0,1,2,23,2
14,1,14,29.2,1,1,0,0,0
12,1,12,23.7,1,1,1,42,0
7,5,7,14.3,1,1,31,64,40
17,5,17,13.4,0,0,0,14,0
7,4,7,12.2,1,0,2,23,3
9,6,9,22.5,1,1,2,0,2
20,4,20,25.0,1,1,2,20,2
22,2,22,7.9,0,0,0,0,0
18,0,18,12.2,1,0,1,9,0
18,0,18,26.3,1,1,2,8,2
14,2,14,29.0,0,1,2,14,2
9,5,9,19.5,1,0,7,69,17
9,2,9,24.0,1,1,5,11,5
14,3,14,25.7,1,3,7,39,43
17,4,17,33.3,0,0,0,20,0
21,2,21,5.6,0,0,2,3,3
18,2,18,21.0,0,1,2,21,2
17,4,17,30.1,1,1,2,0,2
14,6,14,18.2,1,1,3,5,0
17,1,17,30.7,1,1,2,13,2
21,5,21,17.4,0,0,2,0,3
14,5,14,29.9,1,1,2,13,2
11,2,11,27.3,1,1,9,39,24
11,6,11,7.5,1,0,2,20,3
14,4,14,15.0,0,1,1,6,1
12,3,12,23.0,0,1,0,21,0
16,0,16,11.6,0,0,17,20,14
7,1,7,15.3,1,1,2,12,3
12,6,12,27.4,1,1,0,61,0
16,4,16,35.7,1,1,0,13,0
1,3,1,16.4,0,0,2,2,3
14,5,14,26.6,0,0,7,2,43
14,4,14,20.8,0,0,2,15,2
12,4,12,29.1,1,1,1,9,0
11,4,11,9.6,0,0,0,18,0
14,2,14,26.6,0,0,5,58,5
7,4,7,12.6,1,1,0,15,0
23,2,23,18.4,1,1,6,18,6
14,2,14,29.3,1,0,1,6,1
6,6,6,14.3,1,1,0,10,1
20,4,20,9.7,1,0,0,2,0
13,4,13,25.9,1,1,0,23,2
16,5,16,31.4,1,1,1,0,0
22,2,22,6.6,1,0,17,11,18
12,2,12,13.6,1,0,2,3,3
21,2,21,20.7,1,1,0,10,1
14,3,14,26.3,1,1,2,2,2
10,5,10,15.3,1,1,0,9,1
6,1,6,14.2,1,1,1,27,1
10,5,10,23.8,1,1,7,69,17
7,1,7,8.8,1,1,2,10,13
16,5,16,21.3,1,3,61,39,79
19,0,19,23.0,1,1,1,0,2
7,4,7,15.0,1,1,2,28,2
22,6,22,22.8,1,1,20,33,5
15,4,15,30.2,1,1,2,14,2
16,4,16,27.6,0,1,0,9,1
9,1,9,9.4,1,0,7,34,16
2,3,2,14.9,1,0,2,29,4
22,3,22,8.6,0,0,16,20,3
18,2,18,27.7,1,1,0,27,0
18,0,18,28.1,1,1,7,14,37
8,0,8,5.5,0,0,0,0,0
10,5,10,22.8,1,1,2,0,3
6,0,6,13.4,1,1,2,0,2
22,2,22,18.8,1,1,20,33,5
23,2,23,24.7,1,1,18,31,4
13,3,13,20.1,0,0,31,7,40
15,6,15,19.7,1,0,28,46,14
18,6,18,28.1,1,1,2,2,2
8,4,8,16.0,1,1,2,8,3
14,4,14,17.5,0,0,4,10,4
17,6,17,27.2,1,1,9,41,19
18,1,18,14.3,1,0,2,13,3
3,2,3,10.0,1,0,77,46,5
6,4,6,14.3,1,1,0,10,1
10,0,10,6.5,1,0,5,5,5
22,5,22,21.2,1,1,19,32,15
9,4,9,14.0,1,0,7,67,39
12,3,12,27.8,1,1,2,20,2
6,2,6,13.4,1,1,2,6,2
18,4,18,15.6,0,0,0,9,0
14,2,14,32.4,1,1,2,8,2
14,5,14,20.7,0,0,0,28,0
13,3,13,28.5,1,1,35,78,45
19,3,19,27.6,1,1,0,6,0
13,3,13,32.0,1,1,2,27,2
13,0,13,23.3,1,1,2,6,3
15,1,15,30.4,1,1,0,8,0
8,4,8,16.7,1,1,2,9,2
16,4,16,17.8,1,0,0,3,1
1,1,1,18.5,0,0,0,3,2
16,1,16,31.5,1,1,1,3,0
13,5,13,25.1,1,1,2,18,2
10,0,10,16.3,1,1,0,21,0
17,4,17,21.4,0,0,0,40,0
9,3,9,25.3,1,1,2,13,2
12,1,12,23.1,1,1,0,9,1
7,5,7,13.6,1,1,31,64,33
12,5,12,26.2,1,1,2,8,2
13,0,13,31.3,1,1,2,27,2
15,4,15,35.5,1,1,5,11,5
10,2,10,14.7,1,0,32,39,35
17,1,17,14.1,1,1,7,142,80
14,2,14,19.4,1,1,0,14,0
19,6,19,15.2,0,0,2,40,2
21,1,21,23.1,1,1,2,26,4
8,6,8,14.9,1,1,2,16,2
11,6,11,9.9,0,0,2,8,3
18,1,18,28.8,0,1,0,9,0
9,4,9,19.2,1,1,2,8,3
16,6,16,19.9,1,1,2,0,3
18,0,18,26.6,1,1,2,13,2
17,0,17,23.9,0,1,7,95,42
8,2,8,15.1,1,1,0,6,0
21,5,21,8.0,0,0,17,11,14
4,3,4,2.0,0,0,2,50,3
11,4,11,8.6,1,0,2,11,4
21,2,21,23.3,0,1,1,13,2
7,4,7,9.5,0,0,25,62,13
21,0,21,23.6,1,1,4,10,2
12,6,12,27.7,1,1,11,25,11
9,0,9,14.0,1,1,2,10,3
8,0,8,11.1,1,1,2,0,3
1,5,1,4.3,1,0,14,57,12
23,6,23,18.3,1,1,2,48,13
19,2,19,27.5,1,1,2,0,2
18,0,18,29.8,1,1,2,23,2
16,6,16,16.1,0,0,6,18,6
22,6,22,13.2,0,0,2,8,3
18,3,18,14.6,1,1,4,10,4
8,4,8,15.7,1,1,2,13,3
11,6,11,24.3,1,1,0,9,1
19,2,19,15.5,1,0,2,14,2
14,2,14,32.8,1,1,0,13,0
8,2,8,13.9,1,1,2,28,2
2,6,2,1.9,0,0,2,1,2
9,2,9,25.6,1,1,22,37,4
13,3,13,13.6,0,0,0,14,0
18,1,18,22.8,1,0,16,3,3
18,6,18,27.2,1,1,2,9,3
12,4,12,25.8,1,0,11,25,11
7,2,7,13.2,1,1,2,12,2
14,5,14,18.6,1,0,7,1,55
17,3,17,25.3,0,0,0,14,0
0,3,0,8.6,1,0,2,5,4
13,1,13,31.6,1,1,13,26,10
14,2,14,13.3,1,1,9,39,24
19,4,19,10.4,1,0,2,0,2
15,2,15,33.8,1,1,1,2,0
22,5,22,19.2,0,1,0,6,1
3,6,3,6.8,1,0,11,25,6
11,4,11,25.8,0,1,0,13,0
3,3,3,12.3,0,0,2,7,3
6,4,6,15.0,1,1,1,27,0
5,2,5,13.7,1,0,2,6,3
10,2,10,15.4,0,0,2,1,2
14,6,14,11.2,0,0,2,83,2
9,4,9,13.2,1,1,1,6,2
13,2,13,19.6,1,1,2,23,3
23,5,23,19.1,1,1,0,20,0
8,6,8,12.2,1,1,2,12,2
14,1,14,24.7,1,1,2,13,2
17,6,17,25.1,1,3,9,151,28
17,1,17,12.1,1,0,2,13,3
13,4,13,13.9,0,0,0,10,1
11,0,11,22.7,1,0,7,34,16
11,1,11,21.1,1,1,2,16,2
21,2,21,27.8,0,0,0,2,1
9,1,9,22.9,1,1,22,37,4
7,5,7,10.5,1,1,2,23,2
6,5,6,15.2,1,1,3,5,15
6,3,6,13.2,1,1,2,0,2
6,3,6,13.9,0,0,2,68,13
1,5,1,14.5,0,0,1,6,1
16,5,16,18.6,1,0,2,6,3
13,2,13,26.6,1,1,0,28,0
2,1,2,3.5,1,0,5,46,5
18,6,18,25.9,1,1,2,15,3
3,5,3,12.5,0,0,0,3,1
20,4,20,13.8,0,0,2,2,3
16,6,16,28.4,0,0,2,8,3
6,1,6,11.8,1,1,0,23,2
13,3,13,13.0,1,0,2,28,2
21,5,21,9.7,1,0,13,53,8
23,2,23,16.0,0,1,11,25,6
10,2,10,27.1,1,1,2,14,2
17,1,17,15.7,1,0,0,2,1
21,5,21,21.7,0,1,2,23,2
22,2,22,15.3,1,1,2,7,2
7,0,7,10.4,1,1,3,5,13
19,3,19,9.4,0,0,13,53,8
17,3,17,21.9,1,0,7,34,16
4,1,4,10.4,0,0,2,7,3
16,1,16,29.5,1,1,2,3,3
10,5,10,12.7,1,1,12,23,4
9,5,9,26.1,0,0,21,23,5
19,4,19,30.0,1,1,1,18,0
9,3,9,16.7,1,1,1,13,0
6,3,6,12.7,1,1,0,10,1
21,6,21,21.4,0,1,2,13,2
18,0,18,25.4,1,1,16,20,3
17,1,17,11.5,1,0,0,27,0
6,6,6,12.0,1,1,0,10,1
13,4,13,11.1,1,0,2,6,3
0,2,0,11.1,1,0,5,11,5
23,5,23,19.2,0,0,2,10,3
12,4,12,23.1,1,1,0,28,0
21,5,21,23.0,1,1,2,1,2
7,3,7,11.2,1,1,2,9,2
13,6,13,28.2,1,1,2,2,3
20,5,20,19.5,1,0,2,23,3
18,1,18,16.4,0,0,0,13,0
16,3,16,13.0,0,0,2,31,13
9,1,9,19.4,0,0,2,2,3
15,5,15,30.6,0,0,2,30,3
17,4,17,34.3,1,1,2,40,2
10,4,10,12.8,0,0,1,8,1
10,3,10,23.2,1,1,2,13,2
12,6,12,12.5,0,0,2,8,3
23,6,23,9.3,1,0,2,26,4
12,2,12,23.5,0,1,2,12,2
10,0,10,10.7,1,0,1,14,2
11,5,11,26.5,1,1,0,9,1
14,3,14,25.0,1,1,2,15,2
11,0,11,16.2,0,0,2,6,2
20,4,20,24.7,0,0,1,0,0
13,6,13,27.0,0,0,3,5,0
7,1,7,11.5,1,1,2,12,3
16,0,16,15.9,1,0,0,2,0
16,3,16,22.9,1,0,2,18,2
9,0,9,19.6,1,1,2,19,4
14,0,14,25.3,0,0,2,21,2
11,0,11,19.4,1,0,2,20,4
19,2,19,31.8,1,1,2,2,3
4,6,4,9.5,0,0,11,25,11
23,1,23,16.8,0,0,2,7,3
18,6,18,30.5,1,1,2,8,2
12,2,12,23.4,1,1,2,3,3
21,5,21,16.4,0,0,2,19,13
11,0,11,26.0,1,0,7,34,16
17,0,17,32.3,1,1,0,13,0
23,5,23,22.2,1,1,5,11,5
0,3,0,13.7,1,0,2,5,8
10,5,10,17.3,1,1,7,71,17
19,0,19,15.0,0,1,2,21,2
15,5,15,31.3,1,1,1,27,2
16,1,16,13.7,1,0,0,8,0
15,2,15,20.5,0,0,43,39,17
14,2,14,27.2,1,0,9,21,17
1,0,1,15.2,1,0,2,4,4
10,4,10,21.8,1,1,12,23,4
6,5,6,13.2,1,1,0,16,0
6,6,6,12.3,1,1,1,18,0
18,3,18,16.9,1,0,2,15,3
7,2,7,13.6,1,1,2,12,3
7,3,7,15.2,1,1,0,16,0
7,1,7,8.9,1,1,2,23,2
19,5,19,28.7,0,1,0,61,0
0,6,0,20.8,0,0,3,5,0
13,5,13,16.7,0,0,0,14,0
19,5,19,25.7,1,1,2,0,2
6,0,6,13.6,1,1,2,2,3
16,4,16,20.2,1,0,9,41,27
7,4,7,10.3,1,1,2,36,2
11,1,11,9.2,1,0,0,9,1
9,1,9,5.1,0,0,0,2,0
8,1,8,2.5,1,0,1,2,1
20,3,20,19.3,0,0,2,8,2
13,6,13,15.0,0,0,2,13,3
17,0,17,26.3,0,0,16,20,1
19,2,19,26.7,0,0,0,0,0
21,1,21,4.3,0,0,2,13,3
14,2,14,30.9,1,1,1,16,2
15,2,15,30.3,1,1,3,5,0
12,1,12,21.0,1,1,1,2,2
19,3,19,11.2,0,0,2,8,3
19,3,19,30.0,1,1,2,1,3
23,6,23,20.8,0,0,1,2,0
22,2,22,25.4,1,1,6,18,20
9,2,9,13.5,1,1,2,18,2
9,6,9,18.5,1,1,2,19,13
6,0,6,14.5,1,1,4,10,15
7,0,7,13.4,1,1,2,23,2
7,0,7,12.1,1,1,2,2,3
8,6,8,17.2,1,0,17,11,14
22,5,22,22.4,0,1,1,17,0
17,3,17,29.3,1,1,0,27,0
23,0,23,17.0,0,1,0,0,0
15,2,15,20.9,1,0,2,2,3
14,1,14,28.1,1,1,2,13,2
11,3,11,19.1,1,1,0,21,0
21,2,21,21.1,1,1,0,8,0
15,2,15,36.9,1,1,1,2,2
21,5,21,19.5,0,0,0,15,0
22,4,22,15.5,1,1,2,7,3
12,2,12,27.3,1,0,2,6,3
7,1,7,14.4,1,1,2,23,2
10,4,10,24.3,1,1,2,13,2
19,0,19,25.2,1,1,16,20,1
13,6,13,22.2,0,1,2,14,3
9,6,9,18.8,1,1,22,37,4
16,5,16,25.7,1,1,2,13,3
13,5,13,19.1,1,1,1,13,0
15,2,15,29.9,1,1,2,44,2
23,5,23,18.4,0,1,1,9,1
9,4,9,6.2,0,0,26,47,10
23,1,23,12.6,1,0,2,31,13
15,3,15,33.5,1,0,7,34,16
11,6,11,22.4,1,1,2,14,2
19,1,19,13.6,0,0,0,9,1
1,0,1,17.3,1,0,11,25,6
9,4,9,19.4,1,1,2,7,3
18,3,18,23.4,1,1,2,13,2
8,3,8,10.8,1,1,2,3,2
9,0,9,9.8,1,0,7,34,36
9,5,9,26.1,1,1,7,6,55
22,3,22,20.5,1,1,2,23,2
19,4,19,10.0,0,0,2,27,2
10,4,10,27.4,0,0,0,1,0
8,2,8,20.8,1,1,21,11,5
19,0,19,27.6,1,1,1,18,2
7,2,7,14.1,1,1,3,5,13
22,5,22,15.0,1,1,19,32,15
10,3,10,18.8,1,1,5,11,5
18,4,18,28.3,1,1,16,20,3
15,0,15,31.6,1,1,2,44,2
3,1,3,12.5,1,0,17,11,14
19,5,19,25.3,1,0,7,69,17
14,0,14,27.3,1,1,0,13,1
19,4,19,25.4,1,1,16,20,3
9,0,9,16.8,1,0,7,34,16
19,3,19,14.8,1,1,0,18,2
11,1,11,28.8,1,1,2,40,3
20,3,20,23.0,0,1,0,0,0
19,6,19,18.0,1,0,0,40,0
14,6,14,32.5,1,1,1,2,2
12,6,12,12.3,0,0,2,1,3
12,5,12,24.9,0,0,2,13,3
22,3,22,21.9,1,1,2,5,2
23,2,23,18.7,0,0,0,27,0
14,0,14,29.5,1,1,5,11,5
12,6,12,26.4,0,0,2,23,2
22,2,22,22.2,0,1,2,0,2
7,3,7,12.6,1,1,3,5,13
14,3,14,14.0,1,0,3,5,0
14,0,14,21.9,0,1,74,51,24
17,5,17,17.0,0,0,1,2,0
23,1,23,17.2,1,1,6,18,21
11,3,11,12.8,0,0,2,8,3
17,6,17,15.8,0,0,2,8,3
14,1,14,28.9,1,1,0,15,0
16,2,16,18.7,0,1,2,14,3
12,0,12,24.6,1,0,24,58,5
10,5,10,23.6,0,1,1,18,0
7,1,7,11.1,1,1,31,64,33
6,1,6,11.7,1,1,4,10,2
17,2,17,26.9,1,1,1,2,0
10,2,10,8.2,1,0,1,9,1
12,0,12,27.7,1,1,2,2,2
17,6,17,32.3,1,1,2,8,2
8,0,8,17.2,1,1,2,0,3
11,6,11,12.8,0,0,2,13,3
8,1,8,16.1,0,1,20,33,5
7,6,7,12.9,1,1,2,36,2
19,3,19,26.4,1,1,16,20,3
7,6,7,13.4,1,1,1,13,1
10,4,10,25.8,1,1,2,7,3
19,4,19,23.6,1,1,2,2,3
11,1,11,18.5,1,1,2,13,2
22,0,22,21.2,0,1,0,13,0
8,6,8,8.0,0,0,2,6,3
18,5,18,21.6,0,0,0,21,0
13,1,13,22.3,0,0,3,5,0
10,0,10,21.4,1,1,0,21,0
5,5,5,13.3,0,0,16,20,0
4,5,4,12.9,0,0,3,5,13
9,0,9,6.5,0,0,31,64,40
19,2,19,23.6,1,1,2,1,2
23,2,23,20.5,0,1,2,10,2
11,1,11,25.3,1,1,0,36,0
13,2,13,17.3,0,0,0,14,0
14,1,14,29.6,1,1,16,20,3
18,4,18,27.9,1,1,0,2,0
9,5,9,23.1,1,1,7,13,27
23,2,23,25.8,1,1,2,26,4
22,4,22,22.6,1,1,25,11,13
11,5,11,13.6,1,0,0,8,0
11,1,11,23.8,1,1,11,25,11
19,2,19,22.5,1,0,1,2,0
10,1,10,24.3,1,1,6,18,6
14,4,14,17.5,1,0,1,20,1
20,4,20,9.5,0,0,19,32,15
13,4,13,10.1,0,0,2,8,3
21,0,21,22.2,1,1,16,20,0
13,1,13,18.6,1,0,16,20,2
16,1,16,19.9,1,0,1,8,1
18,2,18,26.0,0,0,1,5,0
9,5,9,25.4,1,1,2,31,13
21,2,21,18.1,1,1,0,14,0
7,6,7,13.0,1,1,2,15,3
19,3,19,9.1,0,0,0,6,1
6,3,6,-0.6,1,0,2,0,3
21,6,21,23.8,1,1,2,26,4
5,1,5,9.8,1,0,2,7,3
11,6,11,16.3,0,0,2,2,2
18,6,18,28.7,1,1,0,8,0
3,6,3,18.3,0,0,11,25,6
16,5,16,35.7,0,1,0,28,0
11,4,11,26.2,1,1,2,8,3
4,6,4,13.9,0,0,0,1,0
15,1,15,20.7,0,0,1,3,1
20,0,20,18.5,1,1,2,23,2
7,0,7,12.9,1,1,2,12,2
3,4,3,11.8,1,0,34,10,12
6,6,6,15.3,1,1,0,10,0
18,0,18,31.3,1,1,2,0,3
1,3,1,17.2,0,0,0,3,0
10,0,10,22.6,1,1,2,7,2
12,1,12,30.7,1,1,2,23,2
4,4,4,9.7,0,0,17,3,14
16,6,16,30.7,1,1,0,7,0
18,0,18,25.9,1,1,2,13,3
12,3,12,17.1,1,0,2,0,3
15,6,15,30.5,1,1,1,0,1
13,2,13,27.4,1,1,9,41,38
15,6,15,29.7,1,1,2,52,2
16,3,16,27.2,1,0,5,11,5
17,0,17,27.0,1,1,2,40,2
13,4,13,31.6,1,1,2,13,2
15,2,15,26.9,0,1,2,0,3
0,6,0,11.1,0,0,2,58,3
11,4,11,27.8,1,1,2,12,2
17,1,17,16.3,1,0,0,27,1
18,5,18,15.5,1,0,2,7,2
18,3,18,14.8,1,1,2,13,2
19,4,19,22.5,1,1,2,2,2
6,5,6,10.3,1,1,1,6,1
10,5,10,24.7,1,0,2,6,2
13,5,13,30.7,1,1,2,6,2
16,0,16,14.1,0,0,2,14,3
12,6,12,28.2,1,1,2,0,2
15,2,15,36.7,1,1,2,44,2
23,6,23,14.8,0,1,0,18,0
14,0,14,30.9,0,1,2,13,2
21,2,21,8.4,0,0,2,44,2
11,1,11,8.1,0,0,1,18,2
12,2,12,13.3,0,0,2,13,3
15,0,15,28.6,1,1,2,14,2
20,5,20,20.3,0,0,2,6,3
19,5,19,26.1,1,1,2,6,3
17,6,17,29.2,1,1,0,0,0
9,5,9,7.6,1,0,2,19,4
16,2,16,33.1,1,1,2,13,2
7,3,7,14.3,1,1,2,23,2
13,5,13,31.8,1,1,2,23,2
16,3,16,21.9,0,1,7,34,16
14,4,14,25.1,1,1,2,0,2
18,1,18,28.7,1,1,2,6,2
19,4,19,11.1,0,0,2,14,2
20,5,20,21.8,0,0,1,0,0
21,5,21,9.3,1,0,13,53,8
21,6,21,22.0,1,1,0,10,1
15,5,15,32.2,0,1,6,18,6
23,3,23,13.2,0,1,2,7,2
15,5,15,27.7,1,1,2,44,2
19,0,19,22.1,1,0,7,79,93
17,2,17,19.6,1,0,2,8,3
11,5,11,23.0,1,1,2,11,4
12,5,12,31.9,1,1,0,14,0
23,4,23,19.1,1,1,13,53,8
10,5,10,24.4,1,1,5,11,5
13,6,13,29.0,1,1,2,8,2
14,0,14,31.2,0,2,7,34,16
7,4,7,11.8,1,1,2,36,2
20,3,20,17.1,1,0,1,14,1
21,3,21,21.2,1,1,0,10,1
8,5,8,9.9,1,0,2,13,3
21,4,21,23.6,1,1,4,10,2
15,0,15,33.2,1,1,0,15,0
21,1,21,13.0,0,0,2,7,3
22,0,22,4.4,1,0,21,11,5
7,6,7,13.1,1,1,16,20,3
9,2,9,19.4,1,1,2,13,2
6,2,6,12.5,1,1,0,0,0
14,4,14,29.6,1,1,2,14,3
15,5,15,30.9,1,1,2,3,3
18,0,18,19.3,0,0,1,14,1
9,5,9,25.6,1,1,2,12,2
6,3,6,11.7,1,1,2,9,3
15,1,15,31.2,1,1,3,5,0
12,5,12,26.3,1,1,1,6,2
12,5,12,21.4,1,1,2,20,2
14,1,14,24.5,0,1,2,2,2
6,5,6,13.2,1,1,1,5,0
18,6,18,25.6,0,0,6,18,6
11,1,11,28.9,1,1,2,16,2
6,0,6,13.8,1,1,2,8,2
13,4,13,10.9,0,1,7,40,55
8,2,8,10.1,1,1,2,14,3
7,0,7,10.6,1,1,2,36,2
19,1,19,23.2,1,1,0,1,1
0,6,0,18.9,0,0,11,25,6
8,2,8,13.1,1,1,21,11,5
17,0,17,30.6,0,0,0,23,2
8,6,8,17.9,1,1,2,3,2
0,6,0,9.9,1,0,11,25,6
20,5,20,16.5,0,0,18,31,13
15,1,15,30.5,1,1,1,0,0
11,4,11,29.4,1,1,0,9,1
19,2,19,16.2,0,0,0,15,0
19,0,19,26.3,0,0,2,13,2
14,2,14,11.4,0,0,1,20,1
15,5,15,22.7,1,0,32,125,35
17,3,17,14.7,0,0,2,18,2
18,3,18,17.1,1,0,2,13,2
23,6,23,17.2,1,1,2,68,4
23,3,23,17.0,1,1,13,26,10
9,3,9,15.5,1,0,6,18,6
20,2,20,30.6,1,1,0,15,0
12,0,12,26.5,1,1,0,9,0
15,6,15,31.5,1,1,3,5,0
16,2,16,29.2,1,0,1,2,1
7,5,7,13.5,1,1,2,14,2
16,4,16,29.4,1,1,1,8,1
8,2,8,19.2,1,1,2,0,2
20,1,20,21.1,0,0,18,31,4
23,1,23,14.7,1,1,2,11,4
12,0,12,11.8,0,0,16,134,0
16,5,16,31.8,1,1,2,23,2
8,3,8,14.6,1,1,9,28,19
13,3,13,22.5,1,0,1,9,0
8,5,8,20.9,1,1,1,13,1
9,4,9,20.4,1,1,0,28,0
11,1,11,23.9,0,0,2,8,3
16,4,16,30.9,1,1,24,11,5
9,3,9,15.3,1,1,1,17,0
13,0,13,18.5,0,0,2,5,13
11,1,11,29.2,1,1,0,36,0
6,6,6,7.9,0,0,25,11,13
19,5,19,13.3,1,0,7,69,17
15,2,15,21.3,0,0,1,13,2
11,4,11,15.7,1,1,2,6,3
6,3,6,15.7,1,1,0,10,1
21,2,21,10.5,0,1,2,13,3
4,6,4,-0.6,1,0,8,11,8
7,3,7,8.1,1,1,16,20,3
22,1,22,7.9,0,0,1,8,2
10,2,10,22.5,1,1,2,0,2
22,0,22,17.2,0,1,1,9,2
14,4,14,12.5,1,0,5,11,5
13,5,13,26.5,0,0,0,0,0
7,1,7,14.5,1,1,2,12,3
13,6,13,32.8,1,1,2,50,2
12,1,12,9.3,1,0,2,11,4
14,3,14,26.4,0,1,0,28,0
0,2,0,7.0,1,0,11,25,6
13,3,13,13.8,1,0,2,10,2
7,1,7,12.0,1,1,2,8,2
21,4,21,22.2,0,1,2,13,2
16,4,16,19.9,1,0,2,15,3
10,1,10,23.6,1,1,2,30,2
6,3,6,15.0,1,1,0,23,2
11,5,11,26.1,0,0,0,20,0
15,0,15,32.5,1,1,0,40,0
9,6,9,13.6,0,0,0,2,0
12,3,12,13.9,1,0,7,34,36
18,0,18,34.5,1,1,2,14,2
22,5,22,23.6,1,1,19,32,15
13,6,13,14.8,0,1,7,88,17
10,1,10,18.8,0,1,2,70,4
23,5,23,15.8,1,1,0,20,0
17,5,17,31.1,0,0,2,61,2
12,1,12,27.4,1,1,0,3,2
8,0,8,14.9,1,1,1,13,2
16,5,16,27.6,0,0,0,36,0
9,4,9,15.4,1,1,2,35,2
3,6,3,14.0,1,0,11,25,11
13,1,13,23.8,1,1,0,15,1
2,3,2,19.8,1,0,11,25,6
10,3,10,18.5,1,1,2,14,2
12,1,12,9.7,0,0,7,39,55
15,2,15,11.7,0,0,0,36,0
14,6,14,31.0,1,1,0,21,0
11,4,11,22.0,1,1,2,2,2
11,2,11,27.1,1,1,2,8,3
21,5,21,11.6,0,0,2,13,2
4,0,4,9.2,0,0,0,134,0
2,5,2,13.7,0,0,2,7,3
18,6,18,31.6,1,1,2,0,2
14,0,14,16.9,1,0,3,5,0
21,4,21,12.9,1,1,26,47,10
14,2,14,26.2,0,0,2,8,3
17,6,17,32.2,1,1,4,10,5
14,1,14,23.5,0,0,0,10,1
19,3,19,25.8,1,1,9,119,48
13,5,13,30.5,1,1,0,23,2
18,4,18,28.6,1,1,0,9,0
17,0,17,15.4,1,0,1,60,1
21,0,21,19.3,1,0,0,27,0
21,2,21,11.3,0,0,0,6,0
6,1,6,11.9,1,1,2,2,3
14,3,14,22.3,1,1,7,34,36
23,5,23,5.0,1,0,2,48,4
17,6,17,32.5,1,1,2,13,3
22,6,22,19.9,1,1,19,32,15
18,2,18,14.5,0,0,0,23,0
22,2,22,5.4,0,0,2,2,3
21,2,21,15.2,0,1,2,0,2
15,2,15,21.2,0,0,2,6,3
16,1,16,27.6,1,0,2,23,3
23,2,23,16.4,1,1,2,48,13
9,0,9,12.0,1,3,7,34,43
10,6,10,15.6,1,1,0,21,0
12,1,12,18.8,0,0,6,18,6
14,4,14,27.0,1,1,2,12,2
23,1,23,18.6,0,1,0,18,0
13,3,13,28.0,1,1,2,14,3
10,1,10,24.3,1,1,1,0,2
14,0,14,18.3,1,1,5,11,5
15,3,15,15.7,1,0,2,3,3
13,0,13,28.0,1,1,2,20,13
15,6,15,30.7,1,1,3,5,0
17,4,17,30.5,1,1,2,0,2
16,1,16,29.4,1,1,4,72,2
9,1,9,21.7,1,1,0,9,0
19,5,19,31.9,1,1,0,2,0
13,3,13,23.5,1,1,0,21,0
12,0,12,26.2,1,1,33,8,3
20,2,20,19.5,0,0,1,9,0
6,1,6,14.8,1,0,2,8,2
14,4,14,24.7,1,1,1,16,2
7,0,7,7.5,1,1,2,9,3
17,1,17,9.7,0,0,0,2,0
19,3,19,22.1,0,1,2,28,2
11,0,11,24.7,1,1,2,6,2
14,6,14,24.4,0,0,4,10,4
16,6,16,21.5,0,0,2,10,2
7,4,7,12.6,1,1,2,13,3
9,5,9,3.4,1,0,2,9,3
13,4,13,28.1,1,1,0,23,2
20,0,20,13.1,0,0,1,13,0
12,0,12,27.0,1,1,0,13,0
7,6,7,14.2,1,1,2,13,2
16,2,16,29.2,0,0,0,40,0
18,3,18,12.8,1,0,1,6,1
3,1,3,8.8,0,0,3,5,13
11,4,11,27.0,0,0,9,39,17
13,1,13,27.6,0,1,2,4,4
12,6,12,27.5,1,1,2,12,2
18,5,18,29.9,1,1,2,13,2
23,0,23,23.4,0,1,4,10,2
16,2,16,34.9,1,1,9,105,58
1,5,1,17.5,1,0,11,25,6
12,2,12,14.0,1,0,2,8,2
18,0,18,23.3,1,0,2,8,3
6,5,6,13.1,1,1,2,6,2
9,2,9,20.0,1,1,2,0,2
13,1,13,29.6,1,0,13,26,10
13,0,13,16.8,0,0,1,27,0
16,0,16,27.7,0,0,2,16,2
8,0,8,12.5,1,1,17,11,18
15,2,15,28.6,1,1,1,2,0
18,2,18,17.6,1,1,0,27,0
16,3,16,25.1,0,0,2,16,2
8,3,8,13.9,1,1,2,13,2
7,5,7,11.5,1,1,2,15,2
16,6,16,33.9,1,1,2,44,2
21,3,21,15.6,0,1,2,9,3
10,3,10,20.7,1,1,0,21,0
20,1,20,13.8,0,0,2,2,2
14,3,14,30.5,0,0,2,18,2
3,4,3,6.3,0,0,16,20,3
19,2,19,19.4,0,0,0,9,1
14,0,14,22.9,0,1,7,88,17
9,1,9,19.4,0,1,1,0,0
17,6,17,26.9,1,1,1,60,1
13,3,13,13.0,1,0,0,20,0
6,0,6,14.3,1,1,2,6,2
22,5,22,12.1,0,0,0,6,1
3,0,3,12.3,0,0,17,23,14
8,5,8,15.9,1,1,2,44,2
4,0,4,15.4,1,0,0,8,0
11,6,11,28.2,1,1,2,11,13
20,3,20,22.5,0,1,0,13,0
11,3,11,12.6,1,0,2,136,13
14,0,14,30.9,0,0,2,13,3
13,1,13,16.0,1,0,0,6,1
1,4,1,16.9,0,0,1,0,0
6,1,6,8.9,1,1,1,2,0
7,0,7,14.3,0,0,25,62,13
17,3,17,24.0,1,0,16,20,3
11,5,11,22.2,0,1,2,13,3
12,5,12,26.4,1,1,2,3,3
11,6,11,22.3,1,0,0,28,1
12,5,12,11.3,0,0,1,40,0
14,3,14,19.3,1,0,2,13,2
13,4,13,15.9,1,1,16,20,2
15,2,15,18.9,0,1,1,0,0
11,6,11,16.3,0,0,2,29,4
12,1,12,23.9,1,0,2,13,3
11,1,11,28.5,1,1,7,86,17
15,3,15,32.0,1,1,2,58,2
6,4,6,15.3,1,1,4,10,15
21,5,21,15.8,0,0,2,7,3
4,0,4,4.7,1,0,2,1,3
17,5,17,12.2,1,0,2,15,3
18,5,18,14.4,0,0,7,28,44
10,4,10,21.9,1,1,2,16,2
11,2,11,18.4,1,0,7,99,37
14,6,14,27.1,0,1,2,21,2
6,5,6,-1.3,0,0,25,11,13
11,4,11,25.8,1,1,1,36,0
14,6,14,15.0,1,0,1,20,1
13,6,13,29.9,1,1,2,8,3
16,0,16,21.1,1,0,2,6,3
17,1,17,9.1,0,0,2,18,2
7,1,7,11.2,1,1,0,6,1
23,6,23,13.1,1,0,16,20,0
11,0,11,11.4,1,0,2,11,13
14,6,14,17.1,0,2,2,50,3
22,1,22,19.6,0,1,2,58,2
7,4,7,10.6,1,1,2,6,2
5,2,5,9.3,1,0,2,1,3
6,0,6,14.5,1,1,2,2,3
15,2,15,11.5,0,0,5,39,5
9,2,9,25.2,1,1,7,69,17
1,5,1,4.8,0,0,1,6,1
21,0,21,21.2,0,1,2,7,3
6,4,6,12.2,1,0,11,25,11
4,0,4,13.7,1,1,1,6,1
13,3,13,19.9,0,0,6,18,21
11,5,11,26.6,1,1,0,0,0
7,2,7,13.3,1,1,0,15,0
11,6,11,26.4,1,1,0,12,0
21,1,21,21.1,1,1,4,10,2
17,2,17,19.7,0,0,16,20,3
13,6,13,20.8,0,1,2,0,3
7,3,7,7.6,1,1,21,11,5
12,1,12,24.9,1,1,2,0,2
4,1,4,13.6,1,0,2,8,2
9,0,9,20.3,1,1,2,13,3
17,6,17,29.0,1,1,2,2,3
23,6,23,16.7,0,0,11,25,6
15,5,15,23.3,1,0,9,16,9
9,4,9,19.2,1,1,2,31,13
7,2,7,14.2,1,1,0,18,0
23,0,23,12.8,0,0,0,10,0
17,5,17,33.2,1,1,2,2,3
18,2,18,20.8,1,0,4,10,4
12,3,12,29.5,1,1,2,0,2
10,0,10,21.0,1,1,0,13,0
13,0,13,28.7,0,0,2,44,2
21,2,21,23.3,1,1,7,9,7
16,5,16,31.1,1,1,1,27,1
12,6,12,12.3,0,0,1,14,1
6,0,6,6.8,0,0,2,68,13
13,2,13,7.8,1,0,2,14,3
16,5,16,19.1,0,0,2,0,3
4,5,4,1.7,0,0,11,25,11
16,5,16,36.4,1,1,9,82,28
9,1,9,14.0,1,1,4,10,2
15,2,15,29.9,1,1,1,6,2
16,2,16,31.6,1,1,2,30,2
9,5,9,17.1,1,1,7,69,17
14,0,14,15.5,1,0,1,14,2
15,5,15,27.1,1,0,2,58,3
22,2,22,6.5,0,0,1,8,1
7,4,7,9.8,0,1,25,11,13
13,6,13,28.2,1,1,0,23,2
22,2,22,5.3,0,0,2,9,3
16,4,16,35.8,1,1,0,3,2
12,6,12,25.1,1,1,2,8,3
6,4,6,14.9,1,1,1,27,2
10,0,10,25.4,1,1,1,0,2
11,1,11,22.6,1,1,9,41,19
8,4,8,16.8,1,1,2,44,3
6,1,6,14.6,1,1,2,0,3
13,2,13,19.4,0,0,2,2,3
10,2,10,21.0,1,1,0,28,1
16,6,16,15.2,1,0,2,18,2
16,1,16,25.7,1,0,1,8,0
13,6,13,10.9,1,0,2,9,3
19,3,19,24.8,1,1,0,2,0
7,3,7,10.6,1,1,2,12,3
2,5,2,0.7,0,0,11,25,6
0,5,0,4.3,1,0,11,25,6
18,0,18,30.5,1,1,2,14,3
13,5,13,30.7,1,1,0,23,2
19,0,19,26.9,1,1,2,20,2
7,6,7,11.9,1,1,2,12,2
7,3,7,11.7,1,1,2,15,3
8,6,8,14.9,1,1,2,8,3
21,4,21,4.5,1,0,2,10,2
10,2,10,23.8,1,1,0,21,0
12,5,12,14.2,1,0,2,10,2
12,4,12,17.0,0,0,6,18,6
14,3,14,24.8,1,1,2,15,2
22,4,22,19.7,1,1,2,9,2
3,4,3,8.2,0,0,3,5,13
13,0,13,16.5,0,0,2,8,3
17,3,17,33.3,0,0,7,34,16
12,2,12,32.4,1,0,32,93,35
21,1,21,21.1,1,1,2,23,2
12,4,12,31.1,1,1,0,2,0
7,6,7,11.9,1,1,2,12,2
15,3,15,30.9,1,1,0,2,1
15,0,15,21.3,0,0,7,63,39
20,4,20,17.4,0,1,1,3,0
12,5,12,10.8,0,0,0,14,0
14,6,14,22.8,1,0,8,11,8
3,6,3,17.0,1,0,11,25,11
19,6,19,25.0,1,1,2,0,3
9,1,9,18.0,1,0,7,2,17
3,4,3,12.6,0,0,11,25,6
2,1,2,9.1,0,0,11,25,6
9,1,9,23.2,1,1,7,73,17
9,5,9,18.1,1,1,4,10,2
2,5,2,10.8,1,0,7,9,17
23,2,23,19.8,0,1,1,0,0
20,0,20,19.2,0,0,2,44,2
8,2,8,7.3,1,0,6,18,21
12,6,12,17.0,1,1,10,24,10
16,2,16,12.9,1,0,2,15,3
18,1,18,21.3,1,0,2,0,3
14,1,14,20.2,1,0,2,6,2
22,3,22,21.4,1,1,20,33,5
21,5,21,23.3,1,1,25,11,13
8,1,8,15.6,1,1,2,7,3
22,4,22,19.3,0,0,0,27,0
10,0,10,22.8,0,0,2,8,2
22,4,22,18.2,0,1,0,2,1
8,0,8,17.1,1,0,7,34,16
14,4,14,14.9,0,1,2,3,3
1,3,1,18.5,1,0,2,4,4
10,1,10,21.3,1,0,2,0,3
20,4,20,32.7,1,1,0,0,0
16,1,16,32.2,1,1,1,27,1
16,6,16,19.0,1,1,2,15,2
17,0,17,31.0,1,1,2,44,2
22,4,22,17.7,0,1,0,13,0
14,5,14,29.9,1,1,6,18,6
5,4,5,15.3,1,0,4,10,15
7,3,7,13.2,1,1,2,2,2
13,0,13,22.6,0,0,3,5,0
1,3,1,17.2,0,0,2,20,3
20,4,20,26.0,0,0,2,40,2
18,4,18,28.5,1,1,16,20,3
17,6,17,24.0,0,0,0,7,1
5,0,5,13.7,1,1,0,6,1
15,5,15,31.6,0,1,0,16,1
11,1,11,21.0,1,1,2,14,3
3,6,3,6.1,1,0,2,11,4
22,6,22,19.9,1,1,2,7,2
10,0,10,24.2,1,0,7,34,16
6,5,6,14.9,0,0,2,48,13
7,3,7,12.2,1,1,3,5,13
17,1,17,28.4,1,1,2,18,2
13,3,13,24.7,1,0,0,0,1
16,3,16,22.2,0,1,7,69,17
10,1,10,19.4,1,1,6,18,6
2,5,2,13.2,1,0,11,25,6
15,2,15,29.7,1,1,4,72,2
5,5,5,3.1,1,0,2,6,3
8,4,8,12.0,1,1,2,44,2
7,1,7,8.6,1,1,2,0,3
13,5,13,30.4,0,0,2,39,13
11,4,11,27.7,1,1,7,45,17
12,3,12,28.2,0,1,2,36,2
23,2,23,3.1,1,0,17,11,14
8,5,8,12.5,1,0,2,28,3
4,6,4,13.6,1,0,17,11,5
11,3,11,17.4,0,0,0,14,0
10,6,10,6.5,0,0,2,40,2
14,2,14,28.2,1,1,2,10,2
6,3,6,7.3,0,0,26,47,10
20,1,20,14.5,1,0,0,18,0
18,1,18,30.3,0,1,0,36,0
19,5,19,29.7,1,1,1,9,2
17,2,17,20.1,0,0,0,23,0
6,0,6,12.4,0,1,25,11,13
18,2,18,24.2,1,1,1,60,1
20,5,20,7.2,0,0,16,20,1
19,4,19,28.2,1,1,2,13,2
2,1,2,12.0,1,0,2,4,4
11,6,11,12.7,0,0,2,23,3
18,2,18,24.0,1,0,0,6,1
18,2,18,13.2,0,0,2,15,2
8,0,8,18.7,1,1,0,36,0
10,1,10,24.4,1,1,2,13,3
23,5,23,16.6,1,0,2,31,13
22,4,22,6.4,0,0,11,25,6
18,1,18,12.6,0,0,0,14,0
0,0,0,21.1,0,0,0,6,1
6,2,6,6.4,1,1,2,2,2
13,6,13,11.4,0,0,4,10,4
11,5,11,24.8,1,1,0,0,0
19,3,19,25.7,0,1,2,16,2
18,5,18,29.0,1,0,2,13,2
14,0,14,32.6,1,1,9,41,9
0,1,0,8.4,1,0,11,25,6
12,2,12,25.1,0,1,1,27,1
13,4,13,22.2,0,1,7,69,17
6,3,6,14.6,1,1,4,10,15
12,5,12,22.9,1,1,0,8,1
17,3,17,28.7,1,1,2,5,13
13,3,13,15.3,0,0,0,3,1
23,5,23,22.7,1,1,25,11,13
20,2,20,29.9,1,1,2,7,2
14,4,14,14.9,1,1,3,5,0
9,6,9,13.8,1,1,4,10,2
12,0,12,11.5,0,0,2,14,2
15,6,15,33.8,1,1,2,44,2
14,6,14,33.5,1,1,2,8,3
18,2,18,25.4,1,1,16,20,1
18,2,18,12.2,1,0,1,60,1
7,4,7,9.5,1,1,0,0,0
16,5,16,29.8,1,1,2,2,3
13,1,13,26.8,1,1,5,11,5
15,3,15,25.7,1,1,9,39,16
6,2,6,6.6,1,0,0,0,0
13,5,13,24.5,0,1,0,21,0
17,6,17,23.7,1,0,2,6,2
14,3,14,9.6,1,0,16,20,3
8,5,8,17.0,0,1,20,33,5
15,1,15,32.3,0,1,7,99,37
2,2,2,17.4,0,0,2,7,2
13,2,13,11.4,1,0,0,20,0
6,2,6,0.0,1,0,2,0,3
21,2,21,7.0,1,0,4,10,2
6,2,6,12.7,1,1,1,6,0
16,1,16,31.9,1,1,9,41,19
6,2,6,6.5,1,1,2,8,2
14,1,14,17.1,0,0,3,5,0
10,2,10,17.7,1,0,2,16,2
12,4,12,10.4,1,3,2,40,2
23,2,23,18.5,1,1,2,11,4
18,5,18,32.8,1,1,2,14,2
10,2,10,27.3,1,1,1,9,2
6,2,6,14.4,1,1,1,20,1
9,6,9,25.7,1,1,2,19,4
21,2,21,15.8,0,1,6,18,6
17,0,17,15.6,0,1,7,39,55
22,6,22,21.5,1,1,25,11,23
14,6,14,32.3,1,1,2,14,2
6,5,6,11.4,1,1,4,10,15
14,0,14,14.2,1,0,3,5,0
19,1,19,26.6,1,1,0,1,0
6,2,6,12.1,0,0,2,31,4
13,0,13,22.8,1,0,0,14,0
13,3,13,12.9,0,0,1,2,0
18,3,18,28.5,1,1,1,2,0
19,1,19,9.6,1,3,2,1,2
0,6,0,15.3,0,0,0,2,0
20,1,20,16.6,0,0,18,31,4
9,6,9,15.3,1,1,2,65,4
11,0,11,22.3,1,3,7,34,16
9,5,9,12.5,1,1,64,59,83
15,5,15,22.6,1,0,9,16,9
22,2,22,15.1,0,0,1,2,0
15,5,15,31.8,1,1,0,0,0
18,1,18,22.7,1,1,0,15,0
6,0,6,10.3,1,1,2,0,2
4,5,4,1.3,1,0,11,25,6
14,2,14,29.6,1,1,2,0,3
21,2,21,22.5,1,1,0,27,0
14,2,14,19.3,1,0,2,13,3
10,1,10,22.7,1,1,2,6,3
18,1,18,22.3,1,1,2,15,2
2,2,2,12.1,1,0,2,4,4
21,6,21,21.9,0,1,2,0,2
16,6,16,18.2,1,1,0,0,0
15,4,15,33.6,1,1,2,10,2
14,3,14,12.0,1,0,1,8,2
18,1,18,22.7,1,0,2,13,2
23,0,23,16.3,1,1,19,32,15
5,5,5,13.9,1,0,17,11,14
10,6,10,22.3,1,1,0,21,0
16,1,16,31.3,1,1,2,23,2
5,0,5,13.9,1,0,1,9,2
10,3,10,29.8,0,0,9,39,59
13,6,13,22.5,1,1,6,40,26
7,0,7,11.1,1,1,2,2,2
11,3,11,9.7,0,1,74,0,24
10,3,10,26.7,1,1,2,13,2
12,5,12,15.7,1,0,2,8,3
17,6,17,33.3,1,1,4,10,13
20,2,20,30.4,1,1,2,6,2
10,2,10,24.9,1,1,1,13,2
13,0,13,27.5,1,1,11,25,6
13,2,13,27.8,1,1,2,50,3
18,5,18,9.0,0,0,0,9,0
16,6,16,21.6,0,0,2,36,2
7,3,7,10.4,1,1,0,16,0
15,6,15,17.9,1,0,2,27,3
23,3,23,9.0,0,3,2,8,3
11,0,11,10.3,1,0,1,0,2
10,4,10,23.3,1,1,2,40,2
18,1,18,30.4,1,1,2,6,3
10,5,10,18.6,1,0,2,13,3
13,2,13,18.1,1,0,2,10,2
18,4,18,32.3,1,1,0,0,0
14,0,14,30.9,1,0,31,7,34
11,5,11,15.0,0,0,0,20,0
20,0,20,19.0,0,1,0,13,1
14,3,14,20.1,0,1,7,34,16
13,3,13,12.8,1,0,7,34,16
2,0,2,17.2,0,0,11,25,6
12,1,12,14.0,0,0,1,14,1
7,5,7,13.4,1,1,2,0,2
19,5,19,24.1,0,0,7,14,37
21,0,21,21.8,1,1,4,10,2
22,4,22,22.8,1,1,2,7,2
19,0,19,27.2,0,0,2,13,2
23,0,23,19.6,0,0,0,18,2
16,4,16,30.2,0,1,0,5,2
6,4,6,13.7,1,1,0,10,1
6,6,6,12.5,1,1,2,9,2
16,2,16,13.3,1,0,2,18,2
23,2,23,14.8,1,1,25,11,13
11,6,11,12.5,0,0,32,63,53
8,1,8,8.9,1,0,21,11,5
9,1,9,18.9,1,1,1,44,1
5,2,5,6.8,1,0,11,25,6
21,1,21,23.4,1,0,16,20,1
22,1,22,21.6,0,1,2,10,2
15,3,15,23.3,0,0,2,2,3
13,6,13,30.4,1,1,15,29,4
8,4,8,10.5,1,1,2,15,3
14,2,14,30.8,1,1,2,8,2
17,5,17,31.5,1,1,1,13,1
11,2,11,23.5,1,0,2,9,2
16,0,16,26.7,1,1,2,13,3
19,4,19,27.6,1,3,9,82,28
13,3,13,15.4,0,0,0,20,0
6,5,6,13.9,1,1,16,20,3
14,0,14,20.4,1,0,1,2,0
14,6,14,29.9,1,1,2,6,2
15,2,15,29.4,1,0,2,9,3
4,4,4,2.6,1,0,11,25,6
7,2,7,12.0,0,1,25,11,13
12,3,12,11.5,0,0,1,89,2
15,5,15,32.0,1,1,2,2,2
9,2,9,1.1,1,0,2,44,2
22,4,22,22.4,1,1,19,32,2
14,2,14,27.8,0,0,1,2,1
22,3,22,22.8,1,1,2,23,3
6,0,6,7.8,0,0,2,68,4
23,0,23,6.7,1,0,1,2,0
13,6,13,23.1,0,0,2,5,8
14,5,14,17.7,1,0,2,10,3
17,4,17,30.3,1,1,2,8,3
21,0,21,20.0,1,1,2,20,4
13,4,13,13.4,0,0,2,8,3
22,4,22,7.5,0,0,0,0,0
8,6,8,16.1,1,1,1,8,0
6,4,6,13.6,0,0,2,31,13
16,3,16,29.9,1,1,2,8,3
9,2,9,15.1,1,1,2,15,2
12,5,12,26.9,1,1,1,6,0
19,0,19,28.6,1,1,2,14,2
16,6,16,13.4,1,0,1,27,1
8,2,8,18.1,1,1,7,12,7
19,0,19,9.2,1,0,0,9,0
14,4,14,19.0,1,0,2,10,3
9,2,9,19.9,1,1,2,44,2
9,6,9,19.7,1,1,2,0,3
11,4,11,11.2,0,1,7,2,17
9,2,9,15.2,1,1,6,18,20
6,3,6,17.4,1,1,2,21,2
23,1,23,21.0,1,1,25,62,13
1,6,1,17.9,0,0,2,20,4
2,3,2,9.2,0,0,11,25,6
13,3,13,14.2,0,0,0,21,0
8,2,8,12.2,1,1,2,14,2
15,6,15,17.6,1,0,2,3,3
10,4,10,23.5,1,1,2,27,2
13,4,13,17.1,0,0,2,13,2
8,1,8,15.8,1,1,2,13,2
7,0,7,13.1,1,1,0,15,0
13,6,13,13.6,0,0,0,10,1
12,6,12,27.5,0,1,2,13,3
10,6,10,10.1,1,0,2,13,2
11,5,11,25.9,1,1,2,7,3
14,5,14,28.3,0,1,0,21,0
20,4,20,24.1,0,1,0,9,0
16,0,16,34.5,1,1,2,44,2
8,6,8,19.1,1,1,5,23,5
14,2,14,31.5,1,1,2,14,2
11,4,11,23.6,1,1,0,9,0
17,4,17,29.9,1,1,5,32,5
20,0,20,19.0,1,1,1,0,0
13,1,13,24.6,1,1,2,8,2
6,4,6,2.6,0,0,2,11,4
13,3,13,20.1,1,1,0,27,0
18,5,18,11.5,0,0,0,23,0
20,1,20,25.8,1,1,2,20,2
10,1,10,8.4,1,1,7,39,42
19,6,19,15.3,0,0,2,18,2
0,1,0,17.1,0,0,11,25,6
6,5,6,13.2,1,1,0,10,1
12,2,12,29.9,1,1,2,23,2
10,5,10,17.5,1,1,0,0,0
9,6,9,16.0,1,1,0,23,0
18,2,18,23.5,1,1,1,18,0
7,4,7,4.6,1,0,2,23,3
3,3,3,14.9,0,0,11,25,11
4,6,4,3.0,1,0,11,25,6
12,0,12,26.4,0,0,0,20,0
6,4,6,12.7,1,1,2,9,3
19,2,19,20.7,1,1,2,26,4
9,0,9,19.5,0,0,13,26,10
14,2,14,11.8,0,0,2,14,3
14,2,14,14.2,0,0,2,4,4
23,6,23,16.1,1,1,26,47,10
19,0,19,27.5,1,1,5,11,5
16,3,16,22.4,0,1,7,34,16
16,0,16,28.3,1,1,2,8,3
15,6,15,29.3,1,1,1,2,1
13,5,13,26.9,1,1,0,28,0
13,1,13,18.4,0,1,7,0,55
10,5,10,20.3,1,0,6,18,20
14,1,14,31.4,0,1,3,5,0
21,2,21,13.9,0,0,2,30,3
11,6,11,30.7,1,1,2,8,3
17,0,17,18.0,1,1,2,40,2
10,1,10,14.7,1,0,9,39,28
21,2,21,21.4,1,1,2,1,2
18,3,18,30.3,1,1,1,14,0
12,5,12,26.8,1,1,12,23,4
11,5,11,13.6,0,1,0,18,0
18,5,18,26.9,0,0,2,31,13
11,6,11,19.2,1,0,9,150,28
0,5,0,19.8,1,0,2,5,13
13,0,13,31.2,1,1,0,9,0
13,1,13,27.1,1,1,9,6,22
9,6,9,22.0,1,1,4,10,2
18,1,18,15.3,1,0,2,8,2
23,0,23,22.5,0,0,24,76,5
9,0,9,6.7,1,3,2,19,13
21,2,21,13.8,1,1,2,8,2
16,5,16,31.1,0,1,2,7,2
17,0,17,32.1,1,1,2,6,3
5,6,5,8.2,1,0,2,6,3
13,4,13,11.3,0,0,2,4,4
8,2,8,18.3,1,1,2,3,2
10,2,10,5.6,0,0,16,20,3
20,3,20,22.6,1,1,2,9,3
5,4,5,9.0,0,0,21,23,5
9,5,9,9.3,1,0,1,40,2
13,2,13,16.3,0,0,4,10,4
15,1,15,21.9,1,0,7,1,17
13,2,13,16.3,1,0,2,10,2
6,2,6,12.5,1,1,9,105,19
6,6,6,15.2,1,1,1,6,1
2,5,2,9.2,0,0,11,25,6
6,6,6,13.0,1,1,0,10,1
11,3,11,8.7,1,1,7,2,17
12,4,12,30.4,1,1,0,2,0
16,4,16,31.7,1,1,1,14,1
6,6,6,6.2,1,0,2,6,3
12,6,12,28.0,1,1,35,61,45
22,2,22,15.9,0,0,0,8,1
12,1,12,27.0,1,1,0,2,1
9,3,9,22.4,0,0,2,0,2
15,3,15,31.8,0,1,2,15,2
22,4,22,18.6,1,1,1,0,2
14,2,14,30.2,1,1,0,21,0
22,0,22,23.4,1,1,2,6,3
11,0,11,11.1,1,0,7,34,16
9,6,9,23.5,1,1,2,44,2
21,3,21,23.9,1,1,2,23,2
7,5,7,11.3,1,1,31,64,33
15,5,15,30.7,0,1,2,9,3
1,0,1,10.4,1,0,11,25,6
8,6,8,18.0,1,1,2,44,2
21,1,21,27.3,0,0,2,19,4
20,3,20,14.9,1,1,0,61,0
7,0,7,12.6,1,1,2,6,3
20,3,20,28.5,1,1,2,9,3
18,3,18,10.9,0,0,0,21,0
18,1,18,9.5,0,3,26,47,10
13,0,13,21.1,0,0,1,6,0
1,2,1,17.8,0,0,27,76,5
14,3,14,30.0,1,1,2,14,3
15,4,15,28.6,1,1,2,8,2
7,2,7,12.0,0,0,21,23,5
5,5,5,7.8,0,0,4,10,2
16,2,16,31.3,1,1,0,14,0
18,5,18,31.5,1,1,2,23,2
13,4,13,20.5,1,0,1,9,1
19,3,19,9.8,1,0,2,26,4
4,0,4,6.0,0,0,11,25,11
18,2,18,32.7,0,0,0,21,0
19,5,19,6.9,1,0,1,9,0
10,5,10,23.4,0,1,2,14,3
11,4,11,26.8,1,1,2,20,13
22,2,22,14.4,1,1,0,20,0
1,1,1,17.8,0,0,1,18,5
18,2,18,17.6,1,1,2,40,2
14,3,14,26.0,1,1,1,0,0
20,1,20,23.2,0,0,0,14,0
22,0,22,13.2,0,3,0,0,0
8,6,8,11.8,1,1,2,10,2
21,5,21,16.4,0,0,1,42,0
10,2,10,19.4,0,1,0,15,0
17,3,17,14.7,1,0,0,15,0
6,6,6,16.4,1,1,2,6,2
21,1,21,8.0,0,0,2,6,13
0,4,0,15.7,0,0,34,76,12
21,3,21,18.9,0,0,2,10,2
10,0,10,7.2,1,0,0,9,1
7,0,7,13.3,1,1,2,6,2
21,5,21,21.2,0,0,2,8,3
21,6,21,19.2,1,1,2,23,2
12,5,12,23.3,1,1,10,24,23
12,6,12,29.3,1,1,0,13,0
14,1,14,28.6,1,1,0,15,0
17,0,17,23.8,1,0,2,27,3
12,3,12,27.8,1,1,0,9,0
22,6,22,16.8,0,0,0,3,0
14,2,14,26.0,0,0,0,10,1
17,0,17,27.1,0,1,1,5,0
5,3,5,2.0,1,0,0,0,0
19,3,19,21.0,1,0,2,50,3
21,5,21,23.5,1,1,0,10,1
10,4,10,22.8,1,1,6,18,20
19,1,19,18.3,1,1,0,18,0
16,4,16,16.0,1,1,2,10,4
21,4,21,20.4,0,1,0,13,0
15,3,15,25.2,1,2,7,8,43
21,2,21,22.4,1,1,2,23,2
18,4,18,11.7,0,0,7,7,30
19,2,19,25.5,1,1,0,0,0
7,4,7,8.9,1,1,38,11,5
23,2,23,17.7,1,0,6,18,21
19,2,19,28.9,0,0,0,14,0
14,5,14,32.2,1,1,16,20,2
18,1,18,27.2,1,1,1,18,2
2,2,2,8.4,0,0,7,135,37
1,1,1,16.0,1,0,2,5,8
12,6,12,31.6,1,1,2,23,2
18,1,18,26.4,0,1,0,9,1
12,5,12,23.6,1,1,10,24,23
10,5,10,14.6,1,0,2,0,3
1,1,1,17.8,0,0,2,3,2
13,2,13,15.0,1,0,15,29,4
12,3,12,21.5,1,1,5,11,5
19,3,19,24.2,0,0,2,28,3
11,1,11,23.3,1,1,0,36,0
11,1,11,10.8,0,0,2,2,3
12,5,12,25.6,1,1,2,20,3
7,1,7,9.8,1,0,2,15,2
12,1,12,22.5,1,1,2,3,3
15,0,15,27.0,1,0,16,44,2
18,3,18,13.0,0,0,0,15,0
8,6,8,12.6,1,1,30,10,31
11,2,11,21.9,0,0,5,58,5
12,6,12,10.3,0,0,1,14,0
23,2,23,25.4,0,0,1,9,0
17,3,17,33.5,1,1,0,15,0
23,2,23,18.4,1,1,0,20,0
18,4,18,30.9,1,1,0,0,0
10,0,10,21.8,1,0,2,8,3
19,4,19,27.7,1,1,0,15,0
11,3,11,9.6,1,0,2,136,13
9,2,9,19.8,1,1,2,19,4
12,3,12,28.6,1,1,32,63,3
9,0,9,19.9,1,1,2,12,2
13,5,13,30.6,1,1,13,26,10
18,6,18,28.4,1,1,2,9,2
19,6,19,25.9,1,1,0,2,0
18,4,18,31.2,1,1,0,0,0
9,6,9,21.4,0,0,0,2,0
6,6,6,11.9,1,1,1,3,1
13,3,13,12.8,1,3,9,82,28
13,6,13,14.0,0,0,2,7,3
9,1,9,17.5,1,1,4,10,2
10,0,10,15.2,1,1,2,10,13
23,6,23,18.8,0,1,2,0,3
8,5,8,16.7,1,1,0,9,0
12,0,12,13.8,0,0,2,3,3
15,0,15,30.4,1,1,0,21,0
17,5,17,19.3,1,1,1,0,0
14,4,14,25.1,1,1,16,20,2
17,5,17,19.1,1,1,2,6,3
12,1,12,24.8,0,1,2,7,13
20,1,20,15.9,1,0,1,8,0
22,4,22,21.4,1,0,2,11,4
18,3,18,25.5,1,1,2,15,2
13,0,13,14.1,0,0,3,5,0
8,2,8,13.5,1,1,2,21,2
20,1,20,25.8,1,1,2,18,2
14,4,14,33.2,1,1,2,13,2
18,6,18,14.3,0,1,0,13,0
9,2,9,14.8,1,1,2,16,2
19,1,19,24.5,1,1,0,18,0
0,6,0,16.6,1,0,2,4,13
10,2,10,9.6,0,0,2,1,2
12,5,12,24.8,1,1,11,25,11
17,1,17,27.3,1,1,2,8,2
18,5,18,15.6,0,0,2,20,2
9,2,9,19.6,1,1,2,31,13
21,0,21,17.2,1,1,2,23,2
7,0,7,13.2,1,1,2,23,2
16,3,16,23.7,1,0,2,18,2
18,4,18,16.4,0,0,0,14,0
6,6,6,11.2,1,1,1,20,2
17,3,17,29.8,0,0,7,34,16
6,4,6,13.1,1,1,2,6,2
12,6,12,19.6,1,1,10,24,10
10,2,10,14.0,1,0,7,2,17
3,0,3,14.6,1,0,11,25,11
19,2,19,27.8,0,1,0,9,0
17,4,17,35.9,0,0,0,20,0
22,3,22,8.3,1,0,13,26,10
14,5,14,32.6,1,1,2,8,2
19,2,19,22.8,1,1,2,20,2
4,3,4,6.2,1,0,2,6,3
23,4,23,21.4,1,1,26,47,10
14,2,14,17.3,1,0,0,14,0
6,3,6,10.7,1,1,2,0,2
13,0,13,31.0,1,1,0,23,2
18,0,18,16.3,0,3,0,2,0
3,4,3,12.5,1,0,27,23,5
18,3,18,26.9,1,0,7,34,16
4,1,4,11.0,1,0,2,2,2
11,4,11,24.6,0,1,2,28,2
12,2,12,24.8,1,1,11,25,11
17,2,17,18.4,1,1,14,57,12
16,0,16,35.5,1,1,2,8,3
21,5,21,14.5,0,1,2,10,2
14,3,14,13.8,0,1,7,34,16
15,0,15,35.1,1,1,5,11,5
12,0,12,27.2,0,0,2,21,2
22,2,22,15.9,0,1,1,14,0
13,1,13,30.9,1,1,14,11,12
12,6,12,25.2,1,0,2,12,3
11,0,11,21.1,1,1,9,39,19
0,6,0,18.3,0,0,1,18,2
14,5,14,28.3,0,0,2,6,3
8,5,8,16.4,0,1,25,11,23
11,2,11,27.9,1,1,2,21,2
10,5,10,23.9,1,1,2,30,2
18,4,18,31.1,1,1,2,13,3
21,5,21,17.8,1,0,0,27,0
5,3,5,7.5,1,0,2,9,2
10,0,10,24.1,0,0,2,18,2
7,6,7,7.6,0,0,10,24,10
6,5,6,13.1,1,1,2,9,2
14,5,14,30.0,1,3,7,82,28
12,3,12,16.4,1,0,7,34,16
12,0,12,26.4,0,1,0,6,1
22,2,22,18.5,0,1,2,7,2
15,3,15,25.6,0,1,2,16,2
23,1,23,19.8,1,1,25,11,23
10,1,10,23.7,1,1,7,9,55
11,4,11,27.5,1,1,2,13,2
21,6,21,22.3,1,1,0,9,0
15,1,15,27.8,1,1,2,6,3
10,1,10,19.0,1,1,6,18,6
22,1,22,16.8,1,1,26,47,10
16,6,16,24.5,1,1,0,2,1
20,4,20,26.1,1,1,2,7,3
10,0,10,22.1,1,0,7,34,16
6,1,6,14.5,1,1,4,10,2
10,4,10,24.5,1,1,2,10,2
13,1,13,31.5,1,1,13,26,10
22,3,22,16.7,0,0,0,13,0
19,2,19,24.3,0,0,2,2,2
13,5,13,13.9,0,2,0,39,0
17,0,17,31.1,1,1,2,8,2
15,1,15,26.4,1,1,2,3,3
14,0,14,9.7,0,0,5,23,5
14,0,14,31.3,1,0,2,20,2
23,2,23,14.5,0,1,2,23,3
7,0,7,10.8,1,1,1,6,1
10,0,10,8.0,0,0,7,34,16
17,0,17,30.2,1,1,2,0,2
18,3,18,32.4,1,1,9,22,38
0,4,0,6.9,0,0,2,58,2
11,3,11,28.8,1,1,2,11,4
16,0,16,29.6,0,0,1,14,1
17,2,17,28.4,1,1,2,9,2
16,5,16,33.6,1,1,2,44,2
23,2,23,14.2,1,1,2,48,13
16,6,16,33.5,1,1,2,30,2
21,3,21,20.3,0,1,2,0,2
6,4,6,14.9,1,1,2,77,2
18,1,18,27.4,0,1,2,13,3
15,4,15,32.4,1,1,2,3,2
12,5,12,26.1,1,1,0,6,0
20,5,20,24.9,1,1,2,1,2
14,3,14,13.8,0,0,1,20,1
11,6,11,25.2,1,1,2,21,2
13,0,13,28.9,0,0,2,6,2
7,0,7,14.7,1,1,2,12,2
14,0,14,25.0,0,0,0,10,0
17,6,17,10.2,0,0,2,13,2
19,5,19,28.8,1,1,1,18,0
19,0,19,20.8,0,1,2,13,2
21,2,21,6.3,0,0,2,20,3
13,6,13,14.3,0,0,2,6,3
14,2,14,19.3,0,1,7,67,55
10,4,10,22.6,1,1,2,0,2
12,1,12,24.0,1,1,10,24,23
20,3,20,27.3,1,1,5,11,5
15,6,15,30.6,1,1,3,5,0
15,4,15,28.6,0,0,1,3,1
16,5,16,28.0,1,1,7,45,17
15,3,15,22.2,1,0,9,51,102
6,2,6,1.4,1,0,9,2,19
16,2,16,23.0,1,0,0,0,0
14,6,14,30.4,1,1,0,21,0
13,0,13,24.7,1,1,2,14,2
17,4,17,15.4,0,1,2,7,3
20,4,20,22.4,1,1,2,20,2
17,5,17,33.8,1,1,2,6,2
12,0,12,7.9,0,0,2,2,3
11,0,11,26.9,1,1,9,105,9
18,3,18,17.4,0,0,7,74,47
20,1,20,7.9,1,0,2,18,2
21,0,21,21.2,0,0,13,53,8
13,6,13,31.2,0,0,2,18,2
22,3,22,20.4,1,1,2,7,3
18,4,18,16.4,1,1,1,0,0
14,3,14,32.3,1,1,0,27,0
12,4,12,29.1,1,1,31,7,34
6,1,6,13.7,1,1,2,7,2
15,2,15,30.7,0,0,1,2,2
8,5,8,8.3,1,1,2,13,3
0,1,0,6.6,1,0,11,25,6
16,0,16,32.4,1,1,2,1,2
20,4,20,9.6,0,0,2,6,3
13,1,13,27.8,1,1,2,18,2
7,4,7,8.9,1,1,2,15,2
18,1,18,26.7,1,1,0,27,0
15,2,15,36.7,1,1,3,5,0
21,6,21,21.4,1,1,2,7,3
8,4,8,12.3,1,1,2,44,2
1,6,1,10.1,1,0,16,20,3
11,3,11,23.4,1,1,2,28,2
18,2,18,25.4,1,1,2,13,2
19,1,19,26.1,1,1,2,23,3
11,2,11,28.7,1,1,7,39,19
23,3,23,20.5,1,1,2,48,13
12,6,12,28.5,1,1,2,20,13
6,3,6,14.0,1,1,1,3,1
21,2,21,5.7,0,0,1,2,0
7,0,7,12.3,1,1,3,5,13
18,0,18,34.2,1,1,2,0,2
22,5,22,9.0,0,0,2,1,2
14,0,14,14.5,0,0,0,13,0
16,4,16,16.1,1,1,47,11,14
14,6,14,16.5,1,0,16,134,2
16,4,16,31.6,1,1,2,30,2
14,1,14,18.4,0,0,2,0,3
19,5,19,33.3,1,1,0,6,0
10,2,10,16.2,1,1,2,7,2
13,6,13,29.8,1,1,2,13,2
6,3,6,10.3,1,1,1,6,0
20,5,20,24.1,1,0,7,69,17
10,1,10,21.1,1,1,0,28,1
13,0,13,28.0,1,1,2,0,2
19,0,19,20.5,1,1,2,0,2
15,4,15,25.5,1,0,4,72,2
6,0,6,7.5,1,1,2,0,3
11,5,11,9.0,1,0,1,42,0
14,6,14,29.2,1,1,0,14,1
7,2,7,8.7,1,0,1,2,1
9,2,9,18.6,1,1,21,11,5
18,2,18,30.6,1,1,2,7,2
17,1,17,22.1,1,1,2,9,2
0,2,0,19.2,0,0,1,18,0
15,5,15,28.1,1,1,2,58,2
17,4,17,11.7,1,0,2,15,3
7,1,7,16.1,1,1,2,36,2
15,2,15,31.7,1,1,2,14,2
13,6,13,29.0,1,1,2,1,3
16,1,16,36.1,1,1,0,8,0
16,6,16,30.4,1,1,1,40,2
8,5,8,12.3,1,1,2,0,2
21,4,21,24.2,0,1,1,16,2
14,3,14,28.9,1,1,2,13,2
13,4,13,19.1,1,0,14,57,12
15,2,15,19.5,1,0,1,9,1
18,0,18,30.1,1,1,2,40,2
6,6,6,13.2,0,1,2,31,13
5,5,5,-1.4,1,0,0,10,1
6,5,6,7.6,1,1,2,7,2
10,5,10,22.0,0,1,2,21,2
18,3,18,21.4,1,0,24,11,5
19,4,19,25.0,1,1,0,18,2
18,5,18,17.4,1,1,0,2,0
4,1,4,6.0,1,0,17,11,14
13,6,13,28.1,1,1,0,23,2
19,1,19,27.0,1,1,0,2,0
16,1,16,21.4,0,0,16,3,1
10,0,10,16.0,0,1,2,14,3
9,1,9,18.1,1,1,1,2,0
7,2,7,14.3,1,1,2,8,2
14,0,14,27.0,0,0,9,22,48
16,6,16,31.1,1,1,2,20,2
21,6,21,21.0,1,1,25,11,13
15,3,15,25.2,1,0,2,6,3
14,0,14,18.9,0,0,2,2,2
14,3,14,29.7,1,1,2,0,2
17,3,17,28.0,1,1,1,60,0
11,5,11,14.6,0,0,0,15,0
5,1,5,7.5,0,0,2,10,3
15,1,15,29.8,1,1,2,14,2
8,4,8,16.7,1,1,2,10,13
8,2,8,3.9,1,0,2,44,2
7,3,7,14.0,1,1,4,10,15
23,0,23,20.5,1,1,18,31,4
14,6,14,29.6,1,1,2,12,3
21,0,21,24.0,0,0,2,2,3
14,0,14,28.8,1,1,2,12,3
7,0,7,14.4,1,1,1,20,0
7,6,7,16.2,1,1,1,6,1
9,6,9,25.1,1,1,22,37,4
15,6,15,24.9,0,0,2,8,3
13,3,13,14.0,1,0,1,0,0
0,2,0,17.6,0,0,17,20,18
9,4,9,20.6,1,1,1,6,2
16,6,16,30.1,1,1,1,2,2
10,5,10,13.2,0,0,2,9,3
16,6,16,30.7,1,1,2,28,2
9,3,9,21.6,1,1,0,9,0
9,3,9,16.9,1,1,4,10,2
13,3,13,17.0,1,1,9,99,9
15,5,15,8.2,0,0,1,3,1
7,2,7,12.7,1,1,1,2,0
15,1,15,23.6,0,0,1,3,0
17,4,17,25.5,0,1,2,0,2
6,0,6,11.2,1,1,31,64,34
21,2,21,18.9,1,1,0,10,1
21,1,21,18.1,0,0,2,2,2
11,1,11,23.4,1,1,1,0,2
8,0,8,13.3,1,1,2,7,2
12,3,12,10.7,1,0,0,2,1
21,6,21,21.7,1,1,2,26,4
6,1,6,14.8,1,1,2,0,2
0,4,0,9.4,1,0,19,32,15
8,0,8,14.9,1,0,7,34,16
13,1,13,19.7,1,0,2,8,3
17,0,17,15.9,0,0,2,8,3
9,6,9,23.2,1,1,2,21,2
14,6,14,19.6,0,0,1,14,1
11,0,11,15.0,1,0,7,34,16
20,1,20,10.5,0,0,2,2,2
16,0,16,24.7,1,0,16,44,2
16,6,16,31.2,0,0,0,14,1
21,3,21,15.3,1,1,4,10,2
11,3,11,22.3,1,1,0,0,0
13,2,13,18.7,0,0,3,5,0
21,5,21,14.6,0,0,2,8,3
21,0,21,20.2,1,1,2,10,2
23,6,23,21.7,0,0,1,14,0
19,6,19,24.0,1,1,0,10,0
20,2,20,8.4,0,0,2,20,4
9,2,9,20.4,0,0,20,33,5
0,3,0,16.8,1,0,2,68,13
13,5,13,30.2,0,1,0,21,0
23,1,23,11.8,1,0,2,48,4
5,0,5,12.6,0,0,3,5,0
17,2,17,20.0,1,0,9,40,42
15,5,15,21.7,1,3,60,39,75
4,3,4,3.8,1,0,2,8,2
9,1,9,25.8,1,1,2,0,3
23,3,23,7.2,1,0,5,11,5
17,5,17,15.5,0,0,1,2,1
14,3,14,32.4,1,1,2,13,3
22,0,22,22.6,1,1,6,18,6
10,5,10,21.9,1,1,2,27,2
4,0,4,2.1,1,0,2,2,3
7,5,7,12.8,1,1,2,0,3
20,2,20,13.4,0,3,0,15,0
16,4,16,31.6,1,1,7,105,17
9,0,9,6.6,1,0,7,34,36
17,4,17,16.7,0,0,2,31,13
13,6,13,17.5,1,0,2,50,3
17,6,17,31.9,1,0,2,27,3
17,2,17,29.2,0,0,1,44,2
10,6,10,22.2,0,0,2,6,3
15,2,15,30.6,1,1,2,52,2
21,3,21,25.3,1,1,0,6,0
18,2,18,31.2,1,1,2,14,2
12,6,12,28.8,1,1,2,14,2
13,0,13,29.1,1,1,0,9,0
15,6,15,22.8,1,1,2,10,2
1,0,1,13.2,0,0,1,2,1
18,5,18,28.3,1,1,2,15,2
13,3,13,19.6,1,1,2,23,2
8,4,8,4.6,1,0,2,12,3
13,4,13,17.3,1,0,0,23,0
9,2,9,20.7,1,1,7,141,19
23,6,23,16.3,1,1,2,48,13
10,2,10,9.9,1,0,2,12,3
4,2,4,14.9,0,0,3,49,15
12,1,12,18.2,1,0,0,50,1
5,1,5,3.8,1,0,2,1,3
17,3,17,20.2,1,0,2,8,3
14,1,14,30.2,1,1,1,6,2
13,1,13,25.7,0,1,0,0,0
19,6,19,9.4,0,0,11,25,11
15,6,15,33.9,1,1,1,0,0
8,4,8,16.0,1,1,2,36,2
1,6,1,14.2,1,0,11,25,6
12,1,12,27.1,1,1,2,20,3
14,0,14,16.7,0,0,0,21,0
18,1,18,16.1,0,0,0,14,1
12,1,12,26.9,0,1,5,84,5
14,1,14,26.9,0,0,2,20,4
22,3,22,23.0,1,1,0,9,0
9,3,9,6.7,0,0,1,6,2
6,1,6,14.5,1,1,0,23,2
6,0,6,10.8,1,1,31,64,33
10,3,10,20.9,1,1,5,11,5
18,1,18,28.0,0,1,2,16,2
8,5,8,12.3,1,1,1,40,1
19,2,19,21.5,1,1,2,14,2
17,1,17,18.5,1,0,2,2,3
10,6,10,21.6,1,1,2,40,2
6,4,6,11.8,1,1,4,10,2
17,3,17,24.1,0,1,2,78,3
20,1,20,4.3,1,0,0,2,0
8,2,8,15.6,1,1,2,6,3
19,2,19,10.0,0,0,1,58,0
16,4,16,30.7,1,1,1,8,0
23,1,23,17.2,1,1,2,11,4
22,3,22,18.2,0,1,2,9,3
23,2,23,18.9,0,0,5,84,5
6,0,6,13.9,1,1,2,2,2
11,6,11,31.0,0,0,2,23,2
17,2,17,8.1,1,0,16,3,3
22,1,22,16.9,0,0,2,20,3
11,3,11,23.4,1,1,7,74,47
23,4,23,20.8,1,1,2,11,4
13,2,13,11.5,1,0,0,8,0
13,3,13,14.3,0,1,7,34,16
16,1,16,32.3,0,1,2,16,2
13,3,13,16.7,0,0,0,10,1
9,0,9,6.3,1,0,7,34,36
8,5,8,20.7,1,1,2,40,2
5,2,5,6.8,0,0,2,11,13
22,6,22,20.7,0,0,1,14,0
15,3,15,33.2,1,1,3,5,0
6,1,6,5.3,1,0,5,46,5
6,2,6,14.7,1,1,3,49,15
23,6,23,21.1,0,0,0,2,0
7,0,7,12.5,1,1,2,0,2
13,3,13,20.0,1,1,13,26,10
20,4,20,9.8,1,0,1,8,2
23,5,23,18.6,0,0,1,0,0
14,5,14,28.0,0,1,0,13,0
8,6,8,14.5,1,1,2,44,2
8,4,8,12.2,1,1,22,37,4
7,6,7,9.9,1,1,2,7,3
8,5,8,11.8,1,1,2,18,2
13,0,13,28.9,1,0,0,14,1
14,2,14,15.4,1,0,2,20,3
19,4,19,26.5,1,1,2,9,3
19,0,19,29.4,1,1,2,20,2
14,5,14,27.7,1,1,2,0,2
13,2,13,25.7,1,1,1,0,0
10,4,10,5.6,1,1,9,39,24
12,6,12,29.4,1,1,2,23,2
20,4,20,20.5,1,1,2,6,2
11,3,11,30.3,1,1,31,74,34
20,5,20,12.0,1,0,2,8,3
21,2,21,13.0,0,0,1,0,0
17,0,17,31.0,1,1,2,20,4
10,3,10,22.4,1,1,2,14,2
11,2,11,25.3,1,1,2,14,2
17,0,17,27.6,1,1,7,67,17
19,5,19,26.2,0,0,11,25,11
22,0,22,16.9,1,0,51,26,49
9,4,9,19.0,1,1,0,14,0
21,6,21,14.0,0,1,2,7,2
9,0,9,9.0,0,0,2,0,2
7,6,7,11.2,1,1,2,36,2
16,4,16,19.9,1,0,2,21,2
19,3,19,27.0,0,1,1,13,1
18,5,18,14.1,1,0,7,69,17
7,2,7,10.2,1,0,0,6,0
14,6,14,28.8,1,1,2,27,2
6,5,6,11.3,1,1,1,18,2
10,0,10,25.0,1,0,2,16,2
22,2,22,21.4,0,0,1,3,1
9,5,9,19.5,1,1,2,19,13
18,0,18,8.0,0,0,0,9,0
16,5,16,32.6,1,1,4,10,5
15,4,15,25.7,0,0,0,3,2
8,6,8,17.6,1,1,2,8,2
14,4,14,27.4,1,1,2,2,3
13,3,13,30.5,0,1,0,0,0
23,6,23,16.2,1,1,2,11,4
12,6,12,13.5,1,0,5,11,5
15,1,15,31.9,0,0,9,74,25
16,1,16,31.8,1,1,6,18,21
6,4,6,-0.1,0,0,25,11,13
11,1,11,17.9,1,0,7,93,55
19,2,19,27.2,1,1,0,1,0
12,4,12,26.8,0,1,9,117,102
12,3,12,11.2,0,0,0,2,0
6,4,6,10.6,0,1,1,0,0
21,6,21,18.6,0,1,16,20,2
4,5,4,-0.4,0,0,21,23,5
16,2,16,19.7,0,0,16,3,0
22,5,22,19.8,0,1,18,31,13
16,0,16,27.0,0,1,7,41,16
18,5,18,26.9,1,1,2,13,3
14,6,14,29.3,1,1,2,13,2
15,3,15,29.6,1,1,6,18,20
11,2,11,9.6,1,0,11,25,11
19,1,19,27.5,0,0,0,6,0
13,4,13,11.6,0,0,2,5,13
17,6,17,27.2,1,1,2,2,2
23,2,23,14.5,1,1,2,7,2
19,4,19,27.6,1,1,1,27,1
7,0,7,13.8,1,1,2,15,2
12,5,12,20.4,0,0,2,8,3
22,6,22,20.2,1,1,2,7,2
9,5,9,17.8,1,1,2,80,4
4,6,4,12.1,1,0,2,3,2
12,0,12,27.7,1,1,0,3,2
23,4,23,17.2,0,0,11,25,6
11,5,11,19.3,0,1,2,7,3
12,6,12,26.2,1,1,2,13,2
18,2,18,27.4,1,1,2,23,2
19,2,19,26.1,1,1,2,8,2
9,5,9,11.0,1,0,61,51,79
7,2,7,14.3,1,1,2,0,2
13,4,13,31.1,1,1,2,23,2
6,2,6,11.3,1,1,4,10,2
10,6,10,23.9,1,1,2,20,3
17,6,17,16.5,0,0,2,10,13
15,6,15,28.2,1,0,2,6,3
14,3,14,13.7,1,0,7,34,16
5,1,5,14.9,1,0,11,25,6
1,5,1,19.6,0,0,2,1,3
12,0,12,18.6,1,1,2,18,2
9,6,9,19.4,1,1,2,14,3
11,6,11,22.0,1,1,2,2,2
4,3,4,2.8,0,0,5,11,5
18,0,18,11.0,1,0,16,20,0
13,2,13,26.6,0,1,0,10,1
7,5,7,11.5,1,1,2,15,3
9,0,9,12.1,1,0,7,34,36
16,5,16,13.0,1,0,2,8,2
9,4,9,24.0,0,0,5,58,5
16,1,16,11.5,1,0,2,58,3
13,6,13,29.4,1,1,2,6,2
9,5,9,19.0,1,1,2,2,3
7,5,7,8.8,1,1,1,18,0
6,2,6,14.9,1,1,2,0,3
18,5,18,30.6,0,1,0,21,0
20,6,20,20.3,0,0,2,65,4
19,4,19,27.1,1,1,5,107,5
11,0,11,23.5,1,1,2,8,3
7,6,7,16.0,1,1,2,36,2
14,0,14,29.4,1,1,6,18,6
15,6,15,18.9,1,1,2,10,3
8,6,8,11.8,1,1,1,8,1
11,1,11,24.0,0,3,2,2,3
21,5,21,21.5,1,1,0,10,1
14,3,14,29.9,1,1,1,2,2
4,4,4,8.2,1,0,8,11,8
10,4,10,22.8,1,0,7,39,42
16,0,16,34.5,1,1,2,6,3
7,6,7,8.2,1,1,30,10,31
21,6,21,13.6,0,0,2,19,4
20,1,20,29.7,1,1,1,6,0
22,2,22,20.2,1,1,19,32,15
15,1,15,26.6,1,1,2,21,2
15,1,15,30.4,1,1,2,58,3
12,3,12,23.7,1,1,0,13,0
5,5,5,0.5,1,0,2,3,3
18,3,18,11.6,1,0,2,8,3
10,6,10,27.2,1,0,2,39,13
15,0,15,28.9,1,0,9,63,28
14,5,14,15.8,1,0,16,20,3
12,4,12,25.7,1,1,10,24,23
6,5,6,10.2,1,1,0,10,1
10,6,10,10.4,0,0,15,29,4
15,1,15,30.1,1,1,1,6,0
12,2,12,18.4,1,1,13,26,10
11,3,11,22.3,0,0,2,2,2
13,1,13,26.4,0,1,2,13,3
21,1,21,20.2,0,0,0,44,0
7,0,7,13.8,1,1,2,6,3
20,0,20,24.6,1,1,2,9,2
7,0,7,0.1,1,0,2,13,3
19,4,19,23.7,0,1,2,0,2
19,1,19,8.8,0,0,2,20,4
11,0,11,12.9,0,0,5,11,5
12,0,12,22.7,1,1,7,149,42
14,4,14,15.0,1,3,60,39,75
17,5,17,11.6,0,0,16,20,3
21,2,21,21.4,0,0,2,3,3
11,5,11,23.2,1,1,0,0,0
16,5,16,32.7,1,1,2,58,2
7,0,7,12.9,1,0,7,34,16
9,0,9,20.0,1,1,0,8,0
13,2,13,14.7,1,0,2,10,2
11,6,11,23.9,0,0,2,0,2
1,3,1,7.9,1,0,1,1,0
10,2,10,6.5,1,0,1,13,2
12,3,12,27.5,1,1,12,23,4
12,6,12,26.6,0,0,5,76,5
19,3,19,30.2,1,1,2,6,3
11,1,11,13.3,0,0,2,15,2
10,4,10,19.8,1,1,6,18,6
8,5,8,11.8,1,1,0,15,0
13,1,13,11.1,1,0,1,0,0
15,6,15,11.7,0,0,1,20,1
21,2,21,26.9,1,1,2,10,2
11,3,11,8.1,1,0,2,14,3
15,1,15,28.6,0,0,2,6,2
13,1,13,26.0,1,1,0,23,0
5,0,5,10.3,1,0,11,25,6
19,2,19,28.9,1,1,0,18,2
14,0,14,25.5,1,1,6,18,6
13,1,13,17.2,0,0,7,110,19
16,3,16,15.8,1,1,2,8,3
18,6,18,15.1,0,0,2,20,3
12,6,12,11.7,1,0,0,14,0
9,2,9,16.0,1,1,1,44,1
13,2,13,14.7,0,0,16,44,2
20,3,20,11.2,1,0,0,10,0
8,3,8,21.4,0,1,2,7,2
12,6,12,11.2,1,0,2,13,3
23,6,23,19.2,0,1,2,9,2
15,5,15,27.4,1,1,1,14,0
21,6,21,19.0,1,1,2,26,4
18,2,18,17.1,1,1,0,18,0
1,0,1,13.7,0,0,2,9,3
7,5,7,10.0,1,1,2,23,2
12,6,12,27.1,1,1,2,23,2
13,5,13,29.3,0,0,6,18,6
6,5,6,13.6,1,1,2,40,2
14,0,14,29.7,1,1,2,15,3
18,0,18,24.2,0,0,14,20,12
13,2,13,11.5,0,0,2,4,4
8,6,8,19.2,1,1,0,21,0
13,5,13,21.7,1,1,2,23,3
12,6,12,31.3,1,1,0,9,1
17,3,17,13.7,1,0,2,14,3
11,6,11,24.9,0,0,0,23,2
19,6,19,10.1,0,0,11,25,11
19,5,19,14.7,1,1,2,26,4
0,1,0,9.2,0,0,0,2,0
13,3,13,13.3,1,0,7,34,16
8,0,8,16.2,1,1,2,13,2
22,3,22,13.0,0,0,11,25,6
16,5,16,26.5,1,1,7,55,7
17,6,17,29.8,1,1,2,40,2
19,2,19,26.3,1,1,6,18,20
15,2,15,36.9,1,1,0,28,1
22,4,22,19.9,1,1,19,32,15
18,5,18,14.3,0,1,0,13,0
9,5,9,16.5,1,1,0,9,1
15,3,15,27.9,1,0,16,44,2
13,2,13,19.2,0,0,2,5,13
10,0,10,17.4,0,1,7,2,17
23,5,23,20.1,1,1,2,48,13
17,3,17,14.0,1,0,2,9,3
0,2,0,7.1,1,0,16,20,3
12,5,12,28.0,1,1,7,86,17
17,6,17,20.7,1,0,2,3,3
7,4,7,11.9,1,1,2,12,2
16,3,16,25.1,1,0,3,5,0
11,0,11,23.8,0,0,2,8,2
3,0,3,8.3,1,0,17,11,14
16,4,16,35.7,1,1,2,19,4
17,6,17,32.1,1,1,2,40,2
21,0,21,18.5,1,1,0,10,1
14,5,14,29.3,1,1,2,13,2
15,6,15,30.7,1,1,2,58,3
11,3,11,10.2,0,0,2,20,3
8,3,8,22.5,0,1,20,33,5
11,1,11,26.9,0,1,1,13,0
7,6,7,13.0,1,1,0,15,0
18,4,18,25.9,1,1,2,13,3
14,5,14,22.0,0,0,0,15,0
14,6,14,30.8,1,1,6,18,21
0,1,0,19.1,1,0,26,47,10
20,4,20,20.7,0,1,1,0,2
13,0,13,27.9,1,1,12,23,4
10,3,10,21.2,1,1,2,10,2
3,2,3,7.1,0,0,2,1,2
16,0,16,20.0,0,0,16,3,0
17,0,17,23.9,0,0,2,10,8
6,4,6,14.6,1,1,0,10,1
15,6,15,30.7,0,0,0,6,0
15,1,15,29.8,1,1,7,41,17
21,5,21,10.5,0,0,2,8,2
11,0,11,14.8,0,0,1,8,1
12,1,12,23.1,1,1,2,8,2
15,3,15,14.9,0,0,7,34,16
10,0,10,21.5,1,1,2,6,3
16,3,16,18.3,0,0,16,20,3
8,3,8,14.5,0,1,2,0,2
16,0,16,32.6,1,1,2,14,2
19,2,19,27.2,1,1,0,18,2
17,2,17,29.2,1,1,2,9,3
6,0,6,14.4,1,1,0,10,1
19,2,19,31.9,1,1,2,7,2
10,2,10,25.2,1,1,2,10,2
17,3,17,29.4,0,1,0,21,0
1,3,1,17.6,1,0,2,20,3
14,1,14,25.1,0,0,7,69,17
9,4,9,20.1,0,1,1,9,2
2,5,2,12.5,0,0,17,11,5
6,3,6,15.8,1,1,2,8,2
21,4,21,20.6,0,1,2,14,3
23,2,23,10.0,0,0,2,3,3
15,1,15,28.4,1,1,1,2,1
18,0,18,24.7,1,1,2,18,2
9,2,9,25.6,1,1,7,69,17
8,4,8,15.9,1,1,2,8,3
13,0,13,23.3,0,0,2,4,4
16,3,16,34.4,0,1,0,21,0
12,1,12,26.2,1,1,2,3,3
13,5,13,19.5,1,1,16,20,2
9,3,9,17.7,1,1,4,10,2
12,2,12,27.5,1,1,0,3,2
10,3,10,16.6,0,0,2,1,3
23,6,23,14.0,1,1,2,11,4
15,4,15,31.0,1,1,3,5,0
7,2,7,12.4,1,1,2,9,2
10,0,10,17.8,0,0,2,1,3
16,1,16,30.5,1,1,4,10,5
0,0,0,9.2,1,0,5,11,5
5,6,5,13.7,1,0,2,77,2
12,4,12,31.2,0,0,2,14,2
11,0,11,12.4,0,0,0,2,0
22,3,22,14.6,1,1,17,11,14
14,2,14,21.0,0,0,0,3,1
11,1,11,16.6,0,0,0,14,0
10,0,10,25.1,1,1,0,13,0
23,5,23,6.5,0,0,2,58,2
13,5,13,31.6,0,0,0,14,1
18,0,18,10.9,0,0,5,44,5
11,6,11,13.9,1,0,2,11,13
8,0,8,15.2,1,1,2,8,3
7,1,7,9.6,1,0,21,11,5
17,4,17,26.3,1,1,2,21,2
19,6,19,15.3,1,1,2,15,2
20,5,20,16.9,1,0,0,20,0
18,2,18,14.0,0,0,0,8,1
14,2,14,19.9,1,1,5,11,5
4,6,4,3.5,1,0,11,25,6
16,1,16,16.8,0,0,4,10,2
7,6,7,12.0,1,1,2,13,3
7,2,7,14.0,0,1,22,37,4
16,1,16,30.1,1,1,2,13,2
8,2,8,15.4,1,1,2,14,3
6,2,6,14.6,1,1,2,8,3
20,2,20,30.4,1,1,2,9,3
8,3,8,13.3,1,1,2,13,3
16,6,16,22.1,1,0,2,27,3
13,2,13,24.4,1,0,7,75,42
7,4,7,15.3,1,1,2,28,2
15,6,15,12.1,0,0,2,13,3
9,1,9,13.5,0,1,12,23,4
11,1,11,25.1,1,1,1,14,2
3,6,3,9.6,0,0,11,25,6
12,1,12,27.1,1,1,2,7,3
8,4,8,13.4,1,1,2,44,2
0,4,0,12.0,0,0,0,6,0
18,5,18,15.1,0,0,0,9,1
17,3,17,24.9,1,0,0,27,1
20,2,20,14.4,1,0,2,26,4
18,2,18,26.9,1,1,2,40,2
11,6,11,12.1,0,0,5,11,5
13,2,13,22.8,1,0,2,50,2
16,2,16,28.3,1,1,1,14,0
6,6,6,13.1,1,1,5,20,5
11,1,11,26.5,1,1,2,11,4
11,3,11,28.3,1,1,31,64,40
17,4,17,30.4,1,1,2,0,2
18,6,18,27.2,1,1,2,0,3
6,4,6,4.0,1,0,2,7,3
17,5,17,31.0,1,1,2,0,2
18,3,18,10.2,1,0,1,6,1
16,1,16,30.6,0,1,2,21,2
16,2,16,18.0,1,1,1,8,2
20,2,20,33.4,1,1,0,18,2
13,5,13,28.0,0,1,2,44,2
12,2,12,32.0,1,1,2,20,3
11,3,11,31.7,1,0,2,11,4
12,0,12,13.1,1,0,0,13,1
15,6,15,25.1,0,1,2,2,2
15,5,15,27.2,0,0,17,20,18
16,1,16,16.9,1,0,1,14,2
20,0,20,11.0,1,0,69,1,95
1,6,1,4.4,1,0,11,25,6
6,5,6,10.3,1,1,13,53,8
19,3,19,30.3,1,1,2,2,2
10,0,10,26.2,1,1,2,8,2
8,0,8,15.3,1,1,2,15,2
15,2,15,27.3,1,0,1,2,0
6,1,6,7.5,0,0,2,31,13
15,6,15,25.9,0,1,2,36,2
22,5,22,18.9,0,1,0,15,0
10,0,10,7.5,1,3,7,34,43
20,3,20,19.9,1,1,0,18,0
22,2,22,20.4,0,1,0,2,1
12,5,12,11.1,1,0,2,136,4
9,0,9,19.8,1,1,2,10,3
17,3,17,16.9,1,0,2,13,3
15,2,15,30.6,1,1,2,14,3
14,1,14,31.6,0,1,1,36,0
6,6,6,6.1,0,0,2,68,4
11,2,11,22.1,1,1,2,8,2
9,5,9,20.1,1,1,2,36,2
5,2,5,6.3,0,0,11,25,11
7,0,7,9.4,1,1,2,23,2
0,2,0,20.8,0,0,2,9,2
10,0,10,15.5,1,1,2,20,13
12,5,12,14.2,1,0,2,2,3
17,2,17,30.3,1,1,2,20,4
10,6,10,25.1,0,1,12,23,4
13,3,13,32.3,1,1,2,27,2
13,4,13,27.7,0,1,1,27,2
19,5,19,15.1,0,0,2,20,4
14,6,14,23.1,1,1,2,0,3
13,6,13,15.8,0,0,2,18,2
15,3,15,17.8,1,1,2,13,2
23,2,23,15.9,1,1,25,62,13
7,2,7,14.5,1,1,2,19,13
19,4,19,28.7,1,1,2,9,2
9,6,9,12.1,1,0,2,21,2
7,2,7,9.9,0,0,25,62,13
6,3,6,15.8,1,1,0,8,0
14,2,14,19.8,1,1,1,16,0
18,2,18,32.2,0,0,0,21,0
21,4,21,9.3,1,0,2,8,3
13,3,13,24.0,1,1,2,23,3
15,0,15,15.2,0,0,1,3,1
13,6,13,31.1,1,1,2,2,3
23,4,23,10.8,1,1,2,48,13
18,5,18,25.9,0,0,6,18,6
2,4,2,5.5,0,0,2,3,3
1,0,1,16.6,0,0,0,3,2
9,6,9,23.7,1,1,4,10,2
16,2,16,14.7,1,0,2,14,3
6,6,6,12.1,1,1,2,2,2
11,1,11,27.9,1,1,2,20,4
20,0,20,22.5,1,1,2,20,2
21,1,21,20.6,0,0,2,23,2
23,1,23,10.4,0,0,2,6,3
10,4,10,21.8,0,1,2,2,2
17,0,17,26.9,1,1,7,67,17
1,1,1,13.0,1,0,11,25,6
7,1,7,12.1,1,1,0,9,0
9,6,9,25.7,0,0,0,6,0
0,3,0,14.1,1,0,17,11,14
21,1,21,17.4,0,1,2,0,2
8,0,8,10.7,1,1,2,0,3
17,0,17,32.9,1,1,6,18,6
11,6,11,30.1,1,1,2,13,3
19,1,19,11.8,1,0,1,6,0
21,4,21,19.2,0,0,0,27,0
20,3,20,29.1,0,1,0,13,0
14,2,14,36.1,0,0,7,67,17
8,1,8,12.5,1,1,2,36,2
13,1,13,31.2,1,1,0,23,2
17,0,17,28.6,1,1,2,6,3
16,5,16,35.8,1,1,1,14,2
16,6,16,29.4,1,1,0,3,2
7,2,7,6.0,1,1,2,15,3
8,2,8,13.2,1,1,2,18,2
21,6,21,14.7,1,1,2,7,3
12,5,12,24.8,0,1,2,12,3
17,5,17,7.3,0,0,1,8,1
20,5,20,14.3,0,1,2,7,3
7,1,7,5.9,1,0,2,15,2
18,1,18,22.3,0,1,2,14,2
13,4,13,13.3,1,0,2,9,3
15,0,15,34.2,1,1,4,10,2
23,0,23,23.5,1,1,0,10,1
14,0,14,17.4,1,0,2,14,2
17,0,17,23.4,1,0,2,8,2
13,3,13,32.6,1,1,2,0,2
12,1,12,20.3,1,1,2,3,3
14,4,14,15.7,1,0,3,5,0
5,0,5,14.6,1,0,2,8,2
14,1,14,28.4,1,1,15,29,4
20,5,20,24.5,1,1,2,20,2
11,0,11,12.5,0,1,7,34,16
22,0,22,18.2,1,1,2,23,2
9,2,9,20.7,0,0,13,26,10
9,4,9,18.0,1,1,2,7,2
16,6,16,30.5,1,1,2,23,2
12,5,12,15.8,0,3,56,39,81
6,2,6,14.1,1,1,0,0,0
13,6,13,29.8,1,1,13,26,10
13,5,13,20.5,0,0,2,23,2
14,2,14,27.5,1,1,0,2,0
13,2,13,12.9,0,0,1,27,1
17,1,17,30.9,0,1,2,12,3
17,0,17,16.7,0,0,2,31,13
7,2,7,14.0,1,1,0,10,0
13,5,13,26.3,1,1,2,15,2
14,6,14,30.5,0,1,2,13,2
10,5,10,19.3,1,1,2,7,3
6,0,6,8.6,1,1,2,0,2
7,4,7,13.6,1,1,2,22,2
15,3,15,33.2,1,1,2,3,3
10,5,10,7.0,0,0,2,13,3
14,5,14,26.9,1,1,55,23,72
0,4,0,5.9,0,0,11,25,6
17,3,17,29.8,1,1,0,13,0
9,0,9,5.3,1,0,9,39,24
12,0,12,24.2,1,0,2,30,3
18,1,18,29.8,0,0,0,2,0
17,5,17,12.8,1,0,2,9,3
17,1,17,27.2,1,1,2,2,2
13,2,13,28.6,1,0,52,23,6
23,0,23,20.9,1,1,6,18,6
17,5,17,26.4,0,1,2,27,2
15,6,15,30.6,1,1,0,40,0
8,1,8,10.3,1,1,2,0,3
17,4,17,10.6,1,0,2,40,2
21,3,21,9.1,0,0,0,2,0
15,3,15,30.9,0,0,2,39,2
13,6,13,28.7,1,1,2,8,3
11,2,11,13.6,1,0,2,13,2
14,1,14,30.3,0,0,0,3,2
19,0,19,24.3,1,1,1,18,0
18,3,18,14.3,1,1,2,13,2
16,6,16,30.3,1,1,2,14,2
18,0,18,17.7,0,3,0,23,0
6,5,6,11.8,0,0,25,11,13
13,4,13,15.9,0,1,0,36,0
13,5,13,28.6,1,0,2,8,3
18,6,18,18.7,0,0,1,10,2
11,5,11,26.1,1,0,9,84,96
6,4,6,13.7,1,1,2,2,2
14,5,14,30.4,1,1,1,2,2
6,4,6,10.9,1,1,3,5,13
9,0,9,11.7,0,3,7,126,39
15,3,15,15.1,1,0,7,34,16
22,2,22,27.4,0,0,0,8,0
6,3,6,7.0,1,0,2,77,2
15,3,15,33.6,1,1,9,99,9
23,6,23,13.1,0,0,1,89,0
16,2,16,21.2,1,0,1,8,2
11,1,11,27.1,1,1,2,28,2
13,1,13,25.7,0,0,2,23,3
12,4,12,24.9,0,0,5,23,5
12,5,12,12.8,0,0,9,39,28
10,3,10,23.4,1,1,2,13,3
13,5,13,22.5,0,1,2,2,2
10,1,10,21.7,1,1,2,28,2
20,0,20,26.8,1,1,2,8,2
13,5,13,31.9,1,1,0,27,0
4,2,4,12.2,1,0,0,2,0
18,3,18,25.6,0,1,7,69,17
17,0,17,20.5,0,1,0,14,0
10,0,10,11.4,0,3,7,34,16
15,5,15,31.1,0,0,2,9,2
14,6,14,29.1,1,1,2,0,2
19,0,19,27.3,1,1,1,0,0
10,2,10,20.2,1,1,0,2,0
13,6,13,28.7,1,1,0,0,0
20,2,20,22.7,1,1,14,57,12
17,4,17,30.8,1,1,2,20,4
21,0,21,14.0,0,3,9,10,9
12,4,12,17.7,0,0,2,6,2
8,3,8,18.8,0,1,25,11,13
8,2,8,16.0,1,1,2,28,2
11,5,11,15.7,0,0,2,13,3
19,5,19,26.1,1,1,0,2,0
6,2,6,14.2,1,1,2,16,2
13,1,13,15.9,0,0,2,5,13
17,4,17,21.2,0,0,0,138,0
16,4,16,29.5,0,1,0,9,1
23,5,23,22.2,1,1,0,20,0
16,5,16,31.7,1,0,2,28,2
11,1,11,23.6,1,1,2,13,2
18,5,18,15.6,1,0,2,15,3
12,6,12,19.6,0,0,0,20,0
12,0,12,25.0,1,1,2,6,3
21,3,21,9.0,1,0,13,53,8
12,2,12,14.4,0,0,1,6,0
20,3,20,11.6,0,0,13,26,10
14,1,14,28.8,1,1,16,20,3
10,5,10,23.2,1,1,2,14,3
19,0,19,24.8,1,1,0,28,1
22,4,22,25.8,1,1,25,11,13
11,0,11,29.4,1,1,0,36,0
18,1,18,27.7,1,1,2,13,3
20,6,20,14.6,1,1,0,10,0
20,0,20,13.8,1,0,0,10,0
17,0,17,31.5,0,0,2,23,2
11,1,11,13.5,0,3,2,2,3
17,6,17,30.1,1,1,2,13,3
19,0,19,10.9,1,0,2,7,2
22,2,22,9.5,0,0,11,25,6
10,4,10,24.9,1,1,0,28,0
11,3,11,26.3,1,1,2,12,2
19,3,19,22.0,1,1,0,9,0
15,5,15,36.5,1,1,2,44,2
19,0,19,26.6,1,0,2,0,3
17,0,17,31.9,0,0,2,23,2
22,6,22,21.3,1,1,2,7,3
9,3,9,26.8,1,1,2,19,4
22,1,22,13.2,1,0,6,18,21
23,4,23,24.5,1,1,2,48,13
11,4,11,13.2,1,0,2,44,2
10,5,10,13.4,1,1,2,36,2
16,0,16,17.0,1,1,1,0,0
13,3,13,19.5,0,0,16,44,3
23,4,23,24.2,1,1,13,53,8
12,5,12,20.4,1,0,2,3,3
13,1,13,32.4,1,1,15,29,4
12,1,12,20.5,1,1,10,24,10
21,5,21,24.3,1,1,2,26,4
13,0,13,23.4,1,0,7,67,43
21,2,21,21.8,1,1,2,1,3
19,1,19,12.9,1,0,1,8,0
10,4,10,23.9,1,1,2,6,3
12,6,12,19.8,1,0,2,18,2
8,3,8,12.4,1,1,2,18,2
8,6,8,14.4,1,1,2,23,2
8,6,8,13.2,1,1,2,8,3
14,2,14,35.8,1,1,6,18,6
8,0,8,15.1,0,0,5,23,5
11,3,11,10.6,0,0,2,8,3
8,3,8,10.0,1,1,1,8,1
20,4,20,24.0,1,0,2,23,3
12,3,12,10.8,0,0,16,20,3
18,5,18,26.6,1,1,2,13,3
12,1,12,16.6,1,1,7,39,43
11,6,11,25.5,1,0,0,0,0
12,5,12,14.7,0,0,2,12,3
16,3,16,14.6,1,1,9,99,60
18,2,18,16.6,0,0,0,23,0
17,0,17,30.7,1,1,1,60,0
17,2,17,16.7,1,0,16,3,2
15,4,15,25.7,1,1,2,13,3
11,5,11,13.1,1,0,11,25,11
21,6,21,22.6,0,1,19,32,15
20,1,20,20.7,1,0,2,23,3
20,4,20,33.7,1,1,0,1,0
6,0,6,8.1,1,1,1,6,1
21,4,21,17.9,0,1,0,15,0
6,1,6,13.8,1,1,2,8,2
12,5,12,15.8,1,1,2,6,2
6,5,6,10.2,0,0,2,11,4
13,6,13,29.9,1,1,16,20,3
10,5,10,23.6,0,1,7,39,16
20,4,20,14.5,1,0,17,11,5
11,6,11,24.6,1,1,24,11,5
11,3,11,26.6,1,1,2,28,2
8,6,8,13.3,1,1,0,9,0
21,2,21,15.6,0,0,2,6,3
21,1,21,23.1,0,0,2,19,4
17,3,17,24.7,1,1,2,18,2
18,0,18,29.9,0,0,2,6,2
7,3,7,12.9,1,1,2,22,2
21,4,21,20.4,1,1,2,7,3
14,5,14,17.3,1,1,0,21,0
11,6,11,7.1,1,0,7,20,30
4,5,4,-0.7,1,0,0,3,1
5,1,5,5.2,1,0,2,8,2
19,2,19,20.2,0,0,2,30,3
8,3,8,20.0,1,1,2,18,2
17,1,17,26.3,1,1,2,0,3
12,4,12,11.8,0,0,2,23,3
9,5,9,18.6,1,1,6,18,6
22,4,22,20.4,1,1,19,32,15
13,4,13,10.2,1,3,2,3,3
17,0,17,31.1,0,1,0,36,0
16,4,16,28.6,1,1,2,20,3
6,2,6,12.2,1,1,1,20,1
6,6,6,8.8,1,1,2,10,2
21,0,21,17.8,1,1,20,33,5
22,2,22,9.7,0,0,1,18,0
14,4,14,26.9,0,1,2,10,4
18,1,18,23.8,0,0,2,12,3
7,2,7,7.2,1,1,2,6,2
18,3,18,12.7,0,0,2,6,3
6,1,6,14.5,1,1,0,23,2
6,5,6,12.9,0,1,2,11,4
14,1,14,30.1,1,1,7,2,47
0,0,0,5.4,0,0,34,76,12
7,4,7,9.1,0,0,22,37,4
16,5,16,17.4,1,0,2,0,3
19,2,19,22.4,1,1,0,15,0
13,4,13,15.5,0,0,0,14,1
15,4,15,28.8,0,1,2,21,2
14,6,14,14.8,0,0,1,42,0
17,6,17,29.7,1,1,16,3,0
14,6,14,29.1,1,1,2,13,3
15,5,15,36.4,1,1,1,2,2
16,3,16,22.2,0,0,2,0,2
14,0,14,31.4,1,1,0,27,0
18,1,18,6.2,0,0,13,53,8
6,4,6,12.2,1,1,2,8,2
7,6,7,13.3,1,1,2,12,3
7,0,7,13.4,1,1,1,6,1
15,4,15,15.2,0,0,1,2,1
12,2,12,29.8,1,1,11,25,6
17,6,17,34.0,1,1,2,5,13
19,3,19,22.4,0,0,7,45,17
19,5,19,24.1,0,0,2,0,3
2,1,2,19.2,1,0,0,18,2
9,4,9,14.8,0,0,2,6,3
13,4,13,14.7,0,0,1,18,2
20,5,20,12.7,0,0,1,42,2
16,0,16,16.9,1,0,2,2,3
17,0,17,35.0,1,1,0,6,0
19,4,19,10.6,1,0,2,14,3
16,6,16,30.6,1,1,2,23,2
23,1,23,19.1,0,1,1,27,1
19,1,19,21.0,0,1,2,13,2
11,3,11,28.5,0,0,0,2,0
10,6,10,17.4,0,0,0,14,0
18,2,18,26.8,1,1,0,14,0
21,6,21,22.4,1,1,2,26,4
22,0,22,16.9,1,1,2,26,4
21,6,21,25.7,1,1,2,23,2
9,6,9,9.0,1,0,2,65,4
12,6,12,27.3,1,1,0,36,0
7,5,7,8.8,1,1,3,5,13
12,0,12,18.3,1,0,9,124,77
21,0,21,23.5,1,1,0,10,1
17,6,17,28.5,1,1,2,20,3
12,6,12,17.1,1,1,0,13,0
12,3,12,21.4,1,1,7,36,43
17,6,17,15.1,1,1,2,14,3
17,2,17,29.3,0,1,2,0,3
18,4,18,28.2,0,0,1,23,2
12,1,12,21.2,1,0,2,27,2
11,5,11,26.9,1,1,2,9,3
17,5,17,31.0,1,1,6,18,21
7,5,7,11.1,1,1,0,18,2
9,0,9,21.0,1,1,2,13,3
16,4,16,30.5,1,1,3,5,0
7,3,7,11.1,1,1,2,36,2
16,1,16,18.3,0,0,2,2,3
17,4,17,31.2,0,1,2,27,2
15,0,15,17.9,0,0,2,0,3
11,3,11,10.5,1,0,2,19,4
4,4,4,12.5,0,0,4,10,2
18,4,18,31.4,1,1,0,0,0
6,3,6,-0.8,0,0,2,68,4
16,2,16,17.8,1,1,2,30,3
18,6,18,12.8,1,0,0,15,0
7,4,7,14.5,1,1,2,6,3
21,6,21,22.1,1,1,4,10,2
8,4,8,12.1,1,0,2,44,2
19,4,19,26.2,0,0,7,75,66
13,5,13,19.4,1,0,2,13,3
22,2,22,10.5,0,0,2,14,2
20,6,20,22.1,1,1,2,1,3
21,1,21,22.7,1,1,0,10,1
19,0,19,14.5,1,0,7,69,17
12,2,12,27.1,1,1,0,3,2
17,1,17,12.6,1,0,0,8,1
11,3,11,23.3,1,1,2,11,4
19,5,19,29.2,1,1,0,18,2
8,6,8,5.7,0,0,5,76,5
6,3,6,12.4,1,1,2,2,3
11,3,11,24.8,1,0,2,14,2
15,2,15,18.2,1,1,2,52,3
4,4,4,4.7,1,0,2,7,3
21,0,21,11.7,0,0,1,6,1
7,2,7,12.0,1,1,9,6,9
9,4,9,11.8,1,1,2,2,3
20,6,20,24.0,1,1,2,1,2
2,1,2,4.2,0,0,16,20,3
22,4,22,16.0,1,1,2,14,2
20,3,20,10.5,1,0,1,2,0
6,6,6,13.8,1,0,8,11,8
7,1,7,9.9,1,1,2,8,2
14,1,14,30.6,1,1,16,20,2
15,4,15,25.6,1,0,16,20,3
17,6,17,17.5,1,0,2,30,2
14,5,14,14.8,0,0,6,18,6
10,0,10,6.5,1,0,7,34,16
21,0,21,18.3,1,1,20,33,5
6,0,6,8.2,1,1,31,64,40
12,6,12,14.6,0,0,3,5,0
22,2,22,21.0,1,1,6,18,6
3,3,3,9.6,0,0,4,10,2
23,3,23,18.0,0,0,11,25,6
11,1,11,25.5,1,1,2,13,2
23,6,23,14.1,1,1,0,20,0
18,0,18,34.4,1,1,2,8,2
16,1,16,13.8,0,0,2,13,3
2,1,2,7.9,0,0,2,6,3
15,5,15,32.2,1,1,0,61,0
14,0,14,15.4,1,0,3,5,0
8,0,8,16.9,1,1,0,9,0
12,5,12,14.1,0,0,3,5,0
22,3,22,13.3,0,0,1,6,0
10,6,10,10.4,0,0,2,13,3
19,4,19,19.3,1,1,2,0,2
16,6,16,31.3,1,1,1,14,0
14,6,14,28.9,1,1,6,18,6
10,6,10,8.7,1,0,0,9,0
13,6,13,28.5,1,1,12,23,32
22,2,22,6.8,1,0,19,32,15
23,3,23,22.1,1,1,5,46,5
15,4,15,31.1,1,1,2,8,2
11,6,11,10.8,1,0,5,17,5
18,2,18,31.4,0,0,1,5,0
18,3,18,10.6,1,0,2,8,3
18,0,18,12.1,0,0,0,23,0
13,0,13,18.8,1,0,2,14,3
18,2,18,33.6,1,1,9,41,19
11,6,11,9.9,1,0,2,11,13
6,5,6,15.5,1,1,4,10,15
18,5,18,28.0,1,1,0,27,0
15,4,15,14.9,1,1,2,10,3
9,3,9,6.2,0,0,0,6,0
7,3,7,11.7,1,1,2,19,13
14,0,14,22.1,0,0,1,20,2
11,5,11,25.8,1,1,2,14,3
15,1,15,30.7,1,1,2,21,2
17,5,17,30.9,1,1,2,15,2
17,3,17,28.1,1,1,2,20,4
12,4,12,31.4,1,1,11,25,11
10,6,10,27.5,1,1,2,65,4
17,6,17,26.5,1,1,2,20,3
19,1,19,26.6,1,1,0,18,2
9,0,9,19.1,1,1,7,88,17
18,1,18,14.6,1,0,16,20,1
7,2,7,5.9,1,1,21,11,5
16,0,16,30.2,0,1,2,0,2
18,2,18,18.1,1,0,2,8,3
19,6,19,25.7,0,1,1,5,0
7,3,7,8.2,1,1,2,13,2
15,2,15,28.7,1,1,2,3,2
11,2,11,14.0,1,0,2,13,3
18,6,18,26.5,1,1,2,18,2
0,1,0,16.8,0,0,0,1,1
7,1,7,12.4,1,1,1,0,0
20,0,20,26.3,1,1,1,40,2
18,1,18,13.5,1,0,2,14,2
22,5,22,23.0,0,1,2,58,2
12,5,12,28.2,0,0,84,84,96
23,0,23,19.8,1,1,18,31,4
14,6,14,28.1,0,0,2,5,13
5,3,5,8.3,0,0,1,60,0
13,0,13,29.4,0,1,0,21,0
20,5,20,24.9,1,1,1,6,0
23,2,23,18.6,1,1,18,31,13
16,1,16,31.2,1,1,0,3,2
10,2,10,17.9,1,0,9,51,24
16,6,16,25.2,0,0,2,14,3
16,4,16,33.5,1,1,2,8,3
22,6,22,25.4,1,1,2,7,3
13,6,13,22.7,1,1,2,50,3
13,0,13,14.1,1,0,2,13,3
6,5,6,7.7,1,1,1,18,0
8,5,8,11.9,1,1,2,2,3
11,1,11,25.8,1,1,2,20,4
14,2,14,9.8,0,0,0,28,1
5,4,5,3.4,1,0,17,11,14
11,4,11,15.6,1,1,2,20,2
1,3,1,13.8,0,0,2,3,3
9,3,9,13.3,1,1,2,10,2
12,6,12,11.6,1,0,5,11,5
23,5,23,21.1,1,1,2,48,4
14,5,14,16.1,1,0,4,72,2
20,0,20,25.3,1,1,2,7,3
8,6,8,15.3,1,1,0,14,0
6,5,6,7.6,0,1,25,11,13
21,1,21,13.6,0,0,2,14,3
23,0,23,16.0,1,1,26,47,10
13,1,13,26.6,0,0,0,6,0
7,0,7,4.2,1,0,2,2,2
11,0,11,26.0,0,1,2,0,3
9,0,9,18.9,1,1,2,31,13
21,4,21,22.1,1,1,2,26,4
15,1,15,31.3,1,1,3,5,0
15,6,15,33.9,0,0,6,18,21
12,0,12,8.6,1,0,5,10,5
13,1,13,28.0,1,1,2,7,2
15,2,15,13.9,1,0,0,14,0
11,6,11,27.8,0,1,2,7,3
17,5,17,13.4,0,0,1,2,1
8,0,8,13.3,1,1,0,21,0
3,0,3,16.6,0,0,2,7,3
9,5,9,28.0,1,1,2,36,2
17,1,17,18.6,1,1,2,6,2
10,6,10,9.9,0,0,2,1,2
17,6,17,17.6,1,1,1,6,1
23,6,23,11.5,0,0,2,18,2
1,0,1,17.0,1,0,2,20,2
15,6,15,24.7,0,0,1,3,1
5,2,5,8.0,1,0,2,1,2
18,6,18,14.3,0,0,16,3,2
7,3,7,14.5,1,0,0,16,0
16,3,16,30.5,0,1,6,18,6
13,3,13,17.3,0,0,0,21,0
17,3,17,24.9,1,1,2,13,2
18,0,18,29.5,1,1,17,11,14
8,0,8,13.4,1,1,0,13,0
12,4,12,30.0,1,1,0,3,2
21,5,21,28.1,1,1,4,10,2
21,2,21,21.7,1,1,4,10,2
11,0,11,24.1,1,1,0,9,0
14,6,14,29.0,1,1,5,11,5
11,4,11,21.8,1,1,2,15,3
16,0,16,21.5,0,1,2,28,2
6,0,6,14.3,1,1,31,64,33
19,3,19,9.1,0,0,0,61,0
19,2,19,21.1,0,1,2,21,2
8,1,8,15.4,1,1,1,2,0
21,6,21,21.7,0,0,1,17,0
7,6,7,15.0,1,1,2,12,2
5,6,5,3.6,1,0,16,20,3
17,5,17,26.7,1,1,2,8,3
12,3,12,26.6,1,1,1,42,0
23,6,23,14.5,1,0,25,11,13
8,0,8,15.8,1,1,2,3,3
17,2,17,10.3,1,0,0,27,0
14,3,14,14.3,0,0,2,15,2
19,6,19,28.2,0,1,0,28,0
7,0,7,12.7,1,1,2,13,3
18,5,18,25.8,1,0,2,14,2
15,2,15,20.5,0,0,1,39,1
7,4,7,12.7,1,1,2,2,2
11,1,11,11.2,0,0,2,23,3
20,0,20,25.9,0,0,0,8,0
18,1,18,28.5,1,1,0,27,0
21,2,21,21.1,0,1,0,40,0
11,6,11,29.8,0,0,15,29,4
9,6,9,17.9,1,1,2,21,2
18,4,18,8.7,0,0,0,0,0
12,3,12,14.4,1,0,7,34,16
20,0,20,25.3,0,0,2,30,2
8,5,8,14.8,1,1,2,0,3
13,6,13,13.5,1,0,2,6,3
14,4,14,20.5,1,0,2,28,2
14,1,14,30.3,1,1,6,18,6
9,4,9,20.9,1,1,21,11,5
13,2,13,18.4,1,1,2,2,3
18,2,18,26.9,0,0,0,36,0
20,0,20,20.5,1,1,1,40,0
12,0,12,14.4,0,0,1,9,1
13,0,13,32.5,0,1,0,28,0
4,3,4,8.5,0,0,11,25,6
10,6,10,25.6,1,1,2,9,3
18,1,18,16.9,0,0,0,23,0
19,1,19,27.0,1,1,1,18,0
14,6,14,31.1,1,1,4,72,2
6,6,6,13.0,0,1,2,11,13
18,0,18,25.7,0,0,9,41,19
14,4,14,32.5,1,1,17,11,18
6,6,6,8.2,0,0,2,11,4
18,3,18,26.1,0,1,0,9,0
8,0,8,13.9,1,1,1,13,2
21,4,21,22.7,1,1,2,8,2
13,2,13,27.6,0,1,2,0,3
12,2,12,32.4,1,1,0,3,2
15,2,15,30.4,1,1,0,6,1
16,5,16,31.3,1,1,2,1,3
16,3,16,18.8,0,0,0,21,0
9,4,9,14.5,1,1,0,13,0
11,6,11,27.1,1,1,2,11,4
4,0,4,9.1,1,0,8,11,8
21,3,21,25.3,0,0,2,23,2
10,4,10,22.4,1,1,2,6,3
10,2,10,11.6,1,0,2,20,4
12,0,12,28.8,1,1,12,23,4
13,0,13,28.6,1,1,2,2,3
17,2,17,21.7,0,0,7,82,28
22,2,22,21.9,0,0,1,14,2
3,6,3,7.9,1,0,17,11,18
4,0,4,4.6,1,0,2,8,3
9,6,9,12.9,1,1,0,2,0
21,6,21,21.6,0,0,2,65,4
12,0,12,21.3,1,0,2,10,3
10,0,10,24.3,0,1,0,18,0
12,1,12,29.1,1,1,10,24,23
11,6,11,25.0,1,1,6,40,26
14,4,14,33.6,1,1,2,2,2
10,0,10,20.4,1,1,2,16,2
5,6,5,9.3,1,0,4,10,2
23,2,23,16.7,0,1,4,10,2
21,3,21,20.0,1,1,0,10,0
13,0,13,19.0,0,1,0,28,0
23,2,23,16.9,1,1,6,18,20
6,5,6,7.6,1,1,2,2,3
14,6,14,17.7,1,0,2,36,2
21,3,21,25.4,1,1,2,9,3
15,3,15,13.9,0,1,7,34,36
6,4,6,12.7,1,1,2,27,3
15,1,15,24.8,1,0,2,3,3
10,0,10,20.8,0,0,2,8,3
6,3,6,12.8,1,1,4,10,2
11,0,11,20.0,1,0,2,12,3
18,4,18,14.4,1,0,0,0,0
13,6,13,15.4,0,0,0,14,0
11,1,11,27.5,1,0,2,8,3
8,3,8,7.1,0,0,26,47,10
11,2,11,27.6,0,1,2,0,3
22,1,22,20.7,0,0,2,2,2
21,2,21,22.4,0,0,0,14,0
12,1,12,30.5,1,1,2,7,2
13,3,13,23.7,1,1,13,26,10
23,0,23,22.8,1,1,18,31,4
20,6,20,23.5,0,0,31,64,40
2,2,2,17.2,0,0,0,27,1
14,4,14,30.5,1,1,0,8,0
6,6,6,13.5,1,1,0,10,1
1,4,1,6.1,1,0,11,25,6
5,2,5,10.4,1,0,2,1,2
19,5,19,32.7,1,1,0,18,0
17,2,17,31.8,0,1,0,13,0
21,1,21,21.5,1,1,0,0,0
17,2,17,10.3,1,0,1,60,1
8,3,8,7.0,1,0,2,19,4
10,5,10,12.6,1,0,0,21,0
8,6,8,14.4,0,1,25,11,23
18,2,18,12.7,0,0,2,8,2
14,6,14,30.2,1,1,31,92,34
15,2,15,29.0,1,1,2,10,2
20,3,20,14.9,1,1,2,20,2
2,4,2,0.5,0,0,36,76,12
14,6,14,30.3,1,1,0,21,0
10,4,10,24.1,1,3,7,79,28
16,6,16,17.4,1,1,7,21,17
16,4,16,27.6,1,1,2,61,2
7,4,7,5.3,1,0,2,12,3
23,1,23,20.8,1,1,2,48,13
13,4,13,31.5,1,1,2,6,3
12,4,12,31.3,1,1,2,0,3
18,5,18,24.0,1,1,2,18,2
21,3,21,24.2,1,1,2,26,4
14,1,14,30.1,1,1,15,29,4
12,5,12,25.8,1,1,0,6,0
19,3,19,27.1,1,1,2,18,2
23,1,23,20.3,1,1,26,47,10
11,5,11,25.9,1,1,2,9,2
16,3,16,16.0,1,1,2,9,2
10,1,10,18.0,1,1,2,10,13
16,0,16,32.9,1,1,0,3,2
21,2,21,22.4,1,1,2,8,2
6,6,6,2.9,0,0,2,136,13
21,3,21,19.9,1,1,0,0,0
17,0,17,25.5,1,0,2,14,3
20,6,20,22.3,1,0,2,23,3
20,0,20,25.3,0,1,0,9,0
13,6,13,19.0,0,0,6,18,6
20,6,20,24.1,1,1,2,8,3
6,6,6,14.3,1,1,2,0,3
10,2,10,24.7,1,1,0,2,0
15,0,15,31.3,0,1,0,36,0
13,3,13,24.8,1,0,2,18,2
9,6,9,18.3,1,0,2,31,13
10,4,10,20.9,1,1,6,18,20
12,6,12,27.2,1,1,2,0,2
21,2,21,24.5,1,1,0,9,0
9,3,9,11.6,1,0,2,16,2
12,3,12,22.6,0,1,2,6,2
18,5,18,27.0,1,1,2,0,3
17,0,17,32.0,1,1,2,14,2
12,3,12,22.7,1,1,2,0,3
10,6,10,14.6,1,0,17,11,18
12,6,12,24.0,1,1,9,14,9
8,5,8,18.5,1,1,2,3,2
19,2,19,10.8,0,0,7,105,19
9,3,9,17.2,0,0,23,43,4
0,6,0,17.1,1,0,25,62,13
9,3,9,14.9,1,1,4,10,2
11,5,11,28.1,1,1,2,9,3
14,0,14,23.7,1,0,7,67,43
7,3,7,10.8,1,1,2,0,3
12,1,12,12.3,1,0,2,18,2
20,6,20,24.2,1,1,2,1,3
7,0,7,14.3,1,1,3,5,0
23,0,23,15.6,1,1,13,53,8
11,2,11,25.9,1,0,0,9,1
12,0,12,16.7,0,0,0,8,1
10,4,10,8.9,0,0,0,1,0
14,2,14,28.9,1,0,9,51,24
14,3,14,34.2,1,1,31,64,40
4,1,4,3.4,1,0,11,25,6
10,0,10,20.5,1,0,9,51,102
14,5,14,34.0,1,1,2,8,2
20,5,20,32.6,1,1,2,20,2
17,2,17,30.4,1,1,2,13,3
22,2,22,14.3,0,0,11,25,6
14,4,14,30.0,0,1,2,83,2
12,2,12,24.5,1,0,27,46,5
11,1,11,23.2,1,1,2,8,3
22,0,22,9.5,0,0,2,0,3
13,3,13,13.8,1,0,0,20,0
5,5,5,7.9,1,0,4,10,2
10,2,10,12.2,0,0,2,13,2
15,1,15,13.6,0,0,2,0,3
9,1,9,14.0,1,1,2,23,3
19,2,19,16.7,1,0,0,0,1
10,6,10,9.2,1,0,8,11,8
8,2,8,15.5,1,1,2,14,3
9,4,9,13.3,1,1,2,14,2
8,3,8,17.1,1,1,0,14,0
0,3,0,11.9,0,0,2,27,3
10,6,10,21.9,1,1,0,21,0
3,1,3,12.4,0,0,11,25,6
12,5,12,21.2,1,1,10,24,10
12,5,12,25.9,1,1,2,18,2
10,5,10,28.4,0,1,1,18,0
9,5,9,20.2,1,1,1,17,0
16,1,16,28.9,1,1,2,6,2
2,0,2,4.3,0,0,2,1,3
17,0,17,13.2,0,0,2,18,2
18,6,18,31.9,1,1,2,40,2
20,5,20,23.9,0,1,2,13,2
9,1,9,17.0,1,1,2,19,4
14,0,14,31.2,1,1,0,2,0
20,5,20,19.4,0,0,2,13,3
8,4,8,10.7,1,1,22,37,4
8,4,8,11.8,1,1,2,23,3
1,6,1,18.8,1,0,16,20,3
15,3,15,12.9,1,3,7,126,77
18,3,18,9.4,0,0,0,21,0
18,2,18,31.2,1,1,2,10,4
14,2,14,28.3,1,1,2,6,2
14,1,14,16.4,0,0,0,20,0
13,1,13,28.1,1,1,1,0,0
11,3,11,19.0,1,1,2,15,2
11,6,11,12.3,1,0,11,25,11
21,4,21,17.2,0,1,2,44,3
10,1,10,23.6,1,1,2,28,2
19,1,19,20.3,0,1,2,13,2
9,2,9,14.0,1,0,0,13,1
13,3,13,29.5,1,1,2,14,2
17,4,17,11.5,0,0,2,2,2
12,3,12,27.2,1,1,1,13,1
12,1,12,27.2,1,1,2,23,2
12,3,12,26.1,1,1,10,24,23
14,2,14,19.1,0,0,1,2,0
13,4,13,16.7,0,0,3,5,0
6,1,6,8.7,1,1,2,2,2
15,0,15,32.4,1,1,2,3,3
11,2,11,13.1,1,0,21,11,5
18,3,18,28.0,0,1,0,9,0
4,3,4,15.4,1,0,0,2,0
5,0,5,14.7,0,0,0,10,1
12,1,12,22.8,0,0,22,37,13
11,5,11,8.1,1,0,2,2,3
9,1,9,24.8,1,1,2,31,13
16,3,16,34.4,1,1,2,20,2
10,4,10,9.9,0,0,2,1,3
10,6,10,22.0,1,1,2,65,4
20,6,20,23.7,1,1,0,27,0
20,4,20,23.2,1,1,0,20,0
7,4,7,5.4,1,0,21,11,5
15,2,15,29.2,1,1,1,2,0
11,3,11,26.8,1,1,0,2,0
11,0,11,13.2,1,0,7,34,16
1,2,1,17.4,1,0,3,5,0
13,4,13,17.0,0,0,1,6,1
12,1,12,30.6,1,1,7,81,42
6,0,6,13.7,1,1,1,5,0
4,1,4,4.8,0,0,11,25,11
13,6,13,30.3,1,1,13,26,10
10,2,10,18.8,0,1,2,6,3
10,0,10,18.0,0,0,2,20,4
8,6,8,21.9,1,0,2,10,2
23,1,23,11.1,0,0,11,25,6
20,1,20,23.8,1,1,0,6,0
11,2,11,16.9,1,1,0,9,1
9,4,9,8.9,0,0,2,20,4
7,5,7,6.3,1,1,0,20,0
17,0,17,13.6,0,1,32,132,35
22,6,22,21.3,0,0,9,66,19
16,2,16,27.9,1,1,2,6,2
6,4,6,0.3,0,0,2,68,13
18,6,18,26.0,1,1,16,20,3
5,5,5,5.2,1,0,2,18,2
16,6,16,18.5,0,0,2,0,2
21,6,21,21.4,1,1,0,27,0
18,2,18,29.5,1,1,2,13,2
10,1,10,26.2,1,1,0,28,0
20,4,20,22.4,1,1,17,11,18
15,4,15,28.8,1,1,1,6,2
22,5,22,18.1,0,2,25,11,23
19,2,19,34.4,1,1,0,27,0
0,4,0,18.4,1,1,0,20,0
23,4,23,14.3,1,1,0,20,0
13,4,13,25.2,1,1,15,29,4
10,4,10,24.8,1,1,31,64,33
19,3,19,21.8,0,0,2,14,3
18,4,18,10.9,0,0,0,28,1
14,5,14,26.9,1,1,2,13,2
4,6,4,2.1,1,0,2,6,3
15,5,15,32.8,1,1,2,10,2
13,3,13,27.1,1,1,0,0,0
12,3,12,29.8,0,1,2,28,2
13,5,13,26.4,1,1,0,23,0
17,0,17,19.3,1,0,2,13,3
6,4,6,9.8,1,1,2,1,3
12,1,12,22.6,0,0,0,20,0
15,5,15,22.4,0,0,2,2,2
12,5,12,27.4,1,1,0,3,2
15,2,15,30.3,1,1,2,3,3
16,6,16,13.2,1,0,1,0,2
10,3,10,20.3,1,3,7,54,28
13,5,13,22.2,0,0,1,14,2
18,6,18,28.5,1,1,6,18,6
23,3,23,21.4,1,1,0,20,4
14,2,14,30.0,1,1,0,13,0
15,2,15,29.3,1,0,1,6,0
6,0,6,12.7,1,1,0,10,1
19,1,19,23.0,0,0,2,0,2
1,1,1,4.5,1,0,2,20,3
13,2,13,30.5,1,1,2,50,3
20,4,20,10.4,0,0,2,9,3
18,3,18,10.0,1,0,1,18,0
13,5,13,28.4,1,0,10,24,10
10,5,10,14.1,1,0,17,11,18
21,4,21,20.0,0,0,0,40,0
12,4,12,29.9,1,1,2,3,3
14,1,14,30.1,0,1,1,14,0
1,4,1,18.6,0,0,1,18,0
16,2,16,21.4,0,0,2,0,2
1,3,1,15.0,1,0,11,25,6
8,2,8,18.3,1,1,1,13,2
13,3,13,16.5,0,0,16,20,3
20,2,20,24.9,1,1,0,27,1
16,4,16,29.8,0,1,2,7,2
23,3,23,8.7,1,0,0,20,0
10,6,10,9.6,1,0,2,13,3
16,5,16,22.6,1,0,17,11,18
8,0,8,12.4,1,1,2,14,3
12,3,12,27.7,0,0,2,30,3
19,5,19,30.2,1,1,0,6,0
10,6,10,27.7,1,0,2,39,13
19,1,19,29.2,0,0,2,14,3
17,2,17,14.8,1,0,2,39,13
16,4,16,33.8,1,1,6,18,20
18,4,18,26.3,1,1,2,8,2
23,3,23,21.1,0,0,3,5,0
14,3,14,14.7,1,0,0,6,1
13,0,13,13.5,0,0,16,44,2
13,4,13,31.4,1,1,11,25,11
19,2,19,31.5,1,1,1,9,0
6,6,6,13.6,1,1,11,25,6
11,0,11,24.6,0,1,0,6,0
13,3,13,28.2,1,1,2,27,2
22,6,22,19.5,1,1,25,11,23
12,0,12,25.4,1,1,2,13,2
10,0,10,15.3,1,0,7,34,16
11,0,11,22.1,0,0,2,15,3
18,5,18,17.7,0,0,7,6,7
21,2,21,14.8,1,0,2,10,3
17,1,17,17.3,0,0,2,14,3
5,4,5,15.3,0,0,3,5,13
9,6,9,25.1,1,1,9,71,48
14,5,14,29.6,0,0,5,20,5
12,3,12,21.3,1,1,2,30,3
21,6,21,21.4,1,1,2,0,2
15,4,15,34.6,1,1,2,0,3
22,2,22,12.0,0,0,19,32,15
20,0,20,22.6,1,1,2,7,3
7,1,7,14.4,1,1,4,10,15
15,3,15,26.8,1,1,9,22,22
19,4,19,33.8,1,1,0,15,0
18,0,18,34.6,1,1,2,40,2
23,1,23,21.3,1,1,18,31,4
14,6,14,28.8,1,1,5,11,5
18,4,18,15.5,1,0,2,13,2
10,6,10,25.3,1,1,0,21,0
13,2,13,31.0,0,1,0,21,0
11,3,11,12.5,0,0,2,8,2
19,3,19,23.9,1,1,0,40,0
6,0,6,14.5,1,1,0,6,0
21,5,21,14.6,0,0,2,26,4
7,0,7,13.5,1,1,2,10,2
15,2,15,31.0,1,1,0,14,0
23,5,23,19.4,0,0,0,6,0
16,4,16,20.1,1,0,2,58,3
1,3,1,16.3,1,0,11,25,6
2,2,2,17.7,0,0,0,3,2
17,5,17,15.6,1,0,0,27,0
21,4,21,20.5,0,1,2,13,3
8,6,8,17.3,1,0,2,10,2
14,4,14,21.8,1,0,2,12,2
20,5,20,19.6,1,1,0,2,0
9,0,9,17.1,1,1,4,10,2
3,3,3,13.8,1,0,3,17,0
18,6,18,15.3,1,1,2,18,2
12,5,12,28.8,1,1,2,20,13
18,5,18,17.6,1,0,2,15,2
1,0,1,17.7,1,0,3,5,0
11,6,11,12.0,1,0,13,26,10
21,5,21,22.5,1,1,25,11,13
13,2,13,29.6,1,1,0,9,0
18,5,18,17.7,1,1,0,1,0
18,0,18,28.0,1,1,0,3,2
7,5,7,13.9,1,1,17,11,18
11,4,11,10.2,0,0,0,14,0
6,2,6,12.3,1,1,2,6,2
12,2,12,24.9,1,1,2,0,3
8,3,8,11.6,1,1,2,3,2
23,6,23,14.5,0,0,11,25,6
7,1,7,12.5,1,1,2,8,2
10,4,10,22.2,1,1,31,64,33
21,1,21,8.0,0,0,0,6,0
15,6,15,31.1,0,1,2,13,3
10,5,10,20.6,1,1,2,13,3
14,1,14,29.5,0,0,0,3,1
8,3,8,16.0,1,1,7,16,37
19,3,19,12.5,1,0,16,20,3
16,6,16,16.7,1,0,47,11,14
12,3,12,26.8,1,1,10,24,23
20,6,20,14.7,1,1,0,6,0
6,6,6,9.0,1,1,2,9,3
21,6,21,23.4,1,1,4,10,2
7,4,7,14.8,1,1,2,12,2
16,5,16,22.6,0,0,0,9,0
21,0,21,9.9,0,0,0,13,0
8,5,8,15.3,1,1,0,16,0
4,0,4,14.8,0,0,2,7,3
8,4,8,16.8,1,1,2,15,2
13,3,13,20.1,0,1,2,44,2
21,5,21,14.6,0,1,2,13,3
17,2,17,15.6,1,0,2,9,3
7,2,7,13.3,1,1,2,2,3
19,3,19,29.4,1,1,2,13,2
22,6,22,16.1,1,1,2,1,2
19,3,19,13.5,0,1,0,61,0
19,6,19,16.1,1,1,1,18,0
23,3,23,12.7,0,0,11,25,6
15,2,15,30.6,1,1,0,13,0
11,6,11,29.3,1,1,2,13,3
8,2,8,14.9,1,1,0,12,1
9,4,9,21.9,0,0,10,24,23
13,1,13,16.1,0,0,0,28,0
19,4,19,28.4,1,1,1,18,0
23,4,23,7.6,1,0,2,68,4
10,3,10,10.6,0,0,0,6,0
13,1,13,31.6,1,1,23,43,4
18,2,18,19.0,0,0,2,9,3
2,1,2,9.8,0,0,11,25,6
11,0,11,10.0,0,0,2,2,2
14,2,14,29.4,0,0,3,5,0
21,3,21,14.0,1,0,13,53,8
12,6,12,26.5,1,1,2,0,3
12,1,12,26.4,0,1,0,20,0
19,2,19,16.5,0,1,2,0,3
11,4,11,16.4,1,0,12,23,4
20,0,20,20.9,1,1,2,9,3
17,2,17,13.5,1,0,16,3,0
22,4,22,11.5,1,1,17,11,14
19,2,19,13.0,0,0,2,8,2
14,0,14,31.7,0,0,4,10,4
23,5,23,23.6,1,1,18,31,13
15,1,15,30.0,1,1,16,20,2
20,6,20,11.4,1,0,2,2,3
15,0,15,22.9,0,1,2,0,3
1,5,1,10.9,0,0,2,9,2
13,0,13,30.5,1,1,10,24,23
20,6,20,28.3,1,1,0,6,0
20,4,20,24.2,1,1,2,5,13
12,6,12,12.5,0,0,28,76,14
7,1,7,9.4,1,1,2,0,3
19,0,19,27.9,1,1,2,15,2
17,3,17,13.1,1,0,2,8,3
2,4,2,0.7,0,0,11,25,6
7,4,7,12.7,1,1,2,12,2
19,3,19,28.6,1,1,7,39,55
13,2,13,19.6,1,1,2,9,3
23,4,23,20.7,1,1,2,48,4
6,3,6,3.6,0,0,23,43,4
16,6,16,33.5,1,1,7,41,27
14,6,14,27.0,1,0,15,29,4
13,0,13,28.2,1,1,2,2,3
14,0,14,29.4,1,1,2,10,2
6,2,6,12.0,1,1,2,7,2
17,3,17,29.3,1,1,0,15,0
7,2,7,14.1,1,1,2,9,3
6,5,6,9.9,1,1,0,18,0
23,4,23,20.9,1,1,26,47,10
23,0,23,22.6,1,1,26,47,10
8,2,8,13.2,1,1,14,57,12
21,6,21,21.4,1,1,2,7,3
16,4,16,35.9,1,1,1,3,2
13,1,13,20.8,1,0,15,29,4
11,5,11,25.4,1,1,2,7,3
10,3,10,19.4,0,1,2,70,4
19,3,19,22.3,1,1,0,6,1
8,5,8,16.5,1,1,2,5,13
8,6,8,12.9,1,1,2,6,2
16,6,16,24.2,0,1,1,13,2
17,5,17,29.5,1,1,0,8,1
19,4,19,23.7,1,1,0,40,0
20,3,20,23.3,1,0,0,15,0
11,5,11,28.7,1,1,2,0,2
9,4,9,18.4,1,1,2,19,4
21,3,21,14.4,0,0,2,44,2
16,2,16,36.6,1,1,2,20,2
18,5,18,33.8,1,1,2,23,2
15,0,15,13.3,0,0,2,18,2
8,1,8,16.9,1,1,0,9,0
6,1,6,14.6,1,1,2,7,2
19,1,19,22.8,0,1,0,9,1
7,0,7,10.4,1,1,2,36,2
12,2,12,23.8,1,1,2,18,2
21,5,21,19.5,0,0,2,26,4
19,6,19,13.9,1,1,2,1,2
10,4,10,22.0,1,1,1,17,0
15,6,15,31.1,1,1,1,14,1
15,3,15,33.5,1,1,2,58,2
10,3,10,20.4,1,1,2,40,2
16,4,16,30.7,1,1,2,30,3
17,2,17,29.4,1,1,2,40,2
15,5,15,22.3,0,0,0,28,0
1,4,1,14.3,1,0,2,20,3
21,2,21,16.1,1,1,2,10,3
9,1,9,19.9,1,0,2,0,3
16,1,16,35.7,1,1,31,92,33
23,1,23,15.9,0,0,1,27,1
15,2,15,10.5,1,1,9,39,24
23,5,23,20.4,0,1,11,25,6
10,6,10,11.3,1,3,9,79,28
14,3,14,15.0,0,0,2,5,4
14,3,14,25.5,0,0,7,34,16
8,3,8,10.5,1,1,7,99,37
22,0,22,11.3,0,1,0,0,0
12,2,12,15.3,1,1,2,15,2
23,1,23,18.9,1,1,20,33,5
17,1,17,30.5,1,1,2,2,3
18,5,18,13.0,0,0,2,28,2
19,6,19,14.6,0,0,11,25,11
6,2,6,12.5,1,1,0,6,0
23,5,23,6.2,1,0,19,32,15
11,2,11,9.1,1,0,9,39,24
8,5,8,17.6,1,1,2,44,2
17,1,17,30.6,1,1,17,11,18
11,5,11,24.2,0,1,2,13,2
16,4,16,27.8,1,1,2,15,3
14,6,14,18.6,1,0,2,0,3
20,0,20,31.9,0,1,2,40,2
21,0,21,19.0,1,1,0,10,0
7,4,7,12.6,1,1,2,23,2
13,6,13,33.6,0,0,1,6,0
23,3,23,13.3,0,0,0,6,0
7,6,7,14.5,1,1,2,28,2
13,3,13,14.1,0,0,9,41,19
7,3,7,15.8,1,1,2,0,3
17,5,17,18.1,1,0,1,14,1
22,0,22,22.2,1,1,6,18,6
17,6,17,22.4,1,0,2,26,4
19,2,19,23.2,0,1,2,13,2
10,5,10,11.9,1,0,2,2,2
14,5,14,31.5,1,1,2,8,3
6,2,6,13.5,1,1,1,8,0
17,6,17,29.8,0,1,2,78,2
1,3,1,18.5,0,0,1,8,1
0,0,0,19.5,1,0,25,62,13
18,5,18,14.7,0,0,0,23,0
17,4,17,23.9,1,0,2,20,4
13,6,13,30.0,1,1,15,29,4
8,1,8,15.4,0,0,0,2,0
18,5,18,16.6,0,0,0,13,0
12,4,12,23.6,1,1,2,23,2
19,1,19,26.0,1,1,0,18,2
21,6,21,18.9,0,0,2,23,2
17,4,17,18.1,0,0,0,14,1
23,3,23,3.2,0,0,11,25,6
17,6,17,29.5,0,0,7,79,28
10,2,10,21.4,0,1,0,1,0
8,3,8,16.3,1,1,2,5,13
6,1,6,12.0,1,1,16,20,3
6,3,6,7.6,1,1,16,20,1
6,6,6,11.3,1,1,0,23,2
22,4,22,19.5,0,0,2,10,4
13,0,13,21.9,0,0,0,14,0
12,3,12,21.3,1,1,2,6,2
11,4,11,21.9,0,0,2,13,3
16,4,16,29.5,0,1,1,9,0
7,6,7,13.5,1,1,2,23,2
8,2,8,19.8,1,1,2,44,2
21,2,21,21.6,0,1,2,3,2
15,2,15,30.3,1,1,2,52,2
20,3,20,21.3,0,1,2,13,2
8,4,8,11.4,0,1,21,23,5
11,4,11,23.2,1,0,2,13,3
17,6,17,28.8,1,0,2,27,3
13,6,13,22.2,1,1,2,13,2
16,4,16,30.2,1,1,1,6,1
16,2,16,28.8,0,1,0,28,0
16,5,16,28.4,1,1,3,5,0
18,0,18,10.6,1,0,17,46,14
19,6,19,10.1,0,0,2,20,4
9,4,9,23.3,1,1,2,19,4
12,1,12,27.9,1,1,2,21,2
20,5,20,21.0,1,0,2,8,2
13,3,13,30.7,0,1,2,0,3
21,0,21,23.6,1,1,2,23,2
19,3,19,28.1,1,1,1,18,0
18,0,18,31.8,0,0,1,5,0
10,6,10,22.1,1,1,2,20,13
8,5,8,18.7,1,1,2,13,2
13,0,13,27.4,0,0,6,18,20
11,5,11,23.0,1,1,0,9,0
12,1,12,15.4,0,0,2,8,3
9,6,9,12.9,1,1,7,69,17
3,0,3,9.0,1,0,8,11,8
10,2,10,22.8,0,1,2,0,3
17,2,17,17.8,1,1,2,10,4
6,4,6,14.9,1,1,16,20,3
8,2,8,13.7,1,1,2,14,3
17,0,17,13.3,0,0,2,18,2
21,3,21,23.4,0,0,2,13,2
21,5,21,16.1,0,1,9,41,19
22,3,22,16.8,0,1,0,3,1
13,1,13,27.2,1,1,23,43,4
19,2,19,15.8,0,0,11,25,11
17,3,17,32.6,0,1,0,9,0
22,2,22,20.9,0,0,2,14,2
20,5,20,22.8,1,1,2,7,2
22,0,22,20.4,0,1,2,9,3
21,5,21,8.9,0,0,2,10,2
8,1,8,8.8,1,0,0,9,1
12,3,12,29.6,1,1,9,59,48
8,1,8,17.1,1,1,0,13,0
14,1,14,25.0,0,1,0,21,0
20,2,20,14.7,1,0,2,5,13
22,3,22,17.2,0,0,0,8,1
13,2,13,34.2,1,1,2,15,2
9,0,9,21.8,1,1,0,8,0
16,0,16,32.8,1,1,2,8,3
0,5,0,16.4,0,0,2,0,2
21,4,21,16.9,1,1,0,0,1
11,4,11,26.0,1,1,0,36,0
19,0,19,15.2,1,3,0,0,0
6,3,6,14.8,1,1,2,2,2
16,0,16,35.2,1,1,0,3,2
15,6,15,30.9,1,1,2,1,2
13,6,13,14.4,1,0,0,23,0
19,4,19,26.0,1,1,2,0,3
16,0,16,13.8,1,0,4,10,4
7,2,7,14.5,1,1,3,5,0
11,1,11,21.6,1,1,2,30,3
19,3,19,17.4,0,0,11,25,11
15,4,15,34.7,1,1,1,2,2
23,4,23,9.1,1,0,2,68,13
20,6,20,8.1,1,0,0,10,0
2,6,2,15.1,1,0,11,25,6
16,1,16,19.4,1,0,0,15,0
1,0,1,9.1,1,0,2,4,13
12,6,12,28.9,1,1,2,13,2
12,2,12,29.8,1,1,2,6,2
8,6,8,12.8,1,1,0,9,0
20,2,20,16.9,1,1,2,20,2
19,4,19,14.0,0,0,0,8,1
13,5,13,14.5,0,0,2,18,2
13,0,13,30.3,1,1,1,40,1
14,1,14,25.9,0,1,9,39,59
17,2,17,27.5,1,1,2,40,2
22,5,22,19.5,1,0,25,11,23
12,2,12,23.1,1,1,2,8,2
17,5,17,15.4,0,0,2,8,3
3,4,3,11.8,1,0,77,46,5
18,1,18,28.4,1,1,2,14,2
19,3,19,25.8,1,1,16,20,3
20,5,20,17.7,0,0,2,0,3
6,2,6,12.2,1,1,0,0,0
7,0,7,10.5,0,1,0,0,0
15,3,15,29.2,1,1,2,10,2
16,3,16,31.1,1,1,2,44,2
11,3,11,19.1,1,1,12,23,4
13,5,13,15.9,0,2,0,39,0
13,2,13,23.0,1,0,1,2,0
11,6,11,15.8,0,0,2,23,3
9,1,9,22.3,1,1,0,14,0
13,5,13,30.5,1,1,2,23,2
18,2,18,17.1,1,1,2,13,2
10,6,10,18.4,1,0,2,11,13
11,2,11,27.6,1,1,2,12,2
23,6,23,14.2,0,1,1,0,0
14,5,14,23.2,1,0,9,16,9
17,4,17,16.9,1,0,2,18,2
14,1,14,26.1,0,0,2,0,2
6,0,6,11.4,1,1,2,9,2
13,1,13,17.2,1,0,10,24,10
8,4,8,16.5,0,1,20,33,5
6,4,6,9.2,1,1,0,18,0
19,1,19,17.7,1,1,0,0,0
17,5,17,28.1,1,1,1,0,0
20,4,20,13.8,0,0,1,13,0
12,6,12,27.0,1,1,2,20,3
13,4,13,11.4,0,0,16,20,3
9,5,9,23.4,0,1,1,9,2
10,6,10,10.5,0,0,2,40,3
22,3,22,17.0,1,0,13,53,8
8,4,8,19.2,1,1,2,18,2
15,6,15,10.4,1,0,2,14,3
8,2,8,14.8,1,1,0,8,0
14,1,14,28.8,1,1,2,14,2
14,3,14,33.7,0,1,2,13,2
12,0,12,14.7,1,0,7,34,16
14,2,14,11.4,0,0,0,0,0
17,0,17,34.6,1,1,1,60,1
22,6,22,7.2,0,0,3,5,0
15,4,15,31.1,1,1,5,11,5
8,5,8,9.9,1,1,2,30,2
15,3,15,20.2,1,0,7,34,36
16,5,16,14.6,1,0,0,14,1
15,3,15,27.9,1,0,2,8,2
7,1,7,11.5,1,1,2,15,3
19,0,19,26.0,0,0,2,40,2
20,2,20,23.1,1,1,2,1,2
8,4,8,8.5,1,1,9,9,9
10,1,10,18.0,0,1,0,1,0
13,0,13,26.4,0,1,2,13,3
17,5,17,31.9,1,1,2,40,2
22,5,22,15.6,0,0,2,80,4
22,2,22,13.0,0,0,17,23,14
16,4,16,29.0,0,0,0,5,2
8,5,8,12.0,1,1,2,0,2
9,0,9,10.2,1,1,7,34,16
12,6,12,19.0,0,1,2,23,2
22,4,22,15.9,0,0,2,10,4
13,5,13,15.4,1,0,1,0,0
4,3,4,8.6,1,0,0,3,1
13,2,13,13.9,0,0,1,2,0
3,3,3,8.4,0,0,3,5,13
14,1,14,27.4,1,1,2,12,2
6,6,6,11.1,0,0,2,11,4
13,4,13,32.0,1,1,5,11,5
6,2,6,12.7,1,1,2,2,2
19,0,19,28.3,1,1,2,20,2
0,1,0,10.3,1,0,11,25,6
19,1,19,25.5,1,1,16,20,3
11,6,11,20.2,0,0,2,8,3
15,2,15,13.8,1,0,0,21,0
22,6,22,10.4,0,0,2,58,3
7,3,7,13.7,1,1,2,12,2
23,4,23,20.8,1,1,2,48,13
14,1,14,15.8,1,0,2,15,2
13,0,13,18.4,0,0,2,18,2
3,4,3,16.7,0,0,3,49,15
16,4,16,25.0,1,0,0,2,0
17,2,17,31.9,0,1,0,21,0
12,5,12,26.2,1,1,1,42,2
8,0,8,14.7,0,1,2,0,2
22,1,22,16.6,0,0,1,17,0
10,0,10,13.9,1,0,2,20,13
18,4,18,11.8,0,0,0,138,0
23,2,23,15.9,1,1,2,11,13
1,5,1,4.1,1,0,5,11,5
15,5,15,28.4,1,1,0,6,0
6,6,6,13.5,1,1,3,49,15
12,2,12,15.9,1,3,7,82,28
19,5,19,7.3,0,0,0,9,1
4,5,4,3.0,0,0,11,25,11
15,2,15,19.3,1,1,2,3,3
12,3,12,25.9,1,1,2,2,3
22,6,22,21.3,1,1,16,20,2
2,4,2,0.9,0,0,11,25,6
15,3,15,27.4,1,1,2,8,3
22,6,22,16.0,0,0,2,65,4
6,0,6,11.1,1,1,0,6,0
17,3,17,25.9,1,0,7,34,16
13,3,13,9.4,0,0,0,6,0
17,1,17,11.7,0,0,2,27,2
17,5,17,31.6,0,1,2,16,2
14,6,14,33.3,1,1,2,12,2
22,4,22,21.0,0,1,1,17,2
15,4,15,12.4,0,0,2,0,3
13,6,13,29.0,1,1,2,50,2
10,0,10,11.7,0,0,2,13,3
17,4,17,17.4,0,0,2,27,2
14,1,14,31.4,1,1,0,6,0
10,3,10,17.6,1,1,2,7,3
12,3,12,18.9,1,1,14,57,12
8,3,8,11.5,1,1,22,37,4
19,5,19,20.7,0,0,2,28,2
13,5,13,14.2,0,0,0,14,0
18,1,18,31.6,1,1,2,18,2
11,0,11,27.7,1,1,2,20,3
9,0,9,19.4,0,1,0,1,1
11,4,11,29.4,1,1,2,20,4
15,6,15,30.1,1,1,2,13,3
6,0,6,10.7,1,1,1,6,1
16,0,16,13.8,0,0,9,6,38
7,1,7,11.0,1,1,0,16,0
10,0,10,12.9,1,1,7,34,16
19,0,19,25.8,1,1,2,2,3
12,2,12,27.0,1,1,2,15,3
13,2,13,29.2,1,1,1,9,0
11,6,11,10.3,1,0,13,26,10
22,3,22,17.3,0,0,5,6,5
10,5,10,24.5,1,0,17,11,18
23,0,23,18.9,1,0,1,2,0
0,6,0,14.1,1,0,16,20,2
20,3,20,23.0,0,1,2,20,2
16,3,16,17.8,1,0,16,44,2
13,3,13,21.6,0,0,16,134,1
10,0,10,24.4,1,1,2,0,2
7,0,7,13.5,1,1,2,12,2
23,6,23,15.0,0,0,0,10,0
11,0,11,16.7,0,1,2,15,2
11,2,11,25.9,1,1,2,12,2
14,2,14,27.1,0,0,7,39,39
18,6,18,23.8,0,0,2,20,3
12,3,12,21.8,1,1,6,40,26
1,4,1,14.6,0,0,77,23,5
16,1,16,10.7,1,0,2,6,3
16,0,16,27.9,0,0,2,6,2
8,6,8,16.5,1,1,0,16,0
11,1,11,9.6,0,0,0,14,0
18,3,18,26.1,1,1,0,40,0
17,6,17,21.3,0,0,0,23,0
19,6,19,18.3,0,0,2,23,3
12,1,12,27.0,1,1,0,9,0
11,4,11,26.1,1,1,0,9,0
18,2,18,28.4,0,0,2,8,2
9,6,9,17.7,1,1,2,8,3
21,6,21,11.9,0,0,2,27,2
23,0,23,18.0,1,1,6,18,6
20,5,20,24.6,0,1,1,13,1
0,4,0,15.4,0,0,0,27,0
13,4,13,16.0,0,1,2,2,3
14,1,14,17.9,1,0,4,72,2
6,2,6,12.1,1,1,2,0,2
12,6,12,17.3,1,1,2,3,3
17,1,17,35.5,0,0,31,7,34
12,4,12,24.2,1,1,43,39,17
21,0,21,8.0,0,1,7,14,55
16,3,16,27.1,1,3,7,34,16
19,6,19,22.0,1,1,2,7,2
11,2,11,27.8,1,1,2,8,3
14,2,14,27.7,1,1,2,0,2
10,2,10,24.1,1,1,2,21,2
2,6,2,5.1,0,0,11,25,6
18,6,18,23.6,1,1,0,15,0
1,4,1,18.3,0,0,1,18,1
16,5,16,31.2,1,1,2,13,3
18,4,18,29.0,1,1,2,14,2
7,6,7,15.4,1,1,2,14,3
16,6,16,21.5,0,0,2,8,3
15,0,15,27.7,0,0,0,14,0
15,3,15,14.9,1,0,1,8,2
21,1,21,20.9,0,0,6,18,6
13,2,13,19.3,1,1,7,21,7
0,3,0,12.2,0,0,1,2,0
6,5,6,12.9,1,1,11,25,6
19,1,19,27.4,1,1,4,10,2
23,1,23,17.3,1,1,2,48,13
21,1,21,11.8,0,0,2,7,2
5,2,5,12.9,1,0,11,25,6
4,6,4,2.2,1,0,2,2,3
23,5,23,16.0,0,0,2,80,4
18,6,18,29.6,0,1,1,5,0
17,4,17,29.4,0,0,0,15,0
6,2,6,6.6,1,1,16,20,3
22,3,22,7.2,0,0,2,18,2
8,1,8,10.7,1,1,6,18,6
15,4,15,29.1,1,1,2,0,2
13,5,13,29.2,0,0,2,2,3
14,0,14,19.9,0,0,17,23,18
18,2,18,19.9,1,0,9,82,28
19,2,19,17.2,1,1,1,18,2
18,6,18,31.6,1,1,7,63,28
10,6,10,7.0,1,0,2,7,3
19,5,19,23.5,0,0,0,9,1
16,4,16,35.5,1,1,2,8,3
15,0,15,23.7,1,1,2,12,2
18,3,18,28.5,1,1,2,13,2
21,3,21,18.9,0,1,2,0,2
13,0,13,10.7,0,0,0,3,1
18,0,18,11.9,0,0,2,13,2
15,5,15,16.3,0,0,2,40,2
19,4,19,23.9,0,0,2,15,3
20,5,20,25.1,0,1,2,7,2
22,4,22,18.6,1,1,2,26,4
15,4,15,31.1,1,1,0,0,0
14,2,14,18.7,0,0,2,10,13
10,1,10,7.9,1,0,2,13,3
10,6,10,10.1,1,0,9,41,19
18,2,18,13.5,1,0,2,0,2
17,1,17,30.1,0,0,2,14,2
20,1,20,24.9,1,1,44,88,61
18,2,18,11.6,0,0,7,74,47
15,5,15,17.7,1,0,16,44,2
15,2,15,35.4,1,1,1,6,2
10,6,10,24.9,1,1,7,2,17
14,2,14,29.6,1,1,2,13,2
18,1,18,28.6,1,1,2,6,2
11,0,11,21.6,1,1,2,19,4
11,1,11,7.7,1,0,2,19,4
17,1,17,30.8,0,0,0,15,0
18,0,18,16.8,1,1,2,9,3
20,4,20,21.5,1,1,2,6,2
6,3,6,10.0,1,1,2,2,3
8,6,8,14.1,1,1,2,0,2
21,1,21,20.6,1,1,2,26,4
15,2,15,11.5,1,0,16,44,2
6,3,6,15.0,1,1,0,10,1
18,2,18,12.2,1,0,1,0,0
16,2,16,30.9,1,1,0,2,0
8,1,8,14.1,1,1,2,15,2
8,4,8,6.9,1,0,2,13,3
22,5,22,20.7,0,1,2,7,3
15,6,15,30.8,0,1,2,16,2
10,0,10,11.4,0,1,9,67,42
3,2,3,7.1,1,0,0,5,0
16,0,16,18.5,1,1,5,11,5
23,6,23,21.5,0,0,2,2,3
14,3,14,34.3,0,1,0,6,0
7,2,7,11.3,1,1,2,2,3
6,4,6,9.4,1,1,2,6,2
8,5,8,18.1,1,1,2,0,3
11,4,11,11.3,1,0,2,20,3
18,2,18,18.3,0,0,0,28,0
17,3,17,25.3,0,0,16,3,0
9,1,9,19.1,1,1,2,44,2
16,0,16,27.6,0,0,2,10,8
23,6,23,19.6,1,1,20,33,5
13,3,13,24.6,0,0,2,4,4
19,2,19,26.7,1,1,2,0,2
10,4,10,26.5,1,1,2,13,2
12,5,12,13.7,1,0,2,9,3
15,3,15,29.2,1,1,2,3,3
9,4,9,12.8,1,0,7,67,39
15,3,15,32.1,1,1,9,41,19
9,6,9,21.5,1,1,7,71,17
19,0,19,15.6,0,0,0,9,1
0,0,0,14.6,0,0,0,10,0
15,6,15,19.5,0,0,0,21,0
15,6,15,33.7,1,1,0,10,0
7,2,7,5.6,1,1,2,23,2
9,0,9,19.1,1,1,4,10,2
2,2,2,16.8,0,0,0,27,0
8,1,8,12.6,0,0,25,11,13
15,5,15,31.2,1,1,0,14,0
18,3,18,25.1,1,1,2,9,2
11,6,11,26.7,1,1,0,14,0
22,0,22,10.0,0,0,2,23,2
16,5,16,31.0,1,1,2,13,2
12,0,12,28.5,0,0,0,0,0
6,2,6,14.1,1,1,2,0,2
15,4,15,14.9,1,1,15,29,4
20,6,20,24.0,1,1,2,7,2
16,3,16,29.9,1,1,2,9,3
6,2,6,11.9,1,1,16,20,3
13,6,13,20.4,0,0,4,10,4
20,4,20,23.4,1,1,2,13,3
21,2,21,6.9,0,0,2,44,2
18,5,18,21.6,1,0,4,10,4
1,0,1,17.7,0,0,0,1,0
13,4,13,15.0,1,0,9,41,19
20,0,20,24.5,1,0,0,20,0
10,1,10,23.9,1,1,2,0,2
22,2,22,17.7,1,1,1,0,0
9,0,9,18.2,1,1,2,21,2
0,3,0,7.0,1,0,2,5,13
21,2,21,10.9,0,0,2,13,2
16,5,16,31.6,0,0,2,30,2
18,1,18,9.4,1,0,2,8,3
14,0,14,29.0,1,1,0,15,0
12,2,12,26.8,1,1,2,23,2
13,6,13,28.5,1,1,2,14,3
21,0,21,19.1,0,0,2,26,13
21,6,21,21.9,0,0,1,44,1
11,0,11,14.5,0,0,0,15,0
13,3,13,26.8,1,1,16,3,0
19,3,19,10.7,1,0,0,18,0
14,2,14,11.3,1,0,2,14,3
21,4,21,21.0,1,1,2,26,4
10,1,10,21.1,0,0,43,39,30
5,0,5,4.8,1,0,1,44,1
12,0,12,26.8,1,1,11,25,11
16,0,16,18.8,1,1,2,5,13
19,5,19,18.1,1,0,2,14,2
23,6,23,19.8,0,0,1,89,0
16,1,16,19.4,0,0,0,14,0
13,4,13,32.8,1,1,31,92,33
9,6,9,7.1,1,0,2,19,4
16,6,16,18.3,0,0,16,20,3
21,5,21,20.4,1,1,0,6,0
13,3,13,27.6,1,1,2,0,2
9,1,9,16.3,0,0,0,2,0
10,3,10,21.2,0,0,2,13,2
17,0,17,27.0,1,1,7,13,27
18,4,18,17.8,0,0,1,2,1
14,6,14,30.7,1,1,13,26,10
15,1,15,30.0,1,1,0,6,0
11,2,11,24.5,1,1,2,31,13
7,0,7,13.3,1,1,2,12,2
2,0,2,2.6,0,0,11,25,6
22,4,22,3.6,1,0,16,20,1
8,3,8,18.5,1,1,1,6,1
14,6,14,21.8,0,0,1,2,0
12,3,12,19.4,1,1,2,0,3
2,5,2,14.2,0,0,1,6,1
22,1,22,25.8,0,0,0,13,0
18,3,18,8.7,0,0,13,53,8
3,6,3,13.8,0,0,11,25,6
22,6,22,10.8,1,0,2,7,3
21,6,21,25.0,1,1,0,27,0
8,6,8,17.7,0,1,1,9,2
11,2,11,16.6,1,1,6,18,6
16,0,16,30.1,1,1,2,6,3
20,6,20,23.5,1,1,0,9,0
15,3,15,20.9,0,0,2,14,2
11,4,11,21.7,1,1,2,20,13
12,6,12,26.3,1,1,2,13,3
18,5,18,30.5,0,1,0,9,0
16,4,16,33.6,1,1,1,6,1
18,5,18,30.2,1,1,16,20,3
20,1,20,23.8,0,1,2,13,2
20,4,20,13.6,0,0,1,13,0
15,1,15,30.2,1,1,3,5,0
15,3,15,34.4,0,1,46,34,16
11,2,11,14.2,0,0,2,8,3
14,3,14,28.6,1,1,1,2,1
14,0,14,18.6,1,0,0,9,0
15,5,15,32.0,1,1,2,10,2
20,6,20,25.4,0,0,24,5,5
13,3,13,31.9,0,0,1,27,2
13,5,13,22.1,0,0,4,10,4
8,6,8,10.4,1,1,2,10,13
13,0,13,18.7,1,1,1,2,0
21,6,21,19.5,0,1,2,13,3
16,1,16,27.9,1,3,9,63,28
10,2,10,25.3,0,0,10,24,23
16,6,16,28.7,1,1,4,10,5
14,3,14,33.8,1,1,1,8,1
12,6,12,29.6,1,1,2,2,3
8,0,8,19.2,1,1,6,18,6
4,1,4,8.9,0,0,16,20,3
10,1,10,22.2,1,1,2,7,2
7,5,7,12.3,1,1,16,20,3
17,4,17,27.3,1,1,91,7,49
15,3,15,14.8,0,0,4,10,2
18,1,18,14.4,0,0,31,64,33
11,2,11,27.6,1,1,0,9,0
9,0,9,8.0,0,0,1,6,2
15,3,15,26.9,1,1,2,6,3
12,3,12,12.8,0,0,7,34,16
5,3,5,16.0,1,0,2,6,3
15,1,15,26.7,1,1,1,23,1
3,0,3,12.0,1,0,8,5,8
15,5,15,30.8,1,1,0,21,0
23,2,23,6.8,0,0,1,3,1
7,2,7,11.9,1,1,2,12,2
16,3,16,32.6,1,1,0,2,0
7,0,7,12.3,1,1,2,15,2
20,0,20,26.5,1,1,2,2,2
22,4,22,19.6,0,0,13,26,10
7,5,7,-0.6,1,1,9,105,58
8,0,8,19.0,0,1,20,33,5
17,3,17,28.4,1,1,2,9,2
9,4,9,8.4,0,0,0,2,0
8,0,8,13.1,1,1,1,8,1
10,5,10,18.1,1,1,2,0,2
1,5,1,12.5,1,0,16,20,3
11,0,11,12.9,1,0,7,34,36
9,4,9,21.0,0,0,9,39,30
7,4,7,9.4,1,1,2,9,2
9,0,9,14.6,1,1,2,19,13
6,4,6,11.0,1,1,2,6,3
16,0,16,30.2,1,1,6,18,6
13,6,13,15.4,0,0,4,72,2
6,4,6,14.5,1,1,4,10,2
10,3,10,21.6,1,1,31,64,33
8,4,8,16.9,1,1,0,20,0
11,4,11,22.9,0,0,0,14,1
4,2,4,3.0,1,0,2,1,3
15,1,15,31.0,1,1,1,6,0
21,2,21,18.6,0,1,2,6,2
12,0,12,15.0,0,0,0,20,0
15,4,15,30.2,1,2,3,5,0
13,2,13,27.9,1,1,0,23,2
17,2,17,25.2,1,1,2,14,2
18,0,18,15.3,1,1,2,15,3
5,5,5,14.8,1,0,2,9,3
7,4,7,14.0,0,1,22,37,4
9,1,9,19.7,0,1,0,1,0
18,5,18,28.2,0,0,0,9,0
11,5,11,21.6,1,1,7,81,42
20,1,20,30.5,0,1,2,0,3
17,5,17,31.1,1,1,2,20,4
10,3,10,18.3,0,0,2,2,3
10,3,10,7.7,0,0,2,14,2
17,1,17,16.7,1,1,2,30,3
16,1,16,29.8,1,1,2,8,3
6,2,6,0.0,0,0,2,68,4
21,5,21,22.5,1,1,4,10,2
5,0,5,8.9,0,0,2,48,4
18,2,18,14.1,0,0,0,21,0
17,0,17,30.7,1,1,0,1,0
9,5,9,9.0,1,0,2,30,2
9,5,9,18.4,1,1,0,9,0
13,5,13,22.5,1,1,0,14,0
20,3,20,22.0,1,1,0,6,0
14,0,14,27.1,0,0,1,20,0
5,0,5,1.0,0,0,17,20,18
17,5,17,27.1,0,1,2,0,3
10,5,10,13.4,0,1,0,15,0
6,1,6,15.6,1,1,16,20,3
18,0,18,27.6,1,1,2,2,3
15,5,15,25.0,0,1,2,0,3
7,0,7,13.4,1,1,3,5,13
9,1,9,5.6,1,1,9,39,102
13,0,13,14.7,0,0,2,10,13
21,4,21,23.5,1,1,2,23,2
15,3,15,28.7,0,1,2,13,2
16,6,16,15.4,0,0,2,8,3
12,3,12,13.3,1,3,32,6,35
0,6,0,11.5,1,0,2,10,2
8,1,8,16.0,0,0,13,26,10
17,1,17,35.3,1,1,5,46,5
15,4,15,16.3,1,0,0,21,0
10,5,10,24.7,1,0,2,19,13
7,1,7,8.9,1,1,2,9,3
13,1,13,17.4,0,0,4,72,2
9,0,9,6.6,1,0,9,82,28
12,1,12,14.0,0,0,2,20,3
17,1,17,29.3,1,1,2,14,2
12,1,12,30.1,1,1,10,24,23
21,4,21,22.0,1,1,25,11,13
3,4,3,1.6,1,0,7,0,17
18,1,18,33.4,1,1,2,0,2
13,1,13,30.8,1,1,2,6,3
15,5,15,33.6,0,1,2,13,3
13,6,13,27.6,1,1,2,13,3
21,4,21,22.6,1,1,0,10,1
14,6,14,16.7,0,0,2,2,2
10,5,10,21.5,1,0,2,21,2
6,2,6,12.4,1,1,1,5,0
10,0,10,8.0,1,3,7,34,43
13,5,13,16.0,0,0,1,14,0
15,5,15,20.2,0,1,0,28,0
6,6,6,12.4,1,0,2,27,3
16,0,16,28.3,0,0,0,13,0
23,5,23,21.4,1,1,4,10,2
12,2,12,28.7,1,1,2,7,3
6,4,6,9.9,0,0,21,23,5
9,6,9,20.0,1,1,2,14,3
18,0,18,31.4,1,1,0,6,0
13,4,13,25.4,0,1,2,39,4
9,1,9,13.0,1,1,2,10,3
9,5,9,23.4,1,1,2,0,2
17,6,17,22.3,0,0,2,6,3
13,5,13,16.9,0,0,2,13,3
16,4,16,33.8,1,1,2,20,3
21,3,21,15.8,1,0,54,44,70
23,4,23,12.1,1,0,2,11,4
16,2,16,11.6,1,0,0,3,1
10,1,10,22.8,1,1,0,28,0
5,4,5,15.4,1,0,0,3,2
21,2,21,27.1,1,1,0,27,0
18,5,18,24.3,0,0,0,14,1
1,5,1,14.1,0,0,0,27,0
19,6,19,28.7,1,1,16,20,3
16,4,16,26.6,0,0,0,12,0
14,5,14,28.1,0,0,1,20,1
15,6,15,30.5,1,1,2,3,3
20,2,20,5.5,1,0,4,10,2
8,6,8,14.8,1,1,2,14,2
15,5,15,32.6,1,1,3,5,0
23,2,23,17.4,0,0,2,10,3
9,4,9,23.1,1,1,0,28,0
7,1,7,1.3,1,2,9,63,28
17,6,17,33.3,1,1,2,13,3
18,2,18,28.2,1,1,2,8,3
17,2,17,27.6,1,1,2,6,3
7,6,7,11.8,1,1,16,20,3
10,2,10,23.3,0,1,2,18,2
6,2,6,5.0,1,1,9,105,19
16,2,16,30.2,1,1,2,20,2
14,2,14,11.2,0,0,32,67,35
19,4,19,31.4,1,1,9,41,25
12,0,12,25.7,1,1,12,23,4
13,3,13,27.6,1,1,2,15,2
20,0,20,26.2,1,1,2,9,3
19,3,19,26.5,0,0,5,76,5
15,0,15,30.6,1,1,1,16,2
11,1,11,24.9,1,1,0,9,0
19,4,19,7.5,1,0,0,8,0
19,0,19,29.2,0,1,2,26,13
10,5,10,10.4,1,0,2,14,2
11,3,11,24.5,1,0,5,11,5
23,2,23,17.9,1,1,18,31,4
21,5,21,8.4,0,0,1,13,2
17,4,17,33.2,1,1,6,18,20
6,1,6,15.6,1,1,1,2,1
17,1,17,13.4,0,0,2,18,2
6,4,6,-0.7,1,0,2,8,2
22,6,22,20.6,1,1,20,33,5
20,5,20,13.0,0,0,2,0,2
16,0,16,31.0,1,1,2,8,2
18,1,18,23.7,0,1,0,36,0
8,2,8,14.3,1,1,2,12,3
12,5,12,20.7,0,0,1,14,2
15,6,15,29.9,1,1,2,21,2
7,2,7,13.0,1,1,0,6,0
6,6,6,11.0,1,1,0,10,1
20,6,20,25.7,1,1,0,9,0
16,3,16,33.0,0,1,1,2,0
21,4,21,20.5,1,1,2,26,4
7,1,7,10.4,1,1,2,15,2
18,0,18,17.3,1,1,2,18,2
12,6,12,28.0,1,1,12,23,4
16,2,16,29.8,0,1,2,16,2
13,2,13,26.1,0,1,0,12,1
6,2,6,13.3,1,1,0,6,0
10,2,10,15.9,1,1,2,9,2
21,1,21,17.2,0,1,2,9,3
6,5,6,4.7,0,0,2,48,13
23,5,23,18.8,1,0,20,33,5
23,6,23,20.1,1,1,20,33,5
23,3,23,17.9,1,1,2,68,13
6,1,6,9.9,1,1,2,6,2
19,0,19,29.0,0,0,2,30,2
15,1,15,22.3,0,0,0,21,0
21,5,21,27.6,1,1,2,23,2
19,5,19,22.2,1,0,0,9,0
6,5,6,7.7,0,1,2,23,3
0,3,0,16.9,1,0,2,5,8
14,5,14,19.8,1,1,2,8,2
7,6,7,11.6,1,1,0,0,0
11,0,11,23.9,1,1,2,20,3
21,3,21,20.5,1,1,2,23,2
1,5,1,17.1,0,0,2,2,3
14,3,14,18.3,1,0,1,8,1
8,2,8,9.0,1,3,7,9,43
15,1,15,11.8,0,0,1,2,0
22,1,22,17.1,1,1,20,33,5
22,1,22,17.2,0,0,0,27,0
23,0,23,7.4,1,0,5,5,5
17,5,17,35.0,1,1,2,2,2
20,4,20,21.5,1,1,0,13,0
19,5,19,13.5,0,0,2,20,4
17,0,17,27.8,1,1,2,40,2
3,1,3,11.2,0,0,11,25,6
7,2,7,14.3,1,1,2,12,3
20,1,20,19.2,1,1,0,2,0
14,5,14,28.7,0,0,0,3,1
17,0,17,34.0,1,1,1,13,0
9,4,9,22.1,1,1,2,19,4
21,4,21,18.5,0,0,2,5,4
2,3,2,16.5,0,0,2,2,3
13,1,13,11.1,1,0,2,50,3
11,0,11,9.1,1,0,9,39,24
6,4,6,9.6,1,1,16,20,3
19,3,19,20.6,1,0,7,40,17
10,6,10,21.5,1,1,2,0,3
14,1,14,30.1,1,1,2,14,2
20,0,20,12.7,0,0,13,26,10
13,2,13,27.9,1,1,0,23,0
12,1,12,29.8,1,1,7,86,17
5,6,5,12.7,0,0,5,76,5
10,6,10,24.4,1,1,2,40,3
10,5,10,4.1,1,0,2,0,3
20,3,20,15.4,1,1,2,9,2
3,5,3,3.9,0,0,3,5,13
8,4,8,15.8,1,1,2,6,2
9,1,9,18.3,1,0,7,69,17
10,0,10,18.5,1,0,7,34,16
10,0,10,21.1,1,1,7,19,7
17,3,17,32.9,1,1,0,0,0
10,4,10,22.3,1,1,0,15,1
18,3,18,24.1,1,0,7,63,82
18,3,18,28.9,1,1,2,23,3
17,6,17,32.1,1,1,2,13,3
18,1,18,29.7,1,1,2,18,2
6,4,6,4.4,0,0,2,5,13
11,4,11,14.8,1,1,2,0,3
19,1,19,19.6,0,1,2,0,3
22,6,22,10.6,0,0,3,5,0
16,3,16,14.0,0,1,7,6,27
21,0,21,18.6,1,0,2,26,4
18,5,18,14.6,0,0,2,14,3
11,3,11,9.5,0,0,2,6,3
7,1,7,12.9,1,0,2,13,2
3,6,3,6.1,1,0,17,11,14
13,5,13,26.6,0,1,2,13,3
11,1,11,16.1,1,0,2,44,2
6,5,6,11.8,1,1,0,6,0
19,1,19,17.5,1,0,0,40,0
22,6,22,25.4,0,0,36,76,12
12,3,12,11.0,1,0,2,20,4
23,6,23,16.0,0,0,0,2,0
5,6,5,9.7,1,0,2,3,3
10,6,10,6.6,1,0,2,14,3
22,4,22,18.5,1,0,20,33,5
13,2,13,33.3,1,1,0,2,1
8,2,8,19.4,1,1,2,13,2
19,6,19,26.8,0,1,0,61,0
10,6,10,27.4,1,1,1,36,2
9,5,9,3.3,1,0,7,8,43
13,5,13,29.1,0,0,2,18,2
10,4,10,19.2,1,1,2,6,3
16,6,16,28.7,1,1,1,13,2
11,4,11,14.5,1,1,2,19,4
9,1,9,27.1,1,1,2,0,2
6,4,6,14.9,1,1,2,6,2
1,1,1,9.5,0,0,2,3,3
18,2,18,18.4,0,1,1,44,1
16,6,16,23.1,1,1,2,10,4
19,0,19,24.7,1,1,2,9,3
20,6,20,13.9,0,0,2,13,3
12,0,12,26.7,1,1,7,71,19
20,0,20,25.2,0,0,2,26,13
14,3,14,30.7,0,0,0,15,0
10,4,10,18.1,1,1,0,13,0
15,3,15,27.9,0,0,1,3,0
18,5,18,32.8,1,1,0,27,0
2,4,2,12.9,0,0,2,1,2
19,2,19,21.3,1,0,2,20,4
8,0,8,14.3,1,1,2,15,3
15,3,15,15.1,1,0,7,34,16
14,2,14,24.9,0,0,0,3,1
15,4,15,29.7,1,1,0,40,0
23,2,23,7.7,1,0,2,48,4
4,5,4,1.5,0,0,16,20,3
16,6,16,33.5,1,1,1,13,0
14,3,14,14.8,0,0,0,28,0
20,2,20,19.0,1,0,0,20,0
23,1,23,19.3,1,1,2,48,13
10,5,10,6.9,1,0,2,9,3
12,0,12,28.1,1,1,2,3,3
16,5,16,32.6,0,0,2,6,3
14,4,14,30.6,0,1,4,72,2
19,0,19,15.0,1,1,0,40,0
7,3,7,12.0,1,1,2,7,2
19,0,19,29.2,0,0,2,15,3
11,0,11,25.4,1,1,2,13,2
17,6,17,29.9,1,1,2,8,3
8,6,8,19.5,1,0,2,28,2
18,0,18,25.9,0,0,2,18,3
17,4,17,31.1,1,1,1,8,0
18,3,18,28.9,0,1,2,8,2
11,3,11,26.8,1,1,5,11,5
15,1,15,31.2,1,1,0,13,0
10,3,10,13.7,0,0,0,2,0
19,6,19,15.7,1,1,0,18,0
9,2,9,22.5,1,1,2,13,2
9,1,9,22.3,1,1,2,6,3
20,2,20,22.3,1,1,0,6,0
19,4,19,24.4,1,1,2,8,3
7,1,7,10.9,1,1,3,5,13
17,6,17,27.2,1,1,31,64,33
15,6,15,25.4,1,1,0,6,0
16,1,16,23.4,1,1,2,9,3
16,5,16,7.6,1,0,2,13,2
22,0,22,22.7,0,0,0,14,0
2,5,2,5.3,0,0,2,8,2
7,5,7,13.3,1,1,2,0,3
11,5,11,14.4,1,0,0,28,0
11,6,11,26.1,1,1,2,20,3
13,4,13,31.1,1,1,9,12,55
23,4,23,17.6,1,1,2,48,13
13,3,13,20.3,1,1,0,28,0
10,2,10,26.9,1,1,0,13,0
12,2,12,11.1,0,0,4,10,5
6,2,6,6.2,1,1,3,5,0
3,0,3,7.6,1,0,17,11,18
19,5,19,14.2,0,0,2,14,2
11,0,11,26.6,0,0,12,23,4
11,4,11,17.2,1,0,2,0,3
18,4,18,20.4,1,1,16,20,3
21,2,21,21.1,1,1,0,0,1
15,1,15,28.5,0,0,2,4,4
11,2,11,27.0,1,1,9,15,17
13,4,13,17.0,1,0,2,9,3
10,5,10,24.3,0,1,2,6,2
19,6,19,25.5,1,1,2,20,2
9,2,9,14.5,1,1,2,10,3
6,5,6,0.9,1,0,2,0,2
12,2,12,20.3,1,0,0,21,0
14,6,14,17.8,1,0,7,40,98
12,3,12,31.9,1,1,12,23,4
19,3,19,10.0,0,0,2,15,2
4,2,4,2.9,1,0,4,10,2
16,3,16,14.0,1,0,2,18,2
21,6,21,7.6,0,0,2,27,2
16,6,16,18.7,0,0,2,13,2
8,1,8,14.0,1,1,2,7,3
19,0,19,12.4,0,0,0,15,0
9,6,9,21.1,1,1,2,13,3
10,5,10,22.8,1,1,2,16,2
16,3,16,33.9,1,1,1,89,2
13,1,13,24.6,1,1,2,12,3
22,5,22,13.5,0,0,0,0,0
9,1,9,22.3,1,0,5,46,5
19,2,19,24.3,0,0,2,2,3
23,4,23,17.7,0,0,2,50,2
10,6,10,21.4,1,1,2,16,2
14,1,14,30.3,1,1,2,10,2
12,2,12,27.1,1,1,0,36,0
12,0,12,14.1,1,0,2,8,3
11,0,11,21.5,1,1,2,13,2
9,5,9,14.8,1,1,2,9,3
16,5,16,32.8,1,1,2,9,3
18,3,18,26.3,0,0,7,74,47
17,4,17,35.5,0,0,0,21,0
21,6,21,10.4,1,0,1,6,0
0,0,0,13.7,0,0,2,8,2
21,6,21,10.3,0,0,2,2,3
23,4,23,20.6,1,1,20,33,5
15,6,15,30.1,1,1,0,21,0
12,5,12,27.8,1,0,0,28,1
22,2,22,10.2,0,0,0,2,0
7,0,7,10.6,1,1,31,64,40
13,6,13,22.9,1,1,2,13,3
13,2,13,24.0,0,0,0,20,0
16,3,16,31.3,1,1,0,28,0
19,2,19,15.3,0,0,2,21,2
0,2,0,11.9,1,0,2,31,13
14,1,14,26.3,0,1,1,13,0
20,4,20,23.9,1,1,2,9,3
15,6,15,24.2,1,1,0,6,0
4,6,4,3.8,1,0,11,25,6
10,6,10,21.9,0,0,2,18,2
13,6,13,28.6,1,1,10,24,23
15,0,15,33.0,1,1,1,6,1
19,3,19,19.7,0,0,11,25,11
11,5,11,9.4,1,0,1,42,0
16,6,16,27.2,1,1,7,59,37
21,6,21,20.0,0,1,2,0,2
12,4,12,15.5,0,0,1,27,1
18,4,18,16.4,1,1,0,14,0
18,1,18,27.6,1,1,0,40,0
15,2,15,21.7,1,0,0,6,1
15,5,15,32.5,1,1,0,15,1
6,2,6,0.7,1,0,2,2,3
4,6,4,12.3,1,0,2,2,3
15,5,15,25.3,1,0,16,134,2
12,5,12,16.5,0,0,2,30,2
16,6,16,31.7,1,0,1,2,1
16,6,16,13.3,0,0,2,14,3
10,6,10,16.9,1,1,0,14,1
19,6,19,17.1,1,1,0,40,0
9,6,9,19.7,1,1,2,19,4
9,5,9,5.8,1,0,2,6,3
15,5,15,36.1,1,1,0,15,0
20,0,20,18.9,1,0,88,68,12
19,2,19,23.4,1,0,1,2,0
10,1,10,21.3,0,3,2,14,3
13,5,13,20.9,0,0,2,2,3
12,3,12,18.7,0,0,2,13,3
14,5,14,30.0,1,1,2,13,3
19,0,19,8.5,1,0,16,20,3
19,1,19,22.8,1,1,0,40,0
17,0,17,26.9,1,1,2,13,2
0,1,0,21.0,0,0,0,23,2
10,2,10,15.0,0,0,2,14,2
8,4,8,19.9,1,1,9,117,102
19,6,19,26.7,0,0,0,6,0
23,3,23,17.6,1,1,0,1,1
11,0,11,22.1,0,0,2,6,3
16,6,16,17.6,0,0,1,13,0
14,0,14,30.5,1,1,0,28,0
13,5,13,14.6,1,0,2,8,3
14,0,14,15.9,0,1,0,0,0
23,6,23,15.2,1,0,26,47,10
16,0,16,34.8,1,1,4,10,5
21,6,21,11.8,0,0,2,3,3
19,4,19,15.3,0,1,7,45,17
16,0,16,29.1,1,1,2,23,2
21,5,21,21.3,1,1,2,26,4
11,3,11,10.3,0,0,2,40,2
11,6,11,6.4,0,0,0,14,0
19,1,19,27.6,0,1,2,12,2
23,6,23,21.6,1,1,6,18,6
13,1,13,16.7,0,0,16,134,3
16,6,16,14.1,1,0,1,58,1
6,1,6,14.5,1,1,0,6,0
9,5,9,14.6,1,0,2,9,3
10,6,10,4.7,1,0,4,10,2
7,3,7,7.8,0,0,1,0,0
11,5,11,22.1,1,0,2,19,4
14,3,14,20.3,1,1,0,14,0
8,5,8,8.2,1,1,2,14,3
18,1,18,14.1,1,0,2,15,2
16,0,16,30.4,1,1,2,0,2
0,2,0,19.5,0,0,0,8,1
21,0,21,22.3,1,1,2,9,3
23,0,23,15.4,1,1,2,68,13
23,6,23,19.5,1,1,2,11,4
14,6,14,24.1,0,0,2,83,2
6,3,6,3.5,1,0,2,8,2
11,4,11,27.3,0,0,2,8,3
19,1,19,11.7,0,0,0,13,0
12,6,12,19.9,1,1,0,14,0
12,4,12,9.5,0,0,2,23,3
7,0,7,6.1,0,0,2,26,4
12,2,12,27.8,1,0,0,3,0
8,4,8,12.4,1,0,9,119,9
20,6,20,26.2,0,0,11,25,11
7,4,7,6.2,1,1,2,6,3
11,6,11,26.0,1,1,2,11,13
16,5,16,31.4,1,1,2,44,2
8,3,8,13.7,1,1,2,14,3
14,0,14,13.5,0,0,0,28,0
19,2,19,34.6,0,0,9,104,58
1,0,1,7.7,0,0,2,8,3
8,5,8,7.9,1,1,5,11,5
13,0,13,22.5,1,0,2,6,3
6,5,6,14.0,1,1,0,18,0
20,1,20,23.0,1,1,2,5,2
8,6,8,15.6,1,1,2,8,3
13,2,13,34.7,1,1,2,13,2
10,2,10,27.6,1,1,0,14,0
12,0,12,20.4,0,0,17,20,18
21,4,21,27.5,0,1,6,18,6
6,2,6,9.5,1,0,2,2,3
6,5,6,11.2,1,1,17,11,18
7,5,7,15.8,0,1,25,62,13
10,0,10,15.4,1,1,2,14,3
21,3,21,9.6,1,0,13,53,8
7,5,7,8.5,1,1,2,1,3
6,1,6,14.5,1,1,1,18,0
22,0,22,11.0,1,1,19,32,15
8,5,8,12.7,1,1,2,5,13
16,0,16,35.5,1,1,2,23,2
10,0,10,21.6,1,1,6,18,6
10,0,10,25.1,1,0,7,34,16
20,6,20,28.5,1,1,0,2,0
13,0,13,19.2,1,0,7,67,43
13,3,13,28.0,1,1,9,2,9
2,4,2,10.1,0,0,7,2,17
14,4,14,19.5,0,1,32,67,35
17,5,17,31.1,0,0,0,8,0
1,2,1,2.7,1,0,1,0,0
9,4,9,19.7,1,1,2,0,2
17,2,17,34.5,0,0,2,23,2
12,6,12,27.5,1,1,2,23,2
23,1,23,18.1,0,0,11,25,11
6,6,6,11.4,1,1,1,18,2
16,6,16,30.0,1,1,2,23,3
10,6,10,10.1,1,0,2,12,3
4,5,4,-0.8,1,0,11,25,6
14,2,14,29.0,1,1,2,13,2
14,2,14,29.3,1,1,1,16,2
17,3,17,29.4,1,1,0,13,0
17,0,17,13.6,0,0,1,14,0
13,5,13,25.1,1,1,0,23,2
16,3,16,25.0,0,0,16,20,3
11,1,11,22.3,1,0,2,14,3
7,2,7,14.5,1,1,4,10,2
10,3,10,20.2,1,1,31,64,40
16,3,16,31.9,1,1,6,18,6
23,4,23,20.2,1,1,6,18,6
1,1,1,12.3,1,0,2,5,4
9,0,9,14.8,1,0,7,67,62
16,3,16,14.0,0,0,2,2,3
21,4,21,17.0,1,1,2,1,2
20,5,20,20.1,0,1,2,0,3
11,0,11,23.4,1,0,24,11,5
6,2,6,14.3,1,1,4,10,2
11,3,11,12.8,0,0,1,14,1
6,5,6,14.8,1,1,1,6,1
15,0,15,18.7,1,1,2,13,2
16,5,16,26.6,1,1,0,15,1
10,6,10,14.9,1,1,2,14,2
7,0,7,12.7,1,1,2,13,3
6,6,6,9.1,1,1,1,20,0
15,5,15,20.2,1,1,16,44,3
6,2,6,14.8,0,1,22,37,4
7,3,7,10.6,1,1,2,19,13
17,6,17,29.1,1,1,2,40,2
16,6,16,33.7,1,1,0,3,2
18,1,18,18.2,0,0,2,31,13
21,1,21,14.5,0,0,19,32,15
17,3,17,17.5,1,0,2,20,4
22,0,22,22.2,1,1,25,11,23
21,1,21,13.2,0,0,2,44,2
11,0,11,21.0,1,1,2,19,13
14,6,14,33.1,1,1,1,13,0
8,6,8,14.2,1,1,2,18,2
20,4,20,23.4,0,0,0,8,0
2,5,2,10.5,0,0,2,7,3
12,6,12,28.3,1,1,2,23,2
18,2,18,16.1,0,0,11,25,11
13,1,13,25.8,0,1,2,12,3
13,3,13,25.9,1,1,2,6,3
14,4,14,17.2,0,0,0,3,1
13,3,13,19.7,1,1,32,63,35
7,6,7,12.9,1,1,2,23,2
13,1,13,27.8,1,1,12,23,32
7,1,7,11.6,1,1,2,12,2
12,0,12,11.7,1,0,10,24,10
13,1,13,27.2,1,1,0,6,0
7,3,7,14.4,1,1,0,15,0
2,0,2,8.2,1,0,2,4,4
7,6,7,4.6,1,1,2,14,2
20,1,20,10.8,0,0,2,9,3
15,4,15,16.3,1,0,11,25,6
20,0,20,18.6,0,0,2,40,2
13,5,13,13.4,1,0,2,10,2
15,5,15,17.9,0,1,0,0,1
15,4,15,19.4,1,0,4,72,2
15,4,15,30.4,1,1,2,52,3
13,1,13,31.0,1,1,13,26,10
6,0,6,13.8,1,1,2,2,3
17,1,17,19.6,1,0,9,82,28
13,0,13,22.5,0,0,7,88,17
9,3,9,13.6,0,0,1,6,0
8,0,8,16.9,1,1,16,20,1
12,0,12,11.8,0,0,2,2,3
1,5,1,11.0,0,0,1,2,0
7,3,7,10.2,1,0,0,16,0
17,5,17,7.4,1,0,1,2,0
13,6,13,17.6,0,1,2,23,3
11,6,11,26.3,1,1,2,2,3
7,5,7,11.8,1,1,2,28,2
17,5,17,31.8,1,1,2,13,3
13,2,13,29.5,0,0,1,27,1
13,5,13,20.7,0,0,4,10,4
5,3,5,8.3,1,0,2,8,3
14,3,14,33.9,1,1,31,64,33
9,1,9,19.2,1,1,1,6,2
10,3,10,18.6,1,1,0,21,0
20,0,20,13.4,0,0,2,10,3
12,1,12,16.6,1,1,7,28,44
15,5,15,31.5,0,1,1,13,0
11,3,11,20.9,1,0,2,21,2
13,4,13,13.5,1,0,0,23,0
17,1,17,10.4,0,0,32,67,35
19,2,19,23.3,0,0,0,8,1
16,1,16,13.7,0,0,16,3,1
13,0,13,14.3,0,0,0,14,0
7,6,7,13.9,1,1,2,13,3
22,2,22,18.6,0,0,0,6,1
18,0,18,31.0,1,1,2,13,3
1,2,1,3.6,1,0,11,25,11
14,6,14,30.5,1,1,0,15,0
6,6,6,12.1,1,1,2,21,2
12,0,12,8.5,0,0,1,6,0
20,4,20,18.4,0,0,0,2,1
4,2,4,15.3,1,0,2,2,3
11,5,11,26.3,0,1,2,12,2
20,4,20,21.4,1,0,0,0,0
5,3,5,8.2,0,0,21,23,5
12,5,12,11.9,0,0,6,18,6
7,0,7,9.4,1,0,2,6,3
18,3,18,32.0,1,1,4,10,4
17,3,17,23.9,1,0,2,9,3
15,4,15,35.1,1,1,2,0,2
16,0,16,31.1,0,1,1,0,0
6,0,6,12.4,1,1,2,8,3
15,1,15,29.3,1,1,7,69,17
21,3,21,17.5,0,1,0,13,0
17,6,17,23.4,1,1,2,9,3
16,0,16,34.5,1,1,2,23,2
14,3,14,15.8,1,0,0,6,1
17,6,17,28.0,1,1,2,14,2
12,4,12,16.7,0,0,14,20,12
8,3,8,8.6,1,1,2,10,2
21,0,21,23.5,1,1,1,9,0
8,5,8,12.8,1,1,2,14,3
16,5,16,26.5,1,1,6,18,20
7,3,7,7.3,1,0,2,15,3
15,3,15,31.0,1,1,0,10,1
17,2,17,36.6,1,1,9,103,9
12,6,12,11.7,0,0,28,76,14
21,4,21,24.8,1,1,0,27,0
17,5,17,14.3,0,0,2,31,13
7,0,7,13.1,1,1,0,0,0
7,5,7,10.5,1,1,3,5,13
23,2,23,22.5,0,1,2,9,2
8,5,8,14.6,1,1,2,28,2
20,1,20,22.4,1,1,2,9,2
23,6,23,18.2,1,1,5,11,5
7,0,7,13.9,1,1,0,15,0
11,6,11,15.9,1,0,2,2,3
10,5,10,20.8,0,0,5,76,5
17,6,17,20.7,0,0,0,21,0
11,3,11,22.2,1,0,2,28,2
17,2,17,33.8,1,1,7,99,37
19,3,19,27.3,0,1,0,61,0
12,1,12,29.9,1,1,0,9,1
10,0,10,26.0,1,1,0,13,1
20,4,20,17.9,1,1,2,10,2
17,1,17,29.2,0,0,31,64,40
9,3,9,14.3,0,1,2,11,4
16,6,16,34.2,0,0,2,13,2
13,3,13,29.3,1,1,5,11,5
18,0,18,27.5,1,1,2,0,3
14,2,14,27.0,1,1,2,6,3
13,2,13,14.6,0,0,0,20,0
14,4,14,20.7,0,0,2,2,3
18,3,18,26.7,1,1,5,11,5
18,5,18,30.2,0,1,0,9,0
12,3,12,27.1,1,1,2,3,3
18,1,18,23.8,1,0,2,18,2
18,2,18,31.3,1,1,2,23,2
5,5,5,1.2,1,0,4,10,2
6,6,6,13.1,1,1,2,0,3
10,2,10,15.4,1,1,0,21,0
21,3,21,17.8,0,1,2,7,3
22,6,22,21.0,1,1,19,32,2
23,2,23,8.9,1,0,2,31,13
1,1,1,17.6,1,0,2,4,4
13,5,13,13.2,0,0,1,9,0
22,4,22,22.4,1,1,25,11,13
12,6,12,26.1,1,1,2,18,3
10,4,10,8.2,1,0,7,143,7
12,5,12,26.4,1,1,0,9,1
14,1,14,24.0,1,1,1,6,2
21,6,21,13.8,1,0,26,47,10
14,4,14,15.6,0,0,0,28,0
11,1,11,16.4,0,0,2,40,3
12,6,12,28.4,1,1,2,3,3
12,2,12,32.3,1,1,2,9,3
15,3,15,31.8,1,1,2,10,2
2,5,2,16.7,1,0,11,25,6
4,1,4,3.8,1,0,2,3,3
8,6,8,17.3,1,1,0,9,0
15,3,15,21.9,0,1,2,0,3
6,2,6,14.7,1,1,5,46,5
19,4,19,21.7,1,1,0,40,0
23,2,23,17.9,1,1,18,31,4
18,1,18,22.9,1,0,2,9,2
10,5,10,21.1,1,1,2,16,2
19,0,19,30.9,1,1,0,13,0
6,1,6,15.8,1,1,2,7,2
17,3,17,24.9,1,0,0,14,1
10,4,10,25.5,1,1,0,21,0
3,4,3,12.1,1,0,8,5,8
8,2,8,17.6,1,1,2,7,2
15,0,15,32.8,1,1,1,8,0
9,0,9,18.5,1,1,0,8,0
21,1,21,19.2,0,0,1,42,0
3,1,3,9.2,0,0,5,44,5
22,2,22,21.9,1,1,0,9,0
22,3,22,21.3,1,1,19,32,15
17,4,17,30.0,1,1,0,14,0
23,1,23,20.9,0,1,3,5,0
3,0,3,17.0,0,0,2,7,3
12,6,12,20.7,1,1,0,0,0
18,1,18,28.7,0,1,0,15,0
10,1,10,12.4,0,0,2,1,3
12,5,12,16.7,0,0,0,15,0
22,5,22,21.6,1,1,1,0,0
3,3,3,13.8,1,0,77,46,5
16,4,16,31.2,1,1,0,3,2
9,1,9,16.4,1,0,3,5,104
17,1,17,22.8,1,1,2,8,2
14,1,14,28.9,1,1,0,13,0
18,5,18,30.9,1,1,1,8,2
8,5,8,18.2,1,1,2,12,2
1,1,1,17.8,0,0,1,0,2
9,0,9,19.4,1,0,7,34,16
2,5,2,15.4,0,0,2,1,2
1,5,1,18.1,0,0,2,27,3
19,4,19,19.7,0,1,11,25,11
15,5,15,17.7,1,0,2,0,2
19,6,19,12.3,1,0,14,57,12
21,4,21,9.0,0,0,2,44,2
21,0,21,19.7,1,1,0,8,1
10,0,10,11.8,0,0,2,13,2
22,3,22,19.9,0,1,0,9,1
11,4,11,16.4,0,0,2,23,3
18,3,18,15.8,1,0,0,1,0
6,6,6,5.8,0,0,14,20,12
4,1,4,4.7,1,0,11,25,6
0,0,0,21.0,1,0,2,4,4
13,2,13,25.9,1,1,2,2,3
15,1,15,29.6,0,1,0,36,0
23,1,23,20.1,1,1,2,48,4
10,1,10,20.0,1,0,2,0,3
0,3,0,2.0,1,0,2,7,2
16,6,16,10.7,1,0,2,15,3
13,1,13,25.3,1,1,1,0,0
16,0,16,28.6,1,1,1,3,0
13,2,13,28.2,0,1,0,20,0
13,6,13,10.9,0,0,2,18,2
16,4,16,15.8,1,1,2,30,2
19,2,19,34.7,1,1,0,15,0
12,3,12,21.9,1,1,2,0,3
10,3,10,27.7,1,1,0,0,0
18,3,18,23.8,0,0,6,18,6
18,2,18,18.7,0,0,1,40,0
18,6,18,11.5,0,0,2,0,3
11,6,11,10.4,1,0,11,25,11
12,4,12,26.7,1,1,2,20,13
15,4,15,27.0,1,1,2,0,3
1,0,1,15.2,1,0,5,11,5
14,4,14,27.0,1,1,2,9,3
13,5,13,28.8,0,0,2,4,4
6,3,6,15.9,1,1,16,20,3
12,6,12,11.1,0,0,2,36,2
15,4,15,28.9,1,1,2,52,3
14,0,14,32.2,0,1,7,88,17
18,2,18,18.9,0,0,0,9,1
3,2,3,17.1,1,0,2,70,4
21,4,21,27.8,1,1,4,10,2
4,5,4,15.7,0,0,2,7,2
21,2,21,16.2,1,1,2,26,4
7,2,7,12.0,1,1,2,2,2
22,6,22,16.0,1,0,25,11,23
6,2,6,-0.1,1,0,2,9,3
14,0,14,27.1,0,1,1,3,1
5,3,5,5.6,0,0,21,23,5
15,5,15,19.1,0,0,0,20,1
12,4,12,16.0,1,1,1,3,1
13,4,13,16.1,1,0,15,29,4
9,0,9,21.0,0,0,31,64,34
22,1,22,9.7,1,0,5,11,5
21,6,21,23.4,1,1,0,27,0
12,4,12,29.8,1,1,2,20,3
19,6,19,27.2,1,1,1,9,0
13,3,13,22.1,0,0,2,10,3
11,5,11,24.3,1,1,2,11,13
12,6,12,26.6,1,1,2,3,3
8,5,8,17.6,1,1,2,18,2
12,3,12,22.7,0,1,2,30,2
17,4,17,26.8,1,1,0,1,0
10,3,10,15.0,1,0,0,2,0
14,4,14,27.3,1,1,0,28,0
1,1,1,17.8,1,0,2,5,13
9,2,9,25.6,1,1,9,39,24
5,6,5,5.4,0,0,2,48,4
2,1,2,2.2,0,0,2,1,3
12,3,12,27.3,1,1,9,2,9
13,1,13,18.7,0,0,0,15,0
6,1,6,14.8,1,1,1,27,1
16,5,16,20.7,1,0,2,18,2
7,0,7,12.1,1,0,8,11,8
6,3,6,7.4,1,1,1,89,2
6,6,6,15.5,1,1,2,0,3
17,2,17,20.1,0,0,0,2,0
19,1,19,24.6,1,1,1,6,0
18,4,18,30.6,0,1,0,9,0
18,5,18,30.9,0,0,2,0,3
4,0,4,7.5,1,0,11,25,6
15,4,15,35.7,1,1,9,41,22
16,1,16,31.0,1,1,2,0,2
22,4,22,15.5,1,1,6,18,6
21,4,21,20.5,0,0,2,8,3
12,2,12,30.3,1,1,2,7,13
15,3,15,30.7,1,1,2,10,2
13,2,13,7.9,1,0,2,14,3
17,1,17,24.3,1,0,7,86,17
13,3,13,30.2,0,1,1,27,2
18,2,18,26.1,0,1,2,14,2
12,1,12,11.7,0,0,0,8,0
7,5,7,13.4,1,1,4,10,15
13,1,13,22.4,1,1,7,69,17
13,6,13,14.9,1,0,2,15,3
16,5,16,22.1,0,0,2,36,2
16,3,16,33.1,1,1,9,39,59
1,4,1,19.4,0,0,2,8,2
9,0,9,22.2,1,1,4,10,2
11,0,11,12.9,0,1,6,34,16
8,0,8,1.7,0,0,2,2,2
16,5,16,31.0,1,1,7,88,17
17,1,17,31.3,1,1,2,2,3
23,1,23,19.6,0,0,0,2,0
13,2,13,9.1,1,0,2,14,3
10,5,10,20.1,1,1,2,13,3
7,5,7,12.6,1,1,2,12,3
16,0,16,24.5,0,1,2,0,3
10,4,10,13.4,0,1,2,13,2
1,2,1,15.5,0,0,0,27,0
23,6,23,18.3,1,1,36,5,12
10,1,10,18.3,1,1,2,2,3
18,1,18,14.7,0,0,2,10,13
23,3,23,18.4,1,1,26,47,10
2,5,2,13.5,1,0,5,20,5
20,2,20,21.6,1,1,0,27,0
0,3,0,12.4,1,0,25,62,13
14,6,14,29.1,1,1,16,20,2
9,4,9,14.0,1,0,14,20,12
23,1,23,20.6,1,1,26,47,10
15,0,15,26.2,0,1,2,6,3
16,3,16,27.2,1,0,2,23,2
17,0,17,27.2,1,1,2,40,2
8,4,8,16.5,1,1,2,6,3
22,2,22,13.7,1,0,1,6,0
20,4,20,21.1,1,1,0,1,0
17,1,17,18.4,0,0,0,9,1
16,0,16,27.4,1,0,2,5,13
9,6,9,18.8,1,1,2,2,2
13,0,13,25.3,0,0,2,15,3
21,5,21,23.0,0,1,0,9,0
1,2,1,17.7,0,0,47,10,14
17,5,17,17.8,1,1,2,14,2
6,1,6,15.5,1,1,2,8,2
16,0,16,32.8,1,1,0,40,1
8,5,8,14.4,1,1,1,9,2
21,5,21,21.3,1,1,0,27,0
16,3,16,13.9,0,1,7,88,17
15,5,15,19.3,0,0,0,20,1
16,3,16,31.7,1,1,8,5,8
12,0,12,10.5,0,0,2,20,2
15,4,15,28.4,1,1,1,2,2
18,1,18,12.8,0,0,2,6,2
20,2,20,23.5,0,0,0,15,1
11,0,11,19.7,1,1,2,14,2
14,2,14,29.1,0,1,2,16,2
6,0,6,10.3,1,0,2,0,2
6,6,6,14.9,1,1,0,3,2
2,4,2,3.5,0,0,11,25,6
16,5,16,25.4,1,0,2,26,13
18,0,18,25.1,0,0,0,28,0
9,3,9,17.4,1,1,4,10,2
15,1,15,30.4,1,1,2,14,2
0,5,0,15.2,1,0,2,31,13
16,3,16,12.9,1,0,2,6,2
8,3,8,6.9,1,0,21,11,5
22,2,22,25.8,1,1,0,9,0
21,0,21,23.3,1,1,17,11,5
23,5,23,11.9,0,0,6,23,6
14,6,14,31.7,1,1,2,12,2
21,5,21,21.0,0,0,2,2,2
9,1,9,19.0,0,0,9,0,24
12,2,12,32.5,1,1,12,23,4
1,4,1,8.8,1,0,11,25,6
15,2,15,20.0,0,0,2,13,3
12,6,12,28.0,1,1,12,23,4
19,3,19,28.8,1,0,2,9,3
17,1,17,25.3,0,0,6,18,6
23,6,23,20.3,0,0,1,2,0
18,3,18,16.9,0,0,31,64,33
11,3,11,15.1,1,1,2,6,3
17,2,17,30.0,0,1,2,9,2
19,3,19,23.7,1,1,2,26,4
15,3,15,17.2,1,1,2,58,2
21,4,21,22.6,0,1,0,9,0
20,6,20,24.8,1,1,2,7,3
9,1,9,9.4,0,0,2,2,3
7,1,7,11.6,1,1,2,8,2
8,5,8,11.1,0,0,54,23,70
12,6,12,14.1,0,0,2,12,3
8,1,8,16.6,0,1,2,26,4
8,6,8,14.7,1,1,0,21,0
21,3,21,22.0,0,1,0,27,0
11,6,11,10.2,0,0,2,1,2
4,5,4,11.9,0,0,11,25,11
11,4,11,11.8,1,0,2,15,3
11,0,11,22.4,1,0,7,34,16
11,0,11,8.3,0,0,5,23,5
21,2,21,23.2,0,0,2,19,4
18,2,18,11.2,1,0,1,6,1
16,5,16,33.5,1,1,16,20,2
19,0,19,19.7,0,0,2,14,3
5,6,5,-0.3,1,0,8,11,8
14,6,14,28.9,1,1,2,10,2
15,6,15,20.5,0,3,9,99,60
22,3,22,14.2,0,0,16,20,3
18,2,18,32.9,1,1,2,9,2
18,3,18,26.5,0,1,2,13,2
9,5,9,22.8,1,1,2,80,4
11,0,11,11.9,1,0,13,26,10
21,2,21,21.9,1,1,2,23,2
14,5,14,26.3,0,0,2,0,3
19,5,19,14.1,1,0,0,40,0
14,4,14,19.6,1,0,2,3,94
17,4,17,16.6,0,1,0,13,0
21,4,21,8.1,1,0,2,0,2
13,5,13,32.2,1,1,1,2,0
13,0,13,14.7,0,0,0,28,1
10,1,10,22.5,1,1,2,14,2
19,2,19,20.0,1,1,2,8,2
10,1,10,7.8,1,0,2,13,3
21,5,21,8.4,0,0,2,15,2
10,3,10,8.7,1,0,0,21,0
16,4,16,31.1,1,1,2,15,2
19,4,19,26.2,1,1,2,0,2
7,5,7,16.0,0,1,1,0,0
22,3,22,20.8,0,0,1,14,2
1,3,1,15.7,0,0,47,47,14
21,6,21,22.7,1,1,0,9,0
6,1,6,8.4,1,1,0,2,0
13,5,13,26.0,1,1,12,23,4
19,1,19,28.1,1,1,2,0,2
11,2,11,16.7,1,1,0,14,0
21,5,21,24.9,1,1,2,26,4
13,6,13,31.1,1,1,2,23,2
23,1,23,18.6,1,1,26,47,10
9,2,9,20.0,1,1,2,31,13
22,3,22,15.8,0,1,2,0,3
21,6,21,17.5,0,0,0,15,1
12,3,12,27.0,1,1,2,20,13
12,3,12,21.3,0,1,0,14,0
17,0,17,13.7,1,0,2,20,3
10,2,10,21.6,1,1,6,18,21
15,2,15,30.6,1,1,9,105,19
11,4,11,17.0,1,0,2,11,4
18,0,18,33.6,1,1,2,9,2
7,1,7,5.5,0,0,25,11,13
12,0,12,30.3,1,1,7,13,27
13,5,13,19.2,0,0,0,10,1
7,2,7,12.9,1,1,4,10,2
1,0,1,16.7,1,1,3,5,0
19,3,19,29.0,0,1,0,61,0
13,4,13,12.5,1,3,7,39,80
12,5,12,11.2,0,0,2,13,3
18,1,18,28.7,1,1,0,14,0
22,2,22,19.8,0,0,2,80,13
15,1,15,29.6,1,1,2,58,2
19,6,19,31.6,1,1,1,18,0
21,1,21,13.2,0,0,2,18,2
18,6,18,22.7,0,0,0,9,0
23,6,23,19.8,1,1,2,68,13
8,2,8,12.3,0,1,1,0,0
13,3,13,22.7,0,0,31,64,33
14,6,14,29.9,1,1,2,10,2
20,2,20,23.9,1,1,2,9,2
15,5,15,26.3,1,1,0,21,0
17,6,17,16.0,1,0,0,15,1
10,5,10,13.6,0,1,7,67,17
10,4,10,23.8,1,1,6,18,6
19,3,19,11.6,0,0,0,9,0
10,0,10,23.4,1,1,7,66,19
16,5,16,30.9,1,1,2,8,3
20,3,20,8.2,0,0,2,14,2
15,0,15,22.3,0,0,7,63,39
12,3,12,21.5,1,1,1,42,0
21,4,21,25.3,1,1,0,1,0
17,4,17,29.7,1,1,2,40,2
14,6,14,31.0,1,1,2,12,2
17,3,17,32.2,1,1,0,0,0
18,2,18,27.9,1,0,2,6,3
20,6,20,8.1,0,0,19,32,15
19,4,19,22.7,0,0,0,7,1
9,4,9,14.5,1,1,0,21,0
17,3,17,25.3,0,0,17,11,5
11,1,11,21.4,1,1,2,0,2
12,1,12,29.6,1,1,14,57,12
14,0,14,32.0,1,1,0,2,0
7,3,7,6.1,1,0,1,20,1
7,0,7,12.4,1,1,2,12,2
14,1,14,21.9,0,0,17,20,18
10,1,10,28.7,1,1,2,8,3
23,5,23,18.0,1,1,2,11,4
12,5,12,23.2,1,1,2,8,3
2,4,2,12.0,1,0,8,11,8
15,2,15,30.1,1,1,2,3,2
12,3,12,28.0,0,1,2,13,3
18,1,18,29.7,0,1,7,81,42
13,4,13,24.6,1,1,2,14,3
19,0,19,14.0,0,1,2,13,2
18,0,18,12.9,0,0,2,13,2
6,3,6,12.2,1,1,2,6,2
4,4,4,11.0,1,0,2,3,3
8,6,8,18.9,1,1,2,13,3
3,4,3,15.0,0,0,11,25,6
6,0,6,3.8,0,0,21,23,5
4,2,4,0.7,1,0,23,43,4
13,6,13,33.4,1,1,0,14,0
13,6,13,28.8,1,1,2,14,3
12,3,12,22.2,1,1,2,18,2
9,6,9,13.7,1,1,2,2,2
19,6,19,11.0,1,0,16,20,3
8,5,8,17.1,1,1,2,7,3
17,6,17,30.4,1,1,16,20,3
21,6,21,23.1,0,0,2,23,2
14,6,14,23.8,1,0,2,13,3
12,6,12,31.8,1,1,0,36,0
22,1,22,16.2,0,0,2,9,3
8,3,8,16.8,1,1,21,11,5
13,3,13,17.6,0,0,0,2,0
7,3,7,5.2,1,1,2,6,2
23,6,23,20.0,1,1,25,11,13
7,2,7,12.0,1,1,0,15,0
6,3,6,10.2,1,1,0,10,1
9,5,9,14.0,1,0,2,40,2
11,3,11,19.2,1,1,2,14,2
11,4,11,22.8,0,0,2,20,13
7,4,7,11.8,1,1,2,9,3
16,3,16,32.1,1,1,2,23,2
16,3,16,14.1,1,0,7,34,16
16,5,16,15.5,1,0,2,13,2
21,0,21,13.4,1,0,26,47,10
19,2,19,24.4,1,1,1,18,0
5,0,5,6.9,1,0,4,10,2
19,5,19,26.5,1,1,0,2,0
15,0,15,30.1,1,1,3,5,0
5,0,5,7.0,0,0,2,5,13
9,6,9,21.7,1,1,1,44,1
21,2,21,15.8,1,1,2,1,3
19,1,19,14.3,0,0,2,15,2
13,3,13,32.2,1,1,0,9,0
21,5,21,15.0,0,1,0,130,1
20,0,20,18.1,0,0,2,15,3
16,0,16,18.5,1,1,2,20,3
6,5,6,15.5,1,1,2,8,3
15,3,15,16.7,1,1,0,15,0
21,3,21,22.6,0,0,1,42,2
7,6,7,9.8,1,1,2,13,3
5,3,5,15.3,1,0,11,25,6
6,0,6,14.6,1,1,31,74,34
14,3,14,28.0,1,1,6,18,21
14,4,14,33.6,1,1,0,15,0
7,6,7,12.7,1,1,16,20,3
7,4,7,12.5,1,1,1,8,0
22,0,22,16.8,1,1,6,18,6
18,2,18,27.7,0,0,2,6,3
15,5,15,30.8,1,1,17,11,18
8,4,8,17.1,1,1,2,44,3
1,4,1,12.5,0,0,2,27,2
8,4,8,11.5,1,1,2,15,2
18,5,18,12.5,0,0,11,25,11
16,3,16,27.0,0,1,0,5,2
19,0,19,25.1,1,1,0,18,0
21,0,21,8.8,1,0,17,11,18
14,2,14,29.1,1,1,0,14,0
10,3,10,9.0,0,0,2,20,4
14,4,14,29.7,0,1,2,13,3
17,1,17,16.8,0,0,0,0,0
8,1,8,8.0,0,0,12,23,4
13,6,13,28.8,1,1,2,61,2
9,5,9,9.8,1,0,2,6,3
9,4,9,21.1,1,0,9,99,60
21,3,21,10.7,1,0,13,53,8
13,4,13,14.2,0,0,4,72,2
17,3,17,24.8,1,1,2,9,3
13,1,13,10.5,0,0,1,2,1
15,0,15,21.7,0,1,2,0,3
9,4,9,19.0,1,1,0,13,0
14,5,14,34.4,1,1,6,18,6
13,3,13,28.4,1,1,13,26,10
18,0,18,25.1,0,1,2,21,2
7,2,7,11.2,1,1,1,0,0
15,5,15,31.4,1,1,0,2,0
16,3,16,33.6,1,1,2,8,3
19,6,19,30.3,1,1,16,20,3
12,5,12,29.7,1,1,12,23,4
20,1,20,16.0,1,0,1,8,0
15,4,15,23.7,1,0,0,13,0
13,2,13,15.6,0,0,0,20,0
17,1,17,18.5,1,0,0,14,1
18,5,18,25.0,1,0,2,18,2
16,5,16,28.2,1,1,2,5,8
15,3,15,32.0,1,1,2,13,3
6,1,6,9.4,1,1,2,83,2
11,6,11,26.9,1,1,6,40,26
8,4,8,18.4,0,0,20,33,5
21,4,21,20.0,0,1,0,2,0
20,1,20,14.9,1,0,0,6,0
16,2,16,30.1,0,1,2,10,3
19,2,19,16.6,1,1,1,6,1
14,5,14,33.2,1,1,2,7,3
20,1,20,9.0,0,0,1,42,0
7,1,7,14.4,1,1,2,12,3
12,4,12,23.4,1,1,2,0,3
16,3,16,27.1,0,0,0,6,1
12,6,12,27.5,1,1,2,3,2
18,3,18,29.3,1,1,0,0,0
12,5,12,31.3,1,1,0,9,0
6,6,6,14.9,1,1,2,77,2
22,3,22,18.9,0,0,1,8,1
16,0,16,13.2,0,0,2,14,3
10,6,10,16.7,0,0,0,2,0
10,5,10,21.0,1,1,2,30,2
11,1,11,15.6,0,1,2,13,3
21,2,21,22.6,1,1,4,10,2
8,3,8,16.9,1,1,2,13,2
16,0,16,26.2,1,0,2,6,3
15,1,15,30.5,1,1,2,3,3
14,0,14,15.1,1,0,5,10,5
19,0,19,30.1,0,1,2,30,2
19,6,19,10.2,1,0,2,7,2
7,5,7,11.4,1,1,2,23,2
12,2,12,30.6,1,1,11,25,11
21,4,21,20.1,1,0,2,8,2
19,4,19,14.7,1,0,0,1,0
8,6,8,22.3,0,1,2,0,3
15,0,15,32.8,1,1,2,10,2
16,1,16,30.3,1,1,2,20,3
12,3,12,26.4,0,1,2,0,3
15,6,15,28.3,0,0,2,14,2
8,3,8,14.2,0,0,12,23,4
10,0,10,20.1,0,3,0,15,0
18,5,18,30.2,1,1,4,10,4
11,5,11,27.0,1,1,1,14,0
5,1,5,15.9,1,0,11,25,6
16,6,16,18.5,0,0,2,13,3
1,3,1,16.1,1,0,11,25,6
18,0,18,31.1,0,1,0,23,0
18,2,18,34.9,0,0,0,14,1
7,5,7,9.0,1,1,31,64,33
23,4,23,14.2,1,1,2,11,4
13,1,13,20.8,0,0,2,12,3
12,1,12,17.2,1,0,2,27,2
17,6,17,16.8,1,0,16,20,3
23,1,23,17.2,1,1,0,20,0
13,1,13,18.7,0,0,2,9,2
6,0,6,8.5,1,1,0,18,0
19,0,19,30.2,1,1,2,7,3
11,2,11,15.5,1,0,2,28,2
5,2,5,12.1,0,0,3,5,0
7,1,7,2.6,1,1,9,74,25
13,0,13,19.1,1,1,2,0,2
14,2,14,14.3,1,0,7,69,17
2,0,2,4.3,0,0,11,25,6
16,2,16,27.9,1,1,2,2,3
15,6,15,30.3,1,1,3,5,0
16,2,16,36.5,1,1,2,30,2
18,0,18,28.9,1,1,16,20,3
19,1,19,11.2,0,0,5,23,5
12,4,12,13.3,0,0,2,40,3
10,0,10,8.2,1,0,7,34,16
2,5,2,16.3,0,0,0,8,0
19,0,19,33.6,0,1,2,9,2
11,2,11,23.6,0,0,2,1,2
15,5,15,21.8,1,1,16,44,0
14,6,14,10.4,1,0,2,10,3
9,5,9,12.2,1,1,2,10,3
16,1,16,31.3,1,1,2,44,2
9,4,9,13.1,1,1,2,36,2
18,3,18,15.7,0,1,0,13,0
6,2,6,0.9,0,0,2,48,13
12,4,12,26.3,1,1,2,28,2
17,6,17,27.8,1,1,2,13,3
20,4,20,21.1,1,0,2,2,3
6,5,6,11.5,1,1,0,10,1
20,3,20,9.2,0,0,2,6,3
21,3,21,9.5,0,0,2,8,3
10,5,10,22.9,0,0,1,18,0
19,1,19,19.8,0,0,1,6,0
8,6,8,12.1,1,1,2,0,2
5,1,5,6.0,1,0,2,6,3
7,5,7,14.1,1,1,0,6,0
0,0,0,19.2,0,0,0,2,0
9,5,9,23.3,0,1,0,2,0
14,6,14,30.5,1,1,6,40,26
10,1,10,24.2,1,1,0,28,0
6,5,6,-0.1,1,0,2,0,2
14,5,14,32.1,1,1,2,7,3
14,1,14,27.0,1,1,0,21,0
12,3,12,13.4,0,0,2,14,2
16,5,16,20.8,1,0,2,26,4
17,5,17,16.8,0,0,2,18,2
19,2,19,8.5,1,0,2,26,4
5,0,5,10.2,0,0,1,0,0
11,6,11,29.3,1,1,2,14,3
15,2,15,35.6,1,1,4,10,2
17,2,17,29.8,1,1,0,15,0
16,3,16,26.1,1,1,2,2,2
6,0,6,12.6,1,1,4,10,2
6,0,6,14.3,1,1,0,6,0
7,6,7,3.7,1,1,2,0,2
19,5,19,17.3,1,0,2,0,3
4,4,4,16.4,1,0,2,8,3
18,2,18,27.0,1,1,2,8,3
21,3,21,18.8,0,0,2,44,2
10,5,10,27.9,1,1,1,8,1
18,2,18,26.9,1,1,2,0,3
0,3,0,2.4,0,0,2,9,3
15,6,15,12.0,0,0,1,2,1
11,2,11,14.3,1,0,2,14,3
11,3,11,20.9,1,1,52,156,6
10,5,10,27.4,1,1,7,45,17
19,0,19,13.1,1,0,0,0,0
10,3,10,17.6,1,1,9,39,24
6,3,6,14.5,1,1,1,6,1
7,4,7,9.7,1,1,0,18,0
18,2,18,26.4,0,0,2,6,3
12,3,12,26.1,1,1,0,3,2
21,0,21,18.0,1,0,22,37,13
16,6,16,33.5,1,1,1,14,2
17,5,17,16.8,1,0,2,18,2
21,5,21,27.3,0,0,2,2,2
10,6,10,8.7,1,0,12,23,4
9,3,9,13.0,1,1,2,30,3
17,2,17,24.2,1,1,2,28,2
18,3,18,16.2,1,0,1,2,2
19,0,19,10.7,1,0,0,2,0
19,6,19,14.9,1,1,0,6,0
7,3,7,14.0,1,1,2,19,4
22,3,22,18.4,0,0,0,27,0
18,3,18,10.7,0,0,0,14,1
15,2,15,18.1,1,1,2,3,3
8,3,8,11.4,1,1,21,11,5
17,2,17,16.5,0,0,0,3,1
21,4,21,17.7,1,1,2,14,3
17,2,17,30.2,1,1,2,6,3
21,4,21,17.8,0,1,2,15,2
7,2,7,13.4,1,1,2,16,2
8,2,8,7.9,1,0,2,12,3
0,1,0,6.0,1,0,11,25,6
10,3,10,5.3,0,0,1,0,0
21,0,21,21.3,1,1,0,8,0
13,4,13,16.1,1,0,10,24,10
13,6,13,17.9,0,0,2,18,2
11,6,11,16.8,0,0,0,13,0
6,4,6,13.7,1,1,2,9,3
1,5,1,16.8,0,0,2,20,3
12,2,12,13.6,1,0,2,18,2
15,3,15,12.7,1,3,7,126,77
14,5,14,17.6,0,0,0,21,0
13,1,13,11.4,0,3,4,10,5
16,1,16,29.4,1,1,4,10,5
5,0,5,13.9,0,0,11,25,11
13,6,13,14.5,0,0,2,2,2
17,3,17,16.7,1,0,1,2,1
8,2,8,14.3,1,1,0,6,0
18,5,18,21.7,0,0,2,31,13
7,5,7,12.8,1,1,2,23,2
7,6,7,14.3,1,1,3,5,13
3,4,3,16.3,0,0,36,76,12
9,0,9,7.4,0,0,2,9,2
7,3,7,14.2,1,1,2,0,3
6,3,6,11.3,1,1,2,0,2
22,2,22,22.9,1,1,20,33,5
16,6,16,30.2,1,1,4,10,5
10,6,10,21.9,1,1,2,15,2
8,6,8,17.0,1,1,7,75,17
13,6,13,27.7,0,1,0,28,0
13,2,13,27.7,1,1,2,2,3
8,1,8,17.2,1,1,7,69,17
6,2,6,14.8,1,1,2,6,3
13,6,13,29.5,0,0,0,6,0
10,4,10,12.8,1,0,12,23,4
16,1,16,29.8,1,1,1,3,0
20,4,20,9.0,1,0,4,10,2
9,0,9,24.4,1,1,2,7,2
10,6,10,23.2,0,0,23,43,4
7,5,7,9.9,0,0,2,48,4
9,0,9,17.6,1,0,7,34,36
19,3,19,28.4,1,1,0,6,0
21,1,21,17.3,0,1,2,9,2
8,3,8,17.1,1,1,2,12,2
19,5,19,15.2,1,1,2,0,3
7,2,7,11.2,0,1,2,23,2
20,0,20,23.2,1,1,2,2,2
21,0,21,18.6,0,1,2,13,3
16,1,16,30.3,1,1,2,20,3
12,1,12,13.4,1,0,2,6,3
14,1,14,23.4,0,0,2,12,3
2,1,2,3.1,0,0,11,25,6
20,3,20,22.6,1,0,7,6,17
12,0,12,28.7,1,1,2,23,3
19,0,19,13.1,0,0,80,8,5
5,0,5,16.0,1,0,1,44,2
23,5,23,9.5,0,0,2,20,3
13,3,13,30.3,1,1,2,0,2
12,2,12,31.4,1,1,9,39,24
21,5,21,15.5,0,0,2,9,2
9,3,9,22.0,1,0,9,39,24
12,3,12,21.0,0,0,3,5,0
17,1,17,10.6,0,0,2,13,3
17,1,17,26.7,1,1,2,1,2
8,3,8,17.3,1,1,24,11,5
20,5,20,23.6,1,1,0,20,0
6,5,6,4.6,0,0,6,18,20
6,4,6,13.8,1,1,2,16,2
12,0,12,32.5,1,1,2,23,2
9,3,9,20.1,1,0,2,31,13
16,0,16,31.3,1,1,15,29,4
11,2,11,25.6,1,1,2,28,2
8,0,8,13.3,1,1,21,11,5
14,2,14,19.8,1,0,9,51,24
16,2,16,32.6,1,0,5,11,5
12,3,12,25.2,1,1,7,74,7
10,4,10,9.6,1,0,2,6,3
15,3,15,29.1,1,1,2,58,3
9,0,9,22.0,1,1,2,12,2
21,2,21,19.3,0,0,2,23,3
6,4,6,9.7,1,1,1,2,1
17,2,17,18.4,0,1,2,21,2
1,2,1,4.0,1,0,13,53,8
14,0,14,34.6,1,1,1,16,2
13,1,13,13.0,1,0,7,63,28
15,0,15,18.5,1,1,2,10,3
6,4,6,14.7,1,1,2,7,3
10,4,10,20.9,1,1,22,37,4
13,3,13,26.7,1,1,13,26,10
13,6,13,30.5,1,1,2,6,2
15,3,15,32.5,1,1,2,10,2
18,5,18,22.0,0,1,0,14,0
16,5,16,21.1,1,1,0,8,0
22,5,22,20.1,1,1,24,11,5
1,3,1,1.2,1,0,11,25,6
12,5,12,22.6,1,1,2,20,3
5,5,5,6.6,1,0,0,2,0
12,0,12,12.9,1,1,7,110,19
16,2,16,18.8,1,1,1,14,2
10,3,10,28.7,1,1,0,13,0
12,6,12,11.2,0,0,2,7,3
19,2,19,27.5,1,1,2,0,3
1,2,1,17.7,0,0,1,3,0
18,6,18,28.7,1,1,2,13,2
16,0,16,33.1,1,1,4,10,5
18,2,18,24.6,0,0,31,40,34
20,4,20,25.7,1,1,2,20,2
20,1,20,24.1,0,0,2,7,4
19,6,19,22.0,1,1,0,40,0
12,5,12,23.3,0,1,0,20,0
13,4,13,33.6,1,1,15,29,4
17,0,17,20.9,0,0,1,40,0
10,3,10,22.9,1,1,5,23,5
6,0,6,13.5,0,0,2,5,13
19,0,19,28.0,1,1,7,99,37
16,3,16,31.6,1,1,2,44,2
10,5,10,24.4,1,1,2,8,3
18,5,18,9.7,0,0,1,44,1
10,5,10,20.4,1,1,2,8,2
11,2,11,22.8,1,1,0,9,0
18,0,18,28.5,0,0,1,14,1
17,0,17,18.1,1,0,7,39,28
9,3,9,16.6,1,1,2,18,2
6,3,6,17.7,1,1,9,16,9
12,4,12,23.7,1,1,10,24,10
16,1,16,30.1,0,0,2,2,3
16,3,16,33.9,1,1,2,23,2
21,3,21,15.0,0,1,2,13,3
8,4,8,15.4,1,0,2,80,4
16,1,16,28.1,0,0,16,3,0
12,5,12,13.4,1,0,0,50,1
21,6,21,21.7,0,0,25,62,13
22,1,22,20.8,1,1,19,32,15
16,3,16,23.9,1,0,7,0,30
13,5,13,19.8,1,0,7,69,17
12,5,12,32.1,1,1,2,15,3
12,3,12,26.9,1,1,2,7,3
12,0,12,25.5,1,1,2,3,3
10,5,10,22.9,0,0,2,14,2
11,6,11,17.3,1,1,11,25,11
8,2,8,9.3,1,0,2,13,3
13,2,13,27.8,1,1,11,25,11
22,3,22,20.9,1,1,2,7,3
6,2,6,14.9,1,1,1,27,1
8,6,8,12.5,1,1,2,14,2
3,2,3,7.3,1,0,77,46,5
13,5,13,31.8,1,1,11,25,11
8,5,8,14.1,1,1,2,9,2
13,4,13,28.2,0,0,2,9,3
12,5,12,25.7,0,0,16,20,3
21,2,21,21.9,1,1,4,10,2
14,6,14,13.1,0,1,0,36,0
14,5,14,20.7,1,0,2,13,3
16,1,16,29.7,1,0,2,8,3
23,1,23,13.2,0,0,1,6,0
13,3,13,17.6,0,0,1,0,0
17,4,17,29.6,1,1,0,14,0
12,4,12,27.0,1,1,2,3,3
19,2,19,15.4,0,1,0,0,0
23,6,23,15.0,0,0,1,6,0
4,6,4,9.4,0,0,4,10,2
18,3,18,25.3,0,0,1,44,0
0,1,0,5.0,0,0,16,20,3
12,1,12,24.3,1,1,13,26,10
12,3,12,21.5,1,1,11,25,11
6,5,6,13.4,1,1,1,20,1
8,2,8,19.6,1,1,2,12,3
13,3,13,25.4,1,0,2,10,2
23,1,23,22.3,1,1,20,33,5
11,4,11,14.7,1,2,14,57,12
15,0,15,23.2,1,0,0,28,0
17,2,17,10.8,0,0,2,15,3
20,1,20,24.0,1,1,2,20,2
11,0,11,22.4,1,1,2,9,2
11,6,11,26.3,1,1,6,40,26
2,5,2,9.3,0,0,11,25,6
1,6,1,14.2,1,0,5,11,5
21,1,21,9.4,0,3,2,15,3
19,5,19,33.3,1,1,44,39,63
12,0,12,27.2,1,1,7,55,7
9,6,9,21.2,1,1,2,14,2
13,6,13,15.6,1,0,6,40,26
21,5,21,22.9,0,1,1,9,0
2,4,2,11.1,0,0,0,27,1
7,5,7,14.6,1,1,2,13,2
0,5,0,20.5,0,0,1,18,2
14,5,14,34.1,0,1,2,21,2
18,1,18,26.0,1,1,4,10,4
19,6,19,25.8,0,0,2,30,2
10,0,10,20.1,0,0,2,8,2
6,5,6,14.6,1,1,4,10,2
0,5,0,20.5,1,0,26,47,10
6,3,6,6.3,0,0,21,23,5
21,2,21,21.4,1,1,2,23,2
6,5,6,8.6,1,0,0,18,0
9,6,9,8.6,1,0,7,2,17
16,0,16,27.7,1,1,0,14,1
14,5,14,16.2,0,0,42,9,56
22,3,22,21.0,0,0,2,58,2
11,6,11,18.5,1,0,7,39,55
13,2,13,29.1,0,1,1,2,0
12,1,12,29.7,1,1,0,8,1
22,2,22,20.5,0,0,1,8,1
6,6,6,11.3,1,1,2,0,3
15,3,15,25.3,1,0,23,43,4
16,4,16,29.5,1,1,2,40,2
18,6,18,25.9,0,0,1,40,2
13,3,13,13.0,1,0,7,34,16
13,3,13,28.5,1,1,23,43,4
0,4,0,20.3,0,0,11,25,6
13,3,13,24.6,1,1,2,14,2
7,0,7,7.6,1,1,2,23,2
12,4,12,30.3,1,1,2,21,2
10,2,10,25.7,1,1,7,40,42
15,2,15,19.2,1,0,7,8,43
6,6,6,13.9,1,1,2,0,2
9,0,9,17.4,1,0,7,34,36
20,0,20,18.6,1,0,0,18,1
19,3,19,23.4,1,1,2,9,2
7,1,7,14.5,1,1,2,23,2
19,5,19,32.4,1,1,2,13,2
21,5,21,20.7,0,0,18,31,4
3,3,3,7.8,0,0,3,5,13
20,2,20,8.2,0,0,0,8,1
18,5,18,27.0,1,1,2,14,2
9,6,9,20.8,1,1,7,69,17
14,0,14,30.9,0,1,2,2,2
2,4,2,3.8,0,0,11,25,6
18,6,18,18.3,1,1,1,14,2
17,5,17,13.0,1,0,2,14,3
10,1,10,9.9,1,0,7,34,16
15,0,15,18.0,1,0,2,0,3
15,3,15,31.5,0,1,2,9,3
13,4,13,16.5,1,0,6,18,20
17,0,17,25.5,1,0,1,60,0
12,2,12,27.1,1,1,0,23,0
13,0,13,25.9,0,0,0,0,0
15,4,15,30.6,1,1,1,2,1
12,5,12,24.9,1,1,2,3,2
23,2,23,18.3,1,1,26,47,10
13,1,13,27.6,1,1,11,25,11
21,1,21,17.9,0,1,2,13,3
20,6,20,11.8,0,0,0,44,0
18,2,18,27.7,0,1,0,0,77
10,3,10,18.4,1,1,0,0,0
13,5,13,18.7,0,1,2,2,3
12,3,12,21.3,1,1,6,40,26
14,0,14,31.2,0,0,1,8,0
16,3,16,16.2,1,1,5,23,5
16,2,16,15.3,0,0,2,10,3
17,5,17,13.7,1,0,0,27,1
22,5,22,15.0,0,0,0,6,1
11,3,11,28.1,1,1,2,11,13
15,4,15,31.1,1,1,0,10,0
19,0,19,26.1,0,0,2,26,4
13,1,13,17.0,0,0,0,20,0
7,2,7,11.8,0,0,25,62,13
18,1,18,25.9,1,1,0,8,1
23,6,23,14.9,1,0,18,31,4
20,2,20,22.3,1,1,0,27,0
14,2,14,13.8,1,0,4,72,2
10,0,10,15.4,0,0,2,8,3
17,1,17,29.8,1,1,2,2,2
21,1,21,16.4,1,1,26,47,10
19,3,19,28.2,1,1,0,27,0
1,4,1,16.5,0,0,1,0,1
15,1,15,30.1,1,1,2,8,3
17,4,17,35.0,1,1,2,6,3
15,0,15,15.9,0,0,1,3,1
22,1,22,12.8,0,0,2,8,3
14,4,14,29.7,1,1,6,18,6
19,0,19,12.9,1,0,2,14,2
21,6,21,13.3,0,0,2,10,2
0,2,0,14.5,0,0,2,18,2
18,3,18,27.1,0,1,16,20,3
18,6,18,22.7,0,1,0,21,0
22,6,22,21.6,1,1,25,62,13
17,5,17,22.6,0,0,1,13,2
4,2,4,13.8,1,0,2,4,4
11,3,11,20.4,1,1,0,28,0
15,5,15,22.0,1,1,2,52,3
14,0,14,27.1,0,0,0,10,1
11,1,11,27.0,1,0,0,15,0
16,2,16,13.2,0,0,16,20,3
1,0,1,18.0,0,0,1,3,1
8,0,8,17.5,1,1,2,3,3
21,6,21,26.4,1,1,2,0,3
15,2,15,23.2,0,0,0,14,0
19,4,19,25.2,1,1,1,40,1
15,6,15,30.1,1,1,0,21,0
10,5,10,25.3,1,1,2,30,2
10,3,10,21.5,0,0,2,8,3
10,1,10,7.8,1,0,2,13,3
5,0,5,14.7,1,0,11,25,6
21,3,21,25.2,0,1,2,13,2
7,5,7,12.6,1,1,0,8,0
10,0,10,8.2,0,1,7,34,16
16,2,16,28.8,0,0,2,9,3
16,2,16,18.8,1,1,2,3,3
23,3,23,20.4,1,1,38,11,5
21,0,21,19.8,1,1,4,10,2
10,0,10,20.7,1,1,2,14,2
23,6,23,23.7,1,1,6,18,21
3,3,3,11.4,0,0,2,8,3
13,3,13,27.7,0,1,2,4,4
11,3,11,28.6,1,1,2,30,2
23,4,23,12.0,0,0,3,5,0
19,5,19,25.1,0,1,2,6,3
8,3,8,10.9,1,0,21,11,5
8,6,8,12.8,1,1,1,8,0
18,5,18,32.3,1,1,16,20,3
15,2,15,16.3,1,0,2,8,3
12,3,12,15.5,1,0,49,23,71
13,2,13,13.8,1,0,1,2,1
7,3,7,14.5,1,1,2,2,3
17,6,17,17.7,0,0,0,40,0
21,6,21,19.0,0,0,9,9,17
6,5,6,6.8,0,0,21,23,5
12,5,12,30.2,0,0,1,27,2
15,6,15,30.0,1,1,2,44,2
7,3,7,17.4,0,0,21,23,5
22,5,22,13.2,0,0,16,20,3
11,1,11,25.0,1,1,2,13,3
13,5,13,15.5,1,0,5,11,5
14,1,14,26.0,0,1,1,14,1
6,6,6,-1.5,0,0,2,68,4
20,1,20,10.2,1,0,0,10,0
13,6,13,20.9,0,0,3,5,0
6,3,6,7.4,1,1,2,8,3
16,1,16,25.9,0,0,24,84,5
22,0,22,16.5,0,0,2,6,2
9,0,9,19.4,1,1,1,44,2
17,0,17,29.1,1,0,1,60,0
8,3,8,19.8,1,1,0,14,0
21,6,21,17.9,0,0,2,40,2
17,3,17,27.8,1,1,14,57,12
0,1,0,8.1,0,0,0,27,1
17,2,17,18.4,1,1,2,20,4
23,4,23,14.1,1,1,14,57,12
7,5,7,9.2,1,1,2,23,2
20,2,20,15.4,0,0,0,2,0
23,1,23,22.9,1,1,26,47,10
13,1,13,28.3,1,1,2,27,2
10,0,10,11.7,0,0,2,1,3
17,0,17,27.5,1,1,2,8,3
7,3,7,3.2,1,0,2,0,3
12,6,12,27.7,1,1,0,36,0
16,3,16,32.5,1,1,2,26,4
16,1,16,32.4,0,0,32,67,35
14,3,14,19.0,1,0,31,64,40
19,6,19,24.5,0,0,2,15,3
11,2,11,17.7,1,1,0,9,1
19,6,19,26.2,1,1,2,8,3
15,4,15,30.5,1,1,0,13,0
3,4,3,14.9,1,0,77,46,5
15,2,15,30.4,0,1,0,28,0
7,1,7,14.9,1,1,16,20,3
15,6,15,24.8,1,0,0,15,0
19,1,19,29.0,1,1,16,20,3
12,6,12,21.2,1,1,2,14,2
6,3,6,13.6,1,1,2,8,3
22,4,22,19.1,1,0,17,11,14
10,1,10,9.8,0,0,2,20,3
16,3,16,31.2,1,1,0,3,2
18,5,18,17.7,1,1,2,13,3
22,2,22,27.1,0,1,1,14,1
10,6,10,24.5,1,1,0,21,0
16,5,16,33.6,1,1,0,3,2
23,0,23,17.2,1,1,18,31,4
8,6,8,5.8,1,0,14,57,12
18,5,18,17.5,1,1,7,2,17
2,3,2,4.2,0,0,2,1,2
10,0,10,16.3,0,1,7,74,47
11,3,11,11.2,1,0,0,6,0
17,0,17,19.1,0,0,1,0,0
13,1,13,25.7,1,1,15,29,4
17,2,17,18.4,1,0,4,10,4
11,0,11,29.7,1,1,2,21,2
19,4,19,33.3,0,0,0,8,0
14,1,14,28.2,1,1,1,6,0
17,1,17,22.6,1,1,2,10,4
0,0,0,12.9,0,1,0,9,0
14,1,14,26.1,0,0,2,13,2
14,0,14,31.7,1,1,2,12,3
15,2,15,27.6,1,1,2,9,3
16,0,16,27.5,1,1,6,18,21
13,1,13,11.5,0,3,2,4,4
19,2,19,11.7,0,0,0,9,1
21,4,21,9.6,1,0,26,47,10
13,1,13,25.5,0,0,0,13,0
6,4,6,15.0,1,1,2,0,2
19,5,19,17.4,1,1,2,6,2
11,6,11,17.1,1,1,1,6,0
11,4,11,30.2,1,1,2,12,2
19,4,19,10.6,0,0,2,20,4
6,6,6,14.9,1,1,0,1,0
9,0,9,21.9,1,1,21,11,5
13,1,13,24.9,1,1,11,25,11
14,3,14,25.1,1,1,9,39,16
15,1,15,30.7,1,1,5,11,5
1,2,1,10.1,1,0,11,25,6
17,1,17,31.8,1,1,1,60,1
10,1,10,21.3,0,3,2,14,3
17,0,17,13.9,1,0,2,2,3
13,6,13,32.4,0,1,6,18,6
15,2,15,19.9,0,0,1,3,1
12,0,12,21.2,1,1,32,67,35
19,0,19,24.5,1,1,0,6,0
1,4,1,4.5,1,0,2,20,3
11,3,11,28.4,1,1,2,20,3
1,1,1,12.2,0,0,0,27,1
12,1,12,29.9,1,1,2,21,2
7,0,7,11.1,1,1,2,9,3
15,5,15,32.3,1,1,0,0,0
2,6,2,18.7,1,0,11,25,6
9,1,9,20.9,1,1,0,9,0
11,5,11,14.6,1,0,2,8,3
14,0,14,26.2,0,0,2,6,2
9,2,9,19.9,1,1,9,39,17
10,0,10,20.1,0,1,2,9,2
3,5,3,12.3,0,0,3,5,13
14,5,14,17.1,1,0,0,61,0
18,3,18,16.0,0,0,2,31,13
8,5,8,9.1,1,1,2,2,2
17,3,17,26.6,1,0,0,15,0
10,3,10,7.0,0,0,2,8,3
21,6,21,6.6,1,0,26,47,10
11,6,11,27.7,1,1,2,7,2
9,4,9,17.7,1,1,2,5,4
10,4,10,22.0,0,0,7,54,28
13,1,13,28.6,1,1,2,12,3
15,1,15,29.8,1,1,2,3,3
12,1,12,25.9,1,1,11,25,11
16,2,16,13.6,1,0,2,5,13
12,0,12,15.6,0,0,9,123,80
8,3,8,10.7,1,1,1,2,2
4,2,4,8.5,1,0,2,9,2
17,4,17,19.0,1,0,2,0,2
14,3,14,23.0,0,0,7,34,77
9,6,9,14.3,0,1,2,0,2
9,3,9,18.6,1,1,2,0,2
7,6,7,7.2,1,3,2,8,3
0,2,0,17.2,1,0,2,5,13
16,3,16,31.1,1,1,2,23,2
12,3,12,27.4,1,1,2,20,2
9,2,9,22.7,1,1,0,8,0
10,5,10,15.4,1,0,2,0,3
19,6,19,21.5,1,1,2,26,4
12,6,12,14.3,0,0,2,12,3
7,2,7,13.3,1,1,1,8,2
6,0,6,12.3,1,1,2,10,2
14,4,14,27.2,1,1,2,20,2
19,3,19,22.8,0,1,0,7,1
14,0,14,24.6,0,1,2,10,13
16,3,16,26.1,0,1,0,0,1
10,2,10,13.0,0,1,2,13,2
10,0,10,19.9,0,1,2,6,2
15,2,15,24.6,0,0,0,3,1
12,2,12,20.2,1,0,0,6,0
12,3,12,12.9,1,0,2,2,3
22,6,22,21.0,1,1,0,0,0
10,1,10,21.2,1,1,0,0,0
7,1,7,14.4,1,1,3,5,13
16,3,16,34.2,1,1,2,20,3
22,1,22,15.9,1,1,18,31,4
17,6,17,11.0,1,0,2,13,2
1,5,1,7.7,1,0,17,11,14
9,6,9,21.3,1,1,0,36,0
9,2,9,15.6,1,0,2,7,3
14,2,14,28.9,1,1,2,0,3
13,3,13,13.2,0,0,0,14,0
17,2,17,11.1,1,0,1,14,1
19,2,19,10.1,1,0,2,14,3
20,6,20,14.8,1,1,0,40,0
16,2,16,25.1,1,1,2,8,2
14,6,14,15.1,1,0,16,134,2
11,4,11,24.8,1,1,2,9,2
22,1,22,19.1,1,1,6,18,6
6,1,6,14.6,1,1,0,2,0
13,0,13,9.2,0,0,3,5,15
15,5,15,30.6,1,0,0,10,0
14,6,14,28.9,1,1,2,13,2
15,1,15,33.5,1,1,0,28,0
23,0,23,21.3,0,0,0,18,2
1,6,1,12.0,1,0,2,4,4
23,6,23,19.9,1,1,18,31,4
17,4,17,28.7,1,0,2,27,3
9,3,9,18.8,1,1,9,51,24
19,3,19,9.1,0,0,31,64,40
6,3,6,17.4,1,1,4,10,15
14,6,14,33.3,1,1,2,12,3
20,6,20,19.0,1,0,0,6,0
14,0,14,27.7,1,0,2,10,2
7,0,7,11.4,1,1,5,11,5
12,0,12,25.7,1,0,0,9,1
9,3,9,18.8,1,1,9,51,24
8,1,8,16.5,1,1,1,0,0
13,0,13,32.5,0,1,6,18,6
13,0,13,27.6,1,1,2,9,2
10,0,10,24.7,1,1,7,34,36
1,4,1,3.2,0,0,8,96,8
18,1,18,26.1,0,1,0,9,0
14,6,14,30.9,1,1,0,7,0
0,3,0,10.2,0,0,1,6,1
12,0,12,13.3,1,0,21,11,5
13,0,13,28.2,1,1,0,9,0
21,5,21,20.3,0,0,2,8,2
14,5,14,15.9,1,0,5,11,5
8,4,8,8.3,1,0,2,21,2
12,5,12,22.5,1,1,2,9,3
16,4,16,36.2,1,1,7,41,27
17,3,17,27.4,0,0,7,34,16
8,5,8,13.2,1,1,2,0,2
21,3,21,25.1,1,1,2,9,3
12,6,12,27.7,1,1,6,40,26
11,4,11,14.2,1,1,2,16,2
13,4,13,25.2,1,1,15,29,4
19,3,19,27.2,1,1,0,2,0
11,0,11,14.5,1,0,2,0,2
12,3,12,33.0,1,1,2,23,2
14,4,14,26.9,1,1,15,29,4
11,4,11,23.9,1,3,7,79,28
20,0,20,20.8,1,1,2,7,2
3,0,3,15.5,0,0,11,25,6
23,0,23,16.6,1,1,25,62,13
10,1,10,24.2,1,1,0,21,0
16,1,16,29.4,1,1,2,13,3
5,1,5,8.2,0,0,21,23,5
6,3,6,8.3,1,0,2,8,3
17,1,17,22.4,1,1,0,14,1
20,5,20,18.9,0,1,0,9,1
12,0,12,24.2,0,0,2,23,3
15,5,15,28.0,1,1,2,10,2
7,6,7,9.8,1,1,3,5,13
15,1,15,18.6,1,0,0,13,0
8,1,8,12.9,1,0,2,19,4
1,5,1,17.2,0,0,1,18,1
21,5,21,10.9,1,0,1,0,0
10,5,10,24.3,1,1,2,13,3
10,1,10,22.5,1,1,2,2,3
10,0,10,21.3,1,1,2,0,2
12,6,12,31.6,1,1,2,12,3
10,5,10,21.9,0,0,0,8,0
19,3,19,20.9,1,0,2,18,2
15,0,15,24.5,1,0,5,46,5
16,6,16,30.7,1,1,1,6,1
11,0,11,15.1,1,0,7,34,16
21,0,21,14.2,0,3,0,15,0
8,6,8,12.0,1,1,2,10,13
12,3,12,11.7,1,0,7,34,16
8,6,8,11.6,1,1,2,14,3
16,0,16,31.3,1,1,2,28,2
17,0,17,29.9,1,1,2,40,2
7,3,7,14.6,1,1,2,12,2
13,1,13,30.0,1,1,23,43,4
15,3,15,12.9,1,3,7,126,77
0,0,0,18.3,0,0,2,3,3
18,1,18,18.5,0,0,0,9,0
8,0,8,19.4,1,1,2,18,2
22,5,22,16.9,0,0,1,6,0
11,3,11,23.9,1,0,7,14,30
7,4,7,2.0,0,0,10,24,10
16,5,16,25.0,1,0,2,5,8
13,2,13,22.0,0,1,3,5,0
8,6,8,17.9,1,1,0,28,0
22,1,22,19.7,1,1,6,18,6
16,3,16,32.1,0,1,2,14,3
23,3,23,12.3,0,0,2,58,2
18,1,18,28.7,0,0,2,13,3
13,6,13,12.2,1,0,7,41,17
15,1,15,29.5,1,1,4,10,2
11,3,11,20.5,1,1,85,20,10
19,5,19,25.0,1,0,7,69,17
7,3,7,14.8,1,0,2,0,2
8,2,8,11.7,1,1,2,2,2
19,4,19,11.2,1,0,2,0,3
15,0,15,30.4,1,1,2,14,3
10,6,10,20.0,1,1,2,7,3
7,0,7,6.8,0,0,13,26,10
8,1,8,16.6,1,1,9,69,17
12,3,12,23.5,1,1,2,15,3
18,3,18,22.8,1,0,7,34,16
22,6,22,14.7,0,1,0,40,0
20,3,20,9.4,0,1,9,6,58
18,0,18,8.1,0,0,2,14,3
18,5,18,15.3,1,0,2,13,3
15,2,15,30.8,1,1,5,11,5
9,6,9,8.3,0,0,2,20,13
6,6,6,15.3,1,1,4,10,15
15,5,15,31.2,1,1,2,10,3
0,0,0,19.1,1,0,36,5,12
18,5,18,18.0,0,1,0,9,1
10,4,10,13.3,0,0,2,29,4
11,5,11,22.3,1,0,2,11,13
7,3,7,13.2,1,1,4,10,2
20,3,20,19.7,0,0,2,19,13
9,5,9,20.7,1,1,2,36,2
14,3,14,25.2,0,1,2,28,3
6,0,6,14.6,1,1,0,10,1
20,0,20,10.4,0,0,2,6,2
15,1,15,30.2,0,1,2,0,3
13,2,13,15.1,0,0,3,5,0
10,6,10,25.6,1,1,9,59,9
14,4,14,12.3,0,0,0,20,0
17,1,17,26.0,0,0,7,15,40
21,2,21,4.0,1,0,26,47,10
22,4,22,22.3,1,1,25,11,23
18,1,18,28.9,1,1,2,10,4
14,0,14,18.6,1,1,2,14,2
14,4,14,20.2,1,0,14,57,12
15,4,15,16.8,0,0,1,3,1
9,3,9,17.2,1,1,0,9,0
21,0,21,24.9,0,1,1,2,0
15,1,15,14.4,1,0,2,13,3
23,2,23,17.6,1,1,0,20,0
10,6,10,17.9,1,1,0,8,0
8,0,8,13.1,1,1,1,14,2
7,5,7,3.2,0,0,17,23,14
17,5,17,15.2,0,0,16,20,3
20,0,20,21.1,0,0,18,31,4
15,5,15,21.7,1,1,2,58,2
22,6,22,21.5,1,1,2,7,3
11,6,11,28.8,1,1,2,20,3
23,3,23,20.4,1,1,2,10,2
21,2,21,24.8,1,1,2,26,4
18,3,18,14.6,0,0,0,21,0
7,0,7,14.2,1,1,2,15,3
14,0,14,16.6,0,0,2,18,2
11,6,11,12.8,0,0,2,20,2
19,0,19,14.7,0,1,2,21,2
19,2,19,23.5,1,1,0,8,1
20,6,20,14.8,0,0,2,10,3
15,5,15,31.1,1,0,16,134,3
9,2,9,25.6,1,1,0,21,0
7,0,7,3.9,1,0,2,12,2
7,4,7,12.9,0,0,26,47,10
16,2,16,18.6,1,1,0,8,0
14,5,14,32.0,1,1,17,11,18
19,1,19,10.8,1,0,73,9,44
13,4,13,25.6,0,0,2,40,3
8,2,8,18.2,1,1,2,19,13
0,0,0,16.2,0,0,1,2,2
11,5,11,14.0,1,1,11,25,11
21,0,21,25.5,1,1,2,9,3
14,3,14,19.7,1,0,0,14,0
20,3,20,9.2,0,0,6,18,6
16,6,16,30.9,1,1,1,0,0
10,4,10,27.0,1,1,2,10,3
3,6,3,9.1,0,0,11,25,6
19,2,19,23.2,1,1,2,0,3
10,5,10,23.9,1,1,0,21,0
10,1,10,12.3,0,0,1,6,0
15,6,15,32.5,1,1,2,10,3
17,6,17,21.4,1,1,1,60,0
6,6,6,13.4,1,1,1,10,1
20,5,20,21.3,0,0,2,6,3
13,4,13,30.3,1,1,2,10,2
21,1,21,17.1,1,1,2,23,2
9,6,9,19.9,1,1,7,69,17
14,1,14,22.0,1,3,2,2,3
10,6,10,26.2,1,1,2,16,2
12,3,12,21.4,1,1,7,36,43
21,2,21,10.7,0,0,17,23,18
9,3,9,6.0,0,0,0,0,0
20,0,20,27.5,1,1,2,2,3
6,5,6,14.3,1,1,1,20,1
20,5,20,30.0,1,1,2,2,2
12,5,12,11.7,1,0,2,18,2
9,5,9,27.9,1,1,0,21,0
17,0,17,32.6,1,1,6,18,6
8,3,8,15.4,1,1,2,44,2
8,6,8,20.3,1,1,2,10,13
20,1,20,22.1,1,0,2,23,3
12,1,12,11.4,1,1,7,110,19
15,5,15,33.6,1,1,2,58,2
5,2,5,13.0,1,0,2,9,3
14,6,14,19.1,1,0,1,6,1
18,2,18,15.2,1,0,16,20,3
15,0,15,30.0,1,1,3,5,0
20,6,20,8.2,0,0,2,19,13
18,4,18,34.3,1,1,16,20,3
19,5,19,22.9,0,0,1,14,1
0,3,0,2.4,0,0,0,8,0
11,4,11,9.3,1,0,2,2,3
10,1,10,24.8,1,1,2,14,3
4,6,4,11.2,1,0,2,2,2
10,4,10,26.1,1,1,2,7,3
23,6,23,20.4,1,1,6,18,21
14,3,14,19.7,1,1,31,7,33
4,1,4,5.9,1,0,4,10,15
10,3,10,22.8,1,1,5,11,5
14,6,14,31.1,1,1,6,18,6
20,0,20,24.4,1,1,0,9,0
11,4,11,20.2,1,1,5,11,5
8,4,8,11.1,1,1,2,10,13
19,2,19,17.3,1,1,16,20,3
4,3,4,8.4,1,0,0,6,1
8,6,8,19.2,1,1,2,18,2
22,6,22,8.1,0,0,7,19,7
18,5,18,26.1,1,1,2,2,2
9,6,9,13.6,1,0,17,11,18
13,0,13,28.8,1,1,13,26,10
11,1,11,13.7,0,0,2,70,4
4,0,4,15.6,1,0,34,10,12
18,3,18,27.9,1,1,4,10,4
4,0,4,4.7,1,0,11,25,6
21,2,21,25.9,0,0,17,23,14
6,6,6,7.0,1,0,2,27,3
22,1,22,19.5,0,0,1,6,1
6,4,6,14.9,1,1,2,0,2
12,0,12,14.1,1,0,7,34,16
18,2,18,27.6,1,1,47,11,14
9,6,9,12.8,1,1,2,23,3
14,3,14,15.2,0,0,0,8,0
14,1,14,27.3,0,0,2,30,2
7,6,7,12.7,1,1,2,8,2
9,2,9,21.9,1,1,2,36,2
9,5,9,5.4,1,0,2,9,3
6,1,6,12.5,1,1,2,2,2
8,5,8,14.7,1,0,2,13,2
15,1,15,30.2,1,1,2,7,2
18,2,18,18.4,1,0,7,39,17
23,0,23,21.0,1,1,19,32,2
4,3,4,11.4,1,0,77,46,5
6,6,6,8.9,0,0,25,11,13
14,3,14,12.5,0,0,2,14,3
15,1,15,14.6,0,0,1,8,2
0,3,0,8.3,1,0,11,25,6
7,1,7,11.1,1,1,1,0,0
16,6,16,30.4,1,1,2,28,2
11,5,11,11.5,1,0,2,8,3
13,6,13,29.4,1,1,13,26,10
14,2,14,18.8,0,0,0,28,2
12,6,12,26.8,1,1,10,24,10
8,0,8,17.2,1,1,0,12,1
9,2,9,16.7,1,1,2,0,2
22,1,22,8.9,1,3,13,53,8
2,3,2,0.6,1,0,16,20,3
7,6,7,9.1,0,0,13,26,10
7,3,7,10.1,1,1,2,23,2
15,2,15,30.4,1,1,2,52,2
6,0,6,11.0,1,1,2,6,3
1,1,1,17.6,0,0,2,2,3
21,5,21,20.2,0,1,2,13,3
16,2,16,27.3,1,0,0,13,0
5,3,5,14.4,1,0,17,11,14
8,3,8,11.2,1,1,2,13,3
13,0,13,15.1,0,1,31,64,33
9,2,9,21.0,1,1,9,39,24
12,2,12,22.9,1,1,0,36,0
21,2,21,14.1,0,0,2,30,3
13,6,13,22.0,1,1,7,69,17
10,5,10,21.3,1,1,9,73,9
10,6,10,15.6,1,1,2,2,2
23,2,23,16.1,1,1,18,31,13
18,0,18,12.7,0,0,2,14,2
5,0,5,7.0,1,0,1,27,2
6,2,6,14.0,1,1,1,6,2
10,4,10,22.5,0,1,9,39,30
20,0,20,26.7,0,0,5,23,5
8,2,8,15.9,1,1,0,12,1
2,1,2,12.1,0,0,77,23,5
5,1,5,10.1,1,0,1,8,2
18,2,18,17.9,1,1,0,1,0
16,0,16,26.8,1,1,2,7,2
6,2,6,14.6,1,1,0,10,1
1,1,1,12.6,1,0,11,25,6
17,4,17,29.2,1,1,2,20,4
11,0,11,23.4,1,0,7,34,36
7,4,7,15.5,1,1,2,12,2
3,4,3,5.8,1,0,34,10,12
16,1,16,31.3,1,1,2,6,3
17,5,17,29.8,0,0,2,23,2
11,5,11,14.0,1,0,2,44,3
22,3,22,14.5,0,0,0,2,0
13,0,13,9.5,1,0,2,50,2
5,5,5,1.1,0,0,2,11,4
17,4,17,30.0,1,1,1,9,2
10,2,10,23.5,1,1,0,13,1
12,6,12,26.8,0,0,2,8,2
10,1,10,27.3,0,0,6,18,21
13,5,13,19.6,0,1,2,9,2
17,4,17,14.7,0,1,7,67,43
6,0,6,14.3,1,1,0,0,0
8,2,8,13.0,1,1,1,2,1
16,6,16,33.4,1,1,2,20,2
16,0,16,33.0,1,1,0,8,0
15,4,15,30.1,1,1,2,52,2
16,5,16,31.6,1,1,0,13,0
6,4,6,11.9,1,1,1,3,1
16,0,16,33.1,1,1,2,14,3
17,6,17,16.4,0,0,0,40,0
19,6,19,22.0,1,1,2,2,2
10,0,10,21.1,0,1,2,6,2
5,4,5,8.1,0,3,2,5,13
9,1,9,4.5,0,0,5,58,5
16,6,16,33.6,1,1,2,2,3
10,0,10,19.8,1,1,2,6,2
19,4,19,27.1,1,1,0,40,0
17,0,17,16.7,1,0,2,3,3
0,3,0,19.6,0,0,2,7,3
13,5,13,32.3,1,1,13,26,10
11,2,11,17.1,1,1,2,8,3
14,5,14,29.6,1,1,2,14,2
17,6,17,13.3,1,0,2,18,2
20,3,20,25.2,1,1,2,20,2
14,3,14,14.3,0,1,7,34,16
10,2,10,21.1,1,1,2,0,2
2,1,2,10.2,0,0,0,6,0
6,6,6,13.0,0,0,22,37,4
23,6,23,19.0,0,1,0,2,0
23,5,23,20.4,0,1,3,5,0
19,3,19,24.0,1,0,0,15,0
21,5,21,8.2,0,0,0,40,0
12,4,12,15.3,1,0,9,99,60
23,2,23,18.4,1,1,2,68,13
6,5,6,15.5,1,1,1,2,0
8,4,8,19.5,0,0,7,99,37
18,3,18,25.8,0,1,0,9,0
12,3,12,19.4,1,1,12,23,4
10,6,10,27.7,1,1,1,17,0
16,1,16,14.5,1,0,1,14,0
16,1,16,24.8,1,1,2,15,3
16,3,16,18.8,0,0,1,2,0
10,6,10,23.7,0,0,1,15,2
18,3,18,16.6,0,1,0,13,0
13,6,13,21.0,1,1,2,23,2
15,4,15,30.9,1,1,2,10,2
20,6,20,10.0,0,0,0,13,1
13,5,13,13.6,0,0,1,14,0
17,5,17,33.4,1,1,2,20,4
9,6,9,25.5,1,1,22,37,4
11,5,11,9.4,1,0,2,0,3
20,2,20,15.8,0,0,2,21,2
11,5,11,28.6,0,0,15,29,4
11,0,11,23.0,0,0,2,15,3
21,5,21,23.7,0,1,18,31,4
17,2,17,29.6,0,0,0,23,0
16,2,16,21.6,1,0,2,5,13
19,2,19,21.4,1,1,0,18,0
17,4,17,31.7,0,0,0,2,0
17,5,17,19.4,0,1,16,20,1
19,5,19,19.7,0,1,0,9,1
23,6,23,16.3,1,0,20,33,5
14,2,14,10.5,1,0,0,14,0
9,3,9,14.4,0,0,23,43,4
16,4,16,31.6,1,1,2,23,3
13,4,13,27.6,0,1,0,13,0
17,4,17,30.2,1,1,0,0,0
13,0,13,14.4,0,0,1,27,0
14,0,14,15.6,0,1,7,34,16
10,2,10,18.4,1,0,2,7,2
10,5,10,19.9,1,1,2,27,2
18,5,18,10.5,0,0,2,8,2
17,5,17,33.5,1,1,2,14,2
9,4,9,22.6,0,0,2,6,2
11,0,11,11.7,1,0,0,28,0
21,4,21,19.6,1,1,0,10,1
13,5,13,15.3,0,0,4,10,4
19,6,19,17.2,0,0,2,20,4
13,0,13,32.3,0,1,2,4,4
6,3,6,7.2,0,0,11,25,11
13,3,13,12.8,1,0,9,105,19
21,2,21,21.4,1,1,7,13,17
16,2,16,29.0,0,0,2,16,2
20,3,20,12.8,0,0,2,2,2
9,4,9,21.5,0,0,10,24,32
14,1,14,24.5,1,1,4,10,5
22,4,22,21.8,1,1,6,18,6
23,1,23,16.9,1,1,18,31,4
16,6,16,30.5,1,0,1,14,0
21,2,21,24.2,0,0,1,44,1
12,5,12,26.4,0,1,1,10,1
16,4,16,20.5,0,1,2,9,2
1,5,1,17.0,0,0,2,1,3
12,5,12,28.4,1,1,2,8,2
21,5,21,24.0,0,0,19,32,15
15,5,15,27.5,1,1,2,58,2
8,4,8,11.6,1,1,2,36,2
10,4,10,21.6,0,0,7,54,28
22,0,22,21.1,1,1,25,11,13
17,6,17,17.0,1,1,7,21,17
16,1,16,31.3,0,1,2,13,3
15,0,15,15.9,1,0,3,5,0
12,6,12,16.1,0,1,2,13,3
1,4,1,6.7,1,0,8,11,8
21,1,21,15.3,0,0,1,8,1
16,5,16,22.4,1,1,2,18,2
23,0,23,11.1,0,1,3,5,0
11,3,11,24.6,1,1,2,21,2
22,0,22,18.4,1,1,19,32,15
21,0,21,18.7,1,0,26,47,10
14,6,14,16.9,0,0,1,2,0
23,5,23,20.5,1,1,26,47,10
6,5,6,12.7,1,1,0,18,2
21,0,21,24.3,1,1,4,10,2
18,0,18,16.8,0,1,2,13,2
23,4,23,21.3,1,1,2,11,4
7,4,7,11.1,1,1,2,23,3
8,3,8,13.1,1,1,2,18,2
12,4,12,11.8,1,0,0,2,0
5,3,5,7.5,1,0,24,20,5
10,2,10,5.9,0,0,0,6,0
7,2,7,11.3,1,1,2,2,3
7,0,7,13.1,1,1,2,12,2
10,6,10,5.8,1,0,7,15,17
15,3,15,14.8,1,0,7,34,16
17,2,17,10.3,0,0,0,5,2
22,0,22,20.7,0,0,2,39,13
15,3,15,31.3,1,0,9,51,102
7,3,7,11.8,1,1,2,12,3
1,5,1,15.7,0,0,1,2,2
18,6,18,26.7,1,1,2,0,2
13,0,13,26.8,0,1,0,0,0
14,5,14,18.3,0,0,2,83,2
13,2,13,18.4,1,0,2,10,2
7,0,7,13.0,1,1,2,2,3
18,5,18,30.8,1,1,2,13,3
15,3,15,14.0,0,1,7,34,36
13,6,13,16.0,0,0,2,5,13
19,6,19,9.7,1,0,16,20,3
16,0,16,22.0,1,0,2,14,2
7,6,7,15.2,1,1,1,17,0
8,5,8,7.9,1,1,6,18,21
0,5,0,18.1,0,0,1,2,1
6,0,6,14.5,1,1,1,6,1
19,5,19,26.3,0,0,1,6,2
19,4,19,11.1,1,0,2,26,13
9,2,9,10.8,1,0,12,23,4
13,1,13,25.6,0,0,5,27,5
22,3,22,20.6,1,1,38,11,5
8,0,8,12.4,1,1,2,0,3
16,2,16,28.4,0,1,2,2,2
21,4,21,22.2,0,0,18,31,13
14,5,14,14.6,0,0,0,14,0
23,2,23,2.6,0,0,2,20,3
14,4,14,17.3,1,0,16,20,3
14,3,14,19.5,1,0,7,34,36
15,0,15,29.5,0,0,9,39,102
21,3,21,20.9,0,0,6,18,6
10,2,10,26.0,1,1,2,10,3
7,5,7,10.4,1,1,16,20,3
17,3,17,30.1,1,1,1,60,0
14,6,14,18.5,0,0,2,3,3
12,3,12,31.6,1,1,1,42,2
16,5,16,30.5,0,1,2,13,2
12,5,12,17.7,1,0,7,69,17
6,4,6,12.8,1,1,1,27,1
16,1,16,30.0,1,1,0,3,2
23,1,23,9.9,0,0,2,2,3
6,5,6,11.6,0,1,1,0,0
4,4,4,11.1,1,0,11,25,6
19,3,19,22.9,0,0,31,64,40
12,5,12,14.4,0,0,2,12,2
6,2,6,1.2,0,0,25,11,13
11,6,11,26.4,1,1,2,21,2
14,1,14,27.9,1,1,2,14,2
21,4,21,22.4,0,0,2,44,2
8,1,8,14.7,1,1,9,71,9
10,5,10,6.5,1,0,12,23,4
11,4,11,24.5,1,1,0,7,0
18,4,18,11.2,1,0,16,3,2
6,3,6,8.3,1,0,2,2,3
13,3,13,30.6,0,1,2,12,2
19,3,19,21.8,0,0,9,6,25
21,0,21,24.2,0,1,2,8,2
20,1,20,21.8,0,0,16,20,1
8,3,8,11.5,1,1,2,44,2
18,6,18,11.7,0,0,11,25,11
7,1,7,8.5,0,1,20,33,5
8,6,8,12.5,1,1,0,12,1
20,5,20,9.9,0,0,2,40,2
17,2,17,11.0,1,0,0,15,0
17,2,17,34.2,1,1,2,20,4
18,2,18,28.6,1,1,2,23,2
6,4,6,6.1,0,0,2,136,13
11,6,11,6.7,1,0,2,136,13
20,1,20,8.7,0,0,9,6,38
1,6,1,8.0,1,0,16,20,3
7,6,7,16.3,0,0,25,62,13
20,2,20,16.4,0,0,2,30,3
15,5,15,29.3,1,1,7,69,17
14,3,14,32.8,0,1,0,28,1
12,0,12,27.5,1,1,10,24,10
15,5,15,32.5,1,1,4,10,2
20,4,20,30.3,0,0,2,14,2
12,3,12,25.3,1,1,2,3,3
9,6,9,23.3,1,1,0,13,0
20,0,20,18.1,1,0,7,14,17
12,4,12,14.1,0,0,2,23,3
14,3,14,32.4,0,0,0,10,1
18,4,18,27.8,0,0,2,2,3
13,3,13,32.1,1,1,0,6,1
18,3,18,14.9,0,0,0,9,0
16,5,16,33.7,1,1,2,23,2
15,6,15,25.1,0,0,2,6,3
7,4,7,6.4,1,1,0,138,0
14,0,14,12.7,0,0,2,15,3
9,6,9,20.2,1,1,0,13,0
15,2,15,24.0,0,0,2,6,3
4,5,4,3.0,1,0,4,10,2
17,3,17,33.4,1,1,6,18,6
10,6,10,9.5,1,0,2,8,3
14,2,14,9.6,1,0,21,11,5
23,5,23,19.4,1,1,38,11,5
7,0,7,10.8,1,1,2,13,3
23,5,23,20.2,1,1,1,10,0
13,3,13,18.5,0,0,2,15,3
17,6,17,31.0,1,1,2,5,13
8,3,8,10.7,0,0,12,23,4
21,6,21,23.3,0,0,2,6,2
3,1,3,16.5,0,0,2,6,3
13,0,13,21.4,1,0,7,8,17
22,3,22,16.6,0,1,0,0,0
12,2,12,20.0,1,1,0,3,0
7,5,7,11.6,1,1,6,18,21
15,1,15,31.9,1,1,1,3,0
19,1,19,17.2,0,0,9,104,58
11,3,11,12.4,0,0,0,2,0
0,3,0,13.7,0,0,0,3,0
21,1,21,23.8,0,1,2,19,4
11,5,11,22.7,1,3,7,63,68
17,3,17,29.4,1,1,1,60,0
12,4,12,31.1,1,1,10,24,23
6,0,6,13.8,0,1,2,5,4
21,2,21,21.1,1,1,2,26,4
15,1,15,29.7,0,0,9,34,106
3,1,3,14.8,0,0,11,25,6
19,5,19,24.4,1,1,0,0,0
19,1,19,14.0,0,0,0,9,1
0,6,0,14.0,0,0,17,11,5
22,2,22,17.2,0,1,0,0,0
12,0,12,18.5,1,1,2,0,2
17,6,17,30.1,0,1,0,28,0
18,2,18,26.6,0,1,0,28,0
13,4,13,10.7,0,0,3,5,0
18,4,18,23.6,1,1,0,0,0
8,2,8,20.5,1,1,1,13,0
15,2,15,19.3,1,1,2,52,2
6,5,6,7.7,1,1,4,10,2
18,1,18,28.8,1,1,2,15,2
23,2,23,19.0,0,0,11,25,6
12,2,12,26.1,1,1,6,18,21
12,0,12,10.7,0,0,2,14,3
2,2,2,9.7,0,0,11,25,6
7,2,7,11.2,1,1,2,23,2
16,2,16,30.7,1,1,2,2,2
20,0,20,26.5,0,0,2,14,3
20,5,20,12.1,0,0,2,13,2
5,3,5,6.7,0,0,2,48,4
11,5,11,23.2,0,1,0,18,0
15,5,15,32.7,0,2,2,58,2
18,6,18,29.0,1,1,2,0,2
10,0,10,23.1,0,0,2,2,2
18,6,18,14.9,1,0,4,10,4
22,3,22,18.2,0,0,0,27,1
21,0,21,17.2,1,0,7,14,17
15,6,15,33.6,1,1,7,41,17
15,5,15,25.8,1,0,1,61,0
15,1,15,12.3,0,0,2,2,3
19,3,19,28.3,0,0,31,8,34
21,5,21,18.8,1,1,0,18,0
23,6,23,23.2,1,1,2,48,13
12,5,12,31.5,1,1,0,6,0
17,6,17,19.5,1,0,4,10,4
12,3,12,24.2,1,1,6,40,26
3,5,3,6.7,0,0,3,5,13
13,5,13,19.0,0,1,1,27,0
18,2,18,33.8,0,0,31,64,40
16,2,16,30.2,1,1,2,23,2
6,3,6,10.4,1,1,2,8,3
17,5,17,30.5,1,0,2,13,2
6,0,6,7.9,1,1,31,74,34
22,0,22,8.0,1,0,13,26,10
6,0,6,12.9,1,1,16,20,3
22,0,22,15.8,1,1,7,6,17
4,2,4,15.4,1,0,7,9,30
14,6,14,27.2,1,0,2,10,2
20,6,20,26.0,0,0,9,79,28
16,6,16,33.7,1,1,2,20,2
12,6,12,26.0,1,1,0,9,0
19,5,19,13.5,0,0,31,64,34
9,3,9,6.3,1,0,2,18,2
7,5,7,11.1,1,0,2,8,2
18,0,18,32.6,1,1,2,13,2
17,5,17,34.0,1,1,2,9,3
8,2,8,17.8,1,1,2,14,3
16,2,16,19.2,0,0,2,14,3
18,1,18,27.6,1,1,2,18,2
23,1,23,19.4,1,1,14,57,12
10,4,10,23.8,0,0,0,1,0
11,4,11,21.8,1,1,0,9,0
18,3,18,10.3,1,0,16,20,3
1,4,1,6.9,1,0,5,44,5
8,4,8,11.8,1,1,0,13,0
10,0,10,18.8,1,0,0,28,0
8,1,8,11.1,1,1,0,16,0
1,1,1,13.4,0,0,2,7,2
16,0,16,18.8,0,2,7,39,28
20,0,20,19.6,1,1,1,0,0
13,5,13,16.4,0,0,2,4,4
14,6,14,23.2,0,0,2,27,2
12,5,12,26.5,0,1,2,7,3
16,2,16,34.9,1,1,9,105,58
16,1,16,12.6,0,0,2,15,3
8,0,8,12.6,1,1,21,11,5
19,5,19,29.2,0,0,0,13,1
14,5,14,28.0,0,0,4,72,2
7,2,7,14.2,1,1,16,20,3
8,6,8,18.6,1,1,2,18,3
0,4,0,12.0,1,0,11,25,6
18,6,18,32.1,1,1,2,13,2
10,0,10,25.1,0,1,2,13,3
13,1,13,33.1,1,1,31,92,33
10,2,10,18.8,1,1,2,2,3
8,3,8,11.2,1,1,2,6,2
21,4,21,13.2,0,0,2,23,3
23,6,23,15.6,1,1,1,9,1
10,5,10,11.8,1,0,6,18,6
21,2,21,27.9,1,1,0,27,0
21,0,21,21.1,0,1,2,3,2
23,6,23,19.4,1,1,25,62,13
15,2,15,30.1,1,1,0,6,0
4,2,4,14.7,1,0,2,8,3
18,0,18,15.4,0,0,2,18,2
17,6,17,31.2,1,1,1,60,0
4,2,4,9.2,1,0,5,11,5
9,6,9,20.9,1,1,2,10,3
22,5,22,23.1,1,1,19,32,2
15,1,15,30.8,1,1,2,14,2
16,6,16,32.9,1,1,2,2,3
15,4,15,30.4,1,1,2,13,2
14,1,14,30.9,0,1,1,16,2
18,0,18,30.0,1,1,2,0,3
10,1,10,22.0,0,1,2,1,2
13,4,13,27.3,1,1,2,50,3
9,2,9,19.6,1,1,2,19,13
13,5,13,29.2,0,1,2,0,3
15,4,15,20.8,0,0,2,13,3
10,0,10,15.0,1,1,2,16,2
21,2,21,21.4,1,1,2,9,2
17,0,17,31.9,1,1,2,20,4
2,0,2,9.9,0,0,2,1,2
8,5,8,12.5,1,1,0,9,0
1,2,1,17.5,1,0,2,4,4
21,2,21,18.7,1,1,2,10,2
20,4,20,21.6,1,1,2,6,3
5,6,5,11.6,0,0,1,60,0
15,5,15,31.8,1,1,2,8,2
14,3,14,32.6,0,1,3,5,0
7,1,7,14.4,1,1,2,0,3
10,0,10,18.6,1,0,2,20,4
6,5,6,19.2,1,1,0,10,1
14,6,14,29.5,1,1,0,28,0
22,1,22,17.2,0,0,1,6,2
23,6,23,11.5,0,0,11,25,6
11,6,11,28.9,1,1,2,2,3
18,5,18,27.4,1,3,9,82,28
21,5,21,22.8,0,0,0,3,2
8,6,8,21.2,1,1,0,28,0
3,2,3,11.7,0,0,11,25,6
10,3,10,9.6,1,0,2,0,3
11,0,11,26.1,1,1,2,9,2
15,5,15,36.5,1,1,2,3,3
6,4,6,9.8,1,1,0,6,0
16,6,16,30.3,1,1,1,14,0
19,2,19,11.7,1,0,1,18,2
18,5,18,18.2,1,1,2,7,3
1,5,1,17.4,0,0,0,6,0
18,4,18,31.6,1,1,41,59,52
6,1,6,-0.2,1,0,2,9,2
12,5,12,26.1,1,1,2,12,3
23,1,23,20.0,1,1,18,31,4
15,0,15,18.3,1,0,1,8,0
20,2,20,16.9,0,1,2,30,2
13,6,13,30.7,1,1,31,92,33
20,1,20,16.5,0,0,2,2,2
1,0,1,8.6,1,0,16,20,3
14,1,14,23.0,1,1,0,8,0
21,1,21,20.6,0,0,2,3,3
14,4,14,11.8,1,0,2,15,3
16,5,16,21.3,1,1,2,8,2
8,0,8,12.3,1,1,0,9,0
16,5,16,22.2,1,0,2,5,13
21,5,21,23.3,1,1,2,23,2
6,0,6,10.2,1,0,31,64,40
18,5,18,28.7,1,1,2,23,2
7,0,7,-2.0,1,0,2,15,2
15,5,15,31.9,1,1,7,69,17
16,6,16,20.0,1,1,9,41,19
18,6,18,18.6,0,0,0,9,1
13,3,13,28.0,1,1,0,9,0
9,0,9,11.9,1,2,9,39,24
17,3,17,26.7,1,0,7,34,16
19,2,19,25.9,1,1,0,18,2
12,5,12,16.3,0,0,2,58,2
11,0,11,26.7,1,0,7,34,16
8,6,8,15.6,1,1,1,13,0
0,6,0,13.4,0,0,8,96,8
7,6,7,12.4,1,1,3,5,13
6,5,6,-0.2,0,0,2,68,4
19,0,19,12.5,0,0,2,0,3
10,2,10,19.0,1,1,0,21,0
15,4,15,24.8,1,1,2,0,3
6,1,6,9.2,1,1,2,0,3
11,5,11,19.5,1,1,0,28,0
5,6,5,14.4,1,1,3,49,0
9,2,9,15.1,1,1,0,2,0
19,6,19,31.9,1,1,2,7,2
13,6,13,27.6,0,0,2,18,3
6,6,6,3.8,0,0,7,128,37
18,0,18,12.4,1,0,0,27,1
17,0,17,21.5,0,0,2,10,3
9,6,9,18.2,1,1,4,10,2
10,5,10,22.6,0,0,0,15,0
23,1,23,19.5,1,1,20,33,5
10,6,10,9.5,0,0,0,14,0
21,5,21,27.5,1,1,2,26,4
10,1,10,7.3,0,0,15,29,4
18,3,18,29.6,0,0,0,14,0
8,1,8,14.7,1,1,2,23,2
6,3,6,6.6,0,0,26,47,10
8,0,8,10.9,1,1,1,14,0
12,3,12,22.8,1,1,0,3,0
16,2,16,30.2,1,1,2,2,2
20,6,20,26.2,0,0,1,2,2
8,1,8,9.1,1,1,2,14,3
8,6,8,11.3,1,1,2,14,2
9,4,9,9.8,0,0,1,6,0
6,2,6,12.4,0,0,2,7,2
20,4,20,13.0,1,1,1,8,0
13,0,13,30.9,1,0,2,13,3
8,2,8,16.6,1,1,0,9,0
12,0,12,11.8,0,0,7,34,16
13,1,13,28.4,1,1,2,7,3
1,2,1,16.7,0,0,1,18,0
7,3,7,10.7,1,1,2,7,2
9,2,9,4.3,0,0,2,6,2
19,2,19,26.1,1,1,2,7,3
14,6,14,30.6,0,0,0,28,1
17,5,17,29.5,1,1,1,14,1
19,5,19,26.1,1,1,1,18,2
11,2,11,28.7,1,1,2,8,3
17,6,17,27.0,0,1,2,20,3
10,5,10,23.8,0,1,0,2,0
12,3,12,22.4,1,1,7,14,19
6,5,6,8.5,1,0,2,0,3
13,6,13,14.7,0,0,2,28,2
12,3,12,21.3,1,1,2,8,3
10,1,10,24.3,1,1,0,21,0
9,2,9,18.4,1,1,2,31,13
14,6,14,33.7,1,1,2,2,3
13,1,13,27.1,0,1,6,18,6
6,2,6,11.9,1,1,2,16,2
18,4,18,32.1,0,1,2,13,3
13,1,13,31.5,1,1,2,13,3
22,3,22,7.3,1,0,13,26,10
19,1,19,22.8,1,1,16,20,3
11,2,11,10.3,1,0,2,7,2
8,1,8,15.8,1,1,2,6,3
23,0,23,20.2,1,1,51,112,49
20,6,20,16.7,1,1,0,40,0
12,6,12,26.8,1,1,2,0,2
20,5,20,22.8,0,1,0,13,1
20,5,20,25.1,0,1,2,7,2
9,2,9,21.8,1,1,7,14,37
17,4,17,15.3,1,1,16,3,0
15,4,15,25.9,1,1,2,52,2
14,1,14,30.3,0,1,2,13,2
20,2,20,17.5,1,1,2,14,2
13,5,13,16.2,0,0,2,6,3
22,6,22,18.5,0,0,2,40,2
12,3,12,13.0,1,1,7,34,36
13,5,13,29.3,1,0,0,27,0
19,5,19,20.4,1,1,2,1,2
21,3,21,14.5,1,0,13,53,8
8,0,8,6.1,1,0,2,30,2
12,4,12,25.2,1,1,2,13,3
7,5,7,13.8,1,1,3,5,13
6,2,6,12.2,1,1,2,6,2
20,3,20,19.9,0,0,2,21,2
22,5,22,25.5,1,1,19,32,15
12,1,12,21.1,1,1,5,11,5
14,5,14,23.9,1,0,1,10,2
19,6,19,26.9,1,1,0,2,0
20,3,20,22.4,1,0,0,15,0
13,0,13,26.7,1,0,2,13,2
15,2,15,20.1,1,0,4,10,5
14,1,14,15.2,0,0,1,6,2
8,6,8,16.3,0,1,2,0,3
22,1,22,20.6,0,0,2,19,13
14,0,14,15.2,0,0,2,13,3
20,2,20,11.5,0,0,2,15,3
8,4,8,7.1,0,0,1,0,2
14,6,14,29.1,1,1,2,10,2
20,1,20,6.6,0,0,2,15,3
17,1,17,30.9,1,1,2,6,3
5,2,5,3.9,0,0,21,23,5
18,5,18,31.4,0,0,1,44,0
21,3,21,14.9,1,1,2,26,4
14,1,14,17.9,0,0,1,8,1
2,2,2,3.6,0,0,11,25,6
6,4,6,10.9,0,0,2,26,4
19,5,19,12.8,1,0,0,18,0
18,2,18,33.7,1,1,2,14,2
13,0,13,30.4,1,0,0,9,0
15,3,15,14.0,0,1,7,14,17
0,6,0,14.5,0,0,17,11,14
0,4,0,20.0,0,0,0,0,0
23,2,23,20.0,1,0,6,18,21
6,4,6,12.7,1,0,2,6,2
13,4,13,27.9,0,0,2,8,3
19,4,19,23.5,1,0,0,9,1
8,5,8,12.0,1,1,2,14,3
12,1,12,13.1,1,0,10,24,10
18,4,18,28.6,1,1,2,9,2
22,0,22,17.6,0,0,16,3,2
8,0,8,18.4,1,1,2,0,3
16,5,16,19.5,1,0,2,6,3
5,0,5,13.8,1,1,1,2,1
21,0,21,24.3,0,0,2,44,2
21,3,21,20.2,1,1,2,10,3
11,5,11,26.4,1,1,2,28,2
10,5,10,11.8,0,0,2,8,2
19,6,19,28.8,1,1,5,11,5
11,0,11,25.2,1,1,2,14,2
23,0,23,20.3,0,0,1,2,0
15,6,15,13.2,1,0,4,72,2
1,6,1,3.1,1,0,11,25,6
19,3,19,22.3,0,0,2,6,2
3,6,3,9.1,1,0,5,20,5
14,6,14,30.7,1,1,2,10,2
13,6,13,28.1,1,1,0,13,0
14,1,14,29.9,1,1,2,50,2
17,2,17,18.8,1,0,9,40,42
10,5,10,21.6,1,1,0,21,0
14,3,14,18.0,1,3,9,63,39
13,5,13,17.4,0,0,2,5,4
13,1,13,27.0,1,1,0,23,2
20,4,20,19.3,1,0,2,2,3
6,6,6,2.2,0,0,25,11,13
12,1,12,16.4,1,0,2,7,3
20,5,20,18.6,0,0,2,14,3
11,6,11,23.1,1,1,1,6,0
7,3,7,15.9,0,0,25,62,13
12,6,12,26.4,0,1,2,16,2
18,2,18,11.5,0,0,0,9,1
6,0,6,13.8,0,0,2,23,3
6,0,6,13.3,1,1,16,20,3
5,3,5,14.6,1,0,5,11,5
17,2,17,30.4,0,1,9,2,38
12,0,12,16.7,1,0,2,2,2
22,2,22,15.0,0,0,16,20,2
19,4,19,20.0,0,1,0,21,0
17,5,17,31.7,0,0,0,9,1
16,6,16,13.2,1,1,7,45,17
2,0,2,4.2,1,0,3,17,0
3,1,3,17.1,1,0,11,25,6
7,1,7,14.7,1,1,2,12,2
17,5,17,14.3,1,0,1,18,0
14,3,14,29.7,1,1,0,21,0
8,1,8,8.8,1,0,2,6,2
13,6,13,30.6,1,1,0,23,2
13,6,13,28.4,1,1,6,40,26
13,2,13,17.6,1,1,12,23,4
11,0,11,16.4,0,0,0,8,1
0,0,0,12.8,0,0,8,84,8
6,3,6,11.2,1,1,4,10,2
4,1,4,4.9,1,0,2,3,3
17,4,17,23.7,0,1,0,21,0
13,4,13,31.9,1,1,23,43,4
13,5,13,29.3,1,1,2,2,3
18,6,18,28.9,1,1,2,6,2
10,5,10,16.5,1,0,2,8,3
9,6,9,16.2,1,1,2,6,2
14,0,14,24.9,0,0,2,10,13
22,0,22,22.8,1,1,31,7,40
13,1,13,27.0,1,1,2,23,2
9,2,9,21.6,1,1,0,8,0
7,1,7,14.2,1,1,2,14,3
8,0,8,15.9,1,1,2,0,3
10,1,10,25.1,1,1,24,11,5
17,6,17,32.6,0,0,2,2,3
16,1,16,30.6,1,0,1,8,1
23,4,23,16.2,1,0,0,10,0
10,4,10,22.5,0,0,2,6,2
0,5,0,7.8,1,0,11,25,6
18,6,18,26.3,0,0,2,10,3
23,3,23,17.9,1,1,6,18,6
21,0,21,21.3,1,1,0,10,1
0,3,0,1.5,1,0,8,11,8
17,6,17,25.9,1,0,1,27,1
0,3,0,9.0,0,0,2,27,2
15,4,15,20.2,0,0,0,40,0
20,6,20,26.5,1,1,2,7,2
10,5,10,15.0,1,1,12,23,4
11,1,11,11.5,0,0,2,40,3
20,0,20,27.3,0,1,2,20,3
8,4,8,15.8,1,1,4,10,2
14,6,14,29.0,1,1,6,18,6
8,5,8,14.1,1,1,2,3,2
10,6,10,24.5,0,1,2,20,4
14,2,14,19.3,1,0,1,20,1
16,5,16,26.8,1,1,2,28,2
20,5,20,24.8,1,0,2,20,2
9,4,9,20.9,1,1,2,7,3
23,3,23,16.7,1,0,20,33,5
6,4,6,10.6,1,1,4,10,15
7,5,7,13.0,1,1,2,0,3
16,4,16,30.7,1,1,7,41,17
6,0,6,13.1,1,1,31,74,34
21,1,21,21.1,0,1,2,19,4
21,5,21,6.5,0,0,2,3,3
11,0,11,12.2,0,1,2,2,2
17,3,17,25.2,1,1,7,8,43
16,2,16,12.9,0,0,7,34,16
12,0,12,29.2,1,0,2,18,3
23,2,23,25.9,0,0,0,8,0
16,4,16,29.2,1,1,2,23,2
21,1,21,25.0,0,0,2,0,2
12,2,12,25.6,0,1,2,7,2
11,6,11,26.0,1,1,5,23,5
22,6,22,17.5,0,0,2,65,13
22,0,22,18.9,0,0,1,2,0
12,1,12,30.4,1,1,43,39,30
15,5,15,33.8,1,1,3,5,0
15,6,15,18.4,0,0,0,5,2
17,6,17,32.5,1,1,31,64,34
12,0,12,17.1,0,0,2,10,4
22,1,22,23.0,1,1,2,26,4
13,6,13,31.0,0,1,2,40,2
16,3,16,31.1,1,1,1,0,0
14,4,14,11.8,0,0,0,36,0
5,0,5,-0.2,1,0,1,20,0
14,6,14,20.5,0,0,2,5,13
8,6,8,19.9,1,1,30,10,57
4,5,4,-0.4,0,0,3,5,0
0,2,0,18.1,0,0,0,1,1
18,4,18,27.2,1,1,4,10,4
7,4,7,12.2,1,0,2,0,3
9,5,9,18.3,1,1,1,44,1
20,0,20,20.9,0,0,0,9,0
12,1,12,29.8,1,1,0,9,0
22,0,22,19.4,1,1,25,11,23
16,0,16,28.1,0,0,2,13,2
12,3,12,12.9,1,0,2,0,3
13,4,13,27.6,0,0,2,4,4
5,2,5,10.1,1,0,2,6,3
14,0,14,25.0,1,1,2,0,2
10,2,10,18.2,0,0,0,6,0
14,1,14,28.7,0,1,1,0,0
12,5,12,14.4,1,0,2,2,3
0,6,0,14.5,1,0,2,68,4
14,2,14,19.1,1,1,2,8,2
10,0,10,19.9,1,1,6,18,6
21,4,21,23.7,1,1,2,1,3
10,3,10,20.6,1,0,0,28,1
6,1,6,10.9,1,1,0,9,0
12,2,12,26.4,1,1,10,24,23
19,5,19,27.7,1,1,0,2,0
16,3,16,14.0,1,0,7,34,16
23,0,23,16.8,0,0,11,25,6
19,4,19,19.2,1,1,17,11,14
19,6,19,28.6,1,0,2,20,2
15,2,15,24.0,0,0,1,3,0
1,6,1,8.2,0,0,8,96,8
15,0,15,26.1,1,1,1,14,2
5,5,5,0.0,1,0,2,7,2
12,4,12,23.5,1,1,2,0,3
22,0,22,21.2,0,1,0,0,0
14,1,14,24.8,1,1,15,29,4
9,2,9,9.7,0,0,2,6,3
18,1,18,29.8,1,0,2,84,2
10,1,10,20.5,1,1,2,13,3
19,4,19,10.8,0,0,2,13,3
2,6,2,9.6,1,0,47,11,14
6,6,6,16.3,1,1,2,7,2
12,4,12,24.4,1,1,0,28,0
12,2,12,23.4,1,1,2,23,2
11,4,11,25.5,1,1,0,9,1
15,4,15,31.2,1,1,2,52,2
19,1,19,32.6,1,1,0,40,0
9,2,9,14.5,1,1,0,2,0
3,4,3,6.0,1,0,8,11,8
21,1,21,23.0,0,1,2,20,3
6,3,6,12.3,1,1,2,77,2
15,3,15,15.6,1,0,0,15,0
20,0,20,15.2,1,0,2,8,3
6,4,6,13.1,1,1,1,20,2
10,1,10,28.7,1,1,2,14,2
8,3,8,15.1,1,1,0,16,1
21,6,21,21.3,1,1,2,23,2
13,6,13,27.9,1,1,2,21,2
20,1,20,25.0,0,0,7,45,17
19,6,19,14.3,0,0,2,13,3
16,2,16,14.7,1,3,9,63,28
20,1,20,23.5,1,1,2,0,3
8,4,8,11.7,0,1,12,23,4
12,6,12,28.7,1,1,0,3,2
23,4,23,5.2,1,0,2,68,4
8,1,8,3.8,0,0,12,23,4
10,1,10,21.4,0,1,1,8,2
15,2,15,30.6,0,0,2,6,3
0,4,0,16.7,1,0,2,5,13
23,0,23,20.2,1,1,24,11,5
13,1,13,24.5,0,1,2,9,3
14,5,14,24.2,1,0,2,10,2
21,6,21,9.3,1,0,0,14,0
12,1,12,19.9,1,1,2,14,3
18,3,18,31.8,1,1,4,10,4
6,0,6,13.4,1,1,7,74,7
18,1,18,27.2,1,1,16,3,2
11,5,11,29.8,1,1,7,71,17
17,4,17,28.4,1,1,2,14,3
18,5,18,31.5,1,1,2,23,2
3,3,3,11.9,1,0,8,11,8
8,1,8,16.4,0,1,0,0,0
12,2,12,28.1,1,1,2,8,2
12,4,12,30.3,0,0,2,20,2
11,6,11,24.6,0,0,2,8,3
10,1,10,25.7,1,1,2,40,2
7,6,7,13.0,1,1,2,8,2
11,5,11,26.0,1,1,0,28,1
14,3,14,28.8,0,1,0,16,0
16,3,16,32.6,1,1,2,8,2
7,0,7,12.1,1,1,2,6,2
17,6,17,16.5,1,1,16,3,3
19,1,19,25.8,1,1,1,6,1
15,3,15,28.2,1,0,0,27,1
3,1,3,3.4,0,0,16,20,3
16,4,16,30.7,1,1,0,2,0
17,4,17,29.6,1,1,2,9,2
18,5,18,34.8,1,1,2,14,2
20,2,20,15.2,1,0,2,14,3
5,2,5,13.0,1,0,1,10,1
16,5,16,31.2,1,1,0,13,0
12,6,12,28.7,1,1,2,12,2
22,3,22,19.9,1,1,17,11,14
19,0,19,26.4,1,0,2,14,2
14,0,14,15.4,0,0,7,34,16
18,0,18,26.3,1,1,2,0,3
21,6,21,21.3,1,1,1,0,2
20,1,20,19.3,0,0,2,15,2
17,4,17,35.0,1,1,1,60,1
17,4,17,28.8,0,0,2,18,2
6,4,6,-0.1,1,0,2,27,3
12,5,12,27.0,1,1,11,25,11
16,1,16,29.8,1,1,0,8,0
7,2,7,13.2,1,1,16,20,3
0,1,0,13.6,0,0,2,27,3
19,4,19,9.1,1,0,0,18,0
23,0,23,21.4,1,1,2,48,13
1,6,1,16.1,1,0,3,5,0
14,1,14,12.9,1,0,43,39,59
11,5,11,8.5,0,0,2,9,2
3,2,3,11.9,1,0,17,11,5
15,0,15,26.3,1,1,2,21,2
20,3,20,21.7,1,1,0,0,0
1,5,1,14.6,0,0,17,11,5
15,1,15,22.6,1,1,2,3,18
16,3,16,32.4,1,1,0,15,0
15,1,15,30.0,1,1,2,44,2
5,5,5,7.5,0,0,2,11,13
13,1,13,30.5,1,1,2,6,3
10,4,10,23.3,1,1,5,11,5
20,3,20,20.9,1,1,5,11,5
6,1,6,9.2,1,1,16,20,3
13,4,13,27.9,1,1,13,26,10
14,5,14,28.0,0,1,0,20,0
9,6,9,18.7,1,1,30,10,31
12,0,12,13.3,0,0,6,18,21
6,2,6,6.5,1,1,2,0,2
17,4,17,30.5,1,1,2,13,3
6,6,6,16.7,1,1,1,0,2
23,6,23,19.6,1,1,0,20,0
2,3,2,17.7,1,0,11,25,6
23,6,23,13.4,1,1,2,48,13
19,2,19,23.6,1,1,2,14,2
6,4,6,12.6,1,1,2,7,2
12,5,12,12.4,0,0,2,0,3
6,0,6,10.9,1,1,2,0,3
18,0,18,26.9,0,1,0,9,0
21,3,21,15.7,1,0,0,0,0
7,0,7,13.1,1,1,0,10,1
7,1,7,8.9,1,1,2,0,3
12,5,12,27.3,1,1,2,3,3
15,1,15,31.1,1,1,2,7,2
14,3,14,18.5,1,0,2,0,3
19,2,19,31.4,0,0,2,30,2
18,6,18,10.1,1,0,0,14,0
8,0,8,17.0,1,1,2,15,3
1,0,1,12.3,0,0,16,20,3
22,2,22,11.1,0,0,1,14,2
21,2,21,15.0,0,0,0,6,1
22,4,22,19.2,0,1,0,13,0
6,2,6,14.3,1,1,5,11,5
14,5,14,28.1,1,0,84,119,96
15,2,15,28.1,1,1,9,41,19
7,2,7,11.8,1,1,2,2,3
21,0,21,23.8,1,1,2,26,4
15,5,15,27.7,0,0,6,18,6
19,6,19,29.9,1,1,16,20,3
16,6,16,24.9,1,0,2,18,2
14,3,14,13.1,1,3,9,82,28
21,5,21,21.7,0,0,13,26,10
20,2,20,19.9,0,1,2,0,3
6,3,6,8.2,0,0,2,68,13
15,3,15,20.1,1,0,7,34,36
14,4,14,29.6,1,1,0,15,0
9,4,9,18.8,1,1,2,10,2
15,1,15,12.2,1,0,0,8,0
15,6,15,30.7,1,1,2,52,2
13,1,13,31.6,1,1,2,21,2
7,0,7,12.6,1,1,2,2,3
12,0,12,20.4,1,3,7,67,43
8,6,8,18.7,0,1,25,11,13
14,5,14,17.2,0,1,2,28,2
7,2,7,12.0,1,1,2,16,2
5,5,5,10.4,1,0,17,11,5
19,4,19,29.3,1,1,0,14,0
17,6,17,33.0,1,1,2,40,2
19,2,19,30.4,1,1,0,15,0
22,5,22,19.2,1,1,16,20,2
18,3,18,28.9,1,1,2,9,3
14,2,14,18.2,0,0,16,44,2
16,3,16,13.9,1,0,2,20,4
15,2,15,34.1,1,1,2,44,2
21,6,21,25.9,1,1,2,0,3
17,4,17,24.3,0,0,2,13,3
15,6,15,19.1,0,1,7,88,17
9,6,9,21.1,1,1,2,9,2
23,3,23,16.8,1,1,18,31,4
15,5,15,16.3,1,0,2,3,3
10,6,10,24.7,1,1,2,13,3
13,2,13,25.1,1,1,2,0,3
21,3,21,24.3,1,1,1,0,0
12,5,12,27.4,1,1,10,24,23
6,5,6,15.4,1,1,1,5,0
14,3,14,17.4,1,0,1,20,2
21,5,21,23.9,0,0,51,111,49
14,6,14,24.8,0,1,2,13,3
9,1,9,22.0,0,1,2,9,3
13,0,13,29.1,1,1,2,13,2
18,2,18,12.1,1,0,1,0,0
1,4,1,3.1,0,0,1,6,1
20,2,20,16.6,0,1,2,40,2
15,4,15,29.0,1,1,2,6,2
12,5,12,29.2,1,1,2,6,3
13,1,13,19.6,0,0,2,12,3
17,2,17,27.2,0,0,16,3,0
17,1,17,15.9,1,0,2,0,3
15,6,15,30.8,1,1,2,3,3
10,6,10,25.7,1,1,7,2,17
12,6,12,29.2,1,1,11,25,11
8,6,8,11.9,1,1,1,17,0
18,2,18,26.9,1,1,0,27,1
23,4,23,19.4,0,0,0,18,0
1,5,1,1.7,0,0,2,20,3
21,3,21,20.9,0,1,2,20,13
22,2,22,10.2,0,3,17,23,14
16,5,16,20.7,1,1,2,10,4
8,1,8,15.4,1,1,2,15,2
15,0,15,29.7,0,1,0,36,0
13,5,13,14.1,0,0,2,4,4
12,5,12,14.4,1,0,1,8,1
7,6,7,7.2,0,0,2,48,4
15,6,15,29.8,1,1,0,21,0
10,6,10,13.9,0,0,2,15,2
20,5,20,21.6,1,1,2,23,3
15,2,15,15.9,0,0,1,2,0
12,3,12,22.2,1,0,16,20,3
18,5,18,11.0,0,0,0,9,1
7,0,7,14.6,1,1,2,0,3
13,3,13,28.1,1,1,12,23,4
7,6,7,9.8,1,1,2,15,2
6,1,6,12.9,1,0,31,64,40
18,5,18,32.4,1,1,1,8,0
6,3,6,11.3,0,0,2,11,13
12,6,12,26.3,1,1,2,14,3
8,3,8,9.8,1,1,6,18,21
10,0,10,24.9,1,1,2,7,3
18,2,18,19.4,1,0,1,14,1
1,5,1,9.7,0,0,2,3,2
14,6,14,24.2,1,0,7,67,39
5,6,5,15.9,1,0,11,25,6
6,6,6,-0.1,0,0,25,11,13
22,6,22,14.0,1,1,6,18,6
10,1,10,19.1,1,0,2,7,3
22,4,22,15.8,1,1,25,11,13
14,1,14,33.4,1,1,2,10,2
20,2,20,14.9,1,0,2,23,2
19,3,19,30.2,1,1,0,2,0
13,3,13,14.2,0,0,0,0,0
9,3,9,15.9,1,1,0,13,0
19,4,19,25.0,0,1,0,0,0
12,1,12,26.6,1,1,5,11,5
14,3,14,28.6,1,1,0,28,1
16,0,16,18.5,0,0,2,36,2
12,0,12,28.6,1,1,0,14,0
6,6,6,14.1,1,1,2,2,2
11,6,11,9.9,1,0,1,10,2
5,0,5,13.9,1,0,2,8,3
11,1,11,26.5,0,1,2,36,2
13,3,13,25.3,1,1,7,34,16
19,0,19,30.8,1,1,0,18,2
14,5,14,33.7,1,1,2,7,3
14,6,14,30.7,1,1,7,15,7
2,6,2,13.4,1,0,16,20,3
13,1,13,19.5,0,0,1,2,0
22,2,22,26.7,1,1,1,0,0
18,0,18,23.5,1,0,7,79,93
21,4,21,18.3,0,1,2,44,2
11,0,11,26.4,1,1,2,0,3
5,3,5,8.3,1,0,2,77,2
22,4,22,19.6,0,0,2,10,2
19,0,19,14.2,0,0,2,8,3
16,1,16,30.7,1,1,2,8,3
17,4,17,16.9,1,1,2,9,3
18,1,18,28.2,1,1,2,18,2
9,6,9,16.0,1,1,2,14,3
15,4,15,30.9,1,1,2,13,3
14,2,14,14.0,0,0,2,27,3
8,3,8,11.1,1,1,2,3,2
15,2,15,25.0,0,0,1,13,0
10,6,10,22.5,1,1,0,7,1
13,4,13,31.2,1,1,2,20,3
9,0,9,19.0,1,1,2,18,2
8,4,8,17.7,1,1,21,11,5
11,1,11,24.4,1,1,2,16,2
22,6,22,8.6,0,0,1,2,1
13,6,13,30.2,1,1,2,28,2
1,3,1,4.1,0,0,11,25,6
22,2,22,17.6,1,1,19,32,15
15,6,15,30.2,1,1,2,3,2
23,0,23,22.4,1,1,1,0,0
7,3,7,14.3,1,1,16,20,3
11,6,11,25.7,0,1,2,20,4
6,6,6,13.7,0,1,4,10,2
23,4,23,19.6,0,0,0,14,0
14,2,14,21.8,0,0,0,0,0
18,2,18,27.2,1,1,0,9,2
18,2,18,31.3,1,1,0,27,2
10,6,10,18.5,0,0,2,13,3
16,5,16,20.7,1,0,2,0,3
17,3,17,25.3,1,1,5,11,5
7,3,7,15.8,1,1,0,16,0
15,0,15,26.2,1,1,1,2,2
17,2,17,25.9,1,1,2,15,3
11,6,11,26.3,1,1,2,0,3
15,3,15,33.0,1,1,0,2,1
12,4,12,27.8,1,1,0,9,0
11,6,11,26.7,1,1,2,13,3
20,2,20,19.9,0,1,1,16,0
16,6,16,29.3,1,1,2,50,2
12,6,12,30.4,1,1,2,20,13
14,4,14,33.0,1,1,2,14,3
0,6,0,11.3,1,0,0,10,0
13,1,13,23.3,0,0,2,9,2
19,5,19,15.1,1,1,0,18,0
12,2,12,18.4,1,1,2,14,2
19,4,19,23.3,1,1,0,1,0
15,4,15,15.4,0,0,0,28,1
10,3,10,25.0,1,1,0,13,1
15,6,15,26.0,1,0,2,20,3
4,5,4,3.6,1,0,11,25,6
20,6,20,11.5,1,0,2,23,3
14,6,14,12.5,1,0,2,14,2
15,3,15,32.5,1,1,2,10,3
23,5,23,21.0,0,0,2,10,2
13,0,13,15.1,0,1,9,67,96
23,5,23,16.6,1,1,2,68,4
6,1,6,11.8,1,1,16,20,3
22,0,22,19.1,1,1,6,18,6
13,3,13,23.9,0,0,7,45,17
23,1,23,18.9,1,1,2,10,3
16,5,16,27.9,1,1,2,2,2
15,6,15,20.0,1,1,2,14,2
21,0,21,18.8,1,1,2,1,2
7,6,7,11.7,1,1,3,5,13
10,6,10,6.3,1,0,2,13,3
17,1,17,31.2,1,1,2,2,2
22,3,22,18.3,0,1,2,58,2
17,5,17,33.6,1,1,6,18,6
20,6,20,22.6,1,1,6,18,21
13,0,13,29.4,1,1,2,14,2
15,5,15,21.6,1,1,2,9,2
13,6,13,28.6,1,1,15,29,4
20,2,20,27.9,0,0,11,25,11
11,4,11,21.9,1,1,7,41,44
21,2,21,21.5,1,1,0,10,1
9,5,9,19.4,0,1,13,26,10
6,2,6,13.5,1,1,16,20,3
20,1,20,25.8,0,1,2,0,3
14,0,14,27.7,0,0,3,5,0
17,4,17,32.9,1,1,2,40,2
13,1,13,31.0,0,0,1,8,1
16,0,16,29.4,1,0,7,69,17
12,3,12,13.4,0,0,2,8,3
18,1,18,28.4,1,1,2,15,2
12,0,12,30.6,1,1,12,23,4
0,5,0,16.0,0,0,0,18,2
19,4,19,24.2,1,1,1,40,0
14,4,14,11.6,0,1,7,69,17
13,6,13,22.8,1,1,2,12,2
13,2,13,9.8,0,0,0,3,1
9,2,9,21.8,1,1,2,16,2
23,6,23,19.1,1,1,2,48,13
10,4,10,25.5,1,1,7,69,17
7,0,7,9.9,1,1,2,2,2
19,1,19,15.6,1,1,2,18,2
16,4,16,18.3,0,1,0,9,0
9,2,9,19.4,1,1,2,19,13
17,4,17,28.0,0,1,2,23,2
22,1,22,6.4,0,0,2,6,3
14,2,14,21.1,0,0,2,13,3
16,1,16,30.1,1,1,2,13,2
13,6,13,27.3,1,1,0,23,2
8,0,8,13.0,1,1,2,10,3
12,0,12,28.9,1,1,2,14,3
7,1,7,11.5,1,1,31,64,33
23,3,23,12.7,1,1,2,48,13
12,6,12,27.1,1,1,0,0,0
19,6,19,28.8,1,1,0,2,0
9,5,9,19.0,1,1,2,13,3
12,3,12,29.4,0,1,1,13,0
12,6,12,11.8,0,0,3,5,0
14,6,14,30.5,1,1,6,18,6
23,6,23,18.9,1,1,18,31,13
1,0,1,16.9,0,0,24,84,5
8,3,8,15.3,0,0,0,6,0
9,0,9,17.3,1,1,7,34,36
21,5,21,18.3,0,0,1,13,0
6,5,6,7.8,1,1,1,6,0
19,1,19,25.2,1,1,2,6,2
18,0,18,32.3,1,1,2,23,2
7,4,7,10.1,0,0,2,23,2
19,3,19,30.4,1,1,0,18,2
20,1,20,15.6,0,0,2,13,3
11,1,11,15.0,1,0,2,9,3
8,3,8,14.3,1,1,2,14,3
4,3,4,16.3,1,0,2,8,3
19,4,19,15.3,1,0,9,16,9
0,3,0,14.3,0,0,11,25,6
16,4,16,30.7,1,1,9,41,22
8,4,8,11.8,0,1,25,11,23
14,1,14,30.0,1,1,6,18,6
15,5,15,32.4,1,1,0,14,0
16,5,16,30.9,1,1,1,3,2
6,1,6,14.5,1,1,2,0,2
10,1,10,24.9,1,1,6,18,21
9,5,9,19.2,1,0,2,16,2
13,0,13,15.1,1,0,9,51,24
10,6,10,8.5,0,0,2,14,3
11,2,11,27.1,1,1,2,14,3
6,3,6,8.2,1,0,2,6,3
12,0,12,20.2,0,0,2,7,3
13,2,13,28.3,1,1,2,15,3
7,2,7,11.8,1,1,2,23,2
19,3,19,14.0,1,0,2,14,3
17,4,17,33.2,0,0,16,20,3
16,6,16,18.3,1,0,2,20,3
19,6,19,12.4,1,0,2,9,2
12,4,12,20.6,1,0,2,20,4
19,0,19,6.7,1,0,16,3,2
7,0,7,9.0,1,0,2,0,3
13,5,13,28.8,0,1,0,0,0
14,1,14,28.5,1,1,0,6,0
14,6,14,33.4,1,1,1,2,0
5,0,5,13.6,1,1,0,1,0
12,0,12,32.2,1,1,2,14,2
12,2,12,27.6,1,1,11,25,6
8,0,8,13.5,1,0,2,15,3
11,0,11,15.4,1,0,11,25,11
14,3,14,33.3,1,1,2,13,2
9,4,9,18.9,1,1,2,18,2
21,3,21,10.4,0,0,0,2,0
7,1,7,14.4,1,1,2,6,2
13,1,13,11.1,0,0,9,67,42
11,5,11,14.7,1,0,0,9,0
11,2,11,20.9,0,1,2,13,3
19,6,19,25.8,1,1,2,14,2
23,4,23,11.7,0,0,2,6,2
2,3,2,8.6,0,0,0,27,1
16,6,16,28.6,1,1,0,0,0
2,0,2,15.4,0,0,2,7,2
14,6,14,30.6,1,1,3,5,0
16,2,16,18.1,1,1,2,23,2
8,4,8,12.7,0,0,21,23,5
15,6,15,23.7,0,0,2,2,2
12,3,12,18.7,1,1,1,42,2
11,0,11,22.0,1,1,9,41,9
21,2,21,22.5,0,0,1,2,1
12,1,12,24.5,0,0,0,9,0
13,2,13,18.4,0,0,2,14,3
13,6,13,18.8,0,0,2,2,3
6,2,6,11.9,1,1,2,6,3
21,2,21,22.7,1,0,22,37,13
19,5,19,31.2,0,1,2,13,2
9,3,9,19.3,0,1,2,9,2
21,2,21,20.2,0,0,1,17,0
23,0,23,9.9,1,1,2,1,2
7,2,7,12.1,1,1,3,5,13
21,5,21,22.7,1,1,2,23,2
15,6,15,21.2,0,0,1,6,0
20,0,20,20.7,0,1,2,0,2
10,0,10,21.6,1,1,2,2,3
20,5,20,24.2,0,0,2,0,2
8,4,8,18.0,1,1,2,44,3
9,5,9,23.4,1,1,2,16,2
8,4,8,8.8,1,1,2,6,2
16,1,16,27.1,1,0,2,5,13
16,3,16,21.3,0,0,16,20,3
13,6,13,17.7,0,0,1,27,2
19,4,19,26.8,1,1,0,14,0
19,2,19,8.5,1,0,0,14,0
6,1,6,14.6,1,1,2,9,2
6,5,6,10.9,1,1,2,10,0
7,6,7,4.7,0,0,10,24,10
10,6,10,15.5,1,1,0,9,1
19,1,19,25.8,1,1,17,11,18
17,3,17,31.5,1,1,2,0,2
6,1,6,12.0,1,1,2,0,2
23,3,23,20.0,1,1,26,47,10
12,5,12,14.4,0,0,2,23,3
9,6,9,5.5,1,0,2,14,3
14,4,14,31.1,1,1,2,15,3
12,1,12,24.3,1,1,10,24,23
21,2,21,21.9,1,1,2,10,2
13,6,13,30.9,0,1,2,13,2
11,5,11,13.8,1,0,16,20,3
12,5,12,28.5,1,1,2,3,2
9,4,9,20.3,1,0,9,51,24
14,6,14,32.4,1,1,2,10,3
12,1,12,25.0,0,1,1,0,0
23,6,23,16.3,1,1,6,18,21
15,5,15,19.9,0,0,4,10,4
18,5,18,30.3,1,1,2,23,2
11,5,11,9.2,1,0,5,11,5
16,0,16,32.4,1,1,2,5,13
6,2,6,14.4,1,1,4,10,15
13,3,13,28.7,1,1,0,23,2
15,6,15,32.1,1,1,0,61,0
13,0,13,11.1,0,0,3,5,0
20,4,20,25.5,1,1,2,20,2
12,1,12,22.1,1,0,2,18,2
0,5,0,19.4,0,0,0,1,0
17,0,17,29.6,1,1,16,20,3
9,5,9,4.2,1,0,2,2,3
21,2,21,21.0,0,0,2,0,2
9,2,9,21.4,1,0,7,0,40
21,3,21,23.1,1,1,0,10,1
7,0,7,11.7,1,1,0,8,1
20,2,20,25.3,1,1,47,11,14
2,6,2,5.5,1,0,8,11,8
4,4,4,11.4,0,0,4,10,15
22,2,22,18.6,0,0,2,20,3
14,2,14,11.4,0,0,2,12,3
20,5,20,22.4,0,0,2,6,3
10,6,10,16.4,1,0,7,36,47
10,1,10,11.9,0,0,2,1,3
10,0,10,7.9,1,0,7,34,16
11,0,11,15.0,1,0,7,34,36
12,0,12,28.8,1,1,2,2,2
9,6,9,18.2,0,0,14,20,12
18,5,18,29.8,1,1,2,7,3
18,0,18,33.6,1,1,0,23,2
14,1,14,15.8,0,0,1,2,0
18,5,18,14.1,0,0,30,10,57
14,1,14,28.4,1,1,2,0,3
1,5,1,18.0,0,0,2,3,3
5,6,5,14.6,0,0,1,60,0
9,0,9,15.6,1,2,9,63,28
11,4,11,26.0,0,0,0,15,0
16,2,16,28.6,1,1,2,30,2
13,2,13,18.0,0,0,1,27,2
13,3,13,30.7,0,0,2,18,2
14,1,14,26.7,1,0,0,27,1
7,4,7,9.2,1,0,21,11,5
14,6,14,24.2,1,0,2,13,3
22,3,22,20.5,1,1,19,32,15
14,4,14,29.3,1,1,2,14,3
7,4,7,8.9,1,1,2,7,2
20,4,20,18.5,1,1,0,9,0
12,0,12,10.4,0,0,2,8,3
18,5,18,26.7,1,1,4,10,4
12,3,12,28.1,1,1,0,13,0
7,5,7,10.4,1,1,0,18,2
14,5,14,32.1,0,0,2,30,2
23,1,23,19.5,0,0,4,10,2
16,0,16,33.3,1,1,2,15,3
8,0,8,14.4,1,1,2,3,3
6,0,6,10.6,1,1,16,20,3
13,1,13,27.9,1,1,2,6,2
18,5,18,12.6,1,0,16,20,3
21,0,21,11.7,0,1,0,40,0
3,6,3,15.0,0,0,11,25,6
10,3,10,22.9,1,1,0,13,1
12,2,12,28.8,1,1,4,35,2
13,3,13,33.1,1,1,2,8,2
20,2,20,21.1,1,1,2,7,2
19,0,19,28.7,1,1,0,13,0
11,4,11,25.9,0,0,0,14,0
14,3,14,13.5,1,0,7,34,16
20,2,20,23.2,1,1,1,0,0
23,5,23,23.6,0,1,0,10,0
14,5,14,18.7,0,0,2,3,3
11,2,11,12.7,0,0,2,23,3
13,0,13,29.4,1,0,2,14,3
14,6,14,30.4,1,1,6,18,6
17,5,17,18.4,0,0,0,23,0
15,4,15,33.2,1,1,3,5,0
8,1,8,11.3,1,1,2,0,3
12,3,12,19.5,1,1,2,20,13
21,6,21,8.2,0,0,2,2,3
21,0,21,24.4,1,1,4,10,2
7,4,7,9.1,1,1,2,2,3
7,4,7,14.5,1,1,2,23,2
20,0,20,24.3,0,1,2,20,2
10,4,10,22.3,1,1,2,20,4
12,4,12,11.7,1,0,10,24,10
10,4,10,20.7,0,1,2,13,3
2,4,2,8.3,0,0,11,25,6
22,4,22,25.6,1,1,19,32,15
12,6,12,25.2,1,1,2,0,3
10,4,10,24.0,1,1,0,15,1
2,5,2,17.6,0,0,0,27,1
14,4,14,17.8,1,0,16,20,3
16,4,16,31.0,1,1,4,72,2
20,1,20,6.1,0,0,2,13,3
18,1,18,21.9,0,1,0,9,0
22,4,22,19.5,0,0,5,23,5
20,6,20,25.9,0,0,2,2,3
19,1,19,28.8,0,1,0,14,0
13,2,13,11.5,1,0,1,3,1
12,6,12,28.3,1,1,2,0,2
14,4,14,30.2,1,1,1,14,0
15,0,15,31.5,1,1,0,10,0
11,1,11,21.8,1,1,2,8,2
7,2,7,3.0,1,0,2,15,3
11,1,11,9.4,1,0,2,19,4
7,3,7,7.6,1,1,2,1,3
14,6,14,10.5,1,0,2,0,3
7,3,7,12.9,1,1,1,6,2
10,6,10,17.2,1,0,1,9,0
13,0,13,18.7,0,0,0,10,1
6,5,6,12.8,1,1,1,18,0
21,1,21,21.1,1,1,2,26,4
19,3,19,22.2,1,0,2,0,3
0,4,0,20.4,0,0,1,0,0
21,0,21,24.5,1,1,0,27,0
4,1,4,8.3,0,2,0,44,0
6,6,6,15.3,1,1,1,6,1
21,2,21,7.5,0,0,0,6,0
12,1,12,24.9,1,0,11,25,11
18,5,18,30.4,1,1,2,23,2
21,3,21,10.8,0,1,2,21,2
9,6,9,18.0,0,1,0,8,1
9,4,9,21.1,1,1,1,6,2
8,5,8,12.0,1,1,0,9,1
14,5,14,29.6,0,0,3,5,0
23,1,23,12.4,1,1,2,31,13
13,3,13,28.0,1,1,1,14,1
22,5,22,21.8,1,1,19,32,15
19,3,19,19.3,1,1,0,18,0
18,1,18,25.8,1,1,2,18,2
7,2,7,14.2,1,1,2,14,3
13,1,13,28.0,1,1,1,42,0
13,3,13,14.4,0,0,4,10,4
15,1,15,29.1,1,1,1,6,0
16,6,16,30.8,1,1,2,30,2
19,3,19,25.2,1,1,21,11,5
6,0,6,14.6,1,1,0,6,0
13,1,13,30.7,1,1,2,27,2
15,1,15,13.9,1,0,1,6,0
7,2,7,14.3,1,1,14,57,12
12,0,12,24.2,1,0,0,3,0
15,6,15,23.7,0,0,1,2,1
17,2,17,28.7,1,0,2,20,4
11,6,11,11.0,1,0,32,39,39
17,4,17,31.1,1,1,2,5,13
14,5,14,17.2,1,0,6,18,6
15,1,15,21.0,0,0,0,15,0
15,3,15,17.0,1,1,4,10,2
3,3,3,13.8,1,0,8,11,8
17,3,17,27.8,0,0,7,34,16
15,3,15,30.1,0,0,1,3,1
1,2,1,6.8,1,0,5,11,5
10,5,10,10.3,0,0,0,2,0
8,5,8,13.9,1,1,9,2,25
23,2,23,13.9,1,1,2,31,13
13,3,13,28.1,1,1,2,15,3
16,0,16,34.4,1,1,0,3,2
14,3,14,32.5,1,1,0,0,0
13,6,13,21.7,0,1,2,13,3
10,1,10,16.9,0,0,1,8,0
2,0,2,12.7,0,0,3,17,0
14,0,14,25.3,1,0,24,11,5
19,0,19,12.8,1,0,0,40,0
7,2,7,11.3,1,1,2,13,2
19,6,19,25.6,1,1,2,7,3
17,5,17,29.7,1,1,2,26,13
13,6,13,28.4,1,1,2,27,2
17,3,17,25.1,0,0,2,10,3
14,3,14,30.5,0,0,0,0,0
14,6,14,15.0,1,0,16,20,3
6,4,6,15.2,1,1,39,76,12
13,3,13,30.5,0,0,2,13,3
19,0,19,14.3,1,0,2,2,2
12,3,12,29.7,1,1,1,42,0
4,2,4,14.3,0,0,4,10,2
3,5,3,7.8,1,0,11,25,11
15,2,15,29.4,1,3,7,67,39
1,1,1,12.6,1,0,47,11,14
21,0,21,23.9,0,0,5,76,5
19,6,19,29.9,1,1,0,2,0
2,3,2,12.9,1,0,77,46,5
20,5,20,21.1,0,0,2,6,2
6,0,6,7.8,1,1,16,20,1
16,3,16,34.3,1,0,1,14,1
10,2,10,27.0,1,1,0,28,0
18,3,18,28.6,1,1,2,15,3
14,1,14,26.6,1,1,2,12,2
8,2,8,13.5,1,1,21,11,5
21,3,21,25.7,0,0,0,14,1
9,3,9,16.7,1,1,2,23,2
1,4,1,20.2,0,0,34,76,12
13,2,13,21.4,0,1,2,7,3
15,3,15,20.7,1,0,2,15,3
16,0,16,30.3,1,1,2,13,2
15,3,15,20.6,1,3,2,15,2
18,2,18,36.3,1,1,2,7,3
15,5,15,19.4,1,0,16,44,2
6,4,6,13.0,1,1,2,16,2
14,6,14,30.5,0,1,0,10,1
10,2,10,26.9,1,1,2,27,2
22,6,22,21.3,0,1,1,17,0
19,3,19,9.0,1,0,2,0,3
18,1,18,14.2,0,0,11,25,11
18,0,18,13.3,1,0,2,50,2
13,5,13,22.5,1,1,1,0,0
20,0,20,24.5,1,1,2,2,3
10,6,10,25.7,1,1,9,41,38
20,6,20,26.1,1,1,2,0,3
12,3,12,29.3,0,0,5,6,5
13,3,13,22.6,0,0,16,20,3
3,3,3,18.4,1,0,17,11,18
1,0,1,8.2,0,0,0,27,1
6,5,6,13.4,1,1,0,10,1
7,5,7,15.1,1,1,2,15,3
21,3,21,19.9,0,1,2,9,3
17,0,17,19.4,1,0,2,20,3
10,0,10,20.2,1,1,0,21,0
22,1,22,21.5,1,1,0,2,0
13,3,13,30.5,1,1,0,23,0
13,6,13,8.8,1,0,30,10,57
11,0,11,22.4,1,1,2,13,3
14,6,14,12.0,0,0,7,90,47
18,2,18,28.6,0,0,14,20,12
20,4,20,18.4,1,1,2,9,3
9,6,9,8.2,1,0,7,2,17
19,3,19,20.2,1,0,2,14,2
18,2,18,22.0,1,1,2,13,3
13,6,13,32.0,1,1,2,2,2
23,6,23,18.4,1,1,18,31,4
11,1,11,8.7,0,0,2,83,2
17,0,17,10.7,1,0,2,23,3
12,4,12,11.3,1,0,9,51,24
1,2,1,17.4,0,0,0,3,2
4,0,4,7.2,0,0,0,10,0
17,0,17,18.4,1,1,1,60,1
20,4,20,23.2,0,0,11,25,11
12,1,12,18.3,1,0,0,9,1
11,2,11,27.5,1,1,2,28,2
19,6,19,25.5,1,1,0,18,2
8,6,8,15.8,1,1,0,28,0
21,0,21,24.0,1,1,17,11,18
15,5,15,15.3,1,0,16,44,2
6,4,6,13.0,1,1,2,77,2
6,5,6,14.0,1,1,2,2,3
23,5,23,18.9,1,1,19,32,2
20,1,20,13.2,0,0,2,40,2
21,5,21,23.6,1,1,2,23,2
18,2,18,26.9,0,1,0,9,0
13,2,13,29.0,1,1,2,50,3
15,3,15,24.7,1,0,1,6,0
9,1,9,23.8,1,1,0,9,0
10,6,10,10.2,0,0,2,14,2
15,1,15,29.8,1,1,1,0,2
7,6,7,11.5,1,1,2,12,3
1,4,1,10.6,1,0,2,5,13
16,5,16,31.0,1,1,0,13,0
6,4,6,14.9,1,1,1,20,2
9,3,9,15.2,0,0,2,2,2
19,3,19,24.2,1,1,0,0,0
14,1,14,12.7,1,0,1,6,0
7,4,7,10.3,1,1,2,14,2
11,3,11,10.4,1,0,2,0,3
20,2,20,23.4,1,1,2,1,2
6,6,6,10.7,1,1,2,8,3
11,3,11,19.8,1,0,2,6,3
6,2,6,14.6,1,1,3,49,15
23,6,23,24.3,1,1,20,33,5
18,4,18,10.3,0,0,1,44,1
10,3,10,22.6,1,1,21,11,5
0,3,0,4.5,1,0,17,11,14
12,3,12,19.0,1,1,10,24,23
14,2,14,33.3,1,1,0,8,0
7,6,7,13.2,1,1,2,36,2
17,0,17,34.7,1,1,2,13,3
17,2,17,19.4,0,0,0,21,0
11,1,11,15.9,1,0,0,13,1
15,3,15,25.9,0,0,1,3,1
6,2,6,14.3,1,1,0,3,2
3,4,3,9.3,0,0,11,25,6
0,5,0,16.2,0,0,1,6,1
20,1,20,13.4,0,0,2,19,4
14,6,14,29.2,1,1,1,6,2
17,4,17,27.1,0,0,0,28,1
13,1,13,25.2,1,0,23,43,4
11,6,11,29.1,1,1,0,9,1
8,1,8,11.2,1,1,2,15,2
20,5,20,8.5,0,0,2,10,2
10,4,10,18.0,1,1,0,21,0
19,6,19,21.0,1,0,6,18,6
10,1,10,10.2,1,0,2,15,3
2,2,2,14.7,0,0,2,27,3
19,6,19,24.0,0,0,9,41,19
16,3,16,29.9,1,1,2,8,2
0,6,0,13.2,1,0,2,4,4
18,2,18,26.3,1,1,16,20,3
17,1,17,25.9,0,0,9,116,27
13,3,13,12.8,0,0,1,89,1
17,3,17,33.5,1,1,1,60,0
17,1,17,8.2,0,0,1,8,0
4,4,4,9.0,0,0,4,10,2
14,2,14,10.6,1,0,2,8,3
18,3,18,18.3,1,0,1,2,2
18,0,18,15.8,0,3,0,84,0
14,3,14,29.9,0,1,2,44,2
1,3,1,21.3,0,0,2,2,2
21,2,21,19.2,0,0,1,0,0
23,3,23,18.2,1,1,2,48,4
23,5,23,16.6,1,1,2,11,4
4,3,4,14.7,1,0,2,6,2
13,5,13,15.4,1,1,7,69,17
12,3,12,27.5,1,1,7,74,7
19,3,19,19.2,0,0,7,1,43
12,5,12,22.6,1,1,2,0,2
12,3,12,27.7,0,1,2,12,2
10,0,10,14.9,1,0,1,0,2
10,5,10,11.5,1,0,2,13,3
14,4,14,30.9,1,1,23,43,4
11,0,11,14.3,1,0,7,34,16
23,3,23,14.3,1,1,5,10,5
16,4,16,30.3,1,1,2,23,2
9,4,9,4.6,0,0,2,8,3
22,1,22,11.1,0,0,2,7,3
7,3,7,16.8,1,1,2,19,13
22,4,22,19.5,1,1,6,18,6
12,3,12,32.9,1,1,0,21,0
10,3,10,18.4,0,0,2,8,2
20,3,20,18.9,0,0,1,14,1
23,1,23,18.1,0,0,2,58,2
4,4,4,13.8,0,0,2,20,2
17,6,17,30.1,1,1,2,2,3
16,6,16,31.2,1,1,6,18,21
12,2,12,20.8,0,0,2,12,3
20,2,20,16.0,1,0,0,2,0
7,0,7,2.0,0,0,6,18,6
18,3,18,24.9,1,0,7,63,82
15,3,15,30.8,0,1,0,9,1
16,4,16,33.7,1,1,2,30,2
3,1,3,16.6,1,0,11,25,11
19,1,19,8.5,0,0,2,8,3
13,4,13,17.4,1,0,2,50,3
19,1,19,6.9,0,0,0,9,1
23,6,23,20.3,1,1,2,48,13
12,0,12,25.3,1,0,2,18,2
8,6,8,12.5,1,1,2,23,3
13,3,13,26.7,1,1,16,3,0
22,6,22,15.1,0,0,2,3,3
18,6,18,14.3,1,0,0,0,0
11,6,11,10.2,1,0,2,20,3
0,4,0,16.6,1,0,13,26,10
17,0,17,16.7,0,1,0,28,0
17,4,17,11.7,1,0,1,60,0
11,4,11,10.6,1,0,0,0,1
22,3,22,16.9,0,1,2,18,2
19,1,19,18.8,1,1,0,15,0
16,3,16,32.3,1,1,1,2,2
1,6,1,3.1,0,0,17,11,18
17,4,17,28.8,1,1,2,14,2
13,3,13,28.4,0,0,2,16,2
7,2,7,13.0,1,1,3,5,13
21,6,21,21.8,0,0,7,38,17
23,4,23,8.6,1,0,1,2,0
11,0,11,15.5,0,0,1,18,0
6,6,6,7.3,1,3,2,6,3
16,5,16,25.4,1,0,2,21,2
12,6,12,29.8,1,1,0,9,0
6,5,6,9.8,1,1,4,10,2
9,6,9,23.0,1,1,0,28,0
17,3,17,13.6,1,0,0,27,1
21,1,21,17.7,1,1,2,7,3
6,3,6,11.8,1,1,0,23,2
14,1,14,30.1,1,1,2,13,2
20,0,20,26.0,1,1,1,8,0
20,6,20,24.3,1,1,2,20,2
18,2,18,31.1,1,1,0,6,1
20,5,20,20.7,0,0,2,6,3
13,6,13,30.9,0,0,6,18,6
12,5,12,22.0,0,0,2,0,3
21,4,21,8.8,0,0,2,0,2
11,5,11,19.5,0,1,1,18,2
9,1,9,16.6,1,1,1,17,0
16,0,16,31.2,1,1,0,13,1
9,0,9,14.2,1,1,9,9,48
14,6,14,20.4,1,0,6,40,26
15,5,15,32.2,1,1,2,8,3
14,4,14,15.3,1,1,2,50,3
18,3,18,26.7,1,1,0,14,0
17,0,17,28.1,1,1,2,20,4
20,1,20,22.3,0,0,2,6,2
14,0,14,23.5,1,1,0,10,0
15,6,15,33.6,1,1,0,61,0
2,5,2,17.6,1,0,2,68,4
13,3,13,9.4,1,0,7,21,47
17,0,17,15.1,0,1,7,39,55
6,2,6,11.4,1,1,2,6,2
12,5,12,27.1,1,1,1,14,0
0,5,0,9.9,0,0,2,27,3
9,0,9,16.7,1,1,2,21,2
22,2,22,15.3,0,0,2,2,2
12,3,12,23.8,1,1,1,2,0
9,1,9,22.1,1,1,2,31,13
15,5,15,36.4,1,1,9,82,28
7,3,7,16.9,1,1,2,13,2
7,2,7,11.8,1,1,2,15,2
12,3,12,14.6,1,0,0,50,0
7,3,7,13.8,1,1,2,12,3
16,1,16,30.1,1,1,2,2,2
12,1,12,29.7,1,1,2,3,3
16,2,16,30.7,1,1,1,14,0
17,6,17,22.4,1,0,2,2,3
23,0,23,10.7,1,1,2,11,4
18,3,18,24.1,0,0,2,31,13
14,2,14,31.2,1,1,2,14,2
23,5,23,17.9,0,2,25,11,23
1,2,1,11.4,1,0,11,25,6
16,1,16,33.8,1,1,2,13,3
20,2,20,18.9,0,0,9,9,19
22,4,22,19.3,0,0,1,3,1
6,1,6,11.7,1,1,2,6,3
16,1,16,13.7,1,0,7,39,55
10,6,10,22.0,1,1,0,9,1
10,6,10,22.1,0,0,2,1,3
11,1,11,22.4,0,0,1,14,0
21,4,21,26.3,1,1,4,10,2
23,4,23,21.6,1,1,1,0,0
23,2,23,19.2,0,0,0,2,0
8,5,8,14.8,0,0,0,40,1
15,4,15,33.4,1,1,2,44,2
18,5,18,32.0,1,1,2,23,2
9,6,9,17.1,1,1,2,10,13
17,5,17,28.3,1,1,1,0,0
13,2,13,26.6,0,1,9,39,59
11,0,11,9.2,0,1,7,34,16
23,2,23,14.7,1,1,2,7,2
21,3,21,10.6,0,0,1,2,1
12,0,12,25.6,1,1,9,22,9
9,3,9,15.1,1,1,2,6,2
1,2,1,15.7,1,0,13,53,8
11,5,11,25.1,1,1,0,0,0
21,4,21,22.0,1,1,0,27,0
10,1,10,22.2,1,1,0,28,1
10,0,10,7.0,0,0,2,14,3
23,1,23,21.1,0,0,0,6,0
16,1,16,20.7,1,0,0,8,0
9,1,9,22.4,1,1,1,2,0
19,0,19,29.9,1,1,0,18,2
5,2,5,12.9,1,0,2,6,2
10,2,10,25.6,1,1,2,12,2
13,0,13,9.6,1,0,1,2,1
10,3,10,18.0,0,0,25,11,23
6,0,6,7.7,1,1,2,6,2
8,6,8,12.0,1,1,14,57,12
21,4,21,8.1,0,0,0,40,0
4,0,4,4.6,1,0,2,6,3
13,6,13,33.9,1,1,5,11,5
23,1,23,21.0,1,1,20,33,5
22,6,22,7.1,0,0,2,3,3
1,6,1,17.6,1,0,2,4,4
7,1,7,12.5,1,1,2,13,3
7,3,7,13.3,1,1,2,36,2
6,5,6,20.0,1,1,1,20,0
17,5,17,23.7,0,0,1,9,0
12,3,12,20.0,1,0,13,26,10
14,3,14,34.2,1,1,2,10,2
23,4,23,21.1,0,0,11,25,6
16,0,16,21.9,0,0,16,20,3
4,1,4,10.4,0,0,3,5,13
6,3,6,17.7,1,1,1,2,0
18,1,18,26.9,1,1,0,1,0
6,3,6,8.3,1,0,2,9,3
17,3,17,15.2,0,0,2,2,3
19,5,19,29.4,1,1,1,18,0
12,0,12,25.3,0,0,1,2,0
10,4,10,14.4,1,0,2,13,2
9,6,9,15.6,1,1,4,10,2
11,6,11,28.9,1,1,2,11,13
15,0,15,28.7,0,0,0,3,1
15,5,15,19.3,0,0,2,13,3
10,2,10,23.7,1,1,2,6,2
22,0,22,16.7,0,0,6,18,6
20,6,20,11.0,0,1,7,105,17
7,4,7,13.9,1,1,2,13,3
10,1,10,22.0,1,1,2,13,2
13,5,13,20.3,1,0,2,2,3
22,1,22,22.5,0,1,2,7,2
0,0,0,21.0,0,0,2,2,3
21,5,21,25.6,0,0,18,31,4
22,1,22,8.3,1,0,5,11,5
10,6,10,24.3,1,1,0,36,0
4,6,4,12.7,1,0,2,1,3
18,3,18,15.9,0,0,0,9,0
10,6,10,21.9,1,1,2,13,3
15,0,15,28.9,1,0,2,3,3
13,2,13,29.5,1,1,0,36,0
19,1,19,14.4,1,0,1,8,0
14,6,14,29.2,1,1,16,20,3
10,2,10,26.9,1,1,2,19,4
12,3,12,18.7,0,0,2,12,3
5,1,5,8.5,1,0,4,10,2
17,6,17,29.6,1,1,4,10,15
23,5,23,20.1,1,1,2,68,13
12,4,12,24.4,1,1,0,3,0
8,5,8,16.4,1,1,2,19,4
12,0,12,29.9,1,1,2,3,3
4,0,4,5.8,0,0,4,10,2
0,6,0,14.2,0,0,7,80,37
23,5,23,18.1,0,0,1,6,1
22,5,22,17.8,1,0,25,11,23
9,5,9,14.3,1,1,5,11,5
22,1,22,16.6,0,0,13,26,10
0,1,0,15.6,1,0,2,5,13
10,1,10,12.6,0,0,0,6,1
18,4,18,15.0,0,1,0,36,0
7,4,7,14.7,0,3,17,3,14
20,5,20,24.3,0,0,2,20,3
13,5,13,26.8,1,1,1,13,0
16,1,16,29.9,1,1,0,3,2
16,3,16,32.4,1,1,0,2,0
7,0,7,13.1,1,1,2,2,3
8,5,8,15.2,1,1,1,27,1
17,2,17,22.1,0,0,0,9,1
10,1,10,23.0,1,1,1,36,0
20,2,20,22.9,1,0,2,7,3
8,5,8,2.8,1,0,16,3,3
18,6,18,25.1,0,0,17,20,18
16,4,16,20.1,0,1,9,41,38
9,0,9,19.1,0,1,0,6,0
16,0,16,21.7,0,0,1,0,0
22,2,22,14.2,1,0,0,0,1
8,6,8,13.7,1,1,2,1,3
8,3,8,18.2,1,1,2,44,2
1,0,1,9.1,0,0,16,20,3
15,1,15,28.0,0,0,0,15,0
11,4,11,6.3,1,1,9,39,24
4,4,4,-0.7,1,0,11,25,6
15,2,15,36.8,1,1,0,2,0
19,3,19,15.0,1,1,1,18,0
15,3,15,29.0,1,1,0,27,0
6,0,6,10.0,0,0,2,68,4
21,4,21,12.2,1,1,2,1,2
19,3,19,14.5,1,0,0,2,0
12,2,12,14.6,0,0,2,40,2
15,3,15,24.8,1,0,40,1,59
17,0,17,28.4,1,1,2,5,13
1,1,1,18.2,1,0,2,5,13
7,1,7,9.7,1,0,7,34,36
9,5,9,15.5,1,1,4,10,2
17,4,17,28.7,0,0,2,23,2
1,2,1,20.5,0,0,2,7,3
16,1,16,19.4,0,0,4,10,2
16,1,16,17.8,1,0,16,20,1
19,1,19,10.3,0,0,13,53,8
19,5,19,7.9,0,0,2,10,3
23,5,23,14.3,0,0,2,50,2
3,5,3,2.9,0,0,11,25,6
18,5,18,11.8,0,0,0,13,0
6,5,6,10.4,1,1,2,6,3
8,2,8,15.3,1,1,2,18,2
20,6,20,15.8,0,0,2,26,13
16,4,16,20.5,1,0,2,21,2
12,2,12,32.2,1,0,32,93,35
7,4,7,15.1,1,1,1,8,2
14,1,14,30.8,1,1,1,6,0
20,0,20,24.6,1,1,0,1,1
10,6,10,8.4,1,0,2,20,4
15,4,15,35.5,1,1,3,5,0
23,4,23,19.3,1,1,2,48,4
12,1,12,27.3,1,1,2,6,3
22,6,22,21.3,1,1,0,10,1
19,5,19,13.5,1,0,7,69,17
6,3,6,8.2,1,0,2,2,2
14,1,14,30.3,1,1,2,12,2
16,5,16,28.0,0,1,2,16,2
17,0,17,27.7,1,1,2,23,2
7,6,7,11.5,1,1,2,23,2
12,0,12,28.4,1,1,2,23,2
12,2,12,27.5,1,1,12,23,4
14,2,14,28.8,0,0,1,2,0
11,5,11,26.9,1,1,14,57,12
14,2,14,11.6,1,0,3,5,0
17,5,17,30.7,1,0,1,8,0
13,3,13,13.6,0,1,9,67,55
8,5,8,14.2,1,1,2,44,2
19,1,19,12.4,0,0,13,26,10
20,4,20,21.4,1,1,2,2,3
15,1,15,20.1,0,0,1,3,1
16,0,16,13.7,1,0,2,14,3
18,4,18,31.2,1,0,7,73,62
22,0,22,21.7,0,0,13,53,8
23,1,23,12.1,0,0,2,19,4
2,5,2,16.8,1,0,11,25,6
8,2,8,3.5,1,0,7,100,47
16,5,16,18.5,1,0,0,13,0
8,4,8,17.9,1,1,2,3,2
12,0,12,14.6,0,0,2,3,3
6,6,6,3.2,0,0,2,48,4
8,6,8,18.1,1,1,1,13,0
15,3,15,31.6,1,1,2,13,3
9,3,9,22.8,1,1,2,31,13
23,0,23,14.8,0,0,11,25,6
16,6,16,30.2,1,1,2,10,2
17,0,17,28.0,1,1,0,6,1
17,2,17,23.6,1,0,2,20,4
15,2,15,19.3,1,1,1,2,1
3,5,3,16.8,1,0,13,53,8
17,5,17,30.8,1,1,2,40,2
18,2,18,17.6,1,1,1,60,1
10,6,10,25.1,1,1,0,21,0
11,4,11,11.3,1,0,0,15,1
13,1,13,11.0,0,0,2,18,2
14,5,14,26.5,0,0,0,16,0
13,2,13,22.3,0,0,2,27,3
6,1,6,8.3,1,0,1,20,2
16,0,16,32.0,1,1,0,6,0
13,0,13,32.6,1,1,15,29,4
1,1,1,12.1,0,0,77,23,5
10,6,10,20.8,1,1,2,65,4
20,3,20,24.8,1,1,0,9,0
6,2,6,6.3,1,1,2,2,2
20,4,20,13.4,1,1,2,0,2
9,2,9,20.5,1,1,4,10,2
11,5,11,10.8,0,0,2,13,2
16,3,16,32.6,1,1,2,23,2
11,0,11,22.4,1,1,0,9,1
15,3,15,25.8,1,1,7,34,16
8,1,8,10.0,1,1,0,14,1
23,5,23,19.3,0,0,11,25,6
15,4,15,30.5,1,1,2,3,2
8,2,8,13.2,0,1,20,33,5
6,4,6,12.5,1,1,2,21,2
10,1,10,8.6,0,0,2,8,2
10,3,10,21.6,1,1,5,23,5
15,2,15,29.1,1,3,7,67,39
5,3,5,8.3,1,0,1,3,0
10,4,10,8.2,0,0,0,1,1
12,4,12,23.4,1,1,0,3,2
6,3,6,12.8,1,1,4,10,2
20,2,20,20.9,1,1,0,6,0
16,2,16,14.4,0,0,0,36,0
10,0,10,17.4,1,0,7,34,16
12,6,12,20.5,0,0,5,44,5
23,6,23,22.5,0,0,1,17,2
21,6,21,22.8,1,1,2,0,2
19,3,19,15.0,1,1,1,9,1
17,5,17,33.1,1,1,2,8,3
16,1,16,29.8,1,1,0,14,1
18,3,18,12.5,1,0,1,14,0
19,1,19,19.7,1,0,0,6,1
12,0,12,27.5,1,1,2,13,2
6,1,6,12.0,1,1,0,10,1
14,1,14,30.4,1,1,1,13,1
20,5,20,32.2,1,1,1,18,0
10,3,10,23.3,1,1,31,74,34
15,0,15,28.5,1,1,0,8,0
10,0,10,19.8,1,1,0,21,0
12,6,12,14.1,1,0,2,10,3
16,2,16,30.7,1,1,2,7,2
15,3,15,29.0,1,0,0,6,1
23,2,23,23.5,1,1,2,68,13
9,5,9,16.3,0,1,2,0,2
15,5,15,34.0,1,1,0,6,0
21,6,21,23.3,0,1,6,18,6
7,3,7,11.5,1,1,2,8,2
21,1,21,18.4,0,0,0,8,0
10,0,10,7.1,1,0,7,34,16
14,2,14,27.6,1,1,2,14,2
4,0,4,6.9,1,0,2,8,3
11,5,11,28.2,0,1,2,12,2
22,4,22,19.4,0,0,2,19,4
16,1,16,22.5,1,1,2,9,3
22,3,22,22.4,0,1,1,2,2
20,4,20,23.4,1,1,2,1,3
16,0,16,19.1,1,1,2,18,2
14,3,14,34.2,0,1,1,13,2
0,0,0,10.8,1,0,2,5,13
12,5,12,26.9,1,1,11,25,11
19,4,19,22.2,1,1,2,6,3
18,0,18,32.3,1,1,1,8,1
6,2,6,12.5,1,1,1,27,1
22,3,22,21.4,0,0,1,2,0
1,4,1,12.3,0,0,34,76,12
16,1,16,30.7,1,1,2,13,3
11,6,11,10.7,0,1,2,15,2
22,2,22,14.1,0,0,2,19,4
12,0,12,21.0,1,1,9,0,17
12,0,12,30.1,1,1,0,14,0
10,1,10,28.3,1,1,1,36,0
10,3,10,25.5,1,1,31,64,40
8,4,8,15.8,1,1,2,44,2
13,2,13,10.1,1,0,1,0,0
10,1,10,10.2,1,0,1,0,0
21,6,21,24.8,0,1,0,3,2
10,5,10,24.4,0,0,27,76,5
15,6,15,17.6,0,0,0,36,0
11,0,11,16.8,0,0,1,6,1
6,4,6,4.4,0,0,2,68,13
9,3,9,19.4,1,1,8,5,8
13,4,13,28.2,0,1,2,4,4
22,1,22,16.5,1,1,63,5,2
11,5,11,14.6,0,0,0,2,0
15,0,15,18.6,1,0,1,8,0
15,6,15,30.6,1,1,16,44,3
17,5,17,17.8,1,0,2,6,3
17,2,17,22.9,1,3,9,39,28
11,5,11,21.9,1,1,2,14,3
9,6,9,17.1,0,0,2,0,3
9,0,9,19.9,1,1,2,18,2
18,0,18,27.6,0,0,1,9,0
21,5,21,25.1,0,1,2,23,2
13,6,13,32.1,1,1,12,23,4
17,6,17,21.9,1,1,1,6,1
18,0,18,30.2,1,1,5,11,5
21,1,21,22.9,1,1,2,26,4
15,0,15,31.8,1,1,2,10,2
11,1,11,8.9,0,0,1,0,0
6,2,6,14.5,1,1,1,6,2
16,2,16,30.3,1,1,6,18,26
7,0,7,9.3,0,0,12,23,4
21,3,21,21.5,0,1,2,5,13
14,5,14,30.8,0,0,0,3,0
15,4,15,29.3,1,1,2,44,2
7,1,7,11.4,1,1,2,0,2
15,6,15,29.8,1,1,2,14,2
10,0,10,17.3,0,0,7,74,47
19,3,19,26.0,1,1,0,40,0
16,2,16,29.3,1,1,1,14,1
16,5,16,24.7,1,0,2,21,2
15,0,15,21.4,0,0,2,2,3
14,1,14,20.1,1,0,2,8,3
1,1,1,16.8,0,0,0,3,2
15,6,15,30.5,1,1,16,44,3
0,4,0,12.0,1,0,13,26,10
23,1,23,8.2,0,0,0,0,0
13,5,13,29.2,0,0,3,5,0
10,1,10,11.9,0,0,2,0,2
1,4,1,3.3,1,0,2,20,3
16,0,16,32.5,1,1,0,3,2
13,0,13,29.9,0,0,7,71,17
5,5,5,6.8,1,0,11,25,6
13,4,13,25.3,1,1,1,13,1
14,3,14,14.1,0,0,1,8,0
13,5,13,18.9,0,0,0,10,1
20,0,20,19.1,1,0,1,18,0
12,3,12,22.3,1,1,2,6,3
10,6,10,24.6,1,1,0,9,0
11,6,11,10.7,1,0,2,13,3
20,0,20,10.6,1,0,69,1,95
17,2,17,7.3,1,0,0,14,1
18,5,18,25.2,1,1,2,1,2
11,1,11,19.0,1,1,2,8,3
15,3,15,25.7,0,0,0,0,1
23,5,23,12.5,0,0,0,2,0
8,0,8,15.3,1,1,2,3,3
15,1,15,14.1,1,0,0,8,1
12,2,12,16.4,1,1,0,28,0
17,2,17,31.5,1,1,2,40,2
1,5,1,18.1,1,0,2,4,4
13,0,13,24.1,1,0,1,2,0
16,1,16,31.8,1,1,2,23,2
6,3,6,7.1,0,0,6,18,6
11,4,11,23.3,0,0,2,6,2
11,6,11,26.2,1,1,2,11,13
11,6,11,24.9,1,1,2,11,4
22,5,22,20.0,0,0,0,3,0
14,4,14,17.6,0,0,2,3,3
6,5,6,13.0,1,1,2,0,3
15,2,15,18.4,1,1,2,14,2
2,2,2,9.8,0,0,11,25,11
11,5,11,13.0,0,0,1,14,1
1,3,1,13.1,0,0,77,23,5
11,5,11,25.8,1,1,0,61,0
10,0,10,19.8,1,1,7,88,17
11,3,11,23.2,1,1,2,20,2
9,1,9,12.1,0,1,2,2,3
12,5,12,22.0,1,1,2,6,2
15,4,15,34.0,1,1,4,72,2
13,4,13,15.9,1,1,1,13,2
17,4,17,30.1,1,1,2,8,2
19,4,19,27.0,0,1,0,9,1
13,0,13,27.9,1,1,0,9,0
10,6,10,8.5,1,0,2,27,3
14,1,14,11.4,0,3,2,18,2
11,2,11,14.3,1,0,0,28,0
21,4,21,20.1,0,0,2,13,3
8,5,8,13.0,1,1,25,11,2
7,2,7,7.3,0,0,6,18,21
8,2,8,16.8,1,1,2,18,2
4,1,4,4.7,1,0,4,10,2
13,3,13,25.1,0,0,2,20,2
20,2,20,22.1,1,1,1,0,0
13,3,13,32.5,1,1,1,0,0
21,6,21,18.6,1,0,4,10,2
18,1,18,8.7,1,0,0,6,0
13,2,13,14.9,1,0,0,23,1
21,4,21,14.2,0,0,2,0,3
10,6,10,24.7,1,1,2,2,2
16,3,16,15.9,1,1,1,89,2
16,4,16,29.0,1,1,2,3,2
23,4,23,16.9,1,0,18,31,4
15,4,15,29.5,1,1,2,15,2
7,3,7,13.2,0,1,20,33,5
11,4,11,25.9,1,1,2,9,3
9,2,9,21.1,1,3,7,67,39
19,2,19,15.0,0,1,0,0,0
6,4,6,10.7,1,1,0,8,0
1,2,1,9.7,1,0,2,70,4
10,0,10,23.1,1,1,0,21,0
22,4,22,18.3,1,1,25,11,13
12,0,12,9.8,1,0,7,34,36
21,6,21,23.0,0,0,18,31,13
6,3,6,14.5,1,1,4,10,2
16,3,16,34.5,1,1,31,64,40
6,6,6,5.9,0,0,25,11,13
10,2,10,21.6,1,3,7,67,39
4,3,4,13.3,1,0,8,5,8
19,1,19,24.6,1,0,2,14,3
17,6,17,34.2,0,1,0,9,0
6,0,6,-1.8,0,0,2,11,13
16,1,16,24.1,1,1,2,5,13
16,2,16,31.1,1,1,1,14,1
9,4,9,18.0,1,1,0,8,1
7,4,7,14.7,1,1,2,6,3
23,1,23,22.9,0,0,11,25,6
13,0,13,10.8,1,0,2,14,3
20,0,20,26.2,0,0,7,73,17
20,1,20,12.3,0,0,0,8,0
19,2,19,19.6,1,1,2,9,2
17,3,17,31.2,0,0,2,13,3
19,1,19,28.3,1,1,16,20,3
19,3,19,25.1,1,1,2,13,2
21,4,21,12.9,1,1,1,6,1
13,0,13,32.7,0,1,2,0,3
15,2,15,30.7,1,1,3,5,0
15,6,15,20.5,0,3,9,99,60
18,2,18,19.1,1,1,2,18,2
21,6,21,19.7,0,0,2,14,2
12,6,12,28.8,1,1,10,24,23
19,2,19,16.7,0,1,0,28,0
7,2,7,12.5,1,1,16,20,13
12,6,12,17.5,0,0,6,40,26
10,0,10,11.6,0,3,7,34,16
9,3,9,22.9,1,1,1,6,2
16,5,16,21.4,1,1,2,1,2
13,3,13,11.5,1,0,2,0,3
5,3,5,15.7,1,0,1,3,2
8,5,8,16.1,1,1,1,13,0
12,5,12,24.2,1,1,2,12,3
16,5,16,20.8,1,0,1,0,0
15,1,15,14.7,0,0,0,0,1
0,0,0,20.1,1,0,2,5,13
8,5,8,13.8,1,1,0,20,0
10,4,10,19.4,1,1,36,46,12
18,1,18,16.3,0,1,2,13,3
9,2,9,15.4,1,1,4,10,2
11,6,11,24.0,1,1,2,20,3
20,2,20,17.6,0,1,2,8,2
21,1,21,17.3,0,0,0,9,0
12,3,12,31.8,1,1,6,40,26
0,0,0,6.1,0,0,34,76,12
19,3,19,22.4,1,0,2,50,3
13,3,13,33.8,1,1,2,0,2
9,2,9,18.8,1,1,22,37,4
7,3,7,13.3,1,1,0,15,0
16,3,16,32.6,1,1,1,6,2
18,2,18,31.5,1,1,2,9,2
6,4,6,9.9,1,1,0,18,0
8,3,8,10.7,0,0,0,0,0
16,0,16,16.3,0,0,2,0,3
20,2,20,16.3,1,1,2,26,4
21,1,21,22.9,1,1,25,11,13
11,1,11,25.5,1,1,2,9,2
18,3,18,10.2,1,0,2,13,3
17,1,17,28.6,0,0,9,34,106
18,1,18,16.4,0,0,31,64,34
19,4,19,22.8,1,1,0,0,0
23,4,23,24.5,1,1,26,47,10
8,4,8,15.9,1,1,2,3,2
17,2,17,23.5,1,0,1,60,0
17,5,17,33.2,0,0,0,14,0
7,1,7,8.7,1,1,31,64,33
6,1,6,10.0,1,1,16,20,3
15,2,15,30.6,1,1,2,44,2
16,1,16,30.2,1,1,2,44,2
16,6,16,30.8,1,1,2,44,2
8,6,8,21.3,1,1,2,10,13
7,6,7,10.0,1,1,4,10,2
21,2,21,19.0,0,1,1,0,2
8,6,8,11.0,1,1,2,18,2
9,4,9,22.5,1,1,1,17,0
6,5,6,4.5,0,0,25,11,13
15,2,15,27.8,1,1,16,20,3
19,3,19,16.1,0,0,31,64,40
18,3,18,24.6,0,0,0,6,0
18,5,18,21.6,0,0,0,2,1
6,5,6,14.4,0,0,21,23,5
13,2,13,26.6,0,0,2,7,3
12,0,12,26.6,1,1,2,2,2
8,0,8,18.3,1,1,2,3,3
20,3,20,21.1,1,1,2,0,2
17,5,17,34.8,1,1,1,60,0
21,5,21,23.0,1,1,4,10,2
16,1,16,27.8,1,3,7,39,82
12,3,12,20.6,1,0,2,2,3
16,5,16,32.6,1,1,0,3,2
14,4,14,30.5,1,1,5,11,5
8,5,8,16.7,1,1,2,14,2
5,3,5,15.2,1,0,2,6,3
15,0,15,29.5,0,0,9,39,102
10,5,10,18.6,0,0,0,1,1
19,2,19,34.8,1,1,2,2,3
13,1,13,19.4,0,1,7,69,17
23,6,23,21.8,1,1,26,47,10
19,5,19,9.5,0,0,1,44,2
6,3,6,12.2,1,1,0,6,0
18,2,18,31.2,0,1,0,9,0
6,3,6,14.3,1,1,1,27,0
21,5,21,23.7,1,1,2,26,4
15,1,15,26.8,0,1,1,3,1
17,1,17,35.8,0,1,2,0,3
11,3,11,11.1,0,0,1,9,0
10,5,10,17.3,0,0,2,1,3
15,6,15,16.5,0,1,7,1,17
8,1,8,16.3,1,1,0,9,0
21,5,21,22.7,0,0,2,8,3
18,0,18,24.3,0,0,0,15,0
23,6,23,18.4,1,1,26,47,10
10,3,10,22.2,1,1,22,37,4
10,6,10,9.1,0,0,2,2,3
6,4,6,12.3,1,1,0,8,0
14,5,14,19.7,1,1,0,61,0
20,5,20,5.8,0,0,17,11,14
4,4,4,12.5,1,0,2,6,3
22,0,22,24.5,0,1,2,10,2
7,3,7,10.1,1,1,3,5,0
15,1,15,27.5,1,1,23,43,4
2,6,2,2.3,0,0,11,25,6
18,5,18,25.9,1,1,2,6,3
12,3,12,10.3,0,0,0,2,1
6,5,6,4.7,0,0,21,23,5
13,2,13,27.8,0,0,2,7,2
10,2,10,18.5,0,1,2,2,3
16,6,16,30.3,1,1,1,60,1
16,6,16,20.5,0,0,2,9,3
12,1,12,24.3,0,0,6,18,6
18,1,18,28.4,1,1,4,10,2
23,2,23,17.8,0,1,1,9,1
22,5,22,16.5,0,0,2,27,3
12,4,12,13.0,0,0,7,45,17
17,0,17,20.4,0,0,7,45,17
18,4,18,29.1,1,3,9,82,28
16,2,16,36.6,1,1,2,2,2
16,0,16,15.9,1,0,2,2,3
16,6,16,27.9,1,1,2,23,2
12,5,12,28.9,0,1,0,21,0
15,3,15,34.5,0,1,7,34,16
13,5,13,8.6,0,0,2,5,13
6,1,6,14.6,1,1,2,6,3
17,6,17,16.8,1,0,4,10,4
14,0,14,10.2,0,0,2,13,3
18,0,18,26.7,0,0,0,40,0
16,4,16,25.3,0,0,2,14,3
9,5,9,18.4,1,1,14,57,12
15,2,15,37.0,1,1,2,52,3
18,0,18,22.7,0,0,2,18,2
8,3,8,17.1,1,1,2,44,2
12,6,12,18.6,1,0,0,36,0
12,5,12,13.7,0,0,31,15,40
13,1,13,25.9,0,0,3,5,0
10,4,10,24.2,1,1,9,39,24
1,1,1,18.0,0,0,1,3,1
17,5,17,32.0,0,0,0,28,1
2,2,2,2.9,0,0,11,25,6
15,2,15,11.3,1,0,16,44,2
9,0,9,7.6,1,0,7,34,16
13,2,13,26.3,0,1,0,28,1
21,4,21,19.9,0,0,2,23,3
18,2,18,14.4,0,0,2,9,3
10,2,10,18.3,0,0,2,15,3
8,5,8,9.9,1,1,2,10,13
11,4,11,23.4,1,1,2,0,3
13,3,13,30.8,1,1,1,2,1
13,3,13,28.0,1,1,2,14,2
14,1,14,30.4,1,1,2,0,3
21,6,21,22.2,0,0,2,19,4
13,3,13,30.6,0,1,2,4,4
16,6,16,32.9,1,1,0,13,0
7,0,7,14.0,1,1,2,12,2
7,4,7,6.8,1,1,2,21,2
13,1,13,24.6,1,1,2,14,3
17,6,17,14.5,0,0,2,5,13
15,5,15,23.2,0,0,0,15,1
21,5,21,17.7,0,1,2,13,3
12,1,12,27.4,1,1,0,3,2
12,5,12,24.8,1,1,1,42,0
17,4,17,35.2,1,1,2,23,2
23,4,23,17.9,0,1,2,10,2
18,1,18,25.8,1,0,7,6,17
8,2,8,15.4,1,1,2,28,2
8,5,8,11.3,1,1,5,11,5
22,1,22,19.1,1,1,19,32,15
23,4,23,17.9,0,0,2,14,2
12,3,12,14.1,1,0,1,0,2
21,3,21,14.9,0,0,2,5,13
17,6,17,27.0,1,1,2,5,4
11,5,11,25.2,0,0,2,70,4
10,2,10,20.7,1,1,1,17,0
13,6,13,30.8,0,0,1,8,1
12,6,12,11.6,1,0,0,21,0
23,0,23,20.8,1,1,2,48,4
7,2,7,13.2,1,1,5,11,5
12,0,12,32.1,0,0,7,71,19
15,2,15,20.6,0,0,0,5,2
17,3,17,12.9,0,0,2,13,2
18,5,18,30.6,1,1,2,13,3
17,0,17,8.4,1,0,1,60,0
15,6,15,19.9,1,1,23,43,4
15,6,15,12.0,0,0,1,13,2
12,0,12,12.9,0,0,6,18,20
19,3,19,13.2,0,0,0,14,1
11,0,11,10.0,0,0,17,20,18
10,1,10,12.0,1,0,7,82,28
18,0,18,25.7,1,1,16,20,3
13,2,13,26.2,1,1,0,3,2
19,5,19,13.6,0,0,7,75,42
12,5,12,14.8,1,1,0,15,0
17,1,17,35.5,1,1,0,2,0
12,5,12,10.1,0,1,2,0,2
23,5,23,19.4,1,1,18,31,13
12,1,12,17.2,0,0,3,5,0
7,2,7,14.5,1,1,0,18,0
23,5,23,19.0,1,0,6,23,6
20,4,20,17.0,0,1,1,17,0
17,2,17,17.6,0,0,2,31,13
1,0,1,17.3,0,0,2,20,2
17,5,17,31.1,1,1,0,61,0
20,5,20,6.6,0,0,13,26,10
15,1,15,30.8,1,1,2,10,2
23,5,23,13.6,1,1,2,31,13
15,6,15,24.8,0,0,52,61,6
19,4,19,27.4,1,1,2,9,2
10,5,10,23.0,0,1,2,13,2
6,4,6,14.5,1,1,2,7,3
7,0,7,12.6,1,1,9,8,27
11,6,11,10.7,1,0,2,20,3
23,5,23,19.4,1,1,26,47,10
11,4,11,10.2,1,0,2,28,2
13,0,13,29.3,0,0,2,12,2
13,0,13,28.4,1,1,2,27,2
14,2,14,19.9,0,0,2,4,4
13,1,13,28.8,1,1,2,23,2
17,6,17,29.7,1,1,31,64,40
17,1,17,31.2,1,1,2,13,2
18,0,18,26.7,1,1,2,23,2
21,0,21,19.1,1,1,4,10,2
22,0,22,16.4,1,1,25,62,13
7,0,7,3.6,1,1,7,141,19
13,6,13,26.2,1,0,15,29,4
11,0,11,17.3,1,0,2,28,2
17,0,17,18.5,0,0,2,21,2
0,1,0,19.5,0,0,1,6,1
9,6,9,23.8,1,1,2,18,2
13,4,13,31.4,1,1,2,0,2
7,2,7,12.5,1,1,1,8,1
9,0,9,23.2,1,1,2,14,2
17,0,17,16.2,1,0,2,13,3
15,5,15,19.1,1,0,2,10,3
16,3,16,14.0,0,0,4,10,2
10,3,10,21.8,0,1,2,0,3
9,4,9,17.9,1,1,6,18,21
10,2,10,14.7,0,0,16,20,3
14,2,14,31.5,1,1,10,24,23
21,0,21,15.8,0,0,2,9,3
17,3,17,30.7,0,0,0,2,0
14,0,14,29.1,0,0,31,15,40
7,0,7,14.0,1,1,2,23,3
14,1,14,30.7,1,1,2,12,2
7,1,7,5.3,0,0,2,48,13
0,0,0,10.7,0,0,34,76,12
17,0,17,27.8,0,1,2,7,3
16,4,16,31.0,1,1,2,20,3
16,6,16,20.4,1,0,17,11,18
11,6,11,7.4,0,0,1,18,2
19,6,19,21.2,1,0,52,23,6
23,0,23,19.3,0,0,3,5,0
7,6,7,9.0,1,1,2,23,2
7,6,7,7.8,0,0,26,47,10
23,5,23,23.2,1,1,2,11,4
20,1,20,24.4,1,1,0,2,0
8,5,8,19.3,1,0,2,18,2
22,3,22,9.7,0,0,11,25,6
20,2,20,15.8,0,1,7,75,42
19,4,19,11.1,1,0,0,40,0
11,1,11,18.1,1,1,2,19,4
21,0,21,11.9,0,1,2,3,3
11,5,11,24.7,0,0,0,15,0
23,6,23,18.3,1,1,18,31,4
23,1,23,12.6,1,1,2,48,4
11,0,11,15.8,0,0,2,7,2
12,6,12,25.1,1,1,2,3,3
15,3,15,32.4,1,0,7,34,16
11,4,11,11.1,1,1,2,13,2
16,0,16,18.0,1,0,2,18,2
23,0,23,19.3,1,0,1,2,0
22,5,22,24.7,0,0,0,3,0
21,3,21,17.7,1,1,0,0,0
21,6,21,7.5,1,0,1,9,1
18,2,18,17.4,0,0,2,10,3
8,3,8,8.2,1,0,2,40,2
16,3,16,25.9,1,1,2,28,2
6,0,6,14.8,1,1,2,2,2
6,3,6,7.0,0,0,2,11,4
13,6,13,30.7,1,1,0,36,0
14,6,14,18.4,0,0,2,13,3
13,1,13,24.0,0,1,0,3,1
11,5,11,25.0,1,1,0,36,0
1,6,1,7.8,1,0,16,20,3
16,0,16,30.5,1,1,9,41,22
23,3,23,16.4,0,1,3,5,0
14,6,14,12.2,0,0,0,14,0
5,5,5,8.0,1,0,1,44,1
12,3,12,25.6,1,1,1,42,2
8,1,8,8.9,1,1,2,13,2
11,4,11,26.0,1,1,2,0,3
0,5,0,8.9,0,0,5,23,5
3,6,3,2.3,0,0,3,5,13
3,6,3,7.9,0,0,2,50,3
15,6,15,12.0,0,0,2,7,3
18,4,18,27.6,0,1,0,9,1
20,2,20,10.1,0,0,6,18,6
10,1,10,24.6,1,0,2,14,3
11,2,11,22.0,1,1,2,20,13
19,0,19,27.9,1,1,2,7,2
16,5,16,19.1,1,0,2,26,4
23,0,23,19.3,1,0,6,18,6
23,2,23,9.3,0,0,2,10,3
13,1,13,27.2,1,1,2,6,2
18,4,18,19.9,1,0,2,13,3
22,1,22,13.4,0,1,2,7,2
17,0,17,34.7,1,1,1,2,0
12,5,12,14.0,0,0,2,12,3
13,0,13,18.9,1,1,2,27,3
14,0,14,19.1,1,0,16,134,0
23,3,23,14.1,1,1,31,40,34
8,2,8,14.5,1,1,2,10,13
13,3,13,14.2,1,0,0,28,0
6,5,6,12.7,0,0,21,23,5
19,1,19,21.1,1,0,6,18,6
13,6,13,28.5,0,1,2,13,3
13,0,13,27.9,1,1,0,23,0
22,1,22,13.2,0,0,11,25,6
10,1,10,19.7,1,1,2,2,3
16,6,16,30.8,1,1,1,13,2
15,5,15,30.8,1,1,2,52,2
2,1,2,11.5,0,0,2,6,3
12,6,12,28.1,1,1,0,13,0
1,6,1,3.7,1,0,0,23,1
22,2,22,14.8,0,0,6,18,21
21,2,21,18.7,0,0,2,20,13
20,3,20,24.0,1,1,1,2,1
8,4,8,18.6,1,1,2,15,3
16,1,16,33.4,1,1,2,23,2
10,2,10,15.0,1,1,2,13,2
0,0,0,11.5,0,0,1,8,1
6,5,6,14.8,0,1,2,31,13
10,1,10,19.7,1,1,0,36,0
8,0,8,13.8,1,1,2,44,2
21,5,21,26.1,0,0,1,42,0
4,0,4,2.1,1,0,11,25,6
11,0,11,9.8,1,0,2,0,3
10,2,10,24.3,1,1,0,21,0
23,5,23,12.4,0,0,2,18,2
11,5,11,10.3,1,0,16,20,3
20,4,20,22.0,1,1,2,14,2
9,5,9,21.1,1,0,2,19,4
22,2,22,13.1,0,0,16,20,3
21,1,21,22.5,0,1,2,9,2
18,3,18,32.3,0,1,0,9,0
15,5,15,27.6,1,1,3,5,0
16,0,16,30.6,1,1,1,8,2
19,2,19,27.4,0,0,9,6,58
18,5,18,29.8,0,1,0,9,0
14,6,14,30.8,1,1,2,8,3
15,5,15,20.8,1,1,2,10,3
17,6,17,32.7,1,1,9,13,19
0,5,0,19.2,1,0,0,20,0
23,3,23,19.7,0,0,0,2,0
21,2,21,11.9,0,0,1,14,0
15,6,15,30.2,0,1,1,13,0
21,0,21,21.9,1,1,1,9,0
15,5,15,21.8,1,1,0,21,0
12,6,12,28.3,1,1,2,8,3
21,3,21,5.6,0,0,0,40,0
21,1,21,23.3,1,0,2,1,2
22,3,22,19.4,0,1,2,7,3
8,0,8,15.0,1,1,2,15,2
15,4,15,33.9,1,1,2,52,20
12,5,12,30.0,0,0,1,14,2
21,6,21,24.2,0,0,2,6,3
12,2,12,30.1,1,1,12,23,4
14,1,14,28.2,1,1,2,14,2
16,6,16,22.9,1,0,1,58,2
15,4,15,30.7,1,1,28,46,14
20,6,20,23.9,1,1,1,18,0
20,5,20,15.5,0,0,2,6,3
11,5,11,21.6,1,0,0,9,1
18,0,18,25.3,1,1,2,6,2
21,2,21,22.4,1,1,20,33,5
19,0,19,22.1,0,0,0,9,1
12,3,12,24.5,1,1,2,3,3
10,3,10,21.8,1,1,2,27,3
16,5,16,33.5,1,1,0,13,0
13,3,13,30.9,1,1,6,18,6
8,6,8,18.4,1,1,16,20,3
13,2,13,29.0,0,1,2,20,2
9,4,9,20.4,1,1,2,7,2
6,0,6,7.2,0,0,2,23,3
15,6,15,29.7,1,1,2,14,2
7,4,7,10.4,1,1,2,12,2
14,6,14,29.2,1,0,7,69,17
16,0,16,31.4,1,1,2,6,3
19,5,19,10.4,0,0,2,14,3
23,2,23,13.8,1,1,2,48,13
11,6,11,23.8,0,0,2,0,2
9,1,9,20.6,1,0,21,11,5
13,5,13,12.2,0,0,3,5,15
10,3,10,22.2,1,1,2,21,2
12,5,12,30.0,1,3,9,82,28
8,0,8,12.8,1,1,2,15,2
11,6,11,10.8,1,0,11,25,11
5,4,5,7.5,1,0,2,6,2
17,1,17,14.4,1,1,7,142,80
12,6,12,28.1,1,1,2,20,3
12,4,12,24.5,1,1,2,20,3
7,2,7,11.3,1,1,3,5,13
16,4,16,28.7,1,1,2,13,2
23,0,23,19.1,1,1,2,68,13
14,1,14,20.8,0,0,1,20,0
10,3,10,22.1,1,1,0,0,0
15,1,15,28.1,1,1,12,23,4
8,5,8,12.1,1,1,2,23,3
11,1,11,23.6,0,1,2,2,2
21,3,21,24.9,1,1,2,23,2
16,1,16,32.0,1,1,2,20,3
7,4,7,9.2,1,1,0,15,0
7,2,7,14.0,1,1,2,0,2
18,5,18,35.2,1,1,2,9,3
11,2,11,27.6,0,1,2,36,2
11,4,11,22.0,1,1,2,21,2
13,1,13,18.7,1,0,2,6,3
0,1,0,13.2,0,0,0,27,0
13,0,13,18.7,0,0,1,20,0
17,0,17,32.8,1,1,2,2,3
7,0,7,6.0,1,0,0,15,0
22,5,22,17.9,1,1,13,53,8
17,4,17,29.9,1,1,2,20,4
18,0,18,24.1,0,0,1,44,1
2,3,2,14.8,0,0,0,18,2
12,6,12,13.5,1,0,2,3,3
23,2,23,17.9,1,1,13,53,8
4,5,4,-1.1,1,0,11,25,6
23,6,23,6.7,1,0,2,68,4
10,4,10,19.9,0,1,2,0,3
10,1,10,9.7,1,0,1,0,2
22,2,22,20.4,0,0,2,50,2
9,1,9,23.1,1,1,2,2,3
19,4,19,29.0,1,1,0,2,0
22,0,22,19.7,0,1,2,19,4
20,5,20,12.2,1,0,2,23,2
12,4,12,19.9,0,1,2,12,2
10,0,10,15.3,1,1,0,9,1
12,6,12,11.2,1,0,10,24,10
1,4,1,16.2,1,0,5,11,5
6,1,6,15.4,1,1,2,0,3
7,4,7,14.7,1,1,4,10,15
7,2,7,13.1,1,1,2,9,3
10,6,10,20.8,1,1,1,8,1
16,2,16,18.2,1,1,3,5,0
23,0,23,13.5,0,0,0,6,0
19,5,19,17.3,0,1,0,9,1
4,6,4,6.5,1,0,8,11,8
18,0,18,15.9,0,3,0,9,1
6,1,6,11.8,1,1,4,10,2
3,2,3,3.5,0,0,4,10,2
17,5,17,33.9,1,1,2,14,2
17,4,17,29.8,0,0,17,20,14
21,3,21,14.3,0,0,2,10,2
17,5,17,15.3,0,0,0,14,1
15,2,15,18.2,0,1,7,71,17
8,3,8,14.7,1,0,2,10,2
16,0,16,30.9,1,1,2,1,2
17,3,17,10.8,1,0,2,18,2
6,5,6,12.8,1,1,0,10,1
17,2,17,29.7,1,1,1,60,0
14,2,14,28.6,1,1,2,21,2
14,5,14,26.9,1,1,6,18,21
17,3,17,13.5,0,0,2,8,3
7,0,7,13.9,1,1,8,11,8
17,0,17,16.8,1,0,2,0,3
12,4,12,28.1,1,1,0,28,0
10,2,10,26.1,1,1,1,60,1
21,5,21,7.6,1,0,13,53,8
13,4,13,25.3,0,1,2,0,3
21,1,21,15.0,1,1,13,53,8
20,4,20,20.6,1,1,2,2,2
7,0,7,2.0,0,0,13,26,10
6,0,6,14.6,1,1,0,0,0
1,1,1,17.2,1,0,3,5,0
17,3,17,33.3,1,1,1,89,0
7,5,7,11.9,1,1,2,1,2
19,2,19,17.1,1,1,2,6,3
23,4,23,19.1,1,1,2,11,13
13,2,13,25.5,1,1,2,8,2
8,1,8,11.6,0,1,6,18,6
23,4,23,19.2,0,1,2,0,3
20,1,20,19.2,0,0,2,2,3
4,6,4,12.7,1,0,2,2,3
10,5,10,22.7,1,1,2,27,2
18,5,18,34.7,1,1,1,8,1
12,6,12,26.0,1,1,0,14,0
9,0,9,17.3,1,1,43,9,30
16,4,16,28.8,1,1,2,15,3
9,1,9,17.8,1,0,7,34,16
20,5,20,23.2,0,0,2,19,4
8,5,8,2.1,1,0,2,20,3
12,4,12,23.1,0,0,52,23,6
20,3,20,27.0,1,1,2,20,2
18,3,18,28.0,0,0,7,34,16
13,3,13,29.5,1,1,13,26,10
0,0,0,8.5,0,0,34,76,12
21,4,21,19.9,0,0,2,23,3
13,3,13,30.9,1,1,0,23,2
13,3,13,29.6,1,1,2,6,3
23,4,23,19.4,0,1,2,0,3
21,2,21,12.6,0,0,0,40,0
16,1,16,25.8,1,0,1,8,0
7,1,7,9.4,1,0,2,6,3
8,4,8,10.6,1,0,2,15,3
15,6,15,29.8,1,1,0,15,0
21,0,21,10.7,1,0,17,11,14
9,4,9,22.6,1,1,1,44,1
13,1,13,25.6,1,1,15,29,4
21,2,21,15.8,0,1,2,8,2
23,0,23,21.1,0,0,1,2,1
19,6,19,25.8,1,1,0,1,0
15,0,15,25.9,1,1,0,21,0
16,2,16,13.2,1,0,2,20,13
22,2,22,8.3,0,0,11,25,6
12,1,12,25.1,0,0,2,10,4
14,0,14,29.5,1,1,2,0,3
19,2,19,22.5,1,1,1,18,0
9,2,9,21.7,0,0,2,2,2
9,3,9,14.2,0,0,2,8,3
22,3,22,21.0,1,1,1,0,1
8,1,8,9.1,1,1,9,16,9
12,4,12,26.1,1,1,47,23,14
11,5,11,12.9,0,0,0,20,0
4,6,4,16.9,0,0,3,5,13
14,6,14,18.3,1,1,1,2,0
17,0,17,25.8,0,0,6,23,26
13,5,13,17.6,1,1,0,28,0
10,1,10,21.7,1,1,2,21,2
10,2,10,21.6,1,1,2,27,2
16,2,16,11.2,1,0,2,20,4
23,0,23,20.7,1,0,9,8,58
19,3,19,14.7,1,1,0,2,0
14,3,14,14.0,0,0,7,34,16
10,1,10,19.6,0,0,2,18,2
14,1,14,31.1,0,0,9,41,19
10,1,10,22.4,1,1,1,36,0
12,6,12,18.4,1,0,7,14,16
17,4,17,30.0,1,1,1,8,1
20,6,20,16.6,1,0,2,23,3
17,5,17,27.9,1,1,2,8,3
18,6,18,31.9,1,1,7,99,37
9,6,9,19.5,1,1,2,8,3
0,4,0,20.4,0,0,2,3,2
9,5,9,14.7,1,0,21,25,5
16,5,16,26.9,1,1,2,8,2
9,5,9,16.0,1,0,2,14,2
6,5,6,14.1,0,1,2,11,13
23,5,23,14.8,1,1,2,11,13
10,1,10,21.1,1,1,2,2,3
23,0,23,19.7,1,0,20,33,5
20,3,20,17.2,0,0,1,14,1
20,0,20,15.8,1,0,2,7,2
10,4,10,21.3,1,1,2,27,2
19,2,19,10.3,0,0,2,13,2
15,6,15,19.2,1,0,7,14,16
21,1,21,7.4,0,0,2,44,2
23,5,23,6.1,0,0,11,25,6
18,6,18,23.0,0,1,0,9,1
17,4,17,11.2,0,0,2,18,2
10,1,10,26.0,1,1,21,11,5
6,6,6,15.5,1,1,0,10,1
21,4,21,22.4,1,1,1,2,2
18,5,18,18.3,1,1,2,5,13
22,3,22,22.3,0,0,2,58,2
13,3,13,19.2,1,1,7,34,16
13,4,13,15.7,0,0,16,20,3
8,0,8,15.2,1,1,1,0,0
13,1,13,20.8,1,0,2,36,2
10,5,10,18.7,0,1,1,40,0
6,2,6,11.4,1,1,2,8,3
8,2,8,13.5,1,1,2,8,3
12,3,12,31.7,1,1,2,28,2
0,4,0,13.9,0,0,11,25,6
6,3,6,5.7,0,0,2,23,3
14,5,14,16.0,1,0,0,28,0
6,6,6,3.9,1,0,2,2,3
15,0,15,31.1,1,1,2,27,2
19,3,19,30.6,1,1,0,1,0
10,4,10,23.9,1,1,2,10,2
8,2,8,15.1,1,1,2,7,2
5,6,5,15.2,1,0,1,3,0
23,3,23,12.7,1,1,0,20,0
17,5,17,18.4,0,1,2,4,4
19,2,19,8.9,1,0,0,18,1
18,5,18,22.4,0,0,2,8,3
11,6,11,23.6,1,1,2,36,2
9,0,9,17.3,1,1,1,44,0
21,2,21,18.7,0,1,0,0,1
23,1,23,8.9,1,0,1,2,0
18,5,18,16.1,1,0,2,15,3
13,6,13,19.4,1,0,0,14,0
23,6,23,14.7,0,0,1,89,1
14,0,14,31.7,1,1,2,15,2
19,5,19,31.2,0,0,2,2,2
19,1,19,18.8,0,0,13,53,8
18,4,18,28.2,0,0,2,40,2
6,3,6,13.3,1,1,1,6,1
12,1,12,13.8,1,0,11,25,11
22,5,22,5.0,1,0,13,26,10
13,1,13,30.6,1,1,2,27,2
13,3,13,33.9,1,1,2,27,2
10,5,10,12.9,1,1,2,0,3
13,4,13,29.0,1,1,23,43,4
17,3,17,31.2,1,1,2,2,3
16,4,16,27.7,1,1,2,6,2
9,2,9,9.6,1,0,1,13,2
12,0,12,27.4,1,1,10,24,23
7,2,7,12.0,1,1,2,9,2
11,6,11,15.6,1,0,0,9,0
6,1,6,5.8,0,0,2,11,4
5,3,5,8.8,1,0,2,2,3
15,5,15,32.1,0,0,6,18,6
13,4,13,31.7,0,1,1,6,0
8,5,8,20.9,1,1,2,5,13
6,0,6,14.3,1,1,4,10,2
6,5,6,8.1,1,1,2,6,2
10,5,10,23.6,1,1,2,13,3
16,6,16,33.5,1,1,2,30,2
11,5,11,17.9,0,0,2,70,4
18,1,18,20.2,0,0,2,10,4
10,0,10,20.3,1,0,7,34,16
20,3,20,26.7,0,0,2,6,2
22,3,22,18.9,0,0,2,19,4
18,3,18,24.9,0,1,0,9,1
22,4,22,21.5,1,1,20,33,5
15,5,15,30.8,1,1,2,10,2
2,0,2,7.6,1,0,17,11,18
13,3,13,26.8,1,1,0,0,1
13,1,13,11.4,1,0,0,23,0
17,2,17,32.0,0,0,2,3,2
22,1,22,18.3,0,0,0,3,0
6,6,6,13.6,1,1,2,0,3
12,1,12,25.4,1,1,2,20,2
9,4,9,14.5,0,1,2,6,3
18,5,18,26.8,1,0,0,27,1
1,4,1,14.2,1,0,2,70,4
8,4,8,6.5,1,0,2,6,2
11,1,11,11.2,1,0,16,20,3
13,2,13,27.9,1,1,0,14,0
0,2,0,18.1,0,0,1,9,2
9,3,9,15.7,1,1,4,10,2
20,2,20,21.5,0,0,2,2,2
11,2,11,23.2,1,1,2,28,2
4,4,4,13.4,0,0,11,25,11
15,0,15,21.9,0,0,7,63,39
12,5,12,20.8,1,1,2,3,3
6,5,6,12.9,1,1,2,6,3
7,5,7,15.2,1,1,0,10,1
23,0,23,21.1,0,0,1,6,1
7,3,7,17.8,1,1,2,36,2
10,4,10,11.5,1,0,2,13,2
13,3,13,31.4,1,1,16,20,2
1,6,1,19.6,0,0,1,8,1
17,4,17,29.9,1,1,0,28,0
9,0,9,15.1,1,1,2,0,3
23,6,23,13.9,1,1,0,20,0
9,2,9,22.4,1,1,4,10,2
9,4,9,21.9,1,1,7,69,17
13,3,13,32.3,1,1,0,23,2
17,1,17,29.2,1,1,2,0,2
7,5,7,14.1,1,1,3,5,13
20,5,20,16.2,1,1,26,47,10
11,2,11,14.6,0,0,2,6,3
1,5,1,13.9,0,0,2,2,3
11,4,11,6.9,1,1,9,39,24
18,2,18,22.9,0,1,2,0,3
6,5,6,14.7,1,1,4,10,2
19,6,19,22.4,1,1,0,15,0
7,0,7,10.9,1,1,2,14,2
18,2,18,32.2,1,1,16,20,3
6,2,6,13.8,1,1,4,10,2
21,5,21,23.0,1,1,2,26,4
16,6,16,30.7,1,1,2,30,2
10,0,10,18.9,0,0,2,8,3
11,3,11,27.7,1,1,0,9,0
0,0,0,16.2,0,0,0,1,1
14,0,14,34.3,1,1,1,6,1
13,1,13,20.3,1,0,0,2,0
11,6,11,24.1,1,1,0,9,1
15,6,15,18.2,1,0,0,0,0
17,4,17,27.6,1,1,1,60,0
7,3,7,13.7,1,1,2,13,2
19,4,19,27.3,1,1,1,18,0
16,1,16,25.8,0,0,2,44,2
4,4,4,17.0,0,0,17,76,14
11,3,11,19.1,1,1,2,28,3
17,2,17,36.2,1,1,7,41,17
14,4,14,27.9,0,0,0,10,1
5,6,5,13.7,1,0,2,27,2
23,4,23,17.3,1,1,6,18,6
18,5,18,32.5,0,0,2,14,3
16,3,16,30.3,0,1,2,12,3
14,4,14,29.2,1,1,0,15,0
11,0,11,25.1,1,1,2,20,3
18,3,18,26.9,0,1,2,36,2
9,1,9,19.3,0,1,0,40,0
17,2,17,13.5,1,0,2,30,3
8,0,8,10.2,0,3,7,34,16
9,0,9,17.9,0,1,2,9,3
3,6,3,15.2,0,0,2,7,2
12,4,12,26.7,1,1,2,23,2
15,2,15,18.4,0,1,2,6,2
11,0,11,17.8,1,1,2,14,2
15,2,15,31.4,1,1,2,3,2
8,1,8,12.6,1,1,2,44,2
9,2,9,19.3,1,1,1,2,0
22,6,22,16.8,1,0,1,6,1
14,6,14,17.3,1,0,2,10,3
6,4,6,12.1,1,1,2,7,2
11,1,11,23.3,0,1,2,6,3
11,2,11,29.0,1,1,0,36,0
19,5,19,12.2,1,1,0,9,0
4,1,4,2.5,0,0,4,10,2
17,0,17,17.7,1,0,16,3,3
21,5,21,10.8,1,0,1,9,1
17,5,17,23.7,0,0,4,10,2
10,5,10,21.3,1,1,2,8,3
6,4,6,12.6,1,1,1,8,0
16,4,16,35.6,1,1,2,15,2
6,5,6,15.5,1,1,2,7,2
22,1,22,9.4,0,0,11,25,6
15,3,15,12.7,1,3,7,126,77
11,2,11,24.3,1,1,2,8,3
4,0,4,14.6,1,0,34,10,12
13,3,13,9.5,0,0,16,44,2
22,6,22,22.7,1,1,2,7,3
17,2,17,31.4,0,0,2,27,2
9,5,9,3.6,1,0,2,6,3
16,2,16,28.7,0,0,9,74,30
14,2,14,19.7,1,1,0,14,0
19,4,19,14.6,1,0,2,0,2
6,6,6,14.3,1,1,0,1,0
2,0,2,7.6,0,0,11,25,6
14,3,14,20.6,0,1,0,21,0
21,2,21,24.6,1,1,0,27,0
13,1,13,31.8,1,1,2,6,2
15,1,15,31.2,1,1,2,13,3
13,5,13,29.1,1,1,2,61,2
9,5,9,21.1,1,1,2,19,4
6,6,6,15.5,1,1,0,1,0
18,5,18,15.2,0,0,2,14,3
6,2,6,13.6,1,1,3,49,15
7,5,7,7.3,1,1,9,6,58
20,4,20,20.2,0,0,1,13,2
20,5,20,16.3,0,1,2,13,3
19,6,19,12.7,1,0,2,2,2
17,4,17,17.3,1,1,1,0,0
9,2,9,19.8,1,1,21,11,5
19,0,19,23.6,1,1,0,18,0
7,2,7,13.9,1,1,2,0,2
17,6,17,16.2,1,0,1,0,1
12,5,12,13.0,1,1,7,38,42
12,6,12,28.9,0,0,7,16,7
20,0,20,12.6,1,0,1,9,2
19,1,19,30.1,1,1,0,18,2
17,5,17,31.9,1,1,2,8,3
17,4,17,31.2,1,1,2,6,2
7,3,7,13.8,1,1,0,2,0
16,3,16,16.8,0,0,0,8,0
10,1,10,18.1,1,1,0,28,1
17,5,17,35.4,1,1,2,13,2
12,1,12,25.7,1,1,0,15,1
17,2,17,29.5,1,1,2,40,2
14,5,14,27.8,0,1,0,0,0
17,1,17,30.4,1,1,2,6,3
18,3,18,32.4,1,1,1,13,0
14,0,14,31.9,1,1,2,10,2
14,1,14,33.3,0,1,0,21,0
12,5,12,25.1,0,0,2,21,2
23,0,23,22.5,1,1,2,48,4
8,1,8,16.3,1,1,2,36,2
17,5,17,26.2,1,1,2,9,3
8,2,8,12.7,1,1,2,0,3
16,1,16,30.4,1,1,2,7,2
17,6,17,32.5,1,1,2,15,3
22,5,22,21.2,1,1,25,62,13
11,4,11,26.5,1,1,7,7,30
8,1,8,8.9,0,0,2,26,4
22,1,22,21.7,1,1,20,33,5
16,0,16,27.7,1,1,2,9,2
11,6,11,10.8,0,1,2,36,2
18,0,18,31.3,1,1,0,27,0
11,6,11,25.4,0,0,0,15,0
16,3,16,30.9,1,1,3,5,0
22,4,22,21.3,1,1,1,0,0
13,3,13,32.1,1,1,1,2,0
17,4,17,26.2,0,0,2,20,3
8,0,8,11.0,1,1,21,11,5
16,6,16,29.8,1,1,2,2,3
7,6,7,7.9,0,0,13,26,10
16,0,16,32.3,1,1,1,6,0
14,4,14,29.8,1,1,0,21,0
18,0,18,10.8,0,0,1,44,0
21,2,21,19.0,1,1,0,0,0
2,5,2,0.5,0,0,11,25,6
1,3,1,18.0,1,0,5,23,5
8,4,8,10.7,1,1,2,6,3
17,2,17,29.7,1,1,2,5,13
19,5,19,26.1,1,1,0,18,2
6,2,6,11.9,1,1,0,10,1
16,6,16,33.5,1,1,0,3,2
8,5,8,17.5,1,1,1,6,1
13,2,13,29.7,1,1,13,26,10
15,2,15,30.3,1,1,3,5,0
22,6,22,21.0,1,1,20,33,5
12,0,12,18.6,1,0,7,34,16
22,3,22,17.6,1,0,2,7,3
22,0,22,25.7,1,1,2,10,0
12,6,12,28.1,1,1,0,3,2
19,1,19,28.8,1,0,2,0,2
8,3,8,10.5,0,1,20,33,5
13,5,13,26.1,1,1,2,36,2
20,0,20,26.2,0,1,0,13,0
16,0,16,34.2,1,1,0,6,0
6,1,6,14.6,1,1,2,8,2
9,0,9,13.4,1,0,6,18,6
4,1,4,9.4,1,0,4,10,2
22,3,22,10.2,0,0,2,8,3
14,2,14,27.9,1,1,2,50,2
5,2,5,15.1,1,0,2,2,3
20,2,20,16.2,1,1,2,7,2
19,4,19,20.5,1,1,2,2,2
15,0,15,26.2,1,1,2,3,3
6,6,6,11.1,1,0,2,0,3
22,6,22,14.0,1,1,18,31,4
15,5,15,30.7,1,1,2,58,2
8,1,8,10.8,1,1,21,11,5
11,2,11,26.0,0,0,0,14,0
12,5,12,22.5,0,0,0,18,2
21,6,21,22.4,0,1,2,13,2
13,6,13,18.6,0,0,16,44,2
23,3,23,22.9,1,1,25,11,13
0,5,0,4.2,0,0,2,6,2
7,3,7,11.3,1,0,2,6,3
22,6,22,16.2,0,0,0,3,0
19,3,19,26.9,1,1,2,6,3
12,5,12,29.0,1,1,1,42,2
18,2,18,27.7,1,0,0,27,0
7,2,7,13.2,1,1,2,23,3
11,3,11,19.0,1,1,2,8,2
16,6,16,30.4,0,0,7,79,28
8,5,8,16.1,1,1,2,14,2
13,1,13,28.1,0,1,2,23,2
14,6,14,17.6,1,0,5,23,5
6,5,6,19.8,1,1,1,9,0
17,1,17,29.6,0,1,2,13,3
5,5,5,1.1,0,0,21,23,5
11,1,11,22.2,1,1,1,13,2
18,6,18,25.9,0,0,0,2,0
19,6,19,21.0,1,3,2,40,0
14,4,14,16.2,0,0,2,18,2
16,2,16,17.5,1,0,1,14,1
11,0,11,13.4,1,0,0,9,1
13,1,13,32.6,1,1,2,28,2
6,0,6,3.6,1,0,2,8,3
6,0,6,12.2,1,1,31,74,34
15,4,15,31.1,1,1,4,10,2
9,5,9,22.4,1,1,2,40,3
15,3,15,34.0,1,1,31,64,40
13,4,13,27.8,0,0,2,14,3
16,3,16,34.4,1,1,2,58,2
14,4,14,17.4,0,0,0,20,0
16,0,16,31.5,1,1,1,3,0
10,3,10,25.2,1,1,9,8,58
12,3,12,9.2,1,0,0,28,0
6,6,6,9.1,1,1,2,8,3
6,1,6,12.1,1,1,2,0,3
22,4,22,21.2,0,0,2,10,3
13,6,13,31.1,0,0,0,6,0
22,4,22,17.6,0,0,0,2,0
7,2,7,12.0,1,1,2,36,2
16,3,16,15.9,1,1,1,14,1
23,3,23,20.7,1,1,2,11,4
22,6,22,15.9,1,0,2,11,13
10,1,10,22.3,1,1,0,21,0
13,3,13,12.9,0,0,2,13,3
14,2,14,28.8,1,1,2,10,2
17,5,17,14.6,0,0,0,8,0
7,3,7,10.6,1,1,2,8,3
9,6,9,20.4,1,1,2,14,2
20,1,20,25.7,1,1,0,1,0
8,4,8,10.2,0,0,14,57,12
8,5,8,16.1,1,1,0,15,1
20,3,20,11.6,1,0,7,2,17
21,5,21,10.9,0,0,2,10,3
16,3,16,17.2,1,0,2,18,2
20,1,20,19.1,1,1,0,0,0
13,3,13,30.7,1,1,0,13,0
13,6,13,29.8,1,1,31,92,33
22,1,22,17.0,0,1,0,2,1
16,4,16,31.1,1,0,2,6,3
19,5,19,10.4,0,0,0,6,1
6,5,6,9.6,1,1,1,6,2
20,3,20,15.2,0,0,2,8,2
11,2,11,24.4,1,1,2,28,3
14,4,14,29.2,1,1,16,20,2
5,4,5,4.9,1,0,4,10,2
17,0,17,27.4,1,1,0,2,0
14,0,14,15.7,0,0,1,2,0
22,0,22,23.2,1,1,19,32,15
21,0,21,18.3,0,0,13,26,10
10,3,10,19.5,0,1,2,2,3
10,4,10,21.6,0,0,7,54,28
11,0,11,24.0,1,1,2,2,3
22,3,22,9.7,1,0,2,1,3
7,6,7,12.6,1,1,1,13,0
22,4,22,13.3,0,0,0,15,1
1,4,1,6.1,0,0,0,9,1
14,6,14,15.5,0,0,2,7,3
6,5,6,8.3,1,1,2,9,2
15,0,15,21.9,1,0,31,15,3
4,0,4,1.8,0,0,21,23,5
12,4,12,30.4,1,1,2,20,2
15,4,15,30.8,1,1,0,13,0
12,1,12,28.5,0,1,2,12,2
16,4,16,13.8,1,0,9,144,28
14,3,14,32.1,1,1,31,64,40
20,0,20,26.1,0,0,2,44,2
23,6,23,20.2,1,1,2,11,13
11,5,11,12.7,1,0,7,14,16
8,5,8,19.8,1,1,2,10,13
23,6,23,8.6,1,0,6,18,6
23,2,23,22.1,1,1,26,47,10
11,5,11,21.6,1,1,0,0,0
9,3,9,6.1,0,0,2,8,2
8,3,8,7.2,1,0,2,19,4
17,6,17,30.0,1,1,6,18,21
16,1,16,30.9,1,1,0,3,2
21,1,21,9.9,0,0,2,13,3
13,2,13,25.6,0,1,0,27,0
12,1,12,22.0,1,1,2,2,3
19,3,19,29.1,0,1,0,15,0
12,4,12,24.3,1,1,10,24,32
19,3,19,16.0,0,0,9,30,25
13,0,13,28.2,1,1,16,3,2
10,1,10,18.2,1,1,0,9,0
15,0,15,34.4,1,1,2,44,2
14,2,14,20.3,0,0,3,5,0
15,3,15,27.9,1,0,0,61,0
15,5,15,28.4,1,1,2,10,3
13,1,13,12.3,0,0,0,3,1
8,0,8,10.2,1,0,0,23,1
11,0,11,26.2,1,1,2,20,2
1,5,1,5.8,1,3,7,0,17
8,1,8,11.0,1,1,2,36,2
8,3,8,8.6,0,0,2,0,3
10,0,10,21.7,1,1,2,8,3
6,6,6,5.3,0,0,2,11,4
15,0,15,22.3,0,0,1,6,0
23,4,23,18.9,1,1,2,11,4
17,2,17,27.1,1,0,7,45,17
11,2,11,21.6,0,1,2,28,2
19,0,19,33.5,1,1,2,7,3
6,1,6,9.6,1,0,1,2,1
15,3,15,25.7,1,1,14,57,12
7,0,7,-2.0,1,0,2,6,2
20,4,20,20.3,0,0,2,44,2
10,5,10,24.5,0,0,1,18,0
10,5,10,17.8,0,1,2,1,3
7,3,7,10.6,1,1,0,0,0
7,4,7,11.5,1,1,2,10,13
15,3,15,29.0,1,1,2,58,3
15,5,15,28.1,1,1,1,9,2
17,2,17,11.9,0,0,2,6,3
18,0,18,23.6,0,1,0,23,0
16,4,16,12.0,1,0,2,13,3
18,6,18,14.4,0,0,2,13,3
14,1,14,30.9,1,1,0,6,0
17,3,17,24.9,0,0,2,6,3
1,0,1,5.2,1,0,17,11,18
12,3,12,27.8,0,0,7,99,43
14,1,14,26.4,1,1,0,13,1
6,4,6,11.0,1,1,2,2,3
12,2,12,27.1,1,1,2,3,2
1,3,1,18.6,0,0,21,11,5
5,6,5,3.8,1,0,1,3,1
15,4,15,30.8,0,0,2,5,13
21,5,21,20.5,1,1,0,10,1
18,3,18,11.7,0,0,0,9,0
20,1,20,19.3,1,1,2,10,3
6,0,6,12.7,1,1,2,6,3
15,1,15,34.9,1,1,1,0,0
18,1,18,16.6,0,0,2,8,2
13,0,13,16.1,0,0,2,8,3
19,0,19,6.7,1,0,0,40,0
19,5,19,24.9,1,1,0,40,0
11,1,11,17.6,0,0,2,83,2
12,3,12,25.5,0,1,2,12,3
11,6,11,12.6,0,0,1,39,1
18,1,18,30.0,1,1,2,13,2
14,4,14,29.4,1,1,2,20,2
15,6,15,30.3,1,1,2,6,2
11,1,11,30.0,1,1,2,11,13
12,2,12,17.5,1,0,0,2,0
12,5,12,23.1,1,0,0,6,1
16,0,16,9.2,0,0,16,20,1
12,5,12,29.4,1,1,10,24,23
20,6,20,25.4,1,1,2,6,3
16,6,16,16.8,1,0,2,0,3
6,4,6,3.3,0,0,21,23,5
6,4,6,15.0,1,1,2,8,3
7,0,7,9.1,1,0,17,11,14
14,4,14,29.1,1,1,0,23,2
13,1,13,29.4,0,1,9,39,17
11,6,11,11.5,0,0,2,2,3
20,5,20,16.9,0,0,2,6,3
9,3,9,18.1,1,1,2,2,3
20,3,20,11.4,0,1,0,13,1
6,3,6,9.9,1,1,2,0,2
19,1,19,28.5,1,1,2,6,2
12,6,12,22.3,0,0,2,22,2
7,6,7,11.2,1,1,1,13,0
6,5,6,8.2,1,1,2,27,3
6,2,6,11.2,1,0,1,6,0
1,3,1,17.5,0,0,2,7,3
14,0,14,29.1,1,1,0,61,0
7,0,7,10.8,1,1,0,9,0
17,4,17,30.0,1,1,2,15,3
22,6,22,21.2,1,1,19,32,15
19,5,19,33.5,1,1,0,2,0
6,1,6,11.8,0,1,2,68,4
6,1,6,14.9,1,1,2,6,3
13,1,13,26.8,1,1,2,28,2
1,1,1,17.7,1,0,13,26,10
13,2,13,11.5,1,0,2,15,3
14,4,14,25.0,1,1,6,18,21
10,6,10,13.0,1,0,2,0,3
11,6,11,10.8,1,0,0,9,0
13,1,13,28.7,1,1,2,13,3
10,2,10,21.6,0,0,9,114,9
13,1,13,22.8,1,0,2,23,2
5,2,5,15.1,0,0,3,5,13
12,6,12,29.1,1,1,0,13,0
6,5,6,11.4,1,1,1,6,1
8,6,8,14.0,1,1,0,14,0
18,1,18,30.4,1,1,9,41,22
18,6,18,26.0,1,1,2,13,2
13,3,13,31.1,1,1,2,2,3
5,6,5,9.2,1,0,4,10,2
14,3,14,28.6,1,1,0,15,1
16,2,16,21.6,0,0,16,3,2
14,6,14,22.9,1,0,7,67,39
3,4,3,13.1,1,0,8,11,8
21,3,21,19.1,0,0,2,23,3
15,4,15,11.6,1,0,2,6,2
19,0,19,14.4,1,0,7,69,17
6,6,6,14.2,1,1,2,0,3
21,5,21,21.4,0,0,2,7,2
13,2,13,20.1,0,1,2,10,4
8,1,8,15.2,1,1,2,44,2
0,1,0,9.2,1,0,0,20,0
19,1,19,20.0,0,0,2,20,4
15,0,15,30.9,1,1,0,13,0
13,6,13,30.9,0,1,0,36,0
10,4,10,7.5,0,0,2,0,3
9,2,9,18.3,1,1,4,10,2
17,6,17,27.2,1,1,6,18,6
18,5,18,17.4,1,1,0,15,0
11,1,11,28.9,1,1,2,11,13
14,4,14,29.4,0,1,2,9,2
18,6,18,31.1,1,1,2,6,3
10,2,10,13.6,0,0,0,6,1
7,2,7,7.5,1,0,2,12,2
19,3,19,23.7,1,1,2,14,3
14,6,14,27.7,1,0,0,27,0
19,0,19,33.5,0,0,7,21,27
23,0,23,21.0,1,1,2,8,2
9,6,9,25.0,1,1,0,9,0
8,4,8,14.8,1,1,1,17,0
16,6,16,30.6,1,1,0,3,2
8,5,8,14.9,1,1,2,8,3
17,1,17,22.8,1,1,7,1,43
1,3,1,10.0,1,0,11,25,6
6,0,6,13.6,1,1,0,6,0
20,3,20,20.5,0,0,2,15,2
12,3,12,26.1,1,1,1,42,0
23,0,23,19.9,1,1,18,31,13
21,5,21,20.0,0,1,2,44,2
6,3,6,7.7,1,1,3,5,0
9,5,9,28.0,1,1,2,19,4
11,1,11,7.9,0,0,2,2,3
14,0,14,13.3,0,0,2,13,3
15,1,15,30.7,1,1,0,14,1
21,0,21,15.0,0,1,2,7,2
18,6,18,16.1,1,1,6,18,6
6,1,6,6.9,1,0,2,9,3
16,6,16,30.7,1,1,2,7,2
21,5,21,8.1,0,0,2,44,2
14,6,14,15.0,1,0,6,18,6
16,0,16,35.4,1,1,1,6,2
21,3,21,20.9,1,1,1,0,2
16,6,16,33.7,1,1,2,2,3
12,5,12,29.8,1,1,0,6,0
12,3,12,28.0,1,1,2,7,3
12,4,12,20.0,0,0,2,15,3
16,4,16,31.5,0,1,2,0,2
13,6,13,23.2,1,1,15,29,4
8,4,8,11.5,1,1,2,8,2
14,3,14,14.0,1,1,0,20,0
7,5,7,11.9,1,1,2,13,3
8,3,8,10.3,1,1,2,44,2
16,5,16,19.6,0,0,2,15,3
18,5,18,35.1,1,1,2,23,2
14,6,14,30.5,1,1,0,28,0
14,5,14,24.7,1,0,2,14,2
8,0,8,13.8,1,1,2,0,3
23,6,23,6.3,0,0,0,9,0
8,0,8,13.8,1,1,2,0,3
19,1,19,12.7,1,0,1,8,0
21,1,21,22.6,0,1,6,18,21
21,1,21,17.7,1,1,25,11,13
16,3,16,13.9,0,1,7,34,16
10,0,10,24.5,1,1,2,8,3
11,3,11,10.4,0,0,2,13,3
7,4,7,13.9,1,1,2,12,2
14,0,14,22.5,0,1,2,9,3
14,2,14,16.3,0,0,1,6,2
20,6,20,14.4,1,1,26,47,10
10,2,10,22.3,1,1,2,0,2
10,5,10,23.3,1,1,6,18,6
13,4,13,30.9,1,1,2,23,2
20,3,20,19.6,0,0,0,15,0
19,0,19,29.5,1,1,16,20,3
20,4,20,24.9,0,0,2,14,2
13,2,13,24.8,0,0,0,27,0
23,4,23,17.5,1,0,2,68,4
5,2,5,11.2,0,0,21,23,5
16,1,16,17.2,1,0,2,0,3
14,1,14,30.7,1,1,2,10,2
22,1,22,13.3,0,0,13,53,8
0,3,0,8.4,1,0,19,32,15
18,5,18,14.3,0,0,0,28,0
14,1,14,29.6,1,1,6,18,6
20,5,20,8.7,0,0,2,6,2
10,6,10,28.2,1,1,1,36,0
10,0,10,6.8,1,1,9,0,24
21,2,21,21.4,1,1,25,11,13
8,4,8,19.8,1,1,2,6,3
9,6,9,18.5,1,1,1,44,1
19,5,19,28.1,1,1,2,20,2
19,0,19,12.1,0,0,2,9,2
15,4,15,29.5,0,1,2,13,3
18,2,18,26.8,1,0,2,0,3
0,0,0,13.2,0,0,17,11,5
19,3,19,26.7,1,1,2,14,2
2,4,2,10.6,0,0,34,76,12
13,5,13,29.3,0,1,2,18,2
23,6,23,19.7,1,1,18,31,4
8,2,8,12.2,1,1,2,3,2
20,3,20,12.1,0,0,2,19,4
21,5,21,14.1,1,1,2,1,2
8,2,8,17.3,1,1,2,2,2
18,6,18,31.0,1,1,2,15,2
19,6,19,30.1,0,1,0,61,0
12,3,12,19.2,1,1,0,3,2
11,0,11,20.6,0,0,0,18,0
6,4,6,15.3,1,1,0,10,1
14,4,14,33.9,1,1,31,92,33
6,5,6,13.1,1,1,2,0,2
14,6,14,30.9,1,1,7,14,19
20,5,20,22.5,0,1,0,28,0
17,1,17,30.4,1,1,2,20,4
17,2,17,30.2,0,1,1,2,1
5,5,5,-0.7,0,0,2,5,13
8,4,8,11.3,1,1,2,10,3
14,5,14,33.9,1,1,2,0,3
8,5,8,20.3,0,1,26,47,10
23,2,23,17.4,0,0,6,23,6
9,2,9,21.0,1,1,21,11,5
11,5,11,8.6,1,0,2,9,2
9,2,9,25.1,1,1,1,2,1
12,0,12,11.9,1,0,2,18,2
6,0,6,7.3,1,0,0,6,0
13,5,13,20.8,1,0,2,14,2
13,3,13,14.1,1,3,7,34,43
13,6,13,30.6,1,1,23,43,4
10,1,10,27.0,1,1,2,12,2
15,5,15,26.7,1,1,1,2,0
5,6,5,8.1,0,0,4,10,2
11,3,11,22.4,1,1,2,8,2
11,4,11,24.2,0,0,0,14,0
9,1,9,27.0,1,1,0,21,0
11,6,11,18.9,0,1,17,20,18
19,3,19,23.2,1,1,1,2,0
17,6,17,27.5,1,1,2,6,2
6,2,6,11.8,1,1,4,10,2
16,4,16,25.1,1,0,2,23,2
19,6,19,25.7,0,1,2,12,3
10,1,10,24.6,1,1,2,30,2
16,3,16,34.1,1,1,2,6,3
15,6,15,16.7,1,0,0,13,0
7,3,7,14.3,1,1,16,20,3
11,5,11,23.6,0,1,2,9,2
15,1,15,30.9,1,1,2,14,3
11,1,11,26.0,0,1,2,70,4
17,5,17,16.0,0,1,7,88,16
21,6,21,21.2,1,1,4,10,2
18,0,18,24.0,1,0,4,10,4
10,3,10,23.8,1,1,2,30,2
21,1,21,17.3,1,1,1,0,0
8,1,8,4.5,1,1,7,88,17
9,3,9,23.0,0,0,5,76,5
11,4,11,16.0,1,0,2,20,2
22,3,22,16.0,1,0,2,9,3
14,1,14,27.8,1,1,0,8,0
14,6,14,18.1,1,0,2,0,3
10,2,10,24.0,0,1,0,18,0
15,4,15,30.7,1,1,2,44,2
20,5,20,21.8,0,0,11,25,11
17,2,17,30.6,1,1,2,8,2
11,5,11,24.6,1,1,7,45,17
12,0,12,21.2,1,1,32,67,35
21,2,21,26.1,1,1,0,27,0
22,4,22,15.1,1,0,8,11,97
17,3,17,31.7,0,1,7,34,16
19,5,19,10.3,1,0,2,26,4
3,2,3,12.1,0,0,11,25,6
9,2,9,10.2,1,0,16,20,3
15,3,15,24.7,0,0,7,34,16
8,1,8,13.4,1,1,0,9,0
21,3,21,8.8,1,0,2,10,3
16,5,16,21.1,1,0,2,20,4
13,2,13,11.7,0,0,2,8,3
15,0,15,32.9,1,2,7,69,17
17,2,17,30.5,0,1,16,20,3
19,1,19,25.5,1,1,0,6,0
11,4,11,24.7,1,1,0,9,1
20,2,20,15.0,0,0,2,13,3
16,3,16,12.4,1,0,2,28,2
15,0,15,28.9,1,0,9,63,28
19,3,19,29.6,1,1,0,8,1
6,3,6,11.1,1,1,2,6,3
6,0,6,12.7,1,1,0,0,0
13,5,13,29.4,1,1,31,7,33
10,1,10,22.5,1,1,0,9,0
7,2,7,11.4,1,1,2,9,3
8,5,8,16.0,1,1,2,13,2
11,3,11,26.8,1,1,2,28,2
15,3,15,31.6,1,1,4,10,2
7,3,7,14.1,1,1,0,6,0
13,5,13,13.2,0,0,0,10,1
14,1,14,33.7,0,1,2,21,2
6,6,6,12.1,1,1,2,77,2
14,1,14,29.7,1,1,6,18,6
1,6,1,19.8,1,0,5,10,5
8,3,8,9.4,1,1,2,14,2
10,6,10,27.3,1,1,0,15,0
14,0,14,31.6,1,1,1,16,0
19,3,19,9.3,0,0,2,8,2
10,3,10,22.9,1,1,2,10,2
11,1,11,10.6,0,0,0,6,0
14,3,14,32.3,0,0,0,3,2
6,5,6,7.6,1,0,21,25,5
12,6,12,12.2,0,0,16,20,3
19,0,19,29.3,1,1,0,18,0
15,1,15,28.3,0,0,17,20,18
22,2,22,17.6,1,1,25,11,23
10,6,10,25.2,1,1,0,15,0
16,6,16,15.7,0,0,16,3,0
8,5,8,17.4,1,0,2,13,2
8,6,8,20.8,1,1,2,14,2
11,2,11,20.1,1,1,2,14,3
10,6,10,15.1,0,0,0,6,1
11,6,11,27.3,1,1,0,9,1
9,3,9,21.0,0,0,13,26,10
1,2,1,3.1,1,0,5,11,5
8,5,8,12.1,1,1,2,30,3
16,6,16,33.5,1,1,1,2,2
14,2,14,19.7,1,1,0,21,0
18,3,18,26.1,0,1,31,64,40
12,3,12,10.6,1,0,0,2,1
14,2,14,27.5,0,0,7,39,39
23,2,23,19.3,0,0,11,25,6
18,2,18,29.7,1,1,2,2,3
6,6,6,3.6,0,0,26,47,10
6,5,6,10.6,1,1,2,8,3
18,5,18,25.3,0,0,2,12,3
22,3,22,14.1,0,0,2,3,3
8,3,8,9.1,0,0,2,26,4
6,4,6,2.8,1,0,1,2,1
1,5,1,5.3,1,0,72,131,5
20,4,20,25.9,0,1,1,89,0
16,3,16,30.0,0,0,0,14,0
23,5,23,17.1,0,0,11,25,6
22,5,22,22.5,1,1,2,6,3
21,1,21,27.2,0,1,2,0,2
21,1,21,23.2,0,1,2,6,3
15,3,15,12.6,1,3,7,126,77
9,2,9,21.8,1,1,0,8,0
15,6,15,33.9,1,1,0,28,0
21,4,21,21.8,1,1,20,33,5
14,2,14,30.0,1,1,1,6,2
22,2,22,26.7,0,0,0,3,2
10,1,10,11.9,1,0,0,28,0
15,6,15,19.7,1,0,16,44,2
14,0,14,24.5,0,0,0,20,0
13,6,13,30.4,1,1,2,50,2
12,2,12,19.9,1,0,7,28,44
18,5,18,30.1,1,1,0,27,0
3,5,3,15.6,0,0,2,7,2
0,0,0,14.8,1,0,18,31,4
18,2,18,11.4,0,0,0,2,0
18,1,18,18.4,1,0,0,14,0
0,0,0,18.7,1,0,2,11,13
13,2,13,22.7,0,0,2,2,3
18,0,18,7.8,1,0,2,9,2
9,2,9,19.4,1,1,1,44,1
12,3,12,27.3,1,1,7,88,17
9,2,9,18.8,1,1,0,8,0
16,6,16,19.8,1,1,2,9,2
9,2,9,20.1,1,1,9,95,48
19,4,19,11.3,0,0,0,9,1
9,4,9,8.3,0,0,5,58,5
20,3,20,26.2,1,1,2,20,2
10,1,10,17.2,1,1,2,7,3
13,5,13,25.1,0,0,0,20,0
21,6,21,23.2,1,1,4,10,2
16,6,16,30.7,1,1,2,15,3
9,4,9,21.9,0,0,2,6,2
12,6,12,29.2,1,1,2,6,2
16,1,16,25.3,1,1,2,15,3
13,2,13,15.0,0,0,2,13,3
1,2,1,9.7,1,0,2,70,4
15,2,15,33.3,1,1,2,0,2
12,2,12,19.2,1,1,0,6,0
10,0,10,12.6,1,0,17,11,18
16,3,16,29.9,1,1,0,14,1
12,6,12,28.3,1,1,2,23,2
21,6,21,10.5,0,0,2,18,2
8,4,8,15.1,1,1,0,20,0
6,4,6,10.6,1,1,2,6,2
11,0,11,26.4,1,1,2,14,2
17,3,17,28.8,0,0,7,6,27
15,5,15,31.3,1,1,16,20,3
4,1,4,9.7,1,0,2,6,3
7,4,7,15.0,1,1,0,6,0
4,5,4,1.7,1,0,11,25,6
17,1,17,29.8,1,1,2,8,2
8,4,8,12.4,1,1,0,9,0
6,4,6,12.7,0,0,2,48,4
18,5,18,28.2,1,1,2,13,3
7,4,7,5.5,1,0,8,5,8
16,3,16,30.8,1,1,4,10,5
8,0,8,14.3,1,1,1,0,0
0,5,0,19.3,1,0,2,5,13
14,5,14,15.7,0,0,0,21,0
17,2,17,7.3,0,0,2,21,2
14,1,14,27.7,1,1,6,18,6
16,2,16,31.2,1,1,2,23,2
18,1,18,16.2,1,0,4,10,4
21,2,21,24.4,0,1,0,9,0
12,2,12,16.9,1,1,2,23,2
14,6,14,30.9,1,1,15,29,4
21,4,21,13.3,0,1,2,13,3
17,0,17,28.9,0,0,2,10,3
12,5,12,27.2,1,1,0,6,0
16,5,16,30.9,1,1,0,3,2
22,3,22,7.9,0,0,2,19,4
6,6,6,14.7,1,1,0,0,0
8,6,8,14.9,1,1,0,28,0
16,1,16,30.0,1,1,1,2,0
20,4,20,13.5,0,0,2,40,2
14,4,14,20.7,1,0,15,29,4
11,5,11,10.0,1,0,9,39,28
21,0,21,21.2,1,0,0,8,0
19,5,19,14.1,0,0,2,13,2
7,0,7,13.5,0,1,1,0,0
17,3,17,31.9,1,1,0,2,0
21,3,21,23.2,0,1,1,14,2
14,2,14,31.2,1,1,0,2,0
12,1,12,14.7,0,0,43,39,59
9,2,9,8.9,0,0,2,2,3
14,4,14,15.0,1,0,61,39,79
16,5,16,25.7,0,0,5,23,5
11,4,11,25.7,1,1,2,40,3
23,4,23,17.6,1,1,1,0,0
11,5,11,13.7,1,1,0,9,0
10,0,10,9.8,0,0,0,2,0
7,1,7,9.9,1,1,7,15,47
13,2,13,33.6,1,1,7,21,47
16,4,16,30.9,1,1,0,3,2
18,3,18,30.2,1,0,1,2,0
17,3,17,24.8,1,1,2,23,3
20,1,20,22.6,0,0,0,40,0
19,6,19,31.8,1,1,1,9,0
11,3,11,23.2,1,1,2,13,3
8,0,8,18.7,0,1,25,11,23
15,2,15,30.5,1,1,3,5,0
23,6,23,12.8,0,0,0,9,0
14,1,14,29.7,0,1,0,16,0
13,2,13,14.8,0,0,1,2,1
9,5,9,19.9,1,1,4,10,2
14,5,14,21.6,1,1,3,5,0
13,2,13,28.1,0,1,2,4,4
6,0,6,13.6,1,1,2,2,3
13,3,13,29.0,1,1,2,8,2
9,3,9,17.1,1,1,0,15,0
10,2,10,24.6,1,1,2,0,3
8,6,8,16.8,1,1,31,7,34
10,3,10,17.2,1,1,2,28,2
16,5,16,32.4,1,1,0,28,0
13,6,13,28.4,1,1,2,27,2
17,3,17,33.6,0,0,7,34,16
19,6,19,19.1,1,0,2,7,3
19,4,19,23.9,0,1,2,0,3
23,6,23,19.6,0,1,0,8,0
14,6,14,33.7,1,1,2,10,2
20,0,20,11.6,0,0,1,2,0
14,2,14,27.7,0,1,2,12,2
13,2,13,30.7,1,1,0,23,2
8,0,8,16.6,1,1,2,6,3
16,0,16,32.6,1,1,4,10,5
19,2,19,20.9,1,1,2,2,2
21,3,21,18.9,1,1,4,10,2
20,1,20,13.9,1,0,2,6,3
16,0,16,29.4,1,1,9,160,9
9,5,9,17.8,1,1,2,80,4
10,0,10,22.5,1,1,2,14,2
10,6,10,17.2,1,0,0,9,1
14,1,14,29.9,0,0,2,2,3
8,3,8,15.0,1,0,1,2,1
16,4,16,12.0,1,0,2,6,2
15,3,15,15.7,1,1,7,34,16
9,0,9,18.1,1,1,2,5,13
5,4,5,13.0,0,0,2,7,3
18,2,18,24.7,1,1,0,2,0
8,1,8,8.8,1,1,2,15,3
9,1,9,24.5,1,1,2,31,4
18,5,18,25.2,1,0,2,18,2
11,1,11,28.4,1,1,2,6,3
19,4,19,34.1,0,0,2,15,2
11,5,11,11.9,0,0,1,40,0
9,2,9,20.4,1,1,2,19,13
12,5,12,11.1,1,0,2,3,3
11,1,11,21.6,1,1,2,9,2
8,0,8,15.0,1,1,2,0,2
15,5,15,20.3,1,1,2,8,2
16,0,16,31.2,1,1,0,14,1
8,4,8,7.5,0,0,12,23,4
23,4,23,17.2,0,1,0,10,0
19,5,19,24.4,1,1,1,27,0
16,5,16,21.6,1,0,2,6,3
22,4,22,12.1,1,1,25,11,13
13,5,13,13.7,0,0,6,18,6
13,3,13,33.2,1,1,13,26,10
10,6,10,24.3,0,1,2,20,4
14,6,14,27.3,1,1,0,61,0
16,1,16,31.3,1,1,0,6,0
16,5,16,28.2,1,1,2,6,3
14,0,14,16.8,1,0,6,18,21
18,6,18,28.8,1,1,2,18,2
3,6,3,12.7,1,0,8,11,8
17,4,17,34.4,1,1,2,2,3
14,2,14,19.7,0,0,0,10,1
23,0,23,5.8,0,0,2,20,2
7,2,7,11.9,1,1,2,16,2
2,3,2,6.3,0,0,4,10,2
19,3,19,23.0,1,1,2,50,2
9,0,9,19.5,0,1,43,6,30
22,3,22,19.5,0,0,2,8,3
15,5,15,27.8,1,1,2,52,2
18,2,18,31.1,0,0,0,2,0
13,3,13,29.4,1,1,9,39,24
15,3,15,27.1,1,1,2,2,2
21,3,21,16.7,0,0,1,6,0
15,6,15,33.7,1,1,0,15,1
7,5,7,13.7,0,0,2,11,4
17,6,17,16.5,0,0,2,31,13
1,4,1,16.9,0,0,1,2,2
19,2,19,27.5,1,1,0,15,0
7,2,7,11.3,1,1,2,16,2
19,4,19,11.0,1,0,0,1,0
14,4,14,24.4,1,1,6,18,6
18,5,18,16.3,0,0,0,23,0
16,1,16,28.4,1,0,0,13,1
15,0,15,33.1,1,1,3,5,0
16,0,16,31.6,1,1,17,11,18
16,5,16,16.3,1,0,2,8,3
16,1,16,30.0,1,1,2,23,2
21,5,21,21.3,0,1,2,5,13
14,3,14,30.8,1,1,0,0,0
18,5,18,25.9,1,1,2,15,3
10,3,10,21.4,1,1,2,0,2
6,0,6,13.9,1,1,2,2,3
21,1,21,21.3,0,0,1,14,1
2,6,2,11.7,0,0,11,25,6
19,4,19,25.4,1,1,1,18,0
11,4,11,19.9,1,1,2,8,3
21,0,21,18.7,0,0,0,14,1
15,5,15,17.3,0,0,2,6,2
14,6,14,32.2,1,1,2,8,2
11,3,11,11.1,1,0,12,23,4
20,3,20,23.3,1,1,2,0,3
10,2,10,24.2,1,1,2,7,2
6,3,6,2.6,1,0,1,6,1
19,0,19,27.5,1,1,0,1,0
12,1,12,12.4,0,0,2,23,3
14,2,14,19.4,0,1,2,28,2
7,5,7,14.7,1,1,2,23,2
14,1,14,20.1,0,1,7,34,16
13,3,13,31.9,1,1,2,28,2
11,1,11,24.8,0,0,2,83,2
6,6,6,15.3,1,1,2,8,3
19,4,19,19.3,0,1,0,28,1
5,2,5,14.4,1,0,2,3,3
10,4,10,14.0,1,0,8,11,8
22,1,22,21.6,1,1,6,18,6
2,6,2,7.5,0,0,2,3,3
18,4,18,29.3,1,1,0,6,0
8,5,8,11.2,1,1,0,13,0
19,2,19,25.6,1,1,2,14,2
21,4,21,22.2,0,0,0,15,0
6,1,6,4.7,0,0,2,11,4
15,4,15,30.9,1,1,2,3,3
15,3,15,33.2,1,1,0,2,1
17,4,17,15.8,1,1,2,6,3
13,2,13,28.5,1,1,2,0,3
21,0,21,23.8,1,1,1,0,0
23,5,23,6.2,1,0,2,68,13
13,4,13,17.6,0,0,0,21,0
13,6,13,16.3,1,0,2,36,2
18,5,18,26.0,1,0,7,69,17
15,6,15,30.1,1,1,2,14,2
12,4,12,13.4,1,0,9,39,24
17,3,17,12.5,0,1,7,34,36
12,6,12,27.6,1,1,2,6,2
13,0,13,15.4,0,0,1,6,2
6,4,6,12.1,1,1,2,16,2
10,2,10,26.7,1,1,2,10,2
18,2,18,25.6,1,1,2,9,2
21,0,21,23.6,1,0,1,0,0
19,1,19,13.4,1,1,0,40,0
3,4,3,1.6,1,0,7,0,17
15,1,15,14.0,0,0,0,20,1
9,2,9,20.1,1,1,21,11,5
12,4,12,23.8,1,1,2,13,2
13,0,13,17.3,1,0,2,14,3
5,6,5,3.1,0,0,2,10,3
8,5,8,13.6,1,1,1,13,1
18,1,18,26.1,1,1,2,13,3
15,0,15,30.3,1,1,2,10,2
11,6,11,16.7,1,1,9,6,58
8,5,8,14.5,1,1,2,40,2
13,2,13,23.7,1,0,16,20,2
10,2,10,11.5,0,0,2,2,3
12,5,12,25.3,0,0,16,20,3
15,2,15,28.3,0,0,2,28,2
19,1,19,24.9,1,1,2,1,3
21,4,21,16.9,1,0,2,8,2
15,5,15,30.9,1,1,2,58,2
6,6,6,8.9,0,0,2,11,4
16,6,16,15.4,1,0,4,10,4
6,4,6,10.9,1,1,1,6,1
14,6,14,30.1,1,1,2,9,3
23,5,23,19.2,1,1,18,31,13
17,3,17,13.8,1,0,0,6,1
10,6,10,11.9,0,0,2,6,3
17,1,17,26.5,1,1,2,14,2
15,6,15,19.4,1,0,2,27,3
8,4,8,11.6,1,1,2,8,2
18,2,18,29.8,0,1,0,9,0
14,3,14,12.8,1,0,9,79,28
13,0,13,9.7,0,0,0,10,2
23,3,23,15.7,1,0,16,20,3
22,5,22,12.1,0,0,17,76,14
10,2,10,21.1,1,1,2,14,3
9,6,9,12.1,1,0,2,65,4
13,2,13,29.6,1,1,0,9,0
12,1,12,27.1,1,1,2,14,2
11,3,11,24.2,1,1,2,21,2
20,1,20,10.5,0,0,13,26,10
13,5,13,21.7,1,1,1,13,2
13,3,13,19.6,1,1,2,14,3
10,2,10,19.5,1,1,0,21,0
10,3,10,21.5,1,1,1,6,1
10,1,10,10.0,0,0,2,1,3
23,2,23,17.9,1,1,17,11,14
12,3,12,8.8,1,1,7,74,7
7,1,7,11.9,1,1,2,12,3
17,4,17,12.0,0,0,2,31,13
3,2,3,14.5,1,0,27,23,5
12,6,12,13.2,1,0,1,6,0
19,6,19,30.4,1,1,0,18,0
17,2,17,13.2,1,3,7,82,28
7,0,7,13.7,1,1,2,2,2
8,4,8,12.2,1,1,2,0,3
8,1,8,13.4,1,1,2,7,3
8,4,8,15.2,1,1,0,15,0
6,6,6,15.2,1,1,2,7,2
19,3,19,21.4,1,0,7,34,16
11,3,11,19.1,0,0,2,8,2
13,2,13,14.9,0,0,4,10,5
14,1,14,25.9,1,1,67,9,89
15,0,15,27.3,0,0,2,8,2
1,3,1,17.0,0,0,2,1,2
7,5,7,15.2,1,1,2,0,3
15,1,15,19.8,0,0,1,20,2
8,6,8,12.4,1,1,2,10,13
9,0,9,18.5,1,1,2,31,13
9,6,9,16.8,0,1,2,0,3
15,4,15,30.5,1,1,7,69,17
20,3,20,12.3,1,0,0,18,0
16,5,16,34.2,1,1,2,23,2
19,2,19,21.8,0,0,17,11,14
7,3,7,5.8,1,1,2,14,3
15,4,15,19.2,1,0,0,10,0
13,3,13,28.4,1,1,2,0,2
9,3,9,22.6,0,0,9,39,59
22,0,22,19.1,1,1,20,33,5
13,6,13,29.3,1,1,2,50,2
9,5,9,11.7,1,1,2,8,2
11,6,11,11.3,1,0,2,13,3
18,5,18,26.3,1,0,2,6,3
19,5,19,25.4,0,1,0,13,1
13,0,13,20.4,1,0,0,13,0
17,3,17,30.3,1,0,7,34,16
19,6,19,30.4,1,1,0,7,0
8,5,8,13.0,1,1,1,40,2
15,6,15,26.1,0,1,1,0,2
20,2,20,29.2,1,1,0,15,0
11,4,11,16.2,0,0,2,13,2
5,3,5,14.1,1,0,2,1,3
6,3,6,15.0,1,1,2,8,2
11,4,11,25.1,1,1,2,11,13
9,2,9,18.3,1,1,2,31,13
20,3,20,23.0,1,0,0,15,0
13,4,13,31.8,1,1,2,50,2
13,4,13,15.8,1,1,6,18,21
18,2,18,7.0,1,0,16,20,2
21,5,21,28.4,1,1,44,39,63
18,5,18,8.2,1,0,2,2,3
11,4,11,26.1,1,1,2,20,4
22,2,22,19.7,1,1,5,20,5
18,2,18,12.2,1,0,1,0,0
11,2,11,22.8,1,1,2,14,2
21,5,21,23.3,1,1,2,26,4
6,2,6,6.1,1,1,2,0,3
18,5,18,16.2,1,1,2,7,2
22,5,22,17.8,1,1,25,11,13
12,3,12,27.0,1,1,0,8,0
11,6,11,11.5,0,0,2,13,2
13,6,13,27.5,1,1,1,14,0
18,2,18,24.5,0,0,1,0,0
22,2,22,26.8,1,1,25,11,13
10,6,10,10.3,0,0,2,13,3
21,6,21,17.4,0,0,2,3,2
14,2,14,33.1,1,1,0,14,0
13,0,13,28.4,0,0,1,14,2
11,6,11,13.2,0,0,2,1,2
10,1,10,21.3,1,1,2,30,2
18,0,18,27.1,1,1,2,23,2
19,3,19,25.1,1,1,1,18,0
11,1,11,24.8,0,0,2,13,2
22,0,22,16.4,0,2,0,27,0
21,0,21,25.6,0,0,1,8,2
16,4,16,33.8,1,1,2,8,3
20,4,20,9.5,1,0,2,23,3
19,0,19,9.2,0,0,2,2,3
19,2,19,22.4,1,1,2,50,2
11,2,11,9.8,0,0,1,6,1
12,2,12,22.7,1,1,0,6,0
3,2,3,10.9,0,3,5,11,5
12,2,12,28.0,0,1,2,12,2
10,3,10,18.4,1,1,0,15,1
16,6,16,30.2,1,1,2,15,3
8,6,8,17.3,1,1,2,6,3
15,3,15,25.5,0,0,2,30,3
19,5,19,19.8,0,0,16,20,3
6,4,6,11.0,1,1,1,2,1
9,6,9,22.7,1,1,2,31,13
14,3,14,26.0,1,1,1,8,1
7,3,7,13.3,1,1,2,13,3
18,0,18,11.2,0,0,0,9,0
9,6,9,21.8,1,1,2,14,2
8,1,8,11.8,1,1,2,18,2
23,3,23,15.5,1,1,2,48,13
9,5,9,21.0,0,0,20,33,5
10,1,10,10.4,1,0,0,28,0
18,1,18,16.2,0,0,0,15,0
14,4,14,30.3,1,1,0,0,0
13,0,13,26.0,1,1,2,18,2
6,0,6,8.5,1,1,2,8,2
13,1,13,31.1,1,1,2,27,2
9,3,9,24.2,0,0,10,24,10
11,5,11,23.2,0,1,2,70,4
6,6,6,12.0,1,1,2,27,3
18,3,18,14.8,1,1,2,14,3
6,4,6,9.7,1,1,2,8,3
12,5,12,26.9,1,1,2,28,2
17,6,17,28.6,1,1,0,8,0
20,0,20,12.4,0,0,2,20,13
17,3,17,33.9,1,1,0,28,0
22,0,22,21.1,1,1,20,33,5
16,5,16,20.3,1,0,2,28,2
10,1,10,21.5,1,1,0,15,0
21,6,21,12.1,0,1,0,44,0
17,2,17,16.2,1,0,4,10,4
11,0,11,26.1,1,1,2,2,3
12,6,12,31.8,1,1,0,0,0
16,1,16,33.8,1,1,2,8,3
10,3,10,9.0,1,0,0,9,0
13,4,13,30.7,1,1,0,23,2
10,0,10,20.8,1,1,9,15,19
19,2,19,9.2,1,0,1,2,0
14,3,14,27.2,0,1,0,0,0
16,2,16,34.9,1,1,2,1,2
20,2,20,10.3,1,0,2,6,2
15,2,15,37.0,1,1,2,3,3
1,0,1,15.3,0,0,2,3,3
20,6,20,10.6,1,0,2,1,2
14,6,14,17.3,1,0,7,40,98
18,1,18,19.1,1,1,2,15,3
11,5,11,24.3,1,1,0,0,0
8,4,8,16.2,1,1,36,46,12
18,4,18,22.9,1,0,17,11,14
13,0,13,29.2,1,0,12,23,4
18,0,18,27.0,1,3,9,82,28
20,5,20,19.6,1,1,0,0,0
12,2,12,29.2,1,1,0,9,0
21,4,21,14.3,0,0,1,17,0
16,5,16,31.8,0,0,2,14,2
10,3,10,21.9,0,1,0,0,0
13,5,13,27.2,1,1,0,36,0
18,4,18,15.0,1,1,16,20,3
11,1,11,22.1,1,0,7,9,27
18,0,18,15.3,0,0,1,44,1
16,3,16,11.3,0,0,1,20,1
13,0,13,26.1,0,1,0,20,0
18,4,18,12.9,1,0,2,14,3
12,0,12,15.1,1,0,0,9,1
16,1,16,36.4,1,1,7,86,17
9,2,9,9.6,1,1,2,21,2
16,0,16,32.9,0,1,2,0,2
1,1,1,17.0,1,0,2,20,2
20,5,20,12.0,0,0,2,10,2
3,1,3,4.0,0,0,3,5,13
10,1,10,12.6,1,0,2,40,2
11,4,11,26.0,1,1,2,11,13
16,0,16,27.9,1,0,2,3,3
16,6,16,29.0,1,1,2,10,4
14,4,14,28.0,1,1,15,29,4
14,4,14,18.4,0,0,1,14,1
16,5,16,28.6,1,1,1,14,1
17,2,17,29.6,1,1,2,23,2
7,4,7,12.5,1,1,2,12,3
14,0,14,12.9,0,0,1,6,2
11,6,11,11.4,1,0,2,11,13
1,5,1,8.9,0,0,2,27,2
16,4,16,20.2,1,0,2,44,3
19,2,19,14.4,1,0,2,9,2
15,0,15,18.6,0,0,0,9,0
16,0,16,31.0,0,1,2,16,2
13,4,13,27.7,1,1,2,50,2
6,3,6,6.2,1,0,2,77,2
9,2,9,22.9,1,1,2,13,2
13,1,13,10.4,1,0,2,0,3
5,5,5,14.0,0,0,11,25,11
13,2,13,29.7,0,0,0,2,0
1,0,1,16.3,1,0,11,25,6
12,1,12,27.7,1,1,0,3,0
18,3,18,15.4,0,0,2,15,2
21,1,21,26.5,1,1,1,9,2
3,3,3,9.2,0,3,2,7,3
13,3,13,28.3,0,0,6,18,20
6,2,6,12.4,1,1,1,6,2
16,6,16,31.0,1,1,2,0,3
6,4,6,12.3,1,1,0,18,0
17,4,17,27.0,1,1,16,3,2
6,6,6,3.2,0,0,25,11,13
9,3,9,14.3,1,1,2,0,2
11,4,11,8.4,0,0,2,13,2
13,6,13,30.0,1,1,2,13,3
11,1,11,18.3,1,1,47,10,14
8,0,8,12.9,1,1,2,15,2
8,0,8,17.1,1,1,2,3,3
7,3,7,13.8,1,1,1,8,2
23,0,23,17.8,1,1,0,8,0
10,0,10,24.2,1,1,1,0,2
6,2,6,12.9,1,1,2,16,2
17,5,17,28.7,1,1,2,9,3
11,1,11,10.7,1,0,7,7,44
16,2,16,30.5,1,1,2,13,2
9,5,9,14.9,1,1,1,17,0
15,5,15,21.2,1,1,2,3,3
12,3,12,13.2,1,0,2,2,3
15,6,15,12.1,1,0,0,40,0
20,4,20,9.6,0,0,2,19,13
10,6,10,5.8,0,0,5,76,5
8,6,8,18.6,1,1,2,18,2
19,2,19,26.6,1,1,1,18,0
7,6,7,14.7,1,1,0,23,2
12,4,12,17.4,1,0,0,21,0
12,6,12,27.9,1,1,2,18,3
7,5,7,10.1,1,1,2,12,2
9,0,9,22.0,1,0,7,34,16
10,6,10,21.0,1,1,2,7,2
15,1,15,31.9,1,1,1,2,2
12,0,12,15.7,0,3,7,34,16
13,1,13,28.2,1,1,0,23,2
8,1,8,19.7,0,1,21,23,5
15,4,15,17.9,0,0,7,41,42
20,4,20,20.9,1,1,1,6,0
6,6,6,12.0,1,1,2,9,3
6,2,6,13.5,1,1,2,6,2
13,0,13,23.6,1,1,10,24,23
11,3,11,9.1,1,0,11,25,11
14,4,14,27.0,1,1,1,0,0
22,0,22,11.2,1,1,13,26,10
14,6,14,29.1,1,1,2,20,2
11,5,11,27.6,1,1,7,73,17
8,5,8,5.6,0,0,7,6,17
20,0,20,13.1,0,1,6,18,6
9,3,9,18.1,0,1,2,9,2
13,6,13,14.7,0,0,16,44,2
21,5,21,21.3,1,1,2,7,3
13,3,13,16.0,1,0,0,20,0
12,2,12,29.1,1,1,2,20,3
8,1,8,13.1,1,1,4,10,2
13,1,13,27.8,0,0,16,134,3
11,6,11,10.8,0,0,17,20,18
16,0,16,33.0,1,1,2,20,2
16,4,16,29.3,1,1,0,0,0
20,0,20,25.7,0,0,2,20,3
16,5,16,18.7,1,0,0,14,0
9,0,9,17.2,1,1,21,11,5
10,3,10,22.2,1,1,6,18,6
10,6,10,18.3,0,0,0,15,0
14,2,14,29.7,1,1,6,18,6
23,1,23,16.7,1,0,26,47,10
10,2,10,12.9,0,0,2,13,2
23,3,23,20.2,1,1,20,33,5
15,2,15,18.9,1,1,1,2,1
9,0,9,19.3,1,0,4,10,2
12,5,12,17.5,0,0,2,8,2
10,2,10,24.9,1,1,9,41,19
17,1,17,18.9,1,0,2,13,2
12,4,12,16.5,0,1,0,27,0
12,5,12,13.9,1,0,0,6,0
21,6,21,18.0,0,0,18,31,4
0,5,0,20.5,0,0,0,18,2
17,6,17,30.1,1,1,2,13,2
15,3,15,25.3,0,0,7,34,16
18,6,18,16.2,1,1,1,14,2
8,5,8,16.7,0,1,20,33,5
16,6,16,30.4,1,1,2,2,3
6,6,6,5.7,0,0,2,136,13
10,5,10,17.8,1,1,2,0,2
12,2,12,26.0,0,1,2,20,2
1,1,1,16.4,1,0,3,5,0
8,5,8,14.4,1,1,21,25,5
18,1,18,27.4,0,1,0,9,0
10,0,10,22.1,1,1,6,18,21
7,4,7,5.6,1,1,2,14,3
14,1,14,30.0,1,1,1,8,1
13,6,13,15.4,1,0,2,14,2
7,2,7,12.3,1,1,0,0,0
21,1,21,22.1,1,1,4,10,2
11,6,11,12.4,0,0,0,13,0
7,2,7,15.6,1,1,2,28,2
11,0,11,16.5,1,1,0,9,0
15,5,15,17.6,0,0,2,14,2
21,2,21,24.6,0,1,0,2,0
23,5,23,22.7,0,0,2,2,3
20,1,20,22.5,0,0,2,27,2
13,4,13,31.3,0,1,2,44,3
6,2,6,15.0,1,1,3,49,15
14,2,14,35.4,0,1,2,13,2
19,0,19,30.8,1,1,0,1,0
18,1,18,18.6,0,0,2,28,2
16,6,16,30.4,1,1,2,15,3
22,2,22,21.4,0,0,1,14,2
14,3,14,9.6,1,0,2,8,2
11,4,11,7.7,1,3,1,13,2
19,3,19,10.0,1,0,0,18,0
17,4,17,29.8,1,1,1,60,1
15,1,15,24.0,0,0,0,28,0
14,2,14,19.8,1,1,2,0,3
21,3,21,8.9,0,0,2,3,3
1,3,1,4.9,1,0,16,20,3
12,1,12,24.8,1,1,2,3,3
8,1,8,11.2,1,1,2,13,2
15,2,15,36.9,1,1,1,2,0
6,2,6,2.6,0,0,2,11,4
11,1,11,8.2,0,0,2,13,2
15,4,15,28.9,1,1,5,11,5
10,3,10,13.9,0,0,2,14,2
2,1,2,4.6,1,0,17,11,14
8,0,8,16.5,1,1,14,57,12
20,2,20,23.6,1,1,2,7,3
11,6,11,16.5,1,1,13,26,10
11,2,11,10.6,1,0,13,26,10
6,5,6,3.2,0,0,2,68,4
14,4,14,14.9,0,1,1,20,1
11,1,11,25.5,1,1,2,16,2
12,4,12,10.0,0,0,0,14,0
7,0,7,12.8,1,1,2,36,2
16,0,16,19.1,1,1,2,9,3
12,6,12,27.5,1,1,9,99,19
9,5,9,16.5,1,1,2,0,2
18,3,18,13.2,0,0,0,6,1
23,5,23,9.6,0,0,17,11,14
15,6,15,32.0,1,1,2,44,2
14,6,14,24.3,0,1,0,21,0
13,3,13,14.2,1,0,2,14,3
19,6,19,23.7,1,1,0,2,0
16,2,16,18.0,1,0,4,72,2
12,5,12,26.9,1,0,1,6,1
17,4,17,11.7,0,0,2,18,2
19,2,19,15.5,1,0,0,0,0
15,6,15,31.0,1,1,7,69,17
11,6,11,12.1,0,0,2,0,2
10,5,10,24.3,1,1,2,36,2
11,6,11,28.3,1,1,2,7,3
13,0,13,15.3,1,0,2,6,2
18,0,18,31.5,0,1,0,28,0
17,1,17,26.2,1,1,0,2,0
21,3,21,21.4,1,1,2,7,2
6,6,6,14.9,1,1,2,7,3
23,4,23,19.3,1,1,2,48,4
14,0,14,18.8,1,1,0,13,0
8,5,8,21.2,1,1,2,12,2
6,1,6,4.9,1,0,16,20,2
21,5,21,21.8,0,1,2,8,3
18,5,18,34.2,0,1,0,0,0
18,1,18,25.7,0,0,1,44,1
14,6,14,31.1,1,1,0,14,0
7,4,7,14.2,0,0,7,2,43
18,1,18,25.1,0,0,1,60,0
11,5,11,25.8,1,1,2,8,3
23,2,23,17.7,0,0,2,80,13
9,0,9,12.3,1,0,7,34,36
17,1,17,10.8,0,0,16,20,3
12,1,12,25.1,1,1,2,21,2
17,0,17,34.9,0,0,2,23,2
5,5,5,13.4,0,0,0,10,1
15,5,15,33.3,1,1,0,13,0
0,3,0,14.4,0,0,0,6,0
18,1,18,29.0,1,1,2,0,3
8,5,8,14.1,1,1,1,13,0
21,1,21,22.5,1,1,1,0,0
12,3,12,19.7,1,0,2,2,3
20,6,20,26.0,1,0,2,2,3
10,0,10,20.5,1,1,6,18,6
7,0,7,9.0,1,1,2,6,3
6,1,6,10.2,1,0,2,8,3
9,2,9,16.9,1,1,1,2,0
14,4,14,31.1,0,0,4,72,2
11,2,11,23.5,1,0,14,57,12
10,0,10,23.0,1,1,0,13,0
7,3,7,15.7,1,1,3,5,13
23,3,23,12.3,1,0,1,2,2
17,6,17,25.4,1,1,2,18,2
13,2,13,29.5,0,0,2,10,13
21,3,21,22.0,1,1,2,26,4
7,2,7,11.3,1,1,2,0,2
22,0,22,21.0,0,0,2,7,3
15,4,15,23.7,0,0,1,3,1
7,6,7,12.2,1,1,2,13,3
18,0,18,12.2,0,0,0,8,0
18,5,18,30.2,0,1,2,13,3
11,2,11,13.2,0,0,2,21,2
8,3,8,16.1,1,1,2,8,3
7,2,7,14.2,1,1,3,5,0
7,0,7,10.6,1,1,2,2,3
9,3,9,19.7,1,1,2,19,4
17,0,17,27.0,1,1,2,14,3
19,1,19,28.6,1,1,0,28,1
17,4,17,31.1,1,1,2,8,3
9,2,9,16.3,0,0,2,0,3
6,4,6,4.1,1,0,8,5,8
19,0,19,14.3,1,1,2,26,4
11,0,11,18.8,0,0,2,15,2
19,3,19,26.7,1,1,1,18,0
18,1,18,30.4,1,1,0,27,0
13,6,13,28.4,1,1,0,14,0
14,5,14,32.2,1,1,0,21,0
10,1,10,19.6,1,0,5,17,5
16,2,16,30.7,0,1,2,8,3
19,3,19,30.0,1,1,1,18,0
16,3,16,10.1,0,0,2,6,3
13,1,13,27.6,0,1,0,8,0
6,5,6,0.8,0,0,2,11,4
14,1,14,29.5,1,0,0,0,0
16,4,16,28.0,1,1,2,8,3
19,2,19,25.4,1,0,0,2,0
16,5,16,16.1,0,0,16,20,3
14,1,14,11.7,1,3,2,14,3
1,2,1,10.2,0,0,1,2,2
1,2,1,17.2,0,0,0,3,2
21,0,21,17.1,1,1,0,10,1
13,4,13,25.2,0,1,2,23,3
12,5,12,19.4,0,0,24,11,5
3,3,3,16.6,1,0,8,11,8
6,1,6,12.3,1,1,1,3,2
6,4,6,4.3,1,0,4,10,2
11,1,11,9.0,1,0,2,11,4
20,6,20,16.6,0,0,2,2,3
6,0,6,13.6,1,0,31,64,33
17,0,17,32.0,1,1,2,40,2
10,1,10,26.3,1,1,2,19,4
20,5,20,22.4,1,1,1,9,0
8,5,8,12.3,1,1,2,14,3
13,2,13,18.7,1,1,2,21,2
13,2,13,34.7,1,1,0,9,0
19,3,19,25.0,0,1,7,45,17
10,0,10,26.0,1,1,2,13,3
10,0,10,14.6,1,0,7,71,19
10,4,10,24.8,0,0,25,11,23
10,3,10,9.7,0,0,2,13,3
15,5,15,36.4,1,1,3,5,0
18,3,18,26.0,1,1,5,11,5
16,6,16,30.6,1,1,2,8,3
15,5,15,23.1,1,0,9,16,9
16,3,16,23.3,1,0,2,18,2
11,5,11,27.1,1,1,2,21,2
7,6,7,13.6,1,1,2,8,3
15,2,15,18.0,1,0,0,2,0
9,5,9,22.8,1,1,0,14,0
11,2,11,15.3,0,0,2,8,3
18,3,18,27.4,1,1,16,20,3
7,3,7,12.4,1,0,0,0,1
12,6,12,28.4,1,1,11,25,6
23,1,23,16.0,0,0,0,0,0
6,1,6,8.4,1,0,7,74,47
11,1,11,21.7,1,0,7,9,27
9,1,9,19.8,0,1,1,9,0
9,4,9,20.8,1,1,21,11,5
0,6,0,13.7,1,0,19,32,15
12,3,12,11.1,0,0,0,14,1
16,2,16,28.3,1,1,2,10,4
20,3,20,20.3,1,1,2,23,2
3,3,3,19.9,0,0,11,25,6
16,5,16,31.3,1,1,0,10,0
11,4,11,9.3,0,0,2,2,2
22,1,22,9.0,1,3,6,18,6
16,1,16,28.2,1,0,4,72,2
19,4,19,8.1,0,0,2,13,3
9,2,9,17.7,0,0,25,11,13
19,3,19,30.2,0,1,2,12,3
19,5,19,29.4,1,1,0,1,0
15,0,15,32.8,1,1,0,27,0
14,3,14,14.8,0,0,0,15,0
13,2,13,11.9,0,0,0,3,1
10,6,10,15.0,0,0,0,15,0
7,6,7,12.7,1,1,2,36,2
14,0,14,32.6,1,1,1,13,2
6,4,6,4.4,1,0,0,10,1
21,0,21,23.6,0,0,2,3,2
20,1,20,30.5,1,1,0,0,0
15,0,15,33.0,1,1,0,28,0
20,4,20,17.9,1,1,1,8,0
10,4,10,25.0,1,1,0,28,0
12,2,12,21.1,1,1,2,6,2
23,2,23,24.0,1,1,18,31,4
4,0,4,2.1,1,0,2,8,2
10,6,10,16.8,1,1,2,2,2
17,2,17,19.8,1,0,2,30,3
13,5,13,33.0,1,1,2,27,2
13,1,13,27.0,1,1,2,27,2
8,0,8,16.4,1,1,43,0,30
1,6,1,13.3,1,0,6,23,6
6,1,6,12.2,1,1,2,0,2
7,2,7,15.4,1,1,2,13,3
20,4,20,24.1,0,0,2,14,3
11,5,11,17.8,0,0,1,9,0
8,5,8,17.3,1,1,2,18,2
18,2,18,25.8,1,1,2,23,2
0,4,0,14.5,0,0,1,0,2
19,3,19,27.5,0,0,11,25,11
21,2,21,15.7,0,0,2,3,2
23,1,23,18.9,0,0,1,6,1
19,2,19,17.7,1,0,0,40,0
23,2,23,17.5,0,0,2,50,2
16,5,16,31.8,1,1,16,20,2
10,2,10,23.5,0,1,12,23,4
5,0,5,8.3,1,0,1,44,0
7,0,7,13.9,1,1,1,6,0
13,4,13,17.9,0,0,0,20,0
16,0,16,28.3,0,0,2,16,2
13,1,13,24.6,0,0,2,13,2
22,1,22,19.8,1,1,19,32,15
12,2,12,16.8,1,1,2,8,2
0,3,0,8.5,1,0,11,25,6
4,4,4,12.7,1,0,17,11,18
18,6,18,28.9,1,1,2,15,2
18,0,18,28.3,0,0,0,9,1
6,0,6,7.1,1,0,7,74,47
18,1,18,23.4,1,0,2,9,3
12,5,12,18.1,1,1,1,2,0
14,6,14,18.8,1,1,1,40,2
11,2,11,18.1,1,1,2,9,3
18,6,18,19.7,1,0,16,20,3
18,0,18,16.5,0,0,0,9,0
9,2,9,13.1,1,0,7,2,17
10,1,10,21.3,1,1,0,15,1
9,0,9,17.2,1,1,2,31,13
9,0,9,14.5,1,1,6,18,6
10,3,10,25.2,0,0,1,9,0
10,3,10,27.2,1,1,7,45,17
15,4,15,29.8,1,1,0,10,0
10,5,10,21.5,1,1,6,18,20
14,3,14,10.9,0,0,2,12,2
9,3,9,10.2,1,0,2,30,3
13,1,13,30.4,1,1,0,23,2
15,0,15,26.2,1,0,0,9,0
7,4,7,10.0,1,1,2,15,3
12,6,12,17.2,1,1,2,23,3
8,1,8,10.2,1,1,2,18,2
23,2,23,10.4,0,0,1,8,1
4,1,4,8.7,1,0,0,0,0
5,1,5,7.7,1,0,2,6,3
10,0,10,21.4,1,1,0,21,0
0,0,0,14.6,0,0,17,20,18
18,1,18,16.2,0,0,1,0,0
17,1,17,27.4,0,0,2,8,3
8,5,8,8.1,1,0,1,14,1
19,0,19,26.5,1,0,2,13,3
13,4,13,31.7,0,0,2,4,4
6,6,6,13.5,1,1,8,5,8
6,0,6,7.6,1,0,2,10,2
17,1,17,23.3,0,1,16,20,3
1,1,1,11.1,0,0,0,18,0
12,4,12,18.4,0,0,17,3,14
14,3,14,29.2,1,1,0,2,0
16,3,16,30.7,0,1,7,88,17
13,0,13,19.1,1,1,6,18,21
12,4,12,30.2,1,1,0,21,0
11,2,11,18.6,1,1,2,2,3
12,2,12,24.4,1,1,2,7,4
19,3,19,8.5,0,0,13,53,8
21,4,21,22.6,0,0,2,19,4
13,6,13,27.8,1,1,24,11,5
21,0,21,15.1,0,0,0,15,0
9,5,9,18.7,1,1,7,69,17
7,1,7,8.7,0,1,23,43,4
8,1,8,16.7,0,0,0,6,0
2,6,2,18.6,0,0,8,96,8
14,5,14,23.5,0,0,2,10,4
18,0,18,11.3,0,0,11,25,11
9,4,9,22.2,0,0,1,8,0
21,4,21,22.2,1,1,2,23,2
10,2,10,8.1,0,0,2,14,2
16,5,16,31.9,0,0,0,5,2
10,1,10,24.3,1,1,0,14,0
17,3,17,25.6,0,0,16,20,1
10,4,10,26.9,0,0,12,23,4
20,3,20,25.6,1,1,0,18,2
16,1,16,19.2,1,0,2,2,3
6,5,6,11.5,1,1,1,27,2
0,0,0,9.5,1,0,5,46,5
19,1,19,20.9,1,1,0,40,0
9,2,9,18.6,1,1,1,2,0
9,1,9,19.3,0,0,0,6,0
13,2,13,9.6,0,0,16,44,2
16,2,16,27.8,1,1,2,23,3
12,0,12,16.2,0,0,2,27,3
22,3,22,8.9,0,0,11,25,6
20,5,20,16.7,1,1,0,1,1
10,6,10,23.7,0,0,12,23,4
15,5,15,29.2,1,0,16,134,3
23,5,23,18.1,1,1,26,47,10
12,3,12,27.8,1,1,2,20,4
16,0,16,29.1,1,1,2,8,3
16,2,16,12.9,0,0,16,3,0
15,6,15,21.7,1,0,5,46,5
16,1,16,12.6,1,0,1,8,1
23,0,23,21.7,1,1,26,47,10
17,1,17,26.3,1,1,0,14,1
13,2,13,34.8,1,1,13,26,10
14,1,14,31.1,1,1,0,15,0
19,2,19,8.6,0,0,0,9,1
2,0,2,16.1,1,0,0,5,0
18,5,18,18.3,1,1,2,15,2
9,6,9,18.3,1,1,0,13,0
12,5,12,27.4,0,0,2,40,3
17,2,17,36.5,1,1,0,8,0
21,0,21,25.7,0,0,13,53,8
16,5,16,28.6,1,1,2,23,2
22,1,22,2.9,0,0,11,25,6
8,6,8,15.8,1,1,2,14,3
6,5,6,14.1,1,1,1,18,2
0,3,0,12.9,0,0,0,8,0
7,3,7,13.5,1,1,4,10,2
13,4,13,15.1,0,0,1,27,1
16,3,16,30.5,1,1,2,5,13
9,2,9,20.4,1,1,0,13,0
13,5,13,18.5,0,0,2,5,13
11,5,11,24.2,1,1,2,11,13
18,3,18,28.3,1,1,2,13,2
17,5,17,16.7,0,0,0,14,0
8,5,8,13.1,1,1,2,14,3
15,2,15,30.6,1,1,2,52,2
17,6,17,33.8,0,0,0,23,2
20,4,20,9.6,1,0,2,23,3
11,3,11,25.6,1,1,2,8,2
10,0,10,7.1,1,0,0,2,0
9,6,9,25.9,1,1,2,9,2
11,4,11,29.7,1,1,9,41,38
13,1,13,23.0,0,0,0,3,1
14,1,14,33.6,1,1,16,20,3
9,2,9,21.6,0,0,0,1,0
7,0,7,13.4,1,1,2,13,3
2,3,2,3.4,1,0,3,17,0
14,2,14,30.1,1,1,2,0,3
20,0,20,24.5,0,0,2,15,3
17,5,17,25.7,0,1,0,9,0
16,6,16,31.1,1,1,6,18,21
11,5,11,24.7,1,1,0,9,0
22,0,22,21.5,1,1,6,18,6
23,3,23,18.6,0,1,0,9,0
19,1,19,9.7,0,3,2,20,13
15,3,15,30.5,1,1,2,3,3
16,0,16,19.1,0,1,7,7,30
22,2,22,18.8,1,1,25,11,13
18,5,18,13.1,1,1,2,13,2
19,4,19,10.6,1,0,2,15,2
20,6,20,26.2,0,0,2,44,2
10,0,10,26.0,1,1,1,17,0
14,6,14,22.7,1,1,7,69,17
6,3,6,14.5,1,1,0,23,2
15,2,15,28.0,1,1,0,15,0
11,6,11,17.2,1,1,2,8,3
13,4,13,23.1,1,0,5,11,5
16,5,16,14.0,1,0,2,18,2
6,2,6,13.2,1,1,2,0,2
13,4,13,25.0,1,1,2,28,2
6,6,6,14.6,1,1,1,6,1
14,0,14,18.6,1,0,16,20,3
20,3,20,23.1,1,0,1,2,0
15,5,15,25.8,1,1,0,13,1
20,2,20,24.6,1,1,0,15,0
21,1,21,22.8,1,1,2,23,2
2,0,2,8.1,0,0,8,84,8
20,6,20,24.1,0,0,1,6,1
12,5,12,20.3,0,0,0,2,0
0,6,0,18.8,0,0,0,1,1
0,5,0,4.5,1,0,6,23,6
14,3,14,25.6,1,0,7,34,16
19,6,19,25.4,1,1,0,2,0
20,3,20,18.8,1,1,2,1,3
3,6,3,9.2,1,0,45,83,65
20,0,20,13.3,0,0,19,32,15
12,5,12,18.2,0,1,2,12,3
14,6,14,20.5,0,0,1,20,1
6,5,6,9.4,1,3,2,7,2
0,0,0,6.6,1,0,3,5,0
22,1,22,21.1,1,1,6,18,21
18,0,18,30.2,1,1,0,27,0
6,5,6,14.6,1,1,1,2,2
18,0,18,23.6,0,0,81,152,78
16,1,16,18.7,1,0,2,20,3
9,1,9,28.1,1,1,0,8,0
2,4,2,10.9,1,0,11,25,6
15,0,15,29.0,0,1,2,9,3
2,2,2,11.3,0,3,5,11,5
15,0,15,32.8,1,1,1,13,0
15,1,15,27.9,1,0,0,6,0
22,3,22,17.8,0,0,1,6,0
9,5,9,12.9,1,1,9,1,48
19,4,19,25.1,1,1,2,0,2
7,5,7,13.9,1,1,2,2,3
13,6,13,15.4,1,0,32,39,39
10,3,10,25.6,1,1,0,0,0
6,4,6,14.1,1,1,16,20,3
11,3,11,20.4,1,1,2,6,2
9,1,9,14.9,1,1,1,17,0
17,2,17,33.0,1,1,2,8,3
16,4,16,30.9,1,1,4,10,5
9,0,9,15.8,1,0,7,34,43
6,1,6,9.1,1,1,2,6,3
17,1,17,19.2,0,0,2,31,13
21,3,21,21.4,1,1,4,10,2
8,5,8,16.4,1,1,0,20,0
19,1,19,23.7,1,1,2,0,2
13,6,13,28.8,1,1,2,27,2
15,5,15,16.3,0,0,2,28,2
8,5,8,15.3,1,1,2,18,2
15,0,15,26.1,1,0,0,21,0
12,6,12,27.9,1,1,2,3,3
13,1,13,15.6,1,0,2,8,3
10,1,10,18.2,1,1,12,23,4
1,4,1,6.3,0,0,1,6,1
14,6,14,23.7,0,1,2,13,3
17,4,17,21.6,1,0,0,8,1
11,3,11,20.5,1,1,2,11,4
12,2,12,24.9,1,1,2,14,2
10,5,10,13.6,1,1,0,21,0
17,5,17,35.3,1,1,9,103,9
21,5,21,22.9,1,1,1,18,0
10,0,10,12.3,1,0,7,34,16
16,5,16,31.9,1,1,0,3,2
13,4,13,11.4,0,0,0,20,0
8,2,8,12.8,1,0,0,9,0
18,2,18,26.2,1,1,16,20,3
7,1,7,15.9,1,1,2,13,3
16,0,16,32.6,1,1,0,8,0
20,4,20,24.8,0,0,2,26,4
5,3,5,6.2,1,0,11,25,6
16,1,16,11.8,1,0,2,14,3
13,2,13,28.1,1,1,2,0,2
20,0,20,32.3,0,0,2,6,3
17,4,17,29.6,1,1,2,0,2
18,5,18,17.8,0,0,2,2,2
17,3,17,30.4,1,1,6,18,6
10,5,10,23.9,1,1,6,18,6
12,6,12,27.9,1,1,2,12,3
2,1,2,9.9,0,0,2,3,2
14,2,14,30.7,1,1,2,0,2
16,3,16,25.0,0,0,7,34,16
14,4,14,25.4,0,1,7,155,66
8,5,8,18.8,0,1,2,9,2
20,6,20,14.1,1,1,0,40,0
10,2,10,11.5,0,0,9,99,60
21,4,21,8.3,0,0,2,8,3
14,1,14,27.7,1,1,2,2,3
19,3,19,23.0,0,0,0,9,1
7,1,7,11.7,0,0,25,62,13
16,6,16,31.2,1,0,2,15,2
14,2,14,29.2,0,0,4,72,2
23,5,23,19.6,1,1,2,11,4
23,1,23,17.9,1,1,2,68,13
10,3,10,26.9,1,1,0,15,1
16,1,16,30.9,1,1,2,15,2
18,6,18,25.9,1,1,2,15,2
12,2,12,27.8,1,1,0,3,2
8,2,8,16.6,1,1,2,28,2
21,4,21,18.4,0,0,1,13,0
17,6,17,18.4,1,0,0,27,1
3,0,3,5.7,1,0,34,10,12
12,1,12,24.1,1,1,1,42,0
18,0,18,7.6,0,0,0,28,0
1,4,1,18.0,1,0,3,5,0
19,5,19,32.4,1,1,45,108,65
21,1,21,17.1,0,0,19,32,15
15,1,15,31.6,1,1,2,44,2
12,5,12,27.9,1,0,11,25,11
11,3,11,22.3,1,1,2,20,2
18,5,18,28.5,1,1,1,8,1
21,1,21,18.3,1,1,2,1,3
10,5,10,28.2,0,0,2,20,4
8,6,8,15.3,1,1,2,44,2
10,2,10,24.5,1,1,2,7,2
5,0,5,13.4,1,0,0,3,2
9,5,9,20.2,1,1,2,0,2
21,4,21,22.1,0,0,6,18,21
1,1,1,12.3,1,0,11,25,6
21,4,21,19.3,1,1,2,8,3
7,3,7,10.1,1,1,0,15,0
13,3,13,23.9,0,0,3,5,0
8,5,8,8.4,1,1,2,10,3
10,1,10,8.1,0,0,15,29,4
7,6,7,16.4,1,1,2,6,2
20,5,20,20.9,1,1,2,23,2
10,2,10,12.4,1,0,0,9,0
14,0,14,26.0,0,1,7,88,17
10,1,10,7.7,0,0,1,0,0
9,6,9,15.8,0,1,2,0,2
0,6,0,14.2,0,0,0,10,0
15,5,15,21.8,0,0,0,21,0
12,6,12,14.1,0,0,17,20,18
17,1,17,32.3,0,1,2,9,3
23,1,23,23.4,1,1,20,33,5
15,1,15,33.6,1,1,2,3,3
19,0,19,26.3,1,1,0,14,0
19,3,19,25.9,1,1,1,14,0
3,1,3,16.3,0,0,1,6,1
13,3,13,30.3,1,1,2,23,3
3,0,3,13.9,1,0,17,11,14
18,6,18,33.7,1,1,0,15,1
13,0,13,33.7,1,1,2,27,2
5,2,5,15.1,1,0,11,25,6
11,5,11,9.3,1,0,0,9,0
14,3,14,12.6,1,0,0,15,0
21,3,21,18.7,1,1,0,10,1
23,6,23,9.8,0,0,11,25,6
4,3,4,14.5,1,0,2,7,2
6,3,6,14.8,1,1,0,23,2
20,6,20,24.9,1,1,1,8,2
6,4,6,7.1,0,0,21,23,5
22,0,22,11.2,0,0,11,25,6
19,3,19,26.7,0,0,0,6,1
13,4,13,15.6,1,0,23,43,4
6,5,6,14.8,1,1,1,20,0
1,0,1,9.4,1,0,16,20,3
14,6,14,20.2,0,0,0,28,0
10,5,10,22.1,0,0,2,2,3
9,1,9,17.5,1,0,7,2,17
22,2,22,20.5,1,1,0,10,1
22,2,22,21.8,1,1,20,33,5
23,6,23,23.1,1,1,4,10,2
8,3,8,12.3,1,1,2,44,2
17,3,17,31.3,1,1,0,0,0
12,1,12,27.0,1,1,2,14,2
13,6,13,14.6,0,0,0,10,1
16,2,16,33.2,1,1,1,89,1
4,0,4,9.1,1,0,2,8,3
13,0,13,28.1,1,1,13,26,10
13,6,13,29.2,1,1,15,29,4
17,5,17,18.7,1,1,6,18,26
6,6,6,8.7,1,0,2,0,3
20,2,20,14.7,1,0,0,9,0
21,0,21,18.5,0,1,2,40,2
9,5,9,20.3,0,1,19,32,2
7,6,7,8.1,1,1,2,23,2
14,4,14,18.0,0,0,0,10,1
9,6,9,15.7,0,0,10,24,10
7,6,7,11.3,0,0,26,47,10
21,1,21,14.0,0,0,0,40,0
20,3,20,19.8,1,0,2,7,2
16,2,16,30.7,1,1,2,20,2
11,4,11,24.2,1,0,2,15,3
13,1,13,17.5,1,0,2,10,2
12,1,12,21.8,1,0,1,42,0
16,5,16,7.3,1,0,1,2,0
21,5,21,25.3,0,1,0,27,0
10,0,10,19.5,1,1,1,17,0
19,3,19,27.3,1,1,16,20,3
5,5,5,16.2,0,0,1,60,2
15,6,15,25.2,1,1,3,5,0
11,6,11,24.0,1,1,2,13,2
21,0,21,9.7,0,0,2,8,3
15,1,15,29.8,1,1,2,15,2
14,2,14,35.3,1,1,2,8,2
13,3,13,24.2,0,0,2,21,2
15,1,15,25.8,1,0,2,58,2
7,1,7,11.7,1,1,2,15,3
21,2,21,20.5,0,1,1,0,0
6,2,6,11.2,0,0,2,31,13
20,3,20,20.8,0,0,5,44,5
18,5,18,25.3,1,0,0,1,0
8,2,8,20.6,1,1,2,0,2
19,5,19,29.5,1,1,28,46,14
9,4,9,13.0,0,1,0,0,0
20,6,20,11.4,1,0,0,9,0
16,4,16,19.3,1,0,1,14,1
10,3,10,20.8,1,1,2,10,3
6,4,6,3.3,0,0,2,68,4
18,3,18,12.3,1,0,1,14,0
16,2,16,32.7,1,0,0,3,0
14,6,14,29.7,1,1,0,0,0
8,0,8,14.5,1,1,2,15,3
17,0,17,13.4,0,0,2,31,13
23,1,23,12.5,1,1,18,31,4
8,0,8,17.1,1,1,0,44,0
23,5,23,18.1,1,1,26,47,10
16,0,16,18.4,1,0,16,20,3
9,2,9,15.4,1,1,7,69,17
16,2,16,22.4,1,0,2,30,3
8,1,8,17.0,1,1,2,15,2
16,6,16,32.9,1,1,2,23,3
8,6,8,17.2,1,1,0,13,0
13,3,13,28.5,1,1,2,0,2
13,4,13,14.2,1,0,2,0,3
14,4,14,28.7,1,1,0,13,0
0,6,0,19.5,0,0,11,25,11
18,4,18,29.8,1,1,1,2,0
9,0,9,5.3,1,1,2,21,2
10,4,10,23.0,1,1,2,14,2
20,6,20,24.4,1,1,2,20,2
16,1,16,30.5,1,0,2,23,2
22,2,22,18.5,0,0,1,8,0
13,4,13,28.5,0,1,0,21,0
20,1,20,13.6,1,0,0,10,0
12,5,12,18.2,1,0,7,69,17
11,4,11,11.1,0,0,2,40,2
6,0,6,12.5,1,1,2,2,2
12,0,12,17.7,0,1,5,23,5
23,2,23,9.2,0,0,11,25,6
6,5,6,11.5,1,1,2,8,3
13,0,13,15.6,1,0,1,20,1
19,0,19,25.0,0,0,1,5,0
17,4,17,27.4,0,0,2,20,3
15,6,15,33.5,1,1,0,10,0
0,0,0,15.7,1,0,2,5,13
18,5,18,16.9,0,1,13,53,8
17,6,17,34.2,1,1,0,8,0
12,0,12,18.3,0,0,7,34,16
13,0,13,23.0,0,0,2,12,3
14,2,14,14.9,0,0,2,10,2
9,6,9,21.6,1,1,2,19,4
9,2,9,21.5,1,1,0,21,0
9,2,9,24.0,1,1,2,31,13
1,6,1,17.7,0,0,0,3,0
15,2,15,30.6,1,1,7,39,42
15,1,15,31.2,1,1,2,14,2
8,4,8,15.4,0,1,1,0,2
0,2,0,16.3,0,0,1,2,1
12,0,12,13.0,0,3,7,34,16
18,6,18,24.1,0,0,6,18,6
13,6,13,30.0,1,1,2,6,2
22,6,22,18.2,0,1,0,7,0
18,5,18,21.7,0,0,16,20,3
0,0,0,19.2,1,0,2,31,13
14,1,14,29.7,1,1,2,12,2
6,5,6,10.1,1,1,0,10,1
12,4,12,28.0,0,1,2,36,2
16,3,16,25.7,1,1,16,44,3
10,5,10,9.1,0,0,2,20,3
20,3,20,25.7,0,0,2,8,3
22,1,22,18.3,0,1,2,7,3
19,2,19,26.6,1,1,2,20,2
12,2,12,20.2,1,0,10,24,10
13,1,13,13.8,1,0,0,27,0
12,0,12,26.8,1,1,2,21,2
8,2,8,19.9,1,1,2,18,2
8,5,8,17.8,1,1,2,12,3
9,2,9,21.8,1,0,0,21,0
9,3,9,16.0,1,1,2,5,13
12,5,12,20.7,1,1,11,25,11
23,3,23,3.3,0,0,2,10,3
6,6,6,15.7,1,1,1,20,2
11,3,11,10.5,1,0,0,15,0
23,5,23,20.8,1,1,20,33,5
19,4,19,30.5,1,1,0,0,0
6,0,6,11.1,1,1,2,9,2
22,1,22,18.8,0,0,2,18,2
23,2,23,7.2,1,0,2,7,3
18,1,18,8.6,0,0,0,9,0
6,0,6,13.3,1,1,2,8,3
15,4,15,30.7,1,1,14,57,12
15,4,15,12.0,0,0,2,14,3
13,3,13,13.9,1,3,9,82,28
20,5,20,16.7,0,1,2,9,3
17,5,17,30.5,1,1,2,13,2
16,1,16,13.7,1,0,1,2,1
12,3,12,26.8,0,0,9,39,59
9,0,9,22.6,1,1,32,28,35
13,2,13,30.6,1,1,5,46,5
23,4,23,14.3,1,1,2,48,13
17,5,17,30.8,1,0,2,9,3
16,5,16,31.9,0,0,2,8,3
1,5,1,5.9,1,3,2,20,3
12,2,12,27.4,0,0,0,20,0
18,0,18,31.7,1,1,2,0,2
12,6,12,21.3,1,0,0,14,0
16,2,16,27.9,0,0,2,14,2
16,4,16,16.1,1,0,2,23,3
3,2,3,7.1,1,0,2,40,3
16,3,16,23.7,0,0,4,10,2
21,3,21,23.2,0,0,0,3,2
18,1,18,26.7,0,1,0,28,0
0,4,0,14.9,0,1,0,0,0
0,3,0,8.7,0,0,0,6,0
20,0,20,19.7,1,1,1,0,0
15,4,15,16.5,0,0,0,36,0
21,3,21,17.4,1,0,0,1,0
13,3,13,19.2,1,1,7,34,16
9,5,9,13.9,1,0,2,19,4
22,3,22,19.2,1,1,20,33,5
16,2,16,18.7,1,1,4,72,2
19,4,19,22.0,1,1,2,0,3
17,4,17,27.6,1,1,2,2,3
10,1,10,10.8,1,0,7,82,28
10,2,10,22.7,0,1,2,13,3
10,3,10,18.1,0,0,2,1,2
8,0,8,15.6,1,0,1,2,1
8,6,8,17.9,0,0,2,1,2
23,4,23,5.6,0,0,2,18,2
17,4,17,29.9,1,1,1,14,2
19,3,19,22.7,0,0,1,2,1
17,1,17,27.2,0,0,56,101,36
5,1,5,9.5,1,0,2,8,3
12,6,12,25.4,0,1,2,12,3
20,5,20,12.8,0,0,17,11,14
11,2,11,8.4,0,0,2,20,2
20,0,20,24.6,0,1,0,9,0
2,0,2,16.1,0,0,0,27,1
20,3,20,24.5,1,1,2,1,2
17,6,17,25.3,0,1,2,13,3
16,1,16,30.0,1,1,7,88,17
17,5,17,29.9,1,1,2,14,3
15,4,15,12.1,1,0,3,5,0
11,3,11,31.3,1,1,1,13,2
23,6,23,14.0,1,1,2,48,13
18,6,18,15.9,1,1,0,27,0
13,5,13,20.2,1,0,7,69,17
17,4,17,30.9,1,1,2,6,3
22,5,22,17.7,1,0,13,53,8
12,3,12,31.6,1,1,5,23,5
22,3,22,17.9,1,1,18,31,4
14,3,14,32.0,0,1,1,27,0
11,3,11,10.7,0,0,8,44,8
11,1,11,24.4,0,0,15,29,4
19,6,19,26.7,0,0,2,15,3
10,1,10,18.2,1,1,0,21,0
12,1,12,18.3,1,0,7,34,36
8,5,8,0.8,0,0,10,24,10
15,2,15,30.0,1,1,3,5,0
6,2,6,12.2,1,1,0,6,0
13,4,13,33.3,0,1,2,7,3
15,2,15,29.5,0,0,2,6,3
16,3,16,32.1,1,1,4,10,5
13,1,13,17.9,0,0,0,13,1
14,2,14,35.7,1,1,2,9,3
2,3,2,14.8,1,0,16,20,3
19,3,19,28.8,0,0,31,64,40
20,4,20,19.6,0,0,1,9,1
4,3,4,14.6,1,0,2,8,2
14,5,14,30.4,0,1,0,21,0
22,0,22,21.2,0,0,1,6,1
13,3,13,33.0,1,1,5,46,5
13,3,13,22.9,1,1,0,23,0
11,6,11,10.8,1,1,7,39,43
17,5,17,31.7,1,1,2,2,2
8,0,8,13.1,1,0,2,0,3
20,5,20,9.3,0,0,0,6,0
7,5,7,8.8,1,1,2,10,2
16,5,16,27.9,1,1,16,20,2
13,6,13,18.9,0,0,3,5,0
12,5,12,11.9,0,1,7,0,17
19,4,19,28.1,1,1,16,20,3
6,5,6,15.4,1,1,1,6,1
16,2,16,13.4,1,0,2,20,4
18,5,18,28.5,1,1,0,27,0
11,6,11,23.0,1,1,13,26,10
20,2,20,23.6,0,0,2,19,4
8,0,8,13.6,1,1,2,10,13
18,6,18,14.0,0,0,0,6,1
16,1,16,35.7,1,1,2,7,2
16,6,16,24.5,1,0,2,26,4
18,1,18,16.9,0,0,0,0,1
18,2,18,9.8,1,3,9,142,28
21,2,21,15.7,0,1,2,9,3
19,3,19,26.6,1,1,1,9,1
13,5,13,19.9,0,1,31,15,40
12,3,12,26.0,1,1,2,15,2
22,2,22,14.6,0,1,1,8,1
15,2,15,25.2,1,0,2,10,3
12,0,12,27.8,1,1,0,3,2
15,6,15,16.4,0,0,2,2,2
5,5,5,2.0,0,0,4,10,2
9,6,9,24.1,1,1,2,31,13
13,2,13,11.5,0,0,0,2,0
10,0,10,20.7,1,1,2,27,2
21,3,21,14.8,1,0,2,1,3
19,3,19,27.1,1,1,2,6,3
17,5,17,23.1,1,0,1,18,1
11,6,11,17.2,1,1,2,36,2
19,1,19,25.4,1,0,2,18,2
16,1,16,12.0,1,0,2,13,3
8,5,8,12.4,1,1,2,13,2
7,0,7,13.3,1,1,2,23,2
19,2,19,28.9,1,1,0,6,1
14,1,14,17.7,1,0,2,14,3
23,1,23,8.7,1,0,2,48,13
10,1,10,28.1,1,1,9,41,38
12,4,12,11.3,1,0,2,9,3
15,1,15,27.4,0,1,2,13,3
10,3,10,18.3,0,1,2,13,3
21,1,21,17.8,1,1,2,7,2
0,2,0,17.4,0,0,1,0,0
7,4,7,7.4,1,0,2,10,13
17,5,17,17.1,1,0,0,27,1
19,6,19,21.3,1,1,2,6,3
10,6,10,23.8,0,1,2,13,3
11,0,11,17.0,1,0,7,34,16
23,3,23,8.1,1,0,6,18,6
11,3,11,8.2,1,1,7,2,17
11,5,11,14.7,0,0,31,64,33
17,6,17,16.6,0,0,0,14,0
10,3,10,28.0,1,1,7,75,17
13,2,13,31.1,1,1,31,64,34
21,0,21,15.8,0,0,2,7,3
18,5,18,32.2,1,1,2,9,2
6,0,6,14.6,1,1,1,20,0
13,0,13,32.3,1,1,0,23,2
21,5,21,23.8,0,0,2,80,4
16,1,16,19.7,1,0,0,8,0
5,6,5,16.3,1,0,8,11,8
22,5,22,24.5,0,0,2,20,2
7,4,7,12.5,1,1,0,0,0
15,4,15,18.8,1,0,0,10,0
12,1,12,19.4,0,1,9,39,59
8,2,8,17.1,1,1,2,44,2
15,6,15,33.7,1,1,2,52,2
7,5,7,6.4,1,0,0,15,0
14,6,14,29.2,0,1,0,28,1
18,0,18,16.2,1,0,1,9,2
14,5,14,33.8,1,1,2,10,2
10,3,10,20.6,1,1,2,6,3
14,2,14,15.6,1,0,2,8,2
12,2,12,15.9,0,0,2,8,3
14,0,14,30.0,1,1,0,14,0
17,3,17,13.8,0,0,2,6,3
6,0,6,12.8,0,1,2,68,13
17,2,17,20.2,1,0,1,60,0
22,1,22,13.2,0,0,0,15,0
12,1,12,29.4,1,1,2,7,3
18,1,18,16.2,1,0,0,1,1
23,4,23,19.7,1,1,2,11,4
15,0,15,33.3,1,2,7,69,17
16,1,16,30.4,1,1,0,8,0
17,3,17,15.7,1,0,7,34,16
7,6,7,13.0,1,1,2,12,2
11,5,11,12.8,1,0,0,14,0
11,6,11,23.2,1,1,2,0,3
15,5,15,22.5,1,0,9,16,9
17,6,17,30.0,1,1,2,9,2
21,6,21,20.9,0,1,2,13,3
17,0,17,27.1,1,1,2,9,3
9,5,9,21.9,1,1,2,31,13
9,4,9,19.6,0,1,9,39,30
13,2,13,28.6,1,1,15,29,4
18,3,18,15.5,0,0,11,25,11
10,6,10,8.4,0,0,15,29,4
22,1,22,4.5,1,0,19,32,15
8,3,8,13.4,0,1,2,9,2
9,4,9,17.7,0,1,47,11,14
12,3,12,22.6,0,0,2,14,2
14,3,14,14.3,0,1,7,34,16
13,4,13,31.5,0,0,28,76,14
18,4,18,28.5,1,0,16,20,3
23,1,23,17.0,0,0,2,18,2
9,1,9,22.8,0,0,1,2,2
22,6,22,6.6,0,0,2,6,3
12,6,12,25.4,1,1,2,18,2
8,1,8,17.7,1,1,0,1,0
20,3,20,15.5,1,0,2,10,3
19,5,19,29.3,1,1,2,9,2
8,4,8,7.4,1,0,2,3,3
1,5,1,14.7,1,0,11,25,6
9,4,9,20.4,1,1,2,36,2
21,4,21,18.6,1,0,2,8,2
12,5,12,28.1,1,1,2,3,3
23,6,23,20.3,1,1,2,48,13
12,5,12,13.0,0,0,2,27,2
6,0,6,11.1,1,1,2,8,3
15,6,15,15.6,1,0,6,18,6
17,4,17,30.9,1,1,1,3,1
13,3,13,31.6,1,1,2,23,2
19,2,19,15.3,0,0,11,25,11
19,5,19,33.3,1,1,2,0,2
1,5,1,15.5,1,0,11,25,6
10,0,10,25.8,0,1,2,0,3
6,6,6,11.9,0,1,22,37,4
11,3,11,24.2,1,0,6,40,26
10,5,10,27.7,1,1,6,18,6
22,4,22,21.1,1,1,1,6,2
9,6,9,17.4,1,1,2,14,2
15,0,15,31.3,1,1,2,14,2
9,5,9,18.9,1,1,2,19,13
14,3,14,13.5,0,1,7,34,16
14,0,14,30.2,1,1,0,13,0
12,3,12,19.5,1,0,13,26,10
19,5,19,15.6,1,0,2,7,3
15,2,15,24.6,0,0,2,2,3
19,1,19,33.3,1,1,0,13,0
23,1,23,15.3,0,0,1,6,1
21,6,21,18.3,1,1,36,5,12
13,6,13,17.4,1,1,6,40,26
14,2,14,15.6,0,0,2,13,3
1,5,1,19.6,1,0,2,4,4
16,1,16,30.5,1,1,0,0,0
18,4,18,25.3,1,1,16,20,3
12,1,12,27.0,1,1,2,7,2
6,2,6,11.8,0,0,21,23,5
0,0,0,14.6,1,0,2,68,8
8,3,8,14.1,1,1,2,3,2
20,4,20,23.7,0,0,0,44,0
15,6,15,25.8,0,1,2,16,2
15,4,15,32.5,1,1,28,46,14
19,5,19,33.4,1,1,2,6,2
10,6,10,8.8,1,0,0,8,1
18,4,18,25.9,1,1,2,23,2
8,6,8,12.6,1,1,2,44,2
11,1,11,26.0,1,1,0,8,1
1,4,1,3.8,0,0,8,84,8
11,6,11,11.8,1,0,0,9,0
22,1,22,15.6,1,1,6,18,20
5,0,5,13.8,1,1,1,8,1
7,2,7,11.3,0,0,26,47,10
8,5,8,22.0,1,1,0,13,0
6,1,6,10.8,1,1,0,2,0
12,1,12,23.6,1,1,0,13,0
6,3,6,14.4,1,1,2,16,2
16,3,16,34.2,1,0,2,23,2
19,6,19,20.7,0,1,0,9,1
9,6,9,19.4,1,1,22,37,4
15,6,15,31.5,0,1,0,13,0
17,0,17,33.3,1,1,6,18,6
0,5,0,18.8,1,0,26,47,10
15,5,15,28.4,1,1,5,11,5
2,0,2,1.0,1,0,8,11,8
10,5,10,23.1,1,0,89,8,44
13,5,13,31.0,0,1,6,18,6
11,6,11,21.9,1,1,0,21,0
11,5,11,11.4,1,0,2,9,3
16,3,16,34.5,1,1,3,5,0
15,0,15,31.7,1,1,1,0,2
14,2,14,19.2,1,1,2,10,2
13,4,13,15.5,1,0,0,28,0
13,5,13,17.4,0,1,2,10,13
14,3,14,26.3,0,0,7,34,16
7,3,7,13.7,1,1,2,19,13
9,4,9,20.7,1,1,4,10,2
15,3,15,31.6,1,0,7,34,16
19,0,19,11.3,0,0,2,13,2
9,0,9,22.0,1,1,2,16,2
20,4,20,10.1,0,0,6,18,6
18,0,18,28.4,1,0,1,60,0
15,4,15,12.5,0,0,2,13,2
22,5,22,21.5,1,1,20,33,5
9,5,9,19.9,0,0,2,5,13
5,5,5,7.4,1,0,2,77,2
20,4,20,8.4,0,0,2,14,2
10,3,10,18.5,1,1,0,9,0
20,2,20,23.8,1,1,2,23,2
14,5,14,16.9,1,0,6,18,21
14,3,14,30.6,0,0,2,9,2
11,6,11,26.1,1,1,0,14,0
8,4,8,11.7,1,1,6,18,6
6,1,6,8.6,1,1,1,6,0
18,1,18,29.2,1,1,0,14,0
10,3,10,8.4,0,0,0,1,0
15,5,15,17.6,0,0,2,36,2
17,4,17,23.6,0,0,0,23,0
12,4,12,26.1,0,1,2,12,3
20,0,20,26.7,1,1,2,9,2
11,0,11,26.4,1,1,2,13,2
13,6,13,25.0,0,0,2,4,4
13,0,13,28.3,1,2,9,63,28
15,3,15,30.4,1,1,2,13,2
12,1,12,26.0,1,1,0,2,1
8,0,8,1.5,0,0,2,0,2
12,3,12,18.7,0,0,0,20,0
14,5,14,15.9,1,0,2,8,2
17,6,17,26.6,1,0,14,57,12
18,3,18,23.5,0,0,2,20,2
15,5,15,18.4,0,1,2,28,2
7,4,7,13.9,1,1,0,18,2
20,6,20,10.6,1,0,4,10,2
6,2,6,12.6,1,1,0,10,1
0,0,0,20.1,0,0,0,2,1
5,2,5,9.0,1,0,1,3,0
17,6,17,31.1,1,1,4,72,2
12,1,12,11.4,0,0,2,0,2
11,0,11,7.6,1,0,2,0,3
13,4,13,33.5,1,1,0,36,0
6,5,6,10.5,1,1,2,0,3
19,2,19,24.9,0,1,16,20,2
13,2,13,25.7,1,1,2,9,3
12,1,12,23.9,1,1,0,9,0
21,0,21,20.5,1,1,2,23,2
14,3,14,29.9,0,1,2,30,2
15,0,15,33.2,0,0,2,2,3
10,1,10,23.5,0,1,2,28,2
12,2,12,22.5,1,1,2,3,3
15,2,15,28.6,1,1,0,1,0
9,5,9,6.5,1,0,2,9,3
14,1,14,12.9,1,0,43,39,59
13,2,13,19.0,0,0,16,44,2
16,0,16,18.4,1,1,9,39,28
8,2,8,12.3,1,1,2,0,3
13,3,13,28.1,1,1,0,23,2
7,1,7,13.3,1,1,2,36,2
10,4,10,23.7,1,1,2,0,2
12,6,12,26.8,1,1,2,3,3
17,1,17,18.6,0,0,1,18,0
21,3,21,17.3,0,1,1,17,0
22,1,22,20.1,0,0,2,2,3
13,0,13,26.9,0,0,0,6,0
11,6,11,25.7,0,1,2,13,3
18,3,18,24.9,1,1,1,18,2
13,5,13,15.7,0,0,2,10,4
13,0,13,27.6,1,1,1,6,2
19,1,19,27.3,1,1,0,6,0
5,6,5,9.3,1,0,16,20,2
10,0,10,25.1,1,1,7,98,46
23,4,23,7.3,0,0,11,25,6
16,3,16,12.4,1,0,2,20,2
13,5,13,15.8,0,0,2,6,3
18,1,18,10.7,0,0,0,13,0
20,3,20,23.0,0,0,2,2,2
15,5,15,27.0,1,1,2,14,3
10,5,10,23.0,1,1,2,0,3
11,4,11,15.4,1,1,2,11,13
3,4,3,5.3,0,0,17,3,14
18,1,18,23.3,1,1,2,13,2
13,6,13,17.4,1,1,2,12,3
12,4,12,23.7,1,1,24,17,5
19,5,19,12.9,0,1,0,9,1
16,3,16,30.7,1,1,0,3,2
7,2,7,14.2,1,1,16,20,3
11,1,11,22.7,1,1,2,8,2
21,3,21,11.0,0,0,0,9,1
22,1,22,21.5,1,1,19,32,15
9,5,9,22.9,1,1,2,31,13
20,0,20,11.6,0,0,2,6,3
4,0,4,16.0,1,0,2,6,3
6,5,6,8.6,1,0,2,7,2
16,4,16,31.3,1,1,2,23,2
3,4,3,6.0,0,0,2,7,2
17,6,17,17.6,0,0,16,3,2
2,3,2,14.9,0,0,2,1,3
12,1,12,12.2,0,0,16,134,3
22,3,22,19.9,1,1,19,32,15
19,2,19,26.1,0,0,1,2,0
12,1,12,26.2,1,1,2,28,2
20,6,20,23.9,0,0,2,27,2
10,2,10,26.2,1,1,2,19,4
11,4,11,21.7,0,0,2,1,3
13,6,13,31.7,1,0,15,29,4
6,5,6,-1.3,0,0,6,18,6
10,1,10,23.4,1,1,2,20,4
13,3,13,11.2,1,0,2,10,2
20,3,20,23.4,1,1,0,15,0
23,3,23,19.1,1,1,2,48,13
14,1,14,13.0,1,0,2,13,2
12,6,12,14.6,0,0,2,10,4
19,6,19,14.0,0,0,5,23,5
7,0,7,13.2,1,1,4,10,2
21,1,21,22.8,1,1,2,10,2
12,3,12,20.8,1,1,7,36,43
10,1,10,22.4,1,1,2,14,2
14,4,14,30.0,1,1,1,6,2
21,5,21,18.9,0,1,2,13,3
13,1,13,29.9,1,1,2,13,3
8,6,8,16.9,1,1,0,12,1
16,3,16,16.2,1,1,2,20,13
14,2,14,11.5,1,0,14,63,12
17,5,17,31.8,1,1,2,14,3
15,1,15,30.5,1,1,0,0,1
15,4,15,15.1,0,1,9,104,58
2,1,2,9.5,1,0,11,25,11
4,0,4,4.6,1,0,2,27,2
8,5,8,14.2,1,1,2,44,2
11,2,11,15.4,1,1,0,9,1
5,6,5,11.1,1,0,11,25,6
13,5,13,28.8,0,0,2,36,2
6,3,6,13.9,0,1,22,37,4
7,0,7,12.5,1,1,2,8,2
19,3,19,23.6,1,1,1,18,0
10,5,10,20.5,0,0,2,8,2
21,6,21,22.1,1,1,2,23,2
7,1,7,11.5,1,1,0,9,0
2,6,2,2.7,1,0,11,25,6
12,3,12,27.6,1,1,0,2,0
21,4,21,18.9,0,1,2,13,3
0,6,0,11.0,0,0,8,96,8
13,2,13,29.1,0,0,2,18,2
9,2,9,19.7,1,1,7,69,17
22,2,22,15.0,1,1,19,32,15
16,3,16,34.4,0,0,7,34,16
11,0,11,22.2,1,1,2,15,2
4,5,4,13.6,0,0,3,5,13
21,6,21,19.0,1,1,0,27,0
16,0,16,14.1,1,0,2,9,2
12,3,12,27.1,1,1,0,13,0
15,6,15,29.7,1,1,0,61,0
2,5,2,5.3,0,3,11,25,6
13,5,13,25.9,0,0,2,10,4
12,5,12,11.3,1,0,9,41,19
19,6,19,30.0,1,1,1,18,2
17,2,17,23.7,1,0,2,13,3
11,5,11,22.1,1,0,2,30,2
12,5,12,26.5,1,1,2,0,3
4,6,4,0.4,0,0,3,5,13
17,1,17,13.9,1,1,2,14,3
15,4,15,29.2,1,1,0,40,0
16,5,16,15.4,1,0,9,63,39
12,4,12,29.6,1,1,2,3,3
15,3,15,31.6,1,1,2,58,2
17,5,17,31.7,1,0,2,21,2
6,5,6,8.0,1,1,2,0,2
13,1,13,31.1,0,1,0,28,0
5,4,5,15.5,1,0,2,6,3
8,1,8,16.3,1,1,2,23,2
18,1,18,23.5,1,0,0,1,1
13,1,13,31.3,1,1,0,23,2
5,4,5,10.0,0,0,21,23,5
6,5,6,20.0,1,1,0,3,2
10,3,10,22.9,1,1,2,13,2
13,0,13,27.5,1,1,2,14,3
17,1,17,35.9,1,1,2,23,2
19,3,19,26.7,1,1,1,18,0
16,0,16,29.6,1,1,4,10,5
0,5,0,16.2,1,0,2,68,4
22,6,22,20.6,1,1,19,32,15
11,6,11,25.0,1,1,2,11,13
20,1,20,23.4,1,1,22,37,13
12,6,12,19.7,0,0,28,76,14
20,4,20,9.3,1,0,2,1,2
13,3,13,25.4,0,0,2,7,2
15,3,15,33.1,1,1,2,13,2
6,4,6,15.6,1,1,4,10,2
6,2,6,14.8,1,1,0,10,1
22,3,22,23.1,1,1,0,0,0
16,2,16,18.0,1,1,2,8,2
7,4,7,8.9,1,1,3,5,13
8,1,8,16.6,1,1,2,6,3
9,0,9,19.4,1,1,7,88,17
13,3,13,13.7,0,0,5,44,5
1,3,1,15.8,1,0,5,20,5
10,1,10,28.7,1,1,7,71,19
18,2,18,17.6,1,1,2,13,2
22,0,22,21.0,1,1,2,10,2
12,3,12,12.8,1,0,0,0,0
16,1,16,31.6,1,1,1,27,1
21,6,21,23.6,1,1,4,10,2
7,1,7,11.6,1,1,4,10,15
14,1,14,29.9,1,1,0,10,0
13,1,13,27.7,1,1,15,29,4
4,1,4,4.9,0,0,21,23,5
13,0,13,29.6,0,0,1,27,0
12,6,12,27.1,0,0,2,10,4
10,6,10,6.4,0,0,2,14,3
1,0,1,9.4,1,0,11,25,6
18,4,18,35.6,1,1,2,10,4
14,0,14,28.3,1,1,0,21,0
19,0,19,30.8,1,1,2,9,2
11,4,11,27.7,1,1,2,12,2
11,5,11,23.8,0,1,2,23,2
20,5,20,19.7,0,0,11,25,11
2,2,2,16.6,0,0,2,20,3
15,6,15,30.6,1,1,2,10,2
18,4,18,28.2,1,0,0,15,0
15,0,15,29.6,1,1,6,18,6
8,4,8,16.6,1,1,2,10,3
15,0,15,13.4,1,0,1,2,0
5,4,5,15.1,0,0,11,25,11
17,4,17,29.7,1,1,2,20,4
18,5,18,14.5,1,0,0,1,0
4,0,4,14.6,1,0,0,2,0
17,1,17,30.6,1,1,1,14,2
14,4,14,9.2,1,3,0,6,1
21,6,21,22.2,0,1,2,13,2
15,4,15,34.5,0,0,2,8,3
16,4,16,25.3,1,0,2,58,2
13,0,13,31.7,1,1,13,26,10
15,6,15,19.7,1,0,23,43,4
13,6,13,15.1,0,0,2,18,2
18,4,18,27.6,1,1,2,9,2
7,5,7,14.3,1,1,3,5,13
18,4,18,29.4,0,1,0,28,0
18,3,18,26.4,0,0,2,2,3
11,1,11,14.1,0,0,43,39,59
23,6,23,6.0,1,0,2,48,13
12,5,12,31.2,1,1,1,42,0
14,6,14,21.1,0,0,5,20,5
13,6,13,27.8,1,1,2,2,3
15,5,15,33.3,1,1,1,3,3
23,0,23,10.8,1,1,2,68,4
12,2,12,18.6,0,1,2,15,2
8,4,8,9.6,1,0,0,9,1
22,4,22,23.2,0,1,0,28,0
6,5,6,-3.0,1,0,2,8,3
8,4,8,10.8,1,1,8,5,8
11,6,11,25.3,1,1,2,8,3
6,6,6,10.9,1,0,2,6,2
8,3,8,14.7,1,1,2,44,2
18,4,18,28.4,1,1,0,27,0
0,3,0,9.2,0,0,17,23,14
21,1,21,10.7,0,0,16,20,3
20,0,20,20.3,0,0,18,31,4
9,0,9,19.6,1,1,0,8,0
19,5,19,33.4,0,0,11,25,11
15,6,15,29.6,1,1,0,7,0
13,1,13,31.0,1,1,1,2,0
22,1,22,4.6,0,0,2,9,3
6,4,6,12.6,1,1,11,25,11
8,3,8,7.0,1,0,1,2,1
15,1,15,24.7,0,0,2,14,2
10,1,10,18.2,1,1,0,8,0
16,1,16,22.6,1,1,16,20,3
16,1,16,25.9,0,0,9,73,9
5,3,5,10.8,0,0,3,5,13
21,5,21,8.4,1,0,13,53,8
17,3,17,29.2,1,1,0,27,0
21,6,21,18.9,1,0,16,20,3
14,2,14,27.5,1,1,2,0,3
9,4,9,20.0,1,1,1,44,1
12,3,12,9.8,1,1,7,34,36
19,0,19,23.1,0,0,2,12,3
17,1,17,16.8,1,0,0,27,0
10,4,10,21.4,1,1,2,6,3
0,6,0,9.4,0,0,0,18,0
14,0,14,34.1,1,1,2,28,2
16,6,16,33.5,1,1,1,14,2
21,0,21,18.7,1,1,25,11,13
16,2,16,7.4,1,0,2,5,13
21,4,21,22.9,0,1,1,16,2
22,4,22,18.1,0,1,0,0,0
19,6,19,15.4,1,1,2,9,2
11,5,11,16.6,0,1,0,36,0
19,0,19,33.9,1,1,2,2,3
13,2,13,18.8,1,3,9,67,39
19,0,19,26.1,1,1,2,14,3
13,4,13,25.3,0,0,16,44,2
20,3,20,19.9,1,1,2,9,2
16,5,16,20.9,1,0,2,21,2
19,5,19,9.4,0,0,2,0,2
21,3,21,20.1,1,1,0,18,0
17,6,17,16.5,1,1,0,14,0
8,1,8,15.5,0,1,20,33,5
22,4,22,21.9,0,0,2,3,3
17,2,17,12.2,0,0,2,18,2
4,0,4,12.5,0,0,2,20,2
13,4,13,10.3,0,0,0,3,1
23,6,23,15.6,1,1,2,48,13
12,3,12,27.7,1,1,2,12,2
8,0,8,15.6,1,1,2,7,3
8,1,8,10.2,1,1,5,11,5
8,6,8,11.6,1,1,0,10,0
21,1,21,12.5,0,0,13,26,10
15,2,15,27.2,0,1,2,9,3
16,3,16,31.7,1,1,0,15,0
6,1,6,11.5,1,1,2,2,2
8,1,8,18.4,1,1,2,44,2
10,2,10,25.6,1,1,2,10,3
8,5,8,12.9,1,1,0,15,0
7,2,7,14.0,0,0,25,62,13
16,4,16,17.8,1,0,7,82,28
19,0,19,29.2,1,1,2,15,2
9,4,9,4.3,0,0,2,9,3
7,5,7,13.5,1,1,2,7,2
16,3,16,30.5,1,1,0,15,0
9,4,9,24.2,1,1,2,14,2
16,1,16,31.7,1,1,6,18,21
12,0,12,26.1,1,1,2,3,2
12,1,12,11.6,1,0,2,3,3
7,5,7,11.4,1,1,2,13,3
13,4,13,16.1,1,1,0,15,0
17,6,17,26.6,1,1,0,0,0
10,0,10,26.1,0,1,7,34,36
14,1,14,25.6,0,1,1,6,0
18,2,18,12.4,1,0,16,20,3
7,3,7,10.1,1,1,2,9,2
21,0,21,24.8,0,1,0,9,0
9,3,9,21.3,0,1,2,8,3
22,3,22,19.5,1,1,25,11,13
18,1,18,30.3,1,1,0,40,0
9,1,9,16.3,1,1,0,21,0
11,6,11,24.0,0,0,0,23,2
5,5,5,1.0,1,0,2,8,3
6,5,6,15.6,1,1,4,10,2
15,0,15,29.7,1,1,1,13,2
1,4,1,11.1,1,0,8,11,8
9,4,9,19.6,1,1,2,31,13
18,6,18,15.0,1,1,2,18,2
22,6,22,21.5,1,1,25,11,23
23,5,23,21.8,0,0,2,6,3
14,3,14,19.5,1,1,2,2,2
14,6,14,15.8,0,0,2,0,2
21,6,21,17.1,0,0,2,23,3
7,5,7,14.4,1,1,2,23,2
21,0,21,8.8,1,0,24,5,5
13,0,13,29.0,1,1,0,23,0
8,0,8,14.6,1,1,1,13,2
6,0,6,13.4,1,1,1,6,1
6,5,6,9.8,1,1,2,7,2
17,2,17,26.3,1,1,2,40,2
12,0,12,18.4,1,1,2,6,3
17,2,17,24.9,1,0,0,2,0
23,1,23,18.5,1,1,26,47,10
12,5,12,26.0,1,1,1,42,2
0,5,0,18.8,1,1,1,0,0
22,5,22,12.1,0,0,16,20,3
7,4,7,9.0,1,1,4,10,15
7,4,7,9.9,1,1,2,0,2
13,2,13,13.7,0,0,2,5,13
15,1,15,31.4,1,1,4,10,2
22,2,22,25.5,1,1,19,32,15
13,6,13,27.5,1,1,1,6,0
13,5,13,15.0,0,0,16,44,2
8,0,8,9.0,0,0,0,6,1
21,2,21,19.1,1,0,1,2,0
19,4,19,10.6,1,0,0,18,0
6,3,6,13.9,1,1,2,0,3
18,5,18,14.8,0,0,1,44,0
10,2,10,9.6,1,1,9,39,48
13,5,13,14.2,0,0,3,5,0
17,6,17,28.0,1,1,1,60,0
18,0,18,11.0,0,0,0,23,0
6,4,6,15.1,1,1,1,3,1
20,1,20,16.4,0,0,2,20,4
16,3,16,16.3,1,1,2,44,2
23,1,23,6.7,1,0,2,68,4
6,5,6,9.8,1,1,2,6,3
23,3,23,20.5,0,0,3,5,0
19,6,19,8.8,1,0,0,40,0
7,3,7,7.7,1,1,2,15,3
20,0,20,13.2,1,0,2,8,2
10,0,10,22.2,1,1,2,13,3
13,5,13,26.5,0,0,6,18,6
17,3,17,27.2,0,1,0,6,1
19,0,19,27.5,1,1,1,18,0
10,2,10,24.3,1,1,2,10,3
11,1,11,26.6,1,1,0,13,0
23,2,23,18.2,1,1,19,32,15
21,3,21,17.1,1,1,2,23,2
21,4,21,20.0,0,0,0,3,2
21,0,21,19.7,1,1,2,10,2
13,1,13,25.8,1,1,2,36,2
14,3,14,27.8,0,1,0,10,1
14,1,14,26.9,1,1,2,0,2
20,2,20,28.2,1,1,0,15,0
16,4,16,35.8,1,1,2,30,3
10,4,10,20.9,1,1,2,10,3
20,6,20,9.2,1,0,21,25,5
9,6,9,22.0,1,1,2,9,3
21,1,21,18.8,1,1,0,0,0
16,5,16,27.9,1,1,6,18,6
19,2,19,9.6,1,0,1,18,2
20,4,20,22.9,1,1,2,23,3
20,3,20,15.6,1,0,0,1,1
19,4,19,11.2,0,0,0,15,0
4,1,4,-0.1,1,0,0,44,0
17,4,17,31.2,0,1,1,5,0
22,2,22,19.6,1,1,25,11,13
17,6,17,27.4,0,0,7,79,28
19,1,19,14.3,0,0,2,0,3
11,1,11,29.9,1,1,2,21,2
15,0,15,19.1,0,0,2,15,3
15,5,15,30.8,0,0,0,0,1
19,2,19,12.8,1,0,2,15,2
20,2,20,23.8,1,0,2,7,2
8,5,8,13.9,1,1,2,28,2
20,1,20,25.4,1,1,0,0,0
13,3,13,11.2,0,1,7,39,28
5,3,5,15.1,1,0,4,10,15
11,2,11,14.5,1,0,2,0,2
13,6,13,29.5,1,1,1,6,0
4,6,4,7.2,1,0,2,9,3
21,1,21,21.3,1,1,0,10,1
23,2,23,17.8,1,1,2,10,2
18,2,18,35.8,1,1,2,23,2
18,2,18,28.2,1,1,1,6,0
19,5,19,29.2,1,1,2,7,2
12,3,12,31.8,1,1,1,42,2
16,5,16,31.0,1,1,2,20,2
11,1,11,24.4,0,0,2,70,4
6,2,6,14.9,0,1,2,68,4
12,4,12,15.4,0,0,1,14,1
14,0,14,26.4,0,0,2,2,3
21,5,21,24.7,1,1,4,10,2
12,3,12,15.9,1,0,5,11,5
21,0,21,18.3,0,0,1,17,0
9,4,9,16.4,1,0,2,14,2
19,1,19,24.8,1,1,0,2,0
12,3,12,13.2,1,3,32,6,35
11,2,11,13.2,1,0,2,6,3
19,0,19,21.9,1,0,0,2,0
15,3,15,20.6,1,0,5,11,5
6,4,6,3.3,1,0,2,7,3
12,2,12,22.4,1,1,10,24,10
20,0,20,26.3,1,1,5,11,5
21,5,21,22.5,0,0,2,2,3
20,2,20,27.6,1,1,2,2,2
11,5,11,24.9,0,0,9,0,67
8,1,8,6.8,0,0,2,26,4
14,3,14,12.7,0,0,2,12,3
11,3,11,23.4,1,1,0,14,0
14,3,14,29.8,1,1,6,18,20
1,6,1,10.9,0,0,17,76,14
15,1,15,29.5,1,1,7,6,27
11,3,11,23.5,1,1,31,74,34
16,2,16,29.6,0,0,2,2,3
12,2,12,29.7,1,1,2,20,3
18,0,18,26.6,1,1,2,23,2
17,0,17,18.6,0,0,2,13,3
11,0,11,14.3,0,0,2,6,3
9,5,9,12.6,1,1,9,7,25
10,6,10,23.6,1,1,22,37,4
20,3,20,23.1,0,0,2,13,3
19,4,19,33.9,1,1,0,6,0
7,6,7,13.3,1,1,2,12,2
9,0,9,6.9,1,0,7,34,36
19,2,19,10.0,0,0,0,2,0
21,2,21,4.1,0,0,1,2,1
21,2,21,22.5,0,1,2,0,3
18,1,18,30.6,1,1,2,0,2
21,3,21,21.6,1,1,2,1,3
10,3,10,18.2,1,1,2,0,2
19,1,19,14.8,1,0,1,8,0
9,2,9,24.5,1,1,22,37,4
7,5,7,12.5,0,0,2,23,3
15,6,15,32.8,1,1,0,61,0
22,4,22,18.4,1,1,6,18,6
15,6,15,17.4,1,0,5,23,5
16,5,16,26.0,1,0,0,27,1
20,3,20,22.1,1,1,0,20,0
7,0,7,14.9,1,1,2,13,3
14,3,14,32.2,1,1,0,21,0
11,6,11,22.9,1,0,5,11,5
10,0,10,8.9,1,0,7,34,16
6,3,6,9.9,1,1,2,21,2
14,3,14,13.4,0,0,2,18,2
19,3,19,30.5,0,0,31,8,34
3,4,3,15.1,1,0,27,23,5
14,4,14,15.9,0,0,2,13,2
15,2,15,18.9,1,1,0,14,0
12,0,12,26.7,1,1,2,13,3
19,1,19,32.2,1,1,1,6,0
12,6,12,27.4,0,0,26,47,10
10,6,10,24.2,1,1,0,21,0
6,6,6,8.6,1,1,2,2,3
12,3,12,22.2,0,1,1,89,0
12,4,12,9.5,1,0,0,2,0
6,6,6,8.8,1,1,3,5,13
13,0,13,32.4,1,1,2,2,3
15,5,15,16.5,1,0,2,13,2
19,5,19,27.9,0,0,1,14,1
22,6,22,22.8,1,1,4,10,2
19,4,19,23.9,1,1,4,10,2
21,0,21,10.6,0,0,2,3,3
12,5,12,23.7,1,1,2,28,2
18,3,18,15.2,0,0,0,14,1
10,3,10,29.7,1,1,0,0,0
11,4,11,9.6,0,3,0,9,1
14,5,14,28.3,1,1,13,26,10
12,5,12,29.6,1,1,12,23,4
19,4,19,27.7,1,1,0,2,0
13,5,13,28.8,0,0,0,14,1
22,4,22,19.1,0,1,0,3,0
20,5,20,27.0,0,0,2,21,2
11,4,11,26.9,1,1,2,13,2
10,6,10,27.5,1,1,2,13,2
12,0,12,15.4,0,0,3,5,0
14,1,14,13.0,0,1,9,117,24
11,4,11,25.7,1,1,0,9,0
19,3,19,28.2,1,1,2,14,2
23,4,23,17.6,1,0,2,11,4
22,2,22,18.8,1,1,6,18,6
8,2,8,14.3,1,1,2,21,2
11,3,11,23.2,1,1,0,28,0
14,3,14,28.2,0,0,31,64,40
19,0,19,15.2,1,0,1,9,0
18,1,18,30.2,1,1,2,18,2
18,6,18,24.3,1,0,2,13,3
20,5,20,7.1,1,0,2,8,3
16,5,16,17.0,0,0,0,5,2
13,3,13,16.4,0,0,2,13,3
0,2,0,9.8,1,0,11,25,6
22,2,22,15.3,0,1,2,8,3
8,3,8,0.7,0,0,77,23,5
14,2,14,18.7,1,0,2,15,3
13,5,13,17.7,0,0,4,10,4
10,5,10,13.3,0,0,2,2,3
11,0,11,26.0,1,1,0,36,0
13,6,13,22.9,0,0,0,14,0
17,2,17,28.8,1,1,2,40,2
20,4,20,23.5,0,1,1,40,1
15,5,15,16.5,1,0,0,14,0
2,6,2,16.5,1,0,11,25,6
7,1,7,11.7,1,1,31,64,33
13,4,13,16.3,0,1,4,72,2
13,2,13,10.2,0,0,2,5,13
13,1,13,31.2,1,1,1,14,1
17,2,17,24.9,0,0,7,9,17
6,0,6,13.3,1,1,4,10,2
2,2,2,15.2,1,0,2,20,3
13,0,13,15.7,0,0,0,20,0
19,2,19,23.5,1,1,0,18,2
9,0,9,12.8,1,0,7,34,16
19,6,19,25.8,1,1,1,9,0
21,4,21,22.1,0,1,2,3,2
11,5,11,9.5,0,0,2,8,3
17,3,17,14.4,1,0,5,11,5
8,0,8,13.9,1,1,2,0,3
20,3,20,11.6,0,0,1,42,0
21,5,21,8.5,1,0,7,1,17
11,0,11,17.6,1,1,0,6,0
13,0,13,28.6,1,1,2,8,2
13,1,13,28.3,1,1,2,14,2
3,1,3,17.9,0,0,11,25,6
4,6,4,2.3,1,0,4,10,15
3,5,3,16.8,0,0,2,8,2
19,6,19,25.5,1,1,1,18,0
12,5,12,25.9,1,1,2,3,3
12,1,12,15.6,1,0,2,14,3
18,2,18,15.1,0,0,0,28,0
23,5,23,8.3,0,0,47,11,14
21,4,21,19.6,0,1,2,8,3
22,0,22,12.1,1,1,2,1,3
10,4,10,13.4,1,1,2,7,3
11,3,11,14.9,1,0,2,20,3
16,2,16,13.2,0,0,2,8,2
5,1,5,12.8,1,0,5,17,5
10,4,10,21.1,1,1,2,40,3
21,5,21,18.0,1,1,0,9,1
8,6,8,10.1,1,1,30,10,31
16,5,16,36.1,1,1,1,13,0
13,6,13,20.5,1,0,0,134,0
22,2,22,19.4,0,1,2,0,3
8,2,8,12.3,1,1,22,37,4
10,1,10,10.4,1,0,1,0,0
7,1,7,8.6,1,1,2,8,2
19,5,19,12.2,0,0,0,21,0
16,4,16,23.3,1,0,0,10,0
15,6,15,30.5,1,1,2,13,2
18,6,18,17.7,1,1,2,13,2
11,5,11,12.6,1,0,2,8,3
8,5,8,10.1,1,1,1,40,0
0,2,0,9.0,0,0,2,20,3
14,2,14,15.1,0,0,2,20,13
17,5,17,19.6,1,1,1,60,1
18,0,18,12.3,1,0,0,14,0
20,2,20,17.7,0,0,0,14,0
13,6,13,20.9,0,0,3,5,0
10,1,10,27.1,1,1,0,21,0
12,6,12,18.8,0,0,2,23,3
16,4,16,29.3,1,0,2,21,2
7,1,7,15.2,1,1,1,6,1
18,5,18,13.8,1,0,2,0,3
21,0,21,24.5,1,1,0,8,0
18,3,18,22.3,0,0,7,74,7
4,2,4,15.4,0,0,2,20,2
4,2,4,10.7,1,0,0,1,1
6,2,6,14.3,1,1,2,6,2
8,6,8,14.4,1,1,2,40,2
18,2,18,18.0,1,1,2,13,2
8,2,8,17.5,0,0,13,26,10
14,4,14,24.5,1,1,2,13,3
22,2,22,20.6,1,1,2,26,4
23,1,23,17.8,1,1,25,11,13
20,5,20,13.4,0,0,5,6,5
11,6,11,10.5,0,0,2,0,2
15,3,15,29.2,1,1,2,8,3
18,0,18,25.5,1,0,0,2,0
6,4,6,11.9,1,1,4,10,15
13,6,13,17.4,1,1,2,6,2
18,2,18,10.1,0,0,2,28,2
8,1,8,17.9,1,1,2,14,3
11,5,11,12.7,0,1,7,67,98
12,6,12,11.3,1,0,2,3,3
0,0,0,7.1,0,0,2,10,13
7,4,7,11.7,1,1,2,12,2
23,1,23,17.1,1,0,2,48,13
23,6,23,19.1,1,1,2,68,13
19,6,19,24.9,1,1,2,1,3
11,3,11,17.6,1,0,2,20,2
21,6,21,19.0,1,1,2,7,3
16,3,16,34.5,0,0,7,34,16
12,4,12,14.3,0,0,3,5,0
15,0,15,28.4,0,0,2,6,2
11,2,11,28.5,1,1,2,13,2
1,0,1,9.0,0,0,34,76,12
21,0,21,25.1,1,1,0,8,0
14,6,14,30.6,1,1,2,20,2
19,6,19,26.8,1,1,0,18,2
14,1,14,27.7,1,1,2,7,3
8,3,8,15.1,1,1,0,16,0
12,0,12,16.0,1,0,6,34,16
18,2,18,14.4,0,0,2,40,3
20,6,20,22.0,0,0,18,31,4
17,5,17,31.3,0,0,1,8,1
22,5,22,23.1,1,1,25,11,23
12,2,12,27.2,1,1,7,39,28
19,3,19,9.8,1,0,0,14,0
11,4,11,27.6,1,1,2,40,3
14,4,14,33.5,1,1,2,10,2
13,1,13,27.6,1,1,12,23,4
11,6,11,12.8,1,3,9,79,28
18,4,18,23.2,0,0,2,31,13
16,0,16,31.2,1,1,6,18,6
4,1,4,9.6,1,0,11,25,6
17,6,17,30.2,1,1,4,10,13
15,5,15,27.6,1,1,2,3,2
22,4,22,24.1,1,1,2,26,4
19,4,19,25.7,1,1,2,1,3
10,4,10,21.1,0,0,0,14,0
15,4,15,35.6,1,1,5,10,5
11,5,11,7.4,1,0,5,11,5
20,3,20,10.3,0,0,0,8,0
3,4,3,1.2,1,0,34,10,12
9,0,9,20.4,1,1,21,11,5
6,4,6,12.5,1,1,2,9,3
20,1,20,25.8,1,1,2,23,2
1,1,1,18.0,0,0,0,27,0
19,1,19,13.9,1,0,16,3,3
20,5,20,23.8,0,0,0,14,0
12,1,12,26.7,1,1,2,3,3
12,1,12,25.4,1,1,11,25,11
23,6,23,20.2,0,1,0,10,0
6,3,6,6.1,0,0,21,23,5
22,1,22,20.7,0,1,0,15,0
12,1,12,17.1,0,0,1,14,1
12,2,12,29.7,1,1,9,16,19
19,6,19,29.8,0,0,2,8,3
10,4,10,20.2,1,1,2,28,3
12,5,12,26.3,1,1,10,24,10
11,1,11,14.5,1,0,2,28,2
23,4,23,18.0,0,0,1,8,1
21,2,21,22.8,1,1,4,10,2
18,5,18,28.4,1,1,1,9,0
23,6,23,21.5,1,1,2,48,13
6,0,6,12.6,1,1,2,8,3
23,2,23,25.3,1,1,20,33,5
11,4,11,13.6,1,0,0,9,1
7,0,7,10.7,1,1,2,15,2
12,0,12,24.8,1,1,0,28,0
16,6,16,18.3,1,0,1,6,2
10,1,10,21.3,0,1,2,21,2
22,6,22,22.9,1,1,2,7,3
16,3,16,26.4,1,0,0,8,0
16,5,16,16.0,0,0,2,6,3
10,1,10,23.3,1,1,2,14,2
21,6,21,21.6,1,1,2,26,4
18,4,18,15.3,1,0,2,18,2
13,0,13,31.6,1,1,2,14,2
2,0,2,8.4,0,0,11,25,6
21,5,21,16.2,1,0,4,10,2
22,2,22,15.2,0,1,2,20,3
11,1,11,26.7,1,1,2,20,13
14,5,14,34.5,1,1,7,69,17
6,5,6,14.1,0,1,2,68,13
7,6,7,12.6,1,1,5,11,5
12,0,12,26.8,1,1,5,11,5
22,6,22,19.7,1,1,19,32,15
20,3,20,17.0,1,1,0,1,0
13,4,13,16.5,1,0,1,8,0
12,2,12,18.3,1,1,2,3,4
20,0,20,11.0,1,0,69,1,95
13,5,13,29.2,0,0,0,27,1
5,5,5,7.9,1,0,17,11,14
0,2,0,20.1,0,0,11,25,6
9,4,9,16.7,0,1,2,8,3
17,1,17,12.0,1,0,43,39,59
13,6,13,22.8,0,0,6,40,26
22,6,22,20.5,1,1,19,32,15
13,6,13,19.0,1,0,2,14,3
5,1,5,1.5,0,0,2,5,13
12,1,12,19.4,1,1,7,28,47
13,5,13,25.8,0,1,2,0,2
13,2,13,13.4,1,0,2,15,3
11,5,11,23.5,0,1,2,0,2
19,0,19,30.7,1,1,0,18,2
5,5,5,8.0,1,0,11,25,6
6,5,6,4.4,0,0,26,47,10
13,6,13,27.7,1,0,16,20,3
3,4,3,4.7,1,0,17,11,18
10,2,10,15.8,1,1,2,2,2
12,2,12,13.5,0,1,7,34,16
6,1,6,2.7,1,1,9,104,58
9,5,9,16.6,1,1,1,17,0
19,6,19,28.2,0,1,2,12,3
9,1,9,19.4,1,1,2,0,3
20,2,20,10.4,1,0,0,10,1
23,4,23,20.9,0,0,2,18,2
17,5,17,31.1,0,1,16,20,3
10,6,10,9.0,1,1,1,13,0
19,4,19,27.7,1,1,2,13,2
13,0,13,9.7,1,0,0,23,0
19,2,19,25.1,1,1,2,20,2
14,2,14,17.3,1,0,9,39,24
17,2,17,30.0,0,1,1,44,1
1,5,1,5.7,1,0,2,20,3
18,0,18,24.4,1,0,0,18,0
11,4,11,24.7,1,1,2,13,2
22,4,22,18.0,0,0,0,6,0
11,1,11,23.4,1,1,2,11,13
11,4,11,17.5,1,0,0,9,1
18,1,18,35.3,0,0,1,5,2
15,6,15,24.4,1,1,0,13,0
20,6,20,22.5,1,1,2,0,3
0,2,0,12.4,0,0,11,25,6
10,4,10,24.3,1,1,8,5,8
12,5,12,25.8,1,1,1,2,0
23,0,23,23.6,1,1,1,0,0
19,3,19,22.8,1,1,0,40,0
20,2,20,21.7,0,0,16,20,3
18,1,18,19.8,1,1,2,13,3
9,5,9,8.2,1,0,2,2,3
15,0,15,28.2,1,1,2,3,3
17,5,17,33.0,1,1,9,73,48
20,0,20,17.6,1,0,7,14,17
15,1,15,29.7,0,0,9,34,106
19,1,19,17.5,1,1,0,14,0
14,0,14,15.5,1,0,16,20,3
13,2,13,20.9,0,0,1,27,0
23,1,23,16.8,0,0,2,58,2
14,5,14,20.8,0,0,2,10,13
16,4,16,33.0,1,0,2,23,2
16,5,16,29.6,1,0,2,8,2
13,4,13,28.8,1,1,13,26,10
8,0,8,11.0,0,1,2,26,4
17,2,17,29.9,1,1,7,34,16
12,6,12,25.9,1,1,2,10,3
7,2,7,12.7,1,1,2,12,2
6,4,6,12.3,1,1,4,10,15
7,6,7,13.1,1,1,4,10,2
10,4,10,16.1,0,0,2,6,3
17,1,17,23.1,1,1,2,8,2
11,6,11,13.1,0,0,2,23,3
21,3,21,21.0,1,1,0,10,1
13,2,13,28.0,1,1,2,3,3
18,3,18,25.0,1,1,2,13,2
8,5,8,14.5,1,1,2,0,2
13,3,13,28.3,1,1,11,25,11
17,0,17,8.2,0,0,43,69,17
10,5,10,25.4,1,0,0,14,0
12,2,12,18.4,0,1,2,0,2
10,5,10,15.3,1,0,12,23,4
19,4,19,27.9,1,1,0,1,0
12,2,12,28.3,1,1,2,13,2
16,6,16,29.0,1,1,1,0,0
16,0,16,29.2,1,1,2,5,8
16,5,16,36.3,1,1,0,10,0
15,2,15,29.9,0,0,1,13,2
22,2,22,16.1,1,1,20,33,5
8,1,8,20.1,1,1,2,18,2
13,6,13,28.6,1,1,12,23,4
10,2,10,13.9,1,1,2,18,3
6,6,6,12.6,1,1,16,20,2
21,4,21,21.1,0,0,0,2,1
4,3,4,16.3,1,0,0,1,0
6,4,6,10.1,0,0,2,68,13
12,3,12,26.2,1,1,2,13,2
14,2,14,11.2,1,0,2,12,3
18,5,18,23.8,0,1,0,9,1
14,1,14,24.7,1,0,9,51,102
13,1,13,28.2,1,1,13,26,10
16,2,16,14.6,0,0,2,13,3
19,3,19,29.1,1,1,47,23,14
6,3,6,5.2,0,0,2,68,13
13,1,13,27.9,1,1,2,13,3
17,3,17,27.7,0,1,2,3,2
14,3,14,14.0,1,0,0,6,1
7,0,7,13.0,1,1,0,138,0
12,2,12,29.4,1,1,7,86,17
7,4,7,11.7,1,1,2,2,2
14,2,14,25.5,1,1,0,6,1
13,3,13,30.3,1,1,12,23,4
10,1,10,10.2,0,0,15,29,4
16,1,16,29.7,1,1,2,20,3
20,6,20,22.2,0,0,2,14,2
23,3,23,19.1,1,1,25,62,13
12,2,12,17.9,0,0,0,2,0
18,4,18,27.1,1,1,1,8,0
17,4,17,11.8,0,0,2,2,3
16,6,16,19.9,0,0,4,10,2
21,2,21,22.7,1,1,2,26,4
9,4,9,12.0,1,1,2,18,2
9,4,9,19.5,1,1,2,2,3
19,6,19,20.3,1,0,2,7,3
23,0,23,23.8,1,1,6,18,6
1,5,1,19.1,0,0,1,6,2
18,1,18,27.4,1,1,24,5,5
17,1,17,11.6,1,0,2,20,3
6,2,6,9.2,1,0,2,20,13
13,5,13,17.3,0,0,2,1,3
10,0,10,15.6,1,1,2,2,3
7,1,7,14.5,1,1,1,0,0
11,2,11,23.3,1,1,2,7,3
13,5,13,26.8,1,1,91,159,49
20,6,20,23.7,1,1,2,8,2
5,6,5,14.0,1,0,1,2,0
10,3,10,21.2,1,0,2,2,3
20,1,20,10.5,1,0,2,23,2
22,4,22,21.5,0,0,16,20,3
13,0,13,28.1,1,1,2,28,2
13,0,13,11.0,1,0,2,10,2
8,4,8,17.1,1,1,2,0,2
14,2,14,14.2,1,0,7,69,17
19,3,19,20.6,0,1,2,21,2
19,5,19,13.6,0,0,2,7,2
0,0,0,12.8,0,0,1,2,1
18,2,18,9.5,0,0,2,14,3
5,1,5,15.3,1,0,2,1,2
6,0,6,11.1,1,1,2,2,2
12,3,12,27.5,1,1,5,20,5
22,1,22,13.2,0,0,16,20,2
18,5,18,12.6,1,0,16,20,0
14,1,14,27.9,1,1,0,21,0
7,5,7,17.3,1,1,0,18,2
9,0,9,18.1,1,3,7,34,16
15,5,15,28.1,0,0,2,6,2
10,5,10,23.3,1,1,2,6,3
13,2,13,23.1,1,0,2,0,2
17,4,17,27.1,1,1,5,11,5
12,0,12,23.8,1,1,2,18,3
20,0,20,8.7,1,0,4,10,2
3,1,3,18.4,0,0,11,25,6
2,6,2,3.9,1,0,5,23,5
15,5,15,24.9,0,0,1,2,1
18,2,18,28.3,1,1,2,40,2
22,5,22,10.7,0,0,11,25,6
17,2,17,36.4,1,1,2,6,3
15,5,15,28.2,1,1,3,5,0
16,0,16,32.4,1,1,2,30,2
16,5,16,28.1,1,1,2,8,3
13,1,13,18.4,1,0,2,15,2
10,5,10,11.8,1,0,0,36,0
13,2,13,11.5,1,0,0,134,0
4,3,4,0.2,1,0,11,25,6
18,0,18,30.6,1,1,4,10,4
19,4,19,27.6,1,1,2,7,2
14,2,14,11.3,1,0,16,134,2
19,3,19,12.8,0,0,0,14,1
1,1,1,17.9,1,0,3,5,15
23,0,23,20.9,1,1,1,7,0
11,3,11,6.7,1,1,7,15,17
14,5,14,21.9,0,0,0,20,1
19,1,19,7.6,0,0,2,15,3
16,2,16,18.7,1,1,2,44,2
14,1,14,30.3,1,1,2,14,2
19,6,19,27.1,1,1,0,2,0
21,4,21,19.8,0,1,0,44,0
14,4,14,26.8,1,1,2,6,2
19,1,19,8.6,0,0,17,20,18
15,3,15,22.1,1,1,7,34,16
11,3,11,15.4,1,0,2,8,3
10,3,10,26.6,1,1,0,21,0
6,6,6,12.0,1,1,2,0,3
17,6,17,19.8,0,0,0,6,1
16,1,16,30.7,1,1,3,5,0
6,4,6,4.4,0,0,11,25,11
16,3,16,32.1,1,1,9,59,9
0,4,0,17.9,1,0,0,20,0
22,0,22,22.8,0,0,0,14,0
21,5,21,19.5,0,2,0,40,0
21,3,21,17.5,0,0,16,20,3
6,4,6,9.4,0,0,2,48,13
22,1,22,12.9,1,0,13,53,8
19,0,19,13.9,0,1,7,39,28
14,0,14,17.1,0,0,0,0,0
20,4,20,22.9,1,1,2,2,2
18,2,18,26.9,1,1,2,13,2
14,6,14,31.3,1,1,2,10,2
11,5,11,6.7,1,0,7,9,30
20,3,20,26.2,0,1,0,9,0
23,4,23,3.1,0,0,11,25,6
17,4,17,28.7,1,1,0,14,0
5,5,5,11.3,0,0,0,10,0
21,2,21,19.1,1,1,2,26,4
16,1,16,15.1,0,0,70,79,28
8,0,8,18.3,1,1,2,1,2
7,3,7,12.5,1,1,2,19,4
15,6,15,30.5,1,0,1,6,1
9,6,9,20.8,1,1,1,17,0
21,3,21,21.0,1,1,2,23,2
23,2,23,19.9,1,1,2,48,13
11,6,11,7.5,1,0,13,26,10
0,6,0,18.6,0,0,1,18,0
7,5,7,13.4,1,1,4,10,2
9,2,9,20.2,1,1,2,13,2
16,4,16,17.9,1,0,0,15,0
23,0,23,21.3,0,0,0,10,0
16,5,16,27.1,1,1,2,28,2
15,3,15,29.6,1,1,1,2,1
13,5,13,18.3,1,1,0,23,0
22,2,22,21.8,1,1,25,11,13
19,4,19,27.5,1,1,9,75,19
16,1,16,31.2,1,1,4,10,5
23,6,23,22.5,1,1,26,47,10
12,2,12,23.5,1,1,1,13,0
15,5,15,30.7,0,1,2,28,3
1,6,1,15.1,0,0,2,8,2
13,1,13,30.8,1,1,5,46,5
16,6,16,23.1,0,0,9,63,77
14,6,14,27.1,1,1,0,6,0
22,6,22,21.1,1,1,20,33,5
6,5,6,-0.2,0,0,25,11,13
17,0,17,28.4,1,1,7,75,19
18,4,18,10.5,0,0,1,44,1
22,0,22,21.1,1,1,25,11,13
8,3,8,4.8,1,0,0,9,1
22,4,22,19.9,1,1,6,18,21
11,5,11,22.9,1,1,14,57,12
17,3,17,25.4,1,0,7,34,16
16,0,16,29.8,1,1,2,0,2
15,6,15,33.7,1,1,4,72,2
18,5,18,8.4,1,0,2,7,3
22,4,22,23.0,0,1,0,7,1
16,0,16,27.4,1,1,0,13,1
6,0,6,13.9,1,1,2,9,2
11,6,11,25.8,1,1,2,2,3
17,1,17,16.2,0,0,0,14,0
6,5,6,11.1,1,0,2,6,2
8,0,8,14.0,1,1,2,44,2
16,6,16,28.4,1,1,6,18,21
8,6,8,19.7,1,1,2,2,3
6,3,6,3.0,0,0,2,11,4
19,0,19,23.8,1,1,0,0,0
14,2,14,21.6,0,0,1,13,2
22,6,22,15.5,0,0,1,27,0
8,6,8,15.6,1,1,2,0,3
22,6,22,21.6,0,0,2,20,13
17,5,17,21.6,1,0,2,2,3
21,1,21,23.4,1,1,2,10,2
9,3,9,8.8,0,0,5,23,5
17,2,17,30.1,0,1,2,4,4
9,0,9,17.2,1,0,7,34,16
16,0,16,28.0,1,0,0,27,1
6,2,6,8.9,0,0,6,18,6
7,5,7,14.7,1,1,16,20,2
10,2,10,5.4,1,3,7,79,28
16,6,16,34.3,1,1,1,14,0
8,0,8,5.3,1,0,7,34,77
19,0,19,10.7,1,0,0,2,0
7,0,7,13.4,1,1,7,13,17
15,6,15,17.7,1,0,2,2,3
10,0,10,20.2,1,0,7,34,36
14,1,14,27.9,1,1,2,2,3
8,4,8,8.8,1,1,2,13,2
9,0,9,19.7,1,1,2,13,3
17,1,17,28.8,1,1,0,6,0
18,3,18,26.4,1,1,2,18,2
17,1,17,28.4,1,1,1,60,1
19,6,19,28.5,1,1,2,14,2
7,5,7,12.3,0,0,25,62,13
4,6,4,14.7,0,0,7,110,17
15,2,15,28.6,0,0,1,6,0
13,5,13,28.9,1,0,2,30,3
14,2,14,13.8,0,0,0,3,1
12,2,12,17.2,1,1,2,15,3
4,3,4,15.3,0,0,4,10,2
16,5,16,32.3,1,1,0,13,0
17,4,17,29.4,1,1,1,60,0
20,6,20,23.1,1,1,2,6,2
11,6,11,10.5,1,0,2,40,2
12,4,12,13.0,0,1,74,51,24
20,5,20,19.0,0,0,1,61,0
11,0,11,22.4,1,1,7,81,42
15,1,15,27.1,1,0,0,8,0
19,1,19,24.3,1,1,1,14,1
4,3,4,15.5,0,0,4,10,2
16,2,16,35.3,1,1,1,2,2
21,2,21,22.9,0,0,0,6,0
11,5,11,12.7,0,0,2,2,3
2,0,2,0.1,1,0,17,11,14
11,4,11,27.5,1,1,0,9,0
18,5,18,26.4,1,1,2,13,2
15,3,15,20.1,0,3,8,44,8
11,3,11,22.7,0,1,0,13,0
15,3,15,26.8,0,0,2,9,3
11,2,11,21.5,1,1,2,8,3
13,1,13,24.5,0,1,2,14,3
20,1,20,24.2,1,1,2,20,2
10,2,10,15.7,0,1,2,1,2
7,1,7,11.3,1,1,21,11,5
5,0,5,11.9,1,0,2,2,3
21,0,21,22.8,1,1,2,26,4
20,5,20,9.3,0,0,1,42,2
3,6,3,5.3,0,0,17,11,5
13,2,13,14.8,1,0,6,18,6
18,1,18,15.1,0,0,0,13,0
1,0,1,8.4,1,0,2,70,4
11,6,11,17.0,1,1,2,20,3
12,6,12,15.3,0,0,0,2,0
12,4,12,15.4,0,0,2,14,3
10,1,10,21.4,0,1,9,39,17
13,0,13,27.6,0,0,9,41,22
9,2,9,20.2,1,3,7,67,39
12,0,12,26.7,1,0,0,3,2
21,6,21,8.6,1,0,2,1,3
15,3,15,14.8,1,0,2,8,3
12,5,12,11.5,1,0,2,13,3
19,2,19,34.6,1,1,2,0,2
23,1,23,9.4,0,0,2,20,3
16,4,16,30.9,1,1,0,40,0
19,6,19,10.1,1,0,2,9,3
20,1,20,10.1,0,3,6,18,6
12,5,12,21.3,0,0,1,18,0
11,3,11,8.9,1,1,7,2,17
11,5,11,13.9,1,1,0,0,0
5,6,5,3.9,1,0,7,1,17
18,5,18,31.7,1,1,2,15,2
22,4,22,18.4,1,1,47,11,14
21,1,21,27.1,0,0,0,44,0
19,5,19,12.2,1,1,0,2,0
19,0,19,31.2,1,1,2,15,2
14,4,14,28.4,1,1,2,10,2
11,2,11,26.6,1,1,2,9,2
11,6,11,18.5,0,0,2,28,3
21,4,21,19.8,1,1,25,11,13
23,2,23,17.8,1,0,2,48,13
18,3,18,15.1,1,0,17,11,14
21,3,21,25.3,1,1,2,23,3
12,5,12,13.7,0,0,0,6,0
21,5,21,20.5,1,1,25,11,13
6,3,6,10.0,1,1,16,20,3
20,4,20,9.0,0,0,2,26,13
15,4,15,29.0,1,1,2,10,2
11,5,11,19.0,0,0,2,14,2
20,2,20,16.3,1,1,2,1,3
13,0,13,14.4,1,0,2,14,3
18,6,18,12.0,1,0,2,40,2
17,5,17,32.9,0,0,2,7,3
1,5,1,14.6,1,0,19,32,15
17,6,17,15.3,0,0,0,28,0
6,4,6,14.9,1,1,3,49,15
17,6,17,30.2,1,1,9,81,9
12,4,12,14.7,0,0,2,15,2
7,4,7,9.5,1,1,2,12,2
16,6,16,18.4,0,1,2,9,2
8,5,8,15.6,1,1,2,28,2
5,3,5,7.6,1,0,11,25,6
13,1,13,30.4,0,1,1,36,0
19,1,19,33.1,1,1,16,20,3
4,4,4,4.3,1,0,11,25,6
18,2,18,14.0,0,0,0,21,0
14,0,14,14.1,0,0,2,13,2
12,4,12,24.8,1,1,2,13,3
15,3,15,31.9,1,1,0,61,0
19,1,19,23.2,1,0,16,20,2
9,3,9,9.2,0,0,2,20,4
14,6,14,30.9,0,0,2,83,2
6,2,6,12.5,1,1,2,0,2
21,3,21,25.3,0,1,0,9,0
21,0,21,21.1,0,0,1,8,2
8,0,8,11.3,0,3,7,126,39
9,6,9,20.8,1,1,2,40,2
15,5,15,18.7,1,0,6,18,21
14,2,14,28.7,1,1,1,9,1
13,6,13,31.3,1,1,2,0,2
15,3,15,15.0,1,1,7,34,16
18,5,18,17.1,1,0,16,20,3
19,0,19,24.0,1,1,0,40,0
13,3,13,30.6,1,1,5,11,5
16,3,16,23.5,0,0,2,15,2
18,1,18,18.4,1,0,2,5,13
5,0,5,12.0,0,0,3,5,13
2,2,2,4.0,0,0,11,25,6
4,5,4,-0.6,1,0,11,25,6
15,6,15,30.7,1,0,5,11,5
18,2,18,11.1,1,0,2,18,2
9,3,9,16.9,1,1,2,16,2
6,3,6,1.1,0,0,6,18,21
14,6,14,17.2,1,0,7,40,98
15,2,15,19.9,0,1,2,7,3
11,3,11,10.8,1,0,2,12,3
6,4,6,13.7,1,1,2,6,2
16,0,16,32.9,1,1,2,0,3
17,5,17,31.5,0,0,2,3,2
5,2,5,-0.1,1,0,1,3,1
6,3,6,12.7,0,1,26,47,10
12,4,12,13.9,1,0,7,6,43
1,4,1,6.8,1,0,11,25,6
17,2,17,13.7,1,0,7,67,99
6,4,6,11.0,1,1,0,6,0
11,3,11,19.2,1,1,2,14,2
20,6,20,24.6,0,1,2,44,2
11,6,11,11.0,1,0,2,7,3
16,4,16,33.5,1,1,9,39,17
12,1,12,24.5,1,0,2,3,3
5,2,5,7.6,1,0,4,10,2
13,4,13,30.7,1,1,34,10,12
14,2,14,31.2,1,1,2,9,3
21,2,21,22.1,0,0,0,44,0
9,3,9,24.1,1,1,21,11,5
22,3,22,9.6,1,0,0,10,1
6,0,6,13.8,1,1,1,20,2
10,3,10,17.3,1,1,6,18,6
23,0,23,15.5,0,1,2,18,2
12,5,12,24.2,1,1,12,23,4
1,6,1,19.6,0,0,0,27,1
11,4,11,24.5,1,1,2,21,2
14,5,14,15.8,1,0,0,61,0
13,3,13,23.6,1,0,0,27,0
16,5,16,17.2,1,0,2,8,3
8,3,8,10.0,1,1,0,9,1
16,1,16,24.5,1,0,1,8,0
21,4,21,9.6,1,0,1,18,2
17,1,17,30.7,1,0,2,6,2
15,5,15,31.5,1,1,2,52,2
18,5,18,27.2,1,1,2,14,3
20,5,20,30.4,0,1,2,20,3
6,6,6,15.6,1,0,11,25,6
9,6,9,14.7,1,1,1,13,2
19,2,19,17.3,1,1,2,14,2
19,5,19,32.3,1,1,0,6,0
12,6,12,27.2,1,1,2,3,3
19,4,19,9.7,1,0,0,2,0
12,2,12,16.6,1,1,10,24,23
12,2,12,13.2,0,0,0,14,0
22,5,22,17.9,0,2,25,11,23
10,3,10,10.7,0,0,2,14,2
20,4,20,12.4,1,0,5,11,5
16,1,16,18.2,1,0,7,39,66
6,4,6,9.8,1,1,2,10,2
23,1,23,19.9,1,1,2,11,4
13,6,13,28.6,1,1,2,50,2
13,1,13,12.1,1,0,2,13,2
10,1,10,28.4,1,1,2,28,2
20,3,20,8.5,0,0,2,13,3
10,5,10,18.6,0,0,2,1,3
8,3,8,11.2,0,0,10,24,10
16,2,16,28.2,1,1,2,23,2
14,1,14,30.2,1,1,2,12,2
15,1,15,29.7,1,1,2,58,2
11,2,11,19.7,0,1,0,2,0
11,3,11,23.5,1,1,6,18,6
13,6,13,14.7,1,0,0,134,0
10,4,10,14.0,1,1,0,21,0
20,6,20,20.1,1,0,2,8,2
13,4,13,32.5,1,1,1,16,2
21,4,21,16.0,0,0,2,13,3
22,5,22,19.4,1,0,1,42,0
17,6,17,18.5,0,1,2,9,3
12,3,12,21.3,1,1,9,39,24
9,6,9,13.4,1,1,7,41,27
13,4,13,30.0,1,1,13,26,10
13,5,13,32.4,1,1,2,7,3
16,5,16,31.0,1,1,2,8,3
12,6,12,7.8,1,0,10,24,10
11,5,11,27.7,1,0,2,14,3
12,6,12,14.0,1,0,2,3,3
14,6,14,29.3,1,1,1,6,0
16,2,16,29.4,1,0,2,1,3
9,1,9,22.8,1,1,7,69,17
6,0,6,13.1,1,1,2,0,3
13,3,13,14.9,0,0,1,89,1
20,0,20,12.1,0,0,0,9,1
14,3,14,25.9,1,1,5,11,5
23,6,23,16.8,0,0,2,50,3
22,5,22,21.2,1,1,38,11,5
17,5,17,16.9,1,0,1,18,2
13,3,13,29.8,1,1,0,23,0
17,6,17,18.7,1,0,1,58,2
13,5,13,15.6,1,0,1,3,2
9,5,9,15.4,1,0,1,40,0
9,5,9,23.1,1,1,4,10,2
20,3,20,10.3,0,0,19,32,15
22,0,22,16.4,1,0,2,6,3
0,5,0,2.4,0,0,10,24,10
10,1,10,12.5,0,0,0,6,0
23,1,23,3.6,0,0,2,50,3
18,1,18,27.1,1,1,2,13,3
15,1,15,17.7,1,0,1,2,0
10,4,10,13.2,1,1,12,23,4
8,3,8,13.4,1,1,2,18,2
8,5,8,16.3,1,1,0,8,0
17,6,17,33.7,1,1,31,64,40
18,4,18,14.8,0,0,0,23,0
23,1,23,15.1,0,0,11,25,6
21,5,21,20.1,1,1,0,8,1
21,0,21,25.2,1,1,2,26,4
13,6,13,27.8,1,1,2,12,2
17,6,17,30.1,1,1,2,15,3
20,6,20,23.8,1,0,1,9,2
11,3,11,27.9,1,1,2,8,2
14,4,14,29.5,1,1,6,18,6
23,0,23,7.7,0,0,11,25,6
14,4,14,29.7,0,0,0,10,1
20,5,20,9.1,1,0,26,47,10
15,3,15,30.1,1,1,1,2,2
10,0,10,9.7,1,0,2,14,2
14,6,14,11.9,0,0,0,28,1
12,6,12,27.9,1,1,1,14,2
12,6,12,26.3,1,1,2,3,3
11,0,11,20.5,1,1,0,36,0
17,4,17,31.2,0,0,0,20,0
11,3,11,22.5,1,0,0,6,0
12,6,12,19.0,1,1,2,13,2
16,2,16,31.5,1,1,1,2,2
7,4,7,9.4,1,1,16,20,3
10,6,10,22.4,1,1,54,23,70
11,1,11,24.2,1,1,2,40,2
18,3,18,21.8,1,0,2,2,3
1,2,1,12.5,0,0,2,8,3
23,5,23,17.8,0,0,0,6,0
11,6,11,26.6,1,1,2,6,3
15,6,15,25.8,0,0,1,2,1
6,4,6,10.0,1,1,2,8,3
12,6,12,27.5,1,1,10,24,10
12,4,12,28.4,1,1,11,25,11
14,2,14,14.1,1,0,16,20,3
12,6,12,31.5,1,1,2,6,2
20,3,20,17.3,0,1,2,7,3
15,3,15,29.2,1,1,3,5,0
10,2,10,15.5,1,1,0,9,0
12,2,12,16.7,0,0,0,13,1
14,3,14,9.5,0,0,2,5,13
15,6,15,31.3,1,1,5,11,5
17,4,17,29.2,0,0,0,21,0
18,5,18,27.7,1,1,2,23,2
9,1,9,22.8,1,1,22,37,4
6,5,6,13.2,0,0,2,11,4
3,0,3,1.6,0,0,3,5,13
7,6,7,8.4,1,1,2,13,2
13,4,13,25.2,1,1,7,16,37
15,0,15,23.1,0,0,7,63,39
20,1,20,12.8,1,0,7,7,30
23,0,23,19.8,0,0,1,17,0
8,1,8,16.7,1,1,2,44,2
19,3,19,22.3,0,0,0,15,0
7,5,7,12.4,1,1,1,6,1
11,6,11,10.3,1,0,2,11,13
14,6,14,29.1,1,1,2,8,3
12,2,12,16.2,0,0,2,40,2
13,2,13,22.8,0,0,0,10,1
1,2,1,18.7,0,0,2,8,2
22,6,22,20.7,1,1,2,9,3
15,6,15,33.8,1,1,2,13,3
12,2,12,27.7,1,1,2,21,2
21,2,21,14.0,0,0,19,32,15
12,6,12,13.1,0,0,2,7,2
13,2,13,18.8,0,0,2,4,4
9,2,9,19.6,1,1,1,44,1
8,0,8,15.9,1,1,2,44,2
22,6,22,17.2,1,1,6,18,20
16,2,16,28.8,1,1,0,3,2
0,5,0,4.1,1,0,11,25,6
1,5,1,8.8,0,0,0,27,0
20,0,20,25.7,0,0,1,6,1
12,3,12,16.5,0,0,22,37,13
14,3,14,25.9,0,1,3,5,0
10,2,10,23.7,1,1,2,12,2
11,5,11,10.6,1,0,2,11,4
14,6,14,30.8,0,1,0,10,1
15,2,15,35.2,1,1,4,72,2
9,4,9,7.2,0,0,28,76,14
14,3,14,29.8,1,1,0,21,0
13,1,13,18.1,0,0,16,44,2
14,1,14,30.2,0,1,0,13,0
21,4,21,20.2,1,1,2,26,4
14,1,14,30.4,1,1,6,18,20
9,2,9,13.9,0,0,5,11,5
14,5,14,17.8,1,0,16,20,3
17,5,17,15.6,0,0,2,31,13
20,0,20,11.7,1,0,0,9,0
12,1,12,23.6,1,1,0,36,0
11,4,11,25.0,0,1,2,12,2
20,5,20,19.1,0,1,2,13,3
21,6,21,22.7,0,0,19,32,15
17,2,17,13.5,0,0,2,8,3
7,1,7,8.7,1,1,2,23,2
20,0,20,6.5,0,0,0,2,0
5,5,5,0.5,0,0,21,23,5
16,2,16,31.1,0,1,0,36,0
19,2,19,13.4,0,0,11,25,11
7,2,7,12.8,1,1,1,18,2
20,1,20,19.6,1,0,2,23,3
0,5,0,15.7,0,0,11,25,6
23,5,23,19.3,1,1,2,11,4
21,1,21,20.7,0,0,1,42,2
0,0,0,18.0,0,1,1,0,1
22,6,22,21.5,1,1,2,7,2
10,6,10,9.2,1,0,2,0,3
21,3,21,15.0,0,0,0,9,0
13,3,13,27.0,0,1,2,4,4
7,0,7,12.0,1,1,9,105,9
13,6,13,10.5,1,1,2,14,3
2,6,2,12.7,1,0,8,11,8
20,2,20,16.0,1,0,0,20,0
7,6,7,12.6,1,1,2,12,3
9,0,9,17.5,1,1,2,6,2
12,6,12,28.3,1,1,2,6,2
20,2,20,26.2,0,0,2,30,2
7,3,7,12.6,1,1,2,23,2
20,5,20,26.0,1,1,2,20,2
16,1,16,19.4,1,0,2,3,3
21,2,21,21.5,1,1,0,27,0
9,1,9,18.2,0,0,23,43,4
10,4,10,6.8,1,0,2,0,3
10,3,10,18.3,1,1,0,21,0
20,4,20,8.8,1,0,2,0,3
7,0,7,10.6,1,1,2,8,2
12,3,12,9.2,1,0,2,3,3
8,6,8,21.1,1,0,0,44,0
14,3,14,12.0,0,0,0,15,0
15,2,15,20.4,0,0,1,13,0
9,4,9,20.9,0,1,15,29,4
8,4,8,11.6,1,1,2,19,4
23,1,23,16.7,0,0,3,5,0
21,4,21,20.2,0,0,2,23,2
12,1,12,29.7,1,1,2,3,3
11,2,11,19.1,1,0,0,9,1
2,1,2,4.1,0,0,2,1,2
10,2,10,25.0,1,1,6,18,6
17,0,17,32.2,1,1,2,20,4
18,2,18,15.0,1,0,2,50,2
2,6,2,7.6,0,0,11,25,6
12,5,12,14.2,0,0,1,9,0
7,2,7,14.6,1,1,2,8,2
6,3,6,3.9,1,0,16,20,3
20,5,20,26.3,1,1,1,9,0
21,4,21,20.8,0,0,1,17,0
19,2,19,10.6,0,0,31,8,34
6,3,6,14.9,1,1,0,23,2
6,2,6,9.1,1,0,2,2,3
1,6,1,9.1,1,0,17,11,18
17,2,17,13.1,0,0,2,31,13
18,6,18,19.0,0,0,2,0,3
18,1,18,17.7,0,0,1,44,1
10,6,10,24.9,0,1,2,2,2
22,1,22,5.1,1,0,16,20,0
9,6,9,21.9,1,1,2,5,13
6,2,6,1.5,0,0,2,26,4
20,5,20,14.5,1,1,2,23,2
8,2,8,15.0,1,1,2,6,3
18,5,18,30.5,0,0,1,5,0
8,5,8,13.9,1,1,2,18,2
10,2,10,27.0,1,1,2,12,3
11,2,11,16.6,1,1,2,0,3
14,5,14,30.6,1,1,2,10,2
15,3,15,16.6,1,1,0,2,1
19,5,19,32.6,1,1,0,1,0
19,0,19,15.1,0,1,2,9,2
6,2,6,13.5,1,1,3,5,0
17,6,17,27.3,1,1,1,6,0
13,1,13,18.3,0,0,1,2,1
18,6,18,9.0,0,0,2,7,3
9,4,9,20.6,1,1,7,13,27
15,2,15,33.1,1,1,9,41,22
18,3,18,9.6,1,0,2,8,3
6,0,6,4.0,0,0,2,68,8
19,4,19,23.6,1,0,16,3,2
13,0,13,18.6,1,0,2,27,2
13,1,13,17.4,0,0,4,10,5
16,1,16,35.2,1,1,43,39,30
17,3,17,29.1,1,1,1,14,2
22,5,22,6.1,0,0,2,18,2
12,0,12,30.0,1,1,2,14,3
17,1,17,35.7,1,1,1,13,2
8,3,8,14.1,1,1,2,44,2
12,5,12,25.1,1,0,11,25,11
18,3,18,29.6,1,1,2,18,2
10,0,10,10.7,1,1,7,34,16
18,4,18,11.1,0,0,0,13,1
11,0,11,17.2,0,0,22,37,104
14,0,14,30.8,1,1,2,15,3
20,4,20,13.7,0,0,2,0,2
18,2,18,17.7,1,1,2,18,2
19,6,19,29.3,1,1,0,1,0
19,5,19,21.7,0,0,2,10,8
9,3,9,17.1,0,0,2,6,2
18,3,18,31.0,0,1,7,34,36
11,6,11,28.1,1,1,0,28,0
7,3,7,12.3,1,1,2,15,3
16,1,16,11.1,0,0,2,13,3
0,6,0,20.0,1,0,13,26,10
18,6,18,26.3,1,1,0,27,1
12,1,12,27.6,1,1,11,25,6
15,2,15,29.3,0,1,1,3,0
15,3,15,20.9,1,1,2,8,3
9,6,9,19.9,1,1,2,14,2
18,2,18,26.3,1,1,2,15,2
11,6,11,26.5,1,1,6,40,26
13,3,13,28.3,1,1,2,0,2
12,2,12,16.7,1,1,7,8,43
21,1,21,19.8,1,1,0,10,1
4,3,4,8.3,1,0,11,25,11
10,0,10,13.8,1,0,7,34,16
4,5,4,4.5,1,0,11,25,6
14,5,14,26.9,1,1,2,10,2
7,3,7,10.5,1,1,0,15,0
15,3,15,23.9,1,1,7,34,16
21,0,21,24.6,1,1,2,8,2
16,6,16,33.7,1,1,6,18,21
23,5,23,19.1,0,0,0,10,0
12,4,12,14.6,1,0,7,14,7
6,3,6,14.7,1,1,1,2,1
16,2,16,23.9,0,1,7,34,16
18,0,18,34.8,1,1,2,23,2
10,5,10,22.4,1,1,2,2,3
10,0,10,9.0,1,0,2,7,3
20,2,20,14.4,0,0,2,19,13
5,3,5,10.6,1,0,0,8,1
9,0,9,22.8,0,1,7,34,36
17,3,17,24.0,0,1,2,13,2
23,0,23,16.8,1,1,25,11,13
6,4,6,13.0,1,1,0,44,0
12,5,12,11.8,1,1,7,9,43
9,6,9,14.9,1,1,2,7,3
21,2,21,14.9,0,0,1,17,0
20,0,20,24.7,1,1,2,0,2
8,4,8,4.0,1,0,2,18,2
13,4,13,29.8,1,1,13,26,10
19,4,19,22.8,0,1,2,30,2
13,3,13,28.0,1,0,7,2,17
10,4,10,27.5,1,1,2,0,3
2,4,2,17.4,0,0,11,25,6
19,2,19,16.1,0,0,0,9,1
4,2,4,8.3,1,0,2,2,2
21,4,21,21.1,1,0,21,25,5
17,6,17,16.8,1,1,7,21,17
23,4,23,18.3,1,0,2,11,4
6,6,6,14.2,1,1,2,7,3
13,5,13,25.1,1,0,0,6,1
9,1,9,21.8,1,1,0,9,0
18,0,18,18.2,0,0,11,25,11
18,4,18,14.9,1,1,2,14,2
12,2,12,15.4,1,0,7,88,17
9,6,9,18.0,1,1,2,18,2
15,1,15,14.3,1,0,2,3,3
19,5,19,27.7,0,1,11,25,11
18,5,18,9.1,0,0,7,0,30
8,4,8,18.7,1,1,2,7,2
8,1,8,16.9,1,1,2,15,3
9,6,9,19.6,1,1,1,6,0
0,1,0,11.7,1,0,25,11,13
13,2,13,25.7,0,1,16,44,2
15,0,15,30.0,1,1,2,6,2
22,2,22,19.0,1,1,19,32,15
12,0,12,27.4,1,1,0,0,0
16,5,16,31.6,1,0,1,27,1
13,5,13,20.3,0,0,0,0,1
6,5,6,13.2,1,1,16,20,3
12,2,12,27.6,1,1,12,23,4
8,6,8,11.9,1,1,2,20,3
16,3,16,28.0,0,1,2,14,3
7,4,7,14.7,1,1,2,15,2
14,5,14,14.5,1,0,2,10,3
14,6,14,30.4,1,1,2,14,2
4,6,4,14.5,1,0,2,27,2
14,2,14,30.3,1,1,6,18,6
9,5,9,25.2,1,1,1,6,2
18,1,18,21.3,1,1,2,14,3
16,5,16,33.5,1,1,0,15,1
12,0,12,26.1,1,1,10,24,23
16,4,16,30.5,1,1,0,40,0
18,6,18,26.5,0,1,2,0,3
16,1,16,36.1,1,1,2,20,3
15,2,15,30.8,1,1,2,0,3
17,4,17,29.7,1,1,2,6,3
18,1,18,22.4,0,0,0,9,0
15,3,15,11.4,0,0,24,6,5
11,6,11,14.6,0,0,2,2,3
21,1,21,6.8,0,0,2,10,2
21,0,21,17.2,1,0,2,2,3
10,0,10,22.3,1,1,2,8,3
22,0,22,21.1,1,1,1,0,2
14,5,14,17.0,0,0,0,21,0
17,3,17,15.6,1,1,0,28,0
6,5,6,15.6,1,1,1,20,1
10,2,10,23.9,1,1,2,11,4
13,5,13,14.3,1,0,1,14,2
8,5,8,1.2,1,0,0,9,0
7,4,7,15.6,1,1,2,36,2
2,1,2,8.3,0,0,11,25,6
12,0,12,9.9,1,1,9,67,28
9,1,9,6.6,1,0,2,7,3
22,5,22,14.9,1,1,17,11,14
3,3,3,9.1,0,0,17,23,14
17,3,17,28.3,0,0,7,34,16
11,0,11,10.4,1,0,0,9,1
17,1,17,16.7,0,0,0,23,0
10,4,10,22.5,1,1,2,27,2
22,0,22,14.3,0,0,0,0,1
22,6,22,14.0,1,1,19,32,15
21,2,21,21.6,1,1,2,7,3
8,5,8,21.5,1,1,2,44,2
19,4,19,27.7,1,1,0,9,1
12,1,12,24.8,1,1,2,7,2
23,3,23,20.4,1,1,16,20,2
23,1,23,16.9,1,0,26,47,10
20,6,20,26.5,0,0,2,0,2
8,6,8,17.8,1,1,2,44,2
13,2,13,11.6,0,0,2,0,3
7,5,7,13.2,1,1,2,13,3
17,0,17,13.6,1,0,1,10,1
8,5,8,15.4,1,1,2,5,13
11,0,11,21.2,0,1,2,36,2
10,1,10,19.6,0,0,2,1,3
14,5,14,30.1,1,1,2,10,2
21,6,21,17.0,0,0,2,20,3
12,5,12,28.3,1,1,2,0,3
7,1,7,9.8,1,1,6,18,20
20,6,20,14.7,0,0,7,2,17
18,1,18,22.2,0,0,13,53,8
21,6,21,16.1,0,1,2,0,3
14,6,14,10.4,0,0,1,20,1
21,4,21,19.8,0,0,2,8,3
18,1,18,28.3,1,1,7,14,37
12,1,12,23.3,1,0,2,6,3
20,1,20,8.4,0,0,1,42,2
19,0,19,29.9,1,1,16,20,3
14,4,14,19.5,1,0,2,3,94
9,0,9,15.7,1,3,7,34,16
10,0,10,17.9,1,1,1,0,2
19,3,19,28.3,1,1,0,18,2
23,1,23,20.5,1,1,2,11,4
21,6,21,18.4,1,1,0,10,1
19,3,19,10.7,0,0,2,14,3
16,2,16,25.8,1,1,2,0,3
6,3,6,12.7,1,1,16,20,3
23,5,23,14.7,1,1,2,68,4
14,1,14,27.2,1,1,2,10,2
10,5,10,9.5,1,0,17,11,14
23,4,23,10.5,1,1,2,31,13
15,2,15,27.0,0,0,2,6,3
19,5,19,25.6,0,0,7,16,50
4,6,4,0.8,0,0,17,11,14
18,5,18,10.4,1,0,2,27,2
2,2,2,11.7,0,0,2,3,3
17,2,17,31.9,1,1,7,86,17
19,2,19,23.9,1,1,0,40,0
7,0,7,12.5,1,1,14,57,12
15,0,15,29.8,1,1,1,0,0
18,2,18,25.4,0,0,7,9,43
11,6,11,13.0,0,0,2,13,3
12,6,12,27.8,1,1,0,3,2
16,3,16,32.9,1,1,3,5,0
23,0,23,19.8,1,1,18,31,4
14,0,14,29.2,0,0,0,0,0
13,1,13,18.3,0,0,0,10,1
6,3,6,14.8,1,1,4,10,2
16,4,16,26.7,1,1,2,6,3
23,6,23,14.9,0,0,2,18,2
23,1,23,17.1,1,1,2,68,4
22,4,22,19.4,1,1,25,11,13
10,2,10,18.9,0,1,0,6,0
18,2,18,11.3,0,0,2,0,3
6,5,6,15.5,1,1,2,40,2
11,3,11,7.5,0,0,16,20,3
5,5,5,15.1,1,0,11,25,6
5,4,5,4.0,0,0,2,5,13
15,6,15,28.6,0,0,52,23,6
11,6,11,10.5,0,0,0,14,0
19,5,19,14.1,1,0,2,26,4
21,1,21,25.0,0,0,2,27,2
16,0,16,32.7,1,1,0,6,0
19,5,19,30.0,1,1,16,20,3
14,1,14,30.3,1,1,2,2,2
19,2,19,34.9,1,1,16,20,3
9,2,9,20.8,0,1,2,0,2
6,6,6,7.4,0,0,2,11,4
9,0,9,22.2,1,1,2,31,13
9,0,9,22.5,1,0,7,34,16
15,5,15,21.6,1,0,2,58,2
17,0,17,19.2,1,0,1,60,1
18,1,18,27.8,1,1,2,15,2
11,3,11,23.5,1,1,2,11,4
19,1,19,30.1,1,1,0,1,0
18,0,18,26.0,1,1,2,7,3
18,4,18,29.6,1,1,2,14,2
12,5,12,16.4,0,0,16,20,2
13,1,13,27.8,0,1,2,7,3
17,5,17,33.7,1,1,1,60,0
18,0,18,8.1,0,0,2,13,2
19,3,19,27.8,0,0,0,1,1
9,0,9,17.9,1,1,7,34,16
9,6,9,26.3,1,1,7,86,17
10,4,10,27.4,1,1,2,27,2
23,3,23,21.7,1,1,6,18,21
11,6,11,24.5,1,1,7,14,19
20,0,20,24.9,0,0,2,26,4
15,6,15,32.3,1,1,2,6,2
6,2,6,14.3,1,1,2,16,2
21,4,21,26.4,0,1,2,13,3
11,6,11,21.0,1,1,0,0,0
11,0,11,9.7,1,1,9,67,28
17,6,17,32.5,0,0,4,10,2
12,6,12,13.4,1,0,2,8,3
6,2,6,13.4,1,1,2,16,2
18,6,18,28.3,1,1,2,13,2
13,4,13,24.6,1,1,13,26,10
9,6,9,21.3,1,1,1,9,2
6,4,6,11.0,1,1,2,16,2
0,4,0,12.8,0,0,11,25,6
11,6,11,28.1,0,0,2,2,3
10,2,10,25.0,1,1,0,28,0
6,2,6,14.0,1,1,9,104,58
9,1,9,17.9,0,1,23,43,4
20,1,20,22.3,0,0,2,20,4
9,6,9,22.4,1,1,4,10,2
6,1,6,11.7,0,1,2,11,4
16,2,16,33.6,1,0,0,14,1
16,5,16,25.2,0,0,2,10,8
15,0,15,33.1,0,1,2,78,13
0,2,0,20.7,1,0,0,20,0
15,3,15,18.7,0,0,0,15,0
11,1,11,18.7,1,1,1,42,2
15,6,15,25.1,1,0,2,6,3
21,1,21,26.1,0,0,1,8,1
13,1,13,31.3,1,1,0,9,0
7,6,7,14.3,1,1,2,6,3
6,5,6,14.0,1,1,16,20,3
13,0,13,8.2,0,0,42,8,56
10,5,10,10.3,0,0,1,18,0
19,5,19,23.9,0,1,2,21,2
7,2,7,5.9,1,1,2,12,3
16,1,16,36.3,1,1,2,2,2
2,3,2,12.5,0,0,2,1,2
19,1,19,27.1,0,1,2,7,3
6,4,6,9.3,1,1,16,20,3
13,1,13,27.8,1,1,15,29,4
1,1,1,16.3,0,0,2,3,3
16,6,16,13.4,1,1,2,40,2
11,1,11,28.1,1,1,0,9,0
13,6,13,17.2,1,1,2,27,2
18,3,18,27.7,1,1,24,11,5
2,2,2,12.4,0,0,2,1,3
22,2,22,22.2,0,0,2,3,3
9,2,9,5.5,0,0,2,2,3
8,2,8,18.0,1,1,2,7,3
12,0,12,14.2,1,0,2,3,3
12,1,12,30.6,1,1,2,9,3
13,6,13,22.7,1,0,2,61,2
4,6,4,4.0,1,0,0,44,0
7,4,7,14.5,1,1,2,15,3
12,0,12,10.6,1,0,2,6,3
9,1,9,17.2,1,1,2,16,2
3,3,3,9.0,0,0,24,11,5
10,5,10,23.1,0,1,1,40,1
18,6,18,23.6,1,0,2,18,2
23,5,23,25.0,1,0,1,2,0
14,1,14,29.0,1,3,7,39,82
9,6,9,23.2,1,1,2,13,2
5,5,5,10.6,0,0,4,10,2
14,2,14,11.6,0,0,2,2,3
14,5,14,16.8,1,0,2,2,3
8,6,8,18.9,1,1,2,14,3
11,5,11,26.0,1,0,9,84,96
21,2,21,20.6,1,0,1,6,0
21,0,21,21.4,0,1,2,13,3
0,1,0,17.6,1,0,18,31,4
14,2,14,19.5,0,1,1,2,2
7,3,7,11.7,1,1,2,36,2
21,2,21,21.1,0,0,2,10,2
14,4,14,27.8,1,1,5,11,5
7,2,7,12.0,1,1,2,23,2
12,5,12,13.3,0,0,2,23,3
12,5,12,13.6,1,0,2,3,3
22,1,22,15.0,1,0,25,62,13
7,4,7,5.4,1,0,0,15,0
10,0,10,6.9,1,0,2,13,2
22,4,22,11.8,1,1,2,7,2
12,5,12,23.3,1,1,10,24,23
17,5,17,29.8,0,1,0,0,1
16,0,16,22.3,1,0,1,89,1
11,5,11,29.3,1,1,9,81,9
14,5,14,15.0,0,0,2,18,2
22,4,22,22.0,1,1,6,18,6
10,1,10,17.6,0,1,15,29,4
16,6,16,23.0,1,1,2,5,13
11,4,11,22.9,0,1,2,36,2
13,1,13,27.4,1,1,11,25,6
12,1,12,23.7,0,0,1,2,1
10,1,10,22.9,1,1,2,30,2
20,5,20,17.2,0,0,2,0,2
18,0,18,32.1,1,1,2,15,2
12,2,12,26.2,0,1,2,23,2
22,3,22,23.2,1,1,0,6,1
16,3,16,14.3,1,0,2,26,13
21,5,21,8.7,1,0,13,53,8
1,4,1,19.0,0,0,2,8,2
17,1,17,29.2,1,1,0,13,0
22,1,22,15.8,1,0,25,11,23
13,0,13,17.7,1,0,2,13,2
17,1,17,35.4,1,1,1,14,1
7,5,7,10.2,1,1,2,8,3
12,6,12,29.8,1,1,2,0,2
7,3,7,10.2,0,0,6,18,6
7,1,7,15.3,1,1,3,5,13
8,6,8,17.2,1,1,2,3,2
8,1,8,13.2,1,0,0,9,0
6,0,6,13.5,0,0,2,10,2
16,3,16,25.0,1,1,2,28,3
18,3,18,17.2,0,0,0,9,1
23,1,23,18.1,1,1,18,31,4
6,2,6,3.8,1,0,0,23,0
12,3,12,12.2,1,0,7,34,16
23,3,23,19.7,1,1,18,31,13
17,5,17,31.1,1,1,0,9,1
16,6,16,30.8,1,1,2,9,2
16,5,16,22.9,0,0,16,20,3
14,3,14,32.6,1,1,1,2,2
7,5,7,14.1,1,1,2,28,2
7,1,7,14.9,1,1,1,18,2
13,6,13,30.6,1,1,2,2,3
9,2,9,19.4,1,1,0,21,0
13,2,13,18.0,1,1,2,50,2
21,5,21,13.1,0,0,2,10,2
15,4,15,28.8,1,0,0,13,0
21,1,21,23.0,1,1,0,10,1
15,2,15,29.8,0,1,2,13,2
17,4,17,35.6,1,1,2,13,2
14,1,14,30.6,0,0,0,8,0
15,4,15,20.5,1,0,2,27,2
14,3,14,30.6,1,1,0,21,0
15,3,15,27.1,1,3,7,34,16
12,0,12,10.4,0,0,2,23,3
17,4,17,33.2,1,1,5,11,5
16,0,16,28.0,0,1,0,9,0
10,0,10,6.9,0,0,16,20,3
16,3,16,33.9,1,1,0,3,2
22,4,22,21.7,0,0,2,7,2
16,0,16,29.5,1,1,2,14,3
16,1,16,20.0,0,0,2,36,2
15,1,15,27.6,0,0,2,0,2
6,3,6,12.8,0,1,2,11,4
16,1,16,31.8,1,1,2,20,3
6,2,6,14.7,1,1,2,0,3
15,3,15,27.9,1,0,1,2,1
19,0,19,30.1,0,1,0,28,0
17,6,17,21.9,0,1,2,13,2
15,3,15,14.0,0,1,7,34,16
21,0,21,22.2,1,1,2,2,3
17,3,17,27.3,0,0,7,34,16
23,5,23,9.5,0,0,2,58,2
5,5,5,5.1,0,0,21,23,5
22,0,22,21.8,0,0,2,9,3
12,0,12,10.6,0,0,2,0,2
12,5,12,18.1,1,1,0,36,0
19,1,19,14.7,0,0,2,15,3
7,1,7,9.6,1,1,2,2,2
10,6,10,23.5,1,1,0,14,0
15,2,15,30.2,1,1,1,9,1
9,3,9,16.7,1,1,2,31,13
14,6,14,29.1,0,0,1,20,1
6,5,6,13.2,1,1,2,27,3
17,0,17,31.1,1,1,2,40,2
12,3,12,26.4,1,1,2,0,2
10,1,10,28.6,1,1,2,30,2
12,4,12,25.3,1,1,2,3,3
19,2,19,29.0,0,0,2,19,13
6,5,6,11.5,1,1,2,9,2
23,2,23,18.5,0,1,1,14,0
11,3,11,9.5,1,0,2,8,3
10,6,10,24.0,1,1,2,7,13
14,1,14,28.2,0,1,0,16,0
13,4,13,24.8,1,1,5,11,5
12,6,12,15.1,1,0,0,36,0
2,3,2,17.0,1,0,13,53,8
20,3,20,19.6,0,0,0,14,0
21,5,21,20.8,0,0,16,127,0
20,2,20,11.3,1,0,0,0,0
9,0,9,17.7,1,1,4,10,2
10,3,10,23.3,1,1,31,64,40
9,6,9,25.4,1,1,2,13,3
16,6,16,25.4,1,1,2,23,3
19,2,19,23.0,1,1,0,2,0
9,1,9,18.4,1,1,1,17,0
9,6,9,13.5,1,1,2,21,2
10,2,10,13.7,0,0,0,15,0
6,1,6,12.0,1,1,1,18,0
0,4,0,12.7,0,0,0,6,0
6,4,6,9.6,1,1,1,6,1
10,5,10,20.1,1,1,7,71,19
7,4,7,12.3,1,1,2,0,3
21,0,21,21.3,0,1,19,32,2
7,3,7,-0.7,1,0,21,11,5
20,4,20,13.8,0,0,2,6,2
17,6,17,31.0,1,1,2,13,3
12,3,12,12.2,0,0,7,34,16
14,3,14,32.5,0,1,4,10,5
12,6,12,29.0,1,1,0,3,2
9,5,9,6.0,1,0,2,2,3
11,3,11,10.4,0,0,0,13,0
11,3,11,28.4,1,1,31,74,34
11,3,11,15.4,1,0,2,0,2
7,6,7,8.0,0,0,2,26,4
23,6,23,10.2,1,0,18,31,4
1,0,1,13.1,1,0,11,25,6
11,6,11,18.7,1,1,2,36,2
22,0,22,17.2,0,1,1,9,2
13,6,13,17.4,1,1,16,20,2
18,4,18,31.2,1,1,2,6,2
21,6,21,17.9,0,1,2,0,3
11,0,11,23.7,1,1,2,8,3
2,4,2,12.2,0,0,2,7,2
6,1,6,9.3,1,1,2,2,2
10,3,10,9.3,1,0,2,14,2
11,2,11,20.1,1,1,2,2,3
11,5,11,27.3,1,1,0,13,0
7,3,7,11.7,0,1,25,11,13
6,4,6,15.4,1,1,16,20,3
23,5,23,16.0,0,0,2,18,2
20,1,20,20.7,0,1,2,0,3
4,3,4,11.5,0,0,4,10,2
19,4,19,25.1,1,1,2,14,3
11,1,11,10.2,0,0,0,14,0
18,3,18,28.0,1,1,0,2,0
7,5,7,11.7,1,1,31,64,34
16,3,16,22.2,1,0,2,21,2
14,5,14,26.8,0,0,0,3,1
11,5,11,29.8,1,1,2,7,3
20,4,20,5.6,0,0,2,26,4
18,1,18,25.8,1,1,2,13,3
21,4,21,23.6,0,1,1,0,0
22,6,22,6.7,0,0,11,25,6
12,1,12,24.9,1,1,2,9,2
19,2,19,25.2,0,0,0,15,0
14,6,14,29.9,1,1,2,13,3
21,4,21,19.6,0,1,1,42,0
15,6,15,33.8,1,1,17,11,18
17,6,17,27.8,0,1,2,8,3
18,2,18,28.0,1,1,2,13,2
15,1,15,31.1,1,1,2,3,3
7,5,7,6.5,0,0,25,62,13
12,4,12,18.8,0,0,2,2,3
9,1,9,5.0,1,0,2,44,2
13,5,13,29.3,1,1,13,26,10
7,3,7,9.7,0,0,5,84,5
11,6,11,16.5,0,0,15,29,4
0,2,0,5.8,1,0,11,25,6
23,6,23,21.7,1,0,26,47,10
7,3,7,14.9,1,1,2,36,2
13,0,13,17.7,0,0,2,10,13
15,2,15,20.4,0,0,0,14,1
16,1,16,27.7,1,1,2,8,2
16,1,16,22.2,1,1,2,14,2
7,4,7,13.9,1,1,3,5,13
12,2,12,10.4,1,0,10,24,10
16,2,16,28.2,1,1,2,8,2
1,5,1,18.1,0,0,11,25,6
18,0,18,30.1,1,1,0,27,0
19,2,19,25.1,0,1,2,40,2
1,5,1,4.7,0,0,1,3,2
6,6,6,11.3,1,1,2,0,3
11,0,11,23.2,1,1,2,20,3
22,4,22,20.7,1,1,2,26,4
22,2,22,22.0,0,0,2,8,2
7,2,7,12.8,0,0,25,11,13
9,2,9,19.7,0,0,0,6,0
14,6,14,20.3,0,0,2,83,2
9,0,9,22.7,1,1,4,10,2
8,1,8,17.4,1,1,2,18,2
22,6,22,23.6,0,0,2,2,2
13,3,13,29.3,1,1,0,21,0
10,3,10,17.3,1,1,7,36,43
14,4,14,22.4,0,0,2,3,3
6,6,6,7.1,0,3,26,47,10
14,6,14,24.6,0,0,2,10,13
23,6,23,20.5,1,1,2,7,3
16,5,16,16.8,0,0,2,10,3
15,0,15,28.5,1,1,4,10,2
6,2,6,5.4,0,0,25,11,13
18,0,18,15.7,1,0,2,2,3
23,2,23,17.9,1,1,0,0,0
13,1,13,20.2,0,0,1,20,1
13,3,13,13.8,0,0,0,13,1
9,6,9,12.9,0,1,2,0,2
13,6,13,23.1,1,0,2,13,3
12,0,12,14.7,0,1,32,67,35
11,5,11,16.2,0,0,1,18,0
22,2,22,15.2,1,1,6,18,6
1,0,1,3.2,0,0,2,9,2
21,4,21,12.8,0,1,2,44,2
12,4,12,23.8,1,1,2,20,13
18,2,18,27.7,1,1,2,13,2
9,6,9,12.5,1,1,2,16,2
20,4,20,23.6,0,0,2,6,2
15,1,15,30.8,1,1,2,58,2
5,6,5,16.3,1,0,11,25,6
10,1,10,11.6,1,1,9,39,102
17,5,17,31.5,1,1,2,0,2
17,2,17,18.2,1,0,0,14,0
12,5,12,13.1,1,1,7,20,47
7,5,7,12.8,1,1,2,15,3
18,1,18,15.7,1,0,0,14,0
9,6,9,19.9,1,1,7,86,17
14,3,14,25.6,0,1,0,28,0
14,3,14,25.9,0,0,7,34,16
10,2,10,24.1,1,1,2,27,2
18,1,18,35.4,1,1,1,60,1
14,1,14,29.9,0,0,7,34,16
14,0,14,24.5,0,1,7,88,17
8,6,8,18.3,1,0,1,13,0
13,1,13,31.0,1,1,2,23,2
17,0,17,25.2,1,1,2,8,3
18,2,18,25.6,0,0,1,13,1
9,4,9,16.3,0,1,2,0,3
10,1,10,21.7,1,1,7,21,17
7,3,7,10.4,1,1,24,11,5
0,2,0,14.0,0,0,1,27,1
18,5,18,35.2,0,0,0,23,2
20,2,20,26.1,1,1,2,1,2
14,5,14,17.0,0,0,2,18,2
10,1,10,19.5,0,0,2,13,2
14,1,14,28.1,1,1,0,6,0
18,2,18,31.0,1,1,16,20,3
11,3,11,19.0,1,1,2,7,3
6,0,6,10.9,1,1,16,20,3
21,1,21,13.2,1,0,0,0,0
23,4,23,8.5,1,0,2,68,4
21,3,21,19.3,1,1,2,8,3
21,1,21,21.4,1,1,2,26,4
22,4,22,11.6,0,0,0,6,0
14,2,14,31.8,0,1,1,13,2
8,2,8,12.1,1,1,0,14,0
13,0,13,14.3,1,0,0,23,0
21,5,21,26.1,1,1,4,10,2
21,2,21,23.2,0,0,18,31,4
17,3,17,29.6,0,1,0,5,2
18,5,18,28.7,0,1,0,21,0
7,2,7,13.0,1,1,0,18,0
8,0,8,11.3,1,1,0,21,0
10,5,10,21.5,0,0,2,14,3
16,2,16,13.3,0,1,7,34,16
12,5,12,23.7,1,1,0,36,0
16,2,16,22.2,0,0,2,8,3
11,3,11,15.4,1,1,2,14,3
17,0,17,20.4,1,3,9,123,39
22,1,22,9.6,0,0,0,40,1
22,3,22,9.5,0,3,2,3,3
10,6,10,26.6,1,1,17,11,14
6,3,6,15.0,1,1,2,21,2
6,3,6,14.4,0,0,2,11,13
12,1,12,24.6,1,0,2,7,3
11,0,11,27.6,1,0,0,9,1
13,6,13,27.2,1,1,2,7,3
20,3,20,26.1,0,1,0,13,0
23,5,23,20.1,1,1,18,31,13
15,0,15,30.6,0,1,0,28,0
6,1,6,9.2,1,0,0,0,1
10,6,10,21.1,1,1,0,21,0
6,3,6,12.3,1,1,2,0,2
18,2,18,18.2,1,1,2,30,3
11,1,11,23.9,1,1,47,11,14
14,6,14,18.0,1,0,6,18,6
11,4,11,11.0,0,0,0,23,0
20,1,20,27.0,1,1,2,13,3
16,6,16,22.4,0,1,2,8,2
22,6,22,21.1,1,1,5,20,5
20,3,20,22.5,1,1,2,0,3
8,5,8,15.0,1,1,0,9,0
16,1,16,23.7,1,1,2,18,2
19,3,19,28.3,1,1,2,9,2
7,2,7,12.8,1,1,2,23,2
22,1,22,22.0,1,1,1,0,2
14,5,14,16.7,1,0,2,13,3
21,1,21,18.0,1,0,22,37,13
16,3,16,27.0,1,0,2,13,3
21,1,21,27.2,0,0,2,6,2
15,3,15,25.8,1,0,0,13,0
17,3,17,27.8,1,0,7,34,16
6,3,6,7.8,0,0,2,48,13
21,5,21,17.6,0,0,2,7,2
0,6,0,16.4,0,0,16,20,3
18,5,18,16.3,1,1,16,20,1
21,6,21,8.7,0,0,2,27,2
22,5,22,20.5,0,0,25,11,23
5,2,5,11.2,1,0,1,27,1
13,5,13,26.5,0,1,2,36,2
21,4,21,20.3,0,0,1,13,0
16,1,16,29.8,1,1,6,18,21
9,0,9,18.2,1,1,7,34,36
16,0,16,18.5,1,0,2,20,3
15,1,15,14.4,1,0,2,2,3
6,4,6,9.7,1,1,0,6,0
18,4,18,15.6,1,0,1,18,2
12,2,12,7.3,1,0,10,24,10
19,0,19,28.4,1,1,0,18,2
12,5,12,27.6,0,1,2,12,3
0,5,0,2.3,0,3,16,20,3
12,6,12,31.0,1,1,2,0,2
11,6,11,24.1,0,0,15,29,4
9,4,9,20.8,0,3,2,7,2
21,6,21,25.4,0,0,2,5,13
8,6,8,18.4,1,1,2,78,2
15,0,15,25.6,1,1,0,21,0
10,4,10,9.0,1,0,2,14,3
20,0,20,19.4,1,1,2,0,2
7,6,7,15.0,1,1,2,23,2
23,4,23,20.7,1,1,2,11,4
20,2,20,13.6,1,0,0,2,0
13,6,13,12.1,0,0,4,72,2
8,4,8,15.3,1,1,68,67,91
6,4,6,12.7,1,1,2,16,2
16,6,16,30.3,1,1,28,46,14
2,5,2,0.6,0,0,2,1,3
12,2,12,7.4,1,0,2,3,3
13,3,13,19.4,1,1,7,34,16
1,4,1,12.5,0,0,2,27,3
15,0,15,29.8,1,1,2,13,2
6,3,6,13.8,1,1,2,21,2
12,3,12,31.6,0,1,2,0,2
10,2,10,27.5,1,1,2,7,2
18,2,18,27.7,1,1,1,8,1
11,2,11,27.6,1,1,2,8,3
7,2,7,13.6,1,1,2,0,2
8,0,8,11.1,1,1,2,15,2
21,1,21,21.8,0,0,2,9,3
21,0,21,25.5,0,1,2,13,2
19,3,19,8.3,0,0,11,25,11
9,0,9,15.0,1,1,2,12,3
16,2,16,30.7,1,1,0,3,2
10,3,10,10.3,1,0,2,7,2
22,4,22,22.1,0,1,0,0,0
9,1,9,19.3,1,1,2,10,13
14,0,14,30.6,0,1,2,0,3
14,2,14,32.4,1,1,15,29,4
21,4,21,25.3,0,0,2,3,3
19,5,19,11.3,1,0,0,18,0
22,3,22,14.5,1,1,19,32,15
14,0,14,22.3,0,0,0,3,1
10,0,10,6.8,0,0,21,23,5
13,3,13,30.5,1,1,1,2,2
14,6,14,33.1,0,0,0,3,1
18,0,18,15.2,1,1,0,1,1
17,2,17,29.1,0,1,0,36,0
13,1,13,21.5,0,0,0,3,1
13,5,13,24.9,1,1,1,42,2
5,5,5,0.6,0,0,21,23,5
12,4,12,14.2,0,0,1,2,0
7,0,7,12.6,1,1,2,13,2
19,1,19,27.2,1,1,2,0,2
14,6,14,33.4,1,1,2,14,2
10,4,10,22.5,1,1,0,21,0
11,4,11,26.3,1,1,0,9,1
11,0,11,24.9,1,1,2,0,3
4,2,4,3.7,0,0,21,23,5
22,3,22,8.2,0,0,2,19,4
12,1,12,24.1,0,0,2,40,2
18,1,18,23.0,1,0,4,10,4
8,4,8,17.8,1,1,2,16,2
20,6,20,7.8,1,0,1,2,1
8,3,8,15.7,0,1,25,11,23
13,0,13,19.3,1,0,43,117,17
14,6,14,21.9,0,0,2,2,3
7,4,7,6.8,1,1,0,15,0
9,1,9,20.3,0,0,43,39,30
13,6,13,13.8,0,0,2,2,3
17,0,17,27.2,1,1,1,9,0
20,1,20,8.9,0,0,0,9,1
15,6,15,25.5,1,1,2,52,3
11,5,11,24.8,0,0,2,8,2
17,6,17,16.3,1,0,16,20,3
13,6,13,32.1,1,1,7,86,17
21,2,21,10.6,1,3,2,6,3
16,3,16,20.9,0,0,2,2,3
7,4,7,14.5,1,1,2,9,3
1,5,1,4.6,1,0,2,20,3
23,3,23,20.5,1,0,20,33,5
22,0,22,21.2,0,0,0,14,0
15,1,15,22.8,1,1,2,10,3
6,3,6,1.2,0,0,2,11,4
12,6,12,28.0,1,1,2,14,2
13,2,13,26.5,0,0,2,18,2
14,5,14,32.1,1,1,2,0,3
12,5,12,25.7,1,1,0,36,0
14,3,14,32.5,1,1,0,28,0
23,3,23,20.4,1,1,18,31,13
10,1,10,18.9,0,0,2,15,2
13,0,13,13.0,0,0,0,20,0
20,1,20,22.3,0,1,2,20,13
13,1,13,31.2,1,1,0,9,1
12,5,12,24.1,1,1,2,8,2
14,5,14,29.1,0,0,52,0,6
13,4,13,15.1,0,0,16,44,3
19,6,19,31.8,1,1,2,9,2
18,3,18,25.6,1,1,0,6,0
20,4,20,13.1,0,1,1,42,0
9,6,9,26.0,1,1,7,69,17
13,1,13,19.6,0,0,0,20,0
14,4,14,17.9,1,0,6,18,20
21,5,21,16.4,0,0,13,26,10
13,6,13,30.7,1,1,0,0,0
12,1,12,29.6,1,1,0,3,2
12,3,12,24.9,1,1,11,25,11
13,2,13,17.2,0,0,1,27,1
23,1,23,18.4,1,1,26,47,10
21,0,21,20.3,1,1,0,8,0
2,2,2,5.1,0,0,11,25,6
6,5,6,15.4,1,1,1,8,2
15,6,15,32.2,1,1,1,6,1
23,4,23,18.8,1,1,0,20,0
3,0,3,7.4,1,0,34,10,12
10,5,10,20.2,0,1,2,1,2
0,3,0,14.3,1,0,0,20,0
23,0,23,20.8,1,1,20,33,5
16,5,16,32.0,1,0,2,23,2
9,0,9,18.1,1,1,7,34,36
16,6,16,16.9,1,0,5,46,5
10,6,10,23.8,1,1,1,17,0
0,0,0,6.1,0,0,0,2,0
22,0,22,22.5,0,0,6,18,6
13,4,13,27.7,1,1,2,15,2
16,5,16,21.5,0,0,1,2,1
11,5,11,21.9,0,1,0,15,0
12,3,12,13.4,1,0,11,25,11
21,3,21,8.0,0,0,2,18,2
14,0,14,31.2,1,1,2,14,2
7,1,7,14.5,1,1,1,8,0
11,6,11,24.5,0,1,0,23,2
16,6,16,31.3,1,1,5,11,5
15,6,15,27.2,0,1,2,28,2
12,0,12,12.1,1,0,7,34,36
15,6,15,30.3,1,1,1,2,2
23,3,23,17.7,1,1,2,11,4
10,1,10,14.4,0,0,2,15,2
0,2,0,18.5,0,0,1,27,1
5,4,5,5.6,0,0,21,23,5
7,0,7,13.7,1,1,2,36,2
9,1,9,27.9,0,0,22,37,4
8,6,8,14.3,1,1,2,1,3
7,2,7,13.7,1,1,2,15,2
6,0,6,12.4,1,1,1,8,1
16,3,16,26.9,1,0,9,2,38
20,3,20,11.4,0,0,2,13,2
5,6,5,7.0,1,0,1,27,2
5,0,5,6.9,1,0,2,2,3
19,4,19,24.2,0,0,0,8,0
14,4,14,17.3,0,0,24,96,5
23,6,23,23.8,0,1,0,9,0
2,6,2,7.1,1,3,17,11,18
18,6,18,25.0,0,0,6,18,6
17,0,17,12.5,1,0,24,11,5
19,6,19,8.3,0,0,2,20,4
16,3,16,29.8,1,1,0,2,1
13,3,13,11.1,0,0,16,44,2
13,5,13,28.2,1,0,13,26,10
3,1,3,12.6,0,0,5,27,5
11,2,11,24.7,1,1,2,12,2
19,4,19,22.6,0,1,2,0,3
21,6,21,17.5,0,1,2,13,3
10,3,10,13.1,1,0,2,15,2
20,2,20,27.3,0,0,9,41,44
15,1,15,28.3,0,0,4,72,2
14,4,14,17.5,1,0,2,0,2
10,3,10,22.2,1,1,0,13,1
23,5,23,17.1,0,1,2,58,2
9,3,9,17.1,1,1,2,13,2
18,4,18,28.3,0,0,1,44,0
3,4,3,11.4,0,0,77,23,5
11,5,11,15.7,0,1,2,9,3
12,3,12,21.4,1,1,6,18,21
19,0,19,19.7,0,1,2,0,3
6,6,6,12.8,1,1,2,8,2
7,4,7,10.9,1,1,21,11,5
14,1,14,24.7,1,0,9,51,102
16,5,16,22.2,1,1,2,13,3
10,0,10,7.0,0,0,1,6,2
20,5,20,28.8,1,0,0,6,0
7,0,7,15.0,1,1,2,8,2
20,5,20,11.8,0,0,1,2,1
8,3,8,21.1,0,1,25,11,13
9,2,9,21.0,1,1,1,2,0
15,5,15,16.3,1,0,16,44,2
16,3,16,31.4,1,1,2,18,2
18,1,18,29.3,1,1,2,13,2
6,3,6,15.6,1,1,0,23,2
13,6,13,29.9,1,1,31,92,33
7,3,7,13.7,1,1,0,23,2
22,5,22,15.0,1,1,25,11,13
20,3,20,22.5,0,0,13,26,10
6,6,6,14.3,1,1,0,23,2
13,5,13,19.0,0,0,0,36,0
20,2,20,22.2,1,1,0,8,1
11,1,11,25.4,1,1,2,9,2
8,1,8,18.0,1,1,0,16,0
21,5,21,21.1,0,0,49,10,71
3,5,3,14.8,0,0,11,25,6
14,0,14,28.8,1,1,0,10,0
13,6,13,31.2,1,1,0,0,0
12,2,12,29.0,0,1,2,21,2
22,4,22,18.5,0,1,2,50,2
13,3,13,24.2,1,1,0,23,0
22,6,22,6.9,1,0,6,18,6
21,2,21,16.1,1,1,0,27,0
23,2,23,20.8,1,1,25,62,13
17,0,17,26.4,1,0,2,27,3
6,2,6,14.2,1,1,2,0,2
8,2,8,14.4,1,1,1,8,0
11,4,11,26.4,1,1,2,13,3
8,1,8,14.6,1,1,2,14,3
18,3,18,28.2,1,1,2,13,3
8,4,8,15.2,1,1,2,44,2
11,0,11,27.0,1,1,7,39,19
14,0,14,32.8,0,0,2,8,3
16,5,16,32.1,0,1,0,9,1
14,6,14,29.4,1,1,2,8,3
10,1,10,24.3,1,1,2,40,2
4,2,4,12.0,0,0,4,10,2
1,2,1,12.7,1,0,11,25,6
6,3,6,8.1,0,0,2,26,4
11,2,11,17.3,1,1,2,20,11
4,6,4,9.2,1,0,8,11,8
22,2,22,11.4,1,1,1,0,0
12,4,12,16.0,1,1,2,13,2
18,3,18,27.6,1,0,7,34,16
14,6,14,15.0,0,0,0,3,1
12,4,12,21.0,1,1,2,8,3
22,4,22,19.4,1,1,2,7,2
14,3,14,30.6,1,1,31,64,33
13,1,13,29.3,1,0,2,9,2
20,4,20,21.3,0,1,2,0,2
14,3,14,20.4,1,1,0,0,1
12,5,12,25.0,1,0,1,42,0
10,1,10,28.1,1,1,0,8,0
17,1,17,18.7,0,0,16,20,3
15,5,15,23.7,1,0,9,16,9
14,0,14,13.5,0,1,9,69,17
9,6,9,4.2,0,0,2,0,3
11,6,11,11.9,1,0,2,11,13
5,6,5,4.5,1,0,11,25,6
11,5,11,11.4,0,0,0,1,0
21,0,21,26.1,1,1,2,7,2
18,1,18,29.9,0,1,0,28,1
16,0,16,32.8,0,0,5,84,5
17,2,17,29.5,0,0,2,14,3
19,5,19,20.7,1,1,2,0,3
13,3,13,29.2,1,1,2,27,2
14,3,14,30.5,1,1,0,1,1
7,5,7,14.2,1,1,1,0,0
21,0,21,12.4,0,0,2,20,4
22,4,22,6.8,1,0,2,1,2
8,2,8,14.4,1,1,0,6,0
5,0,5,14.8,0,0,1,60,3
9,3,9,17.2,0,0,2,8,2
17,5,17,32.7,1,1,2,14,3
11,6,11,18.5,0,1,28,76,14
15,0,15,26.3,1,0,6,18,20
4,5,4,1.7,1,0,2,1,3
1,4,1,5.5,1,0,8,5,8
21,6,21,26.1,1,1,2,8,3
12,6,12,11.2,0,0,2,7,3
22,1,22,3.5,0,0,1,6,0
19,5,19,24.0,1,1,0,8,1
21,3,21,20.8,1,1,0,0,0
1,1,1,17.5,1,0,11,25,6
13,0,13,20.2,1,1,2,13,3
20,0,20,25.8,0,0,2,14,3
12,0,12,29.2,1,1,0,9,0
16,4,16,19.5,1,0,2,13,3
10,2,10,24.1,1,1,1,17,0
2,6,2,11.6,0,0,11,25,11
20,0,20,19.2,0,0,2,19,13
19,4,19,26.6,1,1,0,1,0
23,6,23,15.8,0,0,2,10,2
17,0,17,16.4,1,1,0,21,0
16,3,16,13.8,0,0,1,9,1
18,0,18,16.2,1,0,0,14,0
12,6,12,27.6,1,1,35,61,45
8,1,8,15.7,1,1,2,6,3
10,3,10,22.9,1,1,31,74,34
21,4,21,19.4,1,1,2,9,3
23,6,23,15.2,0,0,2,10,4
0,1,0,20.8,0,0,0,9,0
22,3,22,22.6,1,1,25,11,13
6,5,6,7.6,1,1,2,8,2
0,0,0,12.3,0,0,24,84,5
18,1,18,27.5,0,1,0,9,0
8,5,8,8.9,1,1,2,2,3
15,5,15,21.8,1,1,2,9,3
14,0,14,28.8,0,0,1,2,1
18,1,18,26.8,1,1,0,40,0
17,1,17,31.3,1,3,9,82,28
19,1,19,13.7,0,0,0,13,0
6,6,6,12.8,1,1,2,7,2
17,3,17,33.1,0,1,0,28,0
6,4,6,9.7,1,1,2,6,3
10,2,10,14.8,0,1,6,18,6
14,5,14,16.3,0,0,2,12,2
21,6,21,25.1,1,0,2,10,2
15,6,15,29.3,1,1,2,3,3
19,5,19,25.4,0,0,2,26,13
12,0,12,24.9,1,1,0,3,2
8,4,8,13.2,1,1,1,2,0
17,3,17,29.4,1,1,2,0,2
23,4,23,10.2,0,1,1,18,0
9,0,9,20.2,0,1,2,0,3
9,5,9,18.3,1,1,2,36,2
14,6,14,30.0,0,0,1,20,1
13,2,13,34.6,1,1,2,6,2
8,3,8,14.2,0,0,22,37,4
13,6,13,12.3,0,1,7,69,17
22,2,22,5.9,1,0,25,11,13
12,5,12,15.3,0,3,56,39,81
11,5,11,14.0,1,1,13,26,10
16,0,16,32.2,1,1,2,28,2
14,0,14,25.9,0,0,1,2,0
16,6,16,33.9,1,1,9,93,38
13,5,13,27.6,0,1,4,10,5
20,4,20,19.7,1,0,0,9,0
19,1,19,28.3,1,1,0,40,0
11,1,11,28.0,1,1,0,36,0
18,2,18,29.2,1,1,2,7,3
7,6,7,14.2,1,1,2,23,2
19,6,19,25.9,0,0,2,0,3
7,6,7,12.5,1,1,4,10,2
13,0,13,21.9,0,0,2,14,2
12,6,12,11.4,0,0,2,9,3
8,3,8,17.7,1,1,0,15,0
7,5,7,13.7,1,1,4,10,2
11,6,11,26.5,1,1,2,44,2
7,3,7,15.8,1,1,2,36,2
23,6,23,14.9,1,0,20,33,5
15,0,15,17.9,1,0,0,6,1
13,1,13,21.9,1,1,16,20,2
10,2,10,23.6,1,1,6,18,6
7,1,7,8.9,1,1,3,5,13
22,6,22,8.4,1,0,19,32,15
12,3,12,29.2,0,1,2,12,2
16,2,16,34.9,1,1,1,89,1
9,5,9,19.7,1,1,0,9,1
8,4,8,18.2,1,1,2,3,2
9,4,9,20.8,1,1,2,13,2
16,0,16,22.4,0,0,0,36,0
14,1,14,20.0,0,0,16,20,3
20,5,20,23.2,1,0,7,69,17
17,3,17,15.2,1,1,7,34,16
19,1,19,28.3,1,1,2,0,3
21,4,21,11.9,0,0,1,17,2
14,1,14,28.7,1,1,2,10,2
21,4,21,18.2,0,0,2,8,3
13,6,13,17.5,1,0,2,27,2
7,4,7,9.1,1,1,2,0,3
0,5,0,4.6,1,0,19,32,15
13,1,13,26.9,1,1,2,27,2
11,2,11,13.3,0,0,1,2,1
19,2,19,26.8,1,1,2,8,3
18,6,18,15.9,1,1,2,13,3
21,3,21,15.9,0,0,1,6,1
16,3,16,25.8,1,0,46,34,16
10,0,10,22.8,1,0,14,57,12
6,5,6,8.5,0,0,2,48,4
16,6,16,16.3,1,0,2,18,2
6,3,6,11.1,1,1,16,20,3
14,1,14,24.9,1,1,2,13,2
13,6,13,14.3,0,0,2,4,4
23,4,23,5.5,1,0,2,68,4
22,1,22,21.4,1,1,6,18,21
6,4,6,14.9,1,1,2,7,2
14,1,14,28.2,1,1,2,15,3
13,1,13,16.6,1,0,0,36,0
10,3,10,22.1,1,1,2,10,3
10,6,10,23.2,0,1,15,29,4
7,2,7,13.2,1,1,3,5,13
14,2,14,34.9,0,0,4,72,2
21,4,21,19.4,1,1,0,9,0
17,4,17,30.0,1,1,0,7,1
12,6,12,28.8,0,1,0,28,0
21,3,21,21.2,1,1,1,9,1
2,3,2,9.0,1,0,17,11,14
14,0,14,31.8,0,1,2,13,2
4,5,4,11.1,1,0,77,46,5
17,3,17,25.0,1,1,2,9,3
17,6,17,30.2,0,1,2,12,2
20,2,20,18.8,1,1,1,6,1
10,3,10,22.8,1,1,2,0,3
22,1,22,12.2,0,0,16,20,3
14,4,14,15.7,0,0,2,36,2
6,3,6,7.9,1,0,1,6,2
10,1,10,26.6,1,1,6,18,6
5,1,5,1.3,1,0,0,8,0
14,6,14,30.7,0,1,1,36,2
10,3,10,9.7,0,0,1,18,2
11,4,11,24.5,1,0,7,39,42
20,6,20,11.6,1,0,2,1,3
16,4,16,31.1,1,1,0,3,2
23,0,23,22.0,0,1,2,20,2
10,6,10,22.8,1,1,2,13,2
21,2,21,4.9,0,0,2,2,2
9,0,9,14.4,1,3,9,122,87
17,2,17,14.2,1,0,2,40,2
18,1,18,15.0,1,0,45,83,65
12,1,12,29.8,1,1,20,33,5
11,0,11,22.1,0,1,0,23,2
19,5,19,22.2,1,1,2,6,2
11,4,11,24.2,1,0,31,15,40
19,6,19,31.8,1,1,2,2,2
19,0,19,20.3,0,0,0,9,1
12,1,12,30.4,1,1,10,24,23
11,3,11,23.9,1,1,2,30,2
15,0,15,16.0,0,1,2,0,3
6,5,6,9.4,1,3,4,10,2
16,5,16,30.0,0,1,2,12,3
7,3,7,14.6,1,1,2,0,3
21,6,21,17.3,0,1,19,32,15
14,4,14,29.2,1,1,6,18,6
12,6,12,17.7,1,0,2,20,3
17,4,17,16.8,1,1,1,0,0
9,6,9,10.7,1,0,2,8,3
10,6,10,9.2,1,0,2,13,3
6,1,6,11.8,1,1,2,6,3
10,4,10,25.1,1,1,2,10,3
13,3,13,14.2,0,1,7,34,16
16,5,16,19.9,0,1,2,15,3
13,2,13,13.6,1,0,0,14,0
9,5,9,16.2,1,1,2,14,3
23,3,23,12.4,1,0,1,2,2
2,1,2,5.7,0,0,11,25,6
18,3,18,21.3,0,0,2,12,3
17,2,17,20.0,0,0,0,23,0
6,0,6,12.6,1,1,2,9,2
10,6,10,24.8,1,1,2,13,3
22,3,22,18.7,1,1,13,26,10
4,6,4,6.0,1,0,11,25,6
16,4,16,17.3,0,0,2,10,2
21,4,21,21.0,1,1,2,10,3
7,4,7,11.9,1,1,1,13,2
18,4,18,14.8,1,1,0,27,0
11,5,11,27.0,1,0,9,84,96
10,6,10,27.9,1,1,2,40,3
1,5,1,14.5,0,0,1,18,0
12,0,12,14.8,1,0,5,11,5
16,0,16,30.0,1,1,0,8,0
17,1,17,29.0,1,1,2,14,3
13,0,13,29.4,1,1,0,23,2
0,5,0,16.1,1,0,25,62,13
6,4,6,7.4,0,0,2,5,8
17,4,17,15.5,0,1,2,13,3
21,6,21,6.4,0,0,2,65,4
17,2,17,23.3,0,0,0,2,0
20,6,20,23.4,1,1,1,40,2
18,2,18,10.1,1,0,1,2,0
17,4,17,11.9,1,1,2,14,3
9,0,9,22.8,1,1,9,2,9
7,2,7,12.0,1,1,2,6,3
20,6,20,18.3,0,1,2,13,2
15,4,15,33.5,1,1,0,10,0
6,6,6,13.6,1,1,0,23,2
21,6,21,20.7,1,1,20,33,5
12,0,12,22.4,1,1,2,28,2
16,4,16,30.9,1,1,0,40,0
6,6,6,15.4,0,0,26,47,10
6,0,6,12.1,1,1,2,6,3
2,3,2,7.3,1,0,11,25,11
23,5,23,3.3,1,0,2,68,13
11,6,11,25.9,0,1,0,28,0
18,5,18,34.4,1,1,0,27,0
23,6,23,5.8,0,0,0,10,1
17,6,17,30.8,1,1,1,89,2
11,3,11,22.2,1,0,2,0,3
11,5,11,16.4,0,0,0,20,0
17,1,17,18.4,0,1,2,28,2
22,4,22,12.9,0,1,0,15,0
20,4,20,24.2,1,1,2,0,3
11,3,11,25.2,1,1,0,6,0
13,1,13,16.8,0,0,1,8,2
9,4,9,21.4,0,1,2,6,2
15,2,15,36.9,1,1,0,1,0
6,0,6,13.7,1,1,2,0,2
9,1,9,27.9,1,1,0,9,0
21,6,21,23.0,1,1,2,26,4
21,0,21,21.2,1,1,0,9,1
4,0,4,4.8,0,0,2,50,2
22,4,22,15.1,0,1,0,0,0
17,4,17,17.1,0,0,2,18,2
14,6,14,29.5,0,0,1,2,0
16,3,16,26.7,0,0,2,14,3
14,0,14,13.9,0,0,2,35,3
10,4,10,25.8,1,1,7,86,17
13,3,13,29.6,1,1,2,14,3
4,6,4,7.3,0,0,3,5,13
19,6,19,25.2,0,0,15,29,4
10,0,10,7.1,1,0,1,0,0
6,6,6,7.3,0,0,2,11,13
16,3,16,25.0,1,0,1,14,1
23,2,23,15.3,0,0,2,2,3
12,6,12,29.4,1,1,0,9,0
20,2,20,14.8,1,0,2,7,2
23,4,23,20.1,1,1,26,47,10
14,4,14,19.2,1,3,7,79,93
10,4,10,22.2,1,1,6,40,26
2,2,2,10.1,1,0,2,4,4
10,2,10,23.9,1,1,2,19,4
16,6,16,19.6,0,0,16,3,2
13,5,13,30.3,1,1,2,36,2
22,5,22,10.5,0,1,0,0,0
5,2,5,8.1,1,0,2,2,2
13,2,13,24.0,1,0,2,50,3
8,4,8,8.3,1,0,2,10,2
12,2,12,23.5,1,1,2,21,2
12,2,12,24.3,1,1,2,28,2
6,6,6,14.1,1,1,2,77,2
7,1,7,11.5,0,0,2,11,13
17,5,17,32.6,0,1,2,23,2
18,3,18,27.7,0,1,0,21,0
8,5,8,10.3,1,1,2,12,2
20,5,20,22.4,1,0,0,20,0
11,2,11,22.3,0,1,0,14,0
19,1,19,27.0,1,1,16,20,3
9,1,9,17.7,1,1,0,9,1
19,1,19,13.8,1,1,0,2,1
10,3,10,17.9,1,1,2,12,3
8,4,8,15.3,1,1,31,15,34
7,3,7,17.4,1,1,2,8,2
10,2,10,17.4,0,1,2,21,2
14,5,14,33.9,1,1,2,3,3
15,6,15,31.3,1,1,0,61,0
7,6,7,8.2,1,1,2,0,2
11,2,11,19.7,1,1,2,0,3
6,1,6,12.4,1,1,1,20,1
21,5,21,21.8,0,1,1,42,2
18,6,18,13.7,0,0,25,11,13
23,0,23,10.7,1,1,2,48,13
21,1,21,13.4,0,0,2,2,3
10,1,10,18.3,1,1,2,13,3
5,0,5,13.6,1,1,0,2,0
14,6,14,26.3,1,0,7,36,47
13,6,13,12.2,0,0,0,36,0
13,2,13,26.6,1,1,11,25,11
23,6,23,19.0,0,1,1,17,2
9,5,9,5.2,1,0,0,36,0
21,0,21,25.6,0,1,2,0,2
11,3,11,27.8,1,1,2,30,2
9,1,9,17.1,1,1,2,12,2
13,2,13,11.5,1,0,2,9,3
16,3,16,27.6,1,0,13,26,10
12,1,12,25.8,1,1,2,44,2
21,0,21,9.0,0,0,2,19,4
11,0,11,11.6,0,0,2,6,3
13,5,13,14.4,0,0,0,10,1
21,5,21,25.7,0,1,2,8,2
22,3,22,14.4,1,1,6,18,6
15,0,15,18.7,1,1,31,15,40
17,3,17,12.6,0,0,2,21,2
13,6,13,13.7,0,0,2,13,2
21,5,21,20.9,0,0,6,23,6
11,0,11,26.7,1,1,2,13,2
21,3,21,17.8,1,0,49,11,5
21,6,21,21.5,1,1,0,6,0
5,3,5,8.3,1,0,2,2,3
2,6,2,12.4,0,0,7,2,30
3,0,3,1.9,0,0,1,17,0
20,4,20,14.2,1,1,0,18,0
18,4,18,11.8,1,0,1,6,2
0,0,0,13.6,0,0,34,76,12
6,5,6,-2.2,1,0,2,0,3
17,3,17,34.0,1,1,0,2,0
14,0,14,31.4,1,1,0,21,0
21,0,21,24.5,1,1,2,2,2
15,3,15,34.5,0,1,7,34,16
6,1,6,15.1,1,1,2,7,2
17,6,17,13.3,1,3,9,126,28
15,4,15,25.8,1,1,2,15,2
11,5,11,26.5,1,1,2,7,3
8,0,8,14.8,1,1,2,2,3
15,5,15,7.9,1,0,6,18,21
21,6,21,10.8,0,0,0,15,0
10,3,10,19.0,1,1,2,0,2
22,0,22,9.3,1,0,16,20,3
1,3,1,14.2,0,0,0,2,0
12,2,12,14.3,0,0,3,5,0
11,6,11,18.2,1,0,9,150,28
14,5,14,28.5,1,1,16,134,3
11,0,11,22.0,0,0,2,2,2
9,4,9,2.7,1,0,17,11,14
14,6,14,28.9,1,1,6,18,6
13,6,13,30.8,1,1,2,12,3
17,1,17,18.9,1,0,17,11,18
18,5,18,32.8,0,1,2,7,3
6,5,6,9.8,1,1,16,20,3
0,1,0,11.8,1,0,19,32,15
0,2,0,4.4,0,0,2,2,2
16,0,16,18.6,0,0,16,3,0
12,5,12,12.2,1,0,2,3,3
1,0,1,16.8,1,0,2,20,2
23,3,23,15.9,1,1,26,47,10
23,6,23,19.0,1,1,2,11,4
13,6,13,19.0,0,0,2,14,3
5,1,5,9.7,1,0,11,25,6
7,0,7,12.9,1,1,3,5,13
11,1,11,25.7,1,1,17,11,18
7,0,7,13.4,1,1,2,8,3
6,2,6,12.4,0,0,2,10,2
17,4,17,30.4,1,1,0,0,0
17,5,17,27.1,1,1,2,6,2
7,5,7,7.3,1,1,2,23,2
14,1,14,20.6,1,0,5,46,5
19,0,19,21.7,1,1,0,2,0
6,4,6,4.3,0,0,21,23,5
22,4,22,16.4,0,0,16,20,3
15,5,15,17.0,1,0,6,18,21
14,5,14,17.5,0,0,0,16,0
3,1,3,5.2,1,0,17,11,14
11,4,11,25.9,1,1,2,8,3
19,4,19,10.8,0,0,11,25,11
14,3,14,20.6,1,1,2,10,2
11,6,11,19.0,1,0,0,0,0
15,5,15,17.0,1,0,16,44,2
22,5,22,20.9,0,0,1,10,1
9,2,9,19.9,1,1,7,69,17
9,0,9,22.0,1,1,4,10,2
9,0,9,2.7,0,0,2,2,3
15,2,15,30.3,1,1,4,72,2
20,4,20,13.9,1,0,7,13,17
10,5,10,28.3,1,1,2,13,3
9,1,9,24.5,1,1,2,2,3
15,5,15,32.0,1,1,0,10,0
10,0,10,22.3,1,1,2,13,3
7,0,7,12.1,1,1,1,6,1
16,5,16,27.9,1,1,2,28,2
18,4,18,23.0,1,1,2,40,2
7,1,7,11.0,1,1,31,64,34
18,0,18,25.7,1,1,2,15,2
14,2,14,15.6,1,0,15,29,4
20,0,20,22.5,0,1,0,9,0
7,5,7,12.7,1,1,2,13,2
0,4,0,9.0,1,0,2,5,13
18,5,18,30.4,1,1,0,2,0
5,0,5,13.7,1,1,0,8,1
16,3,16,22.4,1,0,2,15,3
14,5,14,22.1,1,0,2,20,3
13,5,13,31.9,1,1,1,2,0
17,0,17,32.8,0,0,16,20,3
17,6,17,26.7,1,1,2,8,2
14,0,14,26.3,0,0,0,7,1
6,6,6,16.4,1,1,2,2,3
6,2,6,12.5,1,1,2,7,3
15,4,15,28.7,1,1,1,36,2
12,4,12,25.6,0,0,2,8,3
11,2,11,24.8,1,1,2,8,2
5,1,5,5.8,1,0,2,6,3
14,5,14,15.6,0,0,0,36,0
11,6,11,24.1,1,1,0,15,0
13,3,13,29.3,1,0,7,2,17
22,0,22,23.5,1,1,0,9,0
18,0,18,11.7,0,0,1,14,2
12,6,12,11.5,0,0,7,41,17
19,1,19,28.1,1,1,0,18,2
13,2,13,30.9,0,1,2,28,2
14,1,14,26.4,0,0,1,14,1
19,3,19,27.2,1,1,2,18,2
12,6,12,26.5,0,1,0,12,1
20,0,20,22.9,0,0,2,2,3
15,1,15,31.1,1,1,1,3,2
14,0,14,15.9,0,0,1,8,2
13,3,13,14.1,0,0,0,3,1
19,3,19,20.1,0,0,11,25,11
17,0,17,27.6,0,1,2,9,2
9,4,9,17.6,1,1,2,23,3
19,1,19,32.0,1,1,0,6,0
14,4,14,19.0,0,0,1,20,0
23,1,23,8.0,1,0,1,2,0
10,2,10,22.6,0,0,1,6,2
6,1,6,12.2,1,1,0,0,0
8,2,8,13.2,1,1,2,3,2
9,6,9,24.3,1,1,0,13,0
6,5,6,8.0,1,1,0,10,1
23,2,23,18.3,1,1,2,68,13
12,5,12,28.1,1,0,13,53,8
10,2,10,22.9,1,1,2,13,2
3,4,3,9.7,1,0,8,11,8
11,1,11,9.3,1,0,13,26,10
8,0,8,11.8,1,1,0,8,0
21,5,21,11.2,0,0,2,3,3
10,1,10,9.8,1,0,2,2,3
21,0,21,22.1,0,0,2,20,3
9,6,9,22.9,1,1,2,8,2
12,3,12,13.8,1,1,7,88,17
21,6,21,8.0,0,0,2,27,2
22,6,22,7.2,0,0,0,20,0
9,1,9,20.8,1,1,21,11,5
15,0,15,31.4,1,1,5,11,5
18,4,18,26.7,1,1,0,0,0
14,4,14,29.2,0,0,1,20,0
17,0,17,32.0,0,0,2,14,3
12,3,12,19.5,1,1,6,40,26
7,5,7,-3.0,1,0,2,9,3
7,0,7,14.1,1,1,2,12,2
15,2,15,29.1,1,3,7,67,39
12,5,12,27.5,0,1,2,13,3
18,6,18,26.0,1,1,2,40,2
7,6,7,14.4,1,1,16,20,3
6,2,6,15.0,1,1,2,6,2
8,1,8,12.8,1,1,2,6,2
10,4,10,9.5,1,0,0,13,0
10,5,10,18.7,1,1,2,36,2
14,5,14,32.1,1,1,0,27,0
20,6,20,14.8,0,1,19,32,15
2,3,2,4.3,0,0,11,25,6
12,0,12,16.1,0,0,2,30,3
12,6,12,29.2,1,1,2,23,2
10,0,10,20.4,0,1,12,23,4
23,0,23,19.9,1,1,26,47,10
8,0,8,13.9,1,1,2,23,3
21,5,21,21.8,1,1,2,26,4
18,0,18,32.5,1,1,2,0,3
12,5,12,24.3,0,1,2,9,3
8,6,8,17.5,1,1,0,14,0
21,4,21,23.2,0,0,2,8,2
19,6,19,8.9,0,0,0,23,0
15,3,15,21.8,0,0,9,99,9
15,4,15,25.3,0,0,1,3,1
21,4,21,22.2,1,1,2,23,3
15,5,15,22.0,0,1,0,15,0
14,6,14,20.1,1,0,16,134,2
8,6,8,18.9,1,1,0,9,0
9,0,9,19.5,0,1,20,33,5
13,6,13,14.0,0,0,1,6,1
17,2,17,28.0,1,0,1,2,1
19,5,19,30.5,1,0,2,0,3
14,3,14,31.4,1,1,6,18,21
11,3,11,19.2,0,0,1,2,0
5,4,5,13.4,1,0,2,8,3
9,2,9,14.6,0,0,2,6,3
18,4,18,29.9,1,1,2,23,2
23,1,23,18.8,0,1,1,6,1
6,2,6,7.8,0,0,2,11,4
7,5,7,14.2,1,1,16,20,3
8,0,8,18.4,1,1,2,18,2
21,6,21,21.6,1,1,0,9,0
23,1,23,14.8,1,0,2,68,8
6,2,6,12.6,1,1,0,6,0
21,1,21,24.2,1,1,14,11,12
19,3,19,10.6,0,0,0,2,0
16,2,16,19.6,1,0,2,40,2
15,5,15,27.2,0,0,16,20,3
8,0,8,11.6,0,1,20,33,73
9,6,9,21.0,1,1,1,9,2
10,3,10,26.9,0,1,2,21,2
6,4,6,4.3,1,0,2,0,3
17,3,17,29.1,0,1,0,28,0
6,5,6,19.6,1,1,2,11,4
15,2,15,30.1,0,1,1,13,1
13,6,13,12.2,1,0,0,23,0
14,5,14,21.7,1,0,2,8,2
11,4,11,11.7,0,0,15,29,4
20,4,20,32.8,1,1,0,1,0
8,3,8,14.2,0,0,26,47,10
10,2,10,12.5,1,0,7,34,16
12,5,12,17.4,1,0,2,6,2
22,6,22,20.9,1,1,25,11,23
9,5,9,21.0,1,1,2,0,2
14,3,14,20.4,0,1,7,34,16
15,3,15,17.7,1,1,31,64,40
12,2,12,18.8,1,1,11,25,11
9,1,9,20.5,1,1,2,3,2
8,2,8,10.4,1,1,2,10,3
19,1,19,8.7,0,0,0,9,0
15,2,15,20.3,1,0,2,2,3
18,2,18,22.5,0,0,1,40,0
15,5,15,32.6,0,2,2,58,2
12,6,12,15.0,0,0,2,8,3
20,5,20,14.4,0,1,0,9,0
7,0,7,7.6,1,0,2,2,2
12,0,12,26.4,1,1,2,30,3
10,3,10,8.0,1,0,0,9,0
20,5,20,25.5,0,1,2,7,2
18,4,18,25.5,1,1,2,14,2
15,1,15,29.9,0,0,9,34,106
15,6,15,20.6,1,1,2,6,3
17,5,17,18.1,1,0,2,6,3
16,0,16,32.4,1,1,4,10,5
5,0,5,12.0,0,0,17,20,18
11,4,11,9.7,0,3,7,82,28
11,5,11,15.0,1,0,1,2,1
6,1,6,8.6,0,0,23,43,4
1,1,1,13.9,0,0,16,20,2
9,1,9,21.3,1,0,7,38,17
19,1,19,18.2,0,1,0,9,0
19,0,19,9.3,0,0,2,20,4
14,6,14,30.5,1,1,2,13,2
14,6,14,20.0,1,0,6,18,6
18,0,18,23.6,1,0,16,20,3
8,5,8,9.7,1,1,2,13,2
9,5,9,8.1,0,0,2,9,3
7,5,7,17.6,1,1,3,5,13
17,0,17,27.1,1,1,7,67,17
1,2,1,17.8,0,0,2,7,3
8,4,8,11.6,1,1,2,2,2
18,3,18,24.4,1,1,2,8,3
7,5,7,10.0,1,1,2,0,2
6,6,6,15.7,1,1,1,27,1
12,6,12,25.5,0,1,2,12,2
22,0,22,21.3,0,0,1,2,0
14,1,14,28.0,1,1,0,2,0
17,4,17,30.1,1,1,1,2,2
21,2,21,17.3,1,1,0,40,0
9,0,9,22.5,1,0,7,34,16
21,6,21,22.4,1,1,0,1,0
23,5,23,9.5,0,0,1,3,2
14,3,14,15.9,0,1,6,34,16
9,0,9,23.8,1,1,2,12,2
23,0,23,16.1,0,0,0,10,0
11,3,11,20.0,1,0,2,6,3
7,5,7,9.4,1,1,2,9,2
12,3,12,26.5,0,1,0,14,0
17,1,17,26.0,0,1,0,23,0
15,0,15,33.0,1,1,2,6,2
16,0,16,26.2,1,1,1,40,2
19,5,19,26.7,1,1,1,18,0
2,0,2,11.0,0,0,0,27,0
22,5,22,6.2,0,0,11,25,6
16,3,16,32.6,1,1,31,64,33
16,5,16,31.9,1,1,6,18,6
18,6,18,14.4,1,0,0,27,0
19,3,19,8.0,1,3,2,15,3
14,0,14,23.7,1,1,0,21,0
7,4,7,12.9,1,1,2,8,3
18,3,18,10.8,1,0,2,8,3
23,5,23,19.3,0,0,2,58,3
9,3,9,16.9,1,1,2,40,3
16,2,16,34.8,1,1,2,2,2
13,6,13,30.3,1,1,2,23,2
16,0,16,28.5,1,1,0,3,2
10,0,10,20.6,1,1,2,0,2
13,4,13,22.4,0,0,1,27,1
13,3,13,19.7,1,1,2,28,2
9,5,9,16.4,1,1,0,14,0
16,2,16,28.5,0,0,2,2,2
1,2,1,13.2,1,0,5,11,5
21,6,21,26.1,0,1,2,3,3
19,1,19,14.1,1,0,0,2,0
7,0,7,11.0,0,0,2,31,13
18,5,18,30.0,1,1,0,27,0
7,4,7,13.9,1,1,8,5,8
17,6,17,27.2,1,1,2,13,3
7,6,7,13.8,1,1,2,13,3
7,5,7,9.9,1,1,1,9,0
18,0,18,28.4,1,1,2,40,3
9,1,9,24.0,1,1,4,10,2
13,3,13,29.5,0,0,0,6,0
17,3,17,13.6,0,0,2,0,2
11,4,11,21.3,0,1,9,39,17
22,4,22,17.7,0,0,2,10,2
11,2,11,24.4,1,0,13,53,8
11,2,11,27.5,1,1,2,11,4
12,6,12,22.0,0,0,2,13,3
15,2,15,20.9,0,0,1,3,2
14,0,14,19.1,0,1,2,2,3
7,4,7,12.2,1,1,3,5,13
18,2,18,23.6,1,1,16,20,3
23,1,23,15.5,0,0,2,10,2
11,3,11,25.3,1,1,2,20,2
2,4,2,16.5,1,0,11,25,6
14,4,14,26.3,1,1,2,10,4
9,2,9,5.3,1,0,0,2,0
19,3,19,27.1,0,1,0,28,0
17,6,17,20.4,0,1,2,13,3
11,5,11,22.7,1,1,0,36,0
0,3,0,19.0,0,0,2,2,2
13,2,13,23.2,0,0,16,44,3
10,5,10,21.5,0,0,0,8,0
15,0,15,18.5,0,0,0,5,2
17,2,17,30.2,1,1,2,5,13
9,0,9,11.9,1,0,7,34,36
12,5,12,13.7,0,0,16,134,2
17,1,17,29.1,1,0,2,2,3
15,4,15,35.7,1,1,2,44,2
16,3,16,32.4,1,1,1,6,2
22,3,22,13.8,0,0,0,6,0
19,0,19,26.8,0,1,0,13,0
12,0,12,12.5,0,0,2,23,3
15,0,15,28.7,1,1,2,44,2
5,0,5,8.7,1,0,2,8,2
9,3,9,17.7,1,1,4,10,2
10,0,10,17.3,1,0,7,34,16
16,3,16,25.1,1,1,2,13,3
23,2,23,22.0,1,1,2,11,13
15,3,15,27.2,0,0,0,14,0
20,0,20,19.1,0,0,11,25,11
16,0,16,18.4,0,0,0,13,1
14,1,14,28.0,1,1,1,6,0
7,2,7,12.3,1,1,2,9,3
18,0,18,22.8,1,1,2,18,2
21,4,21,12.8,1,1,0,0,1
12,1,12,26.2,1,1,0,9,0
15,3,15,30.7,1,1,2,8,3
9,1,9,19.9,1,1,22,37,4
20,6,20,14.3,1,1,1,2,1
21,1,21,17.4,0,1,2,13,2
20,3,20,22.5,1,1,2,15,2
13,2,13,24.6,0,0,1,2,0
21,2,21,11.8,0,0,2,2,3
6,3,6,7.4,1,1,2,9,2
23,1,23,16.4,0,2,3,5,0
14,5,14,30.4,0,0,1,20,0
6,4,6,14.5,1,1,1,0,0
5,5,5,7.5,0,0,26,47,10
9,1,9,24.4,1,1,1,6,0
4,0,4,7.8,1,0,17,46,5
12,2,12,11.1,1,0,0,6,0
21,5,21,24.5,0,0,2,0,2
15,6,15,33.8,1,1,3,5,0
6,1,6,14.3,1,1,11,25,6
11,2,11,10.6,0,0,0,14,0
5,4,5,16.2,0,0,2,7,2
10,0,10,18.7,1,0,7,34,36
22,5,22,8.0,0,0,2,1,3
6,4,6,12.6,0,1,21,23,5
15,5,15,33.4,1,1,2,52,2
1,0,1,10.0,1,0,17,11,14
16,3,16,17.1,0,0,2,13,3
12,6,12,17.9,1,1,0,3,0
14,3,14,25.2,1,1,0,21,0
14,6,14,30.5,1,1,2,12,2
12,5,12,29.6,0,0,2,20,2
19,3,19,22.6,1,1,2,20,2
8,0,8,12.8,1,1,17,11,18
23,5,23,24.3,1,0,1,2,0
18,0,18,12.0,1,0,2,13,2
1,2,1,16.6,1,0,16,20,3
23,6,23,6.9,1,0,2,48,13
2,4,2,15.8,1,0,0,5,0
18,6,18,15.4,0,0,1,44,1
10,3,10,17.3,0,1,0,15,0
12,3,12,10.9,1,0,0,50,1
15,2,15,28.0,1,0,2,10,3
11,1,11,23.8,0,3,2,2,3
19,6,19,27.4,1,1,2,20,2
6,4,6,14.8,1,1,5,11,5
21,5,21,5.4,0,0,16,20,3
10,5,10,21.8,1,1,2,13,3
18,1,18,16.6,1,0,16,20,3
16,1,16,32.0,1,1,3,5,0
11,6,11,24.0,1,1,2,13,3
15,5,15,31.6,1,1,2,10,2
0,4,0,1.6,1,0,11,25,6
23,6,23,13.4,0,0,11,25,6
10,1,10,7.4,0,0,9,39,17
6,2,6,13.4,1,1,4,10,2
2,0,2,15.5,1,0,8,5,8
14,4,14,18.2,0,0,0,20,0
8,6,8,14.5,1,1,2,20,3
17,0,17,12.9,0,0,0,23,0
4,1,4,14.0,1,0,0,2,0
23,0,23,20.1,0,1,2,9,3
16,5,16,32.5,1,1,2,20,13
12,4,12,16.4,1,1,0,9,1
18,1,18,27.7,0,0,2,19,13
20,6,20,19.5,1,1,0,10,0
22,3,22,19.8,1,1,25,11,13
11,3,11,12.9,0,0,7,34,16
9,3,9,5.8,1,0,9,63,39
12,4,12,24.5,0,0,2,2,2
22,3,22,23.6,1,1,19,32,15
13,5,13,15.9,1,0,2,50,3
14,5,14,28.5,1,1,24,11,5
15,6,15,30.5,1,1,0,61,0
1,0,1,15.0,1,0,11,25,6
15,6,15,31.8,1,0,2,14,2
17,3,17,12.3,1,0,1,14,2
17,0,17,18.1,0,1,0,23,0
12,0,12,16.5,0,1,7,13,27
8,0,8,12.9,1,1,2,3,3
13,4,13,27.7,0,1,2,36,2
17,6,17,31.1,1,1,0,3,2
19,0,19,28.2,1,1,2,7,3
0,2,0,14.0,1,0,2,5,8
6,6,6,7.0,0,0,2,68,13
9,6,9,23.5,1,1,2,31,13
10,6,10,15.4,0,1,2,13,3
17,6,17,30.3,1,1,2,8,2
8,1,8,11.1,1,1,0,14,0
16,3,16,32.4,1,1,2,20,2
15,0,15,32.1,1,1,0,15,0
22,0,22,12.1,1,1,6,18,6
21,4,21,23.6,1,1,4,10,2
18,1,18,26.0,1,1,1,9,0
16,5,16,30.9,1,1,2,44,2
13,3,13,33.3,1,1,0,23,2
13,1,13,30.9,0,0,0,15,1
10,1,10,7.9,0,0,0,2,0
15,2,15,28.8,1,1,4,10,2
19,4,19,9.2,1,0,2,13,2
7,0,7,9.9,1,1,2,2,2
17,1,17,17.2,1,0,2,0,3
2,5,2,23.5,1,0,11,25,6
6,3,6,7.2,0,0,2,68,8
20,4,20,20.0,0,0,2,14,3
18,6,18,24.9,1,1,2,14,2
23,2,23,10.1,0,0,0,1,1
15,3,15,25.4,0,1,2,13,2
12,5,12,26.7,0,1,1,27,2
22,6,22,10.4,0,0,2,10,2
5,2,5,10.5,1,0,1,2,1
22,5,22,13.9,1,1,25,11,13
10,2,10,13.6,1,1,9,39,24
15,6,15,20.0,0,0,1,3,1
19,1,19,17.4,1,0,1,2,2
16,4,16,31.5,0,0,0,2,0
16,6,16,29.9,1,1,4,72,2
11,3,11,25.2,1,1,0,9,0
18,2,18,27.9,1,1,2,23,2
15,4,15,24.4,0,1,2,28,2
18,2,18,28.9,0,0,2,14,2
13,2,13,14.1,1,0,2,50,3
0,0,0,14.0,0,0,0,9,1
4,5,4,-0.8,1,0,11,25,6
7,0,7,11.2,1,1,4,10,2
18,6,18,26.4,0,1,2,12,3
10,3,10,22.2,1,1,0,15,1
19,3,19,22.2,0,0,9,12,17
17,4,17,27.6,1,1,2,40,2
12,1,12,27.0,1,1,2,6,2
9,2,9,19.2,1,1,4,10,2
13,2,13,11.5,1,0,0,2,0
10,3,10,25.5,1,1,2,27,2
15,5,15,29.3,1,1,0,0,1
9,2,9,22.6,1,1,4,10,2
1,2,1,10.6,1,0,13,53,8
11,1,11,24.6,1,0,0,21,0
10,4,10,8.6,1,0,2,20,13
20,0,20,19.3,0,0,18,31,4
7,5,7,14.8,1,1,2,13,3
16,2,16,31.0,1,1,2,20,2
13,5,13,29.5,1,1,13,26,10
18,5,18,14.8,0,0,0,13,0
1,0,1,16.8,0,0,34,76,12
14,1,14,31.1,1,1,15,29,4
15,1,15,28.7,1,1,0,28,0
14,5,14,20.5,0,0,6,18,21
12,5,12,24.9,0,1,0,28,1
13,1,13,29.5,1,1,2,27,2
13,6,13,28.3,0,1,2,7,3
17,2,17,32.4,1,1,2,2,3
10,4,10,25.9,1,1,2,10,3
14,0,14,27.4,0,0,31,64,40
21,6,21,18.4,0,0,6,23,6
22,5,22,7.2,0,0,1,6,0
10,1,10,26.6,1,1,22,37,4
13,2,13,8.4,0,0,0,10,1
22,2,22,11.5,0,0,9,59,9
21,2,21,17.3,0,0,9,105,58
6,2,6,12.6,1,1,4,10,2
13,4,13,25.3,1,1,23,43,4
10,4,10,22.0,1,1,1,9,2
9,1,9,23.3,0,1,23,43,4
19,3,19,26.5,1,1,1,18,0
17,4,17,17.5,1,0,0,1,0
10,0,10,10.6,0,3,7,34,16
12,6,12,25.6,0,1,2,14,2
9,2,9,17.6,1,1,0,0,0
10,2,10,21.2,1,1,6,18,6
13,0,13,32.1,1,1,2,13,3
10,3,10,29.4,1,1,2,10,2
1,3,1,7.8,1,0,11,25,6
13,6,13,29.8,1,1,13,26,10
9,5,9,24.1,1,1,2,36,2
6,1,6,8.6,1,1,2,6,3
13,3,13,20.0,1,0,0,27,0
15,1,15,29.5,1,1,6,18,6
15,5,15,27.3,1,1,9,59,9
19,3,19,13.7,0,0,2,20,13
21,1,21,9.9,0,0,0,2,1
15,3,15,24.9,0,1,0,3,1
15,5,15,26.3,1,1,0,61,0
17,3,17,32.5,1,1,0,15,0
4,4,4,-0.9,0,0,3,5,13
19,2,19,23.6,1,1,2,7,2
19,0,19,19.7,1,1,0,9,0
9,5,9,18.6,1,1,2,5,13
11,4,11,22.4,1,1,7,45,17
8,4,8,12.3,1,1,0,20,0
10,4,10,22.2,1,1,1,18,0
18,1,18,29.3,1,1,17,11,18
9,3,9,16.5,1,1,31,74,34
6,6,6,16.5,1,1,2,0,3
8,4,8,11.7,1,1,1,13,2
14,4,14,27.9,0,1,0,12,1
20,6,20,11.3,0,0,2,2,3
16,6,16,34.3,1,1,2,15,3
19,4,19,26.6,0,1,2,0,3
9,4,9,18.7,1,1,2,65,13
21,2,21,22.5,1,1,0,10,1
15,4,15,31.9,1,1,5,11,5
22,0,22,18.1,1,1,2,6,3
14,5,14,29.1,0,0,2,3,3
11,5,11,8.9,1,0,2,11,4
6,5,6,18.7,1,1,1,2,2
15,0,15,33.1,1,1,2,14,3
13,6,13,17.3,1,1,0,23,0
20,2,20,23.1,0,1,2,0,2
16,3,16,31.9,0,0,16,3,2
12,1,12,28.7,0,0,0,14,0
13,0,13,14.1,0,0,2,14,2
14,5,14,26.7,1,1,7,69,17
18,2,18,11.5,0,0,0,8,0
19,5,19,25.7,1,0,7,69,17
12,6,12,13.4,0,0,2,27,3
21,0,21,18.0,0,1,2,44,2
3,6,3,11.2,1,0,8,11,8
15,2,15,35.4,1,1,2,0,2
19,6,19,25.0,1,1,16,20,3
20,5,20,19.6,0,1,2,23,3
17,1,17,23.0,0,0,56,101,36
13,0,13,28.9,0,0,54,84,70
14,0,14,22.6,0,0,1,2,0
14,6,14,27.4,1,0,2,8,3
11,1,11,22.1,0,3,2,14,3
7,1,7,14.4,1,1,2,8,2
21,5,21,10.3,0,0,2,7,3
10,0,10,22.2,0,1,2,1,3
8,3,8,19.0,1,1,21,11,5
20,1,20,14.7,1,0,0,2,0
3,5,3,15.0,1,0,13,53,8
15,1,15,30.3,1,1,1,2,0
5,5,5,-1.8,1,0,1,2,0
9,5,9,26.8,1,1,2,5,13
18,5,18,18.2,0,1,13,53,8
13,6,13,28.2,1,1,0,23,2
19,2,19,24.5,1,1,2,0,2
16,1,16,28.8,1,1,0,8,0
13,5,13,30.6,1,1,2,23,2
15,4,15,20.3,0,0,2,28,2
8,1,8,17.1,1,1,2,3,2
6,6,6,10.6,1,1,2,0,2
23,0,23,16.2,1,1,2,11,13
12,1,12,24.5,0,0,15,29,4
17,2,17,32.0,1,1,2,15,3
17,5,17,33.2,1,1,1,60,0
18,2,18,31.5,1,1,0,15,0
7,3,7,13.8,1,1,14,57,12
5,1,5,2.1,1,0,2,6,3
21,6,21,5.9,0,0,0,40,0
16,4,16,31.6,1,1,2,15,2
1,0,1,14.4,0,0,16,20,3
12,3,12,9.3,1,0,0,50,1
7,1,7,11.6,1,1,2,19,13
7,1,7,11.4,1,0,7,34,16
21,5,21,14.7,0,0,2,8,3
10,3,10,28.0,1,1,5,11,5
16,3,16,30.9,1,1,1,8,2
21,4,21,24.5,0,1,0,13,0
15,1,15,14.4,1,0,2,3,2
6,6,6,13.7,1,1,0,0,0
13,6,13,17.9,0,0,2,13,3
16,3,16,26.4,0,1,32,67,35
15,3,15,30.2,1,1,0,21,0
8,3,8,15.5,0,1,20,33,5
23,4,23,20.0,1,1,2,48,4
9,2,9,22.6,1,1,0,21,0
22,4,22,18.5,0,0,0,8,0
12,0,12,8.2,1,0,2,6,3
15,2,15,29.9,1,1,2,9,3
5,1,5,16.1,0,0,3,5,13
2,4,2,13.1,1,0,17,23,14
15,0,15,26.8,1,1,2,10,2
11,2,11,27.6,1,1,2,13,2
18,3,18,25.0,1,0,0,8,0
18,2,18,18.9,1,0,2,13,3
22,0,22,17.1,1,1,19,32,15
2,2,2,15.8,0,0,0,27,1
19,4,19,14.4,1,1,2,8,2
6,6,6,12.5,0,0,2,68,13
23,5,23,6.5,0,0,2,10,3
15,2,15,30.4,1,1,2,3,3
11,5,11,22.0,0,1,2,28,2
21,2,21,12.5,0,0,2,9,3
17,6,17,30.0,1,1,31,64,34
18,6,18,14.4,1,0,0,13,0
21,6,21,25.5,1,0,8,84,8
17,4,17,17.2,0,0,2,9,3
18,5,18,10.0,0,0,0,9,1
17,3,17,29.4,0,0,7,34,16
18,1,18,26.9,1,0,2,40,2
14,6,14,30.6,1,1,2,9,3
14,0,14,31.7,1,1,6,18,6
18,5,18,24.4,0,0,0,9,1
22,2,22,17.2,1,0,20,33,5
23,5,23,16.8,1,1,13,53,8
8,0,8,15.2,1,1,2,12,2
15,0,15,28.8,1,0,9,63,28
16,5,16,22.4,1,0,2,5,13
10,5,10,24.7,1,1,2,7,3
8,3,8,6.4,1,0,7,2,17
16,4,16,30.9,1,1,0,14,0
6,0,6,13.3,1,1,2,2,2
18,2,18,10.9,0,0,0,9,0
16,3,16,33.7,0,1,7,34,16
14,3,14,27.3,1,1,1,6,1
17,1,17,17.6,1,0,1,0,0
10,4,10,8.0,0,0,2,6,3
6,3,6,14.0,1,1,2,6,3
17,1,17,26.8,1,0,16,3,0
12,6,12,24.9,1,1,2,3,3
6,1,6,15.5,1,1,4,10,15
14,4,14,29.9,1,1,2,12,3
0,5,0,18.5,0,0,0,9,1
10,5,10,22.8,1,1,2,16,2
0,0,0,15.7,0,0,0,1,0
8,2,8,-0.2,1,0,2,15,2
10,5,10,23.6,0,1,7,39,16
18,4,18,25.2,1,0,2,13,3
15,5,15,30.5,1,1,0,61,0
17,1,17,23.2,1,1,2,18,2
20,6,20,23.5,1,1,2,0,3
6,5,6,10.3,1,1,2,0,3
15,0,15,15.2,0,0,2,0,2
17,1,17,12.6,1,0,0,6,0
23,1,23,17.2,1,1,2,48,13
13,6,13,28.2,1,1,2,7,3
13,3,13,12.9,0,0,0,15,0
15,1,15,28.1,1,1,3,5,0
17,0,17,29.0,0,0,7,39,55
17,3,17,11.5,1,0,2,13,3
19,1,19,26.4,0,1,2,13,3
16,1,16,30.5,1,0,0,8,0
13,1,13,12.9,0,0,2,4,4
10,0,10,20.1,1,0,7,34,16
17,3,17,32.2,1,1,2,0,2
20,6,20,18.7,0,0,1,9,1
20,5,20,20.9,0,0,1,42,2
13,2,13,27.3,1,0,10,24,10
14,5,14,32.0,0,1,0,16,0
8,5,8,12.6,1,1,2,44,2
16,1,16,36.1,1,1,2,13,2
6,5,6,14.5,1,1,2,7,3
8,5,8,18.5,1,1,0,20,0
16,4,16,33.7,1,1,0,14,0
20,4,20,28.9,1,1,2,0,2
20,5,20,30.3,1,1,1,9,0
7,0,7,11.4,1,1,2,12,2
12,6,12,27.0,1,1,35,61,45
19,6,19,10.0,0,0,36,76,12
11,5,11,28.3,1,1,0,0,0
8,6,8,15.8,1,1,2,8,3
1,5,1,14.3,0,0,2,7,3
14,6,14,29.5,1,1,6,18,6
13,5,13,22.7,0,0,1,2,0
12,4,12,23.8,1,1,0,14,0
23,2,23,14.0,0,0,16,20,3
0,3,0,5.8,1,0,11,25,6
23,5,23,17.8,0,0,16,20,3
19,2,19,29.3,1,1,0,6,0
18,2,18,28.6,1,1,2,0,2
16,2,16,32.8,1,1,0,2,0
15,2,15,19.0,1,1,0,6,0
14,0,14,12.6,0,1,7,88,17
9,1,9,16.8,0,0,9,51,102
15,4,15,21.7,1,0,16,20,3
18,1,18,29.1,1,1,2,9,2
21,4,21,10.8,0,0,16,20,3
7,6,7,6.5,0,0,13,26,10
14,1,14,26.7,0,1,0,0,0
2,6,2,15.7,0,0,2,7,2
8,6,8,11.0,1,1,2,10,2
0,0,0,8.7,1,0,11,25,6
22,1,22,9.1,1,0,2,1,3
13,4,13,31.7,1,1,0,23,2
23,0,23,21.0,1,1,6,18,6
18,4,18,15.9,1,0,9,16,9
15,6,15,31.0,1,1,0,7,0
14,1,14,27.8,0,0,4,10,4
6,1,6,8.9,0,0,2,11,4
15,0,15,29.6,1,1,2,14,3
19,5,19,16.7,0,1,2,12,3
9,6,9,14.9,1,1,2,0,3
15,6,15,30.2,0,1,2,13,3
12,5,12,23.2,1,1,2,9,3
5,5,5,1.7,0,0,2,5,13
16,1,16,13.9,1,0,0,8,0
17,2,17,31.9,1,1,2,2,3
12,6,12,30.4,1,1,2,13,2
14,3,14,26.9,1,1,1,8,1
15,2,15,13.5,1,0,0,14,0
10,4,10,13.2,0,1,0,1,0
13,5,13,27.2,1,1,13,26,10
22,1,22,20.0,0,1,0,7,0
11,3,11,25.8,1,1,2,14,2
22,6,22,20.1,1,1,6,18,20
15,4,15,17.9,0,0,2,18,3
10,1,10,25.5,0,0,2,21,2
17,2,17,18.4,0,1,2,27,2
18,2,18,17.4,1,1,2,23,3
19,6,19,26.7,1,1,1,18,2
13,3,13,27.9,1,1,1,42,0
22,1,22,20.0,1,1,19,32,2
9,4,9,11.3,0,0,2,2,3
6,1,6,8.6,1,1,1,18,0
9,3,9,17.8,1,1,2,18,2
7,5,7,14.7,1,1,3,5,13
5,1,5,8.5,1,0,11,25,6
8,4,8,15.9,1,1,2,0,3
14,0,14,29.8,1,1,2,9,2
1,6,1,3.0,0,0,2,27,2
18,6,18,18.8,1,1,5,11,5
21,0,21,27.3,1,1,2,26,4
13,2,13,18.3,1,1,13,26,10
16,1,16,31.3,1,1,17,11,18
8,3,8,13.2,1,1,5,23,5
6,3,6,10.3,0,0,0,10,1
17,4,17,29.4,0,0,17,20,18
16,0,16,29.3,1,1,2,14,3
19,1,19,29.3,0,1,0,9,0
6,5,6,8.3,0,0,2,11,4
20,6,20,19.3,1,1,2,1,3
7,6,7,14.9,1,1,2,36,2
6,0,6,13.7,1,1,2,9,2
11,5,11,13.6,1,1,2,13,2
16,5,16,32.8,1,1,6,18,6
9,1,9,20.0,1,1,7,6,27
20,5,20,12.9,0,0,2,44,2
17,1,17,16.7,0,0,7,9,30
23,1,23,12.5,1,1,17,11,18
10,5,10,17.1,0,0,2,2,3
22,6,22,19.7,1,1,2,7,2
10,5,10,26.4,0,0,0,2,0
16,4,16,31.0,0,0,17,20,18
19,5,19,20.5,1,1,2,6,2
20,6,20,11.0,0,0,2,40,2
13,4,13,26.0,1,1,16,20,3
20,0,20,11.6,1,0,2,2,3
13,5,13,22.2,1,0,0,2,0
12,5,12,14.6,1,0,2,39,4
19,1,19,21.7,1,1,0,40,0
19,2,19,15.6,1,0,2,13,2
1,1,1,14.9,1,0,2,20,2
18,5,18,26.8,1,3,9,82,28
23,0,23,20.3,0,0,0,9,0
7,4,7,10.5,1,1,0,18,2
8,2,8,14.6,1,1,2,18,2
11,6,11,30.7,1,1,2,14,2
21,3,21,19.2,1,1,25,11,13
17,3,17,28.2,0,1,2,4,4
21,5,21,22.6,1,1,20,33,5
10,3,10,28.5,1,1,6,18,6
23,3,23,9.3,0,0,0,8,1
10,5,10,5.1,1,0,75,139,78
20,6,20,11.6,1,0,5,11,5
21,5,21,20.4,1,1,1,0,1
13,1,13,29.4,1,1,2,8,3
20,6,20,23.6,1,1,1,9,2
9,0,9,14.2,0,1,2,2,2
20,3,20,19.8,1,1,1,18,0
10,0,10,23.6,1,1,0,21,0
14,1,14,29.5,1,1,2,10,2
19,1,19,28.8,1,1,9,41,22
0,5,0,18.3,0,0,3,5,0
10,5,10,20.5,1,1,5,11,5
8,6,8,14.1,0,0,5,96,5
21,5,21,23.6,0,1,2,7,3
6,4,6,4.5,0,0,2,11,4
7,1,7,11.0,1,1,2,23,2
21,4,21,16.0,0,0,0,40,0
14,6,14,29.1,1,1,1,2,2
18,5,18,14.2,1,0,2,14,3
8,2,8,16.1,1,1,1,13,0
18,0,18,11.7,0,0,1,44,1
1,5,1,14.4,1,0,3,5,0
8,6,8,17.3,1,1,16,20,2
18,5,18,17.2,0,1,0,9,1
4,4,4,12.7,1,0,5,11,5
13,2,13,14.7,0,0,1,27,1
14,4,14,29.5,1,1,1,16,2
16,2,16,18.0,1,0,1,2,1
13,2,13,31.5,1,1,2,15,2
20,3,20,22.1,1,1,1,9,2
5,0,5,14.3,1,0,17,11,18
11,5,11,9.6,0,0,2,2,3
7,5,7,12.3,0,0,2,11,13
6,6,6,5.3,0,0,2,23,3
19,6,19,10.1,0,0,1,9,1
4,4,4,8.3,1,0,5,11,5
22,0,22,18.4,1,1,20,33,5
6,4,6,14.5,1,1,2,9,3
6,0,6,12.1,1,1,2,2,3
13,2,13,29.4,1,1,31,64,40
15,2,15,14.4,0,0,7,34,16
20,0,20,23.5,1,1,2,7,2
15,2,15,11.6,0,0,0,0,0
16,5,16,29.5,1,1,0,13,0
21,2,21,21.8,1,2,4,10,2
19,2,19,13.6,1,0,2,6,3
2,6,2,13.6,1,0,14,57,12
19,2,19,14.9,0,0,0,9,1
15,5,15,32.9,1,1,2,52,2
17,3,17,15.2,0,0,0,9,1
10,0,10,13.3,0,0,2,9,3
17,6,17,30.0,1,1,2,40,2
11,3,11,25.5,1,1,2,30,3
17,0,17,27.5,0,0,2,10,8
15,1,15,30.3,0,1,2,0,3
7,0,7,12.3,1,1,31,64,33
1,3,1,9.1,0,0,2,8,2
14,5,14,16.8,0,0,2,83,2
19,2,19,30.4,1,1,1,14,0
13,1,13,30.9,1,1,2,28,2
16,0,16,34.2,1,1,2,30,2
22,4,22,11.5,1,1,6,18,6
6,1,6,11.4,1,1,2,6,3
20,0,20,25.5,0,0,2,20,3
16,1,16,27.9,1,1,2,9,2
7,6,7,12.0,1,1,4,10,2
12,1,12,16.3,1,0,2,13,3
12,2,12,28.4,0,0,2,2,2
12,2,12,25.4,1,1,13,53,8
4,4,4,11.8,1,0,1,10,2
7,6,7,12.7,1,1,2,23,2
19,6,19,30.0,0,1,2,12,2
13,1,13,31.0,1,1,12,23,4
20,1,20,24.4,0,1,2,20,4
23,4,23,14.0,0,1,2,20,2
13,2,13,14.8,0,0,2,14,3
23,1,23,18.2,0,0,2,18,2
13,2,13,15.3,0,0,4,10,4
14,1,14,30.9,1,1,6,18,6
15,1,15,22.9,1,1,9,41,19
12,0,12,25.7,1,0,0,15,1
13,1,13,24.9,0,0,2,28,2
10,5,10,23.8,1,1,2,2,2
1,0,1,16.9,1,0,2,70,4
17,4,17,17.4,0,0,1,9,2
1,5,1,13.4,1,0,2,4,4
14,4,14,16.5,0,0,0,8,0
20,6,20,19.5,1,0,2,14,3
15,3,15,34.9,1,1,4,10,2
6,6,6,10.9,0,0,8,96,8
10,1,10,10.3,1,0,2,27,2
11,6,11,10.8,0,0,2,2,3
16,3,16,30.7,0,1,7,34,16
6,0,6,13.3,1,1,1,5,0
18,0,18,27.6,1,1,2,13,2
19,0,19,15.1,1,1,1,9,0
13,1,13,21.0,0,0,4,72,2
18,1,18,28.6,1,1,2,13,3
12,0,12,27.0,1,1,1,3,1
15,5,15,28.8,1,1,2,58,3
18,4,18,28.7,1,0,2,61,2
11,0,11,24.2,1,1,43,6,30
13,1,13,26.8,1,1,2,9,2
18,5,18,13.9,0,0,0,9,1
15,0,15,29.9,1,1,2,6,2
22,1,22,16.3,0,0,1,2,0
16,2,16,30.8,1,1,2,23,3
20,3,20,16.8,1,0,1,14,1
10,2,10,16.2,1,1,9,51,24
15,5,15,33.2,1,1,2,2,3
23,5,23,17.9,1,1,26,47,10
19,0,19,10.7,0,0,2,14,3
12,3,12,22.0,1,1,7,36,43
22,5,22,9.1,0,0,0,6,0
18,3,18,12.2,1,0,2,0,3
21,5,21,21.7,0,1,2,19,4
21,4,21,22.6,0,0,0,3,2
12,1,12,28.7,1,1,0,8,1
21,6,21,21.7,1,1,0,10,1
10,6,10,15.1,1,1,12,23,4
13,1,13,30.9,0,1,6,18,6
12,5,12,13.9,1,0,0,6,1
6,3,6,14.1,1,1,2,8,3
20,6,20,14.8,1,1,1,2,1
20,0,20,25.5,0,0,2,1,3
11,0,11,24.2,1,1,2,13,3
14,6,14,30.4,1,1,2,10,2
6,1,6,14.7,1,1,1,18,0
14,5,14,33.1,1,1,0,21,0
22,5,22,20.1,0,1,0,9,0
18,2,18,31.1,0,1,0,9,0
14,3,14,14.2,0,0,2,12,3
7,6,7,11.5,1,1,2,12,3
3,5,3,8.7,0,0,3,5,13
13,5,13,27.4,1,1,2,0,3
11,1,11,16.5,0,0,2,13,3
23,0,23,20.6,0,1,1,6,1
10,1,10,21.8,0,0,2,14,2
6,4,6,10.9,1,1,2,8,3
6,5,6,11.4,0,0,2,23,3
22,1,22,20.2,1,1,2,7,2
11,0,11,9.5,1,0,0,9,1
19,1,19,14.2,0,0,13,53,8
16,5,16,29.3,0,1,2,6,2
21,2,21,21.1,1,1,2,8,2
6,2,6,12.5,0,0,26,47,10
17,4,17,19.6,1,0,0,2,0
7,6,7,12.0,1,1,0,6,0
11,6,11,24.4,0,0,0,21,0
6,3,6,13.5,1,1,2,9,2
16,0,16,28.5,1,1,4,10,5
18,4,18,29.4,1,1,2,23,2
14,6,14,32.4,1,1,0,7,0
15,5,15,21.7,1,3,61,39,79
4,5,4,9.9,1,3,11,25,6
9,3,9,11.3,0,0,2,6,3
20,6,20,14.4,1,1,26,47,10
7,2,7,13.1,1,1,1,2,1
19,2,19,11.1,0,0,1,9,1
7,2,7,12.4,1,1,2,8,3
3,6,3,14.0,0,0,17,11,14
11,2,11,17.8,1,1,0,36,0
7,3,7,11.0,1,1,2,8,3
6,5,6,7.5,1,0,16,20,3
4,1,4,8.7,0,0,0,10,0
12,5,12,12.5,0,0,2,30,3
18,3,18,29.0,1,1,5,10,5
17,4,17,29.8,1,1,2,6,3
13,2,13,17.3,1,0,2,15,3
22,5,22,21.8,0,0,2,1,3
6,3,6,14.1,1,1,1,2,1
12,0,12,24.9,1,0,11,25,11
10,4,10,13.3,0,0,0,15,0
8,4,8,16.4,1,1,2,2,2
9,0,9,17.5,1,0,7,34,16
16,2,16,30.8,1,1,0,3,2
11,1,11,25.4,1,1,7,45,17
14,2,14,31.3,1,1,2,10,2
10,6,10,25.4,1,1,7,69,17
10,0,10,16.2,0,1,2,15,2
15,2,15,28.5,1,1,0,0,1
15,2,15,28.2,1,1,2,58,2
15,4,15,32.2,1,1,2,10,2
11,1,11,13.4,1,0,2,20,13
12,6,12,28.0,1,1,2,13,3
23,3,23,19.1,1,1,2,68,13
3,6,3,9.4,0,0,11,25,6
19,3,19,25.0,1,1,2,20,2
8,4,8,10.6,1,1,2,7,2
14,1,14,26.5,0,0,2,6,3
21,3,21,17.5,0,0,2,44,2
20,2,20,18.4,0,1,0,0,0
10,5,10,24.2,0,1,2,20,4
15,2,15,29.9,1,1,31,40,34
8,5,8,17.9,1,1,1,2,0
7,1,7,7.7,1,1,7,1,44
20,6,20,18.7,1,0,0,9,0
15,2,15,11.6,1,0,0,2,1
14,1,14,26.7,0,0,0,10,0
21,5,21,23.8,0,0,2,23,2
9,1,9,1.4,1,1,7,141,19
6,0,6,-1.3,1,0,2,2,3
16,5,16,26.8,1,0,2,5,13
20,4,20,20.4,0,0,0,9,0
15,3,15,16.0,1,0,23,43,4
18,4,18,16.5,1,1,1,0,0
8,4,8,15.2,1,1,2,40,3
4,0,4,15.2,1,0,34,10,12
22,2,22,8.2,0,0,2,18,2
9,5,9,25.7,1,1,21,25,5
14,5,14,15.8,1,0,16,20,3
6,0,6,12.1,1,1,2,2,2
20,1,20,21.6,1,1,0,0,0
11,6,11,12.9,1,0,0,6,0
18,6,18,24.5,0,0,2,18,2
18,1,18,12.9,0,0,0,23,0
13,2,13,31.3,1,1,7,36,47
21,3,21,15.2,1,1,2,7,2
11,1,11,15.4,0,0,0,14,0
6,1,6,9.8,1,1,1,6,0
19,6,19,15.6,1,1,2,7,2
6,3,6,12.4,1,1,1,89,1
22,0,22,19.3,1,1,19,32,15
18,2,18,15.8,1,0,1,18,0
15,2,15,18.9,1,1,2,14,2
0,5,0,20.1,0,0,0,10,0
16,5,16,32.8,1,1,2,13,2
13,0,13,27.9,1,1,2,20,13
18,1,18,19.9,1,1,2,6,3
16,1,16,31.3,1,1,2,20,13
19,6,19,25.9,1,1,2,0,2
19,0,19,16.6,0,1,0,13,0
13,5,13,30.9,1,1,1,42,0
11,6,11,24.2,0,0,0,1,0
23,4,23,17.8,0,0,1,17,0
15,0,15,26.1,0,0,2,6,3
6,6,6,14.1,1,1,2,8,3
11,4,11,28.0,0,1,2,0,2
10,0,10,8.2,0,0,5,11,5
17,3,17,30.0,1,1,2,20,4
12,0,12,22.6,1,1,2,2,2
19,4,19,25.1,1,1,47,11,14
18,3,18,27.4,1,1,9,75,19
9,2,9,21.1,1,1,2,19,4
15,5,15,36.6,1,1,2,52,2
18,3,18,30.0,1,1,0,40,0
7,5,7,14.7,1,1,2,16,2
12,3,12,27.5,1,1,2,11,4
6,3,6,14.9,1,1,1,18,0
16,6,16,31.1,1,1,2,23,2
1,4,1,16.8,0,0,77,23,5
23,6,23,3.0,0,0,1,8,0
9,1,9,17.4,1,1,1,0,0
13,2,13,29.8,1,1,2,50,3
20,0,20,18.3,1,0,7,14,17
1,5,1,13.5,0,0,16,20,3
14,2,14,18.2,0,0,6,18,21
10,5,10,13.5,0,1,0,1,0
21,2,21,19.0,1,0,2,8,3
17,1,17,15.5,0,0,0,6,0
20,0,20,23.3,1,1,1,18,0
16,2,16,36.6,0,0,2,14,2
7,6,7,12.6,1,1,4,10,5
11,1,11,27.7,1,1,2,6,3
16,3,16,30.7,1,1,0,7,0
0,3,0,18.0,0,0,0,0,1
16,0,16,33.9,1,1,3,5,0
16,2,16,28.6,1,0,3,5,0
11,2,11,16.6,1,1,2,20,13
7,1,7,9.4,1,1,2,6,3
6,3,6,-1.0,0,0,2,11,4
6,0,6,12.1,1,1,2,6,3
8,1,8,15.9,1,1,2,15,2
7,2,7,12.4,1,1,2,12,3
14,3,14,33.3,0,1,2,4,4
13,5,13,18.9,1,1,2,14,2
15,0,15,27.3,1,0,5,5,5
12,3,12,11.7,1,0,7,34,16
7,6,7,13.2,1,1,1,6,1
11,1,11,27.3,1,1,2,30,2
10,0,10,7.0,1,0,2,20,4
10,0,10,25.2,1,1,2,7,3
19,5,19,12.7,1,1,0,40,0
2,6,2,1.9,0,0,11,25,6
9,4,9,20.3,1,1,2,15,3
15,4,15,30.5,1,3,32,67,39
13,2,13,15.4,0,0,0,20,0
6,0,6,13.6,0,1,0,10,1
23,3,23,23.4,1,1,20,33,5
1,4,1,6.1,1,0,0,130,0
12,1,12,13.1,0,0,1,14,0
1,0,1,17.6,0,0,0,27,1
16,0,16,9.9,0,0,0,14,0
23,1,23,12.1,1,0,25,11,13
6,4,6,12.7,1,1,0,10,1
20,4,20,20.3,0,0,0,23,0
13,5,13,17.6,0,0,2,18,2
16,0,16,34.5,1,1,2,3,3
12,1,12,23.5,1,1,10,24,23
1,6,1,15.6,0,0,1,18,0
11,1,11,27.4,0,0,0,18,0
17,4,17,11.4,0,0,2,15,3
15,5,15,31.2,1,1,3,5,0
6,2,6,6.4,1,1,1,20,1
9,6,9,19.4,1,1,1,17,0
19,4,19,26.4,0,1,2,12,3
20,5,20,16.9,0,0,2,14,2
15,2,15,34.3,1,1,13,26,10
15,3,15,27.2,1,0,5,10,5
16,1,16,13.7,0,0,16,3,1
6,1,6,8.9,0,0,2,68,4
23,1,23,19.7,0,0,2,18,2
11,2,11,28.1,1,1,9,39,24
20,6,20,23.5,1,1,0,1,0
21,3,21,17.8,1,1,2,8,2
16,4,16,30.9,1,1,4,10,5
16,2,16,33.2,1,1,0,2,0
16,2,16,32.8,1,1,0,8,0
21,2,21,26.3,1,1,0,15,0
14,2,14,35.8,1,1,0,2,0
14,0,14,18.9,0,0,2,13,3
21,6,21,22.3,0,1,6,18,6
12,3,12,31.4,1,1,0,9,0
6,2,6,12.0,1,1,1,5,0
21,6,21,23.4,1,1,2,8,3
17,2,17,21.2,1,0,2,30,3
6,6,6,8.6,1,1,2,9,2
9,6,9,13.8,1,1,2,19,13
10,5,10,15.3,1,2,0,21,0
6,6,6,13.2,1,1,0,23,2
20,4,20,20.0,1,0,2,0,2
21,1,21,23.2,0,1,19,32,2
17,3,17,16.8,0,0,2,14,2
10,0,10,7.7,1,0,7,34,16
10,1,10,27.0,1,1,1,36,0
6,2,6,6.9,0,0,47,23,14
18,2,18,19.7,1,1,2,14,2
18,5,18,29.9,1,1,16,20,3
18,3,18,9.5,1,0,2,5,13
19,5,19,25.8,0,0,7,69,17
13,1,13,19.7,0,0,2,15,3
10,3,10,15.4,0,0,2,13,3
14,4,14,28.6,0,0,0,3,2
15,4,15,23.7,0,0,0,28,0
14,2,14,30.4,1,1,0,1,0
10,6,10,27.6,1,1,0,9,0
1,6,1,13.6,1,0,16,20,3
23,6,23,16.1,0,0,2,58,3
15,1,15,30.1,1,1,0,21,0
13,1,13,29.6,1,1,2,28,2
21,6,21,24.3,1,1,2,10,2
15,4,15,20.2,0,0,1,3,0
21,3,21,15.0,1,0,2,23,3
7,3,7,15.7,1,0,2,12,3
6,6,6,7.8,1,1,2,21,2
10,6,10,15.5,0,0,2,6,3
8,6,8,15.2,1,1,2,14,3
13,0,13,18.2,0,0,0,20,0
11,0,11,28.0,1,1,0,2,0
9,0,9,10.5,1,0,7,34,36
18,5,18,25.2,1,0,2,18,2
2,3,2,1.1,1,0,11,25,11
17,1,17,28.7,1,1,0,8,1
20,0,20,25.4,0,0,2,15,2
8,2,8,13.8,0,0,2,9,2
14,6,14,16.7,0,0,0,28,0
17,1,17,29.3,0,1,2,0,2
8,2,8,14.9,1,1,0,14,0
14,1,14,15.3,1,0,3,5,0
13,0,13,29.1,1,1,2,8,3
14,6,14,33.7,1,1,2,27,2
17,4,17,31.2,0,0,1,39,1
15,3,15,15.4,0,0,1,3,1
3,4,3,11.1,0,0,3,5,13
13,2,13,11.9,1,0,2,8,2
2,4,2,14.8,0,0,8,84,8
13,6,13,14.4,0,0,0,10,0
6,5,6,10.5,1,1,0,10,1
21,6,21,17.3,0,1,2,0,3
7,6,7,12.0,1,1,2,8,3
16,6,16,16.7,1,1,2,18,2
10,5,10,15.1,1,1,2,0,3
20,6,20,27.7,0,0,11,25,11
21,2,21,21.4,1,1,2,23,2
13,4,13,28.9,1,1,2,10,2
14,0,14,32.0,1,1,31,7,34
13,2,13,31.1,1,1,2,6,2
15,3,15,31.0,1,1,2,28,2
17,6,17,29.4,1,1,1,60,0
10,6,10,16.9,1,1,5,23,5
16,2,16,22.7,0,0,7,15,17
20,5,20,7.3,0,0,2,26,13
11,1,11,23.8,1,1,1,0,0
9,4,9,12.4,1,1,9,39,102
15,5,15,28.1,1,1,16,44,3
9,6,9,20.1,1,1,0,13,0
7,2,7,14.3,1,1,2,36,2
14,4,14,26.9,1,1,2,10,2
12,4,12,24.5,1,0,14,57,12
18,3,18,9.6,1,0,0,9,0
13,6,13,23.6,1,1,2,0,3
5,1,5,12.5,0,0,14,20,12
6,0,6,14.4,1,1,0,23,2
7,2,7,13.3,1,1,2,28,2
20,6,20,22.8,0,0,2,20,3
11,0,11,27.4,1,0,7,45,17
7,1,7,10.8,0,0,2,11,4
13,0,13,27.9,0,0,7,34,16
20,2,20,23.3,0,1,2,13,2
22,2,22,22.8,1,1,1,0,0
11,4,11,12.1,0,0,2,15,2
15,3,15,18.0,1,1,7,34,36
20,2,20,16.5,1,1,1,18,2
11,5,11,29.3,1,1,0,36,0
7,0,7,14.4,1,1,0,2,0
15,4,15,32.6,1,1,2,52,3
13,3,13,24.1,1,1,2,18,2
12,4,12,21.2,0,0,2,8,3
22,6,22,9.6,0,0,2,65,4
18,2,18,25.8,0,0,2,6,2
1,2,1,2.7,0,0,0,1,0
13,4,13,28.8,0,1,2,18,2
9,1,9,21.0,1,1,22,37,4
19,1,19,8.5,0,0,0,9,1
9,3,9,21.9,1,1,2,13,2
6,6,6,7.4,0,0,4,10,2
9,3,9,22.9,1,1,2,13,2
15,3,15,29.9,0,0,0,8,0
11,3,11,24.8,1,1,2,9,3
19,0,19,11.2,1,0,0,40,0
12,5,12,26.9,1,1,11,25,11
8,2,8,11.3,1,1,1,13,1
23,2,23,5.2,0,0,2,7,3
19,6,19,26.6,1,1,2,7,3
9,6,9,11.8,1,0,2,40,2
16,0,16,29.2,1,1,2,8,3
18,5,18,34.0,1,1,2,10,4
16,4,16,35.7,0,1,2,12,2
19,3,19,23.8,1,1,1,18,0
7,1,7,11.2,1,0,0,15,1
11,3,11,10.9,0,0,2,14,2
17,2,17,13.3,0,0,1,2,2
9,2,9,22.8,1,1,9,8,25
18,3,18,30.4,0,1,7,34,36
22,5,22,21.1,0,1,2,9,3
11,2,11,8.4,0,0,2,15,3
7,0,7,10.5,1,1,2,13,3
15,5,15,28.8,1,1,0,10,0
3,2,3,15.3,1,0,27,76,5
16,4,16,27.9,1,1,2,5,8
16,1,16,36.3,0,1,0,36,0
17,2,17,32.0,1,1,9,75,19
11,1,11,22.4,1,1,2,19,13
22,4,22,22.0,0,1,0,3,0
10,0,10,23.9,0,1,1,2,1
14,4,14,34.3,1,1,2,15,2
17,0,17,23.8,0,0,0,36,0
7,6,7,13.0,1,1,2,23,2
4,4,4,4.9,1,0,0,44,0
11,5,11,19.0,0,1,2,13,3
10,6,10,25.2,0,0,2,14,2
17,3,17,30.6,1,1,2,0,3
10,3,10,18.4,0,1,2,20,3
17,3,17,33.4,0,1,2,12,2
17,1,17,32.3,1,1,2,0,2
7,0,7,13.4,1,1,2,6,3
13,4,13,23.7,0,0,0,13,0
16,5,16,28.9,1,1,2,23,3
8,6,8,13.2,0,0,2,5,13
10,1,10,20.5,0,0,0,6,0
6,6,6,12.4,1,1,2,6,3
17,3,17,27.7,1,1,0,6,0
10,0,10,21.8,0,0,0,18,0
6,4,6,10.9,1,1,2,2,2
7,3,7,13.9,1,1,0,16,1
21,1,21,17.4,0,1,2,9,3
12,0,12,15.5,1,0,7,34,16
16,4,16,30.8,1,1,0,7,1
6,2,6,11.5,1,1,2,6,2
11,4,11,10.1,1,0,0,36,0
9,0,9,6.1,0,0,2,2,2
8,2,8,19.6,1,1,0,15,0
20,0,20,13.1,1,1,0,10,0
20,6,20,25.6,0,0,26,47,10
17,1,17,16.5,0,0,0,9,0
10,0,10,26.0,1,1,2,16,2
16,4,16,11.9,0,0,7,55,7
17,3,17,20.7,1,0,0,27,0
0,4,0,19.9,1,0,25,62,13
11,0,11,15.5,1,0,7,34,16
8,1,8,4.5,1,0,2,2,3
17,6,17,30.1,0,1,2,12,2
20,3,20,11.5,0,0,19,32,15
18,5,18,15.6,0,0,2,2,3
11,5,11,29.4,1,3,9,82,28
2,0,2,3.8,1,0,17,11,14
17,1,17,18.3,0,0,0,2,1
22,1,22,6.4,0,0,2,9,2
22,1,22,2.7,0,0,11,25,6
6,6,6,16.3,1,1,0,23,2
15,3,15,33.2,1,1,31,64,40
11,5,11,21.9,1,1,0,14,0
7,2,7,12.2,1,1,2,8,2
17,6,17,15.1,0,0,2,31,13
10,0,10,21.7,0,0,2,2,3
6,2,6,12.6,0,0,21,23,5
9,0,9,16.5,1,3,7,34,16
1,4,1,19.7,0,0,0,6,0
9,0,9,12.0,1,0,7,34,36
5,1,5,14.3,1,0,0,44,0
0,5,0,23.9,1,1,2,68,13
15,5,15,30.5,1,1,1,27,0
13,2,13,27.8,0,1,2,5,13
10,0,10,21.7,1,1,2,8,3
15,6,15,30.7,0,1,0,16,0
11,4,11,9.9,0,0,0,14,0
15,2,15,19.7,0,0,1,6,1
13,6,13,28.3,1,1,31,7,34
19,6,19,27.1,1,1,0,18,2
6,0,6,14.0,1,1,2,0,2
16,4,16,29.5,1,0,2,6,3
11,3,11,24.7,1,0,0,6,0
4,0,4,5.4,1,0,8,11,8
10,2,10,24.0,1,1,2,27,2
11,3,11,14.1,1,0,12,23,4
19,0,19,14.8,0,0,1,44,0
1,0,1,4.5,0,0,11,25,6
21,1,21,17.1,0,0,2,9,3
18,4,18,26.4,1,1,0,0,0
1,1,1,2.7,1,0,11,25,6
12,0,12,20.7,1,0,7,34,77
7,4,7,11.4,1,1,2,9,2
6,3,6,18.2,0,0,0,10,1
11,6,11,26.6,0,0,2,2,2
1,6,1,19.1,0,0,2,1,3
19,5,19,29.4,0,1,2,7,3
16,4,16,18.4,0,0,2,31,13
22,6,22,24.9,1,1,19,32,15
16,1,16,29.9,1,1,2,8,3
5,1,5,8.3,0,0,1,60,1
19,6,19,25.0,0,1,2,30,2
7,5,7,14.0,1,1,2,15,2
22,2,22,19.8,0,0,0,8,0
19,3,19,12.5,0,0,0,15,1
13,4,13,27.2,1,1,2,0,2
8,4,8,16.6,1,1,8,5,8
10,3,10,18.7,1,1,2,19,4
18,1,18,16.2,0,0,0,0,1
11,0,11,23.0,1,0,7,34,16
21,0,21,23.2,0,0,2,14,2
7,2,7,6.2,1,1,1,6,2
17,2,17,9.7,0,0,2,31,13
10,2,10,25.8,1,1,1,17,0
19,4,19,26.7,1,0,2,0,2
8,3,8,16.5,1,1,1,6,1
18,6,18,16.8,0,0,11,25,11
20,5,20,16.6,1,0,0,0,0
1,3,1,8.5,1,0,2,20,3
12,0,12,13.2,1,1,7,41,42
5,2,5,9.4,0,0,2,11,4
14,2,14,14.2,1,0,16,20,3
14,5,14,8.4,0,0,6,18,21
15,3,15,14.0,1,0,7,34,16
14,5,14,30.1,1,1,2,14,2
10,5,10,23.7,0,0,2,6,3
16,5,16,7.5,1,0,1,2,0
23,5,23,22.8,0,0,0,9,0
2,0,2,16.2,0,0,0,27,1
17,0,17,31.8,0,1,2,9,2
12,1,12,17.4,1,0,11,25,11
13,6,13,30.1,1,1,2,27,2
9,5,9,22.6,1,0,7,69,17
14,1,14,15.4,0,0,1,3,1
13,1,13,19.3,0,0,2,4,4
19,2,19,30.0,0,1,2,13,2
13,0,13,29.4,1,1,2,28,2
16,3,16,30.9,1,1,1,13,1
17,6,17,16.3,0,0,2,18,2
23,1,23,20.8,0,0,0,6,0
8,5,8,19.5,0,1,20,33,5
8,2,8,14.6,1,1,2,23,3
19,3,19,30.7,0,1,0,61,0
13,5,13,25.0,1,1,0,28,0
14,1,14,27.7,1,1,2,6,3
10,1,10,21.3,1,1,2,6,2
7,6,7,12.4,1,1,2,0,3
14,5,14,25.7,0,1,2,3,2
8,0,8,15.7,0,1,25,11,13
6,2,6,11.4,1,1,0,10,1
23,6,23,12.9,0,0,2,50,3
22,3,22,7.9,0,0,1,6,2
6,6,6,11.0,1,1,0,23,2
19,1,19,20.6,0,0,0,6,0
13,1,13,27.2,0,1,0,28,0
16,1,16,27.5,0,0,16,3,3
15,5,15,27.7,1,1,2,10,2
15,1,15,31.8,1,1,2,13,3
6,2,6,14.1,1,1,4,10,2
18,0,18,23.2,1,0,7,79,93
13,1,13,17.6,0,0,4,10,5
14,3,14,9.6,0,0,0,3,1
11,2,11,10.6,1,0,16,20,3
10,2,10,23.6,0,0,2,21,2
11,0,11,25.7,1,1,0,9,0
14,0,14,34.7,1,1,0,28,0
5,5,5,6.1,0,0,21,23,5
14,3,14,12.2,0,0,0,28,0
15,5,15,27.3,1,0,2,10,2
18,3,18,16.6,0,0,2,6,2
17,1,17,28.6,1,1,2,8,3
19,6,19,26.0,1,1,0,18,2
7,3,7,5.7,0,0,23,43,4
13,5,13,25.8,0,0,16,134,0
6,4,6,15.0,1,1,0,18,2
5,0,5,8.4,1,0,8,11,8
9,6,9,18.2,0,0,5,76,5
13,1,13,20.4,1,0,2,21,2
13,2,13,12.3,0,0,0,20,0
11,2,11,14.2,1,0,2,13,3
0,3,0,7.0,0,0,2,8,2
22,4,22,22.8,1,1,1,6,0
1,3,1,8.9,0,0,11,25,6
18,2,18,29.3,0,0,2,8,2
11,3,11,9.9,0,0,2,8,2
14,4,14,11.5,0,0,2,18,2
1,5,1,14.2,1,0,11,25,6
17,4,17,18.0,0,0,2,13,2
11,6,11,25.7,1,1,2,13,3
9,4,9,16.8,1,1,2,5,13
11,6,11,23.9,1,0,2,44,3
20,0,20,24.7,1,1,2,1,3
10,2,10,23.1,1,1,0,28,1
12,6,12,20.7,0,0,2,7,3
12,2,12,31.6,1,1,7,39,19
6,2,6,14.5,1,1,1,2,1
9,3,9,18.9,1,1,2,14,2
17,5,17,15.4,0,1,2,0,2
20,2,20,18.5,0,1,0,9,0
6,0,6,13.5,1,1,2,8,3
20,2,20,16.4,1,1,26,47,10
13,0,13,21.5,1,0,7,67,43
7,0,7,11.1,1,1,2,2,2
19,2,19,15.1,0,0,2,14,2
8,4,8,19.1,1,1,2,18,2
22,3,22,19.2,1,1,6,18,21
13,6,13,27.7,1,1,16,20,2
13,3,13,20.4,0,0,2,30,2
19,2,19,9.6,1,0,2,1,3
15,3,15,21.7,1,0,7,34,36
8,2,8,10.8,1,1,0,0,0
17,3,17,14.9,0,0,2,3,2
17,4,17,15.9,1,1,1,60,1
8,6,8,15.8,1,1,2,0,2
8,3,8,11.4,1,1,2,14,2
16,4,16,11.9,1,0,2,14,2
9,0,9,6.4,1,0,7,34,16
12,6,12,31.1,0,0,2,27,2
15,6,15,33.7,1,0,3,5,0
0,0,0,9.5,0,0,1,2,0
23,3,23,22.0,1,1,19,32,15
21,6,21,19.5,0,1,2,10,2
5,1,5,9.4,0,0,16,20,0
23,1,23,14.9,0,0,3,5,0
23,1,23,5.8,0,0,2,58,3
14,0,14,19.2,1,1,2,15,2
0,2,0,18.7,0,0,21,23,5
8,0,8,18.3,1,0,49,11,5
5,4,5,10.8,1,0,2,7,3
18,1,18,27.7,1,0,0,6,0
15,6,15,30.0,0,1,2,28,3
1,0,1,16.4,0,0,17,23,18
21,5,21,10.6,0,1,7,14,43
15,2,15,17.6,1,0,0,28,0
18,4,18,10.9,1,0,2,14,2
13,3,13,21.9,0,0,2,10,13
18,1,18,10.6,1,0,2,2,2
13,1,13,19.2,0,0,0,10,1
19,4,19,23.3,0,0,0,8,0
6,4,6,12.9,1,1,1,20,1
21,5,21,21.9,1,1,1,9,2
20,2,20,34.0,0,1,2,40,2
22,6,22,23.2,1,1,19,32,15
18,2,18,18.2,1,1,4,10,4
18,6,18,30.5,1,1,1,8,0
21,1,21,16.8,0,1,2,13,2
11,5,11,24.9,1,1,2,5,2
19,1,19,20.4,1,0,6,18,6
6,2,6,9.2,0,0,13,26,10
9,0,9,20.1,1,0,7,34,36
7,6,7,4.8,1,0,8,11,8
11,5,11,13.7,0,1,1,40,0
20,5,20,16.9,1,0,0,18,0
15,3,15,31.8,1,1,1,8,2
22,6,22,10.3,1,0,6,18,6
15,5,15,28.5,1,1,2,3,3
0,6,0,15.3,0,0,0,10,0
8,3,8,11.2,1,1,5,23,5
17,4,17,17.5,0,0,2,18,2
18,4,18,26.3,1,1,2,18,2
16,2,16,28.1,1,1,2,0,3
8,4,8,19.3,0,3,2,7,2
23,3,23,6.8,0,0,2,0,3
19,5,19,32.9,1,1,1,18,0
14,5,14,30.2,0,0,2,3,3
21,3,21,21.4,1,1,2,23,2
17,5,17,31.4,1,1,1,60,0
3,1,3,15.4,0,0,1,3,2
14,6,14,31.1,0,1,1,2,2
10,0,10,13.4,1,0,7,34,16
14,4,14,16.3,1,3,9,82,28
20,1,20,21.7,1,1,1,9,0
17,5,17,35.3,1,1,2,8,3
17,4,17,26.8,1,1,0,14,0
23,3,23,16.7,1,1,0,20,0
9,0,9,22.7,1,1,0,12,0
16,4,16,20.8,1,1,2,30,2
12,5,12,11.8,0,0,0,13,1
15,6,15,12.0,1,3,16,44,2
20,0,20,24.1,0,1,18,31,4
11,0,11,22.2,1,1,2,8,3
22,4,22,6.5,0,0,0,134,0
14,3,14,23.7,0,0,5,23,5
12,2,12,26.2,1,1,2,8,3
17,2,17,33.2,0,0,16,20,3
22,6,22,20.3,1,1,20,33,5
14,6,14,11.0,1,0,2,20,3
14,6,14,12.6,0,0,0,3,1
22,6,22,17.5,0,0,0,27,0
10,4,10,26.0,1,1,1,17,0
4,5,4,7.2,0,0,21,23,5
20,5,20,20.1,1,1,7,2,30
23,4,23,25.3,1,1,21,11,5
11,0,11,25.6,0,1,0,20,0
15,4,15,32.7,1,1,2,6,3
8,6,8,11.9,1,1,0,9,0
7,1,7,11.7,1,1,2,23,2
10,2,10,16.3,1,1,2,2,3
11,0,11,7.0,1,3,7,140,101
14,0,14,24.9,1,0,6,18,20
13,6,13,22.7,1,1,9,41,19
10,5,10,23.8,0,1,0,1,1
20,4,20,9.7,1,0,2,23,3
22,5,22,6.4,0,0,2,20,3
13,6,13,28.4,1,1,23,43,4
17,4,17,14.4,1,0,1,14,2
19,2,19,16.7,1,1,1,2,1
13,5,13,27.1,1,1,2,2,3
17,4,17,28.6,0,0,1,14,0
2,4,2,0.2,1,0,17,11,14
1,3,1,15.4,0,0,17,11,5
12,5,12,27.9,1,1,2,30,3
18,0,18,25.7,0,1,0,13,1
7,4,7,14.6,1,1,2,23,3
6,6,6,7.1,0,3,2,26,4
19,1,19,12.5,1,0,1,8,0
14,6,14,33.5,1,1,5,11,5
15,3,15,31.5,1,1,1,2,2
7,6,7,16.1,1,1,1,8,0
16,5,16,22.4,1,0,0,8,0
18,5,18,14.1,1,0,14,57,12
11,6,11,28.3,1,1,2,14,2
6,0,6,12.3,1,1,21,11,5
16,4,16,28.7,1,1,2,30,2
16,4,16,33.8,1,1,0,40,0
14,3,14,16.1,0,0,0,3,1
14,6,14,29.4,1,1,2,10,2
16,1,16,29.4,1,1,0,3,0
11,5,11,18.5,1,1,13,26,10
9,1,9,14.0,1,1,2,16,2
20,5,20,23.3,1,1,0,0,0
16,1,16,13.1,1,0,1,2,0
13,1,13,24.2,0,0,2,14,3
16,1,16,29.8,1,1,1,27,2
12,0,12,18.4,1,1,2,12,3
11,5,11,27.2,0,1,0,14,0
18,3,18,20.6,0,1,0,61,0
13,1,13,14.1,1,0,0,6,0
7,4,7,7.2,0,3,26,47,10
18,0,18,30.4,1,1,2,13,2
9,5,9,18.4,1,1,2,16,2
13,0,13,29.1,1,1,2,13,2
23,4,23,21.7,0,0,11,25,6
19,4,19,14.0,1,1,2,15,2
17,3,17,15.3,1,1,0,15,0
10,0,10,19.9,1,1,2,9,2
4,6,4,9.6,1,0,2,1,3
1,5,1,3.9,0,0,0,1,0
17,5,17,13.2,1,0,1,2,0
19,1,19,16.5,1,0,4,10,5
16,5,16,30.9,1,1,0,10,0
12,2,12,23.5,1,1,5,11,5
16,1,16,24.5,0,0,2,6,3
14,2,14,33.6,1,1,0,28,1
21,1,21,3.6,0,0,2,20,3
8,3,8,14.2,1,1,0,9,0
15,6,15,24.2,1,0,2,10,2
8,5,8,13.0,1,0,21,25,5
17,5,17,27.6,1,1,2,14,2
6,4,6,15.1,1,1,2,8,3
21,0,21,22.4,1,1,2,7,2
17,2,17,14.3,0,0,1,2,0
11,5,11,11.0,0,0,1,18,2
21,5,21,20.7,0,0,2,3,2
0,0,0,19.0,0,0,2,9,3
18,4,18,16.5,1,1,1,0,0
9,0,9,20.8,0,0,2,6,2
14,5,14,16.5,0,0,2,3,3
18,3,18,23.5,1,0,0,14,0
8,5,8,12.4,0,0,2,9,3
15,0,15,34.0,1,1,0,10,0
13,3,13,28.9,1,1,2,23,2
22,3,22,17.0,0,0,2,14,3
6,5,6,10.4,1,0,2,27,3
21,1,21,20.9,0,0,0,44,0
15,3,15,17.8,1,1,7,34,36
8,6,8,17.7,1,1,2,44,2
21,3,21,15.3,0,0,2,10,2
6,3,6,14.3,1,1,0,10,1
14,0,14,26.7,0,0,17,20,18
12,1,12,26.8,1,1,11,25,6
9,0,9,19.6,1,1,0,8,0
16,2,16,14.2,0,0,16,3,2
20,2,20,10.6,0,0,6,18,21
22,6,22,21.2,0,0,27,76,5
14,3,14,15.2,0,0,7,34,16
18,5,18,14.1,0,0,1,14,0
15,6,15,10.6,0,0,0,20,0
6,4,6,14.5,1,1,2,0,2
9,4,9,16.0,1,1,8,5,8
8,1,8,8.0,1,3,7,34,43
18,6,18,31.2,1,1,2,13,3
21,0,21,25.2,1,1,2,10,2
10,6,10,15.6,0,1,2,13,3
21,5,21,16.2,0,1,2,13,3
14,4,14,29.7,1,1,1,16,2
12,6,12,19.5,1,0,56,39,81
16,2,16,30.7,0,0,2,8,2
8,1,8,8.8,1,0,2,2,2
17,6,17,27.3,1,1,2,40,2
1,5,1,14.1,0,0,3,17,0
17,4,17,34.9,0,1,2,27,2
22,4,22,6.4,0,3,0,138,0
9,0,9,15.3,1,1,17,11,18
19,3,19,11.4,1,0,1,6,1
11,4,11,14.4,1,0,0,15,1
19,3,19,28.9,1,1,2,14,2
21,2,21,25.8,0,0,2,3,3
23,2,23,18.4,1,1,20,33,5
7,0,7,10.4,1,1,2,15,2
15,3,15,30.6,1,1,2,58,2
18,1,18,19.7,1,0,16,3,3
11,0,11,25.3,1,1,0,9,0
5,1,5,16.6,1,0,2,9,3
8,5,8,17.2,1,1,2,14,3
17,5,17,30.3,0,0,7,2,30
21,3,21,22.0,0,1,0,9,0
18,0,18,30.6,0,0,0,2,0
12,3,12,11.6,1,0,2,28,2
16,6,16,13.3,1,0,1,18,0
16,0,16,29.2,1,1,2,9,2
21,1,21,17.4,1,0,16,20,1
21,3,21,14.9,0,1,6,18,6
17,6,17,30.2,1,1,1,89,2
12,3,12,19.5,1,1,0,13,0
7,2,7,11.9,1,1,2,13,3
9,6,9,17.1,0,0,0,6,0
12,3,12,29.0,0,3,9,88,28
10,2,10,11.2,0,0,2,6,3
12,3,12,19.5,0,0,0,13,1
17,5,17,30.5,0,1,0,36,0
21,3,21,25.3,1,1,0,9,0
8,2,8,15.4,1,1,2,44,3
14,2,14,15.8,0,0,1,6,0
17,3,17,16.7,0,0,0,21,0
20,4,20,25.6,0,1,2,14,3
7,4,7,4.2,0,0,12,23,4
15,3,15,30.7,0,1,0,13,0
14,0,14,34.2,1,1,2,12,3
16,0,16,19.4,1,0,14,57,12
13,2,13,25.4,1,1,0,23,2
9,6,9,25.4,1,1,2,31,13
14,0,14,11.1,0,0,2,0,3
6,2,6,14.3,1,1,1,3,1
9,4,9,19.2,1,1,0,0,1
14,4,14,12.3,0,0,2,3,3
18,6,18,10.6,1,0,2,15,2
23,6,23,15.0,0,0,2,26,13
13,0,13,23.4,1,1,2,13,2
12,6,12,26.6,1,1,2,3,3
18,6,18,28.6,1,1,2,2,3
6,0,6,14.5,1,1,1,27,2
22,6,22,21.4,1,1,0,8,0
20,6,20,22.8,1,1,1,8,1
15,1,15,31.7,1,1,2,3,3
15,1,15,30.8,1,1,2,10,2
14,2,14,18.6,1,1,1,9,1
15,1,15,35.0,1,1,2,58,2
13,6,13,28.2,1,1,2,6,2
18,2,18,28.7,0,0,0,23,2
15,6,15,27.8,0,1,2,13,3
13,6,13,32.5,1,1,0,13,0
11,4,11,23.0,1,1,2,28,2
12,2,12,7.3,1,0,2,18,2
6,5,6,-0.3,0,0,2,68,4
7,3,7,11.7,1,1,2,13,3
21,0,21,23.7,1,1,2,10,2
8,5,8,12.7,1,0,5,11,5
16,5,16,31.8,1,0,2,23,2
7,1,7,11.5,1,1,2,2,3
12,6,12,27.8,1,1,11,25,11
0,4,0,8.0,0,0,1,8,0
10,2,10,24.8,0,0,2,8,3
7,1,7,11.0,1,1,2,15,2
20,3,20,20.5,1,1,2,0,2
7,5,7,18.0,1,1,0,15,0
8,6,8,18.2,1,1,30,10,31
12,3,12,13.8,1,0,2,0,2
17,5,17,25.9,0,0,4,10,2
8,1,8,14.5,0,0,25,62,13
6,3,6,5.0,0,0,2,68,4
4,2,4,2.7,1,0,2,2,3
9,4,9,19.1,1,1,2,44,2
12,6,12,17.0,1,1,2,10,3
10,2,10,20.7,0,1,2,0,3
6,4,6,10.8,1,1,0,18,0
12,2,12,25.4,1,1,10,24,23
15,2,15,30.2,1,1,1,2,1
16,3,16,25.9,1,1,2,7,3
23,5,23,20.5,1,1,26,47,10
0,6,0,9.3,0,0,2,58,2
13,3,13,27.8,0,1,0,13,0
8,2,8,13.8,1,1,2,15,3
6,1,6,11.8,1,1,2,9,3
22,0,22,8.9,0,0,7,2,17
19,3,19,27.3,1,1,0,8,0
22,1,22,20.5,0,0,6,18,6
16,6,16,26.7,0,1,0,36,0
17,5,17,27.3,1,1,2,9,3
19,3,19,26.0,0,0,31,64,33
21,2,21,19.5,0,0,2,44,2
6,0,6,10.8,1,1,2,2,3
14,5,14,32.9,1,1,2,8,3
17,3,17,32.3,1,1,9,41,22
16,1,16,17.9,1,1,0,14,1
23,0,23,20.0,1,0,0,20,0
6,1,6,12.1,1,1,0,10,1
13,4,13,28.6,1,1,0,21,0
11,0,11,26.9,1,1,1,6,1
16,0,16,18.7,1,1,2,10,4
10,1,10,22.8,1,1,2,15,3
8,6,8,4.8,1,0,2,44,2
12,1,12,30.4,1,1,1,42,0
15,1,15,30.6,1,1,5,11,5
22,0,22,5.1,1,0,2,7,3
7,5,7,13.8,1,1,0,9,1
19,0,19,20.7,0,1,2,21,2
1,0,1,8.5,0,0,2,9,2
15,5,15,33.8,1,1,9,41,38
21,2,21,19.5,0,0,13,53,8
14,1,14,30.6,0,1,2,28,2
14,2,14,27.3,0,0,9,39,17
16,0,16,18.2,0,0,79,9,44
9,5,9,5.4,1,0,2,19,4
19,0,19,25.2,0,0,2,12,2
23,6,23,20.9,1,1,26,47,10
7,0,7,10.7,1,1,2,6,2
13,5,13,20.7,0,0,2,9,2
19,2,19,25.5,1,1,4,72,2
22,5,22,25.9,1,1,25,11,13
20,1,20,14.0,1,0,2,6,3
15,6,15,17.4,1,0,5,11,5
15,4,15,34.2,1,1,2,13,3
11,3,11,28.5,1,1,2,40,3
7,5,7,14.8,1,1,2,28,2
9,6,9,13.2,1,1,0,8,0
8,1,8,9.2,1,1,2,0,3
23,2,23,20.4,1,1,26,47,10
10,5,10,22.4,0,1,2,13,3
19,5,19,9.8,1,0,0,40,0
22,4,22,17.7,1,1,2,7,3
16,1,16,30.3,0,0,2,28,2
12,4,12,29.1,0,0,9,39,17
18,0,18,15.8,1,0,2,20,3
19,5,19,24.5,0,0,0,9,1
14,3,14,32.8,1,1,2,2,2
15,5,15,31.7,1,1,2,44,2
14,6,14,17.0,1,0,6,40,26
7,4,7,9.4,1,1,2,23,3
19,6,19,17.1,1,0,0,1,0
10,4,10,9.7,0,0,15,29,4
4,5,4,5.2,1,0,2,3,3
18,1,18,20.8,0,0,0,23,0
12,3,12,23.9,0,0,2,40,3
18,6,18,12.5,0,0,11,25,11
12,5,12,27.2,1,1,0,8,0
20,2,20,24.1,1,1,2,7,3
12,1,12,23.3,1,1,0,3,2
18,2,18,35.2,1,1,2,13,2
11,1,11,20.8,0,0,2,20,4
6,1,6,14.6,0,0,26,47,10
21,0,21,9.1,0,0,0,8,1
4,1,4,8.7,0,0,2,6,3
17,2,17,18.4,0,1,0,0,0
7,1,7,8.8,1,1,3,5,13
16,3,16,31.1,0,1,2,9,3
10,4,10,25.8,1,1,7,15,7
8,1,8,8.8,1,0,1,3,2
6,3,6,14.4,1,1,2,8,2
13,5,13,16.9,0,0,2,9,2
10,6,10,26.1,1,1,1,6,0
19,2,19,5.0,1,0,2,0,2
14,6,14,29.3,1,1,2,12,3
17,2,17,31.5,0,0,4,10,2
14,2,14,28.1,1,1,2,14,2
22,4,22,18.4,1,1,19,32,15
18,4,18,29.0,1,1,2,6,3
20,0,20,19.9,1,1,2,23,2
20,4,20,24.9,0,0,2,30,3
18,4,18,28.4,0,0,2,23,2
21,1,21,13.8,1,0,2,1,3
12,3,12,27.4,1,1,2,23,2
13,0,13,20.7,1,0,2,14,3
11,4,11,11.3,0,0,1,18,0
22,6,22,14.2,1,1,18,31,4
12,3,12,25.8,0,0,0,20,0
17,3,17,27.7,1,1,2,6,3
9,6,9,5.0,1,0,2,2,3
10,3,10,20.9,1,0,2,12,3
11,1,11,21.3,1,1,0,9,0
17,0,17,29.9,1,1,4,10,13
0,5,0,4.2,1,0,11,25,6
7,5,7,7.3,1,0,17,11,18
16,5,16,29.8,0,0,0,14,0
16,3,16,15.3,0,1,7,34,16
17,2,17,19.8,1,1,2,40,2
11,1,11,8.2,1,0,13,26,10
16,6,16,17.4,1,0,2,5,13
21,0,21,15.2,1,0,2,2,3
12,2,12,28.4,1,1,10,24,23
13,6,13,19.9,0,1,7,69,17
15,3,15,17.9,1,1,31,64,40
14,2,14,20.8,1,0,1,40,0
12,6,12,27.3,1,1,0,3,2
22,1,22,17.1,0,0,2,20,3
12,0,12,24.9,1,1,2,23,2
15,6,15,29.4,1,1,2,52,2
14,3,14,32.2,1,1,0,14,0
9,5,9,3.0,1,0,5,11,5
14,1,14,27.6,0,0,2,13,3
11,4,11,21.0,0,1,2,28,2
13,6,13,17.7,1,0,2,13,2
17,2,17,34.2,0,1,0,13,0
11,0,11,28.0,1,1,0,9,0
15,6,15,30.9,1,1,0,40,0
11,2,11,28.9,1,1,2,28,2
12,1,12,28.0,1,1,0,6,0
18,4,18,28.7,0,0,16,3,2
23,1,23,19.8,1,1,0,20,0
16,6,16,31.3,1,1,0,3,2
18,0,18,15.5,1,3,2,9,3
13,3,13,20.1,1,1,2,12,3
16,3,16,33.7,1,1,2,8,3
21,2,21,15.1,1,1,0,10,1
8,0,8,18.2,1,1,2,15,3
20,5,20,22.1,0,0,1,2,1
9,4,9,16.5,1,1,4,10,2
21,2,21,17.7,0,0,2,19,13
20,0,20,10.2,0,0,2,26,13
0,4,0,4.8,1,0,11,25,6
15,5,15,31.2,0,0,0,61,1
15,3,15,28.9,1,1,5,10,5
8,4,8,16.8,1,0,9,51,24
11,6,11,26.9,0,1,2,28,2
8,6,8,15.7,0,1,20,33,5
17,3,17,25.3,1,0,2,20,4
20,2,20,27.5,0,1,1,0,0
16,2,16,17.7,1,0,0,13,1
15,5,15,32.2,1,1,0,61,0
13,4,13,31.7,1,1,2,0,2
15,6,15,31.2,1,1,2,10,2
12,5,12,13.0,0,0,2,0,3
16,1,16,24.9,1,1,0,14,1
20,0,20,23.6,0,0,2,19,13
20,5,20,21.5,0,0,2,44,2
17,3,17,32.3,1,1,1,60,1
4,1,4,6.6,1,0,2,1,2
13,0,13,12.2,0,0,1,0,2
14,6,14,30.0,0,1,2,4,4
9,2,9,4.5,1,0,2,15,3
3,5,3,16.9,0,0,2,7,3
12,6,12,8.6,1,0,0,14,0
12,2,12,30.0,1,1,0,3,2
21,1,21,23.7,0,0,0,14,0
7,6,7,12.5,0,0,25,62,13
17,1,17,28.0,1,1,2,0,2
14,3,14,29.5,0,1,4,10,5
20,0,20,28.3,0,0,0,14,1
21,6,21,25.4,0,0,5,96,5
9,4,9,20.3,0,3,2,7,2
7,1,7,14.8,1,1,3,5,13
21,3,21,25.6,1,1,1,0,0
19,2,19,17.4,1,1,0,2,0
13,1,13,21.2,1,1,0,23,0
7,5,7,9.9,1,1,2,9,3
10,1,10,22.3,1,0,9,39,9
18,3,18,31.1,1,1,2,18,2
9,2,9,18.6,0,1,2,9,2
18,1,18,27.6,1,1,2,13,2
17,1,17,29.1,1,1,2,9,3
8,4,8,10.1,1,1,2,44,2
13,1,13,27.6,0,0,4,10,5
9,6,9,17.6,0,0,2,8,3
9,1,9,22.6,1,1,22,37,4
11,0,11,7.3,1,0,2,9,3
12,4,12,27.8,1,1,2,0,3
18,5,18,28.4,0,1,0,9,0
17,4,17,30.1,0,1,2,13,2
0,5,0,4.1,1,0,11,25,6
17,2,17,32.4,0,0,0,6,0
6,2,6,11.6,1,1,2,0,3
6,1,6,12.0,1,1,2,1,3
7,1,7,13.2,1,1,2,12,2
16,3,16,20.7,0,0,4,10,2
11,6,11,17.7,1,0,2,11,4
8,5,8,18.7,1,0,0,9,1
10,3,10,22.3,1,1,2,6,3
7,0,7,12.7,1,1,31,74,34
18,3,18,9.5,0,0,0,9,0
7,0,7,12.4,1,1,2,9,3
8,3,8,19.4,1,1,1,8,2
17,2,17,31.9,1,1,2,13,3
10,5,10,22.0,1,1,2,0,3
13,4,13,31.9,0,0,1,27,2
22,6,22,14.4,1,1,6,18,6
21,6,21,25.5,1,1,0,9,0
6,4,6,4.3,1,0,2,2,3
6,4,6,12.6,1,1,2,8,3
19,5,19,22.8,1,0,2,0,3
1,1,1,15.1,1,0,16,20,3
12,0,12,10.4,0,0,2,1,2
17,2,17,32.0,1,1,2,13,3
17,3,17,27.4,0,1,2,7,2
21,2,21,11.3,1,0,2,6,3
3,2,3,3.5,1,0,5,11,5
0,3,0,16.9,1,0,8,5,8
14,2,14,26.5,1,1,0,6,1
19,3,19,27.0,1,1,2,13,3
18,4,18,29.9,1,1,2,40,2
7,6,7,11.1,1,1,2,36,2
18,2,18,11.5,0,0,0,0,0
2,5,2,8.7,1,0,77,46,5
12,5,12,27.3,0,1,2,12,3
6,0,6,13.5,1,0,1,5,0
16,2,16,20.1,0,1,7,88,17
0,5,0,15.5,1,0,3,5,0
16,1,16,36.1,1,1,17,76,18
14,4,14,31.7,1,1,1,10,2
16,5,16,21.3,1,1,2,10,4
14,3,14,27.0,1,1,2,10,2
8,1,8,11.8,1,1,2,14,2
4,6,4,12.5,1,0,2,7,3
13,1,13,26.9,0,0,0,14,0
16,6,16,29.9,1,1,31,64,33
11,1,11,13.7,1,0,7,34,36
15,1,15,14.7,0,0,1,20,0
9,4,9,19.5,1,1,2,12,3
7,6,7,13.2,1,1,2,23,2
9,4,9,12.6,0,1,14,20,12
15,3,15,33.2,1,1,2,44,2
13,0,13,11.0,1,0,2,10,2
23,0,23,14.5,0,1,1,9,0
14,6,14,29.9,1,1,1,2,1
10,3,10,18.6,1,1,2,30,2
12,3,12,23.3,1,3,2,14,3
6,5,6,14.2,1,1,2,7,2
23,6,23,14.1,0,1,0,0,0
17,5,17,7.3,0,0,2,18,2
15,1,15,30.9,1,1,2,10,2
14,1,14,23.1,0,1,2,12,2
0,6,0,19.0,0,0,2,27,3
14,1,14,22.5,0,1,2,0,3
13,1,13,24.2,1,1,2,14,2
18,4,18,31.3,1,1,2,2,3
10,1,10,20.0,1,1,0,14,0
9,6,9,20.4,0,0,0,8,1
14,0,14,31.0,0,0,0,3,2
10,2,10,20.7,1,1,2,14,2
17,0,17,30.9,1,1,7,45,17
7,1,7,14.7,1,1,2,13,3
6,6,6,15.5,1,1,1,20,2
19,2,19,16.7,1,1,16,20,3
19,0,19,14.3,0,1,0,9,0
11,6,11,20.4,0,0,2,13,3
20,0,20,29.1,0,0,7,14,37
12,3,12,19.1,1,0,5,23,5
15,0,15,21.4,1,0,2,15,2
14,2,14,27.9,1,1,2,6,3
6,2,6,12.6,1,1,0,10,1
20,1,20,22.7,1,1,51,111,49
15,2,15,18.9,0,1,2,8,2
12,5,12,29.2,1,1,0,14,0
10,4,10,18.1,1,1,2,10,2
12,0,12,27.6,1,1,12,23,4
17,4,17,30.2,1,1,4,10,13
11,2,11,28.1,1,1,2,8,3
12,4,12,26.2,1,1,2,39,4
19,0,19,27.0,1,1,2,14,2
19,1,19,24.7,1,1,1,18,0
6,6,6,8.7,1,0,2,6,2
12,4,12,23.2,0,0,2,14,3
20,1,20,23.7,1,1,2,1,3
5,6,5,15.5,0,0,11,25,11
9,4,9,7.8,0,0,2,20,4
13,3,13,13.3,0,0,0,14,0
2,6,2,12.9,1,0,11,25,6
16,1,16,21.1,1,0,1,14,0
21,1,21,23.4,0,0,1,42,0
21,1,21,23.1,1,1,2,23,2
16,0,16,28.0,1,0,17,11,14
6,1,6,11.3,1,1,16,20,3
7,2,7,12.6,0,0,2,26,4
0,6,0,21.4,0,0,0,1,0
5,4,5,15.9,1,0,11,25,6
11,2,11,19.5,1,1,2,8,2
7,1,7,9.0,1,1,2,13,2
12,2,12,23.2,1,1,2,8,3
20,3,20,28.6,0,1,1,6,1
10,4,10,17.6,1,1,7,69,17
17,4,17,26.3,0,0,0,9,1
1,3,1,16.5,0,0,2,3,3
13,0,13,28.8,1,0,2,23,2
21,3,21,23.0,1,1,2,23,2
13,0,13,28.2,1,1,2,27,2
21,3,21,21.4,1,1,26,47,10
14,2,14,29.0,1,1,2,14,2
3,6,3,12.3,0,0,47,11,14
13,0,13,16.2,0,0,1,27,0
21,2,21,11.0,0,0,1,2,0
21,3,21,20.6,1,1,2,26,4
21,4,21,22.2,0,0,2,10,2
8,6,8,14.4,1,0,0,13,0
18,0,18,26.7,1,1,2,13,3
17,3,17,30.9,0,0,2,28,2
3,5,3,22.6,0,0,0,8,0
13,5,13,15.6,1,0,17,46,14
13,3,13,11.5,0,0,0,20,0
15,4,15,12.7,0,0,1,20,0
15,0,15,32.6,1,1,2,13,2
13,3,13,13.8,0,0,2,13,3
7,3,7,10.6,1,1,2,36,2
23,2,23,17.5,1,1,2,10,3
15,2,15,35.6,1,1,10,24,23
16,1,16,13.9,1,0,0,13,0
7,3,7,10.4,1,1,2,14,2
11,1,11,8.2,0,0,2,8,2
4,6,4,2.8,1,0,2,1,3
15,6,15,25.5,1,1,0,21,0
16,3,16,31.5,1,1,1,8,1
22,6,22,13.3,0,1,2,2,2
7,1,7,11.9,1,1,2,9,2
19,5,19,9.6,0,0,0,6,1
21,5,21,16.4,0,1,2,13,3
16,1,16,20.5,0,0,0,9,0
11,3,11,25.5,1,1,13,26,10
15,1,15,30.9,1,1,2,44,2
23,4,23,20.0,1,1,6,18,6
15,1,15,30.2,1,1,2,15,3
12,2,12,11.8,1,0,0,134,0
7,2,7,14.1,1,1,2,23,2
10,4,10,21.2,1,1,2,40,2
9,3,9,17.5,1,1,2,6,3
13,4,13,17.4,0,0,2,18,2
15,2,15,11.1,0,0,2,13,3
21,5,21,9.9,1,0,2,10,3
11,5,11,16.5,1,0,11,25,11
13,1,13,25.1,0,0,0,15,1
12,5,12,12.9,0,0,6,18,6
0,5,0,15.4,1,0,2,5,8
7,1,7,11.9,1,1,1,8,1
6,4,6,9.6,0,1,2,11,13
17,3,17,32.7,1,1,0,13,0
7,0,7,12.7,1,1,3,5,0
20,5,20,26.8,1,1,1,0,2
0,6,0,8.2,1,0,11,25,6
15,1,15,24.6,0,0,2,0,3
7,6,7,13.5,1,1,14,57,12
21,6,21,22.5,1,1,2,23,2
19,2,19,22.2,0,1,2,16,2
2,2,2,12.7,1,0,3,5,0
2,1,2,6.3,0,0,77,23,5
9,0,9,12.4,1,0,7,34,16
10,5,10,8.8,0,0,2,13,3
7,3,7,11.8,1,1,2,2,2
6,0,6,13.6,1,1,2,2,3
21,0,21,26.1,1,1,2,23,2
6,3,6,10.3,1,1,1,89,0
8,0,8,14.3,1,1,2,15,2
17,2,17,22.5,1,0,43,39,102
21,4,21,17.0,1,1,26,47,10
23,0,23,22.0,1,1,0,20,0
12,6,12,14.4,0,0,3,5,0
17,6,17,30.9,1,1,2,20,4
13,5,13,26.6,1,1,49,23,71
20,4,20,19.7,1,1,1,18,1
17,1,17,35.7,1,1,6,18,21
6,1,6,15.6,1,1,0,6,0
12,4,12,29.5,1,1,2,11,4
13,4,13,28.7,0,0,6,18,6
8,5,8,12.9,1,1,2,9,2
10,3,10,18.4,0,0,2,20,4
21,2,21,21.0,1,1,2,1,2
15,3,15,35.0,1,1,2,14,2
19,4,19,22.4,1,0,2,0,3
18,3,18,13.7,0,0,13,53,8
12,4,12,17.7,1,0,2,18,2
6,4,6,2.9,0,0,21,23,5
12,2,12,16.3,1,0,2,13,3
22,1,22,9.6,0,0,2,18,2
2,5,2,5.5,1,3,11,25,6
21,0,21,11.6,0,0,0,40,0
15,5,15,32.5,1,1,4,10,2
16,0,16,32.4,1,1,2,28,2
11,5,11,9.6,1,0,0,21,0
8,2,8,12.7,1,1,0,15,0
20,0,20,10.0,1,0,0,10,1
20,2,20,11.6,0,0,6,18,6
11,0,11,25.7,1,1,2,14,3
6,6,6,15.1,1,1,0,0,0
13,2,13,7.8,1,0,2,14,3
23,4,23,19.1,1,1,0,20,0
14,6,14,25.5,1,0,7,36,47
19,6,19,8.3,1,0,0,6,1
10,0,10,21.4,1,0,2,2,3
18,3,18,16.8,0,0,9,2,48
14,1,14,30.3,1,1,0,6,0
18,2,18,27.0,0,0,2,20,3
3,1,3,9.4,1,0,16,20,3
13,2,13,12.4,1,0,2,15,2
18,3,18,16.0,0,0,0,28,0
17,4,17,29.1,0,0,0,23,2
15,3,15,16.6,1,0,7,88,17
14,2,14,11.2,0,0,0,28,1
19,4,19,26.6,1,1,0,18,2
18,4,18,28.4,0,0,0,8,0
12,4,12,26.2,1,1,0,3,2
6,4,6,12.5,1,1,0,18,0
11,1,11,23.8,1,1,2,0,2
10,1,10,19.4,0,1,2,13,3
15,5,15,19.7,1,0,2,3,3
18,0,18,28.1,1,0,2,9,2
10,6,10,26.9,1,1,2,13,3
13,6,13,27.6,0,1,6,18,6
6,5,6,14.6,0,0,26,47,10
17,3,17,30.3,1,1,1,6,2
10,2,10,21.7,0,1,2,13,3
12,3,12,22.5,0,1,16,20,2
19,6,19,13.5,1,0,2,7,3
17,3,17,11.8,0,0,2,13,3
17,1,17,19.7,1,1,2,18,2
7,5,7,2.5,0,0,10,24,10
13,0,13,30.8,0,1,0,12,1
12,0,12,27.5,1,1,2,28,2
20,4,20,12.4,0,1,2,0,2
20,4,20,19.2,0,1,2,13,3
17,6,17,29.9,1,1,5,23,5
21,5,21,22.0,1,1,2,10,2
6,0,6,7.6,1,1,3,5,13
9,1,9,17.0,1,1,22,37,4
16,4,16,35.7,1,1,2,52,3
21,1,21,17.3,0,1,2,0,3
22,4,22,15.1,0,1,2,0,2
13,2,13,28.7,1,1,2,8,2
15,2,15,29.4,0,1,2,9,2
21,3,21,16.7,0,1,2,0,2
15,1,15,27.3,1,1,2,10,3
19,5,19,28.1,0,0,2,6,3
15,1,15,30.6,0,1,2,0,3
16,6,16,33.4,1,1,4,10,5
12,5,12,26.0,1,1,10,24,23
18,6,18,28.3,1,1,2,8,3
18,6,18,28.5,0,0,0,9,1
12,0,12,26.8,1,1,9,105,9
20,3,20,19.0,0,0,2,44,2
6,1,6,15.7,1,1,1,16,0
15,5,15,36.6,1,1,4,10,2
10,4,10,8.7,0,0,0,1,0
14,5,14,17.8,0,1,0,36,0
13,4,13,24.2,1,1,2,10,3
6,3,6,3.2,1,0,0,23,0
10,0,10,19.5,1,1,7,34,16
11,3,11,24.6,1,1,2,40,2
16,6,16,29.7,1,1,1,14,0
9,0,9,10.5,1,0,7,34,36
9,6,9,12.9,0,0,2,20,13
23,4,23,17.0,0,0,11,25,6
7,0,7,13.1,1,1,2,6,2
1,5,1,5.7,0,3,0,0,1
6,0,6,13.2,1,1,2,6,3
6,6,6,12.2,1,1,2,0,3
21,0,21,23.9,0,1,0,3,2
16,4,16,11.8,0,0,2,44,2
11,5,11,11.6,1,0,16,20,3
17,5,17,17.4,0,0,2,23,2
13,2,13,20.0,1,1,2,13,2
15,6,15,29.8,1,1,2,3,3
15,6,15,31.2,1,1,2,52,2
22,5,22,17.9,0,0,1,6,0
2,1,2,3.8,0,0,11,25,6
15,2,15,19.2,0,1,1,3,0
16,3,16,27.3,0,0,16,3,1
21,2,21,15.9,1,1,2,2,3
12,4,12,23.3,1,1,2,13,2
20,4,20,22.3,1,1,2,0,2
13,4,13,24.4,1,1,2,6,3
10,0,10,21.9,1,1,2,7,2
19,6,19,29.8,1,1,1,18,0
12,2,12,27.3,1,1,2,8,3
13,1,13,17.3,0,0,3,5,0
6,0,6,3.8,0,0,6,18,20
20,1,20,23.7,1,1,1,0,0
6,3,6,3.0,0,0,25,11,13
17,4,17,29.7,1,1,2,15,2
21,4,21,22.6,1,1,2,23,3
12,5,12,14.1,0,0,2,20,13
14,3,14,34.1,1,1,0,21,0
5,3,5,8.4,1,0,0,8,0
10,0,10,20.9,1,0,7,34,16
18,2,18,26.9,1,1,2,0,2
16,0,16,29.5,1,0,7,88,17
17,5,17,31.6,1,0,2,20,4
10,4,10,25.7,1,1,2,0,2
13,6,13,23.5,0,1,0,0,0
22,1,22,19.4,0,0,13,26,10
13,1,13,24.0,0,1,7,28,17
10,2,10,23.9,1,1,22,37,4
21,1,21,23.2,1,1,0,18,2
15,0,15,27.9,0,0,2,6,2
13,2,13,15.7,0,0,1,27,0
9,2,9,9.5,0,0,0,0,0
11,6,11,15.3,0,1,2,13,3
14,4,14,12.5,0,0,2,15,3
7,0,7,11.0,1,1,2,8,3
23,0,23,19.3,1,1,2,11,13
21,4,21,10.0,0,0,2,23,2
6,0,6,14.3,1,1,2,2,3
15,1,15,26.2,1,1,0,13,1
17,2,17,11.7,0,0,2,31,13
9,5,9,21.1,0,1,1,9,0
8,2,8,11.5,1,1,2,3,2
21,5,21,10.9,1,0,13,53,8
15,0,15,14.8,1,0,2,8,3
22,5,22,19.9,1,1,25,11,13
21,2,21,18.1,0,1,7,55,7
6,6,6,12.3,1,1,3,5,13
23,0,23,19.8,1,1,18,31,4
14,1,14,26.7,0,0,2,3,3
18,4,18,16.4,1,0,2,40,2
13,0,13,18.0,1,0,7,67,43
16,5,16,32.0,1,1,2,8,3
6,3,6,18.2,1,1,0,23,2
0,0,0,18.2,0,0,1,0,2
0,4,0,6.6,0,0,34,76,12
21,0,21,19.7,1,1,26,47,10
19,6,19,25.6,0,0,2,30,3
4,1,4,8.7,1,0,11,25,6
9,0,9,21.5,1,1,2,14,2
20,4,20,19.9,0,0,2,6,3
23,0,23,22.2,1,1,2,11,13
12,6,12,20.9,1,0,7,14,16
6,6,6,13.1,1,1,2,2,3
21,0,21,20.7,0,0,0,9,1
16,1,16,14.7,0,0,16,20,3
10,1,10,25.7,1,1,0,9,0
19,0,19,26.8,1,1,2,9,3
6,6,6,5.6,0,0,2,11,4
10,1,10,20.4,1,1,1,6,0
19,3,19,29.8,0,0,31,64,40
8,3,8,21.8,0,0,2,6,3
16,3,16,18.2,1,0,2,5,13
7,0,7,12.9,1,1,2,15,2
12,5,12,17.2,1,0,10,24,10
14,4,14,24.0,0,1,2,12,3
21,5,21,10.9,0,1,2,0,2
13,1,13,12.3,0,0,4,10,5
16,6,16,29.8,1,1,1,14,0
12,6,12,26.8,1,1,0,9,0
9,4,9,19.2,1,1,0,28,0
10,6,10,24.4,0,0,10,24,23
0,6,0,21.8,0,0,1,27,1
19,4,19,17.8,1,0,16,3,2
7,0,7,12.9,1,1,2,6,2
14,0,14,8.0,0,0,0,15,0
9,6,9,24.4,1,1,2,16,2
18,3,18,14.4,1,1,16,20,3
11,4,11,23.2,1,1,2,40,2
8,5,8,15.1,0,1,6,18,20
14,4,14,20.5,0,0,0,15,1
7,2,7,16.6,1,1,2,14,2
23,5,23,23.0,0,0,2,7,2
19,4,19,26.7,1,1,2,7,2
21,6,21,11.9,0,0,2,65,4
15,2,15,25.2,0,0,2,13,3
16,0,16,35.3,1,1,2,28,2
9,1,9,20.9,1,1,7,6,27
16,3,16,30.8,1,1,2,20,2
10,2,10,21.4,1,1,22,37,4
21,0,21,15.3,1,0,0,8,0
8,0,8,-1.9,1,1,2,14,2
14,6,14,29.9,1,1,6,18,20
16,6,16,24.7,0,0,2,44,3
23,1,23,15.6,0,0,2,10,2
8,2,8,20.5,0,0,13,26,10
5,4,5,10.3,0,3,11,25,11
3,6,3,17.4,0,0,11,25,6
18,0,18,32.4,0,0,0,23,2
6,2,6,14.4,1,1,1,0,2
14,4,14,9.3,1,3,2,6,3
16,3,16,33.0,1,1,2,0,3
13,6,13,29.8,1,1,2,10,2
15,3,15,31.7,1,0,7,34,16
21,0,21,12.2,0,0,2,27,3
23,6,23,21.0,0,1,2,18,2
11,1,11,28.9,1,1,9,41,19
6,6,6,12.0,1,1,2,8,3
7,1,7,12.2,1,1,14,57,12
12,5,12,17.3,1,0,0,28,0
22,4,22,19.2,0,0,1,3,1
14,5,14,26.9,1,1,1,2,2
13,3,13,29.7,1,1,2,27,2
19,5,19,25.1,1,1,2,6,3
14,6,14,23.4,1,0,2,8,3
2,0,2,16.3,1,0,16,20,2
10,1,10,25.1,0,0,43,39,30
14,2,14,27.5,1,1,6,18,20
14,0,14,15.2,0,0,2,5,13
6,1,6,11.8,1,1,2,0,2
7,5,7,13.3,1,1,0,15,0
22,0,22,10.0,1,0,1,2,0
7,5,7,12.7,1,1,2,12,2
14,0,14,15.6,0,1,7,88,17
17,0,17,26.1,0,0,2,36,2
13,4,13,27.0,1,0,2,50,3
8,1,8,20.4,1,1,2,5,4
17,3,17,25.3,1,1,2,6,3
12,4,12,9.9,1,0,10,24,10
16,6,16,28.8,1,1,2,30,2
0,0,0,7.9,0,0,2,20,3
17,3,17,30.3,1,1,0,13,0
11,5,11,20.2,1,1,0,36,0
20,4,20,20.1,0,0,1,0,0
21,0,21,18.8,1,1,0,10,1
18,6,18,27.8,1,1,2,15,3
0,5,0,14.2,0,0,0,2,0
6,5,6,9.8,0,3,2,68,4
22,2,22,16.3,1,1,0,9,1
22,2,22,25.8,1,1,0,10,1
16,5,16,14.4,1,0,0,9,0
20,2,20,26.7,1,1,2,1,2
18,1,18,31.7,0,0,0,9,0
11,2,11,13.2,1,0,0,36,0
14,2,14,15.7,0,0,14,20,12
7,5,7,15.1,1,1,0,18,2
15,1,15,20.1,0,1,2,9,2
19,5,19,23.8,0,0,2,0,3
7,4,7,12.5,1,1,0,18,2
12,4,12,31.4,0,0,2,16,2
22,0,22,19.1,0,0,2,23,2
9,1,9,10.0,0,0,1,2,0
23,4,23,18.1,0,0,2,18,2
9,0,9,19.6,1,1,0,12,1
18,2,18,26.6,1,1,2,6,2
19,1,19,14.0,0,0,0,9,1
8,5,8,13.9,1,1,2,14,3
6,2,6,14.6,1,1,9,2,9
20,3,20,20.5,0,0,18,31,13
11,6,11,18.2,1,3,7,153,28
17,3,17,12.5,1,0,2,26,4
19,0,19,19.5,1,1,2,1,2
10,1,10,12.8,1,0,9,82,28
5,0,5,7.2,1,0,0,6,0
9,0,9,13.9,0,0,12,23,4
22,6,22,10.3,0,0,2,10,3
19,6,19,26.6,1,1,2,0,3
20,3,20,17.5,0,0,2,19,4
10,1,10,28.4,1,1,0,28,0
16,1,16,28.4,0,0,2,10,3
21,2,21,22.5,1,1,0,27,0
0,6,0,2.1,1,0,17,11,14
15,5,15,27.9,0,0,16,20,3
13,2,13,25.3,1,1,11,25,11
14,2,14,28.7,1,1,0,28,0
16,5,16,33.0,1,1,2,52,3
13,6,13,30.2,1,1,13,26,10
9,6,9,13.7,1,1,1,13,2
5,6,5,2.3,1,0,7,110,17
6,4,6,9.9,1,1,0,10,1
15,3,15,32.6,1,0,7,34,16
10,0,10,23.3,1,1,7,71,17
1,4,1,18.2,0,0,2,20,4
17,2,17,21.4,1,0,2,6,3
13,4,13,32.9,0,1,2,13,3
14,1,14,31.2,0,1,0,13,0
7,3,7,16.7,0,0,25,62,13
16,0,16,18.5,0,0,16,3,2
21,3,21,24.1,1,1,2,9,2
14,6,14,29.3,1,1,2,13,3
8,2,8,13.3,1,1,2,13,3
5,5,5,3.4,1,0,2,7,2
15,0,15,29.8,1,0,7,6,17
11,6,11,9.0,1,0,0,9,0
12,3,12,8.3,1,1,9,39,28
19,3,19,18.1,0,0,2,2,3
16,4,16,11.6,0,0,0,8,0
15,2,15,30.3,1,1,2,10,2
9,3,9,20.0,1,0,6,18,6
9,3,9,23.2,1,1,2,14,2
17,0,17,25.5,0,0,1,14,0
12,5,12,13.9,1,0,1,8,1
17,1,17,29.0,1,1,2,6,3
14,4,14,17.1,1,0,16,134,2
9,0,9,18.6,1,1,2,6,3
12,5,12,14.0,1,0,2,3,3
11,5,11,28.8,1,1,2,20,3
14,6,14,23.2,1,0,4,72,2
17,6,17,25.7,0,1,0,9,0
18,6,18,11.6,1,0,1,60,0
8,5,8,15.2,1,1,2,40,2
3,4,3,16.0,1,0,5,35,5
9,0,9,20.8,1,0,7,34,36
5,6,5,-0.4,1,0,8,11,8
7,3,7,4.8,0,0,2,10,2
13,4,13,24.5,1,1,0,15,0
12,1,12,24.4,1,0,1,42,0
10,6,10,24.5,1,1,2,15,2
16,4,16,35.5,1,1,0,40,0
15,3,15,34.3,1,1,0,61,0
9,4,9,7.3,0,0,2,2,2
14,5,14,28.0,1,1,2,10,2
14,2,14,28.8,1,1,15,29,4
17,2,17,30.3,1,0,7,34,16
23,5,23,20.1,0,1,11,25,6
12,6,12,31.6,1,1,2,3,3
11,0,11,25.1,0,1,7,34,36
14,4,14,16.7,0,0,1,6,1
11,4,11,16.1,0,0,17,20,18
7,3,7,12.7,1,1,2,6,3
23,3,23,18.0,1,1,26,47,10
20,0,20,24.7,1,1,2,1,2
9,5,9,16.3,1,1,2,18,2
10,6,10,22.3,0,0,1,2,1
20,0,20,21.7,1,1,2,20,2
16,2,16,22.4,1,0,2,9,2
13,6,13,12.0,0,0,16,134,2
18,1,18,30.5,1,1,2,8,2
9,6,9,16.8,1,1,2,44,2
11,3,11,24.1,1,1,2,14,3
19,4,19,26.8,0,0,2,26,4
21,0,21,10.9,0,0,2,20,13
21,6,21,23.6,0,0,2,19,4
15,5,15,29.7,0,0,2,2,3
19,4,19,21.3,0,0,1,40,0
8,0,8,16.6,1,1,0,21,0
20,5,20,10.9,0,0,19,32,15
3,5,3,13.1,0,0,11,25,6
23,3,23,22.4,1,1,2,48,13
18,1,18,30.0,1,1,0,13,0
15,1,15,31.2,1,1,2,58,2
12,0,12,17.2,0,0,0,20,0
10,2,10,10.1,0,0,2,8,3
15,0,15,22.3,0,0,2,2,2
6,5,6,7.8,1,1,2,9,2
10,3,10,7.8,0,0,2,14,2
6,6,6,13.1,1,1,4,10,2
6,2,6,14.8,1,1,2,0,2
16,3,16,16.3,1,0,2,26,13
15,6,15,29.5,1,1,2,14,2
8,3,8,14.3,1,1,16,20,3
23,3,23,13.5,1,0,6,18,20
22,6,22,16.0,0,0,1,14,1
0,5,0,2.1,1,0,2,20,3
0,3,0,16.2,0,0,2,7,3
13,0,13,29.3,0,0,2,44,2
12,1,12,23.3,1,1,0,9,0
9,1,9,17.8,1,1,2,36,2
21,4,21,18.6,1,1,2,23,2
15,1,15,29.7,1,1,1,6,0
13,0,13,21.9,1,0,9,93,48
12,5,12,28.5,1,1,0,3,2
20,6,20,16.4,1,0,2,8,3
10,5,10,16.6,1,1,2,20,4
20,5,20,26.5,0,1,2,13,3
13,6,13,16.7,1,0,7,40,98
23,0,23,21.6,1,1,25,11,23
14,1,14,21.1,0,0,2,3,3
22,4,22,18.1,1,1,29,56,29
8,1,8,9.3,1,1,2,44,2
11,6,11,26.1,1,1,2,13,2
17,3,17,29.7,1,1,0,14,1
15,6,15,25.5,1,1,2,6,3
8,4,8,8.6,1,0,2,2,3
20,5,20,19.8,0,1,2,13,3
13,5,13,25.1,0,0,0,27,1
13,1,13,27.9,1,1,2,21,2
10,6,10,18.6,1,1,2,13,3
13,3,13,28.9,1,1,13,26,10
14,5,14,24.7,0,0,2,18,3
6,2,6,10.3,1,0,11,25,6
12,6,12,25.2,1,1,0,0,0
13,6,13,28.3,1,1,2,2,2
10,5,10,24.1,0,1,7,39,16
17,2,17,16.1,0,0,2,8,3
23,3,23,15.3,1,1,2,11,4
21,1,21,4.4,0,0,2,8,3
19,0,19,10.8,0,0,0,2,1
22,6,22,14.1,0,0,3,5,0
8,2,8,18.2,1,1,2,44,2
10,0,10,25.0,0,1,2,6,3
10,4,10,23.0,1,1,2,0,3
14,3,14,19.6,1,1,0,2,0
12,3,12,30.9,1,1,0,9,1
11,6,11,12.7,0,0,1,18,2
22,5,22,19.9,0,1,0,0,0
18,0,18,32.5,1,1,2,13,2
13,1,13,31.0,1,1,2,23,2
16,2,16,36.4,1,1,2,26,13
13,1,13,25.7,0,0,2,39,13
21,5,21,24.5,0,1,2,9,2
20,4,20,20.6,1,1,2,0,3
8,4,8,17.8,1,1,2,7,2
10,3,10,17.6,0,0,2,6,3
10,2,10,12.7,1,0,2,27,2
10,1,10,22.8,1,1,2,12,2
19,6,19,24.3,0,0,2,8,3
0,4,0,10.8,0,3,34,76,12
23,0,23,9.6,1,0,1,2,0
23,6,23,14.0,1,1,2,68,13
11,3,11,19.7,1,1,2,6,3
6,6,6,14.9,1,1,2,8,2
18,5,18,15.5,0,0,2,18,2
10,4,10,6.8,0,0,0,1,0
15,5,15,18.1,0,1,0,9,0
22,5,22,26.4,0,0,2,5,13
5,0,5,12.5,1,0,0,6,0
22,4,22,20.5,1,0,7,15,17
9,3,9,21.9,1,1,1,13,0
6,0,6,10.6,1,0,2,6,2
12,6,12,28.1,1,1,10,24,23
9,6,9,21.8,1,1,2,8,3
19,4,19,25.8,0,1,2,12,3
16,0,16,12.7,0,0,2,28,2
11,0,11,21.6,1,0,7,34,16
23,0,23,15.8,0,0,3,5,0
11,1,11,25.9,1,1,2,9,2
12,3,12,27.1,1,0,7,2,17
5,2,5,9.3,1,0,2,1,3
6,6,6,14.8,0,1,2,48,4
14,6,14,28.6,1,1,2,6,3
8,5,8,19.7,1,1,2,28,2
23,6,23,12.7,0,0,2,7,2
15,2,15,14.4,0,0,2,6,3
16,1,16,28.9,1,1,2,15,2
0,3,0,8.7,1,0,2,31,13
6,4,6,10.2,0,0,21,23,5
11,3,11,9.0,1,0,2,19,4
8,6,8,16.7,1,1,2,3,2
16,0,16,26.5,0,0,2,10,2
3,3,3,13.9,1,0,13,53,8
11,0,11,22.2,1,1,2,0,3
12,0,12,29.3,0,0,0,28,1
6,5,6,13.1,1,1,2,1,2
8,5,8,16.1,0,0,20,33,5
21,5,21,23.0,0,0,2,8,2
13,4,13,12.2,1,3,7,39,80
7,6,7,12.7,1,1,1,13,2
13,1,13,24.4,1,1,41,61,52
17,3,17,15.7,1,1,9,73,9
11,4,11,27.0,1,1,2,7,3
14,3,14,18.3,0,1,2,21,2
10,3,10,22.1,0,0,2,8,3
16,1,16,14.9,0,0,4,10,2
18,6,18,32.1,1,1,0,0,0
6,6,6,14.0,1,1,0,2,0
10,0,10,23.6,0,1,2,9,3
14,6,14,31.7,1,1,2,13,3
16,6,16,15.5,1,0,7,99,27
13,2,13,14.9,1,0,1,9,2
8,4,8,11.9,1,1,2,18,2
14,4,14,18.0,1,0,2,6,3
13,2,13,13.9,0,0,0,21,0
15,2,15,18.3,1,1,16,44,3
16,3,16,32.4,0,1,7,34,16
15,5,15,31.0,0,0,4,10,2
15,5,15,30.6,1,0,2,3,3
4,2,4,8.3,1,0,11,25,6
12,0,12,26.8,1,1,2,23,2
10,6,10,25.6,1,1,0,9,0
13,5,13,28.7,0,0,2,18,2
13,6,13,20.3,1,1,0,36,0
0,2,0,9.0,1,0,11,25,6
16,2,16,18.6,1,1,0,40,0
6,6,6,7.4,0,3,2,48,13
14,3,14,33.8,1,1,2,36,2
15,2,15,35.2,1,1,2,52,3
14,2,14,27.9,1,1,2,8,2
20,6,20,26.2,1,1,2,20,2
18,0,18,27.3,0,0,0,14,0
10,3,10,22.4,1,1,2,14,2
22,4,22,21.8,0,0,0,6,0
18,2,18,28.6,1,1,2,14,2
19,1,19,13.6,0,0,19,32,15
8,3,8,16.6,1,1,2,18,2
14,2,14,30.4,1,1,2,8,2
9,5,9,9.8,1,0,2,19,4
8,3,8,14.7,1,1,2,28,2
10,4,10,6.6,1,0,0,36,0
12,6,12,27.4,1,1,2,12,2
1,5,1,19.1,0,0,1,3,0
11,5,11,19.4,1,0,2,2,3
19,5,19,25.2,1,1,2,0,3
13,4,13,27.5,1,1,2,0,2
9,2,9,21.4,0,0,0,1,0
21,2,21,15.2,0,0,2,44,2
15,3,15,31.6,1,1,2,8,2
11,5,11,18.5,1,1,2,11,4
5,5,5,15.6,1,1,2,9,3
13,2,13,17.5,1,0,0,36,0
0,5,0,14.9,0,0,77,23,5
7,5,7,15.2,1,1,2,28,2
9,0,9,21.1,1,0,7,34,16
20,3,20,21.8,0,1,2,44,2
8,5,8,25.3,1,1,1,44,1
14,0,14,27.6,1,1,0,2,0
1,4,1,18.2,0,0,0,27,0
13,3,13,20.0,1,1,2,0,2
19,5,19,33.4,0,0,38,11,5
20,4,20,23.9,0,0,2,6,3
8,3,8,10.0,1,1,2,15,2
12,3,12,33.1,1,1,10,24,23
17,2,17,11.4,1,0,2,27,3
19,2,19,18.4,1,0,1,18,2
12,1,12,27.0,1,1,2,6,3
14,4,14,18.0,0,0,2,36,2
13,6,13,16.0,0,0,2,13,2
12,4,12,12.9,0,0,2,15,2
7,0,7,12.5,1,1,2,15,2
15,4,15,14.8,1,1,5,11,5
7,4,7,14.6,1,1,2,6,2
20,5,20,7.3,1,0,2,23,3
15,1,15,18.5,1,0,2,14,3
14,6,14,30.9,1,1,0,21,0
18,3,18,25.9,1,1,2,13,2
7,4,7,10.0,1,0,0,6,0
9,6,9,22.4,1,1,4,10,2
20,3,20,21.4,0,1,0,61,0
2,4,2,15.8,0,0,2,8,2
15,2,15,13.6,1,0,0,21,0
7,0,7,10.6,1,1,0,8,0
21,6,21,21.9,1,3,9,82,28
21,6,21,23.0,0,0,19,32,15
10,4,10,9.5,0,0,2,6,3
10,1,10,8.2,0,0,1,2,0
15,3,15,11.0,1,0,5,11,5
21,0,21,12.9,0,0,2,13,2
13,1,13,23.3,0,0,9,39,102
16,3,16,33.8,0,1,2,10,2
22,0,22,10.4,0,0,11,25,6
1,4,1,14.2,0,0,2,27,3
13,3,13,11.5,1,0,0,2,1
10,1,10,22.8,1,1,6,18,6
12,4,12,19.9,0,1,0,13,1
10,6,10,22.3,1,1,2,40,3
16,2,16,20.5,1,0,9,40,42
8,5,8,12.3,1,1,2,15,2
19,6,19,27.2,1,1,1,18,0
21,5,21,20.1,0,0,0,6,0
14,0,14,25.5,0,0,2,6,3
15,4,15,15.2,0,1,7,14,36
11,2,11,13.5,0,0,2,13,3
21,5,21,22.8,1,1,0,10,1
11,5,11,30.0,1,1,2,14,3
12,4,12,23.0,1,1,2,3,3
9,3,9,19.6,1,3,7,54,28
15,5,15,29.0,1,1,0,15,1
11,5,11,28.6,1,1,2,28,2
15,4,15,25.3,1,0,25,62,13
21,6,21,21.5,0,0,2,8,3
8,0,8,10.5,1,1,2,3,3
21,1,21,13.2,0,0,2,44,2
1,6,1,7.5,1,0,17,11,14
23,4,23,6.4,1,0,2,48,13
17,1,17,9.4,1,0,16,3,3
13,0,13,28.8,0,0,0,0,0
6,4,6,9.4,1,1,2,8,2
11,1,11,21.3,1,0,7,9,27
23,4,23,8.8,1,0,1,2,0
15,6,15,29.3,1,1,0,6,0
12,3,12,29.5,1,1,2,0,2
16,3,16,15.3,1,0,9,2,58
16,5,16,31.0,0,1,2,7,3
15,4,15,20.9,0,0,0,36,0
13,6,13,33.4,1,1,2,0,2
7,0,7,13.7,1,1,2,0,3
10,1,10,25.3,1,1,0,0,0
10,1,10,19.9,1,1,2,8,3
4,4,4,12.5,1,0,0,6,1
3,0,3,10.3,0,0,11,25,6
22,0,22,21.2,1,1,7,7,30
19,6,19,28.4,1,1,0,18,2
16,4,16,28.6,1,1,4,72,2
23,4,23,17.7,1,1,6,18,6
6,1,6,8.4,1,1,2,2,2
12,2,12,15.3,1,3,7,82,28
10,2,10,26.0,1,1,2,21,2
8,2,8,11.4,1,0,0,0,0
6,0,6,11.0,1,1,2,2,2
17,2,17,36.4,1,1,6,18,26
18,0,18,27.1,1,1,2,9,2
12,3,12,23.5,1,1,2,13,3
21,1,21,27.2,1,1,0,10,1
14,1,14,13.8,0,0,0,21,0
10,2,10,26.5,1,1,2,27,2
18,3,18,27.7,0,1,2,23,2
11,6,11,23.0,0,0,12,23,32
10,3,10,10.0,0,0,0,6,0
13,1,13,9.8,0,0,2,2,3
19,1,19,30.4,1,1,2,13,2
13,6,13,27.3,1,1,2,21,2
20,1,20,15.6,1,0,31,15,33
9,0,9,12.1,1,3,7,34,43
22,5,22,10.4,0,0,47,11,14
17,0,17,28.6,1,1,2,9,3
7,0,7,13.5,1,1,31,64,40
7,2,7,14.0,1,1,1,2,2
12,6,12,17.2,1,1,0,2,0
8,3,8,11.6,1,1,2,0,3
15,1,15,31.4,1,1,2,10,2
14,5,14,26.3,0,0,4,72,2
0,2,0,3.1,1,0,11,25,6
11,0,11,25.6,1,1,2,9,2
14,5,14,27.9,0,1,0,12,0
18,3,18,26.1,0,1,1,44,0
22,0,22,21.6,1,1,19,32,2
14,2,14,29.5,1,1,2,9,3
19,6,19,28.1,1,1,16,20,3
13,0,13,14.8,1,0,2,15,2
15,2,15,30.3,1,1,0,13,0
12,5,12,27.1,1,1,2,23,2
8,5,8,10.1,0,1,20,33,5
21,6,21,22.9,1,1,2,26,4
23,6,23,13.4,1,1,2,31,13
20,4,20,21.0,1,1,2,9,2
19,5,19,9.7,0,0,2,0,3
18,0,18,19.5,1,0,0,14,0
20,0,20,9.6,0,0,6,18,21
14,4,14,27.2,1,1,2,14,3
20,1,20,22.7,1,1,0,0,0
13,1,13,25.1,1,1,0,23,2
4,0,4,14.8,0,3,2,3,2
7,6,7,15.1,1,1,2,23,2
7,0,7,7.5,1,0,2,0,3
14,3,14,30.2,1,1,31,64,33
5,2,5,13.4,0,2,1,5,0
14,3,14,20.3,1,1,1,6,1
11,5,11,17.9,0,0,22,37,13
19,2,19,24.1,1,0,2,14,3
15,4,15,31.1,1,1,0,0,0
22,2,22,23.7,1,1,0,0,0
8,5,8,17.0,1,1,2,0,3
0,5,0,4.1,0,0,0,2,0
12,6,12,25.1,1,1,0,2,0
13,1,13,21.2,1,1,2,15,2
13,6,13,14.0,0,0,2,2,2
7,6,7,15.3,0,1,1,0,0
16,4,16,29.6,1,1,5,10,5
17,0,17,31.2,1,1,2,13,3
20,6,20,24.7,1,1,2,0,3
10,6,10,22.4,1,1,2,65,4
6,5,6,14.1,1,1,2,6,2
11,2,11,12.8,1,0,2,11,13
12,4,12,27.4,0,0,7,69,17
19,6,19,15.2,1,1,0,1,0
11,1,11,13.4,1,0,2,14,3
15,2,15,19.5,0,1,0,14,0
18,3,18,14.4,1,1,0,27,0
21,2,21,24.4,0,0,2,8,3
16,5,16,36.3,1,1,2,26,13
18,5,18,25.6,0,0,2,18,2
11,1,11,22.0,0,1,2,36,2
15,6,15,29.5,1,1,4,10,2
19,4,19,10.1,1,0,0,40,0
14,3,14,29.2,1,1,2,14,3
6,0,6,13.8,1,1,0,10,1
12,2,12,26.5,1,1,2,20,3
0,5,0,4.3,0,0,1,6,1
15,0,15,23.1,0,0,4,10,13
15,2,15,37.2,1,1,0,6,0
12,5,12,11.7,0,0,2,0,3
10,2,10,13.8,1,0,2,0,3
14,4,14,16.9,1,0,0,21,0
11,1,11,9.0,0,0,1,6,0
8,5,8,16.5,1,1,2,44,2
15,2,15,20.1,0,0,1,3,1
21,3,21,15.2,0,0,2,23,2
5,3,5,14.9,0,0,11,25,11
9,6,9,14.1,0,0,2,8,3
11,5,11,24.4,1,1,2,2,2
19,0,19,19.6,0,0,2,2,3
13,1,13,27.5,1,1,2,21,2
4,5,4,11.4,1,0,2,1,3
22,2,22,5.4,0,0,11,25,6
16,6,16,19.3,1,0,2,14,3
6,4,6,12.6,0,0,2,5,13
6,2,6,14.8,1,1,0,6,0
21,3,21,21.0,0,0,1,42,2
11,4,11,26.9,1,1,2,8,3
17,0,17,18.4,1,1,2,8,3
14,4,14,29.8,0,0,0,3,2
15,6,15,34.0,1,1,2,14,3
6,0,6,8.4,1,1,2,2,2
6,6,6,8.6,1,1,2,0,3
9,4,9,6.2,1,0,2,18,2
4,1,4,11.0,0,0,4,10,2
15,5,15,8.2,0,0,2,6,3
13,5,13,27.6,0,1,2,13,3
10,4,10,24.6,0,1,2,13,2
17,1,17,16.6,0,0,0,0,0
8,3,8,11.5,1,1,2,0,3
21,4,21,22.1,0,0,19,32,2
13,6,13,28.5,1,1,15,29,4
10,5,10,22.2,0,0,0,15,0
8,0,8,16.2,1,1,0,28,0
20,1,20,10.6,1,0,2,23,3
8,1,8,18.2,1,1,2,14,3
12,5,12,29.9,1,1,2,8,3
8,3,8,15.4,0,1,20,33,5
14,6,14,15.9,0,0,1,20,2
19,2,19,16.7,1,1,2,1,2
16,6,16,31.8,1,1,2,20,2
18,2,18,14.4,0,0,0,9,1
11,0,11,23.9,0,1,0,20,0
18,1,18,29.3,1,1,2,9,3
9,6,9,26.3,1,1,1,17,0
7,4,7,8.1,1,1,2,0,3
15,6,15,30.7,1,1,0,40,0
6,1,6,2.8,0,0,2,11,4
22,5,22,6.3,1,0,13,26,10
21,3,21,19.1,0,0,2,14,3
13,6,13,28.5,1,1,2,6,2
15,3,15,32.7,1,1,2,3,3
11,3,11,24.5,1,1,0,9,0
12,5,12,25.7,1,0,0,9,0
11,4,11,22.5,1,1,2,8,2
6,0,6,12.1,1,1,2,0,2
9,3,9,21.7,0,0,0,1,0
10,3,10,13.1,1,0,31,64,33
21,5,21,21.4,1,1,0,10,1
13,3,13,28.1,1,0,7,2,17
16,1,16,24.0,1,1,1,8,1
6,4,6,12.8,1,1,2,2,3
17,3,17,25.3,1,0,46,34,16
20,1,20,9.6,0,3,2,14,3
16,3,16,13.7,0,0,5,44,5
19,5,19,29.3,1,1,16,20,3
12,4,12,25.7,1,1,1,42,0
4,3,4,15.4,1,0,1,5,0
7,4,7,11.5,1,1,2,15,2
10,4,10,19.4,0,0,1,8,0
16,1,16,32.5,1,1,2,2,2
15,6,15,29.4,0,1,2,9,3
7,0,7,10.9,1,1,2,2,3
14,5,14,29.9,1,1,2,28,2
16,2,16,14.9,1,0,0,2,0
13,5,13,30.3,1,1,11,25,11
12,0,12,15.9,0,0,2,23,2
13,6,13,12.6,0,0,0,10,1
9,0,9,17.0,0,1,6,18,6
2,5,2,5.7,1,0,11,25,11
21,6,21,26.1,0,0,2,23,2
17,1,17,30.4,0,0,0,15,0
0,2,0,17.9,1,1,2,11,4
8,5,8,15.8,1,1,2,14,2
12,3,12,21.1,1,0,27,46,5
22,2,22,19.2,1,1,0,0,0
23,3,23,12.4,1,0,1,2,2
15,2,15,29.7,1,1,3,5,15
10,4,10,23.7,1,1,0,15,0
22,3,22,8.1,0,0,11,25,6
8,1,8,16.6,1,1,2,44,2
6,4,6,9.7,0,0,26,47,10
23,0,23,15.0,0,0,0,9,0
20,6,20,20.5,1,1,2,10,3
18,3,18,10.9,1,0,2,14,2
21,2,21,21.6,1,1,2,9,3
9,0,9,6.8,1,0,7,14,36
19,3,19,29.2,1,1,0,18,2
17,1,17,24.4,0,1,2,12,3
19,2,19,15.3,0,0,2,6,3
13,3,13,11.3,0,0,8,44,8
12,2,12,18.3,0,1,2,7,3
6,4,6,11.6,1,1,2,0,3
14,2,14,31.3,1,1,16,20,2
11,4,11,10.0,1,0,2,15,3
17,1,17,31.2,1,1,2,14,2
11,2,11,23.4,1,1,0,0,0
17,5,17,13.3,0,0,2,31,13
14,3,14,19.3,1,1,0,21,0
7,5,7,13.4,1,1,0,18,13
18,4,18,35.6,1,1,0,14,0
19,5,19,24.0,0,1,2,9,3
9,2,9,14.7,0,1,2,0,2
6,6,6,6.0,0,0,26,47,10
8,2,8,14.7,1,1,0,9,0
18,1,18,29.7,1,1,2,0,2
16,2,16,15.1,1,1,2,0,2
20,0,20,27.2,0,1,2,40,2
16,3,16,13.5,1,0,2,20,4
3,6,3,11.6,0,0,11,25,11
16,5,16,31.1,1,1,2,14,3
11,6,11,20.3,0,0,0,15,0
14,2,14,15.9,1,0,0,6,1
13,3,13,13.9,1,0,0,50,1
2,5,2,1.3,1,0,1,2,0
19,2,19,24.3,0,0,9,75,19
15,5,15,29.1,0,1,0,13,1
16,4,16,20.9,0,1,7,81,42
11,0,11,21.6,1,0,7,34,16
21,5,21,24.1,1,1,0,10,1
17,5,17,22.5,1,0,4,10,4
10,1,10,22.9,1,1,1,36,0
13,2,13,28.3,1,1,13,26,10
9,6,9,18.3,1,1,2,2,2
15,6,15,29.1,1,1,2,14,2
9,4,9,16.4,0,0,2,8,3
15,1,15,23.5,1,1,1,8,1
10,4,10,21.1,1,1,31,64,40
22,6,22,17.7,0,0,2,10,2
22,3,22,16.3,0,0,1,8,1
14,6,14,10.8,0,1,7,88,17
11,6,11,24.0,1,1,0,28,1
17,6,17,18.9,0,0,2,21,2
6,5,6,1.1,0,0,2,48,4
8,3,8,11.2,1,1,2,14,2
13,4,13,19.5,1,0,1,9,2
11,3,11,16.5,1,0,9,63,28
10,4,10,22.2,1,0,2,12,3
19,2,19,28.8,1,1,2,7,2
6,2,6,13.6,1,1,4,10,2
10,5,10,13.2,0,0,2,1,3
15,4,15,19.9,0,0,0,28,0
19,0,19,10.9,0,0,2,6,3
7,6,7,16.6,1,1,2,14,2
11,6,11,12.7,0,0,2,14,3
5,4,5,12.9,1,0,1,3,1
9,4,9,20.1,0,0,13,26,10
22,4,22,19.0,0,1,2,10,2
14,3,14,20.6,0,0,3,5,2
1,3,1,16.3,0,0,1,3,1
6,0,6,13.4,1,1,4,10,2
12,5,12,27.7,0,1,2,13,3
15,0,15,30.1,1,1,0,14,0
12,1,12,29.7,1,1,2,16,2
15,2,15,16.4,0,0,2,15,3
3,5,3,14.6,1,0,5,20,5
9,4,9,21.9,1,1,2,14,2
11,4,11,11.9,1,0,0,2,1
16,4,16,24.3,0,0,1,0,0
7,1,7,14.6,1,1,2,15,2
14,4,14,29.9,1,1,1,16,0
14,1,14,12.7,1,0,4,72,2
11,2,11,22.5,1,0,0,28,1
16,4,16,29.2,1,1,2,6,2
19,3,19,26.0,0,0,11,25,11
10,3,10,13.2,1,1,0,14,1
6,4,6,13.0,1,1,2,6,3
11,2,11,24.0,1,1,2,2,2
11,2,11,25.3,1,1,2,6,3
17,1,17,17.5,1,0,7,82,28
13,3,13,24.6,1,1,0,6,0
13,2,13,25.1,1,1,2,15,3
14,4,14,17.4,0,0,0,28,0
20,6,20,20.6,1,1,2,23,3
15,1,15,30.6,0,1,2,7,3
15,0,15,23.0,1,1,0,10,0
19,1,19,13.7,0,0,18,31,4
12,2,12,17.8,1,0,2,0,2
8,1,8,15.2,1,1,2,18,2
18,5,18,16.1,1,1,2,13,3
12,0,12,27.5,1,1,13,53,8
20,0,20,25.0,0,0,1,14,2
18,2,18,29.2,0,0,2,27,2
18,3,18,30.1,0,0,2,15,2
17,6,17,26.3,0,1,2,12,3
13,0,13,32.9,1,1,13,26,10
7,1,7,8.5,1,1,2,0,3
18,6,18,17.6,1,1,0,27,0
9,6,9,17.8,1,1,2,6,2
6,6,6,11.9,1,1,2,2,2
13,5,13,27.4,0,1,2,0,3
15,2,15,21.8,0,0,2,0,2
14,2,14,17.3,0,0,2,14,3
15,2,15,24.8,0,0,2,15,2
22,6,22,21.8,0,0,2,10,2
7,6,7,10.1,1,1,2,14,2
10,6,10,28.1,1,0,2,11,4
6,2,6,9.4,0,0,2,68,4
15,2,15,30.3,1,1,2,52,2
7,0,7,2.5,1,0,7,34,16
4,4,4,5.2,0,0,21,23,5
14,6,14,30.7,1,1,6,18,6
13,0,13,11.3,1,0,9,39,24
15,1,15,31.2,1,1,1,27,0
11,1,11,21.5,1,1,9,99,48
19,0,19,25.4,1,1,1,9,2
10,3,10,7.6,1,0,7,59,44
3,5,3,2.1,1,0,0,5,0
14,0,14,30.3,1,1,54,10,70
13,2,13,9.2,0,0,0,3,1
17,0,17,31.0,1,1,1,27,2
7,2,7,2.0,1,0,21,11,5
11,3,11,8.4,1,1,7,2,17
15,5,15,21.5,1,1,2,10,2
11,4,11,15.0,1,1,13,26,10
17,3,17,21.8,1,0,43,39,59
9,6,9,9.3,1,0,2,7,2
19,2,19,9.0,0,0,14,20,12
18,0,18,11.0,1,0,2,13,3
21,3,21,9.7,1,0,26,47,10
17,2,17,10.4,0,0,2,15,2
19,1,19,28.9,1,1,2,8,3
14,4,14,16.5,0,0,2,13,3
11,1,11,8.3,0,0,2,15,3
15,0,15,17.8,0,1,2,14,3
9,2,9,14.4,1,1,0,8,0
14,4,14,30.7,0,1,2,39,4
18,5,18,25.4,1,1,2,14,3
15,1,15,22.3,1,0,0,14,1
17,6,17,16.6,1,1,2,40,2
6,2,6,8.2,0,0,2,68,4
1,5,1,16.3,0,0,77,23,5
21,1,21,23.6,1,1,4,10,2
6,4,6,12.2,1,1,0,10,1
16,1,16,22.2,1,1,1,2,0
13,1,13,31.2,1,1,2,28,2
6,6,6,13.0,1,1,16,20,3
16,5,16,24.8,0,0,0,6,1
10,6,10,21.7,1,1,0,15,0
19,5,19,25.4,1,1,0,15,0
13,1,13,12.9,0,0,17,20,18
13,6,13,19.4,1,0,2,18,2
9,3,9,22.2,1,1,2,7,2
11,4,11,22.9,1,1,0,36,0
6,6,6,13.6,1,1,1,27,1
12,3,12,22.8,1,0,2,0,3
17,5,17,20.6,1,1,2,18,2
2,1,2,4.5,1,0,11,25,11
13,3,13,24.9,0,1,2,10,4
19,4,19,26.1,1,1,0,0,0
15,5,15,28.6,1,1,6,18,26
12,5,12,27.2,1,1,11,25,11
8,3,8,7.1,1,0,2,40,3
19,0,19,11.5,1,0,0,1,0
16,0,16,34.7,1,1,1,3,2
9,4,9,12.2,0,0,2,8,3
14,0,14,32.3,1,1,2,10,2
7,6,7,14.1,1,1,2,36,2
7,2,7,11.3,1,1,0,9,0
12,2,12,27.9,0,0,52,61,6
23,2,23,19.3,1,1,2,11,13
14,4,14,25.3,0,0,2,13,2
15,3,15,33.3,1,1,4,10,2
20,4,20,9.7,0,0,2,14,2
17,2,17,34.1,0,1,2,8,2
20,4,20,20.4,1,1,2,23,3
0,0,0,13.5,0,0,11,25,6
13,0,13,33.7,1,1,2,2,3
9,3,9,19.6,0,1,0,2,0
19,5,19,30.4,1,0,0,40,0
14,2,14,20.8,1,0,9,51,24
17,6,17,32.3,1,1,5,11,5
14,3,14,19.2,1,1,6,18,21
10,6,10,17.2,1,1,12,23,4
12,0,12,18.4,1,1,2,10,2
7,0,7,12.2,1,0,7,34,36
16,2,16,17.2,1,0,1,2,0
19,2,19,31.3,1,1,2,23,2
13,6,13,33.7,1,1,13,26,10
20,0,20,13.3,0,0,0,6,1
16,6,16,30.5,1,1,2,2,3
12,1,12,29.5,1,1,9,41,38
13,4,13,14.4,0,0,0,10,1
14,6,14,28.9,0,1,3,5,0
19,4,19,9.9,1,0,2,26,4
13,3,13,31.6,1,1,13,26,10
16,5,16,21.3,1,1,2,20,4
12,6,12,29.5,1,1,11,25,11
8,5,8,6.7,0,0,2,9,2
18,6,18,9.3,1,0,2,20,2
18,4,18,16.3,1,0,0,27,0
9,0,9,7.3,1,0,0,0,0
0,4,0,9.7,1,0,3,5,0
10,2,10,23.2,1,1,2,27,2
18,1,18,13.9,0,0,2,31,13
14,5,14,25.5,0,0,3,5,0
15,1,15,29.3,1,1,1,6,0
21,2,21,22.4,0,0,18,31,4
16,2,16,30.4,1,1,0,14,0
21,6,21,18.6,0,1,2,13,3
8,2,8,15.9,1,1,2,44,2
10,4,10,15.2,0,0,6,18,6
11,4,11,29.7,1,1,2,8,3
11,1,11,25.3,1,1,2,16,2
6,5,6,12.8,1,1,4,10,2
11,4,11,25.8,1,1,2,21,2
18,3,18,29.6,1,1,0,27,0
17,5,17,31.0,1,1,2,13,3
13,3,13,20.0,0,0,2,7,2
12,2,12,11.8,0,0,0,14,0
21,6,21,23.4,1,1,2,23,2
12,5,12,25.1,1,1,1,0,0
8,3,8,11.8,1,1,0,9,0
11,2,11,25.0,1,1,2,8,3
14,0,14,15.0,1,0,2,15,2
6,5,6,0.2,0,0,26,47,10
11,2,11,31.5,1,0,7,2,30
23,5,23,18.2,0,0,1,27,1
21,3,21,16.7,0,1,2,13,2
8,5,8,17.1,1,1,2,13,2
7,6,7,12.5,1,1,2,36,2
16,4,16,30.8,0,0,0,5,2
15,6,15,30.5,1,1,2,3,3
23,4,23,14.0,1,1,2,68,4
11,2,11,21.8,1,0,2,19,4
12,1,12,24.4,1,1,0,6,0
17,6,17,25.2,1,0,4,10,4
22,3,22,8.0,1,0,13,26,10
22,2,22,10.5,0,0,1,58,2
14,2,14,11.3,0,0,2,5,13
19,3,19,13.9,1,0,1,2,0
21,2,21,7.7,0,0,2,15,3
23,6,23,21.1,1,1,5,20,5
13,4,13,13.6,0,0,4,72,2
15,6,15,29.7,1,1,1,2,1
15,1,15,31.2,1,1,1,14,2
21,5,21,21.7,1,1,2,23,2
18,1,18,28.4,1,1,2,13,3
14,3,14,27.2,1,1,0,21,0
21,0,21,24.1,1,1,0,0,0
22,3,22,17.2,1,1,1,0,2
8,1,8,4.7,1,0,21,11,5
21,5,21,23.6,1,1,2,23,2
11,1,11,24.4,1,1,2,14,3
23,6,23,18.8,0,0,2,2,2
7,1,7,13.3,1,1,2,23,2
6,2,6,14.8,1,1,1,27,1
13,0,13,32.6,0,1,2,0,3
21,1,21,20.7,0,1,2,9,3
21,6,21,9.3,0,0,0,40,0
19,3,19,25.2,0,1,0,13,0
23,0,23,9.9,0,0,2,58,3
10,2,10,27.4,1,1,2,6,2
15,0,15,22.6,1,0,7,95,51
10,2,10,25.6,1,1,0,15,0
14,1,14,14.0,1,0,1,6,0
15,1,15,31.4,1,1,2,15,2
10,1,10,20.0,0,0,2,6,3
12,2,12,15.7,1,1,2,2,3
19,0,19,30.9,0,0,9,39,17
14,2,14,15.9,0,0,1,27,1
13,3,13,23.7,1,0,7,34,16
7,5,7,-0.3,0,0,2,26,4
13,4,13,26.8,1,0,2,14,3
8,0,8,13.2,1,1,2,12,3
17,1,17,31.0,1,1,0,6,0
3,6,3,13.4,1,0,2,1,2
18,1,18,30.0,1,1,0,40,0
15,4,15,25.0,0,0,1,3,0
2,0,2,10.0,1,0,11,25,11
4,6,4,3.5,1,0,4,10,5
15,1,15,26.7,1,0,2,10,3
22,1,22,18.8,1,1,0,10,1
12,1,12,30.7,1,1,1,13,2
23,2,23,24.3,1,1,26,47,10
21,5,21,23.2,0,0,2,10,2
12,1,12,9.9,0,0,4,72,2
9,3,9,16.8,0,0,23,43,4
15,6,15,20.2,0,0,5,6,5
21,0,21,22.3,1,1,0,0,0
15,6,15,33.9,0,1,1,13,1
7,5,7,14.3,1,1,1,6,0
22,4,22,11.6,0,1,2,52,3
20,1,20,25.6,0,1,0,9,0
17,1,17,28.9,1,1,2,9,3
22,4,22,19.2,1,1,2,2,2
11,5,11,27.3,1,1,0,0,0
12,4,12,14.1,0,0,2,9,2
23,4,23,25.1,1,1,20,33,5
16,0,16,29.8,1,0,9,51,102
22,2,22,14.3,1,1,19,32,15
6,1,6,15.7,1,1,1,27,2
11,6,11,13.0,0,0,6,18,20
10,1,10,19.6,1,1,0,13,0
1,5,1,14.8,1,0,2,4,4
17,3,17,14.6,1,0,1,14,2
15,5,15,31.4,0,0,2,13,3
12,3,12,31.8,1,1,2,20,13
11,1,11,24.5,1,1,1,13,1
12,1,12,26.1,1,1,2,15,2
15,6,15,23.6,0,0,2,7,3
