Hour,DayOfWeek,Hour,Temp,A/D,Runway,Airline,From/To,Aircraft Type
21,5,21,8.9,0,0,4,31,4
11,3,11,17.2,0,1,0,24,6
8,2,8,8.0,0,0,5,10,1
5,3,5,7.8,0,0,21,3,14
11,2,11,14.1,0,0,0,6,0
6,2,6,8.6,0,0,1,1,1
2,2,2,14.6,0,0,0,6,6
14,6,14,28.5,0,0,31,63,12
10,4,10,23.3,0,1,0,30,6
23,3,23,8.7,0,0,0,26,6
8,2,8,2.7,0,0,5,10,1
0,1,0,12.8,0,0,16,32,14
4,4,4,6.5,0,0,0,31,5
13,3,13,17.5,0,0,0,8,6
22,2,22,21.7,0,0,5,29,4
19,0,19,14.2,0,0,5,18,1
8,3,8,16.1,0,0,0,42,6
8,2,8,9.1,0,0,4,12,1
4,5,4,15.4,0,0,0,26,5
14,3,14,11.6,0,0,4,10,1
7,1,7,11.3,0,0,0,25,5
5,3,5,14.1,0,0,0,31,6
11,5,11,10.4,0,0,20,19,15
7,3,7,8.6,0,0,4,6,5
10,2,10,17.2,0,0,0,29,5
16,0,16,25.0,0,0,0,3,6
5,5,5,12.8,0,0,21,3,5
19,4,19,24.6,0,1,5,18,5
1,2,1,12.5,0,0,1,1,1
1,0,1,14.1,0,0,6,7,8
20,1,20,6.6,0,0,0,7,5
15,2,15,21.3,0,0,11,60,3
8,4,8,6.2,0,0,5,10,1
7,3,7,8.0,0,0,0,25,5
9,3,9,21.1,0,1,0,16,0
12,1,12,27.1,0,1,5,5,5
5,3,5,8.1,0,0,0,7,6
8,1,8,15.7,0,1,0,4,5
13,2,13,28.5,0,0,0,48,5
15,2,15,11.6,0,0,1,1,14
5,5,5,14.5,0,0,0,10,6
9,1,9,9.6,0,0,0,30,6
8,0,8,3.4,0,0,0,29,6
15,6,15,15.8,0,0,13,4,5
7,0,7,13.4,0,1,20,19,15
9,4,9,11.8,0,0,14,19,12
15,0,15,10.0,0,0,5,20,1
4,4,4,8.4,0,0,0,31,6
20,0,20,22.7,0,1,0,26,6
13,2,13,18.0,0,0,0,13,6
21,0,21,7.6,0,0,18,34,11
8,0,8,3.0,0,0,6,18,27
10,4,10,12.8,0,0,0,19,0
23,1,23,17.2,0,0,19,15,0
5,6,5,8.4,0,0,5,23,1
5,1,5,10.3,0,0,0,8,6
15,6,15,18.1,0,0,13,4,5
0,4,0,7.9,0,0,0,1,7
20,3,20,25.1,0,1,0,10,5
10,2,10,16.6,0,0,0,29,5
15,2,15,20.7,0,0,0,44,5
10,4,10,8.8,0,0,5,14,1
8,5,8,1.2,0,0,6,18,8
13,2,13,13.6,0,0,0,3,5
6,4,6,4.3,0,0,4,6,1
16,6,16,16.6,0,0,0,3,0
23,4,23,17.6,0,0,13,6,5
10,0,10,16.2,0,1,22,19,15
1,2,1,8.0,0,0,0,46,0
7,1,7,15.1,0,1,25,51,23
14,0,14,19.9,0,0,5,6,1
13,4,13,28.9,0,1,0,12,5
6,0,6,9.7,0,0,25,52,23
10,6,10,10.0,0,0,0,61,0
9,2,9,11.5,0,0,0,18,5
16,4,16,16.1,0,0,0,22,7
16,2,16,17.6,0,1,0,7,5
5,4,5,14.9,0,0,5,5,5
6,3,6,12.3,0,1,4,23,1
5,4,5,15.0,0,0,0,26,5
4,3,4,1.8,0,0,0,31,6
12,4,12,16.2,0,0,13,6,6
13,1,13,23.6,0,0,0,11,6
7,5,7,11.4,0,0,0,8,5
4,1,4,2.1,0,0,0,26,6
3,0,3,6.7,0,0,3,3,3
10,1,10,18.8,0,0,0,19,7
8,1,8,9.0,0,0,21,3,5
7,1,7,9.3,0,0,0,13,5
21,3,21,9.6,1,2,0,6,6
17,0,17,18.0,0,0,4,31,4
14,5,14,16.2,0,0,0,3,6
12,4,12,11.4,1,2,31,72,12
7,3,7,18.2,0,0,0,83,5
10,5,10,19.7,0,0,0,17,5
11,5,11,25.3,0,0,0,31,6
14,6,14,15.5,0,0,4,44,4
8,5,8,8.5,0,0,0,4,5
23,1,23,12.6,0,0,0,35,0
9,5,9,3.0,0,0,4,20,4
1,0,1,11.9,0,0,0,0,0
18,2,18,23.0,0,0,20,19,15
16,4,16,27.1,0,0,0,31,6
12,4,12,15.1,0,0,0,12,6
21,1,21,13.5,0,0,18,34,11
11,3,11,12.7,0,0,0,12,6
14,6,14,11.9,0,0,0,3,6
15,1,15,29.2,0,1,4,31,4
18,3,18,25.8,0,0,0,25,6
17,3,17,14.0,0,0,5,9,1
14,1,14,11.2,1,2,0,23,5
12,1,12,23.0,0,1,0,10,5
16,4,16,16.8,0,0,0,14,5
22,4,22,7.3,0,0,16,32,14
4,3,4,0.9,0,0,0,31,6
0,1,0,8.4,0,0,0,1,7
6,3,6,17.0,0,0,0,26,6
12,3,12,9.2,0,0,0,5,6
5,0,5,11.9,0,0,0,10,6
14,5,14,20.1,0,0,21,3,5
8,2,8,10.7,0,0,0,29,5
7,2,7,1.2,0,0,0,9,5
17,0,17,22.5,0,0,0,12,5
8,3,8,12.5,0,0,0,20,6
8,0,8,11.0,0,0,0,25,5
7,2,7,12.9,0,1,13,6,6
10,4,10,13.2,0,1,28,7,0
16,1,16,22.4,0,0,0,31,6
9,1,9,17.3,0,1,0,41,5
8,3,8,14.3,0,1,22,19,15
5,2,5,8.1,0,0,13,6,1
6,6,6,12.2,0,1,0,8,5
16,2,16,28.2,0,0,7,47,24
6,5,6,4.9,0,0,0,31,6
12,3,12,14.5,0,0,40,7,46
11,2,11,27.1,0,0,0,24,5
12,3,12,19.7,0,0,0,5,6
12,3,12,24.9,0,1,28,7,0
20,5,20,9.9,0,0,0,26,6
20,6,20,21.9,0,0,5,6,1
7,2,7,8.1,0,0,0,11,6
13,1,13,26.2,0,1,23,43,0
21,2,21,19.9,0,0,26,58,7
19,2,19,18.8,0,0,5,23,1
16,3,16,16.3,0,0,23,43,0
8,5,8,1.2,0,0,0,5,6
6,4,6,6.3,0,0,5,6,1
2,4,2,13.0,0,0,13,6,6
21,3,21,23.8,0,1,0,10,5
23,5,23,11.3,0,0,15,37,7
13,2,13,13.0,0,0,0,12,5
13,6,13,29.2,0,1,10,22,11
12,3,12,12.7,0,0,9,21,11
7,6,7,4.8,0,0,0,9,6
5,2,5,10.5,0,0,0,9,5
6,5,6,4.5,0,0,5,18,1
8,4,8,8.5,0,0,5,10,1
17,1,17,26.6,0,0,0,29,6
20,0,20,18.7,0,0,0,10,6
18,1,18,27.8,0,0,0,13,6
15,2,15,24.6,0,1,0,13,5
19,6,19,12.0,0,0,5,18,1
13,1,13,9.8,1,2,0,13,6
15,1,15,29.9,0,1,0,20,6
22,5,22,7.5,0,0,0,3,5
6,1,6,11.3,0,1,0,13,5
10,2,10,13.9,0,0,0,13,6
8,4,8,1.9,0,0,0,3,5
17,2,17,7.5,0,0,5,12,4
12,0,12,12.2,0,0,9,21,11
17,3,17,13.6,0,0,5,62,1
15,6,15,27.9,0,1,0,10,5
16,6,16,32.3,0,1,4,13,4
21,1,21,16.1,0,0,0,3,6
10,2,10,25.0,0,1,6,18,8
11,2,11,14.3,0,0,0,6,7
7,5,7,13.1,0,0,0,14,5
10,0,10,20.7,0,0,0,13,6
18,0,18,8.0,0,0,0,7,6
12,3,12,10.8,0,0,0,18,5
9,5,9,12.5,0,1,21,3,5
4,5,4,6.8,0,0,21,3,5
19,3,19,27.5,0,1,13,6,6
20,1,20,24.8,0,1,0,7,6
11,1,11,15.9,0,0,0,24,5
18,0,18,18.9,0,0,0,12,5
11,5,11,11.5,0,0,0,10,6
0,2,0,20.6,0,0,5,6,1
10,5,10,11.0,0,0,31,63,12
13,3,13,24.2,0,0,23,43,0
22,1,22,13.1,0,0,10,38,10
19,3,19,8.9,1,2,0,12,6
15,0,15,26.4,0,0,0,31,6
8,3,8,14.8,0,0,6,18,8
13,1,13,24.3,0,0,5,12,4
17,4,17,25.8,0,0,0,5,5
15,3,15,25.1,0,0,13,6,6
11,3,11,10.8,0,0,0,12,6
22,3,22,18.0,0,0,43,62,8
7,4,7,9.9,0,0,13,6,6
5,4,5,4.1,0,0,21,3,5
9,2,9,8.7,0,0,0,16,7
10,3,10,9.0,0,0,0,29,6
0,1,0,8.8,0,0,0,1,7
12,6,12,20.9,0,0,0,13,5
7,2,7,16.4,0,0,5,10,4
1,0,1,13.3,0,0,2,2,8
13,4,13,14.4,0,0,0,10,6
23,4,23,5.2,0,0,0,35,0
6,5,6,14.1,0,1,0,8,5
4,3,4,1.1,0,0,0,13,5
12,0,12,16.0,0,0,0,10,6
11,5,11,23.4,0,0,0,29,6
10,5,10,21.0,0,0,0,14,5
18,1,18,28.9,0,1,0,18,5
17,0,17,18.0,0,0,0,3,0
14,6,14,15.2,0,0,4,6,4
1,1,1,12.6,0,0,1,1,1
9,1,9,11.5,0,0,0,4,5
5,0,5,13.6,0,0,0,13,5
11,1,11,11.2,0,0,5,14,1
7,5,7,5.8,0,0,0,10,6
15,2,15,10.9,0,0,13,4,5
5,6,5,2.2,0,0,4,13,1
13,2,13,11.5,0,0,4,5,4
15,6,15,21.3,0,0,0,12,6
11,3,11,19.1,0,0,0,29,6
4,6,4,12.0,0,0,14,19,12
9,1,9,9.7,0,0,0,18,5
7,3,7,10.4,0,0,5,12,1
4,1,4,6.6,0,0,0,5,6
11,1,11,23.5,0,1,0,17,5
18,3,18,12.6,0,0,8,19,10
1,3,1,14.8,0,0,2,2,8
19,0,19,16.1,1,2,5,10,1
18,1,18,29.3,0,1,0,18,5
18,3,18,12.4,0,0,0,29,6
13,4,13,22.3,0,0,4,12,1
10,3,10,16.4,0,1,0,14,5
4,1,4,5.8,0,0,0,31,6
1,4,1,17.4,0,0,10,22,11
12,0,12,23.1,0,0,0,12,6
16,3,16,24.9,0,1,20,7,15
16,5,16,13.9,0,0,0,44,6
8,2,8,9.6,0,0,0,29,6
22,2,22,11.5,1,2,1,1,14
4,6,4,16.6,0,0,14,19,16
6,5,6,14.6,0,0,4,6,4
12,4,12,13.6,0,0,0,31,6
17,4,17,24.4,0,0,0,23,6
13,0,13,28.2,0,0,10,22,11
14,5,14,12.3,0,0,25,51,22
6,2,6,9.6,0,0,0,10,5
9,1,9,13.8,0,0,5,24,1
18,1,18,7.3,0,0,0,23,5
9,3,9,24.0,0,0,0,16,0
9,6,9,9.9,0,0,4,13,1
14,5,14,26.6,0,0,13,99,1
10,6,10,20.3,0,1,0,8,5
12,0,12,15.1,0,0,0,18,5
16,0,16,23.1,0,0,0,31,6
5,4,5,7.7,0,0,4,6,1
11,4,11,17.1,0,0,28,7,0
23,4,23,16.7,0,0,18,34,11
6,1,6,5.8,0,0,0,29,6
21,6,21,8.3,0,0,0,3,6
8,1,8,9.8,0,0,0,4,5
12,2,12,9.0,0,0,0,29,6
10,3,10,21.8,0,1,6,18,8
21,1,21,22.0,0,1,4,10,5
23,5,23,18.9,0,0,13,6,4
7,6,7,15.0,0,0,0,24,5
22,3,22,19.1,0,0,0,9,6
16,3,16,9.9,0,0,0,18,5
18,3,18,21.9,0,0,21,3,7
14,3,14,17.9,0,0,0,3,7
5,0,5,9.2,0,0,0,9,6
10,5,10,24.6,0,0,0,16,7
11,6,11,25.8,0,1,0,8,6
1,2,1,13.5,0,0,16,32,14
0,0,0,17.4,0,0,0,1,7
8,3,8,4.9,0,0,0,18,5
19,0,19,15.5,1,2,10,22,11
23,5,23,17.3,0,1,18,34,11
8,1,8,10.6,0,1,0,4,5
11,3,11,21.7,0,0,0,9,6
13,1,13,16.2,0,0,5,9,4
17,1,17,25.1,0,0,4,45,1
17,3,17,26.7,0,0,4,45,1
11,0,11,15.6,0,0,22,19,15
11,3,11,19.6,0,0,10,22,11
6,3,6,2.3,0,0,0,13,5
14,6,14,28.8,0,1,0,23,5
18,4,18,8.1,1,2,20,7,15
9,4,9,14.7,0,0,0,20,5
6,3,6,13.8,0,0,0,29,5
10,2,10,27.8,0,1,0,3,6
7,5,7,1.3,0,0,14,19,16
8,6,8,7.3,0,0,0,3,5
20,4,20,7.6,1,2,5,30,1
14,0,14,15.1,0,0,21,3,5
13,3,13,10.2,1,2,13,99,4
13,6,13,21.9,0,0,10,22,11
11,4,11,24.4,0,0,0,9,5
8,5,8,15.4,0,1,0,4,5
8,0,8,12.9,0,0,0,10,6
1,0,1,10.5,0,0,16,32,14
10,3,10,10.8,0,0,5,12,1
13,6,13,18.4,0,0,0,9,6
19,1,19,24.3,0,0,14,19,12
4,0,4,14.3,0,0,14,19,16
20,5,20,22.2,0,1,0,8,5
5,3,5,18.9,0,0,0,13,6
8,5,8,21.6,0,1,0,29,6
13,3,13,28.1,0,1,4,20,4
5,5,5,15.5,0,0,4,5,4
4,0,4,3.5,0,0,2,2,8
0,6,0,17.2,0,0,0,19,0
18,4,18,31.2,0,1,0,12,6
4,4,4,14.7,0,0,0,13,6
5,1,5,10.0,0,0,0,5,6
16,6,16,18.6,0,0,4,18,5
8,6,8,6.7,0,0,0,12,6
11,4,11,22.9,0,1,4,10,4
13,1,13,21.1,0,0,0,12,5
15,1,15,14.4,0,0,0,44,5
1,0,1,11.7,0,0,2,2,8
10,0,10,20.0,0,1,5,14,1
20,5,20,10.4,0,0,0,16,0
8,4,8,11.1,0,0,0,29,6
18,2,18,22.6,0,0,30,19,15
12,0,12,23.8,0,0,0,5,5
21,4,21,6.6,0,0,0,29,6
1,3,1,7.1,0,0,0,1,7
8,0,8,21.3,0,0,5,10,1
7,0,7,13.6,0,1,0,7,5
7,0,7,13.6,0,1,20,7,15
0,1,0,15.4,0,0,13,6,5
12,3,12,18.8,0,0,24,63,15
22,4,22,21.7,0,1,15,19,13
14,3,14,17.6,0,0,0,29,6
9,6,9,8.2,0,0,21,3,5
19,4,19,25.4,0,1,0,31,6
13,6,13,22.1,0,0,9,21,11
23,4,23,6.8,1,2,2,2,8
21,2,21,22.7,0,1,21,3,5
9,6,9,18.9,0,0,13,6,6
8,1,8,11.6,0,1,0,12,5
12,5,12,13.7,0,0,0,5,6
13,6,13,22.2,0,1,12,27,0
8,4,8,6.6,0,0,7,20,36
15,0,15,24.2,0,0,13,4,5
4,4,4,16.4,0,0,10,22,11
16,2,16,25.3,0,0,12,27,0
1,0,1,9.2,0,0,2,2,8
21,4,21,18.0,0,0,13,6,4
4,2,4,1.6,0,0,0,8,6
9,0,9,10.2,0,0,0,9,6
7,2,7,9.1,0,0,5,10,1
5,5,5,14.6,0,0,0,5,6
3,0,3,5.1,0,0,3,3,3
15,6,15,23.5,0,0,20,19,15
15,0,15,30.3,0,1,0,20,5
1,3,1,19.3,0,0,0,6,6
16,6,16,21.0,0,0,4,20,4
14,4,14,19.8,0,0,4,6,4
8,4,8,5.6,0,0,0,9,6
23,1,23,9.9,0,0,0,36,0
17,1,17,17.9,0,0,0,12,6
22,6,22,19.5,0,1,17,33,15
13,0,13,14.9,0,0,5,10,1
15,3,15,17.4,0,0,13,4,6
14,4,14,27.3,0,0,20,19,15
4,1,4,6.2,0,0,2,2,8
16,6,16,16.1,0,0,0,1,7
3,4,3,13.1,0,0,2,2,2
8,1,8,1.6,0,0,0,9,6
17,1,17,28.5,0,0,14,19,16
9,3,9,25.2,0,1,0,12,5
1,6,1,16.4,0,0,2,2,8
16,4,16,19.7,0,0,4,9,4
6,6,6,13.6,0,1,4,23,4
10,1,10,9.7,0,0,28,7,0
6,6,6,3.1,0,0,5,6,4
16,0,16,16.7,0,0,0,20,6
12,3,12,23.5,0,0,23,43,0
14,2,14,29.2,0,1,4,17,5
16,6,16,28.5,0,0,13,6,6
16,6,16,21.1,0,0,0,22,0
10,1,10,9.7,0,0,5,10,1
12,4,12,24.1,0,0,4,18,5
17,5,17,26.2,0,0,0,18,5
8,1,8,4.8,0,0,0,7,6
18,2,18,29.2,0,1,0,12,6
17,5,17,18.5,0,0,4,13,4
23,1,23,8.1,0,0,0,35,7
19,3,19,29.1,0,1,4,13,1
19,4,19,7.9,0,0,0,22,0
20,1,20,23.0,0,0,0,31,6
5,5,5,20.1,0,0,4,23,5
18,0,18,24.5,0,0,13,5,5
4,1,4,5.6,0,0,0,23,6
14,5,14,27.1,0,0,0,12,5
8,3,8,5.0,0,0,0,30,5
7,6,7,10.1,0,0,0,11,5
19,3,19,8.7,1,2,25,51,22
7,3,7,9.7,0,0,0,9,6
23,1,23,17.5,0,0,0,10,5
7,5,7,13.9,0,1,0,12,5
17,1,17,28.8,0,1,0,7,5
15,5,15,30.2,0,0,5,23,4
11,6,11,24.5,0,0,18,34,51
11,5,11,25.3,0,1,0,29,5
9,6,9,7.3,0,0,4,12,5
7,0,7,7.8,0,0,0,12,5
5,6,5,1.8,0,0,0,10,6
16,0,16,29.8,0,1,6,18,8
5,6,5,2.1,0,0,21,3,5
16,2,16,15.8,0,0,21,3,0
16,3,16,14.4,0,0,0,18,5
18,3,18,32.7,0,1,27,83,38
16,4,16,26.7,0,0,0,30,5
14,5,14,14.3,0,0,5,26,4
11,2,11,8.4,0,0,13,6,6
17,5,17,29.0,0,1,0,10,6
19,0,19,16.1,1,2,0,12,5
7,0,7,13.1,0,1,0,12,6
4,2,4,4.3,0,0,0,5,6
8,2,8,18.4,0,0,0,8,5
10,0,10,20.4,0,1,7,16,9
7,6,7,13.6,0,0,0,6,0
7,0,7,6.0,0,0,4,13,1
6,3,6,7.0,0,0,0,31,6
4,3,4,9.8,0,0,2,2,8
7,5,7,3.9,0,0,0,10,6
10,4,10,12.4,0,0,5,24,1
8,0,8,1.6,0,0,0,4,5
9,6,9,20.4,0,1,0,15,7
18,2,18,29.2,0,0,5,23,1
8,3,8,11.6,0,1,20,7,15
20,5,20,12.4,0,0,5,3,1
8,3,8,13.0,0,0,0,16,0
7,1,7,11.0,0,0,0,12,6
6,0,6,0.0,0,0,4,18,5
20,0,20,11.4,0,0,0,26,6
7,0,7,12.7,0,1,0,11,6
5,3,5,14.3,0,0,4,5,4
13,3,13,27.7,0,1,0,23,5
12,2,12,27.3,0,1,0,8,6
6,1,6,6.7,0,0,5,7,1
22,2,22,3.8,0,0,16,32,14
4,3,4,7.7,0,0,5,5,4
7,0,7,13.2,0,0,0,6,0
14,4,14,11.4,0,0,14,19,16
21,1,21,17.1,0,0,21,3,5
14,5,14,29.5,0,1,0,29,5
16,3,16,15.1,0,0,21,3,0
0,1,0,18.0,0,0,18,34,11
5,1,5,6.6,0,0,0,31,5
13,6,13,28.0,0,1,0,48,5
13,0,13,26.6,0,0,0,9,6
19,6,19,16.8,0,0,5,18,1
23,4,23,26.1,0,1,18,34,11
12,0,12,23.4,0,0,0,28,5
10,5,10,8.0,0,0,0,6,7
4,6,4,15.5,0,0,0,31,5
10,5,10,23.0,0,0,0,31,6
17,6,17,10.7,0,0,0,18,5
1,2,1,18.6,0,0,0,1,7
16,1,16,26.6,0,1,0,7,5
7,0,7,14.3,0,1,0,11,5
7,1,7,1.8,0,0,0,7,6
15,4,15,29.1,0,1,20,19,15
23,1,23,8.1,0,0,0,15,7
8,4,8,18.6,0,0,0,12,6
19,6,19,28.3,0,0,0,48,5
19,2,19,11.6,0,0,13,6,6
16,6,16,16.9,0,0,0,18,5
13,3,13,29.2,0,0,5,5,1
5,4,5,3.8,0,0,0,9,6
15,1,15,20.8,0,0,0,13,6
18,1,18,27.1,0,0,0,12,6
6,5,6,6.0,0,0,0,29,5
13,3,13,26.9,0,0,10,22,11
6,4,6,8.5,0,0,5,18,1
12,1,12,16.9,0,0,0,12,5
17,6,17,17.5,0,0,5,12,4
4,6,4,2.6,0,0,5,4,1
8,6,8,18.3,0,1,0,18,5
8,5,8,1.6,0,0,0,9,6
11,6,11,8.0,0,0,20,19,15
16,5,16,16.9,0,0,0,31,6
11,6,11,18.3,0,1,5,10,4
11,2,11,11.0,0,0,5,41,1
9,5,9,20.7,0,1,0,29,5
1,2,1,16.4,0,0,0,46,0
13,5,13,13.7,0,0,0,3,5
15,3,15,27.8,0,1,0,12,6
7,6,7,8.9,0,0,0,25,6
21,0,21,18.0,0,0,5,9,4
1,5,1,18.8,0,0,0,6,5
15,6,15,28.3,0,0,5,62,1
9,4,9,17.1,0,1,0,25,5
6,5,6,9.9,0,0,0,3,5
5,3,5,8.9,0,0,5,3,4
20,3,20,9.6,0,0,0,22,0
19,1,19,32.5,0,1,0,12,6
16,5,16,30.2,0,1,0,3,6
16,1,16,10.5,0,0,0,1,7
13,1,13,9.7,1,2,0,18,5
16,6,16,19.0,0,0,4,9,4
7,4,7,10.4,0,0,0,29,6
18,1,18,27.4,0,0,13,6,6
18,5,18,22.6,0,0,5,13,1
4,6,4,12.2,0,0,0,5,5
15,5,15,24.4,0,1,0,4,5
13,0,13,24.5,0,1,0,12,6
10,3,10,8.5,0,0,14,19,12
11,3,11,11.3,0,0,0,24,5
15,2,15,28.9,0,0,7,67,24
15,4,15,15.2,0,1,13,6,6
11,3,11,10.5,0,0,0,12,6
5,0,5,12.8,0,0,21,3,5
11,1,11,12.9,0,0,7,20,18
23,1,23,12.9,0,0,5,6,1
9,2,9,15.1,0,0,0,18,5
16,6,16,10.0,0,0,21,3,0
9,5,9,9.6,0,0,15,19,7
9,1,9,14.0,0,0,0,15,7
16,5,16,29.4,0,1,0,24,6
10,1,10,15.8,0,0,0,9,6
12,3,12,20.8,0,0,4,18,1
18,2,18,12.6,0,0,0,6,5
8,3,8,13.2,0,0,5,10,1
21,2,21,15.5,0,0,21,3,5
14,6,14,27.8,0,1,6,18,8
12,4,12,27.2,0,1,0,7,5
13,5,13,31.6,0,1,0,23,5
6,3,6,4.5,0,0,0,55,5
23,4,23,7.7,0,0,4,29,1
8,2,8,4.4,0,0,21,3,5
10,3,10,17.5,0,1,0,28,5
18,4,18,24.1,0,0,0,23,6
21,3,21,19.6,0,0,0,22,0
13,6,13,18.6,0,0,9,21,11
6,0,6,0.3,0,0,4,9,5
10,4,10,7.5,0,0,20,19,15
12,1,12,15.6,0,0,0,5,5
5,2,5,16.2,0,0,0,9,5
13,5,13,15.3,0,0,0,6,6
6,6,6,11.9,0,0,0,55,5
0,0,0,12.0,0,0,16,32,14
11,2,11,10.3,0,0,10,22,11
23,3,23,8.8,0,0,6,18,8
20,6,20,9.3,0,0,5,3,1
21,3,21,15.0,0,0,0,22,0
21,3,21,10.5,0,0,10,38,10
18,4,18,30.3,0,0,0,62,5
13,1,13,27.0,0,0,2,2,2
14,3,14,24.8,0,0,0,29,6
12,3,12,11.7,0,0,0,5,6
4,3,4,12.4,0,0,0,26,5
15,1,15,12.4,0,0,21,71,5
14,3,14,21.6,0,0,0,41,5
14,4,14,24.7,0,1,5,14,1
18,5,18,7.3,0,0,0,25,5
12,1,12,11.1,0,0,5,29,4
8,4,8,8.0,0,0,4,39,1
11,4,11,24.5,0,0,0,12,5
19,5,19,26.1,0,0,0,29,6
21,2,21,12.5,0,0,0,31,6
5,3,5,12.9,0,0,0,100,6
6,2,6,6.5,0,0,21,3,5
7,6,7,4.8,0,0,0,7,5
4,1,4,11.0,0,0,0,23,5
20,0,20,15.9,0,0,5,10,4
6,6,6,8.6,0,0,8,19,10
8,5,8,10.4,0,0,6,18,27
18,0,18,29.5,0,0,5,23,4
6,4,6,14.8,0,0,1,56,14
12,1,12,23.2,0,1,0,29,5
18,5,18,28.2,0,1,13,6,6
21,1,21,18.2,0,0,21,3,5
5,1,5,5.7,0,0,0,40,5
11,5,11,18.9,0,0,0,13,6
15,3,15,26.8,0,1,25,51,21
11,6,11,15.4,0,0,8,19,10
11,3,11,21.2,0,0,20,7,15
6,3,6,11.6,0,0,5,10,4
7,5,7,15.2,0,1,5,18,5
23,0,23,17.1,0,0,0,31,6
8,4,8,15.4,0,1,0,3,7
6,1,6,13.4,0,1,0,9,6
12,1,12,25.1,0,1,0,5,6
5,2,5,11.6,0,0,21,3,5
21,2,21,8.8,0,0,15,19,7
20,2,20,17.1,0,0,5,6,1
22,2,22,19.3,0,1,0,8,6
18,0,18,24.3,0,0,21,3,0
23,3,23,14.7,0,0,0,35,0
14,0,14,11.6,0,0,5,10,1
5,3,5,0.7,0,0,0,9,6
4,6,4,16.0,0,0,0,3,5
12,5,12,17.8,0,0,0,6,0
16,4,16,16.4,0,0,5,5,4
23,6,23,23.3,0,1,17,33,15
17,6,17,19.7,0,0,0,13,6
9,0,9,14.6,0,0,5,14,1
9,5,9,21.7,0,0,0,3,6
10,6,10,16.8,0,0,8,19,10
9,6,9,16.1,0,1,0,14,5
14,6,14,12.2,0,0,0,12,6
5,6,5,6.4,0,0,0,5,6
15,0,15,29.9,0,1,6,18,8
10,4,10,13.6,0,0,25,51,22
10,6,10,9.3,0,0,0,20,6
5,2,5,8.1,0,0,0,9,6
0,4,0,3.3,0,0,13,6,4
11,3,11,22.1,0,1,0,29,5
19,3,19,22.7,0,0,5,12,1
2,1,2,16.1,0,0,2,2,2
11,4,11,17.8,0,0,28,7,0
18,5,18,15.8,0,0,0,25,6
4,3,4,7.7,0,0,2,2,8
5,3,5,10.5,0,0,14,19,15
7,1,7,3.4,0,0,4,9,1
13,5,13,28.8,0,0,0,25,6
18,0,18,16.3,1,2,4,4,5
4,6,4,18.3,0,0,0,8,5
22,6,22,13.7,0,0,0,26,6
12,4,12,26.2,0,0,2,2,2
18,4,18,6.5,0,0,4,9,4
6,5,6,1.0,0,0,1,1,7
12,5,12,20.5,0,0,4,54,1
22,5,22,11.3,0,0,5,3,4
19,6,19,25.6,0,0,13,5,5
15,1,15,29.2,0,0,5,12,1
12,6,12,20.7,0,1,0,5,6
0,5,0,6.5,1,2,4,44,5
10,6,10,6.8,0,0,0,6,0
7,6,7,7.4,0,0,0,11,6
5,1,5,8.5,0,0,4,31,4
16,1,16,31.5,0,0,0,9,6
13,4,13,24.7,0,0,23,43,0
11,5,11,24.8,0,0,0,9,5
7,6,7,14.4,0,1,21,3,5
12,3,12,22.6,0,0,0,28,6
12,1,12,14.2,0,0,0,9,6
15,2,15,24.8,0,0,0,3,5
6,4,6,4.2,0,0,4,18,1
13,1,13,10.7,0,0,5,6,1
15,0,15,9.9,0,0,4,30,5
10,6,10,16.8,0,1,0,12,6
0,6,0,8.1,0,0,2,2,8
13,2,13,25.5,0,1,0,12,5
15,5,15,19.4,0,0,0,29,6
11,3,11,22.6,0,1,0,12,6
17,6,17,20.4,0,0,0,5,6
23,4,23,17.6,0,0,0,19,0
7,3,7,8.3,0,0,21,3,14
13,4,13,15.5,0,0,9,21,11
15,3,15,29.4,0,1,0,5,6
13,3,13,18.6,1,2,4,12,1
19,5,19,26.2,0,0,0,13,6
11,1,11,18.5,0,0,0,19,7
12,0,12,15.1,0,0,5,12,1
12,3,12,21.9,0,0,6,18,8
16,2,16,24.9,0,0,4,9,1
23,3,23,17.6,0,1,0,35,0
3,1,3,11.6,0,0,20,7,15
8,4,8,11.7,0,0,4,39,1
4,4,4,8.2,0,0,0,40,5
14,5,14,22.8,0,0,30,1,15
23,3,23,15.3,0,0,19,15,7
1,4,1,17.8,0,0,0,46,0
21,6,21,15.6,0,0,0,30,5
11,3,11,13.7,0,0,0,16,0
11,5,11,15.4,0,0,0,41,5
19,5,19,20.1,0,1,0,26,5
5,1,5,5.6,0,0,0,10,6
6,2,6,4.3,0,0,4,9,4
8,3,8,7.2,0,0,6,18,27
19,6,19,27.7,0,0,5,18,1
9,1,9,9.3,0,0,7,67,24
13,6,13,28.6,0,1,10,22,11
6,5,6,1.6,0,0,4,9,4
10,3,10,16.5,0,1,0,24,5
9,3,9,18.9,0,1,4,4,4
1,2,1,12.6,0,0,20,19,15
12,3,12,28.8,0,0,0,5,5
14,4,14,25.0,0,0,0,10,5
5,1,5,6.0,0,0,21,3,5
16,5,16,30.7,0,1,4,5,5
5,2,5,8.7,0,0,4,13,1
13,6,13,27.9,0,1,12,27,0
5,4,5,8.2,0,0,0,9,6
5,2,5,5.7,0,0,4,9,5
18,3,18,26.3,0,1,0,12,6
12,0,12,14.3,0,0,0,29,6
1,2,1,4.8,0,0,0,6,6
1,2,1,13.5,0,0,1,1,1
20,6,20,19.2,0,0,0,10,5
14,6,14,15.6,0,0,1,1,1
18,4,18,20.7,0,0,0,18,5
15,3,15,28.5,0,1,0,44,5
17,0,17,32.8,0,1,6,18,8
8,1,8,12.3,0,1,21,3,5
12,3,12,17.1,1,2,4,64,4
16,1,16,22.8,0,0,4,20,4
16,4,16,28.5,0,1,0,4,5
10,4,10,9.9,0,0,0,14,5
14,3,14,14.7,0,0,0,13,5
22,0,22,6.7,0,0,10,22,11
6,5,6,1.3,0,0,5,6,1
16,6,16,28.5,0,1,0,7,6
16,4,16,27.3,0,0,0,1,7
9,0,9,22.7,0,1,0,13,6
1,0,1,10.2,0,0,0,46,0
4,3,4,5.5,0,0,0,13,6
14,2,14,24.2,0,0,4,13,4
9,3,9,11.0,1,2,0,31,6
8,1,8,7.1,0,0,5,10,1
9,2,9,11.2,0,0,5,14,1
22,2,22,8.7,0,0,6,7,27
7,0,7,5.3,0,0,0,12,6
7,5,7,12.9,0,1,0,7,5
1,4,1,4.7,0,0,0,0,0
5,2,5,12.7,0,0,4,5,1
12,1,12,22.8,0,0,5,10,1
6,5,6,10.7,0,0,21,3,5
21,2,21,20.0,0,1,21,3,5
5,3,5,2.0,0,0,0,55,5
19,1,19,21.2,0,0,5,30,1
15,6,15,16.0,0,0,5,62,1
1,1,1,17.7,0,0,20,19,15
21,1,21,22.7,0,1,0,3,5
5,1,5,5.7,0,0,4,5,4
1,5,1,4.0,0,0,2,2,8
21,6,21,11.3,0,0,0,7,6
11,5,11,12.8,0,1,10,22,11
0,4,0,8.4,0,0,0,15,7
21,0,21,18.5,0,1,15,19,7
8,1,8,9.6,0,0,0,30,6
5,6,5,13.4,0,0,2,2,8
14,6,14,10.3,0,0,5,24,4
4,1,4,3.9,0,0,21,3,5
9,1,9,17.2,0,0,0,17,5
13,2,13,18.3,0,0,0,18,5
9,5,9,11.5,0,0,25,51,23
15,1,15,20.4,0,0,0,25,5
8,2,8,11.9,0,1,0,4,5
7,5,7,9.3,0,0,0,12,6
17,0,17,27.6,0,0,20,19,15
12,5,12,30.0,0,1,9,21,13
11,3,11,27.9,0,0,0,20,5
13,0,13,20.9,0,0,0,9,6
11,6,11,9.8,0,0,0,31,6
13,2,13,25.7,0,0,0,29,6
8,0,8,1.0,0,0,4,23,1
5,1,5,5.2,0,0,4,5,4
0,4,0,19.7,0,0,0,1,10
18,4,18,27.3,0,1,0,18,5
5,4,5,8.7,0,0,0,5,6
12,5,12,20.3,0,1,0,6,5
14,3,14,24.0,0,0,10,22,11
18,6,18,11.5,0,0,0,12,6
6,3,6,10.0,0,0,4,18,1
17,2,17,20.0,0,0,0,9,6
19,5,19,7.1,0,0,0,22,0
11,5,11,10.2,0,0,0,19,0
18,5,18,31.0,0,1,0,20,5
4,4,4,6.1,0,0,0,31,5
5,4,5,14.6,0,0,8,1,10
15,2,15,30.0,0,1,0,29,6
20,2,20,14.7,0,0,0,31,5
15,2,15,19.8,0,0,5,29,1
13,2,13,8.7,0,0,0,3,5
4,1,4,17.1,0,0,0,23,5
5,2,5,3.5,0,0,4,6,4
8,2,8,3.2,0,0,6,18,17
5,1,5,12.8,0,0,4,4,5
16,4,16,16.0,0,0,21,3,0
7,3,7,4.5,0,0,5,10,1
14,0,14,8.3,0,0,13,6,6
12,2,12,14.4,0,0,0,29,6
17,6,17,13.2,0,0,0,28,6
16,5,16,25.9,0,0,0,26,6
4,3,4,8.7,0,0,5,9,4
11,3,11,13.1,0,0,0,16,0
8,2,8,8.5,0,0,0,12,6
16,2,16,19.3,0,0,13,6,4
1,3,1,2.6,0,0,2,2,8
17,4,17,16.1,0,0,0,28,6
11,0,11,23.1,0,1,0,14,5
16,3,16,10.3,0,0,0,1,7
13,1,13,16.5,0,0,0,7,5
4,0,4,12.6,0,0,0,26,5
14,6,14,29.5,0,1,0,23,5
21,3,21,19.8,0,0,26,58,7
12,1,12,27.8,0,1,4,54,1
5,0,5,10.5,0,0,4,5,4
5,6,5,10.9,0,0,5,4,1
18,3,18,24.6,0,0,0,23,6
5,5,5,12.8,0,0,5,5,4
5,5,5,14.6,0,0,4,1,1
12,1,12,17.3,0,0,0,29,6
12,1,12,19.9,0,0,0,9,5
23,4,23,17.7,0,0,0,19,0
22,3,22,15.5,0,0,0,3,6
20,6,20,21.0,0,0,5,30,1
9,4,9,24.0,0,1,0,15,7
16,5,16,26.0,0,0,0,13,5
13,1,13,10.6,0,0,12,27,0
11,1,11,24.4,0,0,0,28,5
23,6,23,7.4,0,0,0,36,7
11,3,11,22.5,0,1,5,13,1
2,5,2,3.7,0,0,2,2,2
7,3,7,5.4,0,0,0,20,5
18,1,18,24.4,0,0,0,18,5
7,1,7,10.1,0,1,0,7,5
4,5,4,8.1,0,0,0,1,7
9,4,9,24.7,0,1,0,20,5
17,3,17,25.9,0,0,4,9,1
22,6,22,6.3,0,0,0,8,6
14,1,14,13.6,0,0,5,10,4
20,5,20,13.8,0,0,0,3,5
20,6,20,8.4,0,0,0,31,5
11,2,11,16.9,0,0,0,20,6
10,5,10,22.5,0,0,4,13,1
17,5,17,15.6,0,0,0,12,6
9,6,9,13.6,0,0,0,8,6
23,0,23,17.1,0,1,17,33,15
8,1,8,17.4,0,1,0,18,5
21,6,21,19.3,0,0,0,3,6
1,1,1,14.8,0,0,2,2,8
10,0,10,21.6,0,1,0,23,5
11,2,11,10.6,0,0,10,22,11
10,2,10,9.7,0,0,0,29,6
8,6,8,8.5,0,0,0,3,7
8,0,8,6.5,0,0,0,18,5
1,4,1,7.4,0,0,0,0,0
10,5,10,22.1,0,1,0,13,6
13,5,13,25.6,0,0,0,3,5
2,3,2,8.3,0,0,0,0,0
14,5,14,19.2,0,0,0,12,6
8,0,8,9.9,0,0,0,20,5
14,3,14,17.5,0,0,4,31,4
5,3,5,9.4,0,0,0,10,6
14,1,14,29.8,0,0,4,31,4
19,3,19,24.4,0,0,13,6,6
15,5,15,28.8,0,0,13,6,6
4,0,4,11.3,0,0,0,5,5
22,6,22,19.5,0,1,15,19,13
10,6,10,7.5,0,0,5,10,4
8,4,8,17.7,0,1,0,18,5
6,3,6,0.9,0,0,13,6,6
8,6,8,13.4,0,0,4,18,1
18,3,18,21.8,0,0,0,25,6
15,0,15,17.8,0,0,0,44,6
13,6,13,28.0,0,1,0,9,5
8,5,8,17.4,0,1,0,5,5
23,5,23,7.5,0,0,0,15,7
1,5,1,16.1,0,0,2,2,8
8,5,8,4.0,0,0,4,13,1
17,0,17,13.7,0,0,0,30,5
8,0,8,19.1,0,0,0,20,5
6,3,6,2.5,0,0,0,31,6
21,2,21,12.6,0,0,5,30,1
19,3,19,27.4,0,1,0,18,5
17,6,17,29.5,0,1,13,6,6
11,5,11,22.5,0,0,0,31,6
8,1,8,10.8,0,1,0,29,6
5,6,5,12.1,0,0,5,5,5
9,4,9,15.6,0,0,7,10,20
14,5,14,15.6,0,0,21,71,5
4,0,4,6.0,0,0,2,2,8
22,1,22,13.0,0,0,15,19,7
8,3,8,4.4,0,0,0,28,6
12,6,12,25.2,0,0,2,2,2
17,1,17,31.5,0,1,13,6,6
21,6,21,13.1,0,0,18,34,11
21,6,21,8.2,0,0,4,30,1
23,0,23,19.0,0,1,10,38,10
4,2,4,16.7,0,0,0,5,6
17,0,17,12.5,0,0,0,7,6
16,5,16,30.9,0,0,0,9,6
13,2,13,18.8,0,0,5,23,1
4,4,4,14.3,0,0,0,31,6
16,2,16,21.8,0,0,0,1,7
16,1,16,26.3,0,0,21,71,5
4,0,4,8.8,0,0,0,31,6
10,5,10,24.6,0,0,0,9,5
14,6,14,28.2,0,1,0,10,6
16,4,16,24.4,0,1,4,10,4
8,1,8,5.7,0,0,0,4,5
17,0,17,26.6,0,0,4,12,4
10,1,10,15.5,0,0,5,8,4
6,4,6,6.5,0,0,5,7,1
16,3,16,9.1,1,2,0,13,6
11,6,11,11.3,0,0,0,12,6
23,6,23,15.4,0,0,0,1,5
15,4,15,21.2,0,0,23,43,0
22,2,22,13.2,0,0,4,29,1
16,1,16,28.4,0,0,0,8,6
16,5,16,26.1,0,0,0,9,6
23,4,23,17.4,0,0,19,15,0
12,5,12,17.7,0,0,0,18,5
18,0,18,19.8,0,0,5,20,1
10,3,10,10.5,0,0,0,30,5
2,4,2,8.0,0,0,2,2,2
8,1,8,9.2,0,0,0,3,6
8,0,8,10.0,0,0,0,4,5
16,1,16,29.5,0,0,0,14,5
22,1,22,19.5,0,1,16,32,5
19,4,19,21.6,0,0,0,20,6
5,6,5,17.9,0,0,0,5,5
14,2,14,11.4,0,0,5,24,1
14,6,14,24.4,0,0,13,6,6
7,0,7,9.0,0,0,0,25,5
23,1,23,12.5,0,0,0,35,0
5,0,5,4.0,0,0,0,29,6
15,0,15,8.2,0,0,0,13,6
0,0,0,13.8,0,0,16,32,5
5,6,5,13.2,0,0,0,10,6
12,5,12,20.5,0,0,0,5,6
13,1,13,21.1,0,0,2,2,2
9,1,9,17.3,0,1,4,4,4
23,4,23,11.6,0,0,6,18,8
21,3,21,20.5,0,1,0,10,6
5,1,5,13.7,0,0,0,40,5
15,3,15,13.4,0,0,20,19,15
7,4,7,12.5,0,1,0,41,5
2,3,2,12.9,0,0,7,10,24
15,6,15,24.7,0,0,4,23,1
18,5,18,28.2,0,0,0,31,6
5,6,5,16.1,0,0,0,23,5
16,3,16,29.3,1,0,0,53,5
1,3,1,17.3,0,0,2,2,8
1,5,1,6.4,1,2,5,29,4
5,5,5,5.7,0,0,4,23,4
5,3,5,19.0,0,0,4,5,1
12,1,12,17.7,0,0,5,10,4
4,1,4,4.7,0,0,0,40,5
17,5,17,25.1,0,0,7,14,43
17,6,17,23.7,0,0,4,45,1
19,5,19,15.1,0,0,0,26,5
21,5,21,20.0,0,0,0,3,5
23,4,23,17.8,0,1,17,33,15
5,2,5,12.8,0,0,4,5,4
18,6,18,11.8,0,0,5,12,1
9,2,9,6.8,0,0,5,12,4
19,5,19,15.2,0,0,0,29,6
19,5,19,25.1,0,0,5,30,1
8,6,8,2.2,0,0,4,39,1
16,2,16,34.0,0,1,0,28,5
12,1,12,27.9,0,0,24,63,15
13,3,13,22.1,0,0,13,6,6
15,6,15,22.2,0,1,0,12,5
9,5,9,18.8,0,0,22,2,15
16,5,16,17.8,0,0,0,14,5
15,2,15,11.6,0,0,4,30,1
14,3,14,23.9,0,0,0,29,6
15,6,15,11.4,0,0,6,18,27
10,6,10,9.4,0,0,28,7,0
8,2,8,8.0,0,0,0,3,6
8,2,8,18.0,0,0,22,19,15
16,4,16,28.3,0,1,4,30,5
17,1,17,28.8,0,1,5,12,1
18,2,18,12.4,0,0,4,45,1
8,0,8,19.5,0,0,0,25,5
11,1,11,12.8,0,0,10,22,11
9,0,9,5.3,0,0,0,12,5
14,6,14,11.5,0,0,0,20,5
16,0,16,24.8,0,0,0,20,6
5,1,5,5.5,0,0,0,40,5
0,2,0,16.6,0,0,0,1,7
8,5,8,13.7,0,1,14,19,16
10,3,10,16.6,0,0,0,11,6
6,0,6,1.7,0,0,25,51,22
21,4,21,12.2,0,0,0,13,6
1,5,1,14.0,0,0,2,2,8
13,4,13,15.7,0,0,6,18,17
21,6,21,8.6,0,0,0,26,6
18,1,18,4.0,0,0,4,13,4
5,0,5,7.5,0,0,13,6,6
7,2,7,7.6,0,0,0,12,6
16,2,16,24.7,0,0,0,12,6
11,0,11,15.8,0,0,5,10,1
8,4,8,12.0,0,0,0,4,5
13,5,13,19.5,0,0,13,99,1
14,1,14,26.1,0,0,0,11,6
2,5,2,10.5,0,0,7,10,24
15,3,15,29.4,0,1,0,3,5
7,4,7,3.2,0,0,22,19,15
16,0,16,16.2,0,0,0,29,5
5,0,5,8.3,0,0,4,4,4
23,3,23,13.7,0,0,5,6,1
7,3,7,1.7,0,0,0,9,6
10,0,10,14.1,0,0,0,20,6
17,5,17,29.8,0,0,4,13,4
7,2,7,12.7,0,0,0,12,6
23,0,23,7.5,0,0,0,35,7
5,2,5,5.3,0,0,4,6,4
23,5,23,9.0,0,0,15,19,7
8,6,8,1.0,0,0,0,20,5
10,2,10,12.4,0,0,0,4,5
22,5,22,4.9,0,0,13,6,6
5,3,5,15.5,0,0,4,1,1
20,0,20,25.0,0,1,0,10,5
15,2,15,15.5,0,0,13,4,5
17,6,17,15.7,0,0,0,20,6
0,3,0,23.5,0,0,5,6,1
7,5,7,19.3,0,1,0,12,6
7,3,7,17.3,0,1,13,6,6
11,4,11,9.5,0,0,0,25,6
10,0,10,11.5,0,0,5,24,4
7,5,7,12.5,0,0,0,13,6
11,3,11,17.7,0,0,0,9,6
13,0,13,14.2,0,0,5,7,1
4,1,4,4.9,0,0,2,2,8
14,5,14,29.8,0,0,4,29,1
10,5,10,4.8,0,0,5,10,4
11,2,11,11.0,0,0,0,12,5
5,4,5,12.3,0,0,5,5,4
20,2,20,6.7,0,0,4,9,4
8,2,8,13.5,0,0,0,4,5
1,6,1,4.5,0,0,2,2,8
10,6,10,11.9,0,0,5,10,1
4,2,4,9.9,0,0,0,9,6
7,1,7,15.5,0,0,0,12,5
15,4,15,17.3,0,0,13,6,6
11,6,11,22.2,0,1,0,12,6
5,6,5,15.8,0,0,0,9,6
5,4,5,1.9,0,0,5,3,4
16,3,16,34.1,0,1,0,4,5
12,6,12,27.6,0,1,9,21,13
12,6,12,10.5,0,0,0,12,6
21,3,21,14.9,0,1,0,8,5
9,6,9,14.2,0,0,0,3,5
1,0,1,11.8,0,0,0,46,0
4,0,4,14.2,0,0,0,26,5
12,2,12,16.7,0,0,0,25,5
23,6,23,11.2,0,0,15,19,7
5,3,5,6.1,0,0,0,7,6
15,3,15,27.5,0,0,0,5,6
7,6,7,14.0,0,1,13,6,6
8,6,8,0.0,0,0,0,5,6
4,6,4,4.1,0,0,0,26,5
23,3,23,9.3,1,2,0,31,6
9,3,9,10.7,0,0,28,7,0
1,3,1,10.8,0,0,13,6,6
10,6,10,12.9,0,0,0,24,5
23,3,23,12.3,0,0,0,36,7
18,6,18,23.2,0,0,0,20,6
1,5,1,17.0,0,0,14,19,12
19,0,19,23.8,0,0,13,5,5
17,2,17,30.0,0,1,0,30,5
23,3,23,16.8,0,0,0,19,0
13,3,13,27.1,0,1,12,27,0
19,6,19,21.1,0,0,6,18,8
23,0,23,5.0,0,0,0,35,7
7,4,7,6.9,0,0,0,7,6
11,6,11,15.2,0,0,0,6,6
6,5,6,11.2,0,1,21,3,5
14,4,14,20.6,0,0,21,71,5
5,3,5,6.4,0,0,0,13,5
18,3,18,9.3,0,0,0,18,5
9,0,9,20.6,0,0,5,14,1
5,4,5,14.5,0,0,4,4,4
1,6,1,20.3,0,0,0,0,0
1,2,1,15.9,0,0,0,46,0
0,1,0,20.3,0,0,0,0,0
4,0,4,4.0,0,0,0,8,6
11,2,11,21.3,0,0,0,10,6
18,6,18,10.3,0,0,4,64,5
14,1,14,17.3,0,0,0,24,5
1,0,1,13.0,0,0,0,0,0
22,6,22,16.8,0,1,15,37,7
13,3,13,23.8,0,1,0,7,6
15,3,15,26.7,0,0,0,12,5
11,2,11,15.4,0,1,6,18,8
16,3,16,17.6,0,0,1,1,1
10,6,10,8.8,0,0,0,23,6
19,4,19,22.6,0,0,0,10,5
20,0,20,20.2,0,0,0,26,5
21,2,21,16.5,0,1,0,10,6
20,0,20,25.3,0,0,5,6,1
8,3,8,3.1,0,0,0,28,6
16,6,16,25.4,0,0,20,19,15
13,5,13,29.6,0,0,0,62,5
4,0,4,4.5,0,0,5,5,4
5,5,5,1.4,0,0,4,5,4
10,1,10,9.7,0,0,0,29,5
13,5,13,17.1,0,0,4,7,1
16,0,16,14.6,0,0,21,3,0
22,3,22,16.8,0,0,15,19,13
9,6,9,19.5,0,1,0,12,5
8,5,8,3.9,0,0,4,13,4
11,0,11,14.4,0,0,5,10,4
8,4,8,17.5,0,0,4,39,1
9,6,9,7.7,0,0,0,11,6
11,6,11,13.1,0,0,10,22,11
13,1,13,16.3,0,0,9,21,11
8,0,8,14.1,0,1,0,7,6
10,4,10,8.4,0,0,0,16,7
12,1,12,20.0,0,0,9,21,11
18,3,18,27.1,0,0,21,3,0
20,6,20,12.2,0,0,0,10,6
9,5,9,8.4,0,0,0,69,0
18,5,18,26.2,0,1,0,12,6
13,4,13,14.1,0,0,4,10,5
18,6,18,9.8,0,0,0,20,5
5,3,5,2.8,0,0,20,7,15
8,4,8,3.5,0,0,5,10,1
14,2,14,27.1,0,1,4,17,1
21,0,21,20.2,0,1,4,10,5
9,0,9,5.2,0,0,0,12,5
10,2,10,14.5,0,0,0,20,6
12,5,12,23.6,0,1,10,38,10
12,0,12,25.4,0,1,50,9,15
16,3,16,28.0,0,0,0,31,6
20,2,20,8.7,0,0,18,34,11
23,2,23,15.8,0,1,10,38,10
22,2,22,9.3,0,0,13,6,4
0,2,0,21.0,0,0,0,36,0
16,6,16,24.1,0,0,4,31,4
4,4,4,16.1,0,0,0,31,5
14,0,14,15.0,0,0,0,3,5
7,0,7,14.4,0,1,4,9,5
12,6,12,26.3,0,1,0,11,5
10,4,10,21.8,0,0,7,67,24
11,1,11,13.1,0,0,0,19,0
5,3,5,8.5,0,0,5,5,4
15,1,15,20.5,0,0,4,13,1
15,5,15,19.4,0,0,0,13,6
20,5,20,16.8,0,0,5,6,1
16,5,16,31.7,0,0,4,12,5
12,5,12,16.0,0,0,4,29,4
12,2,12,8.9,0,0,0,31,6
16,5,16,26.5,0,0,0,7,5
4,3,4,7.2,0,0,5,5,4
16,6,16,18.7,0,0,4,10,1
11,3,11,8.8,0,0,6,30,19
6,1,6,5.4,0,0,0,9,6
17,2,17,15.2,0,0,0,6,0
17,4,17,30.3,0,0,0,12,5
14,5,14,16.8,0,0,13,99,6
0,3,0,21.4,0,0,15,37,7
6,3,6,12.9,0,0,5,10,4
12,1,12,22.9,0,1,39,7,5
15,3,15,14.3,0,0,0,29,5
9,6,9,8.7,0,0,21,3,5
23,1,23,18.3,0,0,14,19,16
15,3,15,14.1,0,0,0,31,6
7,6,7,11.6,0,0,4,12,1
19,6,19,24.2,0,0,13,6,5
8,2,8,17.0,0,0,0,16,0
5,4,5,14.5,0,0,4,5,4
8,6,8,21.8,0,0,0,8,6
15,6,15,29.3,0,1,0,3,5
14,6,14,17.1,0,0,0,29,6
21,2,21,10.6,0,0,5,10,1
6,6,6,16.3,0,1,0,31,6
7,2,7,3.8,0,0,0,9,5
23,2,23,20.3,0,1,10,38,10
23,5,23,20.1,0,1,19,15,0
12,5,12,16.6,0,0,20,19,15
16,5,16,29.2,0,1,0,30,5
16,1,16,18.6,0,0,0,13,6
3,4,3,15.6,0,0,24,7,15
8,5,8,12.3,0,1,4,20,4
5,4,5,5.9,0,0,0,5,6
17,0,17,21.0,0,0,13,6,6
7,4,7,10.2,0,0,0,12,6
20,5,20,27.1,0,1,4,18,1
1,2,1,13.2,0,0,2,2,8
7,0,7,6.9,0,0,0,12,6
13,3,13,27.9,0,1,0,29,5
13,1,13,18.2,0,0,5,13,1
17,3,17,15.3,0,0,0,12,6
13,3,13,10.9,0,0,5,12,1
13,4,13,26.6,0,0,5,7,1
15,1,15,17.7,0,0,0,18,5
8,4,8,8.7,0,0,0,6,6
6,2,6,16.3,0,1,20,19,15
5,3,5,14.9,0,0,4,4,4
15,2,15,21.7,0,0,4,30,5
16,1,16,19.4,0,0,13,6,4
10,6,10,17.2,0,0,0,18,5
8,4,8,15.6,0,1,0,12,6
17,1,17,27.0,0,0,0,6,0
12,1,12,19.4,0,0,5,20,1
14,1,14,14.2,0,0,0,14,5
20,6,20,8.4,0,0,0,7,5
14,6,14,27.6,0,1,6,18,8
0,4,0,15.0,0,0,0,1,10
1,4,1,13.5,0,0,0,46,0
8,6,8,17.7,0,0,0,26,6
0,5,0,8.1,0,0,1,1,1
8,1,8,9.1,0,0,0,25,5
21,5,21,6.3,0,0,10,38,10
1,3,1,8.6,0,0,0,0,0
14,3,14,18.9,0,0,25,51,21
16,3,16,28.1,0,0,0,4,5
0,3,0,15.5,0,0,6,18,8
17,6,17,34.3,0,0,4,30,4
7,3,7,10.7,1,2,23,43,0
11,3,11,10.5,0,0,0,16,0
23,2,23,20.2,0,1,19,15,0
16,3,16,16.2,0,0,0,22,7
10,1,10,15.8,0,0,0,24,5
23,2,23,20.0,0,0,6,18,27
0,5,0,4.6,0,0,0,6,6
17,4,17,20.1,0,0,0,1,7
16,2,16,14.5,0,0,5,12,4
5,4,5,16.9,0,0,4,23,3
7,2,7,12.8,0,0,4,13,4
17,5,17,16.8,0,0,21,3,0
14,4,14,11.4,0,0,13,6,6
15,4,15,23.9,0,0,13,6,6
14,5,14,33.5,0,1,6,18,8
8,3,8,17.1,0,1,0,24,5
15,2,15,29.4,0,1,0,4,5
19,6,19,23.6,0,0,14,19,16
23,1,23,14.9,0,0,18,34,11
11,4,11,17.2,0,0,0,6,7
13,1,13,18.1,0,0,0,14,5
6,6,6,4.7,0,0,0,13,6
5,6,5,15.1,0,0,0,17,5
8,3,8,7.3,0,0,5,10,1
17,1,17,13.6,0,0,5,20,1
8,3,8,7.2,0,0,0,30,6
12,0,12,14.0,0,0,13,6,6
20,1,20,21.0,0,0,0,22,0
16,4,16,17.9,0,0,5,25,1
18,0,18,29.1,0,0,0,10,5
5,4,5,12.4,0,0,5,5,4
19,5,19,10.7,0,0,0,22,0
8,4,8,12.8,0,0,0,3,0
2,2,2,9.5,0,0,14,19,16
7,6,7,8.3,0,0,0,41,5
7,4,7,9.8,0,0,5,106,1
4,5,4,12.9,0,0,0,26,6
1,6,1,11.8,0,0,16,32,14
9,3,9,21.1,0,0,7,10,20
12,5,12,19.8,0,0,0,12,6
6,4,6,11.6,0,0,1,1,1
21,6,21,18.6,0,0,0,22,0
6,3,6,2.5,0,0,0,23,6
22,2,22,11.3,1,2,0,13,6
7,1,7,9.1,0,0,0,11,6
0,4,0,11.3,0,0,20,3,15
8,6,8,7.3,0,0,0,4,5
19,0,19,24.7,0,0,0,20,6
12,6,12,16.2,0,0,2,2,2
19,2,19,11.2,0,0,5,18,1
18,2,18,19.7,0,0,21,71,5
11,5,11,21.3,0,0,44,7,44
11,1,11,14.6,0,0,0,19,0
15,6,15,31.0,0,1,0,12,5
13,1,13,31.0,0,1,12,27,0
17,0,17,15.7,0,0,5,9,1
18,2,18,8.4,0,0,4,9,4
18,2,18,11.2,0,0,0,12,5
12,5,12,24.0,0,0,10,38,10
15,6,15,24.4,0,0,5,23,4
20,4,20,9.1,0,0,18,34,11
15,5,15,16.2,0,0,0,31,6
18,5,18,11.8,0,0,0,12,6
12,0,12,8.8,0,0,0,18,5
4,2,4,7.1,0,0,21,3,5
14,2,14,9.5,0,0,0,20,6
4,3,4,3.5,0,0,0,26,5
5,3,5,11.8,0,0,2,2,8
4,1,4,8.8,0,0,0,40,5
10,6,10,13.3,0,0,5,12,1
4,3,4,17.5,0,0,0,9,6
6,6,6,5.9,0,0,0,26,5
8,2,8,10.1,0,0,0,4,5
22,6,22,7.9,0,0,16,32,14
22,1,22,8.1,0,0,0,10,6
21,0,21,16.5,0,0,0,13,6
5,1,5,13.6,0,0,4,5,1
21,1,21,5.9,0,0,21,3,5
6,2,6,1.3,0,0,0,29,6
15,1,15,11.7,1,2,0,29,6
8,0,8,12.9,0,0,22,19,15
22,2,22,6.6,0,0,15,19,7
15,6,15,28.9,0,0,0,5,6
6,2,6,1.4,0,0,13,6,6
7,5,7,15.6,0,0,21,3,5
4,1,4,5.6,0,0,5,4,1
6,0,6,4.2,0,0,4,6,4
0,2,0,12.3,0,0,20,19,15
8,4,8,13.1,0,1,0,12,5
22,6,22,20.4,0,0,13,6,6
22,2,22,13.5,0,0,4,29,1
12,2,12,21.2,0,0,9,21,11
9,5,9,-0.5,0,0,0,28,6
21,3,21,9.5,0,0,0,8,5
9,2,9,17.8,0,1,0,17,5
9,5,9,9.2,0,0,4,20,4
4,1,4,9.8,0,0,0,40,5
8,2,8,8.2,0,0,5,11,1
1,0,1,16.9,0,0,0,46,0
8,4,8,7.4,0,0,0,14,5
11,4,11,24.7,0,1,0,12,5
12,3,12,26.3,0,1,6,30,19
6,6,6,14.2,0,1,0,29,6
20,6,20,12.7,0,0,15,19,7
14,0,14,24.5,0,1,0,25,5
8,2,8,9.9,0,0,0,3,7
15,6,15,27.9,0,1,0,5,6
7,3,7,12.9,0,1,0,7,5
8,2,8,9.3,0,0,0,4,5
12,2,12,26.0,0,1,9,21,11
16,3,16,24.9,0,1,13,6,6
1,5,1,4.5,0,0,0,0,0
14,6,14,14.6,0,0,31,63,12
23,2,23,11.5,0,0,0,35,7
13,6,13,16.6,0,0,0,11,6
12,4,12,21.1,0,0,5,5,1
7,2,7,12.5,0,0,0,9,6
14,6,14,29.7,0,1,6,18,8
10,3,10,23.9,0,1,0,12,6
14,6,14,33.7,0,0,5,23,4
0,2,0,6.6,0,0,0,8,5
4,0,4,12.1,0,0,3,3,3
12,6,12,24.3,0,1,0,9,5
4,6,4,14.4,0,0,0,23,5
1,2,1,8.9,0,0,14,19,16
9,2,9,16.0,0,0,5,29,1
13,4,13,11.0,0,0,0,48,6
8,4,8,17.7,0,1,0,9,5
11,1,11,22.4,0,0,0,10,5
15,2,15,27.8,0,0,0,44,6
0,3,0,15.4,0,0,5,6,1
11,5,11,15.4,0,0,0,29,6
14,0,14,29.9,0,1,0,25,5
19,6,19,23.6,0,0,0,48,5
9,6,9,14.2,0,0,6,18,8
20,5,20,27.5,0,1,5,18,5
7,2,7,14.8,0,1,20,19,15
12,1,12,25.6,0,0,5,10,1
16,6,16,15.3,0,0,0,28,5
12,4,12,26.0,0,0,8,1,10
13,0,13,28.8,0,0,0,11,6
15,5,15,30.8,0,0,0,31,6
16,6,16,18.0,0,0,0,18,5
12,1,12,25.5,0,0,0,30,6
11,6,11,24.8,0,0,0,19,0
12,6,12,9.2,0,0,0,18,5
13,1,13,11.1,0,0,4,31,1
23,0,23,8.7,0,0,0,36,0
8,4,8,7.4,0,0,0,9,5
16,6,16,23.5,0,0,0,9,5
18,0,18,17.3,0,0,0,7,6
11,5,11,16.5,0,0,0,19,7
11,4,11,21.1,0,0,28,7,0
7,0,7,14.9,0,0,5,29,1
16,3,16,16.0,0,0,0,6,6
11,0,11,23.0,0,0,14,19,16
21,1,21,24.2,0,0,20,19,15
8,5,8,12.3,0,0,4,10,5
5,5,5,16.8,0,0,5,5,5
15,3,15,16.6,0,1,25,51,21
13,4,13,29.1,0,1,0,48,5
14,4,14,23.1,0,0,0,9,6
18,0,18,9.6,0,0,0,13,6
3,2,3,11.9,0,0,24,7,15
11,2,11,13.5,0,0,10,22,11
19,4,19,9.5,0,0,0,22,0
0,4,0,16.4,0,0,0,35,0
5,3,5,18.8,0,0,0,13,5
9,6,9,13.4,0,0,0,29,5
19,3,19,11.7,0,0,0,22,0
1,2,1,11.4,0,0,5,6,1
8,2,8,4.4,0,0,6,18,27
13,3,13,21.1,0,0,4,13,4
17,3,17,16.8,0,0,0,22,0
15,3,15,28.0,0,0,5,23,1
19,3,19,8.7,1,2,2,2,2
8,3,8,8.0,0,0,0,16,0
5,1,5,12.0,0,0,4,4,5
12,3,12,13.7,0,0,0,18,5
2,6,2,16.1,0,0,14,19,16
18,0,18,12.2,0,0,13,5,5
16,2,16,24.5,0,0,0,7,6
2,5,2,14.3,0,0,0,0,0
5,6,5,16.3,0,0,4,13,1
10,2,10,11.6,0,0,28,7,0
23,3,23,12.1,0,0,5,6,1
12,1,12,22.3,0,0,0,9,6
14,5,14,12.5,0,0,5,6,1
13,6,13,12.4,0,0,4,13,4
6,4,6,4.3,0,0,5,18,1
8,5,8,6.4,0,0,4,30,1
1,0,1,17.0,0,0,0,0,0
19,5,19,25.9,0,0,5,23,4
5,2,5,8.5,0,0,0,26,6
17,5,17,31.2,0,0,4,31,1
5,5,5,11.0,0,0,2,2,8
9,4,9,7.8,0,0,0,13,6
8,5,8,-1.0,0,0,0,5,6
8,0,8,13.4,0,0,0,20,5
9,5,9,19.5,0,0,0,69,7
15,0,15,14.1,0,0,5,14,1
5,3,5,15.3,0,0,5,5,5
12,6,12,11.3,0,0,0,5,6
8,3,8,9.1,0,0,21,3,5
15,2,15,19.0,0,0,0,31,6
10,4,10,18.7,0,1,0,24,6
14,3,14,26.4,0,0,0,12,5
0,4,0,13.2,0,0,0,8,6
20,6,20,21.8,0,1,0,8,6
4,0,4,8.6,0,0,0,5,5
13,2,13,10.3,0,0,5,7,1
20,1,20,3.9,0,0,0,26,6
18,0,18,15.5,0,0,21,3,0
13,4,13,25.9,0,0,5,29,1
15,1,15,30.6,0,1,0,3,5
1,6,1,17.1,0,0,14,19,12
8,3,8,2.9,0,0,0,20,6
20,3,20,15.4,0,0,0,29,6
11,0,11,11.8,0,0,0,19,7
7,6,7,14.5,0,1,0,12,6
15,5,15,21.6,0,0,0,20,6
13,5,13,23.5,0,1,0,14,5
8,2,8,11.1,0,0,0,13,6
20,6,20,15.2,0,0,0,7,6
8,1,8,7.4,0,0,7,8,9
17,6,17,10.8,0,0,4,29,1
19,3,19,25.6,0,1,0,12,6
18,6,18,9.1,0,0,6,18,8
23,0,23,9.7,0,0,0,35,7
5,6,5,10.9,0,0,4,4,4
7,0,7,0.6,0,0,0,9,5
19,3,19,11.1,0,0,0,29,5
8,5,8,4.1,0,0,0,20,6
8,1,8,8.2,0,0,0,13,6
15,2,15,12.0,0,0,0,5,6
9,2,9,12.0,0,0,0,30,6
3,1,3,11.6,0,0,68,63,15
19,5,19,8.7,0,0,0,18,5
11,2,11,10.1,0,0,10,22,11
10,6,10,16.8,0,0,5,24,4
12,2,12,19.9,0,0,0,31,5
11,4,11,24.9,0,1,0,12,6
19,6,19,28.1,0,1,0,10,6
23,3,23,8.6,0,0,5,6,1
18,2,18,10.9,0,0,0,12,6
18,6,18,25.4,0,1,0,18,5
8,1,8,9.8,0,0,0,25,5
22,5,22,11.1,0,0,15,19,7
19,5,19,14.3,0,0,0,22,0
22,3,22,19.2,0,0,30,1,15
7,5,7,15.1,0,1,0,7,5
21,6,21,22.1,0,1,0,3,5
7,5,7,15.1,0,1,13,6,5
4,6,4,10.9,0,0,0,13,6
10,2,10,11.9,0,0,0,29,6
8,4,8,16.0,0,1,0,12,5
20,3,20,12.1,0,0,5,18,1
10,3,10,13.5,0,0,0,25,5
11,2,11,13.6,0,0,5,10,4
5,0,5,3.2,0,0,0,13,5
13,1,13,27.4,0,0,0,31,5
14,4,14,27.2,0,1,0,20,6
17,0,17,24.3,0,0,4,23,4
8,1,8,16.5,0,0,5,10,1
5,6,5,12.3,0,0,0,5,6
13,6,13,20.3,0,0,5,7,1
14,4,14,16.7,0,0,13,99,5
16,4,16,15.3,0,1,0,28,5
3,2,3,16.7,0,0,24,7,15
17,4,17,11.3,0,0,0,25,6
15,4,15,16.3,0,0,4,5,5
6,1,6,14.9,0,0,0,9,6
23,1,23,12.6,0,0,6,18,8
22,3,22,9.3,0,0,10,22,11
14,0,14,23.4,0,0,0,3,5
12,4,12,13.1,0,0,2,2,2
22,3,22,17.4,0,1,10,38,10
13,3,13,23.5,0,0,5,7,1
5,3,5,15.3,0,0,20,19,15
16,6,16,20.1,0,0,4,9,1
2,6,2,17.6,0,0,0,0,0
4,4,4,15.0,0,0,0,31,6
13,2,13,17.6,0,1,12,27,0
10,6,10,21.2,0,1,5,10,1
16,5,16,28.8,0,1,0,6,5
21,6,21,9.1,0,0,18,34,11
8,5,8,1.2,0,0,0,25,5
12,2,12,25.1,0,0,2,2,2
9,3,9,11.5,0,0,6,18,8
11,6,11,10.5,0,0,0,6,7
17,6,17,14.2,0,0,13,6,6
21,4,21,19.6,0,1,0,22,0
21,2,21,9.9,0,0,0,26,6
0,2,0,8.5,0,0,1,1,1
16,3,16,26.1,0,0,0,5,6
23,3,23,16.5,0,0,0,3,6
0,3,0,15.9,0,0,0,36,7
15,6,15,28.1,0,1,13,4,6
8,1,8,5.1,0,0,0,16,7
7,5,7,10.9,0,0,0,14,5
12,5,12,11.3,0,0,5,48,4
19,5,19,10.9,0,0,5,26,1
13,1,13,18.5,0,0,0,3,5
5,5,5,2.1,0,0,5,23,1
13,2,13,21.5,0,0,0,18,5
14,3,14,27.6,0,0,0,6,6
14,3,14,14.7,0,0,0,12,5
11,2,11,15.0,0,0,0,11,6
11,1,11,9.5,0,0,4,54,5
14,5,14,24.0,0,0,4,12,5
5,6,5,6.3,0,0,0,13,5
17,5,17,26.1,0,0,4,18,5
22,6,22,7.4,0,0,0,26,6
9,2,9,9.4,0,0,0,10,6
11,0,11,8.6,0,0,2,2,2
1,1,1,12.3,0,0,2,2,8
17,1,17,17.4,0,0,0,29,6
4,6,4,8.4,1,2,0,3,6
15,6,15,28.8,0,0,0,44,6
18,4,18,25.9,0,0,0,18,5
11,3,11,11.6,0,0,0,19,7
22,4,22,19.0,0,0,13,6,6
23,5,23,16.1,0,0,0,19,0
5,3,5,5.2,0,0,0,23,5
16,2,16,26.3,0,0,27,82,40
5,4,5,14.5,0,0,21,3,14
5,3,5,8.2,0,0,4,4,5
18,3,18,21.2,0,0,25,51,23
16,5,16,19.3,0,0,5,10,1
19,1,19,11.1,0,0,0,31,6
21,1,21,24.6,0,0,21,3,5
16,1,16,29.3,0,0,0,13,6
13,1,13,16.1,0,0,0,9,6
5,1,5,6.0,0,0,4,18,5
16,3,16,30.1,0,1,14,19,16
17,4,17,29.1,0,1,0,30,5
10,4,10,18.5,0,1,0,23,5
5,2,5,16.6,0,0,21,3,14
4,5,4,13.0,0,0,0,8,6
11,1,11,12.7,0,0,0,6,7
17,6,17,19.6,0,0,0,13,6
21,6,21,12.5,0,0,21,3,5
5,4,5,13.1,0,0,4,4,4
6,2,6,3.0,0,0,0,31,5
5,3,5,14.1,0,0,2,2,8
8,6,8,15.4,0,1,0,4,5
22,1,22,6.3,0,0,0,26,6
9,0,9,20.7,0,1,22,19,15
15,2,15,11.8,0,0,0,5,6
7,2,7,13.0,0,0,0,25,6
5,1,5,6.4,0,0,4,31,1
4,4,4,10.7,0,0,3,3,3
5,1,5,11.6,0,0,0,9,5
9,4,9,18.9,0,1,21,3,5
21,3,21,10.9,0,0,10,38,10
13,5,13,12.5,0,0,0,9,6
13,5,13,14.4,0,0,5,10,1
15,6,15,19.2,0,0,0,3,6
1,4,1,8.6,0,0,0,6,6
8,4,8,11.2,0,0,5,10,4
11,5,11,15.1,0,0,5,10,4
19,3,19,14.1,0,0,0,22,0
0,2,0,12.3,0,0,5,6,1
8,4,8,3.0,0,0,53,29,24
17,2,17,19.9,0,0,0,1,7
15,6,15,29.4,0,1,0,4,5
11,5,11,28.2,0,0,0,14,5
23,3,23,15.9,0,0,0,35,7
16,6,16,15.2,0,0,21,3,0
8,2,8,10.9,0,0,4,39,1
15,5,15,30.1,0,1,0,5,5
8,2,8,8.1,0,0,0,13,6
21,3,21,19.4,0,0,0,26,6
16,5,16,22.1,0,0,0,26,6
18,5,18,17.0,0,0,0,18,5
8,3,8,10.5,0,0,5,10,1
3,5,3,12.2,0,0,2,2,2
13,3,13,10.1,1,2,0,28,6
4,3,4,5.9,0,0,0,10,6
22,3,22,6.0,0,0,15,19,7
15,0,15,33.7,0,0,0,12,5
12,6,12,20.5,0,1,0,20,5
10,4,10,19.2,0,0,0,13,6
14,4,14,26.4,0,0,5,14,1
9,5,9,4.7,0,0,0,12,6
11,3,11,17.2,0,0,0,6,6
15,5,15,19.8,0,1,13,4,6
11,5,11,19.2,0,1,0,20,6
21,1,21,13.7,0,0,0,3,6
5,3,5,3.6,0,0,0,55,5
9,4,9,4.4,0,0,7,9,24
13,3,13,23.2,0,0,5,23,1
10,6,10,21.4,0,1,0,6,6
15,2,15,24.3,0,0,1,1,1
15,6,15,27.7,0,0,0,3,5
15,4,15,7.8,0,0,4,30,1
5,3,5,15.3,0,0,14,19,12
6,2,6,1.6,0,0,4,5,4
11,4,11,23.7,0,0,0,9,6
13,1,13,12.1,0,0,0,25,6
9,0,9,17.3,0,0,7,124,24
23,3,23,17.8,0,1,18,34,11
12,0,12,17.6,0,0,0,11,6
9,6,9,9.5,0,0,0,8,6
23,4,23,20.9,0,1,0,35,0
5,3,5,5.2,0,0,0,10,6
6,5,6,13.6,0,0,0,8,5
9,4,9,8.0,0,0,6,18,17
8,4,8,11.1,0,0,0,20,6
8,6,8,15.0,0,1,4,31,4
17,1,17,23.5,0,0,5,23,1
15,1,15,28.9,0,1,0,25,5
21,0,21,23.9,0,1,21,3,5
2,3,2,12.7,0,0,13,6,6
8,3,8,8.3,0,1,7,13,24
16,5,16,15.8,0,0,5,10,1
13,0,13,18.2,0,0,5,7,1
9,5,9,8.7,0,0,0,16,0
20,3,20,8.4,1,2,0,16,7
17,4,17,29.5,0,1,0,12,6
10,3,10,8.5,0,0,0,11,6
22,5,22,20.8,0,1,15,37,7
12,1,12,26.5,0,0,0,9,6
6,2,6,14.0,0,1,4,13,4
14,0,14,12.1,0,0,0,3,7
16,6,16,19.2,0,0,23,43,0
15,3,15,30.0,0,1,0,44,5
17,4,17,29.1,0,1,0,6,0
7,0,7,16.6,0,0,0,7,6
6,2,6,8.8,0,0,4,18,5
4,1,4,5.1,0,0,0,31,5
15,5,15,31.2,0,1,0,22,7
18,6,18,27.3,0,1,0,10,5
10,1,10,15.1,0,0,0,29,6
12,6,12,14.5,0,0,0,6,6
15,1,15,31.1,0,0,13,6,6
4,3,4,9.4,0,0,0,26,6
5,1,5,11.1,0,0,0,10,5
13,1,13,21.4,0,0,4,9,4
21,4,21,23.1,0,0,0,20,5
15,4,15,29.8,0,0,13,4,6
20,0,20,8.2,0,0,4,10,4
18,0,18,26.1,0,1,13,6,6
1,4,1,2.8,0,0,0,46,0
4,0,4,9.9,0,0,0,9,5
18,3,18,13.0,0,0,13,6,5
12,0,12,29.9,0,0,9,21,11
11,5,11,26.4,0,0,5,41,1
5,1,5,4.0,0,0,4,5,4
7,4,7,15.4,0,0,0,7,6
17,2,17,15.7,0,0,0,31,6
17,5,17,14.4,0,0,0,12,5
0,2,0,9.9,0,0,1,1,1
12,3,12,24.6,0,1,0,6,0
8,4,8,14.1,0,0,0,9,5
7,1,7,5.2,0,0,22,19,15
6,2,6,5.5,0,0,0,9,6
10,1,10,11.3,0,0,5,10,1
23,5,23,12.7,0,0,10,22,11
12,3,12,10.1,1,2,0,7,5
18,3,18,31.7,0,1,0,12,5
8,2,8,17.0,0,0,0,9,6
15,2,15,29.6,0,1,0,3,5
8,6,8,13.3,0,0,0,41,5
13,5,13,19.1,0,0,4,10,5
5,4,5,14.3,0,0,4,4,4
13,5,13,17.3,0,0,0,48,6
15,1,15,17.9,0,0,0,13,5
13,0,13,14.5,0,0,0,9,6
13,6,13,14.6,0,0,0,10,6
6,6,6,16.9,0,1,4,23,4
12,0,12,22.0,0,0,0,20,6
13,1,13,14.5,0,0,0,13,6
10,6,10,21.7,0,1,0,3,6
14,1,14,19.8,0,0,13,6,6
21,5,21,11.9,0,0,10,38,10
15,0,15,8.4,0,0,4,30,1
15,1,15,17.2,0,0,21,71,5
11,1,11,15.7,0,0,0,13,6
10,5,10,13.1,0,0,0,24,5
8,1,8,15.4,0,1,0,18,5
23,1,23,11.5,0,0,0,19,0
20,1,20,10.4,0,0,0,7,5
13,6,13,14.4,0,0,0,23,5
14,3,14,26.3,0,0,5,14,1
12,0,12,14.0,0,0,2,2,2
10,2,10,10.1,0,0,0,8,6
19,1,19,7.5,0,0,5,18,1
0,1,0,13.8,0,0,13,6,1
4,4,4,7.7,0,0,5,5,4
13,6,13,10.6,0,0,5,7,1
5,6,5,6.8,0,0,5,31,1
5,3,5,11.4,0,0,0,13,5
14,5,14,16.7,0,0,6,18,8
13,5,13,19.9,0,0,0,14,5
23,2,23,10.2,0,0,0,35,0
23,2,23,17.4,0,1,18,34,11
12,2,12,17.2,0,0,13,6,6
15,0,15,14.8,0,0,4,30,4
10,0,10,23.6,0,0,5,10,1
14,1,14,26.0,0,1,0,12,6
10,0,10,10.1,0,0,0,14,5
1,4,1,5.8,0,0,0,0,0
8,2,8,13.6,0,1,0,14,5
19,0,19,22.2,0,0,5,18,1
16,3,16,29.8,0,0,5,13,4
19,4,19,19.2,0,0,5,18,1
8,5,8,12.3,0,0,22,2,15
16,2,16,21.9,0,0,0,7,5
23,0,23,16.1,0,0,19,15,0
17,2,17,21.9,0,0,0,31,6
19,6,19,24.2,0,0,0,30,5
9,1,9,19.5,0,1,0,18,5
16,4,16,27.9,0,1,4,23,4
1,5,1,3.4,1,2,13,6,6
15,5,15,28.8,0,0,13,99,6
15,2,15,12.3,0,0,5,14,1
12,1,12,14.8,0,0,4,18,1
20,4,20,23.0,0,0,0,29,6
17,3,17,27.6,0,0,0,23,6
18,2,18,19.3,0,0,0,9,5
8,3,8,12.8,0,1,20,7,15
22,0,22,15.4,0,0,15,19,13
16,6,16,27.9,0,0,21,71,5
11,1,11,22.7,0,1,0,12,6
13,0,13,10.9,0,0,0,18,5
9,1,9,18.3,0,1,0,12,5
16,1,16,12.5,0,0,4,6,4
13,6,13,14.0,0,0,0,7,5
8,5,8,12.0,0,0,0,12,6
7,2,7,13.9,0,1,4,13,1
11,5,11,24.0,0,1,5,10,4
11,3,11,17.9,0,0,0,9,6
16,2,16,11.6,0,0,0,20,6
23,3,23,18.5,0,0,6,18,8
15,1,15,17.0,0,0,0,23,6
1,5,1,14.8,0,0,0,0,0
13,5,13,15.9,0,0,0,11,6
18,4,18,8.5,0,0,0,25,5
6,4,6,7.3,0,0,0,29,5
10,1,10,12.2,0,0,0,24,5
15,1,15,12.7,0,0,5,12,1
10,6,10,12.7,0,0,0,20,6
21,6,21,8.2,0,0,36,1,3
10,3,10,11.5,0,0,0,6,0
13,0,13,20.6,0,0,0,20,6
10,4,10,10.4,0,0,0,12,6
8,0,8,1.1,0,0,6,18,8
4,5,4,6.4,0,0,0,31,6
16,3,16,27.4,0,0,4,20,4
0,3,0,21.5,0,0,0,36,7
19,2,19,12.2,0,0,5,18,1
21,4,21,13.4,0,0,0,20,5
5,6,5,4.3,0,0,0,5,6
16,1,16,28.5,0,1,0,7,5
8,0,8,13.0,0,1,0,10,5
7,1,7,10.5,0,1,25,51,22
10,2,10,13.1,0,0,0,20,5
18,2,18,27.1,0,0,0,20,6
11,0,11,19.4,0,0,5,10,1
6,0,6,13.6,0,1,0,29,5
7,6,7,14.2,0,1,11,60,3
13,0,13,19.7,0,0,0,3,5
5,0,5,9.9,0,0,0,9,5
22,0,22,11.6,0,0,0,3,6
4,4,4,14.1,0,0,0,8,6
17,2,17,20.9,0,0,0,20,5
16,3,16,18.7,0,1,0,25,5
23,5,23,21.9,0,1,15,19,7
7,0,7,11.6,0,1,0,7,5
7,1,7,11.2,0,0,1,1,7
13,6,13,16.5,0,0,20,19,15
9,6,9,10.1,0,0,21,3,5
14,1,14,22.8,0,0,4,13,4
9,0,9,19.2,0,0,0,9,5
16,3,16,21.1,0,0,21,3,0
21,6,21,16.9,0,0,4,9,1
7,6,7,8.3,0,0,1,1,7
2,0,2,9.9,0,0,0,0,0
19,2,19,15.8,0,0,0,8,5
6,5,6,14.5,0,1,13,6,6
9,1,9,12.0,0,0,0,30,5
17,6,17,32.8,0,1,13,6,6
7,6,7,12.9,0,0,21,3,5
0,6,0,19.5,0,0,0,36,7
5,1,5,12.1,0,0,4,13,4
11,3,11,14.0,0,0,0,89,7
17,5,17,29.2,0,0,0,23,6
15,2,15,15.0,0,0,0,31,6
12,4,12,17.7,0,0,0,29,6
4,1,4,6.5,0,0,0,5,6
21,2,21,8.8,0,0,18,34,11
7,3,7,15.0,0,1,0,13,6
16,0,16,14.4,0,0,13,6,6
22,0,22,14.1,0,0,16,32,14
21,5,21,8.8,0,0,10,38,10
3,5,3,13.9,0,0,20,6,15
14,1,14,13.6,0,0,1,1,1
7,4,7,15.3,0,0,5,10,4
17,5,17,13.6,0,0,21,3,0
7,2,7,9.2,0,0,0,13,6
5,1,5,14.9,0,0,4,23,4
19,4,19,24.3,0,0,13,5,5
7,5,7,12.3,0,0,0,10,5
10,2,10,19.9,0,1,0,29,5
9,2,9,7.1,0,0,0,16,7
11,0,11,10.5,0,0,10,22,11
4,6,4,10.4,0,0,0,9,6
12,2,12,16.8,0,0,6,18,8
17,3,17,21.3,0,0,0,12,6
16,1,16,12.5,0,0,0,13,6
19,6,19,9.9,0,0,0,10,6
11,2,11,9.8,0,0,0,19,7
23,1,23,17.9,0,1,18,34,11
23,1,23,12.9,0,0,15,19,7
10,1,10,15.6,0,0,0,11,6
12,1,12,28.4,0,0,9,21,11
14,6,14,28.3,0,1,0,12,6
23,6,23,20.0,0,0,17,33,15
15,0,15,8.2,0,0,4,13,4
23,3,23,11.2,0,0,0,15,7
20,2,20,11.3,1,2,0,28,5
15,4,15,22.2,0,0,0,3,6
11,0,11,22.7,0,1,0,8,5
10,6,10,23.7,0,1,0,30,5
20,6,20,11.3,0,0,4,12,4
4,1,4,11.9,0,0,0,13,5
7,0,7,10.1,0,0,5,10,4
22,6,22,6.5,0,0,15,19,7
18,3,18,28.4,0,1,0,12,6
10,0,10,19.4,0,0,0,9,6
5,4,5,8.6,0,0,4,6,1
12,4,12,25.7,0,0,4,5,4
9,2,9,14.9,0,1,22,19,15
16,4,16,32.9,0,1,5,5,5
5,6,5,6.6,0,0,4,5,4
4,1,4,6.5,0,0,0,10,6
1,3,1,15.8,0,0,1,1,1
20,3,20,9.6,0,0,21,3,5
9,3,9,23.3,0,0,0,30,6
18,0,18,10.7,0,0,13,6,4
18,0,18,15.7,1,2,5,68,1
7,0,7,9.6,0,0,0,25,5
14,4,14,7.4,0,0,0,20,5
4,5,4,12.9,0,0,0,5,6
14,4,14,25.1,0,0,20,19,15
7,5,7,12.0,0,0,0,29,6
8,0,8,7.0,0,0,0,25,5
18,2,18,29.0,0,0,0,12,6
15,2,15,24.3,0,0,0,5,6
13,4,13,21.5,0,0,0,3,5
1,1,1,14.3,0,0,0,0,0
10,3,10,14.4,0,0,0,28,6
16,6,16,32.2,0,0,0,10,6
16,5,16,19.9,0,0,0,5,6
19,5,19,23.9,0,0,5,30,1
17,4,17,28.0,0,1,4,45,4
5,3,5,9.2,0,0,0,13,6
21,3,21,17.3,0,0,18,34,11
16,3,16,15.5,0,0,0,22,7
7,2,7,9.0,0,0,0,24,5
22,4,22,8.7,0,0,15,19,7
17,3,17,12.2,0,0,21,3,0
9,4,9,6.1,0,0,0,41,5
11,3,11,12.6,0,0,0,20,6
23,4,23,17.7,0,0,0,36,0
13,6,13,16.4,0,0,0,12,5
18,1,18,27.7,0,1,0,18,5
4,2,4,15.5,0,0,0,10,6
19,5,19,23.8,0,0,0,29,6
11,4,11,13.7,0,0,0,4,5
8,3,8,5.5,0,0,0,18,5
13,2,13,8.7,0,0,6,18,27
5,0,5,6.0,0,0,0,31,6
8,4,8,19.0,0,0,0,20,6
12,0,12,27.1,0,0,0,24,5
15,4,15,26.0,0,0,5,30,1
8,2,8,8.0,0,0,1,1,7
5,4,5,6.6,0,0,21,3,5
15,6,15,17.1,0,0,13,4,5
20,6,20,18.0,0,0,0,26,6
13,5,13,19.1,0,0,0,12,6
12,1,12,28.3,0,1,0,5,5
8,4,8,11.6,0,0,0,31,6
14,0,14,14.5,0,0,1,1,1
21,4,21,9.7,0,0,5,29,4
6,0,6,12.4,0,0,13,6,5
6,2,6,1.2,0,0,4,6,4
14,1,14,16.7,0,0,13,6,6
5,6,5,8.3,0,0,0,23,6
13,2,13,21.3,0,0,0,18,5
5,2,5,3.8,0,0,0,8,5
2,3,2,13.9,0,0,0,27,0
4,4,4,14.8,0,0,0,31,6
13,0,13,22.6,0,0,10,22,11
10,1,10,17.3,0,1,0,13,6
7,2,7,11.8,0,0,0,12,6
11,1,11,8.0,0,0,0,20,5
12,6,12,22.4,0,0,20,19,15
0,6,0,21.6,0,0,15,37,7
16,3,16,14.5,0,0,0,1,7
4,1,4,12.7,0,0,0,3,5
14,3,14,27.1,0,0,23,43,0
6,3,6,12.8,0,0,0,18,5
15,1,15,18.9,0,0,0,9,6
15,1,15,20.7,0,0,7,26,24
0,5,0,11.2,0,0,13,6,5
11,6,11,22.5,0,0,0,12,6
13,6,13,32.1,0,0,4,53,4
7,3,7,8.2,0,0,20,19,15
22,2,22,25.1,0,1,6,18,8
19,1,19,8.3,0,0,0,22,0
16,6,16,29.9,0,1,0,7,5
16,6,16,16.3,0,0,0,25,6
14,2,14,11.6,0,0,4,6,4
5,4,5,13.4,0,0,5,4,1
2,6,2,8.1,0,0,0,1,7
22,6,22,4.7,0,0,0,26,5
23,3,23,7.6,0,0,0,36,0
10,1,10,22.2,0,1,6,18,8
8,5,8,4.3,0,0,0,31,6
15,6,15,21.2,0,0,0,13,6
10,1,10,20.7,0,1,0,13,6
14,1,14,21.0,0,0,5,23,1
5,2,5,4.3,0,0,0,8,6
5,1,5,12.3,0,0,4,1,1
4,6,4,10.0,0,0,0,13,6
7,3,7,5.1,0,0,22,19,15
6,4,6,8.2,1,2,0,35,7
16,6,16,28.8,0,1,0,4,5
20,0,20,21.2,0,1,0,6,5
9,5,9,8.8,0,0,0,18,5
5,2,5,8.5,0,0,0,13,6
13,3,13,26.5,0,1,28,7,0
15,0,15,26.5,0,0,0,11,6
8,2,8,9.2,0,0,0,18,5
7,4,7,12.8,0,1,0,7,5
8,2,8,3.5,0,0,0,31,6
16,2,16,11.4,0,0,0,6,0
23,0,23,7.2,0,0,5,6,1
18,0,18,15.7,1,2,0,10,5
21,1,21,14.4,0,0,10,38,10
16,6,16,25.4,0,0,0,1,7
7,0,7,14.9,0,1,25,51,21
13,3,13,10.2,1,2,0,6,7
22,3,22,9.3,1,2,2,2,8
7,4,7,6.3,0,0,0,3,7
13,1,13,10.9,0,0,0,31,6
4,6,4,10.7,0,0,5,26,1
16,4,16,15.7,0,0,0,31,6
17,1,17,27.1,0,0,13,5,5
18,6,18,22.9,0,0,0,20,5
12,6,12,24.1,0,0,0,29,6
0,1,0,18.7,0,0,0,19,7
8,1,8,17.3,0,1,0,30,5
4,6,4,10.7,0,0,0,26,6
17,3,17,18.6,0,0,0,20,6
23,0,23,11.0,0,0,0,19,0
1,1,1,10.3,0,0,13,6,5
17,6,17,13.3,0,0,0,31,6
14,2,14,27.9,0,1,12,27,0
16,3,16,18.5,0,0,4,20,1
13,5,13,19.0,0,0,0,3,5
8,4,8,13.4,0,1,0,29,6
0,3,0,17.8,0,1,0,36,7
21,2,21,19.0,1,0,0,6,0
17,6,17,26.5,0,0,13,5,6
16,0,16,27.6,0,0,6,18,8
8,4,8,4.9,0,0,0,12,5
11,2,11,7.3,0,0,13,6,6
17,3,17,26.2,0,0,0,12,6
0,2,0,19.2,0,0,0,36,0
5,3,5,5.7,0,0,4,4,5
17,6,17,27.9,0,1,4,64,4
6,0,6,14.4,0,1,4,6,5
11,4,11,10.3,0,0,0,19,0
10,4,10,7.0,0,0,5,10,4
8,3,8,11.5,0,1,0,12,5
4,0,4,6.7,0,0,2,2,8
4,2,4,16.3,0,0,0,31,6
14,3,14,11.4,0,0,0,20,6
21,1,21,17.0,0,0,14,19,16
6,0,6,13.6,0,0,4,5,4
13,5,13,26.8,0,0,5,7,1
1,6,1,13.9,0,0,0,0,0
5,0,5,13.5,0,0,0,13,6
18,1,18,29.6,0,1,0,12,5
18,3,18,31.3,0,0,5,23,4
9,0,9,9.3,0,0,0,9,6
17,0,17,27.7,0,0,4,45,1
5,1,5,7.7,0,0,0,5,6
13,3,13,30.2,0,1,0,7,5
12,6,12,26.9,0,1,0,11,6
9,5,9,19.2,0,1,4,4,4
14,5,14,27.2,0,1,5,14,1
8,5,8,9.5,0,0,0,29,5
7,0,7,12.4,0,1,0,12,5
13,4,13,24.3,0,0,23,43,0
8,6,8,7.1,0,0,4,9,4
18,0,18,7.9,0,0,0,31,6
7,4,7,12.9,0,0,0,7,6
20,2,20,14.8,0,0,0,26,6
5,2,5,6.4,0,0,0,9,6
17,5,17,29.3,0,0,0,10,5
11,6,11,12.9,0,0,5,10,1
16,0,16,24.9,0,0,0,14,5
14,3,14,11.2,0,0,0,3,5
19,0,19,12.1,0,0,0,22,0
11,1,11,23.4,0,1,0,12,5
6,4,6,13.2,0,0,21,3,5
16,1,16,16.1,0,0,5,20,4
3,6,3,13.2,0,0,2,2,2
8,3,8,12.3,0,0,0,12,6
7,6,7,9.6,0,0,0,31,5
20,4,20,12.9,0,0,0,29,6
18,4,18,12.4,0,0,0,20,5
8,4,8,18.6,0,0,4,39,1
15,0,15,18.6,0,0,4,10,1
17,2,17,20.2,0,0,0,28,5
22,1,22,7.1,0,0,0,8,6
10,5,10,14.6,0,0,0,29,6
8,2,8,12.8,0,0,22,19,15
13,3,13,12.5,0,0,0,24,5
13,5,13,24.7,0,0,4,12,1
8,5,8,16.4,0,0,0,12,5
1,1,1,9.4,0,0,2,2,8
15,2,15,17.4,0,0,0,31,6
9,5,9,7.4,0,0,6,18,17
8,6,8,24.8,0,0,0,16,7
10,6,10,6.7,0,0,0,29,6
6,4,6,6.7,0,0,4,13,4
15,2,15,19.0,0,0,13,4,5
10,6,10,12.4,0,0,5,10,1
14,4,14,18.4,0,0,4,3,1
13,0,13,26.9,0,1,20,19,15
20,1,20,26.3,0,1,4,10,4
15,6,15,11.2,0,0,5,12,4
13,6,13,22.4,0,0,5,23,1
12,3,12,11.3,0,0,5,48,1
16,0,16,28.2,0,0,0,20,6
8,4,8,0.8,0,0,0,20,6
11,0,11,26.7,0,1,0,29,6
7,3,7,7.5,0,0,0,25,5
13,6,13,28.4,0,0,0,12,5
5,6,5,10.9,0,0,0,5,6
12,5,12,26.5,0,1,5,5,5
16,6,16,30.9,0,1,4,5,4
10,2,10,14.6,0,0,0,29,6
4,0,4,8.4,0,0,0,23,6
9,6,9,5.7,0,0,4,12,5
15,6,15,29.2,0,1,0,5,6
7,4,7,15.2,0,1,8,1,10
10,1,10,20.0,1,0,0,26,6
12,4,12,15.0,0,1,9,21,11
7,0,7,6.6,0,0,0,25,5
9,3,9,11.6,0,0,5,10,4
1,2,1,8.3,0,0,2,2,8
13,5,13,28.9,0,0,12,27,0
13,4,13,23.1,0,0,12,27,0
16,6,16,29.1,0,1,0,25,6
8,5,8,12.2,0,0,0,4,5
21,0,21,22.5,0,1,0,8,5
9,0,9,12.4,0,0,6,18,8
13,1,13,24.9,0,0,0,12,5
5,2,5,12.4,0,0,0,9,6
15,4,15,20.8,0,0,4,30,5
14,6,14,24.8,0,0,0,3,6
15,2,15,27.9,0,1,20,19,15
15,2,15,19.7,0,0,21,71,5
8,3,8,5.5,0,0,0,11,6
16,4,16,29.6,0,1,5,5,5
10,2,10,23.9,0,1,0,12,5
14,0,14,21.1,0,0,0,3,5
12,3,12,15.9,0,0,0,12,6
23,2,23,11.6,1,2,0,10,6
15,0,15,24.6,0,0,0,44,6
9,1,9,10.6,0,0,0,29,5
0,0,0,18.4,0,0,0,36,0
12,2,12,19.6,0,0,0,31,6
9,1,9,17.2,0,0,5,24,1
12,1,12,14.7,0,0,0,18,5
8,1,8,15.7,0,0,4,13,1
3,4,3,13.5,0,0,24,7,15
17,4,17,15.7,0,0,0,28,6
11,1,11,26.3,0,0,18,34,51
0,3,0,22.8,0,0,0,19,7
1,2,1,11.5,0,0,2,2,8
17,6,17,20.4,0,0,4,64,4
9,6,9,19.8,0,0,5,14,1
9,5,9,13.4,0,0,0,5,6
1,1,1,3.2,0,0,20,19,15
19,6,19,9.8,0,0,5,18,1
8,3,8,8.4,0,0,0,9,6
3,2,3,17.0,0,0,24,7,15
22,4,22,18.8,0,1,0,10,5
16,1,16,12.6,0,0,0,25,6
4,0,4,9.1,0,0,0,9,5
7,4,7,7.7,1,2,6,18,8
18,4,18,20.2,0,0,0,26,5
15,5,15,13.0,0,0,5,9,4
5,2,5,13.2,0,0,4,1,1
19,3,19,18.1,0,0,0,29,5
18,6,18,11.5,0,0,0,30,5
5,0,5,7.1,0,0,4,5,4
13,2,13,12.8,0,0,0,25,6
5,3,5,10.6,0,0,4,4,1
5,1,5,10.8,0,0,21,3,5
0,0,0,17.9,0,0,15,37,7
1,5,1,6.5,1,2,0,30,5
3,5,3,6.3,1,2,21,3,5
18,4,18,10.9,0,0,0,13,6
14,2,14,24.2,0,0,20,19,15
8,4,8,11.7,0,0,0,20,6
10,5,10,20.8,0,0,0,14,5
12,3,12,21.3,0,0,9,21,11
5,2,5,8.2,0,0,4,5,4
6,6,6,4.2,0,0,0,29,6
19,4,19,8.8,0,0,5,10,1
10,6,10,12.2,0,0,28,7,0
12,0,12,13.0,0,0,0,25,5
9,6,9,13.7,0,1,7,67,24
14,1,14,11.3,0,0,13,99,1
1,4,1,15.7,0,0,0,46,0
17,1,17,33.9,0,1,0,12,6
5,3,5,12.8,0,0,0,13,6
6,1,6,11.0,0,0,4,10,1
18,2,18,25.3,0,1,13,6,6
8,5,8,1.2,0,0,0,4,5
16,5,16,21.1,0,0,0,6,0
6,6,6,15.5,0,1,0,8,6
5,1,5,10.4,0,0,0,13,6
18,5,18,32.3,0,0,5,23,4
15,1,15,24.0,0,0,0,12,6
21,2,21,14.5,0,0,18,34,11
13,0,13,20.4,0,0,0,9,6
4,4,4,8.3,0,0,0,31,6
18,6,18,14.7,0,0,6,18,8
16,6,16,32.3,0,0,31,63,12
13,0,13,14.0,0,0,0,20,6
11,4,11,10.7,0,0,5,14,1
9,1,9,9.5,0,0,0,14,5
6,6,6,6.7,0,0,0,9,6
14,0,14,18.9,0,0,9,21,11
5,3,5,14.2,0,0,2,2,8
11,3,11,9.8,0,0,5,14,1
16,4,16,20.8,0,0,0,25,6
11,2,11,11.3,0,0,5,10,4
13,3,13,27.0,0,1,5,5,5
16,2,16,21.1,0,0,4,13,4
1,2,1,4.8,0,0,0,0,0
17,6,17,14.9,0,0,0,10,5
8,1,8,6.9,0,0,4,13,1
8,6,8,22.5,0,0,5,4,1
5,0,5,13.4,0,0,0,31,5
4,4,4,7.9,0,0,0,31,6
0,5,0,15.2,0,0,15,37,7
8,4,8,15.6,0,1,0,41,5
9,6,9,21.0,0,1,0,16,0
16,5,16,12.5,0,0,0,31,6
14,6,14,15.8,0,0,6,18,27
20,6,20,13.6,0,0,0,13,6
11,5,11,11.2,0,0,10,22,11
14,6,14,15.2,0,0,0,23,5
1,2,1,18.4,0,0,13,6,6
9,0,9,11.8,0,0,5,6,4
18,6,18,24.3,0,0,13,6,6
12,3,12,28.8,0,0,6,18,8
5,2,5,6.1,0,0,4,5,4
11,1,11,9.9,0,0,4,54,1
4,1,4,10.0,0,0,0,13,5
21,6,21,21.2,0,1,0,22,0
12,6,12,20.6,0,0,0,5,5
15,1,15,29.9,0,1,0,12,6
6,3,6,9.4,0,0,0,3,5
15,3,15,27.6,0,0,13,99,4
4,6,4,2.9,0,0,0,9,6
23,1,23,22.1,0,0,17,33,15
5,6,5,5.7,0,0,0,55,5
7,6,7,6.0,0,0,4,6,4
1,1,1,15.1,0,0,1,1,1
11,1,11,15.0,0,0,2,2,2
8,0,8,15.2,0,0,0,20,6
8,2,8,10.0,0,0,4,13,4
19,0,19,15.5,0,0,0,20,6
9,2,9,9.6,0,0,5,12,4
16,2,16,7.5,0,0,0,28,6
14,2,14,19.9,0,0,0,31,5
15,2,15,28.7,0,1,0,10,6
0,4,0,15.2,0,0,15,37,7
5,5,5,12.5,0,0,5,5,5
7,4,7,9.7,0,0,1,1,1
23,0,23,9.3,0,0,0,36,7
16,2,16,29.4,0,0,43,28,8
9,5,9,9.9,0,0,0,16,0
12,0,12,23.8,0,0,5,13,1
8,2,8,21.4,0,1,0,10,5
12,3,12,10.7,0,0,2,2,2
15,4,15,18.6,0,0,4,6,4
23,0,23,9.0,0,0,0,35,7
10,0,10,14.9,0,1,0,17,5
11,3,11,22.9,0,0,0,12,6
0,0,0,8.4,0,0,16,32,14
14,0,14,21.8,0,0,4,29,5
1,3,1,15.9,0,0,0,0,0
5,6,5,8.6,0,0,4,4,4
16,0,16,26.6,0,0,0,25,6
6,1,6,2.2,0,0,4,18,1
21,2,21,15.2,0,0,5,23,1
16,6,16,21.1,0,0,0,29,6
23,1,23,15.2,0,0,18,34,11
12,0,12,18.4,0,0,0,5,6
19,1,19,9.6,0,0,0,9,5
10,6,10,10.1,0,0,5,10,4
15,4,15,29.7,0,0,5,23,4
12,5,12,13.1,0,0,0,10,6
10,4,10,24.9,0,1,6,18,17
10,2,10,22.3,0,1,0,14,5
16,3,16,30.3,0,1,0,22,0
9,0,9,17.0,0,0,0,4,5
8,3,8,3.1,0,0,0,4,5
7,1,7,11.9,0,0,25,51,23
11,3,11,12.4,0,0,10,22,11
15,5,15,17.2,0,0,0,29,5
20,6,20,22.6,0,0,4,10,5
13,4,13,10.4,0,0,0,3,5
5,6,5,8.1,0,0,5,5,4
5,3,5,15.3,0,0,4,23,5
16,0,16,30.3,0,0,0,12,5
19,0,19,22.8,0,1,4,18,5
20,6,20,18.0,0,0,0,7,6
23,1,23,9.2,0,0,7,29,24
0,3,0,11.2,1,2,8,19,10
0,2,0,6.2,0,0,0,1,7
5,3,5,2.4,0,0,0,13,6
1,0,1,6.8,0,0,2,2,8
5,3,5,15.4,0,0,0,17,5
12,1,12,9.5,0,0,0,14,5
23,6,23,11.6,0,0,58,1,5
11,4,11,10.0,0,0,5,10,1
19,1,19,12.2,0,0,5,30,1
21,5,21,11.0,0,0,18,34,11
2,0,2,10.8,0,0,0,0,0
23,4,23,8.3,0,0,0,36,0
13,5,13,12.3,0,0,5,7,1
7,0,7,16.0,0,0,5,10,4
17,1,17,30.7,0,1,0,12,5
1,4,1,15.6,0,0,0,46,0
19,6,19,12.7,0,0,0,13,5
11,4,11,12.4,0,0,11,60,3
23,5,23,19.8,0,1,18,34,11
19,0,19,12.1,0,0,0,10,5
18,3,18,12.7,0,0,0,12,6
6,3,6,12.0,0,1,5,7,5
19,3,19,11.8,0,0,5,30,1
23,3,23,4.7,0,0,0,36,7
7,3,7,2.2,0,0,0,7,6
14,5,14,16.6,0,0,11,60,3
8,1,8,9.1,0,0,6,18,17
15,2,15,16.2,0,0,4,10,4
12,3,12,24.1,0,1,6,30,19
16,0,16,11.9,0,0,0,9,6
16,4,16,30.2,0,0,0,28,6
12,1,12,28.3,0,0,4,54,1
0,4,0,20.0,0,0,15,37,7
13,2,13,28.9,0,0,0,29,5
15,6,15,25.3,0,0,13,4,6
19,2,19,10.8,0,0,5,18,1
7,5,7,5.2,0,0,0,12,5
22,3,22,11.4,0,0,6,18,8
4,6,4,8.7,0,0,0,9,6
9,4,9,15.4,0,1,0,20,5
11,0,11,19.4,0,0,5,41,1
4,1,4,14.9,0,0,0,8,5
16,6,16,18.2,0,0,4,13,4
23,0,23,16.0,0,0,0,8,5
22,1,22,6.1,0,0,10,22,11
11,3,11,21.1,0,1,25,52,23
6,4,6,14.1,0,1,0,8,5
9,6,9,20.6,0,1,0,10,6
17,3,17,22.2,0,0,20,19,15
7,0,7,6.0,0,0,0,13,6
16,0,16,31.8,0,1,6,18,8
9,3,9,15.5,0,0,5,10,1
17,5,17,31.1,0,0,4,45,1
12,4,12,16.1,0,0,2,2,2
10,6,10,19.2,0,0,5,14,1
6,6,6,1.6,0,0,0,26,5
6,2,6,14.0,0,1,1,56,14
17,2,17,29.3,0,1,0,12,6
14,6,14,22.0,0,0,6,30,19
0,1,0,15.5,0,0,10,22,11
10,2,10,24.0,0,1,4,10,1
23,3,23,4.0,0,0,0,35,7
16,5,16,30.7,0,1,0,7,5
22,4,22,7.2,0,0,0,26,6
4,0,4,4.3,0,0,0,13,5
8,2,8,6.4,0,0,4,13,1
13,6,13,13.1,0,0,5,7,1
21,3,21,10.4,0,0,4,9,1
5,4,5,8.5,0,0,13,6,4
20,5,20,12.8,0,0,21,3,5
23,6,23,14.5,0,0,0,35,0
16,5,16,26.3,0,0,0,22,7
5,0,5,3.6,0,0,0,13,6
16,4,16,27.4,0,0,4,9,4
21,1,21,18.6,0,0,5,3,4
11,5,11,20.3,0,0,0,19,0
21,5,21,14.6,0,1,18,34,11
0,5,0,17.5,0,0,0,1,10
0,1,0,17.7,0,0,15,37,7
9,1,9,6.1,0,0,0,30,5
14,2,14,11.6,0,0,6,18,27
16,6,16,32.3,0,0,0,25,6
8,1,8,11.9,0,0,22,19,15
22,3,22,9.2,1,2,0,16,0
7,1,7,10.7,0,1,0,13,5
5,6,5,5.1,0,0,0,5,6
16,2,16,13.6,0,0,4,20,4
22,3,22,16.0,0,0,10,38,10
7,6,7,6.8,0,0,0,10,5
12,0,12,27.3,0,0,20,19,15
23,5,23,8.4,0,0,13,6,5
8,5,8,7.2,0,0,0,10,5
10,4,10,21.9,0,0,0,11,6
21,1,21,21.0,0,1,21,3,5
0,6,0,18.1,0,0,0,36,7
13,4,13,16.1,0,0,5,6,1
12,0,12,11.1,0,0,0,18,5
13,1,13,15.9,0,0,5,7,1
14,0,14,10.0,0,0,5,25,1
12,0,12,19.3,0,0,5,10,1
8,0,8,16.2,0,0,0,25,5
0,6,0,16.8,0,0,15,37,7
17,6,17,16.0,0,0,20,19,15
15,2,15,24.9,0,0,13,4,6
16,4,16,19.4,0,0,0,30,5
15,6,15,29.0,0,1,25,68,23
11,1,11,18.4,0,0,0,4,6
5,2,5,3.8,0,0,0,9,6
10,3,10,20.0,0,1,25,52,23
19,5,19,25.1,0,0,6,18,8
6,6,6,0.7,0,0,4,4,4
13,2,13,21.2,0,0,0,6,6
17,6,17,13.4,0,0,0,5,6
20,1,20,13.7,0,0,6,18,8
9,3,9,18.9,0,0,21,3,5
18,2,18,9.1,0,0,4,13,1
9,1,9,15.0,0,1,0,18,5
8,2,8,17.7,0,0,0,13,5
5,4,5,12.4,0,0,8,1,10
6,6,6,3.9,0,0,0,26,5
11,3,11,23.0,0,1,0,28,5
12,4,12,20.3,0,0,20,19,15
14,3,14,9.5,0,0,0,14,5
12,3,12,18.4,0,0,20,3,15
11,4,11,15.7,0,0,0,19,0
16,1,16,20.0,0,0,5,62,1
17,0,17,23.4,0,0,0,5,6
4,2,4,5.9,0,0,0,26,6
0,6,0,17.8,0,0,15,37,7
9,4,9,18.7,0,1,4,4,4
19,1,19,29.1,0,1,13,6,6
5,4,5,16.0,0,0,5,5,4
0,0,0,14.4,0,0,5,6,1
22,6,22,4.7,0,0,13,6,4
16,5,16,32.0,0,1,6,18,8
4,6,4,14.4,0,0,0,26,6
11,0,11,15.0,0,0,7,76,40
16,2,16,32.3,0,1,0,12,5
14,0,14,28.4,0,0,5,23,4
22,3,22,10.0,0,0,6,18,8
12,0,12,17.7,0,0,9,21,11
17,5,17,23.8,0,0,0,22,0
0,4,0,13.0,0,0,0,9,5
6,2,6,8.5,0,0,0,29,6
10,0,10,7.2,0,0,0,6,7
8,1,8,17.7,0,0,0,18,5
7,3,7,10.5,0,0,0,12,6
19,1,19,26.0,0,0,0,23,6
0,4,0,18.4,0,0,0,36,7
19,0,19,11.2,0,0,0,13,6
23,2,23,10.4,0,0,6,7,8
5,1,5,10.1,0,0,21,3,14
5,5,5,11.1,0,0,4,4,5
20,1,20,14.0,0,0,0,7,5
1,0,1,10.2,0,0,0,46,0
22,0,22,10.7,0,0,15,19,7
17,5,17,28.8,0,0,0,18,5
7,5,7,14.9,0,0,0,12,5
16,3,16,18.1,0,0,0,5,6
16,0,16,25.9,0,1,4,23,5
16,3,16,24.6,0,0,4,29,1
23,6,23,14.0,0,0,6,18,8
22,0,22,12.0,0,0,10,22,11
10,3,10,16.6,0,0,0,14,5
12,5,12,27.3,0,0,24,63,15
8,1,8,5.7,0,0,0,12,5
7,5,7,1.3,0,0,0,10,6
12,4,12,19.4,0,0,10,22,11
4,0,4,8.9,0,0,0,8,6
21,4,21,21.4,0,1,0,22,0
4,6,4,15.4,0,0,0,31,6
13,3,13,23.7,0,0,5,23,1
18,2,18,29.2,0,1,0,12,6
21,0,21,7.3,0,0,18,34,11
19,2,19,22.6,0,1,5,18,1
13,6,13,28.0,0,1,0,11,6
18,3,18,15.5,0,1,13,6,6
18,1,18,10.6,0,0,0,31,5
23,2,23,6.7,0,0,0,36,7
2,3,2,6.2,0,0,2,2,8
5,1,5,16.4,0,0,0,10,6
12,3,12,21.3,0,0,0,12,5
22,3,22,16.8,0,0,20,19,15
10,1,10,7.1,0,0,0,8,6
4,1,4,9.9,0,0,0,9,6
7,6,7,2.8,0,0,0,29,6
1,6,1,17.0,0,0,20,19,15
18,4,18,29.1,0,0,0,12,5
0,0,0,13.6,0,0,4,29,1
18,6,18,22.9,0,0,5,23,1
5,0,5,11.0,0,0,4,31,4
9,5,9,20.7,0,1,0,41,5
19,4,19,13.9,0,0,0,25,6
12,1,12,23.0,0,0,0,5,5
2,4,2,7.9,0,0,8,19,10
23,0,23,16.5,0,0,0,19,0
15,1,15,27.9,0,1,0,14,5
8,6,8,11.3,0,0,0,3,7
15,2,15,21.8,0,0,0,12,6
12,3,12,10.5,0,1,7,52,9
22,3,22,13.9,0,0,16,32,14
19,5,19,14.1,0,0,0,10,6
12,0,12,15.1,0,0,0,5,6
12,6,12,29.4,0,0,0,9,6
16,1,16,25.7,0,0,0,9,6
15,1,15,21.4,0,0,0,13,6
17,0,17,23.0,0,0,4,45,1
9,2,9,20.5,0,0,0,14,5
14,3,14,19.4,1,2,13,99,5
1,0,1,6.8,0,0,0,46,0
4,0,4,1.6,0,0,0,5,6
8,6,8,6.1,0,0,0,3,7
23,5,23,6.0,0,0,5,6,1
22,1,22,9.6,1,2,2,2,8
16,2,16,16.5,0,0,0,13,6
13,4,13,10.3,1,2,5,29,1
5,5,5,2.5,0,0,4,4,5
22,1,22,9.0,0,0,10,22,11
17,0,17,15.8,0,0,0,5,6
9,3,9,20.7,0,0,5,14,1
7,0,7,13.1,0,1,0,11,5
9,0,9,21.8,0,1,4,10,5
8,2,8,4.4,0,0,0,20,6
21,0,21,19.2,0,1,0,22,0
6,6,6,16.2,0,1,5,7,5
23,0,23,14.2,0,0,19,15,0
14,6,14,18.6,0,0,20,19,15
17,5,17,17.5,0,0,4,5,4
7,1,7,12.7,0,1,0,11,6
13,5,13,14.9,0,0,4,29,1
11,6,11,13.2,0,0,0,12,6
23,0,23,5.3,0,0,0,19,0
16,6,16,23.6,0,0,4,29,4
22,5,22,18.5,0,0,10,38,10
23,3,23,9.4,0,0,0,19,0
16,6,16,29.2,0,1,0,25,6
7,6,7,12.9,0,0,0,29,5
3,6,3,19.0,0,0,20,6,15
5,5,5,15.3,0,0,4,23,4
11,0,11,26.6,0,0,5,10,4
9,0,9,13.7,0,1,0,29,6
16,2,16,25.0,0,0,0,1,7
0,2,0,8.5,0,0,0,36,0
19,4,19,15.1,0,0,0,22,0
14,6,14,21.8,0,0,0,14,5
19,4,19,32.9,0,1,0,8,6
6,6,6,10.2,0,0,0,9,6
10,1,10,11.1,0,0,0,23,5
23,0,23,22.9,0,1,17,33,15
21,3,21,8.9,0,0,15,19,7
16,2,16,19.9,0,0,0,6,6
1,4,1,15.3,0,0,0,46,0
5,2,5,14.4,0,0,4,5,4
21,0,21,20.9,0,1,0,31,6
16,1,16,18.9,0,0,0,29,5
0,5,0,16.4,0,0,0,1,7
4,0,4,11.6,0,0,0,13,6
5,3,5,2.0,0,0,4,5,4
18,6,18,14.4,0,0,0,29,5
8,6,8,8.0,0,0,0,4,5
4,4,4,10.4,0,0,0,40,5
16,5,16,26.7,0,1,0,12,6
6,1,6,3.7,0,0,0,31,5
4,0,4,13.3,0,0,0,26,6
14,0,14,28.1,0,1,5,5,5
9,6,9,20.6,0,1,0,11,6
14,3,14,18.2,0,0,0,20,6
4,0,4,15.3,0,0,4,1,1
18,3,18,15.5,0,0,8,39,10
16,5,16,15.4,0,0,0,31,6
10,0,10,19.7,0,0,0,31,6
17,6,17,14.5,0,0,4,20,4
6,1,6,12.4,0,1,4,13,4
16,1,16,28.6,0,0,0,13,6
9,0,9,9.2,0,0,0,18,5
12,2,12,10.5,0,0,9,21,11
13,1,13,19.2,0,0,0,48,6
1,2,1,6.4,0,0,2,2,2
6,6,6,6.6,0,0,1,1,1
8,1,8,5.3,0,0,0,30,5
11,4,11,17.6,0,0,5,10,4
4,4,4,14.0,0,0,0,8,5
6,0,6,12.4,0,0,0,13,6
1,2,1,11.6,0,0,16,32,14
16,5,16,16.0,0,0,0,12,6
5,4,5,10.8,0,0,5,5,4
19,2,19,24.8,0,1,5,18,1
16,1,16,5.1,0,0,13,6,1
13,5,13,29.2,0,1,0,23,5
12,1,12,14.8,0,0,5,12,4
13,0,13,25.1,0,0,4,13,1
15,2,15,19.2,0,0,13,6,6
13,0,13,14.6,0,0,4,5,5
13,3,13,26.9,0,1,10,22,11
5,6,5,3.8,0,0,21,3,5
10,0,10,10.5,0,0,0,12,5
6,1,6,5.3,0,0,0,9,6
6,2,6,13.8,0,1,4,23,4
0,2,0,17.9,0,0,15,37,7
15,3,15,23.5,0,0,0,44,6
5,2,5,12.4,0,0,0,31,6
0,3,0,8.6,0,0,0,0,0
13,1,13,10.6,0,0,0,18,5
14,4,14,11.7,0,0,0,12,6
21,0,21,15.1,1,2,0,8,6
5,6,5,14.8,0,0,4,1,1
16,4,16,16.0,1,0,27,11,40
21,5,21,20.7,0,0,0,8,5
12,4,12,24.0,0,1,9,21,26
9,5,9,22.6,0,0,7,67,24
16,5,16,27.9,0,0,0,24,5
20,6,20,12.1,0,0,0,31,6
8,5,8,8.9,0,0,5,10,4
14,2,14,11.4,0,0,4,6,5
11,3,11,21.2,0,0,0,16,0
7,5,7,14.4,0,1,0,29,6
18,6,18,23.4,0,0,5,23,4
15,4,15,15.5,0,0,4,30,5
21,4,21,9.3,0,0,4,18,5
10,6,10,16.2,0,0,5,10,4
6,2,6,2.2,0,0,0,23,6
23,0,23,20.1,0,1,15,37,7
8,6,8,9.6,0,0,0,14,5
0,6,0,6.6,0,0,1,1,1
16,2,16,24.8,0,0,4,9,4
23,1,23,3.4,0,0,0,8,6
6,5,6,10.6,0,0,4,18,1
10,3,10,11.0,1,2,4,9,5
15,4,15,28.5,0,1,6,18,8
10,5,10,13.3,0,0,14,19,16
5,4,5,4.1,0,0,0,31,6
11,2,11,14.7,0,0,28,7,0
4,1,4,5.8,0,0,5,5,4
19,6,19,16.6,0,0,0,6,6
9,3,9,5.3,0,0,0,30,5
1,1,1,16.7,0,0,18,34,11
6,1,6,16.6,0,0,14,19,16
16,4,16,16.3,0,0,0,7,6
10,6,10,19.9,0,0,0,29,6
20,2,20,16.6,0,0,0,7,6
2,2,2,16.2,0,0,1,1,1
12,5,12,24.1,0,1,28,7,0
18,2,18,13.7,0,0,0,18,5
16,2,16,25.1,0,0,21,71,5
16,1,16,31.2,0,1,0,6,6
7,5,7,12.1,0,0,0,13,6
5,2,5,15.6,0,0,4,45,1
21,0,21,11.1,0,0,67,19,15
19,5,19,7.3,0,0,5,18,1
8,4,8,11.7,0,0,5,10,4
8,2,8,9.3,0,0,0,20,6
4,6,4,14.4,0,0,0,8,6
7,5,7,8.8,0,0,0,24,6
10,6,10,22.8,0,1,0,12,6
7,6,7,12.4,0,0,0,11,5
14,6,14,21.7,0,0,20,7,15
18,0,18,17.4,0,0,0,6,6
5,3,5,14.9,0,0,20,6,15
22,3,22,16.3,0,1,6,18,8
14,2,14,22.3,0,0,0,3,5
14,0,14,29.4,0,1,4,9,4
16,6,16,32.2,0,1,0,28,5
6,4,6,8.6,0,0,5,6,4
7,3,7,1.1,0,0,0,9,6
14,3,14,14.4,0,0,4,29,1
11,2,11,8.3,0,0,0,9,6
17,3,17,29.6,0,0,20,7,15
16,3,16,15.3,0,1,0,7,5
11,3,11,19.5,0,0,0,10,6
8,2,8,9.0,0,0,13,6,6
17,5,17,17.1,0,0,0,14,5
6,4,6,12.0,0,0,4,29,1
19,1,19,29.6,0,0,0,25,6
6,2,6,3.1,0,0,4,5,4
4,2,4,9.0,0,0,20,19,15
11,1,11,13.8,0,0,13,6,6
23,4,23,19.7,0,1,0,35,0
23,4,23,10.8,0,0,0,31,6
5,3,5,4.0,0,0,0,10,5
16,6,16,24.6,0,0,0,24,5
14,0,14,31.4,0,1,0,11,6
8,0,8,11.6,0,0,6,18,27
15,5,15,31.4,0,0,0,44,6
9,4,9,12.7,0,1,0,7,6
14,0,14,30.1,0,1,6,18,8
9,0,9,23.5,0,0,0,12,5
9,2,9,8.6,0,0,53,53,31
2,3,2,10.7,0,0,0,27,0
20,4,20,10.7,0,0,0,26,5
5,5,5,3.0,0,0,0,55,5
16,6,16,29.2,0,0,0,7,6
21,0,21,20.7,0,1,4,10,5
13,5,13,26.9,0,1,0,13,6
7,0,7,3.0,0,0,0,25,6
10,3,10,24.1,0,0,5,8,4
14,4,14,16.9,0,0,0,12,6
8,4,8,11.2,0,0,0,13,5
16,0,16,31.4,0,1,0,7,5
8,0,8,19.7,0,1,0,42,5
16,3,16,10.0,0,0,0,44,6
16,4,16,17.7,0,0,0,20,5
8,2,8,7.7,0,0,22,19,15
18,2,18,12.9,0,0,13,5,5
12,6,12,24.3,0,1,0,5,6
12,3,12,11.0,0,0,0,9,6
5,1,5,10.8,0,0,4,31,1
22,6,22,8.6,0,0,0,31,6
8,3,8,5.2,0,0,0,12,6
5,0,5,5.3,0,0,0,31,6
10,3,10,18.1,0,0,0,16,0
4,1,4,10.9,0,0,0,8,5
22,3,22,18.4,0,0,15,19,13
12,1,12,18.5,0,0,6,18,8
1,0,1,14.4,0,0,16,32,14
15,5,15,27.9,0,1,20,19,15
21,4,21,9.3,0,0,4,29,1
5,0,5,10.0,0,0,0,5,6
8,3,8,8.2,0,0,0,30,5
14,5,14,8.5,0,0,0,20,5
18,6,18,25.5,0,0,20,19,15
11,0,11,22.5,0,0,0,8,5
8,2,8,14.1,0,1,11,60,3
15,2,15,24.0,0,0,0,13,6
23,4,23,7.7,0,0,0,36,0
15,4,15,26.7,0,0,0,3,6
5,3,5,13.5,0,0,4,10,4
23,1,23,12.3,0,0,13,6,4
3,0,3,6.0,0,0,14,19,12
19,0,19,25.6,0,1,0,20,6
13,6,13,19.0,0,0,0,48,6
5,2,5,13.0,0,0,0,26,5
21,5,21,22.0,0,1,4,10,5
15,0,15,22.4,0,0,0,31,5
10,3,10,19.7,0,0,0,11,6
5,6,5,11.7,0,0,5,4,1
8,4,8,8.0,0,0,0,30,6
15,2,15,28.4,0,0,0,20,5
18,0,18,13.4,0,0,13,5,5
19,6,19,10.9,0,0,6,18,8
1,4,1,13.8,0,0,2,2,8
4,1,4,1.6,0,0,0,40,5
17,5,17,31.2,0,0,0,31,5
4,5,4,8.2,0,0,0,26,6
13,3,13,15.1,0,0,4,10,4
20,4,20,21.5,0,0,5,18,1
5,2,5,12.8,0,0,0,10,6
15,3,15,23.7,0,0,0,31,5
17,1,17,20.5,0,0,0,12,6
4,4,4,13.5,0,0,0,9,6
14,6,14,23.5,0,2,12,27,0
7,2,7,13.1,0,1,0,11,5
6,0,6,0.6,0,0,25,51,21
6,1,6,11.6,0,1,13,6,6
9,3,9,18.3,0,1,0,7,5
8,1,8,0.2,0,0,21,3,5
13,4,13,22.1,0,0,12,27,0
15,0,15,33.1,0,0,5,23,1
17,1,17,30.2,0,0,0,25,6
7,1,7,12.6,0,1,0,11,5
6,4,6,14.3,0,0,4,23,5
8,1,8,0.6,0,0,13,6,6
22,2,22,15.2,0,0,21,3,5
8,2,8,10.9,0,0,0,20,5
13,0,13,15.0,0,0,0,23,5
12,2,12,17.2,0,0,0,12,6
22,6,22,18.2,0,0,17,33,15
10,3,10,17.8,0,0,0,29,6
6,4,6,2.0,0,0,0,31,5
7,3,7,5.2,0,0,0,10,6
16,0,16,30.2,0,1,13,4,6
15,6,15,29.4,0,1,0,49,5
18,3,18,24.4,0,0,21,3,0
13,2,13,17.7,0,0,0,11,6
8,4,8,17.3,0,0,8,19,10
23,4,23,15.0,0,0,6,7,17
20,4,20,13.0,0,0,21,3,5
7,3,7,7.1,0,0,4,13,1
12,1,12,24.5,0,1,9,21,11
5,3,5,17.0,0,0,4,23,1
9,4,9,8.3,0,0,5,10,1
11,3,11,20.4,0,0,0,12,6
13,1,13,24.7,0,0,10,22,11
6,2,6,8.2,0,0,0,13,6
13,5,13,17.2,0,0,0,13,6
14,6,14,16.3,0,0,0,29,5
16,1,16,30.1,0,0,0,23,6
23,0,23,20.0,0,1,16,32,5
14,0,14,23.7,0,0,0,6,5
17,6,17,16.5,0,0,0,23,5
16,6,16,20.5,0,0,4,13,1
5,4,5,12.2,0,0,4,23,1
15,5,15,11.9,0,0,0,5,6
10,6,10,14.3,0,0,0,23,6
15,6,15,18.6,0,0,0,3,5
8,5,8,8.0,0,0,0,4,5
14,1,14,14.2,0,0,0,24,5
23,3,23,17.5,0,1,0,19,0
1,2,1,2.9,0,0,5,7,4
14,1,14,19.9,0,0,0,20,5
17,1,17,31.2,0,1,4,45,4
6,2,6,4.5,0,0,0,6,7
16,3,16,28.5,0,0,8,19,10
23,2,23,6.5,0,0,14,19,12
20,5,20,27.1,0,0,13,6,6
20,3,20,7.7,0,0,0,25,5
3,5,3,6.9,0,0,0,26,5
9,0,9,6.6,0,1,0,14,5
11,6,11,12.8,0,0,0,8,6
7,1,7,8.6,0,0,0,20,6
13,5,13,24.7,0,0,0,48,5
19,3,19,10.4,0,0,5,18,1
7,1,7,10.0,0,0,25,51,22
16,2,16,30.8,0,0,0,12,6
4,0,4,13.6,0,0,0,9,5
15,2,15,19.6,0,0,21,71,5
12,5,12,19.2,0,0,0,5,6
23,3,23,7.0,0,0,0,35,7
5,4,5,5.2,0,0,4,4,4
15,3,15,13.2,0,0,0,31,6
6,4,6,12.4,0,0,0,55,5
23,2,23,11.3,0,0,0,35,0
21,3,21,6.9,0,0,0,29,6
12,5,12,18.6,0,0,0,9,6
11,5,11,22.5,0,0,0,19,0
16,0,16,30.5,0,1,0,9,6
20,2,20,14.3,0,0,0,8,5
1,4,1,14.3,0,0,0,0,0
23,3,23,9.5,0,0,13,6,1
21,3,21,9.6,0,0,18,34,11
16,2,16,17.5,0,0,27,53,33
4,2,4,11.6,0,0,0,3,5
21,4,21,6.0,0,0,15,19,7
14,1,14,30.6,0,1,12,27,0
5,3,5,10.4,0,0,5,13,1
7,4,7,6.9,0,0,0,12,5
8,4,8,14.8,0,0,0,18,5
11,6,11,10.0,0,0,0,31,6
11,3,11,14.0,0,1,0,9,6
16,5,16,30.7,0,0,4,23,4
13,2,13,18.2,0,0,0,24,5
20,6,20,11.9,0,0,21,3,5
19,3,19,14.0,0,0,25,25,23
6,2,6,7.8,0,0,13,6,6
14,4,14,18.8,0,0,21,71,5
7,4,7,7.7,0,0,5,10,1
20,0,20,18.8,0,0,0,31,5
7,1,7,16.7,0,1,25,51,21
4,6,4,0.9,0,0,5,4,1
3,4,3,14.8,0,0,8,19,10
6,6,6,2.0,0,0,21,3,5
1,0,1,16.4,0,0,0,46,0
5,6,5,5.8,0,0,13,6,5
8,6,8,11.8,0,0,20,6,15
12,4,12,11.3,1,2,1,1,1
14,6,14,19.8,0,0,0,31,5
12,0,12,15.6,0,0,0,20,6
16,1,16,30.8,0,1,0,7,5
6,1,6,10.4,0,0,4,9,1
5,3,5,15.3,0,0,0,9,5
20,1,20,19.2,0,1,0,6,5
18,3,18,26.1,0,0,5,23,4
8,3,8,15.8,0,0,4,9,4
7,0,7,7.7,0,0,5,106,1
15,6,15,16.8,0,0,0,9,6
17,5,17,25.7,0,0,0,12,6
9,3,9,5.8,0,0,5,10,1
15,3,15,28.3,0,0,0,20,5
19,1,19,22.0,0,0,0,20,6
23,6,23,17.8,0,1,19,15,0
0,4,0,3.3,0,0,13,6,6
12,3,12,13.0,0,0,0,18,5
23,6,23,14.8,0,0,6,18,8
17,1,17,22.5,0,0,14,19,16
21,3,21,6.9,0,0,0,7,6
8,0,8,13.3,0,1,4,12,5
14,1,14,26.6,0,0,0,24,5
17,3,17,25.7,0,0,0,6,0
16,4,16,15.9,0,0,13,6,6
7,5,7,13.8,0,1,0,12,6
5,6,5,12.8,0,0,5,5,4
12,0,12,25.2,0,1,20,19,15
23,5,23,19.7,0,1,19,15,7
4,0,4,8.4,0,0,2,2,8
0,5,0,16.7,0,0,15,37,7
9,6,9,12.5,0,0,0,18,5
12,6,12,24.5,0,1,9,21,13
22,4,22,18.0,0,0,15,19,7
22,1,22,16.4,0,0,0,8,5
18,3,18,26.7,0,0,0,9,6
14,6,14,21.2,0,0,0,12,5
12,5,12,14.2,0,0,4,31,4
1,2,1,14.9,0,0,0,1,10
12,4,12,24.9,0,0,0,25,6
5,2,5,2.4,0,0,0,13,5
15,4,15,16.3,0,0,4,6,4
5,0,5,13.2,0,0,0,5,6
7,2,7,15.4,0,0,1,1,7
23,2,23,10.1,0,0,5,6,1
1,6,1,5.2,0,0,0,0,0
6,0,6,13.3,0,0,0,3,5
20,0,20,15.3,1,2,0,29,6
17,5,17,19.4,0,0,13,6,4
7,1,7,11.8,0,0,1,1,59
4,5,4,3.3,0,0,2,2,8
22,1,22,8.2,0,0,13,6,6
8,2,8,11.5,0,0,4,39,1
17,1,17,18.0,0,0,4,31,4
5,2,5,16.1,0,0,7,10,18
8,2,8,7.9,0,0,4,39,1
4,2,4,10.3,0,0,0,9,5
20,3,20,12.2,0,0,0,22,0
18,5,18,24.7,0,1,0,8,5
9,4,9,15.2,0,1,0,25,6
5,3,5,8.3,0,0,4,13,4
7,3,7,14.1,0,1,0,14,5
5,3,5,8.5,0,0,21,3,5
5,6,5,15.7,0,0,4,18,5
16,3,16,18.8,0,0,13,4,5
7,0,7,10.9,0,0,1,1,7
19,5,19,25.7,0,0,6,18,8
18,2,18,24.9,0,0,21,3,0
6,0,6,2.8,0,0,0,13,6
17,0,17,29.9,0,1,4,12,5
11,2,11,22.1,0,1,0,29,6
18,5,18,8.4,0,0,0,5,6
13,0,13,21.2,0,0,5,23,1
0,2,0,12.2,0,0,0,15,7
22,6,22,20.9,0,1,0,8,5
15,5,15,15.2,0,0,0,29,5
22,2,22,17.6,0,0,6,18,13
6,6,6,12.0,0,1,8,1,10
18,3,18,31.7,0,0,0,10,5
22,5,22,4.9,0,0,10,22,11
5,4,5,14.5,0,0,4,1,1
4,4,4,15.3,0,0,0,9,6
1,6,1,10.6,0,0,16,32,14
11,2,11,24.9,0,1,0,12,5
4,1,4,10.6,0,0,0,10,5
15,6,15,28.1,0,0,0,3,5
18,0,18,16.3,1,2,5,24,1
9,1,9,18.6,0,1,26,58,0
9,0,9,15.9,0,1,21,3,5
14,1,14,27.6,0,1,0,12,5
1,5,1,17.1,0,0,13,6,6
15,3,15,33.6,0,1,0,5,6
14,5,14,17.5,0,0,0,3,5
13,3,13,23.4,0,0,0,6,6
16,6,16,20.2,0,0,4,44,5
7,3,7,7.1,0,0,5,10,4
20,6,20,18.6,0,0,4,10,1
19,0,19,13.6,0,0,0,23,6
23,3,23,8.7,0,0,0,35,7
1,2,1,6.6,0,0,0,46,0
16,3,16,12.3,0,0,0,25,6
15,6,15,30.7,0,1,0,3,5
8,6,8,6.1,0,0,4,31,4
21,5,21,8.0,0,0,0,26,6
20,6,20,10.1,0,0,0,7,6
15,2,15,27.8,0,1,0,3,5
4,1,4,10.1,0,0,2,2,8
11,3,11,20.6,0,0,0,8,6
23,6,23,15.0,0,0,0,35,7
10,0,10,10.0,0,0,0,8,6
11,1,11,21.5,0,0,0,10,6
9,1,9,4.2,0,0,0,20,5
12,0,12,23.8,0,0,5,5,1
15,3,15,29.5,0,1,0,12,6
19,6,19,11.6,0,0,5,18,1
10,2,10,10.5,0,0,5,14,1
19,5,19,13.0,0,0,5,18,1
4,2,4,10.6,0,0,0,8,6
12,5,12,13.6,0,0,0,12,6
16,2,16,7.5,0,0,0,9,6
19,3,19,20.2,0,0,0,31,6
16,0,16,20.6,0,0,0,5,6
12,3,12,14.8,0,0,0,31,6
9,2,9,14.1,0,1,21,3,5
9,4,9,16.7,0,0,0,16,0
13,4,13,21.9,0,0,5,24,1
18,2,18,18.9,0,0,13,5,1
5,3,5,9.5,0,0,0,13,6
21,3,21,22.1,0,1,21,3,5
6,0,6,0.6,0,0,0,9,6
5,0,5,8.9,0,0,4,23,5
13,2,13,26.2,0,1,0,10,6
11,5,11,13.6,0,0,2,2,2
16,2,16,11.9,0,0,1,1,1
9,4,9,13.1,0,0,0,17,5
13,6,13,20.6,0,0,0,20,6
21,5,21,26.2,0,1,21,3,5
1,1,1,5.6,0,0,0,0,0
9,5,9,21.5,0,1,0,30,6
11,3,11,13.7,0,0,0,12,6
8,6,8,16.7,0,0,20,19,15
14,5,14,29.4,0,0,0,29,6
14,6,14,26.8,0,1,6,30,19
13,1,13,24.2,0,0,13,6,6
18,2,18,29.4,0,1,0,8,6
7,4,7,11.2,0,0,0,29,6
18,2,18,20.2,0,0,4,18,5
16,0,16,23.6,0,0,0,20,5
7,5,7,5.2,0,0,6,18,17
9,0,9,11.4,0,0,39,3,12
0,4,0,7.5,0,0,0,1,7
23,6,23,15.4,0,0,0,8,6
11,1,11,13.3,0,0,0,20,6
19,0,19,12.2,0,0,5,30,1
20,0,20,8.4,0,0,18,34,11
2,0,2,8.1,0,0,14,19,16
5,6,5,15.1,0,0,0,5,5
4,2,4,4.3,0,0,0,5,6
14,5,14,19.9,0,0,0,31,5
16,3,16,22.2,0,1,0,12,6
12,3,12,11.0,0,0,0,9,6
17,4,17,27.1,0,0,5,29,1
11,4,11,20.8,0,1,0,19,7
5,5,5,6.9,0,0,0,55,5
16,4,16,19.6,0,0,23,43,0
16,6,16,20.7,0,0,0,18,5
11,5,11,23.0,0,0,5,12,1
6,0,6,6.8,0,0,25,52,23
5,1,5,10.9,0,0,5,4,1
8,1,8,18.4,0,1,0,5,5
15,4,15,30.1,0,1,0,22,7
12,1,12,27.9,0,0,0,5,5
4,3,4,1.9,0,0,0,9,5
4,1,4,13.8,0,0,0,23,6
7,1,7,9.2,0,0,22,19,15
21,2,21,10.7,0,0,0,3,5
9,6,9,11.9,0,0,0,3,5
18,4,18,16.7,0,0,0,31,6
4,2,4,9.7,0,0,0,26,6
1,3,1,14.4,0,0,6,7,8
17,1,17,28.4,0,0,13,5,6
8,2,8,8.5,0,0,0,29,6
12,1,12,27.9,0,0,0,6,6
10,5,10,22.6,0,1,0,28,5
9,3,9,17.6,0,1,22,19,15
15,5,15,17.2,0,0,0,24,5
5,0,5,11.8,0,0,0,13,5
7,2,7,14.5,0,1,13,6,6
11,3,11,19.2,0,0,0,9,6
21,6,21,7.7,0,0,18,34,11
11,4,11,12.5,0,0,2,2,2
8,1,8,9.7,0,0,13,6,6
17,0,17,22.9,0,0,0,20,6
14,0,14,15.1,0,0,0,3,5
23,1,23,10.2,0,0,5,6,1
19,2,19,13.2,0,0,5,18,1
9,2,9,9.2,0,0,14,63,16
23,1,23,12.9,0,0,0,35,7
0,4,0,17.3,0,0,0,1,7
6,5,6,14.7,0,0,4,6,4
23,6,23,18.8,0,1,0,8,6
1,2,1,9.3,0,0,0,46,0
18,6,18,32.9,0,1,20,19,15
8,4,8,7.2,0,0,0,31,6
9,6,9,25.6,0,0,0,12,6
12,6,12,21.1,0,0,0,18,5
5,2,5,5.2,0,0,13,6,6
21,4,21,18.8,0,0,0,7,5
15,0,15,15.7,0,0,0,3,6
12,4,12,18.8,0,0,25,8,22
19,0,19,9.8,0,0,5,30,1
7,5,7,11.1,0,0,5,17,1
4,3,4,15.6,0,0,0,31,5
5,4,5,7.3,0,0,21,3,5
21,6,21,7.6,0,0,0,3,5
16,5,16,32.0,0,1,0,10,6
8,3,8,5.7,0,0,22,19,15
4,3,4,3.3,0,0,0,9,6
10,3,10,8.8,0,0,0,29,6
7,2,7,11.8,0,1,0,7,5
18,6,18,29.0,0,1,0,18,5
4,4,4,3.8,0,0,0,31,5
11,3,11,18.7,0,0,0,31,6
11,6,11,13.6,0,0,5,10,4
22,5,22,11.0,0,0,13,6,4
13,1,13,28.8,0,1,5,7,1
12,2,12,16.7,0,0,5,10,4
17,5,17,27.8,0,0,0,6,0
8,2,8,4.6,0,0,0,18,5
13,5,13,20.5,0,0,5,23,1
23,2,23,3.5,0,0,0,36,7
15,3,15,17.9,0,1,0,12,5
5,1,5,13.0,0,0,0,9,5
11,5,11,10.0,0,0,20,19,15
6,2,6,2.0,0,0,0,31,6
13,5,13,29.3,0,0,0,14,5
14,6,14,23.2,0,0,5,62,1
6,0,6,14.4,0,1,4,23,5
21,6,21,8.4,0,0,0,26,6
17,6,17,16.4,0,0,5,23,1
15,5,15,29.0,0,0,5,23,1
17,6,17,13.4,0,0,0,13,6
1,2,1,19.2,0,0,0,46,0
16,1,16,31.4,0,0,5,12,1
9,5,9,14.6,0,0,0,15,7
8,0,8,1.4,0,0,13,6,6
5,0,5,10.4,0,0,0,10,5
14,3,14,26.2,0,0,5,14,1
5,1,5,9.5,0,0,0,13,6
5,4,5,5.4,0,0,0,9,6
16,5,16,20.5,0,0,21,3,0
17,3,17,24.5,0,1,0,12,5
19,3,19,25.0,0,0,13,5,1
10,3,10,15.3,0,0,0,14,5
4,4,4,8.8,0,0,0,26,5
5,2,5,16.5,0,0,0,31,6
4,2,4,9.4,0,0,0,13,5
12,5,12,27.9,0,0,0,24,5
18,0,18,25.1,0,1,0,12,5
15,2,15,19.3,0,0,21,3,15
8,6,8,1.3,0,0,0,7,6
5,6,5,13.8,0,0,4,5,5
12,3,12,10.1,1,2,0,29,5
8,6,8,7.1,0,0,0,18,5
0,3,0,16.7,0,0,0,0,0
13,2,13,15.4,0,0,12,27,0
11,4,11,19.9,0,1,20,19,15
5,6,5,9.3,0,0,0,10,5
4,3,4,7.3,0,0,0,26,5
8,5,8,13.5,0,0,1,1,1
16,1,16,19.0,0,0,0,25,5
5,3,5,15.3,0,0,4,29,1
4,0,4,15.3,0,0,3,3,3
9,6,9,6.8,0,0,0,6,6
6,6,6,15.6,0,1,0,29,6
23,6,23,11.2,0,0,0,36,0
15,6,15,34.4,0,0,5,12,1
6,5,6,4.2,0,0,0,10,5
17,3,17,33.8,0,1,4,64,1
18,6,18,9.0,0,0,4,45,1
6,3,6,3.8,0,0,0,6,6
15,4,15,15.4,0,0,0,6,6
18,5,18,10.0,0,0,0,12,6
21,5,21,5.8,0,0,0,8,6
10,1,10,9.7,0,0,5,24,1
13,2,13,15.3,0,0,0,31,5
19,6,19,27.7,0,0,0,20,6
22,0,22,23.1,0,0,16,32,14
15,5,15,19.4,0,0,0,12,6
10,2,10,10.0,0,0,5,14,1
13,2,13,16.4,0,0,0,29,5
13,3,13,27.6,0,1,0,20,6
12,3,12,22.4,0,0,0,8,6
12,6,12,12.1,0,0,0,24,5
6,1,6,10.5,0,0,5,3,4
19,5,19,31.8,0,0,6,18,8
16,2,16,22.1,0,0,4,13,4
16,6,16,15.7,0,0,0,18,5
8,4,8,16.6,0,0,0,9,6
9,3,9,20.4,0,0,0,16,0
9,5,9,21.0,0,1,0,16,0
8,0,8,18.6,0,0,53,10,31
17,3,17,12.5,0,0,5,10,4
12,1,12,15.1,0,0,10,22,11
19,1,19,7.0,0,0,0,22,0
0,0,0,7.2,0,0,21,3,5
18,0,18,26.3,0,0,0,10,5
6,3,6,14.4,0,1,5,7,5
13,6,13,17.1,0,0,0,12,6
7,4,7,14.3,0,1,5,18,5
12,6,12,30.4,0,0,73,6,11
8,0,8,18.5,0,0,22,19,15
8,0,8,21.5,0,0,0,3,10
23,5,23,15.9,0,0,10,22,11
5,4,5,14.3,0,0,0,9,6
8,0,8,5.6,0,1,0,18,5
10,2,10,21.7,0,1,0,11,5
4,0,4,6.5,0,0,0,31,6
13,2,13,16.9,0,1,25,51,22
23,2,23,13.4,0,0,19,15,7
6,3,6,8.3,0,0,0,31,6
7,2,7,11.5,0,0,0,9,6
13,1,13,24.2,0,0,4,9,1
21,6,21,7.3,0,0,4,10,4
13,1,13,25.2,0,1,0,23,5
12,4,12,22.6,0,1,0,7,5
13,5,13,13.2,0,0,4,12,1
13,2,13,29.7,0,1,10,22,11
5,2,5,14.5,0,0,0,5,6
11,0,11,7.6,0,0,0,10,6
15,2,15,24.8,0,0,0,44,6
4,4,4,5.6,0,0,0,26,6
23,3,23,14.3,0,0,6,7,8
12,0,12,28.0,0,1,0,6,6
20,0,20,20.8,0,0,5,6,1
21,0,21,17.0,0,0,21,3,5
4,2,4,8.2,0,0,2,2,8
1,5,1,6.4,1,2,0,10,6
4,0,4,14.0,0,0,0,31,5
12,3,12,20.3,0,1,0,28,6
18,4,18,15.4,0,0,0,29,5
7,4,7,11.8,0,0,0,29,6
4,5,4,2.8,0,0,0,26,6
1,5,1,7.3,0,0,57,98,15
8,6,8,2.1,0,0,4,39,1
20,0,20,21.5,0,1,0,10,6
19,3,19,8.9,0,0,4,18,5
12,3,12,13.8,0,0,0,29,6
8,0,8,14.8,0,0,0,3,10
11,3,11,19.0,0,0,0,16,0
8,5,8,17.6,0,1,0,12,5
16,2,16,21.4,0,0,0,1,7
12,1,12,23.2,0,0,0,6,6
15,3,15,13.5,0,0,4,13,4
17,3,17,13.5,0,0,5,23,4
23,3,23,16.0,0,0,13,6,6
1,6,1,7.9,0,0,0,6,6
11,5,11,10.8,0,0,2,2,2
3,1,3,6.4,0,0,2,2,8
9,0,9,7.2,0,0,0,18,5
15,3,15,17.8,0,0,0,9,6
17,3,17,17.4,0,0,0,7,6
13,1,13,21.1,0,0,0,13,6
20,4,20,8.3,0,0,0,7,5
12,0,12,15.1,0,0,0,9,6
15,1,15,25.2,0,0,0,24,5
0,4,0,13.9,0,0,10,22,11
5,3,5,7.8,0,0,0,5,6
16,6,16,17.4,0,0,13,6,4
17,1,17,16.4,0,0,0,31,6
4,1,4,12.4,0,0,0,9,5
16,5,16,17.4,0,0,0,12,6
11,5,11,23.0,0,0,0,9,5
14,1,14,16.4,0,0,5,14,1
22,5,22,11.1,0,0,18,34,11
22,2,22,8.0,0,0,6,7,8
17,4,17,12.9,0,0,0,29,5
17,3,17,16.8,0,0,21,3,0
16,1,16,10.9,0,0,0,18,5
9,0,9,8.1,0,0,28,7,0
13,1,13,22.1,0,0,4,29,1
13,3,13,11.8,0,0,6,18,8
11,1,11,18.8,0,0,22,19,15
10,2,10,9.4,0,0,1,1,7
11,2,11,21.5,0,0,0,19,0
17,3,17,26.3,0,0,0,31,6
4,0,4,10.8,0,0,0,13,5
6,1,6,12.6,0,0,4,9,4
6,2,6,3.0,0,0,4,13,4
2,5,2,14.9,0,0,15,19,26
6,6,6,13.5,0,1,0,8,6
16,1,16,10.9,0,0,0,44,6
1,4,1,3.0,0,0,0,26,5
16,6,16,15.9,0,0,0,1,7
8,2,8,11.3,0,0,0,4,5
10,1,10,18.1,0,0,0,13,6
20,0,20,23.2,0,1,0,8,5
7,6,7,13.3,0,1,13,6,6
19,4,19,16.5,0,0,21,71,5
11,0,11,22.2,0,0,0,20,5
15,2,15,19.5,0,0,13,6,6
4,2,4,12.0,0,0,0,9,6
2,1,2,11.3,0,0,0,0,0
0,1,0,11.9,0,0,5,6,1
15,3,15,25.8,0,0,0,14,5
16,4,16,28.5,0,1,0,5,6
13,2,13,14.9,0,0,0,25,5
13,5,13,8.9,0,0,0,9,6
15,1,15,29.1,0,1,4,20,4
12,0,12,20.1,0,0,0,9,5
10,5,10,12.6,0,0,0,23,5
16,5,16,32.9,0,0,0,12,6
14,3,14,27.3,0,0,5,12,4
16,4,16,24.1,0,0,0,5,5
11,6,11,26.5,0,1,0,12,6
14,1,14,13.4,0,0,4,13,4
5,5,5,13.6,0,0,4,29,4
16,5,16,17.0,0,0,0,29,6
15,1,15,11.5,0,0,21,71,5
22,1,22,21.0,0,1,17,33,15
19,5,19,6.8,0,0,5,30,1
18,0,18,7.8,0,0,0,48,5
21,2,21,11.4,1,2,0,9,6
8,1,8,11.7,0,0,0,4,5
10,1,10,20.5,0,0,28,7,0
6,3,6,0.5,0,0,0,29,6
7,5,7,16.0,0,0,0,24,5
18,6,18,27.1,0,0,21,3,7
17,2,17,20.7,0,0,5,12,4
13,2,13,14.2,0,0,0,31,6
20,3,20,9.3,0,0,0,29,6
8,3,8,7.4,0,0,0,13,5
11,4,11,7.2,0,0,0,9,6
9,2,9,9.7,0,0,0,16,7
18,0,18,30.2,0,0,0,10,5
17,0,17,18.7,0,0,4,45,1
15,1,15,30.8,0,1,12,27,0
17,6,17,20.2,0,0,21,3,0
15,6,15,20.7,0,0,0,3,0
10,2,10,25.2,0,1,0,8,5
4,0,4,15.0,0,0,0,26,5
11,3,11,11.3,0,0,4,54,5
6,5,6,11.2,0,0,4,18,1
7,6,7,16.7,0,1,0,7,5
0,4,0,4.8,0,0,16,32,14
21,0,21,9.6,0,0,15,19,7
2,1,2,11.4,0,0,0,1,0
4,4,4,10.4,0,0,0,9,6
20,4,20,8.9,0,0,0,13,5
7,0,7,0.6,0,0,0,25,5
16,2,16,13.8,0,0,4,13,1
16,3,16,26.9,0,1,0,7,6
10,2,10,6.8,0,0,0,20,5
10,3,10,19.0,0,1,25,51,21
14,6,14,26.5,0,1,0,12,6
13,1,13,24.1,0,0,4,9,4
15,5,15,29.3,0,1,0,49,5
15,0,15,27.1,0,1,0,5,5
4,0,4,5.0,0,0,0,26,6
21,2,21,14.0,0,0,0,26,5
1,3,1,17.0,0,0,6,18,8
18,3,18,17.0,0,0,4,18,1
8,3,8,5.2,0,0,0,18,5
15,1,15,15.4,0,0,0,44,6
23,5,23,4.0,0,0,16,32,14
17,4,17,30.8,0,1,0,30,5
15,2,15,18.7,0,0,0,44,6
23,4,23,4.1,0,0,0,19,0
8,2,8,4.5,0,0,0,18,5
10,1,10,11.9,0,0,0,30,5
8,1,8,5.9,0,0,0,6,6
9,5,9,8.7,0,0,0,25,6
16,6,16,29.2,0,0,4,64,4
12,1,12,27.9,0,0,0,9,6
4,3,4,7.7,0,0,0,26,5
4,0,4,8.7,0,0,0,8,5
4,6,4,2.0,0,0,5,5,4
14,3,14,19.2,1,2,5,3,4
8,6,8,15.5,0,1,5,10,1
15,1,15,13.6,0,0,0,13,5
0,3,0,15.6,0,0,0,1,7
10,0,10,11.3,0,0,0,8,5
15,0,15,27.0,0,0,4,18,4
16,1,16,18.4,0,0,21,71,5
9,1,9,14.8,0,0,20,75,15
9,5,9,10.6,0,0,0,4,5
15,5,15,29.5,0,1,21,71,5
8,6,8,7.6,0,0,0,20,5
17,0,17,23.0,0,0,6,7,8
21,4,21,18.9,0,0,13,5,5
0,1,0,17.8,0,0,20,19,15
12,5,12,18.7,0,0,4,31,4
19,6,19,17.1,0,0,0,18,5
5,3,5,5.8,0,0,4,4,5
7,6,7,11.1,0,0,4,12,4
10,4,10,15.0,0,0,8,19,10
10,4,10,8.1,0,0,0,41,5
16,3,16,13.0,0,0,0,18,5
20,5,20,20.5,0,0,0,7,5
5,5,5,15.4,0,0,4,18,5
12,6,12,12.6,0,0,5,41,1
5,6,5,15.4,0,0,8,19,10
4,3,4,8.2,0,0,0,5,6
5,4,5,17.0,0,0,5,4,1
11,6,11,17.8,0,0,10,22,11
13,0,13,28.3,0,1,4,30,4
8,2,8,17.0,0,0,20,19,15
18,6,18,32.0,1,0,7,53,9
18,0,18,10.8,0,0,0,7,6
13,2,13,26.7,0,1,5,7,5
10,6,10,19.8,0,0,0,31,6
12,1,12,9.9,0,0,0,5,6
23,2,23,10.1,0,0,13,6,5
10,0,10,16.6,0,0,0,9,5
10,4,10,9.3,0,0,0,6,0
20,6,20,9.6,0,0,0,3,6
7,1,7,11.4,0,0,5,10,1
5,6,5,11.8,0,0,0,9,6
20,5,20,7.0,0,0,0,7,5
23,3,23,17.7,0,1,0,35,0
17,2,17,26.7,0,1,0,30,5
15,2,15,16.4,0,0,0,44,6
19,5,19,8.3,0,0,4,13,1
9,0,9,16.8,0,0,14,19,16
23,2,23,13.4,0,0,6,18,27
15,4,15,29.7,0,1,7,81,39
20,4,20,13.0,0,0,0,7,5
20,1,20,13.1,0,0,0,22,0
2,6,2,13.3,0,0,0,27,0
12,3,12,24.6,0,1,0,5,6
3,3,3,12.2,1,2,5,29,1
15,5,15,15.7,0,0,6,18,27
21,1,21,4.2,0,0,18,34,11
6,6,6,11.2,0,0,13,6,6
7,0,7,15.0,0,0,0,9,6
21,5,21,25.7,0,1,0,7,5
6,5,6,4.3,0,0,5,6,4
14,3,14,24.6,0,0,4,31,4
5,0,5,9.0,0,0,0,31,6
14,4,14,19.6,0,0,0,12,5
17,0,17,15.8,0,0,4,23,4
14,5,14,15.2,0,0,0,31,6
14,4,14,12.3,0,0,14,19,16
16,2,16,14.9,0,0,0,6,0
21,0,21,18.3,0,0,5,23,1
1,4,1,7.8,0,0,0,0,0
2,1,2,13.6,1,2,0,8,5
8,4,8,7.4,0,0,14,19,12
4,2,4,1.5,0,0,0,13,5
13,4,13,24.8,0,1,0,48,5
19,5,19,8.2,0,0,0,10,5
23,3,23,12.3,0,0,15,19,7
20,6,20,19.4,0,0,0,7,6
9,4,9,8.2,0,0,6,18,8
13,1,13,13.9,0,0,4,13,4
10,0,10,11.5,0,0,0,13,5
10,2,10,7.3,0,0,28,7,0
12,6,12,18.2,0,0,0,8,6
22,0,22,23.0,0,0,14,19,16
15,5,15,17.7,0,0,21,71,5
16,1,16,15.9,0,0,4,31,4
12,1,12,27.2,0,0,0,6,5
7,0,7,7.7,0,0,25,51,21
10,0,10,21.8,0,1,7,76,24
15,1,15,12.6,0,0,23,43,0
6,0,6,4.8,0,0,5,7,1
17,2,17,30.1,0,1,4,45,5
13,3,13,25.0,0,1,0,20,5
0,0,0,14.8,0,0,4,30,4
16,3,16,31.5,0,0,4,64,1
20,0,20,25.4,0,1,5,6,1
17,3,17,26.9,0,0,0,6,7
15,1,15,30.7,0,0,0,3,5
5,1,5,14.9,0,0,0,40,5
18,3,18,10.8,0,0,0,18,5
0,0,0,17.5,0,0,15,37,7
23,0,23,5.1,0,0,0,15,7
15,4,15,24.9,0,0,5,7,1
21,2,21,12.2,0,0,0,29,6
13,3,13,26.5,0,1,0,23,5
6,1,6,7.5,0,0,0,10,6
12,6,12,20.0,0,0,0,18,5
7,0,7,14.9,0,1,4,6,1
4,6,4,11.9,0,0,0,3,5
23,4,23,8.3,0,0,0,19,0
8,6,8,21.3,0,0,4,12,4
12,2,12,21.0,0,0,0,25,6
17,2,17,21.2,0,0,5,5,4
8,4,8,13.9,0,1,0,10,5
12,3,12,15.1,0,0,0,89,7
8,4,8,12.4,0,1,0,29,6
16,3,16,12.6,0,0,0,22,0
18,4,18,10.6,0,0,13,5,5
9,0,9,21.7,0,0,5,12,4
17,2,17,24.7,0,0,0,31,5
20,5,20,12.9,0,0,18,34,11
1,4,1,5.7,0,0,5,7,4
9,5,9,5.9,0,0,0,20,6
11,2,11,10.3,0,0,5,24,4
16,5,16,17.5,0,0,0,1,7
4,5,4,2.1,0,0,0,5,6
17,2,17,28.6,0,0,4,31,1
14,4,14,27.0,0,0,0,18,5
23,3,23,7.9,0,0,0,36,0
9,4,9,13.4,0,1,0,41,5
12,3,12,14.4,0,0,0,29,6
0,4,0,13.3,0,0,0,3,6
9,2,9,12.1,0,0,5,12,4
13,6,13,22.0,0,1,0,11,5
16,3,16,17.4,0,0,23,43,0
17,1,17,30.4,0,1,0,9,6
12,2,12,7.4,0,0,0,12,6
9,2,9,14.0,0,0,0,31,6
14,2,14,20.2,0,0,5,9,4
3,2,3,8.1,0,0,20,19,15
4,6,4,16.2,0,0,0,31,5
10,2,10,16.9,0,0,28,7,0
5,2,5,12.5,0,0,0,10,6
1,4,1,6.2,0,0,0,46,0
6,6,6,0.2,0,0,1,1,7
10,4,10,17.4,0,0,0,12,5
20,4,20,14.7,0,0,0,7,5
8,0,8,4.4,0,0,0,31,5
5,6,5,5.9,0,0,0,9,6
15,1,15,18.7,0,0,0,12,5
4,3,4,3.6,0,0,21,3,5
5,2,5,13.1,0,0,0,10,6
21,1,21,12.5,0,0,5,9,4
7,3,7,14.8,0,1,0,11,6
12,3,12,24.0,0,1,0,6,5
5,1,5,10.1,0,0,5,4,1
5,1,5,4.0,0,0,0,13,6
16,2,16,11.6,0,0,0,14,5
21,3,21,14.9,0,0,18,34,11
11,4,11,24.5,0,1,0,29,6
10,5,10,5.7,0,0,22,2,15
5,4,5,14.9,0,0,21,3,5
19,3,19,13.4,0,0,5,12,1
12,5,12,25.3,0,1,0,5,6
15,6,15,19.0,0,0,31,63,12
12,0,12,18.0,0,0,5,14,1
1,0,1,14.6,0,0,2,2,8
15,5,15,11.8,0,0,21,71,5
10,1,10,14.3,0,0,0,25,6
12,4,12,14.4,0,0,27,53,63
8,1,8,4.5,0,0,6,18,8
8,4,8,14.6,0,0,0,69,0
14,6,14,28.6,0,1,0,3,5
16,2,16,20.5,0,0,4,13,4
6,0,6,6.8,0,0,4,31,4
6,2,6,8.1,0,0,0,13,5
9,5,9,21.5,0,0,0,69,0
10,0,10,6.8,0,0,0,8,5
7,0,7,15.0,0,1,0,7,5
8,2,8,4.8,0,0,0,9,5
17,3,17,24.5,0,1,0,10,6
9,0,9,3.2,0,0,5,29,1
12,1,12,16.6,0,0,0,18,5
22,4,22,9.4,0,0,6,7,8
8,6,8,16.8,0,0,4,31,4
11,0,11,26.6,0,1,0,19,0
20,6,20,20.9,0,0,0,29,6
14,1,14,24.5,0,0,5,62,1
12,2,12,18.1,0,0,0,29,5
5,3,5,12.3,0,0,5,5,4
18,4,18,30.1,0,1,21,3,0
6,2,6,14.1,0,1,0,17,5
10,6,10,10.7,0,0,0,24,5
19,3,19,25.6,0,0,0,3,5
7,2,7,10.6,0,0,4,31,4
20,0,20,14.8,0,0,0,31,5
16,2,16,28.7,0,1,0,12,5
9,5,9,7.5,0,0,0,10,6
8,4,8,7.0,0,0,5,106,1
16,5,16,29.9,0,0,4,13,4
7,4,7,14.5,0,1,0,10,6
11,5,11,25.5,0,0,0,24,6
23,3,23,8.6,0,0,5,6,1
17,0,17,14.8,0,0,4,45,1
5,0,5,14.1,0,0,0,13,6
15,1,15,27.1,0,1,0,44,5
20,5,20,6.7,0,0,21,3,5
4,0,4,14.1,0,0,0,8,5
18,2,18,12.1,0,0,0,12,5
15,6,15,28.6,0,1,0,12,5
13,0,13,28.5,0,0,0,25,6
21,4,21,12.9,0,0,4,10,5
1,1,1,12.4,0,0,0,15,7
12,3,12,21.8,0,0,6,30,19
11,1,11,15.9,0,0,0,13,6
13,1,13,23.4,0,0,5,12,1
21,2,21,10.1,0,0,0,3,6
9,2,9,19.9,0,1,0,8,6
15,2,15,21.0,0,0,13,6,5
23,4,23,12.1,0,0,0,35,0
16,4,16,32.9,0,1,4,5,5
8,4,8,3.5,0,0,0,4,5
0,5,0,10.8,0,0,1,1,1
5,2,5,13.0,0,0,4,1,1
12,6,12,14.0,0,0,0,31,6
14,2,14,26.7,0,0,0,13,6
17,2,17,29.7,0,1,0,30,5
5,1,5,8.3,0,0,0,9,6
11,3,11,8.9,0,0,0,31,6
18,1,18,8.8,0,0,0,13,6
4,3,4,6.5,0,0,0,9,5
5,2,5,11.0,0,0,2,2,8
8,1,8,7.1,0,0,21,3,5
16,1,16,19.1,0,0,0,23,6
9,6,9,18.0,0,1,0,29,6
5,5,5,16.4,0,0,4,23,5
4,5,4,13.0,0,0,0,31,6
16,2,16,11.6,0,0,11,50,3
23,0,23,14.8,0,0,20,19,15
16,1,16,13.2,0,0,0,44,6
16,3,16,34.1,0,1,0,7,5
4,6,4,8.3,0,0,0,26,5
17,5,17,16.4,0,0,0,30,5
6,2,6,8.9,0,0,0,9,6
5,1,5,6.4,0,0,0,13,6
11,5,11,9.2,0,0,0,31,6
16,6,16,16.1,0,0,0,18,5
21,6,21,21.4,0,1,0,7,5
11,6,11,26.0,0,1,0,8,5
7,5,7,8.9,0,1,0,10,5
16,6,16,10.2,0,0,0,25,6
12,3,12,20.2,0,0,0,29,6
22,3,22,7.1,0,0,10,22,11
22,2,22,16.9,0,1,16,32,14
12,0,12,8.6,0,0,0,12,6
14,5,14,23.9,0,0,0,3,5
0,2,0,9.0,0,0,2,2,8
12,2,12,25.5,0,1,0,5,6
14,1,14,18.0,0,0,0,24,5
17,2,17,20.1,0,0,0,6,0
7,6,7,12.2,0,1,0,8,6
16,3,16,22.9,0,0,0,5,6
13,0,13,16.7,0,0,4,13,1
15,3,15,13.7,0,0,5,12,1
16,3,16,29.8,0,1,14,19,16
6,3,6,3.6,0,0,0,13,5
20,1,20,24.3,0,1,0,26,5
13,6,13,26.4,0,0,0,20,6
2,3,2,6.6,0,0,8,19,10
15,0,15,25.6,0,0,4,13,1
14,6,14,30.3,0,1,0,12,6
12,2,12,14.2,0,0,5,24,4
23,0,23,21.5,0,1,15,19,13
8,1,8,15.9,0,1,0,12,6
14,1,14,26.2,0,1,0,12,6
14,1,14,23.9,0,0,13,99,4
11,2,11,17.3,0,0,0,9,6
12,0,12,26.7,0,1,20,19,15
8,0,8,2.2,0,0,0,3,6
9,1,9,18.5,0,0,7,13,24
11,4,11,23.0,0,1,0,10,6
12,1,12,9.4,1,2,0,92,6
5,4,5,12.6,0,0,0,13,6
11,2,11,19.1,0,0,5,10,4
5,0,5,8.9,0,0,0,31,6
15,4,15,18.8,0,0,4,13,4
5,1,5,13.5,0,0,0,10,5
15,5,15,31.8,0,1,0,3,5
21,2,21,10.2,0,0,15,19,7
7,6,7,11.3,0,0,0,11,5
6,4,6,15.5,0,1,13,6,6
5,0,5,11.9,0,0,0,31,5
4,5,4,14.7,0,0,0,26,6
13,4,13,27.1,0,0,0,6,6
6,2,6,4.5,0,0,0,41,5
14,6,14,20.6,0,0,21,3,5
7,2,7,15.9,0,1,21,3,5
21,3,21,9.7,1,2,5,12,1
5,1,5,1.9,0,0,0,9,5
15,6,15,24.9,0,0,13,6,6
16,2,16,21.7,0,0,4,9,1
2,3,2,9.2,0,0,0,0,0
8,0,8,14.2,0,0,53,10,31
7,2,7,2.9,0,0,0,13,6
15,0,15,19.3,0,0,0,14,5
13,5,13,28.3,0,1,0,23,5
8,4,8,7.8,0,0,0,31,6
22,1,22,10.9,0,0,15,19,7
12,6,12,17.4,0,0,0,10,6
13,6,13,32.2,0,0,10,22,11
17,0,17,31.4,0,1,0,12,5
14,3,14,9.4,0,0,0,31,5
16,5,16,30.2,0,1,6,18,8
18,3,18,25.9,0,0,0,10,5
1,5,1,10.5,0,0,2,2,2
16,2,16,29.2,0,1,4,23,4
12,4,12,25.3,0,0,10,22,11
16,2,16,19.6,0,0,0,31,6
13,0,13,14.0,0,0,9,21,11
5,1,5,16.5,0,0,5,4,1
5,1,5,4.2,0,0,0,31,6
16,4,16,28.1,0,1,0,6,6
6,3,6,11.7,0,1,0,9,5
7,4,7,12.7,0,1,0,10,6
11,1,11,16.2,0,0,0,6,5
16,3,16,12.5,0,0,4,20,4
0,3,0,6.5,0,0,0,1,7
13,1,13,10.9,0,0,0,12,6
11,0,11,11.7,0,0,10,22,11
23,0,23,8.6,0,0,0,15,7
5,2,5,16.2,0,0,0,10,5
9,5,9,14.0,0,0,0,3,5
10,2,10,10.1,0,0,0,11,5
21,2,21,9.0,0,0,21,3,5
7,3,7,7.1,0,0,0,12,6
5,3,5,15.2,0,0,4,4,4
13,5,13,8.9,0,0,4,29,1
7,2,7,7.6,0,0,0,20,6
11,3,11,10.2,1,0,7,53,24
21,0,21,5.5,0,0,6,18,8
13,6,13,28.6,0,1,0,12,5
8,3,8,8.3,0,0,0,7,6
16,3,16,16.0,0,0,0,31,6
5,3,5,14.0,0,0,0,26,6
13,0,13,28.2,0,0,0,24,5
23,6,23,12.2,0,0,0,36,0
6,1,6,14.4,0,0,0,40,5
2,0,2,16.3,0,0,2,2,8
16,5,16,30.0,0,0,30,19,15
12,0,12,23.0,0,0,5,20,4
6,1,6,14.7,0,1,0,29,5
21,5,21,17.6,0,0,26,58,7
0,2,0,5.7,0,0,0,35,7
14,0,14,29.4,0,0,0,14,5
20,4,20,23.7,0,1,4,18,5
5,1,5,4.2,0,0,4,5,4
16,2,16,22.3,0,0,4,9,5
13,0,13,20.5,0,0,5,20,1
6,3,6,0.8,0,0,0,29,6
1,2,1,11.6,0,0,13,6,5
8,0,8,14.0,0,1,5,10,1
15,4,15,27.8,0,1,13,4,6
4,0,4,8.8,0,0,20,6,15
7,2,7,15.9,0,1,0,11,6
4,0,4,14.3,0,0,0,31,5
13,3,13,10.8,0,0,0,12,5
15,0,15,19.8,0,0,25,25,6
17,0,17,18.4,0,0,0,29,6
10,1,10,12.9,0,0,0,6,0
17,2,17,23.4,0,0,40,1,46
1,5,1,15.0,0,0,0,1,7
0,6,0,18.9,0,0,0,1,7
16,3,16,26.2,0,0,0,31,5
12,5,12,23.3,0,0,4,54,1
9,5,9,7.9,0,0,0,16,7
8,0,8,3.1,0,0,27,11,24
14,3,14,10.9,0,0,0,25,5
5,0,5,12.8,0,0,0,13,6
14,6,14,16.5,0,0,14,19,16
15,2,15,28.6,0,1,0,49,5
7,3,7,6.9,0,0,5,17,1
16,5,16,30.8,0,1,0,7,5
10,5,10,7.4,0,0,5,41,1
16,4,16,27.2,0,0,4,13,1
1,6,1,17.4,0,0,13,6,6
8,1,8,9.0,0,0,0,12,6
17,5,17,29.8,0,0,0,31,5
8,1,8,15.5,0,0,4,31,4
23,5,23,10.4,0,0,0,36,7
8,3,8,2.0,0,0,0,12,6
21,2,21,24.4,0,1,4,10,5
12,2,12,23.7,0,0,5,41,1
19,2,19,31.8,0,1,0,13,6
5,1,5,18.2,0,0,5,5,5
8,5,8,13.2,0,0,4,13,1
5,2,5,2.6,0,0,0,29,6
9,5,9,20.2,0,0,0,8,6
19,0,19,27.3,0,1,8,1,10
10,2,10,21.5,0,1,0,12,6
8,5,8,1.2,0,0,0,20,5
16,0,16,29.9,0,1,0,6,6
13,3,13,11.9,0,0,4,29,1
12,4,12,26.6,0,1,39,7,12
2,2,2,6.9,0,0,13,6,6
19,5,19,23.2,0,1,5,5,5
21,6,21,14.3,0,0,39,7,12
13,1,13,27.3,0,1,23,43,0
8,2,8,4.9,0,0,0,25,5
19,5,19,10.5,0,0,5,18,1
17,2,17,29.8,0,1,0,6,0
10,6,10,16.2,0,0,5,10,4
4,4,4,11.7,0,0,3,3,3
0,3,0,7.5,0,0,0,19,0
5,3,5,15.3,0,0,0,31,5
16,6,16,13.2,0,0,0,24,5
16,5,16,18.8,0,0,0,29,5
17,5,17,21.5,0,0,0,13,6
7,2,7,9.8,0,0,0,11,5
13,0,13,18.0,0,0,0,12,6
9,4,9,5.8,0,0,7,30,20
5,5,5,5.7,0,0,13,6,4
15,0,15,11.7,0,0,4,6,5
23,3,23,17.1,0,0,5,6,1
13,1,13,15.8,0,0,0,31,6
20,2,20,13.5,0,0,5,18,1
4,3,4,6.0,0,0,0,5,6
16,0,16,26.4,0,0,14,19,16
8,6,8,18.3,0,1,0,12,6
9,3,9,17.8,0,0,21,3,5
8,5,8,7.9,0,0,0,29,5
18,3,18,28.7,0,1,0,20,6
12,1,12,27.8,0,0,0,29,6
20,4,20,19.8,0,0,0,7,5
23,3,23,7.4,0,0,13,6,6
17,1,17,25.2,0,0,0,6,0
6,5,6,1.3,0,0,4,18,5
8,2,8,8.9,0,0,0,14,5
4,6,4,13.2,0,0,0,1,7
14,3,14,13.4,0,0,4,6,4
1,4,1,12.0,0,0,1,1,1
0,1,0,15.5,0,0,20,19,15
4,2,4,9.0,0,0,0,9,6
10,3,10,5.5,0,0,0,8,6
18,0,18,34.4,0,1,4,31,4
8,3,8,6.1,0,0,0,12,6
23,0,23,7.3,0,0,5,6,1
11,2,11,13.2,0,0,0,24,5
7,2,7,13.1,0,1,1,1,7
0,3,0,6.5,0,0,1,1,1
8,6,8,9.1,0,0,0,20,6
4,1,4,4.8,0,0,0,31,6
18,3,18,9.2,0,0,5,20,1
8,0,8,17.0,0,0,4,13,1
14,5,14,12.7,0,0,13,99,1
8,4,8,18.9,0,0,0,9,5
8,0,8,10.3,0,0,22,19,15
6,0,6,3.6,0,0,4,18,5
21,5,21,17.1,0,0,0,22,0
11,1,11,15.1,0,0,4,54,5
23,3,23,9.2,0,0,21,3,5
7,0,7,17.9,0,0,0,29,5
5,4,5,12.4,0,0,21,3,14
6,4,6,14.9,0,1,4,6,5
15,6,15,10.8,0,0,4,18,5
8,2,8,18.6,0,1,0,4,5
22,3,22,13.1,0,0,13,6,4
8,2,8,8.8,0,0,0,5,6
4,4,4,12.7,0,0,0,9,6
22,0,22,16.6,0,0,0,9,6
17,5,17,26.9,0,1,0,8,5
22,1,22,15.1,0,1,6,18,17
19,3,19,24.4,0,0,13,5,5
18,2,18,24.8,0,0,0,29,6
10,0,10,9.0,0,0,0,9,6
15,5,15,19.9,0,1,0,44,5
10,2,10,24.1,0,1,0,23,5
15,5,15,26.4,0,0,0,5,6
5,0,5,6.7,0,0,4,5,4
14,1,14,24.3,0,0,5,12,4
15,2,15,29.8,0,0,5,12,1
13,1,13,23.2,0,1,12,27,0
18,1,18,17.6,0,0,0,9,6
18,6,18,18.4,0,0,0,12,6
5,2,5,5.7,0,0,0,31,6
17,6,17,29.5,0,1,5,25,1
6,6,6,8.4,0,0,5,7,1
5,6,5,7.7,0,0,21,3,5
12,1,12,10.4,0,0,9,21,11
10,6,10,17.3,0,0,0,19,0
23,3,23,15.6,0,1,18,34,11
11,1,11,15.6,0,0,0,4,5
1,6,1,11.4,0,0,20,19,15
12,4,12,20.8,0,0,6,18,8
7,3,7,16.7,0,1,0,29,6
6,3,6,10.0,0,0,0,9,6
5,2,5,13.1,0,0,4,3,4
10,2,10,12.2,0,0,5,10,1
14,5,14,29.1,0,0,0,13,6
4,6,4,4.1,0,0,5,4,1
8,0,8,7.0,0,0,5,13,4
17,0,17,17.9,0,0,0,29,6
5,4,5,12.4,0,0,21,3,14
12,5,12,18.8,0,0,0,89,0
1,3,1,12.7,0,0,2,2,8
13,6,13,15.8,0,0,0,20,6
14,3,14,28.2,0,1,0,29,5
7,0,7,12.4,0,1,13,6,6
21,3,21,9.6,0,0,15,19,7
12,6,12,29.7,0,1,0,7,5
11,1,11,14.6,0,0,5,31,1
5,1,5,10.9,0,0,5,5,4
16,5,16,30.8,0,1,13,6,5
8,3,8,16.7,0,1,0,11,5
9,2,9,14.7,0,1,4,4,4
15,6,15,24.1,0,0,0,6,5
19,6,19,16.2,0,0,13,6,6
1,4,1,5.4,0,0,0,46,0
13,4,13,24.3,0,0,5,7,1
7,4,7,11.1,0,1,0,29,6
11,1,11,24.1,0,1,0,10,5
0,3,0,16.7,0,0,16,32,14
5,3,5,7.2,0,0,21,3,5
9,4,9,11.7,0,0,21,3,5
0,0,0,14.1,0,0,30,19,15
20,4,20,21.9,0,0,0,29,6
9,4,9,19.4,0,0,21,3,5
19,0,19,7.7,0,0,0,20,6
16,5,16,30.4,0,0,4,23,4
15,4,15,29.4,0,1,14,19,16
5,6,5,5.1,0,0,0,13,6
18,1,18,12.5,0,0,0,29,5
9,5,9,21.2,0,0,0,29,6
14,5,14,29.1,0,0,0,13,6
22,1,22,9.1,0,0,15,19,7
8,2,8,15.5,0,1,0,20,6
1,3,1,15.5,0,0,2,2,8
8,3,8,2.0,0,0,0,16,0
8,2,8,4.9,0,0,53,13,31
8,1,8,8.0,0,0,0,3,6
8,5,8,-1.1,0,0,21,3,5
4,2,4,9.5,0,0,0,8,6
18,0,18,28.7,0,1,14,19,12
19,6,19,31.7,0,0,0,20,5
19,1,19,11.0,0,0,0,22,0
7,6,7,12.1,0,0,5,10,1
16,1,16,26.9,0,0,4,9,1
13,3,13,12.7,0,0,0,29,6
9,2,9,12.7,0,0,0,3,10
10,3,10,7.6,0,0,5,14,1
6,4,6,4.0,0,0,4,5,4
6,4,6,12.7,0,0,0,14,5
7,4,7,11.8,0,0,13,6,6
22,3,22,6.1,0,0,13,6,4
5,6,5,10.3,0,0,0,5,6
8,6,8,4.9,0,0,0,18,5
9,2,9,19.3,0,0,0,11,5
13,1,13,25.3,0,0,12,27,0
14,3,14,27.1,0,0,4,9,4
2,0,2,11.9,0,0,1,1,1
12,5,12,14.3,0,0,0,18,5
15,5,15,16.3,0,0,6,18,27
6,6,6,12.2,0,0,0,55,5
23,6,23,10.5,0,0,0,8,6
19,3,19,25.2,0,0,5,29,1
8,0,8,7.1,0,0,5,29,1
18,2,18,29.6,0,1,4,12,5
12,5,12,21.2,0,0,4,29,1
6,1,6,15.1,0,1,0,8,5
8,0,8,8.1,0,0,0,25,6
15,2,15,16.6,0,0,21,71,5
6,6,6,15.6,0,1,13,6,5
15,1,15,27.8,0,1,13,6,6
14,3,14,24.2,0,0,5,23,1
23,4,23,18.4,0,1,0,35,0
5,6,5,11.0,0,0,0,9,6
5,4,5,14.5,0,0,5,5,5
10,4,10,12.0,0,0,0,12,5
16,2,16,19.6,0,0,0,1,7
8,2,8,9.1,0,0,5,10,4
9,6,9,11.0,0,0,0,16,0
16,1,16,10.4,0,0,4,9,1
12,3,12,15.4,0,0,0,18,5
4,2,4,12.5,0,0,0,31,6
4,4,4,16.5,0,0,0,9,6
6,0,6,11.7,0,1,4,6,1
5,0,5,14.3,0,0,4,1,1
23,6,23,18.2,0,0,7,25,24
5,3,5,5.5,0,0,0,5,6
8,1,8,14.0,0,0,0,16,0
12,2,12,26.6,0,0,0,11,6
8,6,8,5.7,0,0,0,6,6
6,5,6,13.8,0,0,4,18,4
0,3,0,11.4,0,0,0,1,10
10,0,10,22.3,0,0,0,12,5
5,6,5,9.2,0,0,4,5,4
18,2,18,19.5,0,0,0,29,5
12,3,12,28.1,0,1,9,21,13
22,2,22,12.1,0,0,5,6,1
11,5,11,13.2,0,0,0,19,7
7,1,7,5.5,0,0,0,25,5
4,0,4,14.0,0,0,0,10,5
17,0,17,16.0,0,0,4,45,4
19,2,19,18.6,0,0,0,48,6
4,3,4,4.7,0,0,5,5,4
7,1,7,14.6,0,0,0,14,5
19,6,19,21.7,0,0,13,6,4
7,6,7,8.9,0,0,4,39,1
8,2,8,8.7,0,0,0,12,6
8,2,8,16.8,0,1,0,11,6
12,6,12,13.1,0,0,9,21,11
2,4,2,16.9,0,0,2,2,8
11,2,11,9.8,0,0,10,22,11
8,4,8,11.1,0,1,4,39,1
17,6,17,29.6,0,1,10,22,11
6,0,6,4.9,0,0,0,13,6
7,3,7,1.1,0,0,0,25,5
8,1,8,5.9,0,0,0,29,5
12,6,12,12.6,0,0,0,8,6
5,1,5,11.4,0,0,0,5,6
12,1,12,26.4,0,1,5,17,1
8,4,8,3.0,0,0,0,14,5
16,3,16,17.6,0,0,0,1,7
18,1,18,27.4,0,0,0,12,6
14,3,14,30.8,0,1,0,12,5
15,6,15,28.9,0,1,0,12,5
9,3,9,14.4,0,1,4,4,4
23,3,23,17.4,0,1,19,15,0
5,0,5,12.3,0,0,3,3,3
22,2,22,6.7,0,0,0,8,6
3,1,3,12.3,0,0,2,2,2
1,6,1,14.9,0,0,2,2,8
10,0,10,8.7,0,0,0,9,6
2,5,2,13.9,0,0,0,27,0
20,6,20,18.5,0,0,0,13,5
23,4,23,12.3,0,0,0,15,7
9,5,9,20.5,0,0,0,16,0
10,0,10,13.6,0,0,5,12,1
16,1,16,31.1,0,1,4,23,5
19,1,19,16.9,0,0,0,22,0
15,3,15,28.1,0,1,6,18,17
15,2,15,18.9,0,0,13,6,6
19,5,19,12.0,0,0,0,29,5
15,5,15,14.5,0,0,6,18,8
21,0,21,16.4,0,0,8,19,10
4,1,4,9.7,0,0,0,26,6
14,6,14,19.0,0,0,21,71,5
11,5,11,25.1,0,1,0,19,0
19,6,19,8.6,0,0,5,12,4
14,3,14,17.6,0,0,0,12,6
19,3,19,28.7,0,0,5,25,4
14,5,14,20.5,0,0,13,6,6
13,2,13,26.3,0,1,10,22,11
10,0,10,21.1,0,1,0,31,6
4,5,4,6.0,0,0,5,5,4
12,1,12,16.2,0,0,9,21,11
12,2,12,17.6,0,0,2,2,2
4,2,4,4.5,0,0,5,5,4
16,1,16,17.9,0,0,0,29,6
4,3,4,7.0,0,0,0,13,6
0,1,0,6.3,0,0,2,2,8
3,6,3,10.3,0,0,52,40,57
8,5,8,1.5,0,0,25,51,21
5,3,5,7.2,0,0,0,8,6
6,2,6,6.5,0,0,0,10,6
8,2,8,12.8,0,0,4,13,1
5,1,5,14.1,0,0,21,3,5
10,0,10,13.3,0,0,0,8,6
12,0,12,20.2,0,0,0,29,6
16,6,16,27.9,0,0,5,62,1
16,0,16,16.2,0,0,5,13,1
23,2,23,9.2,0,0,0,15,7
6,3,6,0.9,0,0,0,29,5
8,3,8,5.9,0,0,0,12,5
5,1,5,5.4,0,0,21,3,14
21,2,21,22.4,0,0,0,31,6
15,6,15,14.6,0,0,21,71,5
4,0,4,15.6,0,0,0,10,6
4,5,4,15.7,0,0,0,23,5
21,0,21,6.2,0,0,0,10,5
14,5,14,15.8,0,0,0,10,6
13,2,13,18.1,0,0,5,23,1
15,1,15,11.6,0,0,5,62,1
10,5,10,15.8,0,0,5,14,1
23,0,23,9.8,0,0,0,26,6
7,2,7,13.4,0,1,0,16,7
20,6,20,19.5,0,0,5,10,1
13,3,13,13.2,0,0,0,13,6
12,6,12,21.7,0,0,2,2,2
16,2,16,13.5,0,0,0,9,5
17,5,17,12.0,0,0,0,10,6
8,0,8,17.1,0,0,4,12,5
1,1,1,8.5,0,0,0,1,0
16,2,16,11.7,0,0,0,31,5
11,5,11,16.3,0,0,4,54,1
19,5,19,23.8,0,0,0,8,6
18,0,18,11.1,0,0,13,6,1
14,2,14,24.0,0,0,4,29,5
19,0,19,13.1,0,0,5,29,1
17,0,17,27.5,0,0,0,1,10
12,1,12,18.5,0,0,4,54,1
8,4,8,3.9,0,0,21,3,5
4,1,4,11.3,0,0,0,3,5
13,3,13,26.1,0,0,0,9,6
5,6,5,14.0,0,0,8,19,10
7,0,7,11.1,0,0,0,7,6
8,5,8,14.6,0,1,0,5,5
7,4,7,12.6,0,1,0,31,6
15,2,15,21.4,0,0,4,13,4
18,2,18,17.4,0,1,4,45,4
8,5,8,5.6,0,0,13,5,6
10,6,10,27.6,0,0,20,19,15
8,6,8,13.7,0,1,29,3,30
20,4,20,19.5,0,0,0,13,6
11,3,11,13.9,0,1,0,20,6
22,1,22,15.1,0,0,5,29,1
7,0,7,14.4,0,0,8,1,10
19,1,19,22.3,0,0,4,20,4
21,6,21,12.6,0,0,0,13,6
5,6,5,2.0,0,0,0,55,5
16,6,16,24.4,0,0,0,23,5
18,5,18,15.2,0,0,0,8,6
6,1,6,5.9,0,0,4,9,1
15,1,15,27.8,0,0,0,12,6
6,5,6,4.1,0,0,0,8,5
8,5,8,15.0,0,0,22,2,15
11,3,11,13.9,0,0,0,25,5
16,4,16,19.4,0,0,0,10,6
8,5,8,19.2,0,0,0,12,5
7,0,7,10.9,0,0,0,42,6
5,6,5,17.8,0,0,0,18,5
17,0,17,26.1,0,1,0,6,0
6,0,6,2.1,0,0,4,18,1
17,3,17,26.7,0,1,0,7,6
10,3,10,10.4,0,0,28,7,0
23,5,23,10.3,0,0,0,3,6
15,1,15,21.7,0,0,0,13,6
19,5,19,16.4,0,0,5,30,1
9,2,9,24.0,0,1,7,67,24
0,4,0,13.8,0,0,0,15,7
10,1,10,19.1,0,0,0,31,6
19,0,19,12.4,0,0,4,18,5
0,1,0,5.5,0,0,5,7,1
14,4,14,11.7,0,0,0,25,6
11,0,11,14.7,0,0,0,10,6
21,4,21,14.1,0,0,18,34,11
11,0,11,11.8,0,0,0,19,7
22,3,22,18.7,0,1,15,19,7
13,0,13,22.5,0,0,13,6,6
5,3,5,6.9,0,0,4,31,5
10,3,10,12.0,0,0,0,25,6
0,0,0,8.0,0,0,0,6,5
20,6,20,10.3,0,0,0,31,6
13,3,13,10.1,1,2,13,4,5
8,3,8,7.4,0,0,0,12,6
4,0,4,5.8,0,0,0,23,5
14,2,14,20.3,0,0,6,7,8
9,4,9,6.9,0,0,0,16,0
19,1,19,10.9,0,0,4,18,5
8,5,8,3.3,0,0,4,30,1
6,0,6,14.4,0,0,5,5,5
15,5,15,25.4,0,1,5,12,4
6,6,6,7.8,0,0,5,6,1
21,5,21,21.6,0,0,0,22,0
14,2,14,15.6,0,0,4,13,4
14,4,14,15.1,0,0,13,6,6
6,1,6,2.1,0,0,1,1,7
12,2,12,29.3,0,1,0,5,6
16,2,16,25.3,0,0,4,9,4
14,5,14,33.3,0,1,0,29,6
7,6,7,10.7,0,0,1,1,1
9,0,9,22.8,0,0,0,16,7
13,4,13,26.5,0,0,5,7,1
16,1,16,28.4,0,1,5,5,5
12,0,12,19.0,0,0,0,5,5
4,2,4,14.3,0,0,20,19,15
8,2,8,20.5,0,0,5,10,1
17,5,17,17.0,0,0,0,23,6
15,2,15,11.6,0,0,5,20,4
19,1,19,12.6,0,0,5,30,1
11,3,11,8.9,0,0,0,25,6
7,5,7,5.8,0,0,0,12,5
10,3,10,10.9,1,2,0,12,5
15,5,15,30.5,0,0,0,4,5
1,3,1,17.1,0,0,0,0,0
0,4,0,21.2,0,0,0,36,7
15,0,15,27.0,0,0,0,14,5
17,6,17,15.0,0,0,0,6,0
15,1,15,20.5,0,0,0,6,6
12,6,12,20.5,0,0,13,6,6
12,1,12,26.8,0,0,4,54,1
19,6,19,9.1,0,0,0,22,0
10,5,10,21.8,0,0,14,19,12
2,2,2,13.0,0,0,2,2,8
18,3,18,26.2,0,0,5,23,4
23,2,23,11.7,0,0,13,6,5
3,0,3,10.0,0,0,2,2,2
23,0,23,10.4,0,0,0,35,7
16,2,16,27.9,0,1,4,20,1
4,2,4,8.4,0,0,0,31,6
9,5,9,18.1,0,0,0,29,5
6,2,6,8.7,0,0,13,6,6
9,6,9,12.0,0,0,25,13,22
2,1,2,9.1,0,0,2,2,2
16,6,16,32.6,0,1,0,7,5
7,0,7,14.8,0,0,0,9,6
22,5,22,8.4,0,0,15,19,7
2,1,2,18.4,0,0,2,2,2
16,6,16,20.3,0,0,0,25,6
12,2,12,7.7,0,0,0,18,5
13,0,13,17.0,0,0,0,12,5
15,4,15,11.7,0,0,5,12,1
16,5,16,26.4,0,0,5,12,1
19,1,19,18.0,0,0,13,6,6
21,0,21,18.8,0,0,18,34,11
16,2,16,29.1,0,1,5,5,5
5,0,5,9.6,0,0,5,5,4
22,4,22,7.1,1,2,0,7,6
7,1,7,8.8,0,0,0,6,7
15,0,15,19.6,0,0,0,3,6
18,6,18,32.7,0,0,5,23,4
8,5,8,21.2,0,0,14,63,16
15,5,15,25.7,0,1,0,12,5
16,5,16,17.3,0,0,4,10,1
4,0,4,12.1,0,0,0,13,5
14,6,14,21.6,0,0,13,99,1
0,3,0,11.5,0,0,4,1,1
10,5,10,5.7,0,0,0,6,7
3,1,3,10.5,0,0,0,8,5
17,2,17,19.8,0,0,0,6,0
6,0,6,12.7,0,0,4,13,1
13,2,13,25.4,0,0,5,7,1
16,2,16,16.2,0,0,4,13,1
6,1,6,0.4,0,0,21,3,5
14,4,14,23.1,0,0,0,11,5
9,5,9,2.5,0,0,0,3,6
6,1,6,9.2,0,0,0,29,6
15,0,15,15.2,0,0,25,25,22
13,6,13,14.3,0,0,20,19,15
11,3,11,10.2,0,0,5,10,1
12,3,12,13.8,0,0,0,12,6
7,1,7,11.6,0,1,0,7,5
23,6,23,7.7,0,0,0,19,0
7,0,7,7.7,0,0,0,13,6
7,0,7,7.7,0,0,0,29,6
15,1,15,20.3,0,0,0,10,5
11,6,11,24.8,0,0,0,12,6
16,3,16,33.0,0,0,4,20,4
16,2,16,19.2,0,0,0,29,5
10,0,10,19.6,0,0,5,10,1
8,0,8,12.8,0,0,4,39,1
18,0,18,8.0,0,0,0,12,5
13,5,13,16.4,0,0,0,3,5
2,3,2,8.1,0,0,1,39,1
8,4,8,7.9,0,0,0,9,6
5,3,5,2.1,0,0,4,4,4
10,3,10,9.1,0,0,0,24,5
9,4,9,8.4,0,0,0,3,5
21,5,21,6.9,0,0,10,38,10
13,3,13,12.3,0,0,4,13,1
11,6,11,11.3,0,0,0,20,5
12,5,12,14.3,0,0,0,8,6
16,1,16,28.3,0,1,0,4,5
7,2,7,13.2,0,1,0,12,6
22,5,22,9.3,0,0,10,22,11
23,3,23,8.7,0,0,0,35,0
9,5,9,13.3,0,0,0,10,6
13,3,13,13.1,0,0,4,10,1
8,5,8,18.3,0,1,0,4,5
16,6,16,18.6,0,0,0,18,5
20,0,20,13.2,0,0,5,18,1
14,0,14,15.5,0,0,0,11,5
22,1,22,11.6,0,0,20,7,15
16,5,16,26.3,0,0,0,1,10
23,4,23,15.5,0,0,15,19,7
8,6,8,17.0,0,0,20,7,15
14,5,14,15.1,0,0,13,99,1
13,2,13,8.8,0,0,0,12,5
19,3,19,27.2,0,1,4,10,4
5,4,5,8.0,0,0,0,23,6
18,4,18,15.6,0,0,4,18,5
15,1,15,32.4,0,1,0,5,6
7,6,7,12.4,0,1,4,6,5
6,0,6,10.0,0,0,0,8,6
14,2,14,12.0,0,0,0,6,6
19,4,19,7.7,1,2,0,9,6
12,3,12,12.9,0,0,7,52,9
14,6,14,32.4,0,0,13,6,6
0,1,0,10.7,0,0,1,1,14
8,2,8,4.8,0,0,0,6,6
17,6,17,27.5,0,1,4,30,4
17,5,17,11.8,0,0,0,25,6
8,3,8,10.9,0,0,0,20,6
17,3,17,25.7,0,0,4,9,4
10,5,10,12.7,0,0,0,12,5
1,3,1,8.6,0,0,2,2,8
15,4,15,19.5,0,0,0,3,6
6,3,6,9.0,0,0,5,7,1
11,0,11,9.3,0,0,0,19,7
8,3,8,5.9,0,0,0,5,6
20,4,20,24.4,0,0,4,18,4
0,1,0,9.8,0,0,2,2,8
16,6,16,34.3,0,0,4,13,4
17,5,17,15.2,0,0,0,5,5
13,0,13,10.9,0,0,0,20,6
8,3,8,17.4,0,1,0,1,0
17,6,17,25.4,0,0,4,23,4
21,2,21,20.9,0,1,0,7,5
8,1,8,13.0,0,0,0,29,5
23,3,23,20.0,0,1,32,19,15
15,1,15,20.4,0,0,4,31,4
9,4,9,11.6,0,0,0,3,6
12,6,12,13.1,0,0,9,21,11
3,6,3,8.0,0,0,14,19,16
10,6,10,15.9,0,0,5,14,1
4,4,4,5.5,0,0,5,4,1
6,3,6,2.5,0,0,0,55,5
16,1,16,30.7,0,0,0,9,6
18,0,18,19.7,0,0,0,12,6
4,6,4,7.1,0,0,0,8,6
11,0,11,19.8,0,0,0,13,6
15,1,15,12.5,0,0,13,6,5
9,4,9,7.1,1,2,22,7,15
1,5,1,15.7,0,0,1,1,1
12,6,12,24.3,0,1,0,12,6
16,0,16,9.7,0,0,0,18,5
10,4,10,10.4,0,0,0,41,5
1,0,1,17.4,0,0,0,46,0
1,3,1,8.6,0,0,2,2,8
9,5,9,20.5,0,0,0,30,6
4,2,4,9.4,0,0,0,13,6
5,5,5,6.4,0,0,4,18,1
12,5,12,22.3,0,1,9,21,13
13,2,13,18.6,0,0,0,8,6
18,3,18,26.6,0,0,0,9,6
21,3,21,9.5,0,0,15,19,7
0,3,0,3.6,0,0,8,1,10
17,1,17,26.6,0,0,0,1,10
16,6,16,20.1,0,0,0,22,0
9,4,9,8.1,0,0,0,13,6
5,0,5,11.3,0,0,0,10,6
9,0,9,12.1,0,0,28,7,0
1,3,1,10.2,0,0,0,0,0
13,2,13,22.9,0,0,4,13,1
12,4,12,13.3,0,0,5,10,4
15,2,15,19.6,0,0,1,1,1
23,4,23,7.0,1,2,13,28,6
8,3,8,3.8,0,0,22,19,15
23,3,23,8.8,0,0,0,36,0
7,4,7,14.5,0,1,0,24,5
15,3,15,31.7,0,0,11,60,3
2,2,2,12.7,0,0,0,6,5
4,0,4,9.4,0,0,0,10,5
14,3,14,22.2,0,0,4,31,4
9,3,9,6.9,0,0,0,9,6
13,0,13,11.9,0,0,5,20,1
0,1,0,17.9,0,0,5,6,1
16,6,16,23.3,1,1,0,17,5
5,0,5,12.7,0,0,0,9,6
13,1,13,24.2,0,0,0,14,5
5,6,5,16.0,0,0,2,2,8
7,2,7,9.3,0,0,0,12,5
14,2,14,13.3,0,0,4,6,4
6,1,6,5.9,0,0,4,9,5
1,2,1,17.7,0,0,0,35,7
23,1,23,9.6,0,0,20,3,15
21,0,21,12.9,0,0,21,3,5
15,5,15,23.8,0,1,0,49,5
15,4,15,17.0,0,0,5,23,1
7,1,7,9.5,0,0,5,5,4
5,3,5,15.2,0,0,21,3,14
15,4,15,7.8,0,0,5,14,1
5,0,5,9.4,0,0,4,23,4
3,4,3,8.4,1,2,8,73,10
16,4,16,8.0,1,2,13,5,5
10,1,10,9.7,0,0,5,14,1
16,0,16,26.7,0,0,13,4,6
5,2,5,11.6,0,0,0,10,5
0,3,0,16.6,0,0,73,120,3
5,2,5,14.7,0,0,5,5,5
18,5,18,12.5,0,0,0,25,6
13,6,13,13.6,0,0,5,7,1
15,2,15,19.2,0,0,4,13,4
12,6,12,28.1,0,1,28,7,0
4,4,4,8.3,0,0,0,9,6
5,0,5,11.9,0,0,0,13,6
4,0,4,9.3,0,0,0,31,6
7,5,7,14.5,0,1,0,17,5
0,4,0,13.6,0,0,0,36,10
15,1,15,19.8,0,0,23,43,0
12,0,12,16.4,0,0,0,29,5
9,6,9,13.3,0,0,0,18,6
16,1,16,29.7,0,1,0,12,6
14,6,14,31.7,0,1,6,18,8
10,2,10,11.0,0,0,0,13,6
19,2,19,28.2,0,1,5,18,5
4,0,4,9.0,0,0,0,31,6
14,0,14,11.2,0,0,0,23,5
5,5,5,12.2,0,0,5,5,5
19,3,19,22.8,0,1,0,10,5
16,3,16,26.8,0,1,4,12,4
1,4,1,10.4,0,0,5,7,4
5,4,5,14.2,0,0,4,5,4
5,4,5,9.8,0,0,20,19,15
16,3,16,15.8,0,0,0,22,0
15,4,15,13.9,0,0,23,43,0
13,1,13,12.3,0,0,12,27,0
12,1,12,20.0,0,0,4,54,1
18,2,18,18.2,0,0,13,5,5
4,4,4,9.1,0,0,0,31,6
22,1,22,5.5,0,0,15,19,7
19,4,19,15.1,0,0,5,30,4
11,3,11,11.2,0,0,0,16,0
7,3,7,17.8,0,1,0,29,6
11,6,11,11.6,0,0,10,22,11
9,5,9,5.7,0,0,4,20,4
6,2,6,1.4,0,0,0,13,6
17,4,17,26.3,0,0,4,45,1
16,6,16,28.5,0,1,0,8,5
22,0,22,9.3,0,0,0,9,6
4,3,4,13.2,0,0,0,26,6
8,4,8,1.9,0,0,4,29,1
8,4,8,4.9,0,0,0,20,5
13,1,13,24.0,0,1,0,8,5
21,3,21,23.6,0,1,0,22,0
15,3,15,34.3,0,1,21,3,5
15,1,15,24.5,0,0,13,99,1
5,6,5,6.6,0,0,4,6,5
5,1,5,18.0,0,0,4,9,1
23,3,23,16.0,0,0,15,19,7
12,2,12,16.2,0,0,0,29,5
8,4,8,4.1,0,0,0,13,6
21,4,21,6.6,0,0,0,10,6
19,1,19,27.8,0,1,13,6,6
13,5,13,25.0,0,0,0,62,5
13,6,13,14.6,0,0,6,30,19
11,1,11,24.2,0,0,0,13,6
22,3,22,21.5,0,1,32,19,15
4,2,4,3.3,0,0,0,8,6
15,6,15,27.7,0,0,14,19,16
11,6,11,10.9,0,0,0,19,0
0,4,0,19.6,0,0,15,37,7
4,1,4,9.2,0,0,0,31,6
14,2,14,15.3,1,0,53,53,24
22,4,22,19.0,0,1,0,8,5
11,4,11,12.7,0,0,5,41,1
14,2,14,14.7,0,0,13,6,6
7,2,7,8.5,0,0,1,1,7
23,5,23,15.4,0,0,10,22,11
2,3,2,11.1,0,0,1,1,1
19,2,19,12.6,0,0,13,6,6
10,3,10,9.1,0,0,0,8,6
14,5,14,16.5,0,0,0,20,6
10,4,10,6.0,0,0,0,23,5
2,2,2,5.5,0,0,2,2,2
8,0,8,1.3,0,0,5,10,1
5,1,5,10.9,0,0,0,5,6
15,2,15,32.6,0,0,0,10,6
14,6,14,16.8,0,0,4,9,4
2,5,2,13.5,0,0,13,6,6
23,0,23,20.0,0,1,6,18,8
12,4,12,26.3,0,0,5,5,1
5,1,5,10.7,0,0,4,13,4
8,1,8,8.6,0,0,0,18,5
0,5,0,17.8,0,0,20,19,15
14,1,14,7.7,1,2,0,20,6
5,4,5,2.0,0,0,0,10,6
23,5,23,15.2,0,0,14,19,12
8,1,8,11.4,0,0,4,9,1
23,6,23,5.8,0,0,0,35,7
5,1,5,5.7,0,0,4,13,1
20,5,20,20.0,0,0,0,22,0
20,2,20,8.5,0,0,0,3,6
7,4,7,11.8,0,0,21,3,5
14,6,14,15.6,0,0,13,99,5
7,1,7,5.8,0,0,22,19,15
15,6,15,17.5,0,0,0,10,5
17,0,17,25.5,0,0,5,5,1
23,0,23,9.6,0,0,0,9,6
10,6,10,10.8,0,0,5,14,1
17,0,17,18.2,0,0,13,4,1
9,5,9,11.0,0,0,4,30,5
16,3,16,9.9,0,0,0,6,6
7,0,7,9.2,0,0,0,29,6
9,0,9,8.2,0,0,0,20,5
6,5,6,4.6,0,0,0,23,6
5,6,5,4.6,0,0,0,9,6
6,6,6,5.8,0,0,1,1,1
20,3,20,11.4,0,0,5,30,4
9,4,9,8.0,0,0,0,29,5
10,6,10,9.0,0,0,0,13,5
11,0,11,11.0,0,0,4,13,4
14,5,14,15.9,0,1,7,67,24
7,2,7,7.7,0,0,0,24,6
2,6,2,11.8,0,0,2,2,8
16,3,16,27.6,0,0,10,22,11
16,3,16,22.4,0,0,20,3,15
18,6,18,28.7,0,1,13,6,6
7,3,7,4.0,0,0,0,25,5
6,5,6,13.6,0,0,0,55,5
13,2,13,17.8,0,0,9,21,11
13,1,13,27.8,0,1,0,3,5
16,6,16,17.0,0,0,13,6,4
17,5,17,25.2,0,0,0,9,6
9,5,9,13.6,0,0,7,67,24
1,1,1,11.1,0,0,2,2,8
20,6,20,24.3,0,1,0,6,5
5,3,5,14.8,0,0,5,5,5
6,2,6,8.2,0,0,0,10,5
17,3,17,13.7,0,0,0,31,5
16,3,16,26.4,0,0,1,1,1
0,0,0,15.7,0,0,5,6,1
1,5,1,13.4,0,0,2,2,8
9,0,9,15.6,0,0,6,18,8
16,6,16,15.2,0,0,0,22,0
20,3,20,16.5,0,0,26,58,7
21,2,21,7.9,0,0,4,13,1
13,1,13,30.6,0,1,0,12,6
14,4,14,19.7,0,0,12,27,0
14,6,14,24.0,0,0,6,30,19
9,5,9,11.8,0,0,0,16,7
0,6,0,20.7,0,0,0,19,0
11,0,11,8.6,0,0,5,24,1
8,2,8,17.6,0,1,0,16,7
1,6,1,5.8,0,0,5,7,4
11,2,11,13.0,0,0,0,12,5
7,5,7,10.6,0,0,0,11,6
7,2,7,1.1,0,0,0,12,6
5,6,5,6.8,0,0,4,23,4
12,0,12,17.0,0,0,0,12,5
12,5,12,24.1,0,0,0,5,5
10,5,10,9.4,0,0,0,19,0
9,1,9,8.7,0,0,7,29,20
8,1,8,4.9,0,0,0,6,6
5,2,5,9.9,0,0,0,8,5
10,3,10,10.5,0,0,0,29,6
18,5,18,30.3,0,1,13,6,6
11,5,11,10.6,0,0,0,6,6
0,5,0,15.4,0,0,0,23,6
13,1,13,11.7,1,2,5,5,4
16,5,16,15.1,0,0,0,31,6
2,0,2,12.8,0,0,8,19,10
13,6,13,21.1,0,0,0,9,6
5,1,5,12.1,0,0,5,9,4
12,1,12,15.3,0,0,0,20,6
23,5,23,15.1,0,0,18,34,11
18,6,18,27.7,0,0,0,10,6
20,1,20,13.5,0,0,0,9,6
14,2,14,19.9,0,0,0,25,6
14,1,14,29.8,0,1,0,8,6
16,1,16,31.1,0,1,0,12,5
10,1,10,21.9,0,0,0,8,6
8,5,8,18.8,0,0,13,6,1
16,4,16,15.3,0,1,33,53,0
11,4,11,20.3,0,1,4,41,1
13,6,13,19.5,0,0,5,7,1
15,6,15,20.8,0,0,21,71,5
12,4,12,25.4,0,0,0,10,6
9,4,9,8.8,0,0,0,41,5
21,6,21,21.5,0,1,0,22,0
5,1,5,15.5,0,0,0,8,5
12,1,12,14.0,0,0,5,20,1
5,1,5,14.6,0,0,0,13,6
8,5,8,4.2,0,0,0,3,6
5,6,5,2.1,0,0,0,7,6
6,0,6,8.0,0,0,0,29,6
10,1,10,21.5,0,1,0,11,5
12,3,12,10.1,1,2,0,12,6
1,4,1,17.3,0,0,1,1,1
12,5,12,11.2,0,0,0,18,5
8,0,8,9.1,0,0,0,25,6
11,6,11,24.0,0,1,0,14,5
10,5,10,12.1,0,1,0,10,5
18,1,18,13.8,0,0,4,10,5
7,4,7,13.0,0,0,0,29,5
4,3,4,7.0,0,0,0,10,6
17,6,17,25.9,0,0,0,31,6
6,2,6,8.9,0,0,0,13,5
11,2,11,26.2,0,1,0,24,5
8,2,8,3.7,0,0,0,20,6
12,6,12,19.4,0,0,10,22,11
8,0,8,10.8,0,0,5,10,1
11,2,11,13.9,0,0,0,31,5
16,5,16,21.7,0,0,0,5,6
23,6,23,9.0,0,0,0,36,7
15,0,15,29.7,0,1,0,4,5
19,2,19,10.3,0,0,4,18,5
20,5,20,14.6,0,0,0,7,5
17,3,17,29.1,0,1,4,64,4
4,1,4,15.8,0,0,0,31,5
13,1,13,23.3,0,0,12,27,0
8,1,8,17.3,0,0,0,13,6
0,2,0,3.5,0,0,0,19,0
20,5,20,10.3,0,0,0,7,5
10,1,10,22.2,0,1,0,13,5
6,2,6,13.1,0,1,4,6,4
11,3,11,10.6,0,0,28,7,0
11,4,11,22.3,0,1,0,14,5
15,0,15,24.6,0,0,13,4,4
15,0,15,19.0,0,0,20,19,15
6,4,6,8.1,1,2,0,36,7
6,5,6,9.8,0,0,0,3,5
15,5,15,16.8,0,0,13,4,5
7,4,7,11.8,0,2,7,122,71
5,5,5,11.4,0,0,4,6,4
13,3,13,10.1,1,2,4,64,1
7,3,7,15.3,0,0,0,11,5
0,3,0,15.9,0,0,15,37,7
7,3,7,13.0,0,1,0,11,5
15,1,15,12.6,0,0,5,12,4
5,1,5,11.9,0,0,5,4,1
23,3,23,20.4,0,1,19,15,0
5,0,5,5.9,0,0,0,9,6
23,1,23,16.2,0,0,0,19,7
13,1,13,15.0,0,0,4,5,4
1,6,1,15.3,0,0,16,32,14
11,6,11,16.6,0,0,0,14,5
16,6,16,18.8,0,0,11,60,3
16,2,16,21.6,0,0,0,18,5
21,4,21,8.8,0,0,15,19,7
13,6,13,20.5,0,0,0,12,6
10,4,10,20.0,0,1,0,30,5
19,1,19,4.2,0,0,0,20,6
10,3,10,19.9,0,1,0,28,5
20,3,20,21.8,0,0,0,10,5
1,2,1,15.7,0,0,0,1,0
17,2,17,10.7,0,0,4,9,1
14,4,14,22.3,0,0,0,3,5
18,5,18,12.4,0,0,0,8,6
19,0,19,15.0,0,0,13,5,1
21,2,21,18.7,0,0,0,8,5
11,5,11,14.8,0,0,5,10,1
16,5,16,17.3,0,0,0,5,6
10,1,10,15.4,0,0,0,8,6
2,2,2,9.3,0,0,2,2,2
22,4,22,7.4,0,0,6,7,8
23,2,23,11.0,0,0,5,6,1
4,0,4,3.3,0,0,21,3,5
13,0,13,25.6,0,0,0,3,5
11,3,11,11.8,0,0,0,9,6
13,6,13,10.9,0,0,4,13,4
11,0,11,11.6,0,0,0,9,6
21,4,21,19.4,0,0,21,3,5
19,1,19,23.1,0,0,6,18,8
16,4,16,19.9,0,0,0,7,6
8,4,8,6.2,0,0,0,13,6
19,0,19,11.8,0,0,25,25,22
19,0,19,7.2,0,0,5,30,1
23,2,23,11.6,0,0,0,22,0
15,3,15,17.1,0,0,13,4,5
5,5,5,20.0,0,0,0,10,6
11,0,11,21.7,0,1,5,10,4
13,5,13,24.9,0,0,5,7,1
14,5,14,13.2,0,0,0,13,6
12,3,12,11.9,0,0,0,13,6
16,3,16,27.7,0,0,0,13,6
16,6,16,20.7,0,0,4,6,4
12,2,12,17.2,0,0,0,13,6
12,4,12,7.4,0,0,5,10,4
17,1,17,19.2,0,0,21,3,0
5,3,5,10.1,0,0,0,10,6
11,5,11,12.8,0,0,5,10,4
18,2,18,29.3,0,0,0,29,6
10,5,10,24.1,0,1,6,18,8
14,1,14,11.8,0,0,0,3,6
10,3,10,11.0,0,0,0,29,6
10,2,10,9.6,0,0,28,7,0
22,0,22,23.4,0,0,15,19,7
19,3,19,10.0,0,0,13,6,6
14,6,14,21.6,0,0,4,6,4
15,2,15,13.7,0,0,5,31,4
7,5,7,9.4,0,0,0,3,7
6,5,6,12.0,0,0,5,3,4
4,1,4,5.8,0,0,0,23,5
16,0,16,26.6,0,0,5,12,1
11,1,11,18.8,0,1,10,22,11
12,3,12,22.8,0,0,6,30,19
13,5,13,28.6,0,0,5,5,1
22,1,22,20.3,0,1,4,10,5
15,3,15,30.5,0,1,0,44,5
19,2,19,13.2,0,0,0,29,6
16,6,16,20.5,0,0,0,18,5
12,1,12,10.5,0,0,0,13,6
15,3,15,25.4,0,0,0,44,5
6,3,6,15.6,0,1,5,7,5
8,1,8,16.1,0,1,0,5,5
15,0,15,26.4,0,0,0,31,6
8,5,8,2.9,0,0,0,4,5
9,3,9,14.5,0,1,13,6,6
20,2,20,15.9,0,0,5,18,1
15,0,15,16.8,0,0,4,30,5
13,2,13,24.7,0,0,5,7,1
16,2,16,14.4,0,0,0,6,0
4,3,4,12.5,0,0,0,9,6
11,4,11,13.6,0,0,5,9,1
11,4,11,21.4,0,1,0,24,5
13,6,13,21.4,0,1,13,6,5
15,5,15,31.7,0,0,1,1,1
4,6,4,6.0,0,0,5,5,4
16,2,16,19.5,0,0,0,23,5
7,1,7,6.0,0,0,0,13,6
6,4,6,2.1,0,0,4,13,4
12,0,12,23.5,0,0,10,38,10
13,2,13,16.4,0,0,0,25,6
18,2,18,17.6,0,1,21,3,0
19,4,19,26.5,0,1,4,23,4
16,6,16,32.0,0,1,6,18,8
1,1,1,18.8,0,0,1,1,1
14,0,14,17.7,0,0,4,20,5
19,1,19,9.7,0,0,5,13,1
20,0,20,13.1,0,0,0,7,5
13,1,13,22.8,0,0,5,7,1
20,2,20,18.3,0,0,0,8,5
11,2,11,20.0,0,0,0,16,0
16,2,16,18.4,0,0,0,18,5
9,3,9,10.5,0,0,0,16,7
15,4,15,14.0,0,0,0,23,5
1,2,1,11.7,0,0,1,1,1
12,3,12,22.8,0,1,0,14,5
9,3,9,16.1,0,1,22,19,15
17,4,17,29.1,0,1,0,4,5
15,2,15,24.8,0,0,0,44,5
14,5,14,16.1,0,0,4,13,1
6,5,6,14.6,0,1,13,6,6
0,0,0,18.5,0,0,5,6,1
22,3,22,5.0,0,0,16,32,14
13,2,13,16.7,0,0,0,11,6
13,6,13,11.1,0,0,0,31,6
15,5,15,23.5,0,0,5,12,1
11,4,11,23.1,0,0,5,41,1
19,0,19,11.7,0,0,0,10,5
4,3,4,9.3,0,0,0,13,6
10,1,10,21.1,0,1,0,8,5
4,5,4,16.0,0,0,0,23,5
19,5,19,11.0,0,0,0,29,6
8,0,8,21.1,0,1,0,1,0
10,5,10,19.5,0,1,0,12,6
23,0,23,19.7,0,0,17,33,15
16,1,16,25.2,0,1,0,25,6
9,0,9,3.6,0,0,0,16,7
17,1,17,28.5,0,1,14,19,16
1,2,1,12.1,0,0,16,32,5
14,4,14,17.6,0,0,0,9,6
9,4,9,13.8,0,1,21,3,5
15,4,15,24.8,0,0,0,14,5
10,0,10,10.8,0,0,0,10,6
15,4,15,17.1,0,0,5,12,1
5,4,5,8.3,0,0,4,5,4
12,0,12,26.2,0,1,5,5,5
17,6,17,33.8,0,0,5,29,1
15,2,15,15.4,0,0,0,44,6
17,6,17,33.8,0,0,0,6,0
17,1,17,17.6,0,0,0,28,6
4,4,4,8.2,0,0,0,5,6
19,1,19,6.2,0,0,4,29,1
7,3,7,11.3,0,0,1,1,7
5,3,5,6.4,0,0,20,7,15
18,1,18,12.9,0,0,0,31,6
8,1,8,13.6,0,1,5,17,1
6,6,6,16.2,0,0,4,5,5
7,3,7,12.2,0,1,21,3,14
9,5,9,19.6,0,1,0,69,0
12,2,12,18.2,0,0,4,53,4
16,5,16,31.8,0,0,0,7,5
13,5,13,21.1,0,0,0,29,6
4,4,4,2.5,0,0,0,10,6
18,3,18,15.6,0,0,0,23,6
18,5,18,17.4,0,0,0,20,5
21,3,21,18.0,0,0,26,58,7
23,2,23,9.7,0,0,0,35,0
9,5,9,7.3,0,0,0,10,6
6,0,6,12.4,0,0,0,29,6
4,1,4,16.8,0,0,0,10,5
13,3,13,10.9,0,0,4,29,1
7,2,7,11.7,0,0,21,3,5
8,5,8,4.1,0,0,6,18,27
13,6,13,25.4,0,1,0,18,5
8,5,8,16.7,0,1,0,8,6
19,6,19,22.4,0,0,5,18,1
12,5,12,18.2,0,0,0,12,6
14,2,14,19.8,0,0,0,3,5
2,4,2,11.0,0,0,2,2,2
1,3,1,14.7,0,0,1,1,1
0,1,0,13.6,0,0,1,1,1
22,3,22,18.3,0,0,16,32,14
7,1,7,3.4,0,0,5,31,1
10,3,10,20.4,0,1,0,12,5
18,3,18,26.7,0,0,0,25,5
1,2,1,13.8,0,0,2,2,8
12,6,12,28.0,0,1,0,7,5
1,4,1,19.2,0,0,0,0,0
18,3,18,21.9,0,0,30,19,15
4,0,4,11.9,0,0,0,26,6
21,6,21,21.1,0,1,21,3,5
5,0,5,16.1,0,0,0,8,5
15,1,15,10.8,0,0,0,12,5
11,0,11,7.5,0,0,5,14,1
14,3,14,18.0,0,0,5,12,4
14,3,14,28.9,0,1,25,51,21
7,0,7,16.1,0,0,0,11,6
2,2,2,12.3,0,0,68,63,15
0,1,0,12.1,0,0,2,2,8
10,0,10,18.6,0,0,0,29,5
14,6,14,30.1,0,1,0,48,5
23,3,23,16.3,0,0,0,35,7
11,4,11,9.2,0,0,0,19,7
12,0,12,8.3,1,0,27,53,24
4,3,4,13.2,0,0,0,31,6
17,4,17,26.7,0,1,0,18,5
1,5,1,16.9,0,0,16,32,14
16,0,16,25.1,0,0,1,1,1
1,5,1,6.4,0,0,20,19,15
10,2,10,16.0,0,1,5,10,4
15,6,15,20.1,0,0,4,29,5
17,1,17,30.7,0,0,4,45,4
14,2,14,19.2,0,0,6,18,8
8,0,8,13.3,0,0,4,20,4
13,1,13,10.4,0,0,12,27,0
15,3,15,12.3,0,0,0,44,6
18,5,18,17.3,0,0,5,23,4
14,5,14,14.7,0,0,20,19,15
9,1,9,15.2,0,0,0,6,6
4,3,4,5.7,0,0,5,5,4
4,1,4,5.6,0,0,5,5,4
17,5,17,21.8,0,0,4,18,1
8,0,8,4.7,0,0,0,28,5
6,4,6,3.8,0,0,5,18,1
7,6,7,13.0,0,0,4,18,1
20,3,20,23.3,0,0,4,10,4
19,2,19,5.7,0,0,0,22,0
23,4,23,17.6,0,1,6,18,8
5,6,5,15.8,0,0,4,13,4
2,5,2,15.9,0,0,13,6,4
13,0,13,30.8,0,1,5,7,5
13,3,13,29.5,0,0,9,21,11
13,0,13,25.4,0,0,5,12,1
1,6,1,16.5,0,0,2,2,8
23,3,23,20.4,0,0,18,34,11
13,4,13,15.6,0,0,6,18,8
16,4,16,16.8,0,0,21,71,5
17,6,17,13.1,0,0,5,20,4
4,3,4,6.5,0,0,0,26,6
14,5,14,28.1,0,0,0,29,6
19,3,19,22.3,0,0,5,25,1
19,0,19,12.8,0,0,5,13,1
18,1,18,29.9,0,0,0,12,5
23,3,23,14.7,0,0,8,19,10
22,2,22,9.3,0,0,0,31,6
15,6,15,19.8,0,0,0,5,6
11,6,11,24.0,0,1,0,12,5
1,6,1,15.4,0,0,0,0,0
23,6,23,9.2,0,0,5,6,1
14,3,14,10.9,0,0,0,12,5
14,0,14,23.5,0,0,5,23,1
8,3,8,13.5,0,1,0,12,6
12,0,12,19.1,0,0,0,29,6
6,5,6,10.5,0,0,0,29,6
13,2,13,12.9,0,0,0,9,6
1,6,1,7.3,0,0,2,2,8
5,3,5,5.9,0,0,4,5,4
6,4,6,14.8,0,1,0,8,6
15,5,15,16.3,0,0,13,4,5
9,0,9,18.8,0,1,0,17,5
17,3,17,25.0,0,1,5,7,4
9,5,9,19.9,0,0,4,13,1
5,4,5,8.2,0,0,0,8,6
4,6,4,11.0,0,0,0,26,5
23,0,23,8.5,0,0,21,3,5
15,3,15,14.3,0,0,5,12,1
15,6,15,18.7,0,0,23,43,0
4,4,4,3.1,0,0,0,31,6
8,0,8,11.3,0,0,5,10,4
3,2,3,10.7,0,0,2,2,2
9,0,9,14.2,0,0,0,3,6
7,0,7,16.7,0,1,0,24,5
13,6,13,15.9,0,0,12,27,0
8,3,8,13.9,0,0,22,19,15
14,0,14,30.9,0,1,13,6,5
8,6,8,8.1,0,0,5,10,4
10,4,10,10.8,0,0,0,6,0
11,1,11,13.3,0,0,0,20,6
17,6,17,30.5,0,1,0,6,0
16,4,16,30.7,0,0,5,5,4
14,5,14,25.8,0,0,13,99,6
8,1,8,8.2,0,0,5,5,4
8,6,8,17.1,0,0,4,12,1
11,2,11,20.8,0,0,0,10,6
7,2,7,7.6,0,0,13,6,6
14,2,14,13.7,0,0,0,48,5
11,0,11,22.2,0,0,0,13,6
14,0,14,16.4,0,0,5,9,1
20,3,20,10.7,0,0,0,7,6
6,6,6,17.7,0,0,0,14,5
20,0,20,15.6,0,0,5,18,1
8,1,8,8.9,0,0,0,9,5
1,3,1,19.5,0,0,0,8,5
22,4,22,11.1,0,0,18,34,11
23,1,23,12.5,0,0,0,8,6
15,1,15,14.3,0,0,0,5,5
11,2,11,26.3,0,1,0,12,5
18,4,18,22.5,0,1,0,7,5
17,2,17,26.6,0,1,0,30,5
23,0,23,18.8,0,0,6,18,8
19,1,19,8.0,0,0,5,30,1
16,0,16,30.7,0,1,4,5,5
15,5,15,16.9,0,0,5,12,1
8,3,8,5.4,0,0,0,12,6
13,4,13,16.0,0,0,4,12,1
20,0,20,11.4,0,0,21,3,5
21,3,21,15.0,0,1,0,22,0
13,3,13,12.5,0,0,4,5,1
23,2,23,6.7,0,0,0,35,0
19,3,19,8.8,1,2,4,12,5
15,1,15,25.2,0,0,4,9,1
8,3,8,1.5,0,0,13,6,6
13,0,13,22.0,0,0,0,9,6
19,0,19,9.7,0,0,0,12,5
5,6,5,14.5,0,0,4,5,5
4,3,4,6.0,0,0,0,8,6
10,6,10,20.5,0,1,0,10,5
18,3,18,21.5,0,0,0,10,6
8,3,8,10.9,0,0,0,3,6
19,3,19,13.4,0,0,0,20,5
21,4,21,14.1,0,0,18,34,11
9,2,9,20.0,0,1,0,17,5
18,5,18,32.1,0,0,0,12,5
15,2,15,18.7,0,0,4,44,5
11,5,11,9.5,0,0,0,19,0
6,0,6,7.8,0,0,25,52,23
21,4,21,9.7,0,0,18,34,11
11,2,11,9.0,0,0,0,29,6
9,6,9,6.2,0,0,0,16,0
18,6,18,14.6,0,0,6,18,8
15,1,15,26.7,0,0,13,99,4
1,4,1,8.6,0,0,0,46,0
10,1,10,17.4,0,1,6,18,8
21,6,21,6.1,0,0,18,34,11
14,4,14,12.4,0,0,0,25,6
3,5,3,8.4,1,2,14,7,12
23,0,23,8.8,0,0,0,19,0
2,4,2,16.5,0,0,34,72,3
15,6,15,24.2,0,2,4,20,4
6,3,6,12.5,0,0,8,1,10
18,2,18,19.3,0,0,0,20,5
5,4,5,7.0,0,0,4,9,4
14,2,14,19.7,0,0,4,6,4
15,3,15,24.7,0,1,13,99,4
18,6,18,13.0,0,0,0,12,6
9,6,9,11.4,0,0,0,14,5
6,5,6,5.5,0,0,1,1,7
11,3,11,9.2,0,0,5,17,4
23,5,23,6.7,0,0,16,32,14
18,2,18,11.9,0,0,0,10,6
16,6,16,16.5,0,0,0,22,0
8,1,8,12.7,0,0,0,12,5
15,5,15,16.4,0,0,0,44,6
4,0,4,9.0,0,0,2,2,2
6,0,6,13.5,0,1,0,10,5
15,4,15,15.6,0,0,0,44,5
23,0,23,9.4,0,0,5,6,1
16,0,16,26.9,0,1,0,14,5
17,5,17,31.3,0,0,0,10,6
22,4,22,21.1,0,0,15,19,13
12,0,12,20.8,0,0,10,22,11
6,1,6,9.5,0,0,0,13,5
6,3,6,3.5,0,0,0,10,5
8,4,8,12.1,0,0,0,11,6
15,0,15,14.8,0,0,0,20,6
19,0,19,9.6,0,0,5,30,1
8,6,8,15.0,0,1,0,5,5
13,4,13,30.8,0,1,5,7,5
18,0,18,31.4,0,1,0,7,5
12,4,12,29.5,0,1,0,5,6
10,5,10,21.7,0,0,5,10,1
8,2,8,14.5,0,0,0,16,0
12,3,12,21.9,0,0,0,5,6
7,4,7,9.4,0,0,5,25,1
21,0,21,17.3,0,1,17,33,15
10,4,10,23.6,0,1,25,51,22
13,3,13,23.1,0,0,0,18,5
12,4,12,14.2,0,1,4,5,1
4,0,4,4.2,0,0,0,26,6
18,2,18,10.9,0,0,13,5,5
15,6,15,15.7,0,0,4,18,1
16,4,16,19.9,0,1,0,28,5
21,0,21,21.1,0,1,0,10,6
19,1,19,23.5,0,0,0,20,5
4,1,4,4.8,0,0,0,23,5
7,0,7,14.9,0,1,0,25,5
20,0,20,8.8,0,0,0,29,5
8,5,8,3.3,0,0,6,18,27
4,0,4,14.2,0,0,0,10,5
8,2,8,12.6,0,0,40,7,46
2,3,2,12.0,0,0,68,63,15
4,2,4,4.0,0,0,0,23,6
20,4,20,12.6,0,0,0,7,6
8,6,8,8.6,0,0,0,30,5
4,0,4,1.5,0,0,0,31,6
8,6,8,6.7,0,0,0,12,5
22,5,22,17.0,0,0,13,6,6
11,2,11,10.6,0,0,7,10,18
19,0,19,12.2,0,0,5,18,1
9,2,9,10.0,0,0,0,10,6
14,1,14,7.8,1,2,21,3,7
23,6,23,18.8,0,1,0,19,0
5,2,5,13.1,0,0,0,9,5
0,4,0,16.2,0,0,15,37,7
22,6,22,16.7,0,0,15,19,13
23,1,23,15.1,0,0,0,35,7
1,2,1,19.1,0,0,0,0,0
11,6,11,11.2,0,0,10,22,11
15,0,15,18.6,0,0,0,6,5
16,0,16,8.3,0,0,0,18,5
11,1,11,11.4,0,0,7,8,55
19,2,19,24.4,0,1,4,18,1
8,4,8,3.8,0,0,22,19,15
2,4,2,12.2,0,0,0,0,0
22,0,22,7.8,0,0,6,18,8
16,4,16,20.8,0,0,0,7,6
19,6,19,29.4,0,1,13,6,6
17,1,17,11.6,0,0,0,25,5
10,6,10,21.4,0,1,0,12,5
13,5,13,13.7,0,0,6,18,8
10,5,10,7.4,0,0,0,29,6
21,6,21,17.3,0,0,0,8,6
0,0,0,14.7,0,0,19,15,0
21,5,21,16.0,0,0,21,3,5
5,0,5,13.3,0,0,4,23,5
11,6,11,20.1,0,0,5,10,1
4,0,4,13.1,0,0,0,23,5
12,3,12,29.8,0,1,6,30,19
8,6,8,6.2,0,0,5,12,1
4,4,4,11.9,0,0,5,26,1
23,3,23,16.6,0,0,18,34,11
8,5,8,4.6,0,0,0,28,6
3,3,3,19.7,0,0,2,2,2
9,0,9,4.8,0,0,0,28,6
21,4,21,19.8,0,0,21,3,5
11,3,11,19.8,0,0,0,9,6
8,3,8,7.3,0,0,0,18,5
21,6,21,11.3,0,0,18,34,11
15,2,15,12.3,0,0,13,4,5
9,6,9,10.0,0,0,0,16,0
23,2,23,10.4,0,0,0,36,7
9,2,9,10.7,0,0,0,16,0
8,6,8,7.9,0,0,0,6,6
12,5,12,21.3,0,0,13,6,6
23,3,23,12.4,0,0,0,35,7
16,3,16,24.5,0,0,0,13,5
23,5,23,12.9,0,0,0,36,7
10,1,10,11.8,0,0,5,10,1
11,1,11,15.9,0,0,10,22,11
2,5,2,1.9,0,0,2,2,2
20,4,20,9.3,0,0,0,13,6
13,3,13,25.0,0,1,0,31,5
8,5,8,8.4,0,0,5,10,4
18,4,18,26.4,0,0,0,7,6
21,4,21,18.6,0,0,4,13,1
14,6,14,23.2,0,0,0,3,5
16,6,16,16.3,0,0,0,1,7
5,1,5,16.6,0,0,14,19,16
6,4,6,14.4,0,1,4,6,5
8,1,8,17.6,0,1,0,41,5
8,4,8,14.9,0,1,0,42,5
4,1,4,9.9,0,0,0,13,5
19,0,19,16.7,0,0,13,6,6
21,4,21,19.2,0,1,5,23,1
12,3,12,18.3,0,0,6,18,8
8,0,8,13.6,0,1,0,5,6
6,0,6,6.8,0,0,0,29,5
6,1,6,16.3,0,0,0,31,5
12,5,12,11.3,0,0,0,14,5
6,6,6,4.6,0,0,0,26,5
18,1,18,17.3,0,0,0,22,7
13,1,13,16.6,0,0,9,21,11
14,4,14,18.2,0,0,0,29,5
10,3,10,20.3,0,1,0,20,5
15,2,15,25.2,0,0,0,3,6
21,2,21,22.7,0,1,0,10,6
5,1,5,7.4,0,0,4,5,1
17,2,17,11.1,0,0,0,18,5
8,3,8,13.6,0,0,0,4,5
21,4,21,21.3,0,1,0,7,6
20,4,20,21.3,0,0,0,8,6
0,4,0,8.3,0,0,1,1,1
10,5,10,7.1,0,0,0,13,6
18,3,18,28.0,0,1,0,25,6
11,2,11,15.6,0,0,0,9,6
20,1,20,13.3,0,0,0,22,0
5,0,5,9.9,0,0,0,31,5
11,6,11,12.0,0,0,0,19,0
4,0,4,13.9,0,0,0,26,5
13,0,13,26.2,0,1,4,9,5
23,2,23,6.3,0,0,5,6,1
19,4,19,10.3,0,0,0,29,5
4,2,4,9.2,0,0,0,13,5
8,1,8,11.2,0,1,0,18,5
11,1,11,20.2,0,0,0,13,6
23,6,23,6.1,0,0,0,8,5
7,4,7,12.6,0,1,0,11,6
21,1,21,13.3,0,0,5,3,4
8,5,8,15.7,0,1,0,4,5
15,4,15,22.2,0,0,5,14,1
9,1,9,21.3,0,1,0,16,0
6,6,6,16.8,0,0,2,2,8
15,6,15,24.7,0,0,5,14,1
15,1,15,10.7,0,0,7,12,20
14,1,14,11.3,0,0,0,9,6
23,1,23,18.5,0,1,0,35,0
13,1,13,26.2,0,1,23,43,0
9,3,9,14.0,0,1,0,3,6
12,3,12,15.3,1,2,5,31,4
13,0,13,19.2,0,1,0,12,6
6,2,6,9.3,0,0,0,29,6
16,6,16,32.9,0,1,0,28,5
4,2,4,14.8,0,0,0,13,5
14,4,14,11.2,0,0,0,24,5
23,1,23,3.5,0,0,0,35,7
8,4,8,7.3,0,0,0,3,6
12,2,12,28.0,0,1,5,5,5
11,3,11,10.7,0,0,0,19,0
10,2,10,16.0,0,1,0,11,5
18,3,18,10.3,0,0,0,25,5
6,0,6,4.2,0,0,4,23,5
13,5,13,16.7,0,1,0,20,5
14,3,14,25.9,0,1,13,6,5
12,0,12,20.9,0,0,0,18,5
17,5,17,13.0,0,0,0,10,6
3,4,3,18.2,0,0,14,19,12
4,2,4,8.5,0,0,0,5,6
11,3,11,11.7,0,0,0,16,0
1,0,1,14.4,0,0,1,1,1
18,2,18,31.7,0,1,0,10,5
9,3,9,19.9,0,0,0,13,5
22,1,22,19.6,0,1,17,33,15
19,2,19,11.8,0,0,0,20,5
6,2,6,16.2,0,1,0,29,6
21,2,21,12.3,0,0,0,10,6
22,0,22,9.5,0,0,0,8,5
11,5,11,9.5,0,0,10,22,11
0,2,0,16.2,0,0,15,37,7
10,1,10,18.3,0,1,6,18,8
9,6,9,13.2,0,0,0,14,5
13,5,13,19.0,0,0,4,5,5
20,3,20,18.9,0,0,0,29,6
11,1,11,19.7,0,0,0,30,6
9,3,9,7.9,0,0,0,28,5
4,5,4,2.6,0,0,21,3,5
2,1,2,10.7,0,0,2,2,2
0,5,0,6.2,0,0,1,1,1
5,5,5,9.9,0,0,0,55,5
19,0,19,9.7,0,0,13,6,6
9,2,9,11.3,0,0,0,4,5
20,2,20,9.0,0,0,21,3,5
21,5,21,22.7,0,1,0,22,0
15,0,15,30.4,0,1,0,12,5
16,0,16,16.0,0,0,0,20,6
23,6,23,19.0,0,1,19,15,0
16,4,16,16.5,0,0,0,4,5
4,5,4,6.3,0,0,0,26,6
22,6,22,16.7,0,0,43,7,8
1,2,1,15.0,0,0,16,32,14
6,1,6,5.9,0,0,0,29,6
6,1,6,5.7,0,0,0,9,6
6,2,6,13.8,0,1,4,13,4
9,4,9,6.5,0,0,7,12,24
10,0,10,12.1,0,0,7,82,56
12,6,12,18.1,0,0,2,2,2
20,0,20,17.8,0,0,0,26,6
13,0,13,25.7,0,0,28,7,0
15,6,15,24.3,0,0,6,30,19
6,5,6,5.6,0,0,5,18,1
13,0,13,18.0,0,0,5,12,4
8,2,8,4.7,0,0,0,31,6
5,1,5,11.3,0,0,0,9,6
3,4,3,12.9,0,0,13,6,4
20,6,20,27.1,0,1,0,29,5
20,2,20,19.1,0,0,0,8,5
7,5,7,5.8,0,0,0,29,6
0,4,0,6.6,0,0,16,32,14
14,0,14,29.9,0,0,4,13,4
10,1,10,17.1,0,0,0,6,7
11,3,11,18.0,0,0,5,10,1
5,6,5,6.7,0,0,0,5,6
7,6,7,15.2,0,0,0,20,5
16,2,16,19.5,0,0,0,44,6
18,0,18,29.4,0,1,0,30,6
4,1,4,15.4,0,0,0,31,5
18,2,18,24.4,0,1,0,7,5
23,6,23,19.0,0,1,19,15,7
14,1,14,20.7,0,0,21,71,5
4,3,4,9.4,0,0,0,31,6
22,2,22,12.3,0,0,6,7,19
16,4,16,30.9,0,0,0,14,5
5,1,5,4.5,0,0,0,9,6
18,4,18,31.4,0,1,0,7,5
14,5,14,20.5,0,0,13,6,6
14,3,14,24.9,0,0,0,3,5
10,0,10,10.7,0,0,0,12,5
9,4,9,7.2,0,0,0,29,6
8,0,8,17.3,0,0,22,19,15
12,4,12,14.4,0,0,0,18,5
14,5,14,18.7,0,0,0,6,6
11,1,11,22.4,0,0,0,20,6
19,0,19,10.2,0,0,0,29,5
12,0,12,13.6,0,0,0,13,6
11,5,11,9.4,0,0,0,13,6
19,2,19,27.3,0,1,0,12,5
11,6,11,12.6,0,0,5,14,1
16,4,16,30.1,0,1,5,5,5
11,5,11,18.1,0,0,0,13,5
16,4,16,16.1,0,0,0,5,6
23,4,23,6.4,0,0,0,15,7
1,2,1,14.3,0,0,0,6,5
9,4,9,19.9,0,0,8,19,10
14,1,14,7.6,1,2,0,13,6
2,6,2,5.1,0,0,2,2,2
18,6,18,27.4,0,0,5,23,4
8,0,8,7.0,0,0,5,10,1
17,4,17,15.8,0,0,0,25,6
17,4,17,28.6,0,1,0,30,5
16,2,16,11.9,0,0,0,1,7
9,5,9,19.2,0,1,0,11,6
19,3,19,21.9,0,1,13,6,6
19,3,19,23.4,0,1,0,20,5
16,0,16,8.2,0,0,0,9,6
14,6,14,15.5,0,0,0,11,6
18,5,18,28.6,0,0,0,12,5
8,4,8,5.3,0,0,0,12,6
16,0,16,18.1,0,0,0,6,6
5,2,5,12.8,0,0,4,18,1
21,6,21,18.9,0,1,0,8,6
0,5,0,19.1,0,0,0,0,0
8,5,8,5.4,0,0,0,29,6
15,6,15,24.6,0,0,0,23,5
0,1,0,14.4,0,0,6,18,8
6,3,6,10.8,0,0,0,29,6
7,4,7,15.0,0,0,0,12,6
8,4,8,18.2,0,1,22,19,15
8,3,8,10.9,0,0,0,16,7
12,5,12,17.8,0,0,0,9,6
8,3,8,14.2,0,0,0,4,5
5,4,5,8.4,0,0,0,8,6
11,0,11,23.0,0,0,5,10,4
13,2,13,16.1,0,0,0,3,5
16,2,16,14.4,0,0,4,20,5
11,0,11,11.1,0,0,0,6,6
19,0,19,12.1,0,0,0,29,6
12,3,12,24.3,0,1,0,8,6
16,0,16,31.6,0,1,0,28,5
6,6,6,5.0,0,0,5,9,4
7,6,7,5.3,0,0,0,7,6
13,5,13,12.3,0,0,0,3,5
16,2,16,31.8,0,1,5,5,5
5,0,5,2.4,0,0,0,31,6
13,6,13,12.8,0,0,0,10,6
4,0,4,7.7,0,0,21,3,14
12,2,12,26.3,0,1,5,5,5
5,0,5,8.9,0,0,0,9,6
12,4,12,24.5,0,1,0,12,5
9,4,9,15.7,0,0,0,15,7
16,2,16,29.4,0,0,4,31,5
8,3,8,7.7,0,0,5,10,4
1,3,1,17.6,0,0,2,2,8
6,6,6,12.1,0,0,13,6,6
8,1,8,5.8,0,0,0,6,6
11,2,11,7.1,0,0,0,31,5
19,6,19,13.1,0,0,0,10,6
17,3,17,9.9,0,0,30,19,15
17,2,17,25.4,0,1,0,12,5
16,3,16,27.8,0,0,0,13,5
17,6,17,28.3,0,0,4,30,4
12,1,12,23.9,0,0,0,4,5
18,6,18,22.6,0,0,0,12,6
14,2,14,13.2,0,0,4,6,4
23,0,23,19.8,0,1,6,18,8
4,4,4,5.3,0,0,0,10,6
12,0,12,20.2,0,0,0,8,6
10,3,10,12.4,0,0,0,31,6
11,6,11,18.6,0,0,0,6,0
13,3,13,14.7,0,0,5,12,1
9,3,9,14.7,0,0,0,15,7
16,6,16,16.8,0,0,0,12,6
17,6,17,20.1,0,0,0,24,5
11,4,11,13.0,0,0,4,13,1
8,5,8,13.1,0,0,4,13,1
16,2,16,34.2,0,1,0,7,5
15,6,15,31.5,0,1,0,4,5
15,1,15,11.7,0,0,0,44,6
16,6,16,20.2,0,0,20,19,15
17,6,17,21.8,0,0,5,23,4
16,1,16,17.2,0,0,0,13,6
14,0,14,16.0,0,0,6,18,27
9,3,9,15.5,0,0,5,12,1
12,2,12,20.7,0,0,0,12,6
17,1,17,19.1,0,0,0,28,6
15,3,15,9.5,1,2,0,18,5
12,5,12,24.4,0,0,5,5,1
8,4,8,13.9,0,0,0,14,5
1,3,1,11.0,1,2,0,26,5
5,2,5,1.5,0,0,4,9,4
20,5,20,13.2,0,0,0,26,6
13,6,13,28.2,0,1,0,48,6
15,4,15,26.4,0,0,4,30,1
5,6,5,12.6,0,0,4,23,4
16,5,16,19.8,0,0,20,19,15
11,6,11,10.3,0,0,0,29,6
13,2,13,28.0,0,1,12,27,0
8,0,8,10.2,1,2,7,78,39
0,2,0,11.7,0,0,0,1,7
18,0,18,13.6,0,0,30,19,15
1,0,1,16.5,0,0,13,6,6
13,6,13,22.4,0,0,7,74,43
1,3,1,6.9,0,0,0,0,0
5,6,5,14.9,0,0,4,6,1
5,0,5,12.4,0,0,0,9,6
8,1,8,15.1,0,0,0,16,7
16,0,16,31.6,0,1,21,3,15
6,5,6,13.8,0,0,0,26,6
17,1,17,16.7,0,0,0,12,6
14,4,14,10.2,1,2,5,6,1
7,5,7,12.1,0,0,0,31,5
21,3,21,8.3,0,0,0,31,6
6,5,6,12.0,0,0,0,29,5
9,2,9,6.8,0,0,0,20,5
17,4,17,26.8,0,0,0,1,10
6,0,6,4.5,0,0,0,31,6
14,4,14,27.6,0,0,5,14,1
22,0,22,15.8,0,0,13,6,6
18,4,18,20.8,0,0,0,12,6
9,6,9,12.3,0,0,0,16,0
16,2,16,24.9,0,0,4,30,1
16,3,16,29.7,0,1,6,18,8
0,6,0,5.8,0,0,0,1,7
7,0,7,0.1,0,0,0,9,6
11,3,11,14.5,0,0,0,28,6
9,4,9,10.8,0,0,5,10,4
15,0,15,31.9,0,1,0,20,5
16,5,16,19.7,0,0,0,26,6
20,6,20,9.3,0,0,14,19,16
10,3,10,18.3,0,0,0,25,6
8,4,8,9.9,0,0,0,25,6
18,1,18,27.4,0,1,0,12,6
8,4,8,9.3,0,0,6,18,8
13,0,13,22.5,0,0,5,7,1
7,1,7,11.7,0,0,0,29,6
14,1,14,22.4,0,0,28,7,13
8,0,8,10.8,0,0,0,12,6
1,4,1,12.2,0,0,0,46,0
13,3,13,22.9,0,0,4,18,1
18,3,18,22.0,0,0,0,23,6
16,4,16,24.3,0,0,0,44,6
13,4,13,7.3,0,0,4,10,4
8,3,8,7.2,0,0,6,18,8
12,6,12,20.7,0,0,0,29,6
5,6,5,5.5,0,0,0,10,6
21,5,21,16.0,0,0,0,22,0
10,1,10,11.4,0,0,0,6,7
6,0,6,10.0,0,0,25,51,22
0,5,0,6.0,0,0,0,1,7
16,4,16,13.4,0,0,0,12,6
17,6,17,15.8,0,0,0,25,5
9,5,9,9.1,0,0,7,80,24
8,0,8,10.0,0,0,0,20,6
12,1,12,25.3,0,1,0,7,5
8,1,8,5.4,0,0,0,4,5
7,6,7,11.4,0,0,0,12,6
10,1,10,11.6,0,0,0,9,6
0,3,0,12.7,0,0,19,15,0
22,2,22,11.0,0,0,16,32,14
23,3,23,9.3,0,0,0,36,0
18,6,18,29.5,0,0,13,5,6
10,0,10,23.4,0,1,0,16,0
17,2,17,20.1,0,0,4,10,1
9,4,9,6.0,0,0,0,16,7
19,1,19,21.5,0,0,5,18,1
17,5,17,31.5,0,1,0,12,6
7,5,7,14.0,0,0,0,10,6
11,5,11,10.4,0,0,5,24,1
1,2,1,9.9,0,0,2,2,8
5,1,5,4.5,0,0,0,9,6
15,6,15,11.4,0,0,4,30,5
6,0,6,6.5,1,2,0,31,6
10,3,10,9.3,0,0,5,12,4
19,0,19,7.6,0,0,30,19,15
16,4,16,23.2,0,1,0,28,5
9,6,9,12.4,0,0,0,3,0
17,1,17,27.0,0,0,0,20,6
7,6,7,6.3,0,0,0,13,6
12,0,12,25.5,0,1,0,28,6
15,4,15,23.0,0,1,0,5,5
6,5,6,20.4,0,1,0,8,6
8,2,8,1.7,0,0,0,25,6
19,2,19,11.7,0,0,0,31,5
22,3,22,23.1,0,0,0,22,0
6,3,6,4.3,0,0,0,13,5
6,0,6,5.0,0,0,0,31,6
22,6,22,19.8,0,1,20,19,15
13,1,13,26.5,0,1,0,31,6
18,6,18,27.3,0,1,0,12,5
23,5,23,6.7,0,0,0,15,7
10,4,10,4.8,0,0,0,30,5
1,1,1,11.6,0,0,16,32,14
0,5,0,18.9,0,0,15,37,7
20,6,20,20.8,0,0,0,26,5
19,6,19,13.0,0,0,0,29,6
11,2,11,15.4,0,1,0,6,7
15,0,15,18.2,0,0,0,29,6
9,1,9,10.2,0,0,5,10,4
23,4,23,11.5,0,0,13,6,1
11,1,11,9.1,0,0,5,12,1
20,0,20,18.2,0,0,5,18,1
8,4,8,7.6,1,2,23,43,0
14,6,14,27.6,0,0,0,12,6
17,5,17,29.2,0,1,0,29,5
11,2,11,23.3,0,0,0,9,5
16,0,16,26.5,0,0,6,18,17
13,6,13,22.7,0,0,5,7,1
23,1,23,8.6,0,0,0,35,7
14,2,14,19.6,0,0,0,8,6
6,5,6,6.0,0,0,4,18,1
13,5,13,22.7,0,1,0,7,5
10,6,10,9.7,0,0,0,24,5
23,0,23,5.2,0,0,0,19,7
6,0,6,12.4,0,0,0,29,5
23,1,23,9.9,0,0,20,19,15
18,3,18,23.9,0,0,0,10,6
7,4,7,13.4,0,1,0,7,5
21,6,21,23.4,0,1,0,3,5
4,2,4,8.6,0,0,0,26,5
7,0,7,5.3,0,0,0,10,6
14,4,14,28.3,0,1,6,18,8
18,4,18,26.7,0,0,0,12,6
9,1,9,7.7,0,0,0,4,5
15,6,15,18.7,0,0,4,44,4
13,4,13,16.0,0,0,0,20,5
14,6,14,26.9,0,0,0,12,5
14,5,14,30.0,0,1,0,8,6
12,3,12,13.9,0,0,9,21,11
17,5,17,15.0,0,0,21,3,0
18,4,18,34.8,0,1,13,6,6
15,0,15,29.2,0,1,0,12,5
14,2,14,11.5,0,0,4,44,4
23,0,23,5.5,0,0,0,36,0
14,4,14,11.9,0,0,13,6,6
15,2,15,25.1,0,0,5,20,1
5,3,5,8.7,0,0,0,55,5
6,2,6,9.6,0,0,4,31,4
5,6,5,2.3,0,0,5,3,4
12,3,12,23.4,0,0,5,5,4
17,4,17,21.3,0,0,13,5,6
22,6,22,14.4,0,0,0,19,7
11,4,11,23.4,0,1,0,12,5
23,5,23,10.8,0,0,5,6,1
16,3,16,14.6,0,0,0,44,5
15,2,15,17.6,0,0,4,31,1
7,2,7,3.3,0,0,0,3,7
19,6,19,28.5,0,1,13,6,6
10,3,10,13.2,0,0,25,51,23
12,1,12,24.1,0,1,7,25,21
11,6,11,14.6,0,0,10,22,11
11,0,11,25.6,0,0,0,25,6
15,2,15,7.8,0,0,4,13,4
15,3,15,25.3,0,0,20,7,15
9,2,9,12.1,0,0,0,3,5
16,4,16,27.5,0,0,0,30,5
12,2,12,19.8,0,0,0,14,5
4,2,4,15.7,0,0,0,13,6
5,0,5,10.0,0,0,0,10,5
2,3,2,10.3,0,0,0,27,0
13,2,13,17.5,0,1,12,27,0
18,0,18,29.9,0,1,0,12,5
10,3,10,9.7,0,0,5,24,1
15,6,15,17.5,0,0,5,14,1
17,0,17,11.8,0,0,20,19,15
6,1,6,5.4,0,0,0,29,6
12,1,12,14.2,0,0,0,9,6
14,0,14,29.7,0,1,44,3,44
8,0,8,10.3,0,0,0,25,6
13,5,13,21.1,0,1,25,59,22
20,4,20,14.6,0,0,0,31,6
8,2,8,3.9,0,0,0,6,6
17,5,17,27.6,0,0,0,12,6
14,0,14,22.9,0,1,0,12,6
18,6,18,29.2,0,1,0,25,6
16,5,16,11.2,0,0,0,5,6
11,4,11,10.9,0,0,5,10,4
8,6,8,7.7,0,0,8,19,10
15,4,15,17.9,0,0,14,19,16
13,2,13,12.5,0,0,0,3,5
8,3,8,2.6,0,0,21,3,5
0,1,0,15.4,0,0,5,6,1
8,4,8,5.5,0,0,0,6,6
5,1,5,9.9,0,0,4,13,4
15,6,15,28.3,0,0,7,67,24
9,3,9,21.4,0,1,0,12,5
10,3,10,23.8,0,1,0,23,5
22,3,22,17.8,0,0,15,19,13
10,0,10,11.5,0,0,0,6,7
6,1,6,9.5,0,1,4,18,1
18,2,18,20.3,0,0,0,18,5
16,6,16,25.8,0,0,13,6,5
21,1,21,13.5,0,0,18,34,11
20,3,20,9.3,0,0,21,3,5
5,4,5,4.4,0,0,0,9,6
20,5,20,11.9,0,0,0,7,5
17,2,17,15.7,0,0,0,31,6
16,2,16,13.5,0,0,0,25,6
8,1,8,2.7,0,0,0,30,6
20,3,20,8.6,0,0,4,18,1
12,1,12,16.6,0,0,0,5,6
13,4,13,25.1,0,1,13,6,6
13,2,13,18.1,0,0,0,18,5
11,5,11,10.2,0,0,10,22,11
5,6,5,11.7,0,0,0,5,5
13,1,13,12.1,0,0,6,18,27
1,6,1,11.6,0,0,2,2,8
17,3,17,17.3,0,0,0,31,6
13,5,13,25.3,0,0,7,13,24
4,0,4,14.1,0,0,0,9,5
6,3,6,15.7,0,1,0,14,5
13,2,13,18.9,0,0,0,20,6
14,6,14,22.2,0,0,0,11,6
15,3,15,12.6,0,0,0,20,6
10,0,10,14.9,0,0,5,14,1
14,3,14,13.4,0,0,0,3,6
8,5,8,4.4,0,0,0,4,5
13,2,13,18.5,0,0,5,20,1
5,4,5,13.7,0,0,4,1,1
11,1,11,23.6,0,1,39,19,12
8,6,8,4.9,0,0,0,30,6
7,0,7,13.2,0,0,0,10,5
15,6,15,27.8,0,0,0,44,5
4,5,4,9.3,0,0,13,6,6
4,0,4,5.0,0,0,2,2,8
13,5,13,28.5,0,1,0,62,5
21,5,21,8.2,0,0,18,34,11
9,5,9,9.3,0,0,0,16,7
14,6,14,30.2,0,1,4,13,4
20,6,20,14.1,0,0,0,3,7
8,6,8,6.7,0,0,0,7,6
14,1,14,15.0,0,0,4,13,4
0,2,0,8.9,0,0,0,8,5
18,6,18,25.2,0,0,0,28,5
17,2,17,20.3,0,0,0,31,6
13,2,13,31.5,0,1,0,31,6
8,0,8,10.0,0,0,0,4,5
23,3,23,8.7,0,0,0,35,0
5,6,5,11.0,0,0,5,10,1
9,3,9,21.5,0,1,0,8,5
20,6,20,9.7,0,0,20,7,15
5,2,5,9.6,0,0,13,6,6
21,4,21,22.5,0,0,0,29,6
9,6,9,8.2,0,0,0,14,5
0,5,0,6.5,1,2,0,18,5
16,5,16,32.0,0,0,21,71,5
11,1,11,21.0,0,1,0,10,5
15,0,15,20.0,0,0,0,5,6
8,6,8,8.5,0,0,13,6,6
8,5,8,6.7,0,0,0,11,6
19,6,19,9.9,0,0,0,22,0
8,0,8,3.2,0,0,14,19,16
15,5,15,24.1,0,0,13,4,5
14,4,14,27.5,0,1,12,27,0
11,6,11,22.2,0,0,0,14,5
19,2,19,34.1,0,1,0,10,6
18,5,18,29.6,0,0,5,18,1
1,2,1,16.3,0,0,0,46,0
10,4,10,8.4,0,0,5,10,4
8,1,8,8.9,0,0,4,13,4
1,4,1,13.4,0,0,1,1,1
16,6,16,23.7,0,0,0,10,5
9,1,9,10.9,0,0,0,18,5
6,5,6,1.5,0,0,5,6,4
19,6,19,13.5,0,0,0,10,6
10,6,10,21.5,0,1,0,30,5
14,2,14,17.3,0,0,0,3,5
7,2,7,11.4,0,0,1,1,1
15,0,15,9.6,0,0,0,20,6
1,0,1,11.4,0,0,2,2,8
12,6,12,17.5,0,0,0,29,6
7,6,7,12.7,0,0,0,83,5
5,1,5,11.2,0,0,0,17,5
10,0,10,16.0,0,0,5,7,1
7,0,7,12.4,0,1,0,25,5
4,1,4,9.7,0,0,0,8,5
5,3,5,7.8,0,0,0,55,5
15,5,15,30.9,0,0,0,3,6
15,0,15,18.1,0,0,5,9,4
7,1,7,3.5,0,0,0,20,5
8,2,8,2.1,0,0,21,3,5
9,6,9,10.6,0,0,0,16,0
7,0,7,16.0,0,1,0,41,5
9,5,9,19.6,0,0,6,18,8
15,1,15,12.2,0,0,31,19,12
5,3,5,5.5,0,0,0,8,5
7,6,7,12.9,0,0,0,12,6
5,2,5,14.0,0,0,4,23,5
4,3,4,9.9,0,0,0,26,6
4,5,4,4.5,0,0,2,2,8
6,6,6,16.3,0,1,13,6,6
8,4,8,12.4,0,0,0,4,5
8,3,8,2.7,0,0,0,12,6
15,0,15,23.8,0,0,13,4,5
18,0,18,14.4,0,0,0,13,6
19,2,19,13.2,0,0,5,30,1
1,2,1,17.9,0,0,0,1,0
14,0,14,30.7,0,1,0,24,5
16,5,16,27.4,0,0,0,26,6
23,4,23,11.8,0,0,0,26,6
18,5,18,12.1,0,1,0,12,5
23,0,23,15.5,0,0,0,26,6
18,3,18,8.7,1,2,4,20,1
18,6,18,14.2,0,0,0,25,6
7,0,7,12.4,0,1,0,31,5
16,4,16,11.3,0,0,0,7,6
8,6,8,7.1,0,0,29,3,25
16,0,16,22.2,0,0,0,1,7
8,4,8,9.6,0,0,0,18,5
23,2,23,19.9,0,0,18,34,11
2,5,2,15.2,0,0,2,2,8
5,4,5,14.7,0,0,4,45,1
0,6,0,18.7,0,0,0,1,0
5,5,5,13.8,0,0,4,1,1
13,2,13,24.7,0,1,0,48,5
12,5,12,15.8,0,0,10,22,11
11,3,11,18.2,0,0,0,10,6
13,1,13,18.8,0,0,0,18,5
12,4,12,24.0,0,0,0,12,6
0,0,0,6.9,0,0,0,19,0
14,4,14,28.5,0,1,23,43,0
4,0,4,13.3,0,0,0,23,5
0,3,0,11.9,0,0,0,19,0
11,3,11,9.4,0,0,0,8,5
10,5,10,7.5,0,0,0,6,7
12,1,12,9.3,0,0,5,48,4
15,2,15,18.8,0,0,0,3,6
14,1,14,11.3,0,0,6,18,8
14,3,14,25.1,0,0,0,29,6
11,2,11,10.0,0,0,0,9,6
4,5,4,11.7,0,0,0,5,6
23,0,23,14.5,0,0,18,34,11
0,4,0,6.9,0,0,0,26,5
15,0,15,16.0,0,0,0,5,6
11,5,11,13.0,0,0,4,54,1
11,5,11,24.3,0,1,20,19,15
7,2,7,3.2,0,0,4,6,1
16,3,16,9.9,0,0,0,20,5
14,6,14,28.3,0,1,0,20,5
7,3,7,9.0,0,0,0,11,6
20,3,20,10.1,0,0,4,13,5
12,0,12,19.3,0,0,0,20,6
23,6,23,7.6,0,0,0,35,7
19,3,19,25.5,0,1,5,18,5
12,0,12,8.4,0,0,0,13,6
14,3,14,13.2,0,0,0,29,6
11,3,11,8.8,0,0,13,6,6
19,3,19,25.1,0,1,0,9,6
8,4,8,7.5,0,0,0,12,6
11,0,11,9.4,0,0,2,2,2
18,3,18,30.8,0,0,0,13,6
13,5,13,27.2,0,1,0,12,6
13,2,13,14.7,0,0,0,48,5
9,3,9,15.5,0,0,0,30,6
14,1,14,20.2,0,0,13,99,4
11,3,11,19.7,0,0,0,89,7
7,4,7,14.9,0,0,0,8,6
10,2,10,10.1,0,0,0,11,6
4,2,4,4.9,0,0,5,5,4
13,0,13,24.8,0,0,10,22,11
20,2,20,5.6,0,0,13,6,6
7,1,7,1.8,0,0,4,9,4
21,4,21,6.6,0,0,18,34,11
1,2,1,8.1,0,0,0,1,0
17,2,17,26.0,0,1,0,9,6
16,1,16,21.0,0,0,0,12,6
16,3,16,10.0,0,0,4,20,1
0,5,0,20.7,0,0,15,37,7
11,3,11,26.0,0,1,11,60,3
13,3,13,11.1,0,0,0,20,5
18,3,18,27.1,0,0,0,10,5
9,0,9,8.3,0,0,0,12,5
18,0,18,8.5,0,0,5,20,1
7,6,7,13.0,0,0,1,1,7
6,6,6,0.2,0,0,5,6,1
17,1,17,9.3,0,0,4,12,4
12,6,12,9.1,0,0,0,31,6
18,0,18,7.9,0,0,0,12,5
14,3,14,17.6,0,0,0,12,6
15,0,15,24.9,0,1,4,13,5
6,1,6,4.8,0,0,21,3,5
16,5,16,31.4,0,0,1,1,1
5,2,5,11.7,0,0,4,13,1
8,2,8,11.0,0,0,4,39,1
16,0,16,24.8,0,0,5,14,1
3,3,3,8.8,0,0,2,2,2
15,1,15,29.9,0,1,20,19,15
3,1,3,11.6,0,0,13,6,5
0,1,0,15.3,0,0,8,19,10
14,6,14,27.9,0,1,20,19,15
12,0,12,21.7,0,1,0,6,5
11,0,11,18.3,0,0,0,14,5
15,4,15,15.7,0,0,23,43,0
10,0,10,17.2,0,1,0,8,7
12,5,12,13.1,0,0,0,12,6
11,5,11,22.3,0,1,5,12,1
21,2,21,16.4,0,1,21,3,5
18,0,18,24.4,0,0,0,10,5
10,1,10,17.5,0,1,0,16,0
23,3,23,18.2,0,1,0,22,0
11,0,11,26.1,0,1,7,67,24
8,0,8,4.6,0,0,6,18,17
9,6,9,15.8,0,0,0,3,6
17,3,17,8.8,1,2,5,24,1
6,0,6,10.4,0,0,25,51,21
10,1,10,10.9,0,0,0,25,6
18,6,18,9.1,0,0,0,9,6
18,2,18,29.6,0,0,0,9,6
16,6,16,24.8,0,0,0,7,6
14,2,14,13.4,0,0,6,18,27
10,1,10,23.5,0,1,30,19,15
23,0,23,7.2,0,0,0,36,0
21,0,21,10.0,0,0,0,3,6
8,5,8,9.8,0,1,0,7,5
20,0,20,13.0,0,0,4,10,5
7,4,7,8.6,0,1,0,7,5
12,5,12,22.4,0,1,28,7,0
2,5,2,15.2,0,0,13,6,6
8,4,8,11.0,0,0,0,13,6
15,6,15,11.4,0,0,0,12,6
5,4,5,11.5,0,0,4,6,4
15,6,15,19.8,0,0,0,9,6
6,2,6,8.1,0,0,0,29,6
16,0,16,30.4,0,0,0,5,6
18,6,18,18.4,0,0,0,20,6
23,2,23,9.3,0,0,0,36,0
17,3,17,26.6,0,1,0,12,6
14,6,14,24.9,0,0,0,9,6
11,0,11,14.7,0,0,0,11,6
12,2,12,26.3,0,0,24,63,15
19,1,19,3.7,0,0,0,22,0
8,4,8,3.3,0,0,13,6,6
9,1,9,7.1,0,0,0,14,5
11,1,11,10.5,0,0,10,22,11
12,2,12,21.1,0,0,6,18,8
7,5,7,15.1,0,1,13,6,6
5,0,5,8.4,0,0,0,13,6
12,6,12,9.4,0,0,5,41,1
16,6,16,28.5,0,0,0,31,6
20,2,20,11.3,0,0,0,7,5
19,6,19,22.1,0,0,20,7,15
9,2,9,20.2,0,0,0,8,6
7,0,7,9.5,0,0,8,1,10
0,2,0,12.3,0,0,0,19,0
16,0,16,9.7,0,0,5,12,4
14,4,14,28.9,0,1,12,27,0
12,0,12,27.8,0,0,0,12,6
21,2,21,13.0,0,0,4,29,1
1,2,1,15.8,0,0,0,46,0
20,6,20,24.4,0,1,0,8,6
10,5,10,8.7,0,0,0,13,6
7,0,7,8.1,0,0,14,19,16
17,2,17,20.0,0,0,4,20,4
16,2,16,19.2,0,0,0,28,6
9,4,9,11.0,0,0,21,3,5
23,1,23,18.6,0,1,19,15,0
6,4,6,14.8,0,1,0,29,6
16,1,16,31.4,0,1,0,20,5
13,0,13,21.5,0,0,0,12,6
16,5,16,31.2,0,1,0,10,6
12,1,12,26.2,0,1,0,6,6
12,3,12,18.2,0,0,0,5,6
8,0,8,16.8,0,1,11,60,3
17,4,17,30.2,0,0,43,125,8
7,6,7,0.3,0,0,4,12,4
21,5,21,26.8,0,1,0,22,0
14,6,14,26.9,0,0,0,31,6
22,2,22,5.9,0,0,15,19,7
19,3,19,15.8,0,0,0,29,5
23,6,23,6.0,0,0,0,35,7
16,5,16,24.5,0,0,0,5,6
19,0,19,7.6,0,0,0,20,5
1,0,1,15.7,0,0,1,1,1
16,1,16,19.1,0,0,0,44,6
12,3,12,20.8,0,0,0,29,5
11,1,11,14.4,0,0,10,22,11
1,5,1,3.7,0,0,2,2,8
4,6,4,10.3,0,0,14,19,16
13,6,13,28.1,0,1,12,27,0
12,1,12,24.7,0,1,0,5,5
18,2,18,17.6,0,0,0,9,6
13,4,13,20.9,0,0,0,18,5
16,6,16,15.9,0,0,0,18,5
1,0,1,10.5,0,0,16,32,14
14,1,14,24.5,0,0,0,12,6
23,3,23,11.3,0,0,16,32,14
7,3,7,13.3,0,1,0,29,6
6,1,6,12.2,0,0,0,31,5
5,4,5,10.9,0,0,4,31,4
7,1,7,14.4,0,1,0,11,5
10,4,10,8.7,0,0,0,9,6
19,3,19,24.5,0,0,5,30,1
4,2,4,12.5,0,0,0,8,5
5,5,5,12.9,0,0,0,8,5
5,2,5,16.0,0,0,2,2,8
22,6,22,11.9,0,0,6,18,8
9,3,9,18.3,0,0,0,30,6
8,2,8,11.9,0,1,5,11,1
10,5,10,8.3,0,0,0,12,5
14,6,14,28.8,0,1,12,27,0
9,3,9,15.1,0,0,0,28,6
17,2,17,7.4,0,0,5,29,1
15,5,15,31.2,0,1,0,4,5
6,6,6,7.6,0,0,4,23,5
21,2,21,21.2,0,0,0,22,0
12,0,12,21.0,0,0,0,31,6
15,5,15,16.5,0,0,6,18,8
9,1,9,19.0,0,1,21,3,5
1,4,1,14.6,0,0,16,32,5
5,4,5,6.9,0,0,0,7,6
16,6,16,30.5,0,1,4,12,5
13,3,13,12.5,0,0,0,12,6
22,4,22,22.1,0,1,6,18,8
16,0,16,17.9,0,0,0,1,7
15,5,15,11.6,0,0,0,44,6
17,0,17,26.4,0,0,20,19,15
8,3,8,20.3,0,0,0,20,5
11,6,11,13.5,0,0,0,41,5
14,0,14,18.9,0,0,0,25,5
15,3,15,10.9,0,0,0,6,6
12,4,12,15.3,0,0,0,18,5
15,0,15,22.9,0,0,0,25,5
4,5,4,8.4,1,2,13,6,4
3,4,3,6.2,0,0,3,3,3
20,0,20,20.6,0,0,0,13,6
16,4,16,20.9,0,0,0,5,6
12,5,12,24.2,0,0,0,5,5
0,2,0,18.3,0,0,5,6,1
5,2,5,6.0,0,0,0,10,6
8,4,8,3.4,0,0,30,1,15
3,4,3,17.9,0,0,32,19,15
7,2,7,15.4,0,1,21,3,5
17,6,17,27.3,0,1,0,31,5
4,4,4,10.4,0,0,0,13,6
16,5,16,30.5,0,0,0,22,7
7,5,7,11.3,0,1,13,6,6
19,0,19,30.5,0,1,0,25,5
7,4,7,1.7,0,0,20,19,15
2,4,2,14.8,0,0,2,2,8
14,3,14,24.1,0,0,0,29,6
23,1,23,14.2,0,1,0,36,0
7,1,7,11.1,0,0,0,29,5
4,5,4,14.3,0,0,0,8,6
6,6,6,13.0,0,0,0,13,6
5,6,5,8.5,0,0,0,13,5
9,3,9,20.6,0,1,0,15,7
13,1,13,27.5,0,1,0,48,5
10,6,10,19.2,0,1,0,16,0
5,2,5,11.4,0,0,4,5,1
23,1,23,10.4,0,0,15,19,7
14,5,14,11.6,0,0,5,62,1
19,1,19,9.9,0,0,13,6,6
6,6,6,13.1,0,0,0,17,5
11,3,11,16.7,0,0,0,19,0
3,4,3,16.2,0,0,14,19,16
5,2,5,12.6,0,0,0,13,6
23,3,23,8.5,0,0,0,19,0
14,1,14,30.7,0,1,6,18,8
7,2,7,13.5,0,0,0,14,5
18,6,18,29.6,0,0,0,10,6
5,3,5,7.2,0,0,0,10,5
20,3,20,11.0,0,0,5,26,4
15,3,15,22.7,0,0,23,43,0
12,5,12,24.6,0,0,2,2,2
8,4,8,1.2,0,0,21,3,5
5,4,5,2.0,0,0,4,6,1
23,3,23,9.4,0,0,0,35,0
14,2,14,11.3,0,0,0,20,6
11,5,11,25.6,0,0,0,31,6
4,1,4,3.8,0,0,0,31,6
9,1,9,4.5,0,0,4,13,1
2,0,2,17.0,0,0,2,2,8
7,2,7,4.5,0,0,4,9,4
15,3,15,26.4,0,0,0,3,6
17,6,17,24.5,0,0,0,25,6
17,6,17,16.6,0,0,0,44,6
6,6,6,15.9,0,0,4,6,4
18,4,18,19.8,0,0,21,3,0
5,6,5,8.4,0,0,0,7,6
13,6,13,9.9,0,0,29,3,30
8,0,8,12.7,0,0,0,25,6
17,0,17,31.5,0,1,6,18,8
23,4,23,4.7,0,0,0,36,0
23,1,23,12.7,0,0,0,36,0
10,6,10,12.7,0,0,0,13,5
11,3,11,11.4,0,0,6,30,19
4,4,4,5.7,0,0,3,3,3
16,0,16,28.3,0,1,20,7,15
21,1,21,11.6,0,0,0,7,6
18,1,18,12.9,0,0,10,22,11
9,2,9,5.4,0,0,0,16,7
10,2,10,14.9,0,1,0,8,6
18,6,18,10.7,0,0,0,12,6
8,3,8,17.1,0,1,0,5,5
11,6,11,11.1,0,0,10,22,11
10,6,10,9.0,0,0,0,29,6
9,6,9,7.8,0,0,0,18,5
6,4,6,12.7,0,1,21,3,14
21,0,21,16.8,0,1,0,7,5
16,0,16,31.0,0,0,0,1,10
23,2,23,17.7,0,0,6,18,17
11,1,11,21.7,0,1,0,16,0
6,1,6,9.3,0,0,4,13,1
11,0,11,12.3,0,0,0,25,6
18,1,18,4.0,0,0,13,5,4
14,1,14,19.3,0,0,0,5,6
15,5,15,28.4,0,0,0,3,6
7,0,7,13.0,0,1,0,41,5
16,3,16,26.5,0,0,20,19,15
13,0,13,12.6,0,0,5,25,1
6,4,6,3.3,0,0,4,31,4
17,6,17,16.4,0,0,0,13,6
16,0,16,33.6,0,1,0,7,5
7,4,7,12.2,0,0,21,3,5
5,3,5,8.3,0,0,14,19,12
9,2,9,5.5,0,0,4,13,4
22,4,22,6.6,0,0,16,32,14
10,0,10,19.3,0,0,0,6,0
15,6,15,16.9,0,0,21,71,5
13,6,13,22.5,0,0,23,43,0
18,2,18,29.4,0,1,0,7,5
2,1,2,16.5,0,0,0,6,5
20,3,20,8.7,1,2,5,20,4
1,0,1,11.6,0,0,0,46,0
15,4,15,26.3,0,0,0,5,6
12,1,12,14.7,0,0,0,5,6
19,6,19,15.3,0,0,0,20,6
13,2,13,13.0,0,0,0,48,6
21,2,21,13.6,0,0,0,31,6
12,4,12,18.5,0,0,0,3,5
5,1,5,8.1,0,0,4,31,4
23,2,23,8.7,0,0,0,35,0
4,3,4,9.8,0,0,21,3,14
5,4,5,13.6,0,0,8,1,10
15,3,15,10.7,0,0,13,4,5
13,3,13,17.6,1,2,5,13,1
14,5,14,14.9,0,0,0,3,5
17,2,17,20.1,0,0,5,5,1
7,1,7,8.5,0,0,0,13,5
22,6,22,16.9,0,0,14,19,12
10,3,10,19.2,0,1,5,14,1
19,0,19,23.7,0,0,0,29,5
12,4,12,7.4,0,0,0,29,6
16,5,16,17.4,0,0,0,24,5
15,5,15,30.4,0,0,10,38,10
4,3,4,14.0,0,0,0,27,0
18,2,18,29.5,0,0,0,12,6
9,6,9,13.9,0,0,0,3,5
1,0,1,5.1,0,0,0,46,0
7,0,7,8.6,0,0,3,3,3
1,3,1,13.0,0,0,16,32,14
18,6,18,24.5,0,0,0,25,6
8,5,8,9.1,0,0,0,28,6
13,3,13,15.8,0,0,0,11,6
8,6,8,7.0,0,0,0,3,6
14,2,14,18.8,0,0,0,11,6
22,6,22,9.9,0,0,0,8,6
14,2,14,27.6,0,1,0,29,5
21,4,21,13.0,0,0,5,3,4
17,1,17,28.2,0,0,0,9,6
17,6,17,24.7,0,0,4,30,4
6,0,6,3.0,0,0,0,9,6
5,6,5,12.3,0,0,0,10,5
9,0,9,21.8,0,1,5,11,4
9,2,9,18.1,0,1,22,19,15
16,3,16,27.1,0,1,6,18,8
7,4,7,7.8,1,2,18,34,11
6,1,6,5.5,0,0,4,31,4
1,2,1,13.3,0,0,0,46,0
10,3,10,12.4,0,0,0,11,6
15,2,15,24.0,0,0,0,3,6
15,5,15,25.3,0,0,0,6,5
5,0,5,10.7,0,0,21,3,14
12,3,12,30.5,0,1,6,30,19
4,2,4,14.9,0,0,0,31,6
12,1,12,23.0,0,0,9,21,11
14,6,14,15.2,0,0,14,19,16
8,6,8,18.2,0,1,0,18,5
4,1,4,11.4,0,0,0,9,5
21,1,21,9.7,0,0,6,18,17
18,2,18,11.9,0,0,13,5,1
0,6,0,16.7,0,0,5,6,1
11,0,11,17.0,0,0,0,24,5
15,1,15,24.5,0,0,14,19,16
23,6,23,13.4,0,0,18,34,11
1,0,1,8.3,0,0,1,1,1
14,5,14,19.3,0,0,13,6,6
10,5,10,14.4,0,0,5,10,4
8,3,8,7.7,0,0,0,11,6
18,4,18,29.9,0,1,0,29,5
11,4,11,22.9,0,1,0,29,6
8,5,8,10.0,0,0,4,30,1
13,4,13,21.3,0,0,0,13,6
15,5,15,16.2,0,0,5,14,1
10,5,10,10.5,0,0,5,14,1
20,5,20,10.7,0,0,18,34,11
17,6,17,15.3,0,0,21,3,0
23,0,23,10.5,0,0,5,6,1
4,6,4,7.9,1,2,21,3,5
14,2,14,18.7,0,0,0,18,5
4,5,4,0.9,0,0,21,3,5
12,5,12,15.8,0,0,0,12,6
2,5,2,15.2,0,0,1,1,1
8,2,8,9.2,0,0,0,25,6
15,1,15,30.8,0,1,0,5,6
5,0,5,12.9,0,0,2,2,8
13,5,13,22.2,0,0,4,7,1
9,5,9,18.4,0,0,21,3,5
15,0,15,28.0,0,0,0,31,6
7,5,7,14.4,0,1,0,11,6
1,1,1,15.6,0,0,1,1,1
11,4,11,10.8,0,0,7,16,9
18,3,18,24.2,0,0,0,10,6
5,3,5,7.8,0,0,0,7,6
14,0,14,25.5,0,0,76,8,24
15,5,15,25.3,0,1,13,4,6
18,1,18,15.4,0,0,4,9,1
0,0,0,15.0,0,0,0,1,7
5,2,5,10.2,0,0,21,3,14
20,6,20,14.4,0,1,0,31,5
9,2,9,12.3,0,0,0,29,6
17,2,17,30.0,0,0,0,20,5
13,5,13,27.7,0,0,9,21,11
20,1,20,26.5,0,0,20,19,15
10,4,10,21.9,0,1,0,23,5
15,1,15,29.5,0,1,0,4,5
7,1,7,10.8,0,0,0,25,5
23,0,23,8.7,0,0,0,35,0
8,4,8,11.3,0,0,0,25,6
23,0,23,12.0,0,0,7,9,18
9,5,9,4.0,0,0,4,30,1
7,5,7,9.7,0,0,0,3,5
11,5,11,10.5,0,0,10,22,11
15,3,15,14.4,0,0,23,43,0
9,0,9,4.9,0,0,0,10,5
23,0,23,16.2,0,0,0,19,7
23,2,23,19.3,0,1,18,34,11
5,6,5,-0.4,0,0,4,5,4
16,6,16,15.9,0,0,5,5,4
10,2,10,21.9,0,0,0,17,5
15,1,15,18.5,0,0,13,6,6
5,1,5,4.5,0,0,5,4,1
7,6,7,1.1,0,0,0,3,7
13,1,13,27.9,0,1,5,7,5
16,0,16,21.5,0,0,4,13,1
10,3,10,9.2,0,0,0,8,6
3,2,3,14.5,0,0,24,7,15
6,5,6,5.8,0,0,4,9,1
9,2,9,13.2,0,0,0,15,7
1,0,1,16.8,0,0,0,0,0
1,0,1,8.2,0,0,0,46,0
8,3,8,11.0,0,1,0,4,5
11,6,11,18.2,0,0,0,12,6
6,3,6,1.7,0,0,0,29,6
7,3,7,9.6,0,0,5,17,1
16,3,16,13.9,0,0,4,20,4
12,4,12,15.5,0,0,0,5,6
1,0,1,13.0,0,0,16,32,14
16,6,16,28.8,0,1,23,43,0
4,1,4,5.8,0,0,0,8,6
11,4,11,18.6,0,0,0,9,6
11,2,11,15.7,0,0,0,31,6
2,4,2,6.1,0,0,2,2,2
0,1,0,14.7,0,0,1,1,1
15,0,15,33.2,0,0,0,31,6
0,6,0,18.5,0,0,10,22,11
9,6,9,8.0,0,0,0,4,5
17,4,17,35.5,0,1,0,12,5
10,5,10,21.8,0,1,0,41,5
11,1,11,20.2,0,1,0,12,6
16,1,16,24.8,0,0,0,44,5
23,0,23,8.8,0,0,0,19,0
22,4,22,26.1,0,1,16,32,14
5,6,5,4.4,0,0,13,6,6
15,3,15,26.4,0,0,14,63,16
12,6,12,24.3,0,1,0,11,5
5,1,5,12.7,0,0,0,9,6
12,2,12,14.5,0,0,5,10,4
0,4,0,18.6,0,1,0,19,0
16,6,16,16.0,0,0,0,18,5
20,2,20,14.5,0,0,0,8,5
12,5,12,16.1,0,0,5,13,1
19,4,19,13.9,0,0,0,22,0
17,3,17,30.3,0,1,0,12,5
7,0,7,10.7,0,0,13,6,6
17,4,17,20.1,0,0,5,23,4
9,0,9,10.9,0,0,0,9,6
14,3,14,24.5,0,0,5,23,1
18,4,18,12.3,0,0,4,9,5
23,6,23,6.8,0,0,5,6,1
4,2,4,8.1,0,0,0,31,5
16,6,16,21.5,0,0,0,25,6
9,3,9,17.2,0,0,21,3,5
8,2,8,5.0,0,0,0,4,5
23,2,23,11.8,0,0,7,9,24
18,4,18,30.1,0,1,0,10,5
13,2,13,28.2,0,0,0,24,5
8,5,8,11.7,0,1,0,20,6
8,0,8,12.7,0,0,14,19,16
13,0,13,20.1,0,0,0,31,6
11,5,11,17.0,0,0,5,10,4
5,2,5,8.7,0,0,5,5,4
1,6,1,13.3,0,0,13,6,6
10,5,10,8.3,0,0,0,13,5
9,0,9,10.7,0,0,6,18,8
13,1,13,24.8,0,0,4,13,4
0,6,0,8.0,0,0,1,1,1
19,2,19,15.2,0,0,4,9,4
13,3,13,14.2,0,0,5,14,1
20,0,20,25.7,0,1,5,6,1
13,5,13,13.8,0,0,0,31,6
15,0,15,33.5,0,0,13,6,6
7,4,7,7.7,0,0,0,25,5
4,1,4,9.7,0,0,0,13,5
12,5,12,8.9,0,0,0,18,5
5,1,5,11.3,0,0,4,4,4
7,0,7,8.0,0,0,0,13,5
0,0,0,21.7,0,0,24,7,15
10,3,10,19.3,0,1,5,12,4
13,1,13,26.6,0,1,5,7,5
8,1,8,10.7,0,1,0,5,5
1,0,1,16.8,0,0,0,46,0
1,5,1,10.0,0,0,0,3,5
4,6,4,10.0,0,0,0,26,6
11,4,11,21.3,0,0,28,7,0
14,6,14,28.3,0,1,6,18,17
13,6,13,17.4,0,0,6,30,19
4,5,4,6.4,0,0,0,26,5
5,1,5,9.5,0,0,4,4,4
7,6,7,5.1,0,0,0,25,5
16,6,16,10.3,0,0,5,5,4
16,5,16,29.3,0,0,0,44,6
9,4,9,6.7,0,0,0,30,6
11,2,11,17.4,0,0,20,19,15
17,6,17,24.0,0,1,0,10,6
21,3,21,20.3,0,0,0,22,0
19,4,19,23.1,0,0,0,29,6
16,2,16,16.6,0,0,4,18,5
19,3,19,13.6,0,0,6,18,8
16,3,16,33.2,0,0,0,7,5
19,3,19,22.1,0,0,0,29,6
9,6,9,14.9,0,0,0,15,7
8,1,8,10.1,0,0,4,31,4
10,6,10,9.7,0,0,5,12,1
4,2,4,9.8,0,0,0,5,6
14,4,14,17.1,0,0,0,10,6
13,0,13,26.7,0,1,4,39,1
14,5,14,14.3,0,0,1,1,1
15,2,15,27.8,0,1,13,6,6
17,0,17,23.3,0,0,6,7,8
2,3,2,9.7,1,2,5,5,4
8,1,8,11.4,0,0,4,13,4
5,0,5,4.8,0,0,4,23,1
5,4,5,1.7,0,0,0,9,6
22,0,22,20.5,0,1,15,19,13
21,4,21,13.5,0,0,0,10,5
7,0,7,12.4,0,0,0,31,6
11,6,11,13.3,0,0,20,19,15
4,1,4,12.4,0,0,0,8,5
14,4,14,26.5,0,0,7,6,9
14,3,14,21.8,0,0,25,51,22
8,6,8,4.1,0,0,4,39,1
16,6,16,23.8,0,0,13,4,6
23,4,23,12.6,0,0,5,6,1
4,2,4,9.4,0,0,5,5,4
6,3,6,1.9,0,0,0,31,5
0,1,0,17.9,0,0,0,1,10
4,1,4,8.7,0,0,0,9,6
5,4,5,7.0,0,0,3,3,3
20,5,20,20.3,0,0,18,34,11
11,6,11,18.1,0,0,4,3,5
12,2,12,22.5,0,0,0,29,6
20,0,20,15.4,0,0,4,9,4
7,5,7,5.4,0,0,4,6,4
4,4,4,14.9,0,0,0,10,5
6,2,6,10.7,0,0,4,13,4
5,0,5,7.7,0,0,4,23,1
10,1,10,13.1,0,0,0,20,6
4,6,4,18.3,0,0,0,13,6
11,6,11,10.4,0,0,13,6,6
11,1,11,14.6,0,0,0,10,6
16,6,16,21.3,0,0,21,3,0
6,4,6,16.8,0,0,4,1,1
21,5,21,8.6,0,0,18,34,11
7,0,7,15.0,0,1,0,7,5
1,5,1,10.3,0,0,13,6,6
23,6,23,19.9,0,1,17,33,15
17,2,17,36.7,0,0,21,3,7
19,3,19,25.7,0,1,0,18,5
13,5,13,26.1,0,0,5,7,1
12,5,12,13.1,0,0,0,18,5
0,3,0,13.3,0,0,0,8,5
6,1,6,6.6,0,0,0,9,5
9,5,9,15.4,0,0,0,15,7
23,3,23,17.7,0,1,18,34,11
8,1,8,11.6,0,0,0,16,0
17,2,17,19.2,0,0,5,5,1
13,0,13,17.1,0,0,6,18,17
6,6,6,4.7,0,0,13,6,4
22,5,22,5.1,0,0,21,3,5
8,2,8,19.0,0,1,0,4,5
19,6,19,22.4,0,0,0,48,5
12,4,12,15.1,0,0,13,6,6
23,3,23,7.7,0,0,0,19,0
14,1,14,11.5,0,0,13,6,6
4,3,4,2.9,0,0,0,31,6
13,6,13,14.4,0,0,5,41,1
10,0,10,10.1,0,0,0,31,5
4,4,4,8.0,0,0,0,40,5
11,6,11,14.7,0,0,0,12,6
17,1,17,31.6,0,1,4,45,4
23,4,23,20.4,0,0,0,35,0
15,1,15,15.1,0,0,0,5,6
5,6,5,1.8,0,0,0,8,6
15,6,15,27.8,0,0,5,24,1
18,6,18,25.6,0,1,0,29,6
23,3,23,8.6,0,0,0,35,7
16,4,16,16.8,0,0,0,25,6
16,6,16,15.9,0,0,0,12,5
4,2,4,12.9,0,0,0,9,6
14,4,14,20.4,0,0,0,12,5
20,4,20,14.2,0,0,0,7,6
17,5,17,31.2,0,0,0,25,5
17,6,17,20.3,0,0,4,45,1
21,5,21,10.9,0,0,0,3,6
8,6,8,14.1,0,0,5,10,1
18,6,18,10.3,0,0,4,18,5
9,5,9,11.6,0,0,0,13,6
6,4,6,8.5,0,0,14,19,15
23,5,23,9.2,0,0,10,22,11
15,0,15,17.4,0,0,13,6,6
0,0,0,18.8,0,0,6,7,8
6,3,6,12.0,0,0,13,6,5
15,4,15,16.5,0,0,0,6,6
10,6,10,26.0,0,1,0,12,5
18,3,18,28.1,0,1,4,20,4
8,0,8,18.5,0,1,0,5,6
12,5,12,11.7,0,0,0,5,6
11,1,11,27.2,0,0,0,13,6
19,3,19,25.1,0,1,0,48,5
5,5,5,8.5,0,0,4,4,1
17,5,17,30.9,0,1,0,12,5
12,0,12,27.6,0,1,0,5,5
12,5,12,17.1,0,0,28,7,0
12,1,12,9.4,1,2,0,7,6
10,1,10,21.4,0,0,0,8,6
9,2,9,10.8,0,0,0,16,0
5,2,5,15.6,0,0,5,5,5
19,0,19,23.7,0,0,13,6,5
8,6,8,6.7,0,0,0,30,5
18,6,18,30.7,0,1,0,18,5
21,1,21,9.6,0,0,5,29,4
12,4,12,20.4,0,0,10,22,11
15,3,15,28.3,0,0,20,3,15
20,4,20,24.5,0,1,0,6,5
1,2,1,13.2,0,0,0,46,0
12,0,12,8.2,0,0,0,29,6
13,0,13,22.2,0,0,28,7,0
5,5,5,6.9,0,0,4,6,4
12,6,12,14.0,0,0,0,12,5
8,4,8,7.1,0,0,0,31,6
11,3,11,11.7,0,0,0,11,6
9,4,9,3.5,0,0,0,16,0
12,0,12,19.0,0,0,10,38,10
5,5,5,6.4,0,0,0,10,5
9,4,9,9.2,0,0,6,18,8
8,0,8,13.5,0,1,0,4,5
2,5,2,7.4,0,0,2,2,2
3,5,3,12.1,0,0,2,2,8
13,3,13,16.8,0,0,0,13,6
21,1,21,24.1,0,1,0,9,6
12,3,12,30.6,0,1,20,7,15
11,2,11,21.8,0,0,0,17,5
7,2,7,9.7,0,0,0,3,7
8,5,8,12.3,0,0,0,20,5
9,5,9,11.1,0,0,0,16,0
14,5,14,24.7,0,0,5,24,1
5,0,5,14.4,0,0,21,3,5
5,0,5,13.1,0,0,0,9,5
22,2,22,8.7,0,0,13,6,4
19,4,19,24.9,0,0,0,20,6
10,3,10,9.6,0,0,5,10,1
6,6,6,10.9,0,0,0,26,5
22,6,22,7.5,0,0,6,18,8
15,3,15,9.5,1,2,5,31,1
12,3,12,11.8,0,0,5,48,4
15,3,15,27.5,0,0,13,4,1
20,5,20,15.8,0,0,0,7,5
11,5,11,25.0,0,0,0,8,6
5,1,5,13.4,0,0,4,5,4
20,3,20,13.3,0,0,0,7,6
5,6,5,2.5,0,0,21,3,5
12,0,12,29.8,0,0,0,12,5
18,5,18,10.5,0,0,0,23,5
12,1,12,25.5,0,0,0,12,5
18,6,18,28.3,0,1,32,19,15
4,5,4,7.6,0,0,0,10,6
2,6,2,16.8,0,0,2,2,8
0,3,0,8.7,0,0,1,1,1
23,6,23,19.5,0,1,19,15,0
15,6,15,16.8,0,0,5,24,4
15,3,15,26.6,0,0,13,6,6
6,0,6,4.9,0,0,0,9,6
23,2,23,24.0,0,1,19,15,0
23,0,23,13.4,0,0,0,22,0
6,5,6,2.1,0,0,1,1,7
7,6,7,7.9,0,0,0,12,6
18,3,18,28.8,0,1,13,6,6
22,3,22,4.4,0,0,16,32,14
0,3,0,7.5,0,0,14,19,16
14,4,14,28.7,0,0,0,11,6
1,6,1,4.9,0,0,13,6,6
19,3,19,25.5,0,0,6,18,8
8,5,8,15.9,0,0,0,12,5
4,0,4,8.8,0,0,0,13,6
16,5,16,15.1,0,0,0,20,5
5,5,5,14.1,0,0,5,4,1
18,2,18,20.2,0,0,0,13,6
13,0,13,20.7,0,0,5,7,1
22,0,22,12.1,0,1,10,22,11
6,2,6,6.2,0,0,0,29,6
4,2,4,12.2,0,0,0,13,5
6,6,6,6.7,0,0,13,6,6
14,4,14,22.2,0,0,0,41,5
1,2,1,11.8,0,0,2,2,8
13,2,13,26.9,0,1,0,31,6
3,4,3,11.0,0,0,20,19,15
8,1,8,3.6,0,0,4,13,1
19,4,19,24.8,0,1,0,10,6
8,6,8,8.7,0,0,0,20,6
7,5,7,15.8,0,1,0,7,5
5,0,5,6.0,0,0,4,9,1
9,6,9,14.5,0,0,0,29,6
15,6,15,22.7,0,1,13,4,5
20,0,20,8.3,0,0,0,10,5
15,4,15,15.6,0,0,0,9,5
8,3,8,8.6,0,0,0,16,7
23,0,23,16.8,0,0,0,19,0
8,6,8,23.4,0,0,0,3,5
18,5,18,15.9,0,0,0,12,6
15,1,15,13.7,0,0,21,71,5
8,6,8,5.5,0,0,0,4,5
11,6,11,21.8,0,0,0,31,6
17,1,17,15.5,0,0,0,12,5
23,4,23,12.3,0,0,5,6,1
14,1,14,30.0,0,1,0,29,5
21,5,21,15.1,0,0,5,3,4
18,3,18,10.5,0,0,13,6,6
9,2,9,23.7,0,1,26,58,0
13,2,13,14.7,0,0,0,31,5
19,3,19,10.3,0,0,0,22,0
23,2,23,15.7,0,0,10,38,10
6,1,6,0.8,0,0,0,29,6
4,3,4,5.7,0,0,8,1,10
10,3,10,17.8,0,0,0,12,6
10,3,10,12.5,0,0,25,52,23
2,2,2,5.3,0,0,13,6,5
10,1,10,22.3,0,0,0,9,6
20,4,20,22.4,0,1,0,10,5
19,5,19,31.3,0,1,0,12,5
23,0,23,22.9,0,1,6,18,8
11,0,11,11.1,0,0,0,11,6
8,0,8,21.8,0,0,0,4,5
10,4,10,11.0,0,0,0,12,6
15,0,15,30.0,0,1,0,5,6
12,4,12,9.5,0,0,4,29,1
15,0,15,14.6,0,0,13,4,1
15,6,15,22.0,0,0,5,12,1
16,2,16,21.6,0,0,0,24,5
7,4,7,0.6,0,0,0,31,6
20,1,20,15.4,0,0,0,7,5
15,6,15,34.6,0,0,4,23,1
20,0,20,20.4,0,0,0,13,5
16,4,16,28.3,0,1,0,62,5
19,0,19,27.8,0,1,4,18,5
17,5,17,24.4,0,0,4,54,5
17,3,17,12.4,0,0,0,9,6
9,4,9,11.8,0,0,5,14,1
5,5,5,8.8,0,0,21,3,5
11,5,11,14.7,0,0,0,31,6
21,0,21,16.6,0,0,7,9,24
16,2,16,21.9,0,0,0,1,7
15,6,15,23.6,0,0,13,4,5
5,6,5,11.0,0,0,0,9,6
13,3,13,12.5,0,0,0,9,6
2,1,2,18.5,0,0,0,6,5
12,1,12,26.7,0,0,0,12,6
22,2,22,7.2,0,0,0,7,5
21,3,21,15.1,0,0,44,4,44
19,4,19,25.7,0,0,0,29,5
5,1,5,13.5,0,0,20,19,15
6,3,6,13.1,0,1,13,6,6
21,4,21,6.4,0,0,0,3,5
15,3,15,27.7,0,1,0,5,6
15,0,15,8.2,0,0,4,10,1
17,5,17,28.8,0,0,21,3,0
13,6,13,27.9,0,1,0,48,6
6,4,6,6.3,0,0,8,1,10
0,6,0,16.9,0,0,15,37,7
12,3,12,21.6,0,0,11,60,3
12,3,12,29.5,0,1,5,5,5
5,0,5,8.9,0,0,5,31,4
9,1,9,10.4,0,0,0,30,6
4,6,4,6.8,0,0,2,2,8
23,6,23,20.0,0,1,0,8,5
15,3,15,9.9,0,0,5,12,1
14,2,14,15.0,0,0,0,25,5
3,1,3,9.8,0,0,2,2,2
16,4,16,27.4,0,0,0,12,6
8,0,8,16.3,0,1,0,18,5
20,1,20,4.9,0,0,21,3,5
23,0,23,9.9,0,0,13,6,1
4,4,4,8.9,0,0,0,31,6
10,6,10,9.7,0,0,0,31,6
5,0,5,5.2,0,0,21,3,5
13,1,13,27.1,0,0,20,19,15
20,2,20,16.7,0,1,0,8,5
15,1,15,29.0,0,1,0,44,6
10,0,10,10.4,0,0,5,24,1
17,0,17,24.8,0,0,0,23,6
16,6,16,30.6,0,1,0,4,5
12,3,12,16.6,1,2,5,14,1
13,4,13,28.9,0,1,10,22,11
18,2,18,28.5,0,1,0,7,5
7,6,7,14.7,0,1,0,11,6
11,3,11,22.0,0,0,0,13,6
13,0,13,28.4,0,0,5,10,1
8,2,8,17.4,0,1,0,8,5
17,3,17,9.9,0,0,0,9,6
8,2,8,14.0,0,0,0,69,7
14,6,14,28.3,0,1,20,19,15
4,4,4,8.2,0,0,21,3,5
6,1,6,4.9,0,0,0,29,6
0,1,0,8.2,0,0,2,2,8
11,4,11,13.1,0,0,0,29,6
20,6,20,10.7,0,0,0,7,6
5,4,5,2.8,0,0,0,8,5
16,0,16,19.8,0,1,0,12,5
19,3,19,21.1,0,0,30,19,15
4,3,4,12.2,0,0,14,19,15
5,6,5,13.9,0,0,4,4,5
23,1,23,22.0,0,0,0,35,0
15,4,15,30.5,0,1,11,60,3
1,1,1,11.8,0,0,13,6,6
15,6,15,20.1,0,0,4,13,1
23,1,23,22.6,0,1,17,33,15
15,6,15,21.4,0,0,20,19,15
7,4,7,13.0,0,1,0,7,5
8,5,8,12.2,0,0,0,12,6
14,3,14,14.4,0,0,13,99,6
4,1,4,9.7,0,0,0,23,6
11,1,11,21.0,0,0,0,9,6
1,6,1,5.4,0,0,0,6,5
8,0,8,4.9,0,0,13,6,6
11,1,11,13.3,0,0,4,54,5
14,4,14,31.3,0,1,0,20,6
14,6,14,10.2,0,0,0,12,5
13,4,13,14.1,0,0,7,105,20
9,2,9,5.3,0,0,5,12,4
18,6,18,18.2,0,0,0,25,5
4,0,4,8.9,0,0,0,26,5
9,3,9,25.2,0,0,0,12,5
8,2,8,14.3,0,1,0,11,5
19,4,19,15.0,0,0,5,25,4
12,2,12,10.7,0,0,0,31,6
18,2,18,22.8,0,0,0,20,6
8,0,8,16.2,0,0,40,19,15
5,0,5,14.8,0,0,0,13,5
18,5,18,13.8,0,0,0,12,5
12,2,12,26.9,0,1,0,13,6
10,4,10,19.8,0,0,7,31,18
7,2,7,1.9,0,0,0,25,6
14,4,14,29.9,0,1,4,17,5
12,2,12,11.5,0,0,0,31,5
12,1,12,23.8,0,0,0,8,6
15,1,15,30.3,0,1,4,13,1
13,6,13,19.6,0,0,0,10,6
7,0,7,6.4,0,0,5,13,1
18,5,18,13.4,0,0,0,25,6
8,3,8,7.3,0,0,0,3,5
23,5,23,13.3,0,0,15,19,7
10,3,10,23.1,0,1,26,58,0
17,2,17,18.1,0,1,11,60,3
8,6,8,7.2,0,0,0,20,6
1,4,1,15.4,0,0,2,2,8
12,0,12,11.4,0,0,20,19,15
7,2,7,4.9,0,0,22,19,15
22,6,22,4.9,0,0,16,32,14
11,6,11,19.6,0,0,0,24,6
16,2,16,20.7,0,0,13,6,1
15,2,15,25.0,0,0,0,24,5
21,5,21,7.9,0,0,10,38,10
21,4,21,20.2,0,0,0,26,6
23,0,23,23.7,0,1,6,18,8
6,3,6,3.6,0,0,0,29,6
9,6,9,12.1,0,0,5,10,4
14,4,14,16.4,0,0,0,29,5
10,4,10,11.0,0,0,5,41,1
1,0,1,14.4,0,0,2,2,8
9,5,9,15.7,0,0,0,5,6
17,3,17,30.3,0,1,0,29,5
22,1,22,20.0,0,1,17,33,15
17,2,17,19.2,0,0,0,28,6
8,6,8,12.1,0,0,0,42,5
4,0,4,10.7,0,0,0,9,5
0,1,0,9.3,0,0,0,8,5
6,3,6,3.7,0,0,4,64,1
9,6,9,14.0,0,0,0,3,5
4,5,4,10.4,0,0,2,2,8
19,2,19,11.5,0,0,0,20,6
16,6,16,24.5,0,0,5,30,4
13,3,13,11.1,0,0,0,13,6
10,6,10,12.4,0,0,5,14,1
4,5,4,12.7,0,0,0,23,5
15,4,15,27.7,0,0,0,44,5
4,1,4,6.6,0,0,7,13,18
6,0,6,4.5,0,0,0,31,5
13,6,13,20.9,0,1,0,7,5
16,4,16,24.3,0,0,0,7,6
15,5,15,19.9,0,0,4,6,4
12,0,12,10.9,0,0,0,11,6
0,5,0,9.0,0,0,2,2,8
22,6,22,8.2,0,0,15,19,7
19,4,19,15.9,0,0,5,30,1
7,2,7,2.3,0,0,4,6,4
14,6,14,26.9,0,1,4,41,1
18,2,18,32.4,0,1,13,6,6
9,6,9,9.3,0,0,4,12,5
20,4,20,8.5,0,0,4,20,4
8,0,8,7.9,0,0,5,10,1
13,2,13,9.7,0,0,5,6,1
1,5,1,6.5,1,2,0,44,6
19,3,19,22.4,0,1,0,10,5
11,1,11,17.7,0,0,0,8,6
20,3,20,16.6,0,0,0,10,5
13,0,13,19.6,0,0,0,13,6
15,5,15,16.9,0,0,0,20,6
4,6,4,15.6,0,0,4,23,4
16,0,16,8.3,0,0,0,29,6
12,4,12,12.0,0,0,0,18,5
9,1,9,24.6,0,0,5,14,1
22,6,22,9.4,0,0,6,18,8
11,5,11,18.9,0,1,0,10,6
12,2,12,26.9,0,0,0,16,0
0,4,0,7.3,0,0,1,1,1
23,4,23,7.7,0,0,0,8,5
5,6,5,8.4,0,0,4,23,4
8,5,8,14.8,0,1,22,2,15
7,1,7,18.9,0,0,0,12,5
18,5,18,13.4,0,0,0,10,6
8,1,8,23.4,0,0,20,19,15
15,0,15,29.8,0,0,0,20,5
19,5,19,25.0,0,0,0,25,5
12,5,12,26.7,0,1,9,21,13
8,3,8,12.9,0,0,0,29,5
8,3,8,12.4,0,1,0,18,5
14,1,14,18.1,0,0,4,31,1
13,0,13,14.5,0,0,4,10,4
22,3,22,16.4,0,0,0,10,6
6,6,6,15.6,0,0,4,18,1
6,6,6,4.6,0,0,0,26,6
8,6,8,11.5,0,0,1,1,1
14,5,14,24.3,0,1,7,67,24
20,3,20,11.3,0,0,0,10,6
9,3,9,16.5,0,1,21,3,5
12,4,12,11.7,0,0,0,13,5
18,3,18,28.7,0,1,0,12,5
9,4,9,16.9,0,0,21,3,5
9,1,9,18.7,0,0,0,12,6
13,3,13,22.2,0,1,28,7,13
14,3,14,12.7,0,0,0,29,6
7,3,7,12.8,0,0,5,17,1
10,2,10,20.9,0,1,0,29,6
4,2,4,14.8,0,0,0,26,5
1,6,1,16.6,0,0,2,2,8
5,4,5,7.9,0,0,0,9,6
19,2,19,11.1,0,0,0,22,0
0,4,0,20.2,0,0,10,22,1
3,4,3,15.1,0,0,2,2,2
18,6,18,12.0,0,0,0,25,5
14,0,14,24.4,0,0,0,3,5
13,3,13,27.6,0,1,0,7,5
5,5,5,0.8,0,0,0,13,6
4,3,4,14.2,0,0,14,19,16
10,6,10,21.5,0,1,20,19,15
15,4,15,33.0,0,1,0,4,5
10,0,10,20.6,0,0,0,13,6
11,1,11,24.0,0,1,0,17,5
13,5,13,28.9,0,0,0,28,6
21,4,21,14.1,0,0,0,10,6
9,1,9,10.6,0,0,0,25,6
10,1,10,17.5,0,0,5,24,1
15,0,15,26.6,0,0,6,18,27
13,2,13,26.3,0,0,0,48,5
14,1,14,19.2,0,0,0,18,5
9,6,9,3.3,0,0,0,30,5
16,2,16,16.0,0,0,0,9,6
17,1,17,24.8,0,0,0,23,6
16,2,16,20.5,0,0,4,20,4
1,1,1,8.3,0,0,2,2,8
18,5,18,17.0,0,0,5,12,1
1,3,1,14.4,0,0,2,2,8
14,5,14,28.5,0,1,0,8,6
19,3,19,13.0,0,0,0,29,5
13,0,13,24.8,0,0,4,18,1
3,6,3,12.0,0,0,2,2,2
12,5,12,12.8,0,0,4,20,4
14,5,14,8.2,0,0,0,3,6
18,6,18,23.1,0,0,0,13,6
11,3,11,11.3,0,0,10,22,11
5,0,5,13.5,0,0,4,4,4
16,5,16,17.8,0,0,0,24,5
10,6,10,22.6,0,1,0,61,0
15,3,15,29.4,0,1,6,18,17
13,0,13,23.2,0,0,5,23,1
11,5,11,14.9,0,0,4,54,1
16,2,16,19.8,0,0,0,23,6
12,3,12,20.1,0,0,10,22,11
18,6,18,17.6,0,0,0,25,6
9,3,9,11.0,1,2,5,13,1
16,1,16,28.1,0,0,0,7,6
4,4,4,16.1,0,0,36,63,3
16,0,16,18.6,0,0,5,3,4
16,1,16,12.6,0,0,0,13,6
5,0,5,3.7,0,0,21,3,5
12,4,12,30.4,0,1,0,7,6
7,5,7,15.0,0,1,25,51,21
13,5,13,24.4,0,1,0,7,6
6,1,6,5.7,0,0,25,51,21
8,3,8,13.7,0,0,0,3,7
7,6,7,7.4,0,0,0,26,6
15,2,15,19.8,0,0,0,13,5
13,4,13,30.5,0,1,0,29,5
12,5,12,24.6,0,0,0,31,5
9,0,9,4.8,0,0,0,11,6
9,5,9,22.9,0,0,0,3,6
10,2,10,24.8,0,1,0,23,5
18,1,18,25.1,0,0,4,9,1
12,5,12,24.0,0,0,6,3,8
5,2,5,16.1,0,0,21,3,5
6,2,6,12.0,0,0,4,18,1
9,5,9,11.0,0,0,0,29,5
19,4,19,25.2,0,0,5,12,1
13,3,13,12.6,0,0,0,3,5
23,1,23,17.8,0,0,17,33,15
11,4,11,13.8,0,1,0,17,5
17,3,17,30.0,0,1,0,6,0
5,2,5,9.6,0,0,68,63,15
17,5,17,11.3,0,0,0,18,5
2,4,2,9.4,0,0,2,2,2
12,6,12,27.8,0,1,0,5,6
3,2,3,15.0,0,0,7,10,18
0,4,0,9.1,0,0,13,6,6
10,1,10,12.3,0,0,5,24,1
13,6,13,26.8,0,1,23,43,0
23,2,23,22.0,0,1,17,33,15
0,1,0,15.1,0,0,0,15,7
18,6,18,26.0,0,0,13,5,6
1,2,1,15.1,0,0,1,1,1
4,0,4,1.4,0,0,21,3,14
9,5,9,19.2,0,0,0,69,0
12,0,12,11.0,0,0,0,10,6
13,1,13,26.7,0,1,0,20,5
16,4,16,16.5,0,0,13,4,5
23,6,23,6.2,0,0,0,36,7
9,5,9,15.6,0,0,0,16,7
10,0,10,14.3,0,0,0,31,6
13,5,13,25.4,0,0,4,29,1
6,0,6,9.5,0,0,0,9,6
23,5,23,9.0,0,0,0,35,0
12,1,12,15.7,0,0,0,31,5
2,0,2,8.1,0,0,1,39,14
4,6,4,11.0,0,0,0,5,6
5,1,5,11.1,0,0,0,40,5
7,4,7,6.9,0,0,1,1,7
7,3,7,8.4,0,0,5,10,4
16,4,16,17.8,0,0,0,5,6
14,3,14,28.1,0,1,0,23,5
12,6,12,22.1,0,0,0,18,5
19,4,19,8.1,0,0,0,9,6
15,1,15,27.7,0,0,0,44,6
13,0,13,27.3,0,1,5,7,5
8,0,8,10.4,0,0,4,18,1
9,1,9,11.0,0,0,5,14,1
10,6,10,7.2,0,0,0,61,0
12,1,12,9.8,0,0,5,48,4
13,6,13,20.4,0,0,0,10,6
16,4,16,15.3,0,1,0,7,6
18,0,18,14.4,0,0,0,8,6
15,4,15,13.6,0,0,0,9,6
21,1,21,20.3,0,1,0,7,5
6,5,6,11.1,0,1,4,6,4
17,1,17,25.0,0,0,0,13,6
15,3,15,21.9,0,0,0,44,5
5,6,5,12.1,0,0,2,2,8
12,0,12,19.0,0,0,13,6,6
9,5,9,20.0,0,1,0,29,5
12,3,12,24.4,0,1,0,12,6
9,6,9,19.8,0,0,0,12,6
11,6,11,22.5,0,0,5,10,4
4,0,4,3.4,0,0,0,13,5
8,0,8,11.4,0,1,0,4,5
16,1,16,24.4,0,1,0,12,5
9,4,9,7.9,0,0,21,3,5
8,3,8,18.1,0,0,0,1,0
5,6,5,12.2,0,0,4,13,4
0,6,0,15.9,0,0,0,1,10
5,6,5,15.7,0,0,5,5,5
12,2,12,18.1,0,0,4,5,4
5,3,5,10.5,0,0,0,9,6
0,1,0,11.0,0,0,1,1,1
23,1,23,12.7,0,0,15,19,7
18,5,18,17.5,0,0,0,25,6
6,2,6,9.4,0,0,0,10,5
13,4,13,17.3,0,0,0,41,5
5,1,5,10.2,0,0,4,13,4
4,4,4,3.1,0,0,0,5,6
14,5,14,16.9,0,0,13,99,4
20,4,20,14.2,0,0,18,34,11
11,6,11,18.4,0,0,0,12,5
18,1,18,27.6,0,0,0,10,6
15,1,15,26.8,0,0,0,44,5
15,1,15,26.5,0,0,5,12,1
1,0,1,17.1,0,0,0,0,0
0,2,0,16.8,0,0,15,37,7
10,4,10,10.4,0,0,0,23,5
11,6,11,23.2,0,0,0,4,6
19,5,19,16.7,0,0,5,18,1
17,2,17,11.1,0,0,0,29,5
18,2,18,11.6,0,0,0,30,5
6,4,6,13.8,0,1,0,10,6
1,4,1,12.7,0,0,0,0,0
11,0,11,8.1,0,0,0,29,6
8,2,8,4.2,0,0,5,12,1
11,2,11,10.0,0,0,0,31,6
4,4,4,9.3,0,0,0,9,5
8,4,8,7.3,1,2,0,28,5
21,2,21,16.6,0,0,4,9,1
9,1,9,5.8,0,0,22,19,15
17,1,17,19.6,0,0,0,44,6
16,0,16,11.9,0,0,0,10,5
16,6,16,30.8,0,1,4,64,1
5,0,5,9.4,0,0,4,6,4
16,2,16,20.8,0,0,0,29,6
18,2,18,32.8,0,1,0,13,6
12,4,12,25.1,0,0,0,3,6
12,4,12,14.6,0,0,0,6,6
8,5,8,2.0,0,0,21,3,5
5,6,5,11.2,0,0,21,3,5
6,3,6,13.9,0,0,4,18,1
7,2,7,12.9,0,1,0,12,6
14,0,14,23.8,0,0,4,17,1
0,4,0,7.6,0,0,1,1,1
23,1,23,17.8,0,1,19,15,0
2,6,2,13.6,0,0,0,27,0
11,6,11,13.3,0,0,0,12,6
17,5,17,17.4,0,0,0,31,5
8,5,8,6.5,0,0,0,4,5
1,1,1,8.1,0,0,0,6,6
9,4,9,17.8,0,1,0,8,6
17,1,17,31.6,0,0,0,12,6
9,2,9,16.0,0,0,5,12,4
10,6,10,15.8,0,0,0,16,0
20,1,20,10.7,1,2,5,9,1
17,3,17,26.7,0,1,0,31,5
4,4,4,12.4,0,0,8,1,10
14,6,14,20.3,0,0,6,30,19
19,4,19,13.5,0,0,0,8,5
10,6,10,17.1,0,0,5,14,1
21,1,21,5.5,0,0,6,18,17
12,2,12,15.9,0,0,0,12,6
15,2,15,29.5,0,1,4,17,1
13,3,13,14.8,0,0,5,7,4
0,2,0,12.3,0,0,0,8,5
18,6,18,30.0,0,1,0,23,6
11,1,11,26.4,0,1,0,17,5
0,1,0,16.7,0,0,0,1,10
5,3,5,14.6,0,0,5,5,5
11,6,11,14.8,0,0,13,6,6
17,6,17,24.3,0,0,0,8,5
4,0,4,9.9,0,0,0,31,6
18,0,18,13.4,0,0,13,6,5
8,2,8,7.6,0,0,4,12,5
5,0,5,2.3,0,0,0,9,6
6,3,6,2.8,0,0,0,29,6
0,5,0,11.9,0,0,0,36,0
15,0,15,20.3,0,0,0,44,5
1,4,1,9.3,0,0,0,0,0
10,1,10,24.6,0,1,6,18,8
22,1,22,13.0,0,0,16,32,14
3,4,3,3.3,0,0,3,3,3
6,3,6,8.0,0,0,5,10,4
15,4,15,30.0,0,1,0,5,5
3,2,3,10.9,0,0,14,19,15
19,2,19,15.8,0,0,0,12,5
22,1,22,8.1,0,0,0,3,6
6,6,6,10.4,0,0,13,6,6
13,0,13,8.8,0,0,0,25,5
14,1,14,22.2,0,1,5,12,4
9,6,9,14.8,0,0,0,6,6
9,3,9,13.7,0,0,6,18,8
10,1,10,11.6,0,0,0,9,5
13,6,13,28.8,0,1,5,7,5
2,3,2,10.6,0,0,2,2,2
15,4,15,9.2,1,2,7,20,36
5,1,5,4.2,0,0,4,6,4
1,2,1,14.5,0,0,0,46,0
12,0,12,20.9,0,0,0,13,5
10,3,10,14.7,0,0,0,29,6
21,3,21,18.4,0,0,0,31,5
14,0,14,30.8,0,1,12,27,0
16,1,16,26.7,0,0,0,29,5
9,2,9,4.8,0,0,0,11,6
20,0,20,7.6,0,0,21,3,5
11,3,11,26.6,0,0,20,7,15
1,1,1,19.2,0,0,0,0,0
8,2,8,10.2,0,0,5,10,1
7,2,7,15.4,0,0,0,12,6
0,4,0,7.3,0,0,2,2,8
23,6,23,9.4,0,0,0,35,7
22,3,22,20.4,0,1,14,19,12
17,2,17,12.9,0,0,0,18,5
13,0,13,8.9,0,0,5,20,1
9,1,9,7.8,0,0,13,6,6
7,0,7,12.8,0,0,0,29,6
10,6,10,20.1,0,0,0,14,5
23,6,23,15.9,0,0,15,37,7
5,3,5,15.4,0,0,4,23,5
20,3,20,21.1,0,1,4,10,4
5,0,5,13.9,0,0,0,31,6
15,1,15,24.9,0,0,23,43,0
23,3,23,8.7,0,0,0,19,7
13,5,13,25.6,0,1,5,23,1
11,5,11,14.4,0,0,0,24,5
11,3,11,17.7,0,0,0,29,6
21,6,21,11.5,0,0,0,6,6
0,4,0,6.7,0,0,2,2,8
4,1,4,9.8,0,0,0,3,5
15,1,15,28.7,0,0,0,13,6
13,6,13,28.4,0,1,5,7,5
5,2,5,5.2,0,0,0,10,6
12,5,12,28.0,0,1,9,21,13
4,4,4,5.4,0,0,5,5,4
4,5,4,13.0,0,0,0,31,6
10,2,10,14.1,0,0,0,29,5
5,3,5,14.9,0,0,0,31,6
14,4,14,25.9,0,0,0,11,5
8,5,8,1.9,0,0,4,13,4
9,3,9,21.8,0,1,0,12,5
4,6,4,4.3,0,0,0,26,6
9,1,9,23.5,0,1,4,4,4
17,5,17,17.2,0,0,0,18,5
15,3,15,29.0,0,1,25,51,21
12,3,12,11.4,0,0,0,29,6
8,3,8,15.9,0,1,0,5,5
21,3,21,9.6,0,0,5,10,1
22,6,22,19.9,0,1,16,32,14
6,0,6,2.9,0,0,5,7,1
5,0,5,12.6,0,0,0,3,5
9,6,9,17.2,0,0,20,19,15
18,2,18,21.0,0,0,5,23,4
11,2,11,8.3,0,0,10,22,11
7,2,7,15.6,0,1,0,16,7
4,4,4,14.2,0,0,5,26,1
22,2,22,11.2,1,2,0,6,6
5,6,5,6.7,0,0,4,4,4
19,0,19,7.5,0,0,0,29,5
0,2,0,19.2,0,0,15,37,7
5,3,5,15.3,0,0,4,31,5
21,2,21,11.4,1,2,5,13,1
22,5,22,17.7,0,0,16,32,14
22,4,22,18.2,0,0,0,8,6
13,0,13,27.8,0,0,0,13,5
9,6,9,23.1,0,1,0,12,6
14,3,14,22.1,0,0,25,51,22
18,1,18,27.5,0,0,0,13,5
17,2,17,14.1,0,0,5,13,1
10,3,10,11.6,0,0,5,10,1
5,1,5,5.6,0,0,21,3,14
21,3,21,22.1,0,1,0,7,5
12,3,12,21.1,0,0,0,31,6
13,5,13,18.9,0,0,0,48,6
7,5,7,13.8,0,0,0,8,5
13,6,13,18.8,0,0,0,20,6
12,2,12,20.3,0,0,0,29,5
12,6,12,24.5,0,0,9,21,11
5,1,5,13.6,0,0,2,2,8
20,4,20,24.5,0,1,5,18,5
12,0,12,23.5,0,0,0,8,5
4,3,4,12.7,0,0,0,5,6
7,0,7,3.8,0,0,0,9,6
13,2,13,9.4,0,0,0,3,5
1,0,1,10.4,0,0,2,2,8
21,0,21,22.2,0,1,5,29,1
8,2,8,3.5,0,0,21,3,5
9,3,9,8.6,0,0,0,14,5
14,6,14,31.1,0,1,6,18,17
22,0,22,4.6,0,0,13,6,4
1,4,1,11.5,0,0,0,46,0
5,1,5,6.5,0,0,0,9,6
17,2,17,15.6,0,0,4,45,4
5,0,5,9.3,0,0,0,8,5
15,3,15,21.3,0,0,0,3,5
16,1,16,30.6,0,1,0,29,6
12,2,12,18.8,0,0,10,22,11
7,1,7,0.1,0,0,0,20,5
10,5,10,15.2,0,0,5,12,1
10,0,10,10.9,0,0,0,9,6
11,2,11,11.1,0,0,0,29,6
8,0,8,5.2,0,0,6,18,8
21,2,21,15.6,0,0,26,58,7
7,1,7,15.5,0,1,13,6,6
6,5,6,4.9,0,0,0,55,5
17,5,17,14.0,0,0,5,23,4
19,1,19,7.9,0,0,0,26,6
14,4,14,29.0,0,0,0,13,6
9,4,9,13.4,0,0,0,13,6
0,1,0,9.6,0,0,5,6,1
17,5,17,14.5,0,0,0,31,5
13,0,13,25.0,0,1,0,14,5
8,1,8,7.6,0,0,0,18,5
0,3,0,12.2,0,0,16,32,14
12,1,12,26.8,0,0,6,18,27
5,0,5,0.9,0,0,4,5,4
14,4,14,28.6,0,0,14,19,12
14,6,14,16.7,0,0,0,41,5
16,3,16,30.7,0,1,4,20,4
11,3,11,11.6,0,0,6,30,19
12,3,12,20.3,0,0,0,24,5
19,6,19,10.1,0,0,0,8,6
5,0,5,9.4,0,0,0,10,5
8,4,8,10.9,0,1,6,18,8
23,0,23,17.0,0,1,15,37,7
2,2,2,16.2,0,0,2,2,8
9,0,9,15.7,0,0,6,18,27
7,1,7,14.0,0,1,0,41,5
16,3,16,30.1,0,1,6,18,8
8,3,8,12.1,0,1,5,12,1
8,6,8,12.1,0,0,0,20,6
16,4,16,32.9,0,1,0,28,5
19,0,19,33.6,0,1,13,6,6
11,0,11,15.1,0,0,0,8,6
14,2,14,19.4,0,0,1,1,1
13,2,13,17.9,0,0,5,7,1
14,3,14,19.3,0,0,5,31,4
20,3,20,22.9,0,1,5,31,1
15,5,15,21.4,0,0,5,62,1
11,5,11,13.9,0,0,10,22,11
13,0,13,23.0,0,0,0,11,6
1,2,1,5.5,0,0,10,38,10
12,6,12,21.0,0,0,2,2,2
12,5,12,22.1,0,0,4,13,1
21,1,21,13.2,0,0,5,18,1
12,0,12,29.4,0,0,0,29,6
8,0,8,17.0,0,1,0,12,5
2,0,2,10.2,0,0,11,60,3
15,1,15,31.1,0,1,0,4,5
13,0,13,24.0,0,0,28,7,0
0,5,0,11.2,0,0,0,19,0
22,4,22,7.2,1,2,1,1,1
7,4,7,7.8,1,2,0,35,7
8,2,8,14.5,0,0,5,10,1
4,6,4,2.9,0,0,14,19,16
9,1,9,18.6,0,0,5,24,1
9,3,9,14.4,0,0,25,51,22
5,0,5,10.7,0,0,0,8,6
22,5,22,10.3,0,0,10,22,11
14,2,14,24.0,0,0,5,14,1
6,3,6,10.0,0,0,0,29,5
5,3,5,8.2,0,0,30,6,15
8,4,8,17.1,0,0,0,31,6
13,3,13,23.4,0,0,0,11,5
9,1,9,12.0,0,0,0,3,6
19,4,19,22.4,0,0,13,5,5
15,0,15,18.2,0,0,0,25,5
23,3,23,14.0,0,0,13,6,6
8,3,8,7.8,0,0,20,7,15
13,5,13,29.0,0,1,10,22,11
5,1,5,14.9,0,0,2,2,8
8,1,8,1.6,0,0,21,3,5
22,2,22,12.1,0,0,4,29,1
10,6,10,20.0,0,0,0,3,5
19,4,19,15.6,0,0,5,23,1
16,1,16,24.8,0,0,0,18,5
12,6,12,19.6,0,0,0,5,6
22,1,22,9.7,1,2,0,18,5
19,4,19,27.8,0,1,0,12,5
14,2,14,25.7,0,1,0,48,6
15,0,15,15.8,0,0,0,20,6
12,5,12,14.3,0,0,9,21,11
18,3,18,10.4,0,0,0,12,6
10,5,10,13.2,0,0,28,7,0
7,0,7,7.8,0,0,0,25,6
20,4,20,12.6,0,0,0,31,6
8,6,8,3.9,0,0,0,10,6
9,6,9,14.2,0,0,0,8,6
5,6,5,2.4,0,0,0,13,5
17,2,17,29.9,0,1,0,8,6
1,3,1,15.4,0,0,0,6,5
15,3,15,12.6,0,0,25,51,21
15,2,15,22.3,0,0,0,49,6
6,0,6,2.6,0,0,25,51,22
7,0,7,14.7,0,1,25,51,21
10,2,10,21.7,0,1,0,16,0
18,4,18,24.0,0,0,0,12,5
10,3,10,18.3,0,1,0,16,0
19,5,19,30.4,0,0,0,9,6
12,1,12,8.9,0,0,0,29,5
4,4,4,8.3,1,2,13,6,4
19,1,19,4.3,0,0,10,22,11
19,0,19,23.9,0,0,13,5,5
17,0,17,30.0,0,1,13,6,6
5,1,5,3.7,0,0,13,6,5
0,5,0,11.4,0,0,0,15,7
15,1,15,20.0,0,0,4,13,4
16,4,16,11.9,0,0,0,1,7
10,5,10,9.7,0,0,0,20,5
17,0,17,13.1,0,1,0,30,5
17,2,17,25.4,0,0,0,20,5
15,3,15,10.6,0,0,0,44,6
18,3,18,21.7,0,0,0,10,5
23,1,23,16.7,0,0,0,8,6
0,6,0,18.7,0,1,32,19,15
17,6,17,27.5,0,0,4,45,4
1,5,1,17.1,0,0,0,0,0
12,5,12,24.6,0,0,4,54,1
16,1,16,11.7,0,0,0,18,5
5,0,5,3.8,0,0,4,6,5
4,0,4,14.1,0,0,3,3,3
9,2,9,9.9,0,0,0,13,5
13,2,13,19.5,0,0,5,20,1
13,4,13,15.5,0,0,0,31,6
15,1,15,19.7,0,0,0,13,6
21,3,21,7.6,0,0,4,13,1
20,3,20,9.6,0,0,5,3,1
18,3,18,12.2,0,0,0,12,6
7,3,7,13.4,0,1,0,11,6
4,0,4,15.3,0,0,0,10,5
23,2,23,8.8,0,0,6,7,27
9,1,9,18.9,0,1,22,19,15
13,1,13,26.5,0,1,12,27,0
14,6,14,30.2,0,1,0,11,6
16,4,16,30.8,0,0,4,20,5
18,1,18,30.0,0,0,0,13,6
8,0,8,3.3,0,0,0,29,6
7,2,7,11.4,0,0,0,9,6
17,4,17,16.2,0,0,4,44,4
16,6,16,17.3,0,0,5,62,1
13,5,13,29.0,0,0,5,7,1
23,6,23,6.3,0,0,0,8,6
15,1,15,26.6,0,0,21,71,5
0,0,0,10.9,0,0,2,2,8
4,0,4,6.1,0,0,0,26,6
4,6,4,5.7,0,0,0,13,6
12,3,12,10.9,0,0,5,48,4
17,0,17,25.5,0,0,0,31,5
13,6,13,17.1,0,0,0,48,6
9,3,9,15.6,0,0,21,3,5
14,2,14,30.1,0,1,0,31,5
18,1,18,24.1,0,0,0,12,5
11,1,11,20.7,0,0,0,16,0
18,1,18,17.1,0,0,0,13,6
5,4,5,5.6,0,0,0,13,5
8,2,8,13.9,0,1,0,5,5
4,4,4,10.7,0,0,0,13,5
7,6,7,16.1,0,0,20,19,15
15,0,15,33.6,0,0,13,4,4
5,1,5,15.1,0,0,0,13,6
23,2,23,9.9,0,0,0,36,7
17,5,17,19.8,0,0,4,18,4
20,0,20,18.4,0,0,0,7,5
9,2,9,9.4,0,0,4,12,5
1,0,1,10.4,0,0,1,1,1
12,5,12,13.7,0,0,4,31,4
9,5,9,9.7,0,0,28,7,0
21,1,21,18.6,0,1,18,34,11
6,4,6,9.6,0,1,0,29,6
20,0,20,20.8,0,1,0,10,5
19,2,19,17.4,0,1,13,6,6
1,2,1,12.0,0,0,16,32,14
23,1,23,12.6,0,0,0,35,7
13,0,13,14.8,0,0,10,22,11
18,0,18,30.2,0,1,0,7,5
2,6,2,13.0,0,0,1,1,1
1,3,1,17.7,0,0,1,1,1
23,1,23,5.7,0,0,0,36,0
8,4,8,18.7,0,0,0,11,5
14,0,14,30.3,0,0,5,11,1
8,2,8,7.4,0,0,0,13,6
15,3,15,16.3,0,0,7,82,56
6,5,6,4.3,0,0,0,31,6
13,2,13,16.5,0,0,4,5,4
0,1,0,14.3,0,0,19,15,0
17,1,17,9.3,0,0,21,3,0
19,3,19,10.2,0,0,4,18,5
11,3,11,9.8,0,0,0,89,7
19,1,19,12.2,0,0,0,22,0
16,6,16,15.2,0,0,0,28,6
8,3,8,18.9,0,1,0,5,5
5,1,5,12.0,0,0,0,13,5
22,6,22,7.1,0,0,16,32,14
10,5,10,24.6,0,1,0,28,5
8,4,8,14.5,0,0,0,4,5
16,2,16,29.0,0,1,4,5,4
14,2,14,33.9,0,1,12,27,0
14,6,14,17.0,0,0,0,12,6
4,4,4,7.1,0,0,14,19,12
15,1,15,33.0,0,1,0,12,6
7,4,7,13.4,0,0,0,29,6
11,4,11,12.1,0,0,5,29,4
7,6,7,15.1,0,1,0,12,6
11,5,11,9.4,0,0,0,9,6
9,6,9,2.5,0,0,0,13,6
6,2,6,1.5,0,0,1,1,7
2,4,2,4.5,0,0,8,19,10
5,1,5,10.9,0,0,5,3,4
6,1,6,9.2,0,0,4,6,4
8,2,8,8.5,0,0,21,3,5
13,6,13,15.3,0,0,5,7,1
11,3,11,13.1,0,0,0,29,6
14,0,14,17.9,0,0,1,1,1
4,2,4,9.7,0,0,0,31,6
18,6,18,14.4,0,0,5,23,4
6,0,6,16.0,0,0,0,31,6
5,4,5,10.8,0,0,4,29,1
19,3,19,24.8,0,0,5,12,1
16,1,16,10.5,0,0,4,13,4
16,4,16,18.2,0,0,0,9,6
14,0,14,15.8,0,0,4,6,4
1,0,1,12.4,0,0,1,1,1
4,2,4,12.5,0,0,0,13,6
5,6,5,12.4,0,0,4,1,1
23,3,23,15.8,0,0,13,6,5
9,2,9,9.4,0,0,0,16,7
1,4,1,16.4,0,0,0,0,0
20,2,20,14.7,0,0,0,31,6
7,0,7,11.7,0,0,4,13,1
5,6,5,12.6,0,0,0,13,6
16,2,16,7.5,0,0,0,20,5
17,2,17,36.6,0,0,5,13,4
10,2,10,27.6,0,1,5,12,1
9,1,9,14.8,0,1,5,14,1
11,6,11,18.1,0,0,0,31,6
18,5,18,24.8,0,0,0,25,5
16,5,16,21.0,0,0,0,1,7
9,6,9,14.8,0,0,0,16,7
19,4,19,10.5,0,0,0,10,6
18,0,18,31.9,0,1,0,8,6
14,4,14,18.3,0,0,0,9,5
5,1,5,10.2,0,0,4,1,1
18,4,18,29.5,0,0,0,18,5
4,6,4,8.7,0,0,0,5,6
5,2,5,13.0,0,0,4,4,5
0,6,0,8.5,0,0,2,2,8
13,4,13,19.7,0,0,4,12,4
18,5,18,28.4,0,0,0,12,6
20,5,20,11.3,0,0,0,7,6
1,0,1,11.9,0,0,0,46,0
14,5,14,15.7,0,0,13,6,6
5,5,5,13.9,0,0,21,3,5
17,6,17,30.4,0,1,0,12,6
12,5,12,12.3,0,0,0,10,6
5,2,5,10.1,0,0,0,31,5
4,2,4,12.3,0,0,0,10,5
6,1,6,7.1,0,0,4,6,4
13,4,13,21.0,0,1,0,13,5
16,6,16,22.3,0,1,0,6,6
0,1,0,7.7,0,0,0,1,0
3,2,3,2.3,0,0,2,2,2
17,0,17,25.5,0,0,0,9,6
15,4,15,30.6,0,0,0,44,6
10,4,10,10.1,0,0,0,16,0
17,1,17,14.6,0,0,21,3,0
13,0,13,23.3,0,0,0,12,6
8,2,8,17.8,0,1,0,5,5
13,0,13,22.4,0,0,9,21,11
0,1,0,18.2,0,0,0,36,7
19,6,19,15.3,0,0,0,10,6
4,1,4,11.4,0,0,0,23,6
21,2,21,26.9,0,1,0,7,5
20,3,20,11.1,0,0,0,29,6
7,1,7,10.7,0,0,0,13,5
10,2,10,13.5,0,0,0,25,6
13,4,13,10.4,0,0,0,13,5
14,6,14,21.0,0,0,1,1,1
23,5,23,12.0,0,0,17,33,15
20,4,20,23.5,0,0,13,6,1
10,2,10,21.9,0,1,0,9,5
5,4,5,12.4,0,0,5,10,1
7,0,7,0.6,0,0,0,9,5
5,3,5,8.4,0,0,4,4,1
20,6,20,22.3,0,1,0,29,6
4,3,4,12.8,0,0,14,19,15
5,0,5,13.6,0,0,14,19,16
16,5,16,18.8,0,0,0,26,5
13,3,13,27.8,0,1,9,21,13
13,5,13,20.3,0,0,5,7,1
7,3,7,13.3,0,1,0,14,5
0,1,0,22.3,0,0,15,37,7
5,2,5,11.6,0,0,4,23,4
17,1,17,34.1,0,1,4,12,5
10,3,10,16.1,0,0,0,31,6
4,0,4,8.8,0,0,0,26,6
10,6,10,14.6,0,0,0,61,0
0,4,0,8.8,0,0,0,1,7
5,4,5,15.9,0,0,4,29,1
7,1,7,9.5,0,0,0,29,6
10,4,10,20.9,0,1,6,18,17
17,1,17,4.3,0,0,0,9,5
5,0,5,12.0,0,0,4,13,4
0,2,0,17.4,0,0,0,1,7
11,3,11,29.2,0,0,0,19,0
14,0,14,29.4,0,0,0,3,5
17,3,17,25.9,0,0,0,6,7
13,3,13,13.0,0,0,6,18,8
18,4,18,16.8,0,0,0,12,5
11,4,11,11.4,0,0,7,71,40
4,5,4,9.1,0,0,21,3,5
19,0,19,29.3,0,1,0,29,6
7,0,7,14.4,0,1,21,3,5
8,3,8,5.5,0,0,0,16,7
15,0,15,8.2,0,0,0,20,6
7,3,7,15.6,0,1,0,7,6
5,2,5,9.2,0,0,21,3,5
16,0,16,26.7,0,0,0,1,7
20,6,20,18.2,0,0,5,18,1
11,5,11,19.5,0,1,0,19,0
4,2,4,3.2,0,0,21,3,5
12,3,12,21.7,0,0,0,5,6
4,1,4,11.3,0,0,0,23,5
5,0,5,2.5,0,0,13,6,6
8,1,8,11.5,0,0,0,25,5
2,5,2,17.5,0,0,0,0,0
20,0,20,20.1,0,0,0,7,5
15,2,15,24.1,0,0,0,10,6
11,4,11,21.8,0,0,5,12,4
19,1,19,22.6,0,0,6,18,8
4,6,4,15.1,0,0,0,23,5
0,6,0,19.2,0,0,10,22,11
6,3,6,19.3,0,0,4,23,5
1,4,1,15.4,0,0,0,0,0
21,6,21,19.2,0,1,0,7,5
12,6,12,18.1,0,0,0,31,6
12,2,12,17.3,0,0,0,12,6
7,0,7,12.2,0,0,25,51,21
1,4,1,8.6,0,0,0,0,0
0,6,0,19.9,0,0,0,19,0
21,4,21,8.4,0,0,18,34,11
17,3,17,27.7,0,0,0,1,7
10,4,10,9.5,0,0,0,3,6
8,3,8,7.7,0,0,0,4,5
12,4,12,16.1,0,0,4,5,4
8,5,8,4.9,0,0,0,6,6
15,1,15,29.4,0,1,0,5,6
8,6,8,9.6,0,0,0,6,6
15,2,15,29.0,0,1,0,5,6
17,6,17,22.6,0,0,21,3,15
7,3,7,16.7,0,0,1,1,7
5,3,5,5.7,0,0,0,13,5
12,6,12,13.0,0,0,20,19,15
5,3,5,7.6,0,0,4,4,5
8,5,8,6.6,0,0,0,28,6
5,1,5,4.2,0,0,0,26,5
14,6,14,17.2,0,0,12,27,0
16,0,16,29.7,0,0,0,44,5
12,2,12,17.5,0,0,13,6,6
19,0,19,18.5,0,0,13,5,1
8,6,8,8.3,0,0,0,23,6
12,4,12,19.7,0,1,9,21,11
12,0,12,23.2,0,0,0,13,6
18,2,18,9.9,0,0,0,6,5
8,6,8,7.0,0,0,4,39,1
4,1,4,1.5,0,0,2,2,8
16,3,16,25.3,0,1,0,8,6
8,1,8,5.9,0,0,0,25,6
8,4,8,9.2,0,0,0,3,7
0,3,0,15.8,0,0,5,29,1
14,4,14,16.2,0,1,0,48,6
17,4,17,26.9,0,0,4,30,4
16,2,16,22.1,0,0,0,29,6
13,1,13,25.0,0,1,12,27,0
14,5,14,24.3,0,1,13,6,5
5,1,5,3.6,0,0,21,3,5
8,0,8,2.1,0,0,6,18,27
14,0,14,15.9,0,0,13,6,6
10,6,10,10.2,0,0,0,6,0
13,6,13,22.8,0,0,0,12,6
4,2,4,4.2,0,0,0,10,5
17,5,17,27.6,0,0,21,3,0
7,0,7,9.2,0,0,5,25,1
8,4,8,5.4,0,0,4,39,1
12,5,12,14.3,0,0,0,9,6
11,1,11,22.7,0,0,0,4,6
23,1,23,20.5,0,1,19,15,0
5,6,5,17.5,0,0,0,31,6
18,2,18,8.4,0,0,13,5,5
5,4,5,14.9,0,0,0,55,5
17,1,17,25.4,0,0,0,13,6
21,0,21,19.1,0,0,0,22,0
5,3,5,5.5,0,0,0,26,5
13,6,13,12.7,0,0,0,10,6
14,4,14,14.9,0,0,13,99,5
18,2,18,28.9,0,0,0,25,5
23,3,23,7.4,0,0,0,19,0
14,0,14,29.8,0,0,0,20,5
6,4,6,5.2,0,0,0,9,5
16,2,16,31.7,0,1,4,5,4
1,3,1,5.1,0,0,0,6,6
16,6,16,20.4,0,0,0,5,6
2,2,2,12.2,0,0,13,6,6
6,4,6,7.9,0,0,5,18,1
5,3,5,12.3,0,0,4,23,4
13,4,13,11.8,0,0,5,7,4
22,0,22,9.0,0,0,16,32,14
23,1,23,11.5,0,0,0,19,0
16,0,16,20.0,0,1,0,18,5
15,1,15,12.6,1,0,4,53,1
23,1,23,5.9,0,0,0,35,0
20,6,20,28.4,0,0,0,26,6
11,0,11,17.9,0,1,0,16,0
13,2,13,14.7,0,0,4,9,1
21,0,21,5.8,0,0,5,10,1
13,2,13,30.0,0,1,25,51,23
21,3,21,22.3,0,0,7,10,24
7,5,7,15.0,0,0,0,10,5
23,6,23,9.1,0,0,0,35,0
19,5,19,12.9,0,0,5,26,1
20,5,20,20.7,0,0,0,22,0
10,0,10,15.6,0,1,4,39,1
11,4,11,23.3,0,1,0,30,6
12,1,12,23.5,0,1,0,14,5
11,2,11,11.0,0,0,0,12,5
18,6,18,27.0,0,1,0,12,6
14,2,14,26.7,0,0,0,3,5
14,4,14,25.7,0,0,5,14,1
5,2,5,12.8,0,0,4,23,4
7,2,7,2.7,0,0,0,3,7
15,4,15,16.4,0,0,0,9,6
11,1,11,14.3,0,0,28,7,0
8,4,8,7.8,0,0,13,6,6
14,1,14,13.0,0,0,20,19,15
5,0,5,6.6,0,0,0,9,6
6,1,6,4.8,0,0,1,1,7
7,5,7,12.1,0,0,5,41,1
4,0,4,13.5,0,0,3,3,3
15,3,15,27.1,0,1,0,12,6
8,0,8,9.1,0,0,0,4,5
16,4,16,16.0,0,0,0,7,6
13,3,13,23.6,0,0,4,13,1
5,6,5,2.4,0,0,0,5,6
20,1,20,13.1,0,0,0,31,6
18,2,18,28.4,0,0,0,29,6
5,5,5,13.6,0,0,5,5,5
6,6,6,4.9,0,0,21,3,5
16,3,16,16.2,0,0,0,1,7
5,2,5,3.8,0,0,0,13,5
22,2,22,6.6,0,0,6,7,27
0,3,0,7.2,0,0,1,1,1
7,1,7,8.7,0,0,1,1,1
1,0,1,17.6,0,0,0,19,0
17,2,17,24.3,0,0,0,6,0
16,0,16,27.1,0,0,0,9,6
18,0,18,28.4,0,0,13,5,5
8,6,8,15.5,0,1,29,3,30
15,0,15,27.3,0,0,20,19,15
10,1,10,21.9,0,0,6,18,8
17,2,17,10.9,0,0,0,20,6
13,2,13,17.6,0,1,0,48,6
10,6,10,15.6,0,0,0,61,7
17,2,17,25.0,0,1,0,30,5
8,1,8,4.9,0,0,5,10,1
20,0,20,12.6,0,0,5,10,4
12,6,12,25.6,0,1,0,5,6
2,6,2,6.8,0,0,8,19,10
14,1,14,25.4,0,0,5,12,4
22,1,22,16.9,0,0,4,31,4
19,3,19,11.3,0,0,5,26,1
19,0,19,22.0,0,0,13,5,5
14,4,14,14.8,0,0,0,6,6
3,6,3,6.8,0,0,0,19,0
4,3,4,15.2,0,0,0,9,5
13,0,13,15.5,0,0,5,7,1
16,2,16,21.6,0,0,0,5,6
12,2,12,22.9,0,1,0,7,5
22,5,22,11.0,0,0,0,7,5
11,3,11,17.3,0,0,28,7,0
21,4,21,20.1,0,0,0,63,5
19,2,19,15.6,0,0,0,20,5
15,0,15,14.0,0,0,0,23,5
5,0,5,8.9,0,0,4,4,1
5,1,5,11.5,0,0,4,4,4
16,2,16,30.0,0,1,6,18,19
0,5,0,17.0,0,0,0,19,0
8,0,8,1.8,0,0,0,25,6
1,2,1,6.1,0,0,0,0,0
6,6,6,14.9,0,1,5,7,5
14,6,14,11.2,0,0,4,6,1
12,3,12,14.4,0,0,5,9,1
15,1,15,17.8,0,0,0,18,5
5,3,5,7.8,0,0,0,13,6
18,5,18,26.6,0,1,0,7,5
19,6,19,31.6,0,0,0,31,5
1,0,1,5.6,0,0,0,46,0
7,0,7,14.9,0,0,0,14,5
6,5,6,11.9,0,0,4,18,1
13,0,13,25.7,0,0,0,31,5
8,4,8,5.1,0,0,4,12,1
10,4,10,26.5,0,0,5,14,1
13,4,13,16.7,0,0,5,13,4
10,2,10,21.3,0,0,5,12,4
3,4,3,18.3,0,0,2,2,8
13,6,13,26.8,0,0,0,11,5
12,1,12,13.3,0,0,6,18,8
2,0,2,16.1,0,0,14,19,12
22,2,22,17.8,0,1,15,19,7
7,4,7,1.4,0,0,8,19,10
14,3,14,17.8,0,0,6,18,27
6,0,6,14.9,0,0,4,5,4
14,0,14,26.2,0,0,4,20,1
13,5,13,28.9,0,0,4,12,4
22,5,22,8.4,0,0,13,6,4
16,2,16,14.6,0,0,0,10,6
14,3,14,9.5,0,0,20,3,15
8,4,8,11.2,0,0,0,13,6
19,5,19,31.6,0,0,0,9,6
13,2,13,10.7,0,0,4,9,1
21,3,21,9.1,0,0,18,34,11
7,0,7,13.1,0,1,0,9,5
14,1,14,13.9,0,0,0,3,5
6,4,6,5.1,0,0,5,18,1
4,0,4,2.2,0,0,3,3,3
11,4,11,23.3,0,0,18,34,51
12,6,12,20.4,0,0,0,8,6
10,2,10,13.5,0,0,5,10,4
10,5,10,16.5,0,0,0,31,6
5,2,5,11.5,0,0,0,31,5
20,6,20,12.2,0,0,5,10,1
16,4,16,20.0,0,0,0,1,7
20,3,20,9.6,0,0,39,19,12
15,2,15,19.4,0,0,0,13,6
18,0,18,20.1,0,0,0,7,6
4,5,4,15.7,0,0,10,38,10
16,0,16,32.3,1,0,27,53,18
4,1,4,14.0,0,0,2,2,2
18,3,18,22.3,0,0,21,3,5
0,4,0,14.1,0,0,0,1,10
21,1,21,9.7,1,2,0,8,6
17,0,17,24.7,0,0,0,31,5
22,0,22,7.5,0,0,6,18,8
4,0,4,5.9,0,0,0,31,6
17,2,17,21.5,0,0,0,28,6
4,6,4,6.8,0,0,0,8,6
16,0,16,28.2,0,0,1,1,1
12,4,12,23.3,0,0,5,5,1
15,6,15,19.7,0,0,5,30,1
23,4,23,12.3,0,0,0,36,7
13,2,13,22.5,0,0,10,22,11
22,1,22,6.0,0,0,5,10,1
0,2,0,6.7,0,0,0,1,0
17,3,17,15.0,0,1,34,72,3
15,1,15,29.1,0,1,6,18,8
20,3,20,12.4,0,0,0,8,5
18,2,18,15.5,0,0,13,5,5
18,6,18,23.7,0,0,0,12,6
23,6,23,9.3,0,0,0,36,0
15,5,15,29.7,0,0,0,49,5
23,0,23,19.4,0,0,6,18,8
23,5,23,7.2,0,0,0,19,0
12,6,12,24.9,0,1,0,29,6
10,0,10,18.4,0,0,0,13,6
14,0,14,22.6,0,0,0,3,6
23,2,23,18.1,0,0,0,19,7
6,1,6,10.5,0,0,4,18,4
15,5,15,17.3,0,0,0,44,5
13,5,13,14.3,0,0,4,5,5
16,6,16,32.8,0,1,0,4,5
23,2,23,14.9,0,0,0,35,0
12,6,12,10.6,0,0,9,21,11
23,4,23,13.2,0,0,15,19,7
0,1,0,14.7,0,0,5,6,1
20,1,20,11.9,0,0,0,7,5
15,1,15,28.1,0,1,7,67,24
10,4,10,13.0,0,1,0,30,6
20,0,20,15.7,0,0,0,7,5
22,0,22,9.4,0,0,6,18,8
19,1,19,13.7,0,0,5,30,1
12,4,12,25.3,0,0,0,8,6
7,4,7,13.3,0,1,0,9,5
6,0,6,10.0,0,0,0,8,6
15,5,15,27.0,0,1,0,3,5
15,1,15,11.4,0,0,13,4,4
21,2,21,11.4,1,2,0,5,6
18,6,18,11.8,0,0,5,62,1
5,2,5,9.5,0,0,1,1,1
5,3,5,14.4,0,0,4,4,4
6,1,6,8.0,0,0,5,6,4
13,3,13,14.8,0,0,0,9,6
17,0,17,18.5,0,0,20,7,15
4,5,4,10.6,0,0,0,26,6
7,5,7,3.9,0,0,0,29,6
10,1,10,20.1,0,0,0,8,6
11,4,11,22.5,0,1,0,12,5
15,1,15,30.4,0,1,0,4,5
4,6,4,6.8,0,0,5,4,1
7,6,7,13.2,0,0,0,29,6
2,5,2,13.1,0,0,0,0,0
4,5,4,15.0,0,0,0,23,5
12,3,12,10.7,0,0,13,6,6
14,2,14,26.0,0,1,4,17,5
3,4,3,16.7,0,0,24,7,15
2,5,2,5.9,0,0,0,6,5
23,5,23,19.6,0,0,0,35,0
10,0,10,9.8,0,0,0,13,6
6,0,6,10.1,0,0,0,29,6
12,1,12,24.8,0,1,0,31,6
4,5,4,4.6,0,0,0,26,6
6,6,6,1.1,0,0,0,29,5
11,6,11,11.5,0,0,0,20,6
8,3,8,16.0,0,1,0,1,7
10,3,10,11.1,1,2,0,25,5
21,6,21,8.5,0,0,4,10,4
15,6,15,27.8,0,0,6,30,19
15,4,15,24.6,0,0,5,30,1
5,4,5,13.3,0,0,5,5,5
7,6,7,7.4,0,0,0,3,7
12,6,12,25.6,0,1,9,21,11
13,3,13,23.7,0,0,0,6,6
10,0,10,20.2,0,0,5,14,1
15,3,15,12.7,0,0,4,6,4
5,3,5,15.2,0,0,0,13,5
13,0,13,20.9,0,0,0,48,5
7,0,7,8.9,0,0,0,9,6
12,5,12,18.0,0,0,0,9,5
5,0,5,12.0,0,0,4,13,4
10,6,10,14.0,0,0,0,31,6
6,3,6,5.7,0,0,21,3,5
11,2,11,14.7,0,0,0,8,6
13,2,13,23.3,0,0,0,10,5
9,2,9,5.5,0,0,0,20,5
20,5,20,17.1,0,0,0,7,5
20,5,20,15.8,0,0,5,31,4
16,2,16,16.2,0,0,4,20,5
9,2,9,22.5,0,1,22,19,15
15,5,15,28.9,0,0,20,19,15
9,6,9,18.5,0,0,0,6,6
14,6,14,20.7,0,0,4,7,1
0,0,0,18.3,0,0,0,19,0
10,2,10,21.1,0,0,0,12,6
2,1,2,7.4,0,0,13,6,6
4,0,4,14.8,0,0,4,9,1
18,4,18,15.4,0,0,0,8,6
12,3,12,27.1,0,1,5,5,5
1,1,1,17.0,0,0,16,32,14
22,4,22,22.3,0,1,17,33,15
19,4,19,14.7,0,0,0,26,5
7,6,7,11.0,0,0,0,11,6
14,3,14,13.1,0,0,7,13,18
5,6,5,13.6,0,0,0,55,5
14,2,14,20.4,0,0,0,29,6
18,6,18,33.1,0,0,0,23,6
15,3,15,25.0,0,0,0,20,5
9,3,9,9.1,0,0,25,51,22
1,1,1,8.6,0,0,2,2,8
5,6,5,15.5,0,0,0,10,5
19,4,19,15.2,0,0,0,20,5
12,0,12,24.1,0,0,10,38,10
21,0,21,14.4,1,2,0,10,6
8,5,8,12.8,0,0,0,18,5
12,2,12,20.1,0,0,10,38,10
9,3,9,14.1,0,0,5,12,1
0,1,0,15.9,0,0,5,6,1
18,1,18,24.3,0,0,0,12,6
16,3,16,11.4,0,0,0,25,5
21,4,21,9.9,0,0,0,29,6
14,6,14,15.4,0,0,0,12,5
20,0,20,11.2,0,0,0,7,6
16,0,16,29.8,0,0,0,28,5
18,1,18,8.2,0,0,13,5,4
15,3,15,18.4,0,0,13,6,6
22,1,22,9.8,0,0,4,29,5
4,1,4,14.1,0,0,0,8,5
23,4,23,20.1,0,0,18,34,11
0,4,0,13.0,0,0,20,6,15
4,6,4,10.7,0,0,0,26,6
16,6,16,28.8,0,1,0,28,5
1,6,1,15.4,0,0,16,32,14
7,6,7,2.8,0,0,22,2,15
16,0,16,8.3,0,0,0,31,6
20,1,20,12.7,0,0,4,13,4
15,2,15,12.1,0,0,0,5,6
12,4,12,24.4,0,1,28,7,0
5,3,5,12.4,0,0,0,5,6
15,6,15,16.2,0,0,20,19,15
9,2,9,22.2,0,0,0,18,5
12,0,12,19.9,0,0,5,25,1
20,6,20,17.9,0,0,5,30,4
5,1,5,4.9,0,0,13,6,4
15,3,15,31.6,0,1,0,24,5
16,5,16,26.4,0,0,5,3,1
7,0,7,10.0,0,0,0,29,6
4,3,4,11.4,1,2,21,3,14
8,4,8,12.0,0,0,22,19,15
18,3,18,26.3,0,1,13,6,6
16,1,16,31.6,0,1,0,6,7
15,4,15,18.1,0,0,23,43,0
10,1,10,23.8,0,1,22,19,15
1,5,1,17.6,0,0,0,0,0
7,1,7,10.8,0,0,5,17,1
12,0,12,23.8,0,0,9,21,11
6,6,6,1.0,0,0,0,29,6
15,4,15,16.4,0,0,0,31,5
10,2,10,13.5,0,1,0,18,6
14,6,14,33.0,0,0,0,11,6
1,6,1,8.6,0,0,0,0,0
7,3,7,11.1,0,0,0,7,6
10,1,10,23.4,0,0,0,17,5
8,3,8,14.0,0,0,6,18,8
17,6,17,25.6,0,0,5,10,4
2,0,2,16.2,0,0,6,7,8
3,4,3,8.3,0,0,8,19,10
14,0,14,25.0,0,0,0,3,5
19,0,19,27.9,0,1,0,20,6
11,3,11,10.1,1,0,7,53,24
18,6,18,26.2,0,1,0,12,5
22,5,22,18.4,0,1,17,33,15
16,0,16,8.1,0,0,0,18,5
2,0,2,10.2,0,0,0,0,0
15,5,15,30.5,0,0,14,19,16
20,3,20,22.0,0,0,4,18,1
22,2,22,7.3,0,0,16,32,14
6,0,6,13.3,0,1,25,52,23
16,2,16,21.0,0,0,0,30,5
11,2,11,17.4,0,0,20,19,15
7,1,7,11.4,0,0,0,12,5
9,2,9,5.1,0,0,6,18,8
8,4,8,17.2,0,0,0,20,6
14,1,14,24.6,0,0,0,48,6
11,6,11,24.4,0,1,0,14,5
16,4,16,28.9,0,1,21,3,15
15,3,15,26.9,0,0,5,23,4
14,0,14,29.5,0,1,0,3,5
18,1,18,19.3,0,0,13,6,6
18,3,18,26.4,0,0,0,10,6
20,5,20,24.3,0,0,0,3,6
16,1,16,12.2,0,0,0,1,7
12,2,12,23.7,0,0,0,31,5
12,5,12,26.2,0,0,2,2,2
4,2,4,4.1,0,0,21,3,5
11,1,11,11.7,0,0,0,16,7
12,1,12,19.0,0,0,0,12,6
15,6,15,18.9,0,0,0,12,5
1,5,1,15.6,0,0,0,0,0
6,0,6,8.2,0,0,4,31,4
12,4,12,23.7,0,1,0,29,6
13,4,13,14.5,0,0,0,3,5
18,1,18,24.9,0,0,21,3,0
9,5,9,11.9,0,0,0,18,5
23,4,23,16.2,0,0,6,18,27
10,1,10,19.8,0,0,0,24,5
11,0,11,16.9,0,1,5,10,4
8,6,8,1.0,0,0,13,6,6
23,0,23,16.6,0,0,15,19,7
15,1,15,17.6,0,0,0,3,6
19,6,19,26.7,0,1,4,10,1
5,5,5,13.6,0,0,0,5,5
7,4,7,16.9,0,1,0,7,5
11,3,11,17.4,0,0,0,19,0
13,1,13,25.1,0,1,10,22,11
13,0,13,31.3,0,0,4,13,1
13,6,13,25.5,0,0,13,6,6
6,2,6,10.5,0,0,4,9,1
20,0,20,19.9,0,0,11,60,3
12,5,12,12.3,0,0,14,19,16
12,1,12,23.4,0,0,0,5,5
15,1,15,17.3,0,0,0,5,6
14,1,14,10.8,0,0,4,6,4
22,6,22,12.1,0,0,36,1,3
2,3,2,3.0,0,0,2,2,2
4,1,4,12.1,0,0,0,13,6
3,4,3,1.9,0,0,8,19,10
0,2,0,8.3,0,0,0,26,6
10,6,10,26.6,0,1,0,10,6
12,1,12,27.2,0,1,0,12,5
7,1,7,14.3,0,0,4,31,4
17,6,17,24.4,0,0,0,5,6
17,6,17,24.4,0,0,0,30,5
13,5,13,20.9,0,0,0,48,6
18,2,18,19.4,0,0,21,3,0
14,5,14,14.9,0,0,6,18,8
21,3,21,21.6,0,1,0,22,0
5,0,5,7.8,0,0,4,4,4
17,6,17,27.0,0,1,0,18,5
21,4,21,9.3,0,0,0,31,6
12,3,12,21.9,0,0,20,7,15
4,1,4,5.1,0,0,0,9,5
7,1,7,13.4,0,1,0,9,6
19,2,19,7.8,0,0,0,22,0
16,1,16,18.5,0,0,0,9,6
15,0,15,29.2,0,1,4,13,4
1,5,1,7.6,1,2,4,6,4
16,4,16,25.3,0,0,0,9,6
1,4,1,12.2,0,0,13,6,6
7,5,7,9.1,0,0,0,13,6
20,0,20,25.4,0,1,0,10,5
5,2,5,13.1,0,0,5,5,5
7,1,7,14.2,0,1,0,12,5
18,2,18,27.3,0,0,13,5,1
14,6,14,33.2,0,0,0,12,6
18,5,18,31.2,0,1,0,20,5
20,0,20,19.8,0,0,0,13,6
8,1,8,10.4,0,0,22,19,15
22,3,22,23.1,0,0,0,3,5
2,5,2,4.9,0,0,2,2,2
4,1,4,9.8,0,0,0,40,5
4,3,4,5.6,0,0,0,13,6
8,3,8,16.6,0,1,0,18,5
11,5,11,23.3,0,1,0,28,5
19,2,19,13.1,0,0,4,9,5
23,2,23,20.1,0,0,17,33,15
15,5,15,23.7,0,0,13,6,6
0,1,0,12.5,0,0,0,6,6
6,1,6,12.4,0,0,0,29,5
16,4,16,29.5,0,1,4,5,1
20,0,20,25.5,0,1,0,6,5
21,3,21,17.0,0,0,5,6,1
23,4,23,6.6,1,2,4,30,4
18,6,18,24.8,0,0,0,12,6
15,4,15,25.0,0,0,15,37,7
18,6,18,29.6,0,0,0,25,6
12,2,12,14.8,0,0,0,12,5
9,1,9,19.5,0,1,0,42,5
20,1,20,25.1,0,0,0,29,5
7,5,7,14.9,0,0,0,12,6
15,3,15,19.2,0,0,23,43,0
4,0,4,6.0,0,0,0,13,5
12,6,12,24.4,0,1,0,11,6
7,6,7,16.8,0,0,13,6,5
7,6,7,-0.4,0,0,0,12,6
16,6,16,24.9,0,0,0,22,0
20,0,20,28.9,0,1,0,8,6
0,4,0,4.0,0,0,0,36,0
0,0,0,8.9,0,0,0,0,0
15,1,15,12.0,0,0,21,3,15
15,1,15,11.0,0,0,0,6,6
0,1,0,11.9,0,0,1,1,1
4,3,4,8.6,0,0,0,1,7
9,5,9,15.1,0,0,0,28,5
0,0,0,13.1,0,0,0,36,0
15,3,15,30.3,0,1,0,5,5
20,5,20,13.5,0,0,0,9,6
20,1,20,11.7,0,0,0,7,6
5,6,5,16.7,0,0,4,1,1
12,2,12,10.5,0,0,0,18,5
8,6,8,11.3,0,0,5,10,1
23,3,23,17.1,0,0,0,19,7
14,3,14,24.2,0,0,5,62,1
4,0,4,11.6,0,0,0,10,6
7,3,7,3.7,0,0,0,25,6
10,3,10,12.3,0,0,0,14,5
5,4,5,12.3,0,0,13,109,1
2,3,2,5.6,0,0,0,6,6
8,3,8,1.7,0,0,21,3,5
10,3,10,11.2,0,0,0,12,6
6,6,6,13.5,0,1,0,10,6
8,2,8,8.8,0,0,0,13,6
23,4,23,9.4,0,0,0,36,0
8,5,8,2.4,0,0,0,4,5
23,4,23,17.6,0,0,14,19,12
13,1,13,11.7,0,0,5,7,1
14,2,14,20.0,0,0,0,12,6
16,0,16,15.9,0,0,0,13,6
12,4,12,7.3,0,0,0,18,5
6,2,6,8.2,0,0,0,29,6
14,1,14,28.5,0,0,5,62,1
13,0,13,16.1,0,0,4,13,1
12,1,12,14.8,1,2,0,13,6
13,3,13,14.9,0,0,0,9,6
5,5,5,10.7,0,0,5,26,1
11,3,11,14.2,0,0,5,10,1
19,0,19,24.6,0,1,0,10,6
12,1,12,17.9,0,0,0,25,6
16,3,16,17.9,0,0,0,31,5
8,2,8,4.9,0,0,0,11,6
6,3,6,5.5,0,0,0,13,5
3,0,3,10.0,0,0,30,19,15
6,4,6,14.1,0,1,0,10,6
9,0,9,6.2,0,0,22,19,15
6,0,6,4.1,0,0,4,13,4
15,2,15,19.2,0,0,0,13,6
7,6,7,15.5,0,1,4,12,4
21,0,21,12.7,0,0,0,8,5
15,1,15,14.8,0,0,23,43,0
12,1,12,13.1,0,0,0,5,6
16,2,16,13.4,0,0,0,6,7
18,5,18,27.0,0,0,0,20,5
1,0,1,12.7,0,0,0,1,7
6,6,6,3.7,0,0,0,29,5
15,0,15,9.6,0,0,5,14,1
5,4,5,14.0,0,0,2,2,8
20,0,20,11.5,0,0,18,34,11
14,5,14,26.3,0,0,0,29,5
16,4,16,13.3,0,0,0,31,6
23,2,23,13.2,0,0,4,31,4
1,6,1,16.3,0,0,16,32,14
17,3,17,30.1,0,1,4,20,4
7,6,7,13.2,0,1,0,7,5
5,2,5,11.5,0,0,0,9,6
3,4,3,13.0,0,0,24,7,15
6,0,6,13.2,0,1,0,9,5
6,3,6,10.8,0,0,4,18,1
11,2,11,20.7,0,0,5,10,4
5,2,5,1.0,0,0,21,3,5
9,6,9,9.2,0,0,0,30,5
9,0,9,10.5,0,0,0,28,6
15,6,15,31.1,0,1,31,63,12
11,0,11,8.6,0,0,0,25,6
7,0,7,3.9,0,0,0,13,6
7,0,7,14.4,0,1,0,11,5
13,3,13,16.9,0,0,9,21,11
8,5,8,1.7,0,0,13,5,6
20,5,20,6.3,0,0,0,31,6
8,6,8,12.8,0,1,0,30,5
6,3,6,8.1,0,0,0,10,6
9,4,9,17.8,0,0,5,30,1
19,6,19,16.5,0,1,4,18,1
13,4,13,17.1,0,0,0,20,6
11,1,11,19.8,0,0,0,24,5
16,5,16,26.1,0,0,0,1,7
22,6,22,15.8,0,0,15,19,13
0,0,0,20.0,0,0,0,36,0
8,0,8,14.4,0,1,0,5,6
22,2,22,3.6,0,0,14,19,12
14,3,14,22.3,0,0,4,29,1
7,4,7,12.5,0,1,0,11,5
0,4,0,12.0,0,0,1,1,1
7,6,7,9.4,0,0,1,1,1
14,6,14,19.6,0,0,6,30,19
4,2,4,15.8,0,0,0,31,6
5,1,5,10.5,0,0,0,17,5
14,3,14,24.4,0,0,25,51,21
12,4,12,13.2,0,0,9,21,11
8,0,8,4.8,0,0,0,25,5
9,0,9,11.2,0,0,0,18,5
4,4,4,10.8,0,0,0,31,6
8,1,8,16.6,0,1,4,12,1
2,2,2,17.5,0,0,0,35,7
17,6,17,32.3,0,1,4,45,4
9,6,9,9.0,0,0,0,16,7
12,0,12,26.9,0,0,0,31,5
7,4,7,3.5,0,0,0,29,5
22,0,22,6.7,0,0,16,32,14
15,3,15,26.5,0,0,25,51,23
23,3,23,11.5,0,0,0,15,7
10,2,10,9.7,0,0,5,10,1
11,3,11,20.8,0,0,5,10,4
3,3,3,10.5,0,0,2,2,2
16,5,16,30.9,0,1,0,26,6
14,1,14,27.1,0,0,5,12,4
20,6,20,28.5,0,0,4,20,4
5,5,5,2.4,0,0,4,23,1
5,6,5,13.0,0,0,4,1,1
1,3,1,4.5,0,0,2,2,8
14,5,14,27.3,0,1,10,22,11
15,4,15,11.5,0,0,21,71,5
9,3,9,8.4,0,0,0,30,5
7,6,7,4.2,0,0,0,3,7
12,5,12,13.1,0,0,0,18,5
7,4,7,10.5,0,0,1,1,1
4,6,4,13.5,0,0,0,8,5
16,1,16,28.4,0,1,0,12,5
8,4,8,14.8,0,0,5,41,1
10,5,10,11.5,0,0,0,12,6
19,4,19,34.8,0,1,0,12,6
14,5,14,18.9,0,0,6,18,8
5,0,5,9.8,0,0,5,5,4
5,2,5,3.4,0,0,4,31,4
5,3,5,4.9,0,0,0,9,6
15,1,15,30.8,0,0,14,19,16
23,6,23,18.2,0,1,19,15,7
17,3,17,27.6,0,0,0,6,0
10,6,10,16.8,0,0,5,10,4
6,3,6,0.5,0,0,0,10,5
15,3,15,21.8,0,0,0,8,5
7,2,7,4.5,0,0,4,9,5
23,6,23,16.7,0,0,24,7,15
19,2,19,32.1,0,1,13,6,6
5,2,5,9.3,0,0,5,31,1
6,0,6,0.4,0,0,4,31,4
18,6,18,15.4,0,0,4,20,4
17,0,17,15.3,0,0,4,23,4
13,0,13,27.2,0,1,0,23,5
6,5,6,2.0,0,0,5,18,1
11,0,11,23.5,0,0,20,19,15
6,1,6,11.6,0,1,0,13,5
23,1,23,16.4,0,0,17,33,15
0,2,0,8.9,0,0,2,2,8
20,5,20,11.4,0,0,0,8,6
20,2,20,28.3,0,1,5,26,1
15,1,15,27.1,0,0,0,5,5
23,4,23,4.4,0,0,0,19,0
12,6,12,29.5,0,1,0,5,6
23,5,23,10.4,0,0,0,19,0
18,4,18,27.8,0,1,6,18,8
14,2,14,18.3,0,1,0,12,5
13,2,13,22.8,0,0,0,12,5
23,3,23,15.4,0,0,0,35,7
15,1,15,21.6,0,0,0,25,5
5,4,5,8.7,0,0,13,6,5
6,6,6,4.5,0,0,0,10,6
23,2,23,17.4,0,0,0,35,7
16,6,16,32.8,0,1,5,5,5
20,1,20,9.1,0,0,21,3,5
2,4,2,13.0,0,0,0,46,0
7,1,7,3.2,0,0,4,12,5
14,3,14,12.9,0,0,0,6,6
7,4,7,3.5,0,0,0,3,7
13,4,13,15.1,0,0,5,13,4
17,2,17,10.2,0,0,21,3,0
23,1,23,19.5,0,0,17,33,15
17,4,17,30.4,0,0,21,3,5
23,2,23,6.5,0,0,0,35,7
5,4,5,8.8,0,0,0,9,6
21,3,21,17.0,0,0,8,19,10
1,2,1,2.9,0,0,0,46,0
8,3,8,13.6,0,0,0,12,6
17,5,17,17.6,0,0,0,29,6
12,2,12,26.2,0,1,0,7,5
6,6,6,1.3,0,0,13,6,6
21,6,21,7.2,0,0,15,19,7
5,5,5,14.7,0,0,5,5,1
2,2,2,9.2,0,0,13,6,6
7,6,7,10.6,0,0,21,3,5
18,1,18,15.3,0,0,0,12,5
6,2,6,11.1,0,0,21,3,5
10,0,10,11.1,0,0,0,20,5
10,0,10,11.3,0,0,0,16,0
14,4,14,18.5,0,0,0,6,6
11,0,11,7.5,0,0,0,11,6
11,5,11,11.4,0,0,4,54,5
8,3,8,13.3,0,3,5,17,1
10,5,10,15.2,0,1,5,10,4
7,4,7,7.7,1,2,0,26,6
6,0,6,1.2,0,0,0,13,6
4,0,4,9.4,0,0,0,31,6
17,3,17,26.4,0,0,21,3,14
9,0,9,2.9,0,0,0,4,5
20,1,20,15.9,0,0,0,26,6
9,6,9,8.2,0,0,0,41,5
7,2,7,7.7,0,0,4,12,5
4,6,4,8.8,0,0,0,8,5
7,6,7,5.0,0,0,4,12,1
5,6,5,15.9,0,0,0,10,5
21,1,21,17.6,0,1,0,10,6
16,5,16,27.2,0,0,5,12,4
8,4,8,11.8,0,0,0,12,6
20,6,20,9.6,0,0,21,3,5
3,5,3,14.4,0,0,2,2,2
17,4,17,16.0,0,0,0,30,5
22,3,22,18.5,0,1,16,32,14
20,1,20,23.2,0,0,5,6,1
22,1,22,9.2,0,0,0,26,6
8,2,8,10.0,0,0,5,11,1
13,6,13,29.4,0,1,25,59,22
18,3,18,12.2,0,0,0,18,5
11,0,11,26.4,0,0,0,20,5
11,3,11,19.7,0,0,20,7,15
15,6,15,16.4,0,0,5,62,1
4,4,4,14.8,0,0,8,1,10
1,0,1,3.0,0,0,0,46,0
0,1,0,16.2,0,0,10,22,11
15,0,15,27.9,0,0,13,4,6
23,5,23,12.8,0,0,0,19,0
16,6,16,16.0,0,0,0,20,5
8,2,8,9.3,0,0,0,13,6
1,5,1,13.5,0,0,0,1,0
1,0,1,6.8,0,0,0,6,6
6,6,6,7.0,0,0,1,1,7
19,1,19,29.3,0,0,6,18,8
23,1,23,6.3,0,0,0,36,0
5,3,5,8.8,0,0,0,8,6
0,1,0,16.8,0,0,0,35,0
19,1,19,22.3,0,0,0,9,0
0,4,0,5.9,0,0,0,19,0
11,1,11,16.2,0,0,5,10,4
12,6,12,24.8,0,1,0,6,6
2,2,2,13.1,0,0,10,22,11
21,0,21,9.6,0,0,0,3,6
20,5,20,11.8,0,1,0,10,5
12,1,12,27.3,0,1,0,29,6
6,3,6,8.3,0,0,13,6,5
4,3,4,10.7,0,0,0,5,6
8,2,8,9.0,0,0,0,12,6
18,5,18,11.5,0,0,0,25,6
9,5,9,22.7,0,0,0,15,7
5,1,5,8.5,0,0,0,26,6
17,1,17,31.3,0,1,0,7,5
9,4,9,9.1,0,0,5,10,1
6,3,6,4.9,0,0,0,29,5
19,6,19,10.9,0,0,0,22,0
10,6,10,11.5,0,0,0,12,6
4,0,4,13.6,0,0,0,26,5
8,2,8,14.2,0,1,0,7,6
9,5,9,4.4,0,0,0,16,0
7,5,7,9.9,0,0,0,10,6
2,4,2,12.6,0,0,13,6,6
20,4,20,26.3,0,0,0,13,5
12,0,12,27.2,0,0,0,13,5
13,4,13,31.7,0,1,5,14,1
16,0,16,28.1,0,1,0,7,5
3,0,3,6.1,0,0,5,1,1
22,6,22,12.7,0,0,0,8,6
7,4,7,12.9,0,0,5,10,4
20,0,20,12.5,0,0,0,26,6
19,6,19,28.0,0,1,4,18,1
19,4,19,24.2,0,1,39,19,12
14,2,14,13.2,0,0,21,3,5
11,3,11,17.1,0,0,0,10,6
23,2,23,18.4,0,0,0,35,7
6,5,6,1.8,0,0,0,8,5
13,0,13,25.1,0,0,0,12,5
20,5,20,16.7,0,0,4,18,1
16,2,16,25.4,0,0,0,5,6
6,0,6,13.7,0,0,4,5,4
10,4,10,22.5,0,0,0,23,5
2,1,2,11.5,0,0,0,46,0
16,0,16,31.1,0,1,21,3,15
0,6,0,8.0,0,0,2,2,8
14,4,14,17.1,0,0,0,13,5
15,1,15,26.7,0,0,0,8,6
11,0,11,22.0,0,0,0,20,5
7,0,7,9.9,0,0,0,12,5
18,5,18,26.7,0,0,0,25,6
12,3,12,25.4,0,1,9,21,13
19,2,19,23.0,0,0,4,13,1
16,2,16,14.6,0,0,4,20,5
12,0,12,18.8,0,0,4,18,1
4,0,4,11.6,0,0,0,8,6
10,3,10,10.0,0,0,7,77,24
14,1,14,16.9,0,0,0,9,5
9,3,9,19.9,0,0,0,15,7
8,0,8,10.3,0,0,5,7,4
11,0,11,25.0,0,1,0,10,5
21,3,21,21.8,0,1,15,19,7
4,3,4,13.2,0,0,0,9,6
23,5,23,11.9,0,0,0,35,0
22,6,22,12.7,0,0,6,18,8
8,2,8,3.9,0,0,6,18,8
11,1,11,23.8,0,1,0,12,6
11,2,11,18.8,0,0,0,20,6
16,1,16,25.6,0,0,0,7,5
16,1,16,20.1,0,0,0,20,6
8,5,8,18.8,0,0,0,18,5
16,2,16,16.1,0,0,21,71,5
0,6,0,8.4,0,0,0,1,7
12,0,12,28.3,0,1,0,28,6
15,3,15,26.2,0,1,0,5,6
19,1,19,9.3,0,0,5,30,1
20,3,20,11.5,0,0,13,6,4
11,5,11,9.0,0,0,0,13,6
15,5,15,30.5,0,0,21,71,5
18,6,18,19.2,0,0,5,26,4
11,2,11,10.2,0,0,0,6,0
5,6,5,5.7,0,0,0,13,6
18,0,18,24.5,0,1,0,8,6
12,6,12,14.3,0,0,0,31,6
23,3,23,9.6,0,0,20,19,15
16,0,16,26.7,0,0,0,1,10
16,6,16,25.7,0,0,0,20,5
5,1,5,12.1,0,0,0,13,6
23,4,23,6.7,1,2,16,32,5
15,6,15,10.9,0,0,0,23,6
23,6,23,18.1,0,1,18,34,11
16,5,16,10.4,0,0,21,3,0
7,1,7,9.2,0,0,0,13,6
8,2,8,8.9,0,0,5,10,1
5,1,5,15.6,0,0,4,13,4
10,6,10,7.2,0,0,5,10,1
20,3,20,9.0,0,0,0,26,6
16,0,16,18.7,0,0,4,23,1
22,2,22,7.1,0,0,13,6,6
11,0,11,13.6,0,0,0,13,6
14,0,14,31.0,0,0,4,20,5
5,0,5,4.1,0,0,4,4,4
0,6,0,8.6,0,0,1,1,14
7,0,7,13.2,0,1,13,6,6
13,5,13,20.5,0,1,28,7,0
13,1,13,25.1,0,0,0,31,5
11,4,11,10.0,0,0,0,12,5
16,2,16,19.5,0,0,0,31,6
16,2,16,30.1,0,1,5,5,5
23,0,23,19.3,0,1,19,15,0
12,1,12,24.1,0,0,2,2,2
21,6,21,8.3,0,0,15,19,7
20,1,20,25.2,0,1,0,18,5
11,3,11,10.8,1,2,0,7,5
20,2,20,25.9,0,1,0,26,5
11,4,11,24.0,0,0,0,20,6
4,4,4,9.5,0,0,0,31,6
4,6,4,11.0,0,0,0,3,5
7,0,7,8.9,0,1,0,10,6
14,6,14,28.6,0,1,6,18,8
16,6,16,31.9,0,1,0,24,5
5,5,5,6.3,0,0,4,4,1
5,4,5,3.9,0,0,0,7,6
4,2,4,3.9,0,0,0,26,6
18,4,18,29.3,0,0,0,25,6
16,5,16,25.9,0,0,0,30,5
7,2,7,11.5,0,0,0,12,5
15,3,15,18.2,0,0,0,20,5
5,6,5,17.7,0,0,0,23,5
5,6,5,8.3,0,0,4,4,4
12,1,12,11.4,0,0,0,31,6
4,1,4,11.5,0,0,0,9,6
17,3,17,10.5,0,0,0,48,5
18,0,18,8.9,0,0,0,13,6
17,0,17,18.8,0,0,0,1,7
18,5,18,30.6,0,1,0,12,5
9,6,9,9.4,0,0,4,10,1
6,4,6,14.8,0,0,0,29,5
23,5,23,14.9,0,0,0,35,0
4,1,4,10.9,0,0,0,26,6
16,1,16,9.6,0,0,0,22,7
11,0,11,15.1,0,0,0,8,6
10,0,10,21.5,0,1,0,17,5
20,6,20,19.1,0,0,0,31,5
4,5,4,1.0,0,0,2,2,8
12,1,12,23.0,0,1,0,4,5
11,3,11,18.5,0,0,0,29,6
6,0,6,8.1,0,0,0,3,5
7,0,7,7.1,0,0,22,19,15
15,1,15,28.1,0,1,0,44,5
15,6,15,11.0,0,0,0,44,6
8,5,8,1.1,0,0,0,20,5
16,2,16,14.2,0,0,0,12,5
7,6,7,8.4,0,0,0,11,6
11,4,11,28.6,0,1,0,11,5
13,3,13,16.9,0,0,4,9,4
0,3,0,9.9,0,0,16,32,14
12,1,12,17.8,0,2,2,2,2
22,3,22,15.9,0,0,5,29,1
14,2,14,19.6,0,0,4,6,4
11,4,11,20.7,0,0,5,11,1
15,2,15,7.9,0,0,21,71,5
13,3,13,12.5,0,0,0,13,6
5,3,5,15.1,0,0,20,19,15
4,0,4,13.7,0,0,3,3,3
18,0,18,24.7,0,0,13,6,6
18,0,18,7.7,0,0,0,7,6
23,1,23,12.9,0,0,6,18,8
9,5,9,3.4,0,0,0,18,5
12,1,12,16.0,0,0,13,6,6
3,0,3,7.8,0,0,3,3,3
10,5,10,12.1,0,0,14,19,12
6,2,6,9.3,0,0,4,18,1
7,0,7,13.1,0,0,0,7,6
19,6,19,10.3,0,0,5,9,4
7,3,7,4.5,0,0,0,12,6
21,5,21,11.5,0,0,10,38,10
18,6,18,11.6,0,0,4,20,5
16,5,16,19.6,0,0,0,6,0
22,5,22,13.9,0,0,10,38,10
6,0,6,12.7,0,1,0,31,6
4,5,4,6.5,0,0,0,26,6
21,5,21,9.1,0,0,21,3,5
17,6,17,29.0,0,1,31,63,12
0,1,0,17.3,0,0,10,22,11
7,6,7,12.2,0,1,0,7,5
16,2,16,29.3,0,0,5,127,1
23,0,23,12.6,0,0,0,35,7
19,3,19,9.0,0,0,0,29,6
11,2,11,17.8,0,0,0,31,6
15,2,15,15.3,0,0,0,18,5
10,0,10,11.0,0,0,5,10,1
0,5,0,18.0,0,0,19,15,7
11,1,11,26.5,0,0,0,24,5
15,6,15,10.3,0,0,0,25,6
7,6,7,11.3,0,0,0,9,6
19,6,19,24.1,0,0,4,45,1
4,0,4,15.5,0,0,4,1,1
6,1,6,8.9,0,0,1,1,7
12,0,12,29.7,0,0,5,5,5
4,1,4,14.0,0,0,0,31,5
12,1,12,16.8,0,0,9,21,11
13,5,13,26.3,0,1,0,62,5
15,1,15,13.6,0,0,21,71,5
10,3,10,7.5,0,0,0,23,5
12,6,12,26.5,0,1,0,11,5
11,1,11,25.0,0,0,0,31,6
7,4,7,1.6,0,0,0,12,6
14,6,14,17.4,0,0,0,12,6
8,2,8,14.2,0,1,0,5,5
20,3,20,17.6,0,1,0,26,6
4,6,4,10.7,0,0,0,5,6
14,1,14,12.9,0,0,0,3,6
1,6,1,10.5,0,0,16,32,14
7,6,7,14.1,0,0,0,12,5
10,1,10,11.0,0,0,0,23,5
23,4,23,20.1,0,0,6,18,27
8,3,8,8.3,0,0,0,3,5
7,3,7,2.3,0,0,0,10,5
4,6,4,17.7,0,0,0,26,6
0,2,0,12.8,0,0,19,15,0
20,3,20,21.0,0,1,0,9,5
15,0,15,25.0,0,1,0,12,5
14,5,14,28.7,0,0,4,13,1
0,2,0,19.0,0,0,0,22,0
20,2,20,14.9,0,0,5,31,1
15,5,15,26.0,0,1,0,5,5
1,6,1,14.3,0,0,0,19,7
14,3,14,20.5,0,0,0,20,6
21,6,21,15.0,0,0,0,31,6
9,6,9,17.1,0,1,26,58,0
0,2,0,3.2,0,0,0,1,7
9,4,9,15.2,0,0,7,57,24
5,2,5,13.0,0,0,5,5,5
16,5,16,15.5,0,0,0,6,7
10,4,10,12.4,0,0,0,29,6
7,5,7,15.1,0,1,0,11,5
9,2,9,12.2,0,0,0,30,5
8,4,8,13.9,0,1,0,4,6
16,3,16,29.7,0,1,5,5,5
5,1,5,12.8,0,0,0,5,6
6,2,6,4.1,0,0,1,1,1
13,3,13,24.5,0,0,0,24,5
1,1,1,7.8,0,0,0,0,0
14,6,14,29.9,0,1,4,29,1
13,0,13,20.7,0,0,5,7,1
17,2,17,19.9,0,0,5,5,1
18,4,18,27.7,0,1,20,19,15
6,4,6,3.6,0,0,5,7,1
13,6,13,27.8,0,1,5,7,5
6,6,6,11.9,0,0,14,19,16
7,3,7,9.3,0,0,0,25,6
9,0,9,19.7,0,0,6,18,8
20,5,20,15.7,0,0,5,18,1
18,4,18,25.9,0,0,0,25,6
15,3,15,28.5,0,1,0,5,5
5,4,5,0.2,0,0,4,23,4
6,3,6,19.3,0,1,4,6,4
8,6,8,16.2,0,0,14,19,12
9,1,9,16.5,0,1,0,1,0
15,1,15,30.4,0,1,0,44,5
16,5,16,21.1,0,0,0,18,5
22,6,22,10.7,0,0,15,19,7
11,2,11,25.2,0,0,5,10,4
8,5,8,20.5,0,0,0,16,0
13,1,13,13.8,0,0,12,27,0
8,3,8,2.0,0,0,0,20,6
22,5,22,17.0,0,0,15,19,7
12,6,12,11.6,0,0,0,31,5
14,5,14,19.2,0,1,6,18,27
18,3,18,29.4,0,1,0,10,6
13,1,13,21.0,0,0,4,5,5
11,0,11,23.9,0,1,0,12,6
8,2,8,8.9,0,0,0,18,5
20,4,20,24.2,0,1,0,10,6
18,4,18,27.1,0,0,14,19,16
7,3,7,12.2,0,0,21,3,5
13,1,13,25.3,0,1,23,43,0
5,5,5,4.7,0,0,4,4,4
0,1,0,14.0,0,0,5,6,1
19,5,19,11.6,0,0,5,30,1
19,6,19,23.7,0,0,14,19,16
4,4,4,13.7,0,0,14,19,12
9,4,9,14.5,0,1,0,1,0
10,6,10,11.9,0,0,0,29,6
15,6,15,11.1,0,0,0,29,6
11,6,11,21.3,0,0,0,13,6
9,6,9,9.6,0,0,0,25,5
19,3,19,24.1,0,0,4,18,5
9,4,9,15.8,0,1,21,3,5
8,2,8,18.5,1,2,22,19,15
21,0,21,15.1,0,0,18,34,11
12,3,12,25.9,0,0,5,5,4
10,5,10,11.5,0,0,0,25,5
5,2,5,11.6,0,0,4,9,4
12,5,12,23.5,0,0,24,63,15
15,6,15,33.3,0,1,4,5,4
17,1,17,29.5,0,1,20,19,15
8,0,8,14.8,0,0,0,25,6
0,5,0,9.9,0,0,16,32,5
15,3,15,14.0,0,0,0,23,6
8,3,8,18.3,0,1,22,19,15
21,6,21,7.3,0,0,0,3,5
22,3,22,10.2,0,0,0,26,6
15,6,15,16.8,0,0,0,20,5
0,1,0,18.7,0,0,15,37,7
22,4,22,7.3,0,0,5,29,4
5,5,5,0.8,0,0,0,31,6
12,2,12,26.6,0,0,0,13,5
17,0,17,27.0,0,0,0,6,0
23,4,23,16.5,0,1,6,18,8
0,4,0,8.1,0,0,0,0,0
14,0,14,24.0,0,0,5,7,1
5,3,5,9.2,0,0,4,6,4
15,5,15,14.7,0,0,0,5,6
10,6,10,10.0,0,0,0,16,0
11,2,11,13.2,0,0,10,22,11
16,6,16,34.3,0,0,0,9,5
13,6,13,15.1,0,0,12,27,0
22,2,22,12.3,0,0,0,26,5
19,1,19,13.8,0,0,5,18,1
19,6,19,12.7,0,0,0,26,6
3,3,3,12.1,1,2,21,3,5
15,1,15,15.5,0,0,13,6,6
10,2,10,16.3,0,1,0,23,5
8,2,8,4.7,0,0,0,20,6
5,1,5,10.8,0,0,0,9,5
5,4,5,13.9,0,0,0,55,5
23,1,23,8.3,0,0,0,19,7
13,2,13,11.1,0,0,0,3,5
20,1,20,27.3,0,1,0,8,6
13,0,13,26.6,0,0,0,31,5
0,0,0,17.6,0,0,0,36,7
6,4,6,12.0,0,0,5,4,1
5,0,5,2.4,0,0,4,5,4
23,5,23,11.6,0,0,0,19,0
4,2,4,4.1,0,0,5,5,4
15,6,15,17.0,0,0,23,43,0
15,2,15,24.7,0,0,21,71,5
19,3,19,10.3,0,0,0,29,6
15,4,15,28.6,0,1,0,49,5
8,5,8,19.2,0,0,0,20,6
6,2,6,11.1,0,0,5,9,1
10,5,10,22.1,0,1,6,18,8
15,1,15,20.8,0,0,0,6,6
14,4,14,14.9,0,0,4,6,4
7,5,7,5.2,0,0,0,29,6
23,6,23,15.6,0,0,14,19,16
21,3,21,17.6,0,0,0,9,5
16,6,16,34.5,0,0,0,22,0
13,6,13,25.6,0,0,9,21,11
11,6,11,22.0,0,0,0,13,6
8,6,8,9.9,0,1,29,3,25
15,2,15,20.9,0,0,0,10,6
12,1,12,24.2,0,0,0,14,5
0,5,0,9.9,0,0,20,19,15
19,6,19,22.2,0,0,0,31,6
8,5,8,15.9,0,1,0,29,5
11,6,11,27.2,0,0,6,30,19
16,3,16,23.4,0,0,0,24,5
23,4,23,12.2,0,0,0,15,7
17,1,17,24.9,0,0,0,6,0
16,0,16,33.4,0,0,0,14,5
13,3,13,23.3,0,0,4,13,4
5,0,5,8.3,0,0,0,9,6
16,1,16,31.8,0,1,5,8,1
16,1,16,13.2,0,0,5,12,1
8,3,8,8.3,0,0,4,10,1
9,4,9,13.4,0,0,0,8,6
12,5,12,11.7,0,0,13,6,6
7,6,7,12.6,0,0,4,12,4
6,0,6,3.7,0,0,4,13,4
22,4,22,18.4,0,1,17,33,15
13,0,13,16.5,0,0,0,3,5
22,3,22,10.3,0,0,10,38,10
21,1,21,9.5,1,2,10,22,11
10,1,10,14.9,0,0,5,14,1
12,0,12,18.2,0,0,5,41,1
12,1,12,11.8,0,0,0,18,5
18,1,18,13.7,0,0,0,9,5
14,5,14,16.4,0,0,13,6,6
16,1,16,24.9,0,0,0,8,6
7,2,7,16.8,0,0,13,6,6
12,3,12,18.0,0,0,2,2,2
22,6,22,9.8,0,0,15,19,7
17,0,17,24.7,0,1,0,18,5
16,3,16,22.0,0,0,0,1,7
15,4,15,18.4,0,0,0,23,5
0,1,0,17.2,0,0,19,15,0
10,2,10,16.1,0,0,0,25,6
9,0,9,13.9,0,0,6,18,8
1,1,1,13.1,0,0,0,0,0
23,6,23,16.3,0,0,0,19,7
1,4,1,15.2,0,0,10,22,11
18,3,18,29.4,0,1,20,3,15
11,6,11,25.3,0,1,0,31,5
23,0,23,9.4,0,0,0,19,0
9,5,9,19.9,0,1,0,11,5
13,6,13,27.8,0,0,4,13,5
17,4,17,16.0,0,0,0,9,6
11,4,11,18.5,0,0,20,19,15
11,5,11,16.9,0,0,0,41,5
6,4,6,7.2,0,0,1,1,7
5,4,5,17.1,0,0,4,13,4
2,5,2,16.1,0,0,20,6,15
7,0,7,10.0,0,0,0,7,6
6,4,6,13.2,0,0,0,55,5
1,5,1,14.5,0,0,16,32,14
5,0,5,13.8,0,0,0,10,6
1,3,1,14.4,0,0,2,2,8
13,1,13,16.5,0,0,13,6,5
10,3,10,25.0,0,1,0,24,5
23,0,23,10.9,0,0,0,36,0
16,5,16,32.5,0,0,4,23,4
0,1,0,15.8,0,0,8,19,10
18,2,18,11.4,0,0,0,13,6
1,2,1,11.6,0,0,20,19,15
21,4,21,12.5,0,0,0,10,6
18,0,18,23.8,0,0,4,30,4
16,5,16,19.7,0,0,0,22,7
0,2,0,11.3,0,0,2,2,8
19,2,19,20.9,0,0,5,30,1
13,1,13,17.7,0,0,0,31,5
10,3,10,23.9,0,1,25,51,21
5,4,5,16.5,0,0,2,2,8
6,4,6,8.4,1,2,0,19,0
14,3,14,23.5,0,0,0,24,5
14,0,14,14.8,0,0,13,6,6
11,5,11,21.6,0,0,0,16,0
17,6,17,18.2,0,0,5,23,4
22,3,22,12.7,0,0,15,19,13
9,6,9,18.2,0,0,20,6,15
7,5,7,9.9,0,0,0,11,6
18,1,18,8.3,0,0,0,5,6
12,0,12,15.8,0,0,0,29,6
1,4,1,12.1,0,0,13,6,6
4,2,4,6.0,0,0,0,8,6
15,0,15,30.7,0,1,0,4,5
14,5,14,14.5,0,0,13,99,1
11,1,11,22.4,0,0,0,31,6
12,0,12,14.3,0,0,0,12,5
12,6,12,20.7,0,0,9,21,11
8,6,8,4.1,0,0,4,9,1
0,5,0,16.4,0,0,6,18,8
8,6,8,11.3,0,0,0,20,5
8,3,8,17.5,0,1,0,5,5
0,4,0,16.8,0,0,13,6,5
5,4,5,14.6,0,0,4,1,1
21,6,21,22.6,0,1,4,10,4
6,1,6,5.9,0,0,0,31,5
20,4,20,20.2,0,0,0,20,5
1,1,1,16.1,0,0,10,22,11
15,6,15,31.9,0,1,5,30,1
6,6,6,10.8,0,0,5,6,4
5,0,5,9.6,0,0,4,9,1
17,2,17,8.8,0,0,0,25,6
12,3,12,21.7,0,0,10,22,11
11,4,11,13.8,0,0,0,9,6
17,1,17,9.4,0,0,0,18,5
15,4,15,27.9,0,0,0,13,6
4,1,4,11.5,0,0,0,13,5
16,2,16,20.5,0,0,1,1,1
14,1,14,16.7,0,0,0,3,6
16,0,16,30.5,0,0,0,7,6
5,4,5,15.0,0,0,5,5,5
10,2,10,8.5,0,0,0,20,6
8,6,8,8.5,0,0,5,10,1
15,4,15,26.4,0,0,5,12,1
7,1,7,9.3,0,1,0,12,5
18,3,18,25.8,0,0,0,9,5
8,5,8,2.8,0,0,0,28,5
2,4,2,8.3,1,2,14,5,12
5,1,5,5.9,0,0,0,10,6
22,1,22,2.9,0,0,16,32,14
5,5,5,11.2,0,0,5,5,4
7,1,7,9.5,0,0,0,29,6
9,2,9,16.6,0,1,0,16,0
0,4,0,12.2,0,0,0,8,6
2,1,2,5.6,0,0,1,39,5
11,3,11,10.0,0,0,0,89,7
11,3,11,9.8,0,0,6,30,19
4,0,4,14.9,0,0,0,31,6
8,1,8,8.5,0,0,5,10,1
4,4,4,10.0,0,0,36,63,3
5,2,5,8.8,0,0,0,13,6
7,3,7,12.6,0,1,0,7,5
17,1,17,28.4,0,0,4,45,1
14,3,14,25.3,0,0,0,12,5
14,1,14,20.6,0,0,5,25,1
15,2,15,28.3,0,1,13,4,4
7,3,7,10.7,0,0,5,10,4
16,3,16,13.1,0,0,0,25,5
13,1,13,11.7,1,2,5,6,1
7,5,7,11.9,0,0,0,23,6
8,2,8,9.2,0,0,6,18,27
17,5,17,28.4,0,1,0,10,6
5,3,5,13.8,0,0,4,10,4
12,2,12,27.3,0,0,10,38,10
16,0,16,32.2,0,1,0,7,5
12,6,12,24.8,0,0,0,6,6
14,0,14,24.4,0,1,0,14,5
9,1,9,19.8,0,0,5,12,1
15,0,15,14.4,0,0,0,12,5
9,1,9,6.4,0,0,0,8,6
5,0,5,12.9,0,0,4,13,4
11,6,11,11.2,0,0,0,19,7
23,2,23,8.0,0,0,5,29,1
16,3,16,14.3,0,0,0,1,7
13,0,13,18.0,0,0,5,12,1
12,3,12,12.1,0,0,5,48,4
11,3,11,10.5,1,2,5,20,1
7,4,7,3.5,0,0,4,12,4
8,4,8,11.2,0,1,0,12,5
17,1,17,5.1,0,0,5,23,4
13,0,13,8.7,0,0,5,41,1
19,2,19,17.0,0,1,13,6,6
23,6,23,11.1,0,0,5,6,1
15,2,15,11.9,0,0,5,20,4
23,2,23,11.4,1,2,4,13,1
11,4,11,8.6,0,0,0,13,6
16,4,16,13.3,0,0,4,30,1
18,0,18,26.0,0,0,20,19,15
16,4,16,28.3,0,1,23,43,0
23,3,23,15.4,0,0,6,18,8
13,1,13,11.9,0,0,0,9,6
9,6,9,10.8,0,0,4,12,5
8,3,8,4.6,0,0,13,6,6
22,2,22,7.7,0,0,0,26,6
14,3,14,14.8,0,0,25,51,22
11,0,11,11.6,0,0,5,7,4
5,3,5,10.6,0,0,5,29,1
17,5,17,17.6,0,0,0,9,6
13,4,13,10.7,0,0,12,27,0
5,2,5,15.8,0,0,4,1,1
8,2,8,6.7,0,0,0,12,6
13,2,13,14.7,0,0,0,31,5
3,0,3,12.5,0,0,2,2,2
18,2,18,13.6,0,0,0,31,6
8,3,8,17.2,0,0,5,12,1
7,3,7,4.3,0,0,4,6,1
20,0,20,26.0,0,1,39,19,12
13,4,13,28.3,0,1,10,22,11
14,1,14,13.9,0,0,0,6,6
16,6,16,28.3,0,1,0,31,6
19,3,19,20.5,0,0,5,30,1
13,2,13,14.6,0,0,5,7,1
16,4,16,15.5,0,1,39,19,12
5,3,5,7.9,0,0,2,2,8
6,4,6,6.9,0,0,5,18,1
12,3,12,22.4,0,0,9,21,11
22,1,22,11.6,0,0,10,38,10
11,6,11,17.4,0,0,0,19,0
13,2,13,13.4,0,0,6,18,8
11,1,11,24.9,0,0,0,13,5
4,1,4,12.7,0,0,2,2,8
13,1,13,11.1,0,0,5,7,1
14,5,14,15.1,0,0,13,6,6
8,4,8,7.4,1,2,0,22,0
13,3,13,17.6,0,0,20,3,15
12,0,12,16.8,0,0,0,5,6
20,4,20,14.4,0,0,0,9,6
15,0,15,26.0,0,0,0,9,5
14,5,14,16.6,0,1,5,14,1
10,1,10,18.2,0,0,5,14,1
6,1,6,5.8,0,0,1,1,7
11,0,11,8.7,0,0,42,86,41
18,5,18,22.8,0,0,21,3,0
12,3,12,14.4,0,0,0,24,5
0,4,0,19.9,0,0,18,34,11
12,3,12,21.8,0,0,9,21,11
5,0,5,13.6,0,0,0,31,5
7,6,7,11.4,0,0,0,9,6
22,5,22,8.0,0,0,15,19,7
4,0,4,8.3,0,0,0,5,6
8,1,8,8.9,0,0,0,13,5
11,0,11,18.2,0,0,0,6,0
1,0,1,15.7,0,0,0,6,5
15,6,15,28.7,0,0,1,1,1
12,4,12,11.3,0,0,0,9,6
4,4,4,9.3,0,0,0,13,5
6,1,6,18.1,0,0,0,9,6
12,1,12,24.1,0,0,0,25,6
8,0,8,5.8,0,0,0,11,5
23,0,23,16.0,0,1,15,37,7
5,2,5,3.6,0,0,0,13,5
15,5,15,17.3,0,0,0,16,7
15,6,15,23.3,0,0,0,44,6
15,2,15,30.2,0,0,0,29,5
18,2,18,28.0,0,0,13,5,5
10,4,10,25.6,0,1,0,29,5
16,3,16,22.0,0,0,0,5,6
8,1,8,9.1,0,0,0,9,6
17,6,17,30.3,0,1,25,51,23
14,6,14,22.0,0,1,31,63,12
1,4,1,12.6,0,0,16,32,14
7,5,7,5.2,0,0,1,1,7
5,6,5,15.8,0,0,5,31,4
23,6,23,8.7,0,0,0,15,7
14,5,14,15.8,0,0,1,1,1
1,3,1,17.6,0,0,2,2,8
22,0,22,23.8,0,1,0,7,5
15,0,15,16.5,0,0,4,13,1
20,1,20,12.1,0,0,5,13,1
22,6,22,11.1,0,0,6,18,8
15,3,15,17.2,0,0,0,5,6
17,6,17,34.2,0,0,0,24,5
8,2,8,5.3,0,0,0,3,6
0,4,0,16.6,0,0,0,36,7
6,2,6,13.3,0,0,4,6,4
3,3,3,12.1,1,2,0,31,6
12,3,12,28.3,0,1,6,30,19
14,4,14,12.2,0,0,0,12,6
18,0,18,23.3,0,0,5,23,4
8,2,8,4.9,0,0,13,6,6
12,2,12,14.6,0,0,0,41,5
0,3,0,16.3,0,0,0,1,7
5,5,5,14.6,0,0,4,4,4
11,3,11,10.1,0,0,0,10,6
5,1,5,8.2,0,0,0,31,6
17,4,17,27.3,0,0,14,19,16
18,2,18,19.5,0,0,0,31,6
16,1,16,20.5,0,0,0,23,5
17,4,17,30.2,0,0,0,25,5
11,0,11,11.5,0,0,0,12,6
16,2,16,19.8,0,0,0,23,6
18,6,18,31.6,0,1,0,30,5
10,3,10,16.7,0,1,6,18,8
7,6,7,10.2,0,0,0,13,6
14,0,14,17.2,0,0,5,10,1
21,6,21,22.0,0,0,5,10,1
5,3,5,15.0,0,0,4,31,4
19,1,19,33.0,0,1,13,6,6
0,1,0,14.7,0,0,13,6,5
14,4,14,30.2,0,1,4,3,5
4,4,4,8.3,1,2,2,2,2
5,5,5,13.6,0,0,4,1,1
8,0,8,9.9,0,0,4,20,5
13,0,13,29.8,0,0,25,8,22
13,1,13,29.3,0,0,5,24,4
5,0,5,15.2,0,0,5,29,1
19,0,19,16.8,0,0,0,22,0
11,1,11,21.2,0,0,7,110,54
8,4,8,7.1,1,2,28,7,0
16,1,16,18.9,0,0,5,9,1
8,0,8,11.8,0,0,14,19,16
14,4,14,16.1,0,0,0,3,6
10,4,10,17.6,0,0,0,29,6
3,3,3,13.2,0,0,1,39,1
12,0,12,25.8,0,1,7,65,9
17,2,17,20.0,0,0,0,5,6
0,3,0,8.0,0,0,0,15,7
19,0,19,15.9,1,2,2,2,2
0,0,0,11.6,0,0,20,19,15
16,0,16,11.9,0,0,0,18,5
14,1,14,29.5,0,1,0,11,5
16,4,16,28.6,0,1,0,28,5
8,6,8,18.5,0,1,0,18,5
16,3,16,28.5,0,0,23,43,0
16,6,16,29.3,0,1,23,43,0
17,2,17,28.0,0,1,0,30,5
16,3,16,18.4,1,2,5,9,1
10,2,10,17.5,0,1,0,29,5
5,2,5,14.3,0,0,4,23,1
12,0,12,18.9,0,0,10,22,11
8,2,8,3.1,0,0,5,13,1
0,3,0,13.3,0,0,0,0,0
9,4,9,16.2,0,0,0,6,6
22,6,22,10.7,0,0,13,6,6
15,4,15,26.4,0,0,0,13,6
14,0,14,15.4,0,0,0,3,5
11,1,11,8.5,0,0,5,10,4
8,6,8,8.2,0,0,4,12,5
11,1,11,18.0,0,0,0,16,0
21,1,21,23.7,0,1,0,7,5
4,5,4,8.5,0,0,5,5,4
15,5,15,29.4,0,0,20,19,15
7,0,7,11.6,0,0,0,8,6
12,1,12,15.7,0,0,0,12,6
3,0,3,12.8,0,0,2,2,2
15,5,15,24.2,0,1,0,3,5
10,3,10,10.5,0,0,7,26,37
1,0,1,17.4,0,0,0,0,0
11,1,11,20.8,0,1,0,29,5
13,5,13,29.0,0,0,0,48,6
12,1,12,24.2,0,0,4,54,1
11,4,11,23.2,0,0,0,4,5
10,0,10,21.3,0,0,0,9,6
13,6,13,16.6,0,0,0,29,6
15,2,15,20.2,0,0,0,5,6
8,6,8,6.3,0,0,0,18,5
12,3,12,22.4,0,0,0,20,5
14,5,14,14.6,0,0,0,3,6
5,0,5,13.2,0,0,0,9,6
15,5,15,16.6,0,0,21,71,5
10,6,10,9.1,0,0,0,31,6
10,5,10,12.5,0,0,28,7,0
7,1,7,8.2,0,0,4,20,4
14,2,14,19.8,0,0,5,9,4
11,2,11,23.8,0,0,7,47,18
7,1,7,7.0,0,0,0,12,6
8,5,8,17.6,0,1,0,18,5
18,6,18,13.9,0,0,13,6,6
16,2,16,19.5,0,0,0,5,6
18,3,18,26.7,0,0,0,23,6
18,6,18,24.1,0,0,0,10,5
11,6,11,16.2,0,0,0,13,6
16,6,16,20.3,0,0,12,27,0
1,1,1,13.2,0,0,0,0,0
11,2,11,26.8,0,1,0,24,5
5,2,5,15.4,0,0,0,31,6
3,4,3,16.7,0,0,13,6,4
18,6,18,9.3,0,0,0,12,5
12,1,12,22.6,0,0,6,18,8
0,0,0,18.2,0,0,24,7,15
8,1,8,9.4,0,0,0,12,6
22,2,22,10.6,0,0,42,118,41
8,2,8,14.3,0,1,0,4,5
18,6,18,11.3,0,0,0,25,6
1,2,1,0.0,0,0,0,46,0
5,4,5,12.2,0,0,5,106,1
22,4,22,18.4,0,0,14,19,12
8,4,8,5.0,0,0,6,18,27
12,5,12,13.8,0,0,9,21,11
17,0,17,30.2,0,0,0,25,6
7,5,7,12.7,0,0,0,13,5
9,5,9,16.5,0,1,4,39,1
11,0,11,15.4,0,0,0,4,6
7,0,7,11.0,0,0,0,26,5
12,4,12,9.3,0,0,0,31,6
17,2,17,19.2,0,0,0,25,6
10,3,10,21.1,0,1,0,3,5
8,1,8,8.9,0,0,4,5,5
8,4,8,7.5,0,0,7,20,20
9,5,9,14.3,0,0,0,11,5
7,4,7,4.8,0,0,22,19,15
12,6,12,16.3,0,0,5,41,1
23,2,23,10.3,0,0,14,19,12
8,3,8,21.0,0,1,0,18,5
10,5,10,7.5,0,0,0,41,5
4,6,4,9.3,0,0,20,6,15
9,3,9,11.7,0,0,22,19,15
12,0,12,14.2,0,0,5,12,1
4,6,4,5.7,0,0,5,5,4
23,6,23,15.4,0,0,19,15,0
23,5,23,17.3,0,0,19,15,0
5,6,5,13.3,0,0,0,8,6
18,5,18,22.9,0,0,0,13,6
5,4,5,11.7,0,0,0,31,6
7,0,7,11.1,0,0,4,5,4
21,4,21,12.7,0,1,18,34,11
7,6,7,0.2,0,0,29,3,30
9,5,9,19.1,0,0,5,10,4
9,6,9,12.5,0,0,0,30,5
20,4,20,14.3,0,0,0,8,5
6,1,6,4.5,0,0,4,18,1
19,1,19,13.0,0,0,4,18,1
8,2,8,4.5,0,0,5,10,1
1,0,1,11.1,0,0,13,6,5
13,2,13,28.0,0,0,0,12,6
11,2,11,22.5,0,1,0,10,5
16,0,16,16.0,0,1,0,12,5
10,6,10,8.8,0,0,0,61,0
14,4,14,30.5,0,1,14,19,16
14,5,14,26.0,0,0,27,11,32
14,3,14,9.6,1,2,5,29,1
15,3,15,18.2,0,0,0,3,5
22,4,22,22.0,0,0,0,8,6
6,0,6,13.6,0,0,25,51,23
13,2,13,8.7,0,0,12,27,0
14,6,14,28.1,0,1,6,18,8
5,4,5,7.0,0,0,0,40,5
5,1,5,5.6,0,0,0,9,6
18,0,18,22.7,0,0,0,10,6
1,0,1,12.3,0,0,2,2,8
12,6,12,14.3,0,0,9,21,11
9,5,9,8.7,0,0,21,3,5
8,0,8,8.7,0,0,0,29,6
13,2,13,16.2,0,0,5,7,1
8,5,8,5.9,0,0,0,26,6
7,2,7,9.0,0,0,0,12,6
13,2,13,10.8,0,0,6,18,27
9,3,9,23.5,0,0,0,17,5
10,0,10,20.1,0,0,0,19,0
13,1,13,27.0,0,1,0,10,6
6,5,6,14.6,0,0,0,8,5
21,6,21,15.2,0,0,0,3,6
7,1,7,11.5,0,0,5,10,1
13,2,13,18.9,0,0,4,9,4
0,2,0,14.5,0,0,15,37,7
6,0,6,9.8,0,0,0,31,6
22,4,22,12.4,0,0,20,3,15
12,0,12,26.5,0,1,0,5,6
10,2,10,16.4,0,1,0,3,5
6,2,6,9.1,0,0,5,6,1
8,6,8,8.4,0,0,4,10,4
5,4,5,9.9,0,0,0,31,6
14,2,14,19.4,0,0,5,13,1
15,3,15,26.6,0,0,13,99,6
14,5,14,17.5,0,0,0,12,6
13,0,13,10.9,0,0,5,7,1
8,4,8,10.2,0,1,0,12,5
9,6,9,19.7,0,1,21,3,5
23,0,23,14.0,0,0,0,19,0
6,2,6,8.0,0,0,21,3,5
7,0,7,2.6,0,0,0,12,6
19,6,19,9.8,0,0,0,22,0
0,3,0,12.7,0,0,0,8,5
5,2,5,10.8,0,0,0,13,6
22,3,22,11.3,0,0,6,18,8
13,1,13,27.1,0,1,12,27,0
19,6,19,29.2,1,0,7,53,9
13,4,13,19.5,0,0,5,7,1
18,2,18,7.2,0,0,13,5,5
12,5,12,18.3,0,0,10,22,11
4,2,4,8.0,0,0,0,9,6
5,3,5,11.5,0,0,0,26,6
11,1,11,25.0,0,0,0,9,6
16,0,16,16.1,0,0,0,7,6
17,6,17,21.0,0,0,0,6,6
7,3,7,18.1,0,0,0,25,5
8,6,8,14.4,0,0,5,11,1
19,3,19,15.5,0,0,0,10,5
7,4,7,8.0,1,2,6,18,8
20,2,20,12.3,0,0,0,13,5
8,2,8,11.1,0,0,0,25,6
17,5,17,14.2,0,0,0,22,7
15,4,15,26.2,0,0,1,1,1
7,2,7,5.8,0,0,0,12,5
18,3,18,17.0,0,0,21,3,0
16,4,16,25.1,0,0,23,43,0
0,2,0,12.1,0,0,0,15,7
7,2,7,16.0,0,1,11,60,3
23,6,23,7.8,0,0,0,36,0
4,5,4,5.8,0,0,0,44,5
20,4,20,6.9,0,0,5,3,1
9,4,9,21.9,0,0,0,6,6
10,3,10,21.5,0,1,7,24,37
6,0,6,4.4,0,0,4,9,1
13,6,13,23.5,0,0,0,20,6
5,6,5,5.0,0,0,7,26,24
6,0,6,0.9,0,0,4,13,1
11,1,11,14.0,0,0,0,13,6
21,3,21,23.1,0,1,0,7,5
13,1,13,10.7,0,0,0,31,5
16,6,16,29.9,0,0,14,19,16
7,2,7,8.8,0,0,0,8,6
4,6,4,13.4,0,0,0,5,5
21,3,21,20.2,0,1,0,7,5
5,1,5,16.2,0,0,4,5,1
18,1,18,28.5,0,1,0,18,5
12,2,12,17.9,0,0,6,18,27
0,2,0,14.2,0,0,18,34,11
23,4,23,7.5,0,0,0,35,0
22,0,22,14.0,0,0,6,18,8
19,3,19,23.8,0,0,5,30,1
18,1,18,26.9,0,0,21,3,0
11,5,11,13.2,0,0,20,19,15
13,6,13,19.3,0,0,0,23,5
16,5,16,26.4,0,0,21,71,5
8,0,8,0.8,0,0,6,18,27
19,2,19,13.0,0,0,0,29,5
20,5,20,10.0,0,0,0,7,5
14,1,14,27.1,0,1,0,12,5
5,2,5,9.6,0,0,0,13,6
15,1,15,30.9,0,1,0,8,5
18,0,18,30.6,0,1,0,12,5
8,5,8,7.9,0,0,0,3,6
12,6,12,24.6,0,1,0,12,6
6,3,6,19.3,0,1,5,7,5
6,0,6,10.4,0,0,13,6,6
19,0,19,27.0,0,0,0,26,6
16,0,16,27.4,0,0,0,1,7
22,0,22,17.4,0,1,6,18,8
6,3,6,5.4,0,0,4,64,1
16,5,16,15.2,0,0,0,6,7
9,0,9,20.5,0,0,14,3,12
4,6,4,2.5,0,0,2,2,8
14,5,14,28.1,0,0,0,20,6
19,4,19,26.0,0,1,5,18,5
8,2,8,20.4,0,1,0,4,5
8,0,8,8.2,0,0,0,4,5
4,5,4,15.7,0,0,20,6,15
4,4,4,12.4,0,0,0,13,6
13,2,13,18.6,0,0,5,7,1
21,4,21,8.4,0,0,0,26,5
9,1,9,7.3,0,0,4,9,1
12,6,12,29.7,0,0,0,5,5
11,6,11,17.0,0,0,5,10,4
19,0,19,21.6,0,0,0,48,6
5,5,5,13.3,0,0,4,1,1
21,3,21,25.2,0,1,5,10,1
1,4,1,12.3,0,0,0,46,0
16,4,16,27.2,0,0,13,4,6
19,0,19,20.5,0,0,5,13,1
12,4,12,18.1,0,0,0,12,6
23,4,23,8.5,0,0,0,26,5
20,1,20,13.3,0,0,0,26,6
11,2,11,10.0,0,0,5,10,4
22,2,22,9.2,0,0,16,32,14
16,1,16,33.6,0,1,14,72,16
6,1,6,11.4,0,0,0,10,6
4,4,4,7.3,0,0,5,5,4
12,2,12,17.7,0,0,0,23,6
8,0,8,7.2,0,0,0,10,6
14,4,14,18.4,0,0,12,27,0
5,2,5,5.0,0,0,4,5,4
18,3,18,32.2,0,0,0,25,6
21,5,21,20.8,0,1,15,19,7
7,5,7,0.8,0,0,0,29,6
0,4,0,4.4,0,0,2,2,8
12,2,12,25.2,0,1,0,5,5
0,3,0,15.0,0,0,0,1,10
17,3,17,29.0,0,1,0,29,5
9,1,9,4.2,0,0,5,10,1
18,6,18,22.5,0,0,0,30,5
8,4,8,11.7,0,0,5,10,1
0,4,0,11.9,0,0,0,10,6
5,1,5,8.3,0,0,4,4,4
13,5,13,25.7,0,0,0,3,5
6,1,6,11.4,0,0,13,6,6
12,1,12,26.6,0,1,0,14,5
8,1,8,11.2,0,1,6,18,8
8,4,8,0.5,0,0,0,5,6
15,4,15,26.3,0,0,13,6,6
18,4,18,12.0,0,0,0,12,6
9,3,9,17.6,0,1,0,18,5
8,0,8,17.1,0,1,0,25,6
5,0,5,8.8,0,0,4,5,4
7,3,7,3.9,0,0,0,7,5
17,5,17,35.6,0,1,0,12,6
16,5,16,15.5,0,0,0,29,6
23,6,23,13.8,0,0,0,35,7
14,5,14,29.5,0,1,0,12,6
1,6,1,15.2,0,0,14,19,12
10,3,10,15.8,0,0,0,11,5
21,5,21,16.1,0,0,26,58,7
4,2,4,12.1,0,0,0,9,5
23,4,23,17.4,0,0,19,15,0
12,2,12,14.4,0,0,0,20,5
16,3,16,26.6,0,0,0,31,5
8,0,8,6.6,0,0,0,28,5
12,2,12,17.8,0,0,0,12,6
14,5,14,18.5,0,0,13,99,5
15,5,15,26.0,0,0,0,44,6
15,3,15,22.8,0,0,0,44,5
17,6,17,29.1,0,0,4,30,1
16,5,16,29.7,0,0,0,13,6
10,5,10,21.8,0,1,0,17,5
1,2,1,3.1,0,0,0,6,5
14,5,14,29.7,0,0,5,24,1
7,4,7,13.9,0,0,8,19,10
9,6,9,9.3,0,0,0,13,5
16,1,16,29.7,0,0,4,31,4
8,6,8,12.2,0,0,21,3,5
15,3,15,30.2,0,1,0,44,5
16,4,16,32.9,0,1,0,7,5
15,6,15,16.5,0,0,0,20,6
4,4,4,8.3,0,0,0,10,5
19,5,19,24.9,0,0,13,6,5
12,3,12,28.3,0,0,73,6,26
15,0,15,18.3,0,0,1,1,1
5,5,5,15.5,0,0,4,29,5
8,4,8,7.0,0,0,14,19,12
0,5,0,15.4,0,0,4,13,4
12,5,12,26.2,0,1,20,19,15
14,6,14,28.0,0,1,10,22,11
23,2,23,10.9,0,0,0,35,7
5,6,5,13.1,0,0,5,5,5
6,5,6,9.5,0,0,0,31,5
12,2,12,15.6,0,0,0,18,5
0,3,0,3.4,0,0,0,8,5
5,4,5,12.0,0,0,0,9,6
13,3,13,14.4,0,0,5,7,1
14,0,14,8.2,0,0,6,18,27
13,2,13,12.5,0,0,0,31,6
14,4,14,23.6,0,0,0,10,5
4,4,4,5.2,0,0,21,3,5
8,3,8,2.0,0,0,4,10,1
0,2,0,8.6,0,0,0,15,7
9,2,9,20.7,0,1,0,12,5
9,2,9,9.7,0,0,4,13,4
0,0,0,13.2,0,0,15,37,7
15,2,15,17.2,0,1,0,5,6
7,2,7,13.3,0,0,0,41,5
0,1,0,16.0,0,0,0,35,0
15,3,15,21.0,0,1,5,14,1
16,3,16,17.9,0,0,0,14,5
8,5,8,5.5,0,0,0,20,5
18,5,18,30.6,0,0,0,3,0
7,6,7,15.0,0,0,20,7,15
10,0,10,13.1,0,0,0,3,5
7,1,7,10.3,0,1,0,7,5
7,4,7,12.0,0,0,0,29,6
12,1,12,28.4,0,1,5,10,4
5,3,5,7.0,0,0,4,13,4
1,1,1,17.2,0,0,10,22,11
8,1,8,22.0,0,0,0,18,5
23,6,23,19.5,0,1,18,34,11
9,4,9,20.1,0,0,0,17,5
13,0,13,7.8,0,0,0,41,5
0,6,0,20.9,0,0,4,29,1
19,1,19,24.6,0,0,13,5,5
4,4,4,11.2,0,0,0,5,6
6,4,6,8.1,0,0,13,109,1
23,3,23,7.5,0,0,0,15,7
5,5,5,4.6,0,0,21,3,5
21,5,21,10.8,0,0,21,3,5
16,2,16,28.8,0,1,0,6,5
5,1,5,14.8,0,0,4,10,1
11,5,11,23.5,0,0,5,10,4
8,4,8,8.5,0,0,0,18,5
11,2,11,15.4,0,0,0,31,5
11,4,11,11.8,0,0,0,9,6
6,1,6,8.9,0,0,13,6,6
4,4,4,8.1,0,0,0,26,6
16,4,16,20.3,0,0,0,28,5
11,5,11,24.7,0,1,0,24,5
20,6,20,8.3,0,0,4,13,5
7,5,7,11.4,0,0,5,10,1
21,3,21,22.9,0,1,0,8,5
15,3,15,16.2,0,0,1,1,1
5,4,5,13.4,0,0,21,3,14
18,6,18,29.0,0,1,4,5,5
11,3,11,10.8,0,0,13,6,6
8,3,8,10.5,0,0,4,13,4
12,6,12,25.1,0,1,28,7,0
1,6,1,12.0,0,0,14,19,16
8,4,8,3.8,0,0,0,6,6
2,1,2,10.1,0,0,5,4,1
7,1,7,11.6,0,0,0,12,6
13,1,13,9.9,1,2,5,6,5
21,3,21,9.6,0,0,5,29,1
5,3,5,5.9,0,0,21,3,5
5,0,5,9.4,0,0,0,31,5
18,5,18,35.5,0,1,0,20,6
11,3,11,23.3,0,1,0,14,5
10,1,10,19.4,0,0,0,31,5
14,4,14,17.5,0,0,0,20,6
15,2,15,29.3,0,1,0,12,5
7,6,7,14.9,0,0,0,41,5
14,0,14,18.9,0,0,0,24,5
18,1,18,11.9,0,0,13,5,4
6,4,6,14.8,0,0,0,55,5
18,2,18,12.6,0,0,13,5,1
19,4,19,25.5,0,1,4,30,4
11,3,11,13.4,0,0,4,54,1
14,1,14,19.1,0,0,5,20,1
8,1,8,3.9,0,0,0,12,6
10,0,10,24.8,0,1,0,31,5
9,5,9,1.6,0,0,0,13,6
7,1,7,11.8,0,1,0,16,7
6,3,6,13.8,0,0,4,64,1
17,1,17,24.4,0,1,0,18,5
10,1,10,19.8,0,1,0,12,6
14,1,14,28.0,0,0,0,3,6
13,3,13,14.7,0,0,4,10,4
20,1,20,13.5,0,0,0,31,6
11,3,11,24.0,0,1,0,10,6
18,1,18,12.1,0,0,0,12,6
17,6,17,21.7,0,0,0,25,6
16,3,16,24.4,0,0,0,1,7
22,3,22,18.5,0,1,6,18,8
16,4,16,7.4,0,0,0,28,5
15,6,15,15.8,0,0,23,43,0
7,2,7,11.5,0,0,5,10,1
1,3,1,17.2,0,0,0,6,5
13,6,13,13.6,0,0,21,3,5
23,2,23,6.1,0,0,0,36,7
22,5,22,20.8,0,0,16,32,14
12,2,12,11.6,0,0,0,29,6
6,1,6,4.9,0,0,4,31,1
4,3,4,5.3,0,0,0,31,5
8,1,8,4.9,0,0,0,6,6
12,0,12,27.1,0,0,0,13,6
19,1,19,4.2,0,0,0,25,5
12,1,12,24.9,0,1,0,12,6
11,0,11,23.4,0,0,4,13,1
12,1,12,21.6,0,0,2,2,2
11,1,11,10.0,0,0,0,20,6
16,4,16,12.8,0,0,0,22,7
12,3,12,15.9,1,2,4,9,1
16,2,16,21.1,0,0,21,3,0
3,1,3,11.3,0,0,1,39,1
22,4,22,7.2,1,2,2,2,8
22,2,22,16.1,0,0,0,3,6
18,3,18,12.2,0,0,0,25,6
1,4,1,16.3,0,0,0,1,7
22,6,22,10.6,0,0,0,8,6
12,3,12,29.1,0,1,0,11,5
6,5,6,14.8,0,1,4,6,4
15,0,15,27.9,0,0,0,3,5
22,4,22,17.8,0,1,0,8,5
5,4,5,14.5,0,0,5,4,1
14,0,14,19.4,0,1,20,19,15
12,5,12,8.9,0,0,0,5,6
22,1,22,9.2,0,0,6,18,27
22,6,22,8.6,0,0,13,6,4
14,1,14,27.8,0,0,4,31,4
12,5,12,12.8,0,0,4,18,1
20,6,20,13.0,0,0,0,29,6
12,4,12,22.8,0,1,0,5,5
13,1,13,26.2,0,1,20,19,15
19,2,19,7.8,0,0,0,9,5
13,1,13,28.9,0,0,0,6,6
5,2,5,13.4,0,0,0,9,6
16,4,16,23.3,0,0,14,19,15
4,2,4,10.1,0,0,0,8,5
16,3,16,10.6,0,0,0,18,5
13,5,13,16.7,0,0,4,29,5
8,0,8,8.2,0,0,0,3,5
8,2,8,9.5,0,0,0,3,5
5,0,5,8.3,0,0,0,10,5
13,1,13,29.5,0,1,12,27,0
8,2,8,9.6,0,0,0,13,6
17,0,17,30.9,0,1,0,9,6
3,4,3,10.1,0,0,3,3,3
19,6,19,30.9,0,1,5,10,1
0,4,0,9.1,0,0,0,15,7
23,6,23,14.4,0,0,19,15,0
22,3,22,9.0,0,0,6,18,8
23,5,23,18.9,0,0,0,35,0
15,6,15,10.2,0,0,4,6,4
12,2,12,16.1,0,0,0,18,5
4,0,4,6.0,0,0,0,26,6
8,6,8,17.0,0,0,4,12,1
13,0,13,24.8,0,0,5,7,1
10,1,10,7.6,0,0,0,23,5
0,4,0,15.7,0,0,0,15,7
12,3,12,14.4,0,0,9,21,11
10,6,10,11.2,0,0,4,3,5
9,6,9,18.1,0,0,0,12,6
8,4,8,5.2,0,0,0,31,5
11,5,11,9.2,0,0,5,14,1
19,2,19,12.7,0,0,0,20,5
17,6,17,24.6,0,0,0,20,5
4,0,4,7.9,0,0,0,31,6
7,5,7,4.3,0,0,5,10,4
23,2,23,13.6,0,0,4,29,1
15,1,15,20.7,0,0,5,12,1
15,6,15,25.6,0,0,5,30,1
16,5,16,26.3,0,0,4,62,1
12,4,12,11.5,1,2,21,3,5
13,5,13,28.3,0,1,5,7,5
2,6,2,8.5,0,0,0,0,0
11,0,11,20.0,0,0,0,8,5
20,6,20,15.3,0,0,0,22,0
7,5,7,9.8,0,0,0,10,5
12,5,12,14.2,0,0,5,48,4
7,5,7,15.4,0,0,14,19,16
4,2,4,8.5,0,0,21,3,5
4,5,4,15.2,0,0,0,8,6
9,5,9,8.7,0,0,0,4,5
15,0,15,19.9,0,1,13,4,5
16,4,16,26.4,0,0,0,4,6
9,1,9,7.6,0,0,0,13,6
20,3,20,15.1,0,0,0,26,5
17,5,17,32.3,0,0,0,13,6
13,4,13,27.3,0,0,0,3,5
0,6,0,11.8,0,0,2,2,8
22,2,22,7.6,0,0,5,10,1
10,0,10,10.8,0,0,0,30,5
20,5,20,12.1,0,0,18,34,11
23,2,23,6.7,0,0,16,32,14
14,5,14,30.8,0,1,0,8,6
16,1,16,29.2,0,1,0,7,5
18,1,18,29.5,0,1,0,12,6
16,4,16,7.5,0,0,0,31,5
11,5,11,20.5,0,0,0,29,5
18,4,18,7.9,1,2,5,10,1
17,2,17,36.9,0,1,13,6,6
4,1,4,4.9,0,0,0,13,5
12,2,12,22.2,0,1,0,7,5
13,0,13,19.1,0,1,4,13,4
13,5,13,12.2,0,0,6,18,8
6,5,6,1.9,0,0,5,6,1
2,5,2,16.0,0,0,2,2,8
23,4,23,6.8,1,2,4,31,5
18,3,18,16.7,0,0,5,12,4
17,4,17,26.0,0,0,0,23,6
15,4,15,16.1,0,0,0,23,5
17,1,17,14.3,0,0,13,5,4
11,3,11,10.3,1,2,0,10,6
11,2,11,8.6,0,0,0,31,5
5,0,5,4.2,0,0,13,6,4
5,2,5,6.3,0,0,0,13,5
0,0,0,16.3,0,0,15,37,7
14,4,14,20.0,0,0,0,13,6
0,0,0,7.3,0,0,2,2,8
7,6,7,7.0,0,0,11,60,3
15,1,15,11.3,1,2,0,29,6
8,5,8,15.5,0,1,0,12,6
14,4,14,18.6,0,0,0,3,6
23,2,23,10.4,0,0,0,19,0
23,1,23,12.7,0,0,0,19,0
0,0,0,9.3,0,0,0,19,7
17,2,17,20.2,0,0,5,12,4
16,3,16,13.0,0,0,0,44,6
8,0,8,4.8,0,0,6,18,27
19,2,19,10.0,0,0,4,13,1
6,4,6,9.3,0,0,8,19,10
1,6,1,11.6,0,0,0,27,0
6,2,6,13.8,0,0,0,14,5
8,0,8,15.0,0,1,0,4,5
14,6,14,27.5,0,1,6,30,19
17,4,17,27.2,0,0,0,6,0
21,6,21,11.1,0,0,0,13,5
21,5,21,25.2,0,1,21,3,5
21,2,21,12.5,0,0,18,34,11
18,4,18,27.7,0,0,0,12,5
11,3,11,9.0,0,0,0,9,6
18,0,18,29.2,0,1,0,7,5
16,6,16,10.6,0,0,0,28,5
18,1,18,26.9,0,0,5,23,4
10,4,10,18.3,0,0,5,14,1
10,0,10,24.9,0,0,0,31,6
12,1,12,27.9,0,1,5,5,5
7,0,7,5.9,0,0,0,13,5
23,6,23,14.2,0,0,6,18,8
13,1,13,24.1,0,0,5,7,1
23,4,23,6.7,1,2,0,23,6
16,5,16,17.0,0,0,0,10,6
15,4,15,28.2,0,1,0,12,5
10,6,10,11.6,0,0,0,6,7
12,0,12,28.5,0,1,9,21,13
12,5,12,12.1,0,0,0,5,6
18,1,18,23.6,0,0,0,10,5
5,1,5,9.6,0,0,0,13,6
19,5,19,15.9,0,0,0,22,0
11,3,11,15.4,1,2,0,8,6
4,6,4,7.1,0,0,0,13,5
23,3,23,12.4,0,0,10,22,11
14,2,14,10.0,0,0,13,6,6
9,2,9,20.2,0,1,0,3,5
8,0,8,10.1,0,0,0,25,5
11,6,11,27.8,0,1,0,14,5
17,5,17,19.5,0,1,4,29,1
6,3,6,4.2,0,0,4,9,4
15,3,15,31.5,0,0,5,14,1
16,2,16,17.1,0,0,0,29,6
7,3,7,6.8,0,0,0,11,6
15,0,15,19.8,0,0,5,12,1
1,4,1,16.2,0,0,1,1,1
8,6,8,1.3,0,0,13,6,6
0,6,0,13.1,0,0,15,19,7
9,3,9,9.5,0,0,0,16,0
17,2,17,10.9,0,0,4,31,5
23,4,23,18.1,0,1,6,18,8
8,1,8,14.0,0,0,0,18,5
5,3,5,1.8,0,0,4,6,4
6,5,6,15.0,0,1,0,8,5
12,3,12,15.8,0,0,6,18,8
12,6,12,24.7,0,0,5,5,1
12,1,12,24.7,0,1,0,10,5
4,6,4,10.3,0,0,5,4,1
4,1,4,9.6,0,0,0,40,5
16,6,16,16.4,0,0,4,13,1
16,0,16,23.4,0,0,0,29,6
20,3,20,20.1,0,0,8,19,10
16,1,16,11.6,0,0,21,3,0
7,1,7,8.5,0,0,0,29,6
21,2,21,12.0,0,0,21,3,5
4,0,4,2.0,0,0,2,2,8
5,5,5,1.4,0,0,0,55,5
12,0,12,20.1,0,0,0,8,6
15,1,15,10.6,0,0,5,62,1
18,4,18,23.6,0,1,0,30,5
11,1,11,26.6,0,0,0,30,6
15,2,15,30.8,0,1,0,5,5
5,0,5,9.6,0,0,0,26,6
0,6,0,17.2,0,0,15,37,7
11,6,11,23.7,0,0,5,10,4
19,0,19,28.7,0,0,5,13,1
11,1,11,15.2,0,0,0,31,6
16,4,16,18.5,0,0,0,14,5
20,0,20,15.2,1,2,16,32,14
4,0,4,12.7,0,0,0,8,5
18,6,18,15.4,0,0,0,6,6
16,4,16,34.8,0,1,0,28,6
11,5,11,18.1,0,0,0,9,6
15,5,15,29.2,0,1,0,49,5
23,1,23,20.4,0,1,10,38,10
7,4,7,10.8,0,0,21,3,14
10,4,10,19.5,0,1,0,30,6
5,6,5,0.1,0,0,4,31,4
23,2,23,7.8,0,0,0,1,5
19,5,19,8.1,0,0,0,29,6
15,6,15,29.2,0,1,14,19,16
1,1,1,15.2,0,0,20,6,15
9,5,9,19.7,0,0,20,19,15
0,5,0,4.9,0,0,2,2,8
20,1,20,9.7,1,2,5,29,1
11,6,11,15.1,0,0,2,2,2
1,0,1,5.1,0,0,13,6,6
18,6,18,23.4,0,0,0,18,5
6,5,6,6.6,0,0,0,10,6
7,6,7,7.3,0,0,4,13,4
12,0,12,12.7,0,0,5,41,1
6,0,6,2.3,0,0,0,9,6
16,2,16,28.9,0,1,0,8,5
7,3,7,10.8,0,0,1,1,1
13,6,13,22.4,0,0,10,22,11
17,4,17,25.7,0,0,0,18,5
5,1,5,11.1,0,0,0,13,6
1,0,1,12.9,0,0,0,46,0
14,3,14,24.9,0,0,9,21,11
13,1,13,11.7,0,0,0,48,6
8,0,8,1.3,0,0,0,31,6
15,5,15,26.5,0,0,0,3,5
9,5,9,18.0,0,0,5,10,4
5,2,5,5.7,0,0,4,5,4
8,0,8,18.3,0,1,4,12,1
15,6,15,20.4,0,0,5,12,4
5,0,5,13.2,0,0,5,5,5
19,1,19,13.9,0,0,4,10,5
19,4,19,14.1,0,0,0,6,5
12,0,12,24.5,0,1,0,5,6
11,3,11,10.5,0,0,0,31,6
1,0,1,13.9,0,0,0,46,0
11,4,11,22.7,0,1,0,10,5
20,0,20,12.1,0,0,0,13,6
6,0,6,5.0,0,0,0,13,6
8,3,8,7.8,0,0,0,30,6
16,2,16,29.8,0,1,11,50,3
9,5,9,3.2,0,0,0,29,5
4,2,4,16.0,0,0,0,26,5
4,1,4,9.9,0,0,0,9,5
0,1,0,9.4,0,0,2,2,8
8,2,8,4.3,0,0,5,12,4
7,0,7,14.4,0,1,13,6,6
11,5,11,10.2,0,0,0,10,5
5,5,5,2.8,0,0,4,23,4
18,5,18,21.9,0,0,13,5,5
19,0,19,10.3,0,0,0,22,0
5,4,5,2.3,0,0,0,13,6
13,4,13,21.2,0,0,5,7,1
12,3,12,10.9,0,0,0,12,6
4,4,4,9.1,1,2,2,2,2
12,1,12,23.4,0,0,5,10,4
0,3,0,12.1,0,0,0,15,7
19,4,19,11.8,0,0,4,18,5
5,2,5,4.3,0,0,0,13,6
12,4,12,26.3,0,1,0,29,6
12,3,12,19.7,0,0,0,89,0
17,1,17,28.7,0,0,0,6,0
14,6,14,10.5,0,0,5,7,1
7,0,7,6.1,0,0,0,12,5
23,0,23,9.9,0,0,0,19,0
21,1,21,19.9,0,1,0,3,5
5,6,5,10.5,0,0,21,3,5
16,6,16,21.1,0,0,0,6,6
21,0,21,26.7,0,1,0,7,5
10,6,10,17.1,0,0,4,10,1
13,1,13,28.2,0,1,0,23,5
12,4,12,14.2,0,0,0,25,6
11,1,11,11.4,0,0,0,16,0
12,3,12,22.8,0,0,2,2,2
5,2,5,5.2,0,0,21,3,5
20,0,20,13.3,0,0,0,8,5
16,1,16,29.4,0,0,4,20,4
4,4,4,7.3,0,0,21,3,5
7,0,7,11.3,0,1,0,8,5
17,2,17,14.8,0,0,0,12,6
7,4,7,7.8,1,2,0,26,5
5,4,5,8.9,0,0,0,31,6
4,6,4,5.8,0,0,0,8,6
5,0,5,15.1,0,0,20,7,15
18,2,18,12.2,0,0,0,10,5
8,1,8,5.6,0,0,5,10,4
5,0,5,12.7,0,0,0,13,6
17,1,17,13.2,0,0,0,10,6
14,6,14,17.0,0,0,0,41,5
13,1,13,21.1,0,0,0,25,5
23,5,23,15.1,0,0,17,33,15
15,6,15,10.9,0,0,14,19,16
15,4,15,18.7,0,0,0,24,5
14,3,14,24.8,0,0,0,20,5
13,0,13,23.0,0,0,0,24,5
9,2,9,24.4,0,0,0,15,7
23,0,23,15.0,0,0,20,1,15
8,4,8,8.3,0,0,0,12,5
3,3,3,13.0,0,0,2,2,2
7,1,7,4.2,0,0,0,7,6
23,2,23,18.3,0,1,18,34,11
12,3,12,13.4,0,0,0,29,6
4,0,4,15.2,0,0,3,3,3
20,1,20,8.7,0,0,0,26,5
11,6,11,7.8,0,0,0,19,7
8,5,8,4.2,0,0,6,18,8
13,4,13,26.8,0,1,10,22,11
13,1,13,11.5,0,0,0,3,5
17,4,17,7.3,0,0,4,6,4
16,6,16,27.8,0,0,13,6,4
7,6,7,14.1,0,1,0,12,5
23,0,23,11.0,0,0,5,6,1
5,6,5,18.0,0,0,4,1,1
1,4,1,17.7,0,0,0,46,0
0,5,0,18.2,0,0,15,37,7
3,4,3,13.0,0,0,8,19,10
13,5,13,29.1,0,0,0,13,6
10,0,10,6.4,0,0,28,7,0
6,6,6,7.6,0,0,0,13,6
19,2,19,22.4,0,0,0,29,5
9,5,9,15.0,0,0,0,30,5
18,4,18,25.9,0,0,0,25,6
0,3,0,7.3,0,0,16,32,14
8,0,8,13.6,0,1,0,18,5
7,6,7,9.7,0,0,0,12,6
18,1,18,24.0,0,0,21,3,0
9,6,9,14.4,0,0,6,18,8
10,2,10,13.2,0,0,0,29,6
16,5,16,16.6,0,0,0,22,0
5,1,5,11.9,0,0,5,29,1
6,3,6,0.6,0,0,0,55,5
16,2,16,24.6,0,0,4,20,1
18,3,18,13.4,0,0,0,12,6
5,6,5,15.8,0,0,5,4,1
23,0,23,8.6,0,0,0,26,5
17,1,17,16.5,0,0,13,5,4
13,2,13,11.3,0,0,11,60,3
8,5,8,13.3,0,1,20,19,15
13,1,13,29.6,0,0,10,22,11
8,2,8,4.0,0,0,0,11,6
17,1,17,31.3,0,1,6,18,27
10,3,10,13.4,0,0,0,31,6
6,0,6,10.3,0,0,5,9,1
15,4,15,18.5,0,0,0,6,6
16,2,16,20.9,0,0,0,29,6
18,5,18,11.3,0,0,0,12,6
9,2,9,15.2,0,1,0,12,5
12,3,12,15.4,0,0,0,9,6
5,6,5,13.9,0,0,4,4,4
23,4,23,15.3,0,0,15,19,7
23,5,23,16.0,0,0,17,33,15
4,0,4,3.3,0,0,21,3,5
6,5,6,11.3,0,1,1,1,1
18,0,18,24.9,0,0,0,12,6
15,3,15,10.8,0,0,4,13,5
9,6,9,5.4,0,0,0,13,6
18,0,18,7.7,0,0,13,5,6
18,1,18,19.0,0,0,0,12,6
13,6,13,30.8,0,1,5,5,5
23,2,23,7.3,0,0,0,15,7
12,0,12,27.8,0,1,0,5,6
23,3,23,12.4,0,0,6,18,8
19,4,19,9.4,0,0,0,22,0
18,5,18,32.3,0,0,0,31,6
11,4,11,10.9,0,0,0,9,6
9,3,9,13.0,0,0,11,60,3
23,2,23,8.7,0,0,0,36,7
22,2,22,14.2,0,0,0,26,6
11,3,11,21.6,0,0,0,10,6
4,4,4,8.3,0,0,2,2,8
16,3,16,18.2,0,0,0,1,7
0,1,0,15.3,0,0,16,32,14
6,2,6,4.6,0,0,0,9,6
1,4,1,18.6,0,0,0,1,7
2,5,2,13.8,0,0,20,6,15
4,2,4,9.5,0,0,0,10,6
7,5,7,13.4,0,1,0,7,5
5,0,5,12.7,0,0,2,2,8
17,1,17,19.0,0,0,0,30,5
23,3,23,9.2,0,0,0,15,7
8,1,8,17.2,0,0,5,14,1
19,4,19,23.2,0,0,5,23,4
0,0,0,8.8,0,0,1,1,1
18,6,18,25.7,0,0,0,6,6
7,5,7,4.5,0,0,22,2,15
8,6,8,11.3,0,0,4,13,1
13,0,13,16.5,0,0,5,41,1
19,3,19,13.7,0,0,5,30,1
19,3,19,15.8,0,0,20,19,15
7,1,7,8.8,0,0,0,9,6
11,0,11,9.5,0,0,5,41,1
18,4,18,32.2,0,1,0,12,6
21,1,21,4.9,0,0,18,34,11
13,0,13,27.4,0,1,10,22,11
11,3,11,11.2,0,0,0,16,0
3,2,3,15.8,0,0,7,10,18
4,4,4,8.5,0,0,0,13,6
12,2,12,27.8,0,1,0,10,6
6,2,6,1.8,0,0,20,19,15
0,5,0,16.1,0,0,0,36,0
7,6,7,11.1,0,0,1,1,7
6,6,6,11.9,0,0,13,87,1
0,1,0,6.5,0,0,2,2,8
17,6,17,28.2,0,1,0,12,6
19,3,19,21.3,0,0,0,29,5
8,5,8,5.6,0,0,5,10,4
11,3,11,17.1,0,0,0,20,5
18,3,18,10.3,0,0,13,6,5
0,1,0,6.2,0,0,1,1,1
10,5,10,13.3,0,0,0,6,0
8,6,8,11.4,0,0,5,11,1
23,2,23,20.5,0,1,15,37,7
1,5,1,13.6,0,0,1,1,1
12,1,12,18.1,0,0,0,3,5
10,1,10,22.7,0,1,7,67,24
15,3,15,12.4,0,0,5,7,1
14,4,14,17.3,0,0,5,14,1
18,0,18,27.8,0,0,0,30,6
18,1,18,27.5,0,1,0,12,5
10,1,10,25.7,0,0,0,16,7
15,4,15,16.2,0,0,0,12,5
9,5,9,16.2,0,0,0,28,6
10,4,10,9.9,0,0,0,6,7
0,5,0,5.6,0,0,0,6,5
8,1,8,5.9,0,0,0,13,6
8,2,8,8.7,0,0,7,9,40
9,5,9,4.2,0,0,4,20,4
17,4,17,22.9,0,1,13,6,6
21,0,21,11.6,0,0,4,29,1
16,1,16,31.0,0,0,0,13,6
3,2,3,18.3,0,0,2,2,8
20,1,20,14.4,0,0,0,7,5
22,5,22,14.0,0,1,15,19,7
13,6,13,22.3,0,0,0,10,5
17,4,17,24.7,0,0,5,5,1
19,0,19,13.8,0,0,0,22,0
0,6,0,8.6,0,0,16,32,14
15,1,15,26.8,0,0,13,6,6
14,2,14,17.1,0,1,4,9,5
18,3,18,10.3,0,0,0,18,5
19,3,19,23.6,0,0,5,12,1
22,4,22,18.8,0,0,8,1,10
19,1,19,11.0,0,0,5,30,1
3,0,3,17.6,0,0,2,2,8
19,0,19,27.7,0,1,0,10,6
15,6,15,24.9,0,0,4,18,1
1,3,1,2.7,0,0,0,0,0
16,0,16,33.3,0,1,5,5,5
23,0,23,14.5,0,0,0,8,5
16,0,16,24.2,0,0,0,7,6
1,6,1,9.4,0,0,16,32,14
20,6,20,17.5,0,0,0,8,6
16,4,16,11.7,0,0,0,20,5
7,0,7,11.8,0,0,0,25,5
3,6,3,19.3,0,0,14,19,16
0,1,0,22.0,0,0,15,37,7
4,5,4,17.1,0,0,0,8,6
16,0,16,12.2,0,0,0,1,7
18,0,18,12.5,0,0,0,13,6
8,5,8,16.6,0,0,40,19,15
15,4,15,26.2,0,0,13,6,6
13,6,13,23.8,0,0,0,9,6
13,5,13,8.7,0,0,6,18,17
15,3,15,27.2,0,0,0,3,6
13,4,13,10.3,0,0,0,20,6
22,3,22,4.9,0,0,15,19,7
15,6,15,16.7,0,0,14,19,16
7,1,7,4.4,0,0,5,29,1
9,1,9,14.0,0,0,28,7,0
16,1,16,28.3,0,1,0,29,5
7,4,7,11.8,0,0,0,12,5
23,2,23,17.1,0,1,14,19,12
4,0,4,13.9,0,0,14,19,12
12,2,12,15.7,0,0,9,21,11
21,3,21,16.8,0,0,0,25,6
19,0,19,10.2,0,0,0,8,6
7,1,7,13.7,0,0,1,1,7
1,4,1,8.1,0,0,0,46,0
10,4,10,17.9,0,1,0,10,6
11,1,11,14.1,0,0,0,19,0
11,3,11,10.3,0,0,0,89,7
22,0,22,11.1,0,0,0,9,6
21,4,21,7.2,1,2,13,6,6
20,4,20,14.9,0,0,4,20,4
5,0,5,10.7,0,0,36,60,3
8,0,8,8.2,0,0,0,25,5
16,4,16,16.3,0,0,0,25,6
1,2,1,5.7,0,0,0,46,0
16,2,16,17.5,0,1,4,5,5
19,1,19,26.1,0,0,13,6,4
11,1,11,14.2,0,0,13,6,6
23,3,23,17.2,0,0,17,33,15
20,3,20,7.1,0,0,0,13,6
5,2,5,9.4,0,0,0,26,5
11,0,11,28.1,0,0,20,19,15
16,4,16,29.0,0,1,14,19,16
8,2,8,1.9,0,0,0,20,5
13,2,13,22.8,0,0,10,22,11
9,4,9,11.8,0,0,22,19,15
21,1,21,9.8,1,2,0,4,5
4,2,4,14.7,0,0,0,13,5
15,0,15,20.1,0,0,14,19,16
8,1,8,6.0,0,0,4,9,1
6,0,6,9.4,0,1,4,13,4
11,6,11,9.0,0,0,0,19,7
21,0,21,8.0,0,0,15,19,7
11,5,11,14.7,0,0,0,89,7
19,3,19,11.1,0,0,5,30,1
16,2,16,29.4,0,0,0,28,6
0,0,0,17.2,0,0,0,19,0
9,5,9,9.4,0,0,0,5,6
14,3,14,18.0,0,0,25,51,21
15,2,15,29.6,0,1,0,3,5
10,3,10,20.5,0,1,6,18,8
20,2,20,14.7,0,0,5,30,1
10,6,10,9.1,0,0,0,61,0
23,4,23,5.5,0,0,0,19,0
16,1,16,19.5,0,0,4,20,1
2,6,2,10.6,0,0,7,13,24
23,0,23,15.0,0,0,0,19,0
10,6,10,16.3,0,0,28,7,0
22,3,22,14.8,0,1,0,7,6
18,4,18,17.0,0,0,4,9,5
5,3,5,5.1,0,0,21,3,5
12,2,12,16.1,0,0,0,5,6
10,2,10,7.5,0,0,0,41,5
4,3,4,9.8,0,0,0,5,6
10,0,10,11.4,0,0,15,19,7
3,2,3,14.2,0,0,24,72,15
16,4,16,26.3,0,0,5,25,4
4,3,4,5.8,0,0,0,9,5
8,4,8,18.3,0,0,22,19,15
5,0,5,2.9,0,0,4,4,4
7,1,7,8.6,0,0,25,51,22
14,4,14,17.2,0,0,0,24,5
8,5,8,5.6,0,0,0,18,5
17,3,17,13.7,0,0,0,25,6
16,5,16,25.1,0,1,0,13,5
15,3,15,13.7,0,0,0,6,6
5,2,5,8.5,0,0,4,4,1
8,1,8,6.0,0,0,0,16,7
7,5,7,12.5,0,0,0,29,5
7,1,7,13.5,0,1,0,10,5
17,4,17,24.7,0,0,0,29,5
18,6,18,32.1,0,1,0,12,6
7,4,7,7.9,0,0,4,39,5
18,5,18,26.6,0,0,14,19,12
16,3,16,9.8,0,0,0,12,6
18,3,18,14.8,0,0,5,20,1
11,2,11,29.3,0,0,0,24,5
5,1,5,3.7,0,0,0,13,5
6,1,6,3.9,0,0,0,29,6
19,5,19,14.3,0,0,5,18,1
16,1,16,10.8,0,0,0,5,6
23,6,23,15.7,0,0,17,33,15
11,5,11,11.6,0,0,7,10,18
18,0,18,29.6,0,1,7,81,40
16,6,16,10.1,0,0,4,64,5
5,0,5,8.6,0,0,0,10,5
8,4,8,6.2,0,0,4,12,1
22,6,22,20.2,0,1,16,32,5
12,4,12,13.6,0,0,0,9,6
16,2,16,34.5,0,0,0,6,5
5,4,5,7.4,0,0,13,6,6
10,2,10,15.6,0,0,0,17,5
11,0,11,10.1,0,0,0,10,5
23,5,23,6.7,0,0,5,6,1
5,2,5,13.5,0,0,21,3,14
20,1,20,27.1,0,1,4,10,5
7,5,7,9.6,0,0,0,12,6
20,5,20,27.1,0,1,0,8,5
18,5,18,11.6,0,0,0,29,6
9,4,9,7.7,0,0,0,16,0
7,0,7,8.5,0,0,0,10,5
3,0,3,6.2,0,0,3,3,3
23,5,23,17.5,0,0,6,7,8
16,1,16,20.2,0,0,23,43,0
15,5,15,30.9,0,1,0,49,5
5,2,5,3.4,0,0,0,9,6
9,3,9,13.7,0,1,6,18,8
18,4,18,25.7,0,1,13,6,6
19,3,19,25.3,0,0,0,29,5
5,6,5,4.6,0,0,4,23,4
23,6,23,13.4,0,0,19,15,0
7,5,7,11.8,0,0,0,11,6
11,1,11,19.0,0,0,5,10,4
6,0,6,11.0,0,0,0,31,6
16,0,16,14.5,0,0,0,18,5
15,1,15,30.3,0,0,0,13,6
12,4,12,15.1,0,0,2,2,2
7,2,7,3.0,0,0,0,25,5
16,1,16,17.0,0,0,0,18,5
0,2,0,8.1,0,0,0,0,0
4,0,4,10.9,0,0,0,26,6
14,4,14,16.2,0,0,4,6,4
10,3,10,18.4,0,0,0,3,5
15,5,15,29.6,0,1,13,4,6
14,6,14,20.2,0,1,0,14,5
20,0,20,8.4,0,0,21,3,5
17,3,17,32.6,0,0,4,45,1
5,1,5,14.8,0,0,2,2,8
10,6,10,22.6,0,1,0,30,6
11,3,11,13.2,0,0,2,2,2
20,5,20,9.5,0,0,0,31,5
14,6,14,10.3,0,0,0,29,6
8,1,8,19.2,0,1,7,76,24
7,6,7,12.4,0,0,0,9,6
11,5,11,10.5,0,0,0,31,6
5,4,5,13.1,0,0,4,1,1
7,2,7,17.3,0,0,0,12,6
17,3,17,26.1,0,0,0,10,6
6,4,6,5.0,0,0,21,3,5
14,6,14,10.6,0,0,0,20,6
21,1,21,20.6,0,0,0,22,0
0,3,0,2.6,0,0,0,1,7
11,6,11,15.7,0,0,5,10,1
17,2,17,10.9,0,0,0,10,6
15,0,15,14.1,0,0,5,14,1
18,1,18,17.5,0,0,21,3,0
19,1,19,10.9,0,0,5,18,1
1,1,1,16.8,0,0,1,1,1
9,6,9,20.9,0,1,0,10,5
17,0,17,23.0,0,0,0,20,6
5,3,5,9.6,0,0,0,13,6
9,3,9,5.5,0,0,0,16,0
20,5,20,6.9,0,0,4,10,1
5,1,5,3.7,0,0,4,4,4
21,1,21,21.9,0,1,0,22,0
17,6,17,18.8,0,0,0,31,6
12,4,12,20.9,0,0,25,8,22
8,4,8,12.4,0,1,26,58,0
2,4,2,16.7,0,0,2,2,8
21,6,21,21.9,0,1,13,6,6
12,1,12,28.7,0,1,0,8,6
11,6,11,23.5,0,1,0,10,6
15,1,15,19.9,0,0,4,29,1
13,4,13,12.0,0,0,0,13,6
18,2,18,29.8,0,1,0,30,5
14,1,14,14.8,0,0,4,9,5
16,6,16,28.4,0,0,0,7,5
19,0,19,7.4,0,0,0,29,6
11,5,11,17.7,0,0,28,7,0
12,1,12,26.9,0,0,9,21,13
6,5,6,13.6,0,0,2,2,8
22,0,22,11.1,0,0,10,22,11
15,1,15,29.9,0,1,0,25,5
17,2,17,20.2,0,0,0,12,5
11,1,11,9.2,0,0,0,16,0
4,4,4,12.3,0,0,0,31,6
14,0,14,29.5,0,1,13,6,1
16,1,16,17.9,0,0,0,9,6
0,6,0,21.4,0,0,0,1,10
19,3,19,16.5,0,0,20,63,15
6,1,6,12.4,0,1,4,9,1
8,1,8,8.9,0,0,0,25,6
13,4,13,25.9,0,0,4,12,1
18,6,18,18.0,0,0,0,12,6
15,2,15,27.8,0,1,4,13,1
6,5,6,13.3,0,0,13,6,5
16,1,16,12.8,0,0,5,31,1
13,6,13,27.7,0,1,5,7,5
10,6,10,15.8,0,0,0,61,7
1,5,1,5.5,0,0,0,0,0
11,5,11,17.2,0,0,0,10,5
13,4,13,16.0,0,0,12,27,0
18,0,18,32.3,0,1,0,12,5
21,6,21,18.3,0,0,0,10,6
23,3,23,6.0,0,0,6,18,27
22,5,22,17.5,0,0,15,19,13
12,4,12,29.2,0,1,0,5,6
5,0,5,8.5,0,0,4,9,5
5,1,5,12.7,0,0,5,29,4
8,6,8,5.7,0,0,0,30,6
14,3,14,25.5,0,1,0,11,5
16,0,16,24.3,0,0,1,1,1
2,5,2,13.8,0,0,0,0,0
16,2,16,10.4,0,0,0,10,6
4,4,4,8.2,0,0,0,8,6
10,2,10,6.1,0,0,0,13,6
1,5,1,15.2,0,0,0,0,0
19,2,19,21.4,0,0,0,6,0
5,2,5,8.6,0,0,0,9,6
14,5,14,26.2,0,0,0,11,6
8,6,8,8.4,0,0,0,14,5
10,3,10,8.2,0,0,5,10,4
12,3,12,28.0,0,1,20,19,15
15,2,15,15.6,0,0,0,31,5
12,0,12,9.8,0,0,0,29,6
7,5,7,12.0,0,0,0,31,5
6,0,6,10.2,0,0,0,31,5
19,1,19,17.0,0,0,0,12,5
10,6,10,20.8,0,0,5,10,4
16,5,16,30.3,0,1,5,5,5
1,1,1,9.0,0,0,2,2,8
7,5,7,10.6,0,1,0,17,5
12,4,12,18.9,0,0,5,13,1
8,1,8,11.9,0,1,4,13,4
17,2,17,25.1,0,0,4,45,4
4,4,4,11.7,0,0,0,13,6
13,4,13,22.1,0,0,28,7,0
23,6,23,14.7,0,0,6,7,8
4,1,4,17.1,0,0,0,26,6
8,3,8,9.6,0,0,4,13,4
9,6,9,15.6,0,0,0,15,7
7,4,7,1.2,0,0,4,6,1
20,0,20,25.5,0,1,0,13,6
4,0,4,4.1,0,0,0,5,6
16,6,16,10.3,0,0,0,29,6
7,6,7,9.6,0,0,29,3,25
5,1,5,4.1,0,0,4,13,4
16,5,16,30.9,0,0,0,12,6
16,0,16,16.4,0,0,0,44,6
13,4,13,16.2,0,0,5,12,4
2,5,2,9.0,0,0,2,2,2
16,3,16,26.2,0,0,0,14,5
17,4,17,28.3,0,1,4,5,4
7,4,7,15.5,0,0,5,10,4
13,2,13,33.3,0,1,5,7,5
4,1,4,6.3,0,0,0,36,0
16,0,16,31.7,0,1,0,24,5
15,1,15,17.7,0,0,0,14,5
14,0,14,29.4,0,1,0,31,6
7,3,7,10.9,0,0,0,31,6
19,3,19,21.6,0,0,5,10,4
4,2,4,9.4,0,0,0,5,6
16,4,16,15.3,0,1,0,5,6
6,4,6,0.6,0,0,21,3,5
9,3,9,9.8,0,0,0,12,6
15,5,15,16.1,0,0,4,3,4
9,2,9,19.1,0,0,14,19,16
4,0,4,9.3,0,0,5,9,4
21,0,21,22.5,0,1,0,7,5
9,6,9,9.0,0,0,7,8,18
8,0,8,3.6,0,0,0,28,6
7,0,7,16.9,0,0,0,12,5
5,6,5,5.7,0,0,21,3,5
5,4,5,14.5,0,0,2,2,8
16,6,16,28.4,0,1,0,6,7
23,6,23,9.1,0,0,0,15,7
16,0,16,33.2,0,1,4,5,1
19,4,19,10.7,0,0,0,22,0
4,6,4,15.4,0,0,0,10,5
13,1,13,14.7,0,0,0,14,5
17,1,17,28.8,0,0,0,25,5
5,6,5,6.8,0,0,5,4,1
23,5,23,10.5,0,0,0,35,0
23,1,23,16.4,0,0,0,19,0
17,5,17,26.6,0,0,0,31,6
0,4,0,12.8,0,0,16,32,14
1,3,1,4.7,0,0,0,0,0
12,5,12,19.7,0,0,20,19,15
1,5,1,10.5,0,0,4,30,5
8,1,8,8.7,0,0,0,23,6
4,2,4,13.9,0,0,0,13,5
9,6,9,5.0,0,0,5,10,4
9,4,9,21.4,0,0,0,3,6
7,5,7,15.6,0,0,20,19,15
4,3,4,9.4,0,0,2,2,8
23,5,23,7.9,0,0,5,6,1
17,2,17,17.3,0,0,0,29,6
0,4,0,14.1,0,0,10,22,11
18,0,18,24.6,0,0,4,18,1
5,5,5,15.1,0,0,4,1,1
18,6,18,11.5,0,0,0,25,5
16,2,16,19.9,0,0,4,31,1
13,2,13,26.8,0,1,0,5,5
5,2,5,9.3,0,0,0,26,6
14,0,14,30.8,0,0,20,19,15
8,3,8,20.8,0,0,25,51,21
6,4,6,6.7,0,0,0,13,6
12,5,12,17.7,0,0,5,24,1
13,0,13,15.0,0,0,0,25,5
5,1,5,9.1,0,0,0,9,6
10,4,10,25.6,0,1,0,31,6
1,6,1,13.1,0,0,2,2,8
12,1,12,23.3,0,0,0,31,6
12,5,12,10.7,0,0,9,21,11
21,6,21,9.0,0,0,0,26,6
20,6,20,8.7,0,0,0,26,6
18,0,18,16.4,0,0,5,13,1
23,6,23,9.3,0,0,0,19,7
14,2,14,18.1,0,0,4,44,5
16,0,16,25.1,0,0,0,44,6
7,3,7,11.2,0,0,0,11,6
9,4,9,14.3,0,1,26,58,0
12,3,12,22.6,0,0,0,9,6
4,1,4,11.3,0,0,0,5,6
23,1,23,12.2,0,0,0,36,7
15,0,15,26.5,0,0,30,19,15
8,0,8,3.1,0,0,0,13,6
17,6,17,31.8,0,1,0,20,5
21,5,21,6.0,0,0,10,38,10
7,1,7,16.2,0,0,0,13,6
8,5,8,4.8,0,0,22,2,15
1,2,1,5.8,0,0,0,46,0
23,6,23,9.2,0,0,0,36,7
11,6,11,19.5,0,0,13,6,6
10,4,10,18.7,0,1,0,23,6
7,5,7,12.2,0,0,0,8,5
0,6,0,6.1,0,0,1,1,1
7,1,7,9.7,0,0,0,29,6
15,5,15,29.2,0,1,0,5,6
20,6,20,12.6,0,0,0,7,6
16,5,16,26.3,0,0,13,6,4
15,5,15,24.7,0,0,13,99,5
13,4,13,29.1,0,1,5,7,5
18,2,18,8.3,0,0,13,6,6
11,6,11,23.9,0,1,20,7,15
17,2,17,28.4,0,0,0,8,6
22,1,22,10.4,0,0,0,8,6
5,1,5,8.0,0,0,21,3,5
22,5,22,18.0,0,0,13,6,6
19,4,19,7.8,0,0,0,31,6
20,4,20,14.3,0,0,0,31,6
8,2,8,7.8,0,0,6,18,27
11,0,11,23.0,0,0,0,12,6
5,1,5,8.5,0,0,0,40,5
1,0,1,18.7,0,0,1,1,1
14,2,14,19.5,0,0,12,27,0
23,3,23,21.3,0,1,5,6,0
16,2,16,30.0,0,1,0,28,5
14,4,14,18.5,0,0,1,1,1
14,3,14,28.2,0,1,6,18,17
17,5,17,23.7,0,0,0,9,6
7,4,7,13.5,0,1,0,83,5
14,4,14,17.4,0,0,0,3,6
8,4,8,8.1,0,0,0,31,6
7,5,7,13.7,0,0,0,14,5
1,3,1,12.0,0,0,6,7,8
8,5,8,1.7,0,0,0,20,5
4,3,4,5.4,0,0,0,13,6
7,1,7,11.4,0,0,0,29,6
23,0,23,15.9,0,1,10,38,10
16,3,16,22.3,0,0,0,22,0
21,5,21,8.5,0,0,0,3,6
8,1,8,9.7,0,0,0,25,6
8,5,8,-1.0,0,0,13,6,6
5,6,5,17.4,0,0,5,106,1
23,2,23,3.7,0,0,0,35,0
8,3,8,8.7,0,0,4,31,4
23,2,23,11.8,0,0,6,7,8
9,3,9,9.2,0,0,6,18,8
3,1,3,11.5,0,0,20,19,15
2,6,2,13.1,0,0,1,1,1
16,3,16,15.4,0,1,25,8,23
12,1,12,15.7,0,0,7,10,18
10,0,10,18.5,0,0,0,9,5
18,1,18,15.8,0,0,0,31,5
0,4,0,17.1,0,0,13,6,1
18,2,18,27.5,0,0,5,23,1
18,4,18,26.8,0,1,13,5,5
18,2,18,32.2,0,1,0,20,5
14,1,14,7.5,1,2,0,9,6
10,2,10,14.6,0,1,0,29,5
7,0,7,4.1,0,0,0,25,5
8,0,8,14.5,0,0,20,19,15
12,4,12,24.7,0,0,2,2,2
7,3,7,15.4,0,1,0,12,6
1,5,1,7.6,0,0,0,0,0
22,6,22,15.6,0,0,0,8,6
15,4,15,17.1,0,0,6,18,19
10,0,10,10.6,0,0,5,14,1
15,3,15,29.5,0,1,0,12,5
1,0,1,15.1,0,0,8,1,10
15,2,15,32.3,0,1,0,10,6
22,6,22,16.4,0,0,15,19,13
6,5,6,9.9,0,0,4,23,4
7,0,7,11.6,0,0,0,9,6
7,2,7,15.1,0,0,0,12,6
12,0,12,22.1,0,0,5,20,4
18,0,18,13.5,0,0,0,25,6
5,4,5,15.1,0,0,0,8,5
9,2,9,16.9,0,1,21,3,5
9,3,9,23.2,0,0,5,12,1
8,2,8,4.3,0,0,6,18,8
13,1,13,26.8,0,1,10,22,11
17,6,17,32.3,0,1,0,12,6
17,6,17,25.5,0,0,0,25,6
8,1,8,5.8,0,0,0,9,6
20,1,20,27.9,0,1,0,29,5
4,3,4,12.6,0,0,5,13,1
17,5,17,11.3,0,0,0,5,6
8,1,8,9.2,0,0,22,19,15
8,4,8,5.2,0,0,0,29,6
15,2,15,14.0,0,0,0,5,6
8,1,8,4.7,0,0,4,13,4
16,6,16,34.8,0,0,0,28,6
8,6,8,4.9,0,0,20,19,15
0,4,0,14.1,0,0,15,37,7
1,1,1,12.0,0,0,2,2,8
12,0,12,22.7,0,0,0,12,6
16,1,16,31.0,0,1,5,5,5
23,1,23,8.1,0,0,0,15,7
13,1,13,29.5,0,0,0,20,5
13,4,13,16.4,0,0,6,18,17
23,5,23,9.7,0,0,0,19,0
19,1,19,11.1,0,0,5,18,1
22,1,22,4.5,0,0,4,13,1
16,5,16,22.0,0,0,0,1,7
18,2,18,14.7,0,0,0,12,6
0,1,0,14.3,0,0,15,37,7
6,4,6,7.9,1,2,0,10,6
12,5,12,21.0,0,0,5,24,4
14,1,14,9.8,1,2,0,0,0
7,6,7,18.9,0,0,0,25,6
0,4,0,11.9,1,2,5,18,1
4,2,4,4.3,0,0,20,19,15
12,5,12,11.5,0,0,4,29,1
4,0,4,8.4,0,0,5,5,4
19,2,19,18.3,0,0,0,29,6
9,1,9,17.5,0,1,21,3,5
19,2,19,16.7,0,1,4,9,4
9,3,9,8.4,0,0,0,30,5
11,2,11,13.1,0,0,5,10,4
19,3,19,9.1,0,0,0,6,7
17,0,17,18.4,0,0,0,7,5
11,4,11,11.0,0,0,2,2,2
4,6,4,12.3,0,0,0,13,6
7,0,7,2.5,0,0,0,31,6
16,0,16,12.0,0,0,4,30,5
8,0,8,7.7,0,0,6,18,8
4,4,4,12.4,0,0,0,10,6
4,3,4,4.9,0,0,0,31,6
0,3,0,8.6,0,0,0,8,5
17,5,17,21.0,0,0,11,60,3
17,3,17,27.6,0,0,13,6,6
15,3,15,29.2,0,1,20,3,15
10,2,10,7.6,0,0,0,6,0
14,5,14,17.3,0,0,4,13,4
8,2,8,6.5,0,0,6,18,8
7,6,7,12.9,0,1,0,7,5
11,2,11,14.5,0,0,0,31,5
16,4,16,14.9,0,0,0,25,6
4,1,4,12.2,0,0,0,31,6
22,1,22,3.7,0,0,22,19,15
5,4,5,5.1,0,0,21,3,5
13,1,13,10.3,0,0,5,29,1
11,1,11,13.9,0,0,0,9,6
5,2,5,3.5,0,0,4,5,5
1,4,1,16.5,0,0,1,1,1
18,4,18,31.3,0,1,14,19,16
10,2,10,21.7,0,1,5,14,1
18,4,18,29.0,0,0,5,18,1
17,1,17,16.7,0,0,14,19,16
3,4,3,8.9,0,0,3,3,3
10,6,10,15.7,0,0,5,10,4
12,4,12,13.3,0,0,0,13,6
17,1,17,28.7,0,1,14,19,16
9,6,9,21.1,0,1,0,12,6
15,5,15,16.6,0,0,5,9,4
17,0,17,22.7,0,0,20,19,15
11,4,11,26.6,0,1,0,19,7
8,5,8,19.8,0,0,22,2,15
14,5,14,15.6,0,0,0,31,6
4,1,4,9.7,0,0,0,10,5
16,0,16,26.8,0,0,0,5,6
8,6,8,22.1,0,0,0,20,5
15,0,15,11.8,0,0,5,7,1
11,6,11,12.5,0,0,2,2,2
16,5,16,17.0,0,0,0,30,5
8,2,8,7.7,0,0,20,19,15
19,1,19,11.0,1,2,0,12,6
19,1,19,11.1,0,0,0,26,6
4,6,4,7.0,0,0,21,3,5
5,3,5,1.9,0,0,0,9,6
5,1,5,11.3,0,0,4,31,4
6,5,6,1.4,0,0,4,6,1
15,1,15,14.2,0,0,13,99,1
13,1,13,18.4,0,0,0,41,5
20,1,20,11.3,0,0,5,3,4
21,0,21,20.1,0,1,0,22,0
9,6,9,17.7,0,0,4,13,4
15,4,15,29.9,0,1,0,49,5
11,3,11,26.1,0,0,0,25,5
9,5,9,12.7,0,0,5,10,4
11,5,11,18.6,0,0,0,6,7
2,0,2,8.9,0,0,8,1,10
11,5,11,12.0,0,0,2,2,2
23,6,23,7.7,0,0,0,35,0
10,1,10,23.0,0,0,5,14,1
5,5,5,14.6,0,0,4,4,4
21,1,21,12.5,0,0,0,9,6
23,3,23,7.6,0,0,0,15,7
4,3,4,9.2,0,0,0,31,6
13,0,13,7.9,0,0,5,7,1
8,2,8,6.8,0,0,21,3,5
18,5,18,31.1,0,1,0,12,6
9,5,9,15.8,0,0,0,29,6
11,4,11,16.6,0,0,20,19,15
12,1,12,27.1,0,0,5,10,4
13,0,13,29.1,0,0,10,22,11
1,4,1,8.9,0,0,0,46,0
14,6,14,11.1,0,0,6,30,19
6,1,6,10.9,0,1,21,3,5
9,1,9,6.4,0,0,22,19,15
23,1,23,18.9,0,1,0,35,0
4,0,4,15.7,0,0,0,26,5
16,2,16,11.4,0,0,4,20,1
10,5,10,8.9,0,0,5,10,4
5,6,5,7.6,0,0,0,13,6
15,1,15,17.4,0,0,23,43,0
7,4,7,13.0,0,1,5,18,5
8,3,8,13.0,0,0,0,3,6
13,0,13,28.8,0,1,9,21,13
16,1,16,21.9,0,1,0,10,6
10,1,10,24.6,0,0,0,24,5
3,1,3,13.9,0,0,16,32,5
20,4,20,23.6,0,0,0,29,5
15,1,15,27.8,0,1,0,5,6
6,4,6,7.8,0,0,13,6,4
12,0,12,8.7,0,0,20,19,15
11,4,11,9.6,0,0,0,25,6
7,6,7,10.7,0,0,0,13,6
5,0,5,13.4,0,0,21,3,5
8,2,8,6.6,0,0,0,30,5
0,0,0,13.2,0,0,16,32,14
14,5,14,30.4,0,0,0,22,7
17,1,17,26.1,0,0,0,7,5
10,5,10,8.2,0,0,0,6,0
16,2,16,7.5,0,0,0,31,6
16,6,16,20.1,0,0,0,44,6
20,6,20,28.3,0,0,5,10,1
21,2,21,14.1,0,0,5,3,4
12,0,12,8.8,0,0,0,9,6
6,0,6,8.6,0,1,13,6,4
19,6,19,21.5,0,0,43,7,8
14,6,14,19.9,0,0,31,63,12
21,3,21,6.3,0,0,21,3,5
6,0,6,4.9,0,0,5,6,4
17,0,17,23.2,0,0,5,23,4
7,4,7,11.0,0,0,1,1,1
3,1,3,5.1,0,0,20,63,15
21,6,21,20.9,0,0,5,3,4
5,1,5,16.8,0,0,0,8,5
1,3,1,15.5,0,0,0,0,0
15,5,15,30.2,0,0,0,44,5
7,5,7,11.2,0,1,25,51,23
22,1,22,10.2,0,0,15,19,7
5,0,5,16.3,0,0,4,9,1
10,0,10,7.1,0,0,0,8,6
11,1,11,13.8,0,0,4,68,1
17,3,17,16.8,0,0,0,25,6
4,3,4,9.7,0,0,0,13,5
9,4,9,11.8,0,1,0,30,6
15,4,15,19.2,0,0,23,43,0
17,4,17,30.1,0,1,0,29,5
15,5,15,26.2,0,0,0,3,6
18,3,18,32.3,0,1,0,18,5
23,4,23,17.6,0,0,0,22,0
0,5,0,7.9,0,0,0,1,0
10,0,10,11.5,0,0,0,8,5
16,6,16,30.8,0,1,0,6,5
12,4,12,22.2,0,1,0,12,5
8,1,8,10.5,0,1,0,4,5
15,4,15,24.8,0,0,4,30,1
15,5,15,15.4,0,0,0,23,6
23,6,23,8.9,0,0,0,19,0
8,2,8,9.3,0,0,21,3,5
6,2,6,13.0,0,0,4,6,4
1,4,1,15.9,0,0,0,6,5
8,0,8,5.6,0,0,0,28,6
8,5,8,3.3,0,0,21,3,5
0,6,0,7.1,0,0,10,22,11
7,6,7,14.7,0,1,0,8,6
16,1,16,15.3,0,0,0,22,7
18,3,18,32.4,0,0,0,9,5
13,2,13,17.2,0,0,0,24,5
13,6,13,26.4,0,1,30,19,15
15,2,15,12.0,0,0,5,13,4
1,1,1,8.8,0,0,16,32,14
16,2,16,30.8,0,0,0,7,6
16,4,16,26.5,0,0,0,7,6
12,2,12,21.5,0,0,5,14,1
13,4,13,16.5,0,0,12,27,0
14,4,14,14.8,0,1,20,19,15
23,6,23,7.6,0,0,0,19,0
1,1,1,14.8,0,0,39,19,12
6,0,6,5.1,0,0,1,1,1
9,3,9,15.7,0,1,0,12,5
9,5,9,17.4,0,1,0,12,6
23,5,23,11.0,0,0,0,19,0
8,3,8,8.0,0,0,0,7,6
11,4,11,24.6,0,0,0,31,5
8,1,8,16.3,0,1,0,18,5
14,6,14,19.1,0,0,0,18,5
15,6,15,15.3,0,0,21,71,5
13,6,13,22.0,0,0,20,19,15
4,4,4,9.6,0,0,3,3,3
9,3,9,13.6,0,1,6,18,8
23,6,23,9.4,0,0,5,6,1
21,0,21,17.0,0,0,5,9,1
8,0,8,4.5,0,0,0,31,6
15,2,15,35.2,0,1,0,49,6
15,1,15,24.5,0,1,0,44,6
16,2,16,10.3,0,0,4,31,5
16,1,16,16.0,0,0,0,22,7
8,5,8,7.6,0,0,7,67,24
9,6,9,6.4,0,0,4,9,4
11,3,11,11.3,0,0,10,22,11
21,0,21,17.1,0,0,5,29,1
15,1,15,29.1,0,0,0,3,6
5,3,5,12.2,0,0,0,10,5
19,3,19,22.9,0,1,0,48,5
8,3,8,3.0,0,0,0,18,5
15,6,15,16.1,0,0,0,29,6
7,0,7,9.9,0,0,0,41,5
15,1,15,29.7,0,1,0,4,5
7,1,7,11.0,0,0,25,51,21
5,4,5,5.1,0,0,0,40,5
5,4,5,16.5,0,0,5,4,1
15,1,15,25.2,0,0,13,6,6
8,1,8,6.5,0,0,0,16,7
14,3,14,12.7,0,0,0,24,5
16,3,16,30.6,0,1,0,7,5
11,4,11,11.5,0,0,5,41,1
17,3,17,15.7,0,0,21,3,0
23,2,23,7.6,0,0,0,35,0
5,4,5,11.9,0,0,4,13,4
1,1,1,12.3,0,0,10,22,11
1,6,1,20.8,0,0,0,1,0
11,1,11,9.8,0,0,5,10,4
16,3,16,34.5,0,1,0,12,5
4,1,4,12.1,0,0,0,40,5
19,2,19,9.3,0,0,0,22,0
3,1,3,11.6,0,0,20,114,15
15,1,15,17.0,0,0,0,44,6
12,2,12,16.6,0,0,10,22,11
17,3,17,17.4,0,0,0,9,6
8,4,8,3.5,0,0,0,11,6
12,1,12,17.3,0,0,5,24,1
5,6,5,15.8,0,0,0,13,5
5,2,5,14.9,0,0,5,5,4
20,6,20,11.6,0,0,4,13,4
9,2,9,9.4,0,0,5,13,1
21,6,21,21.3,0,0,4,9,4
17,4,17,28.5,0,1,0,7,5
16,6,16,18.2,0,0,0,9,6
8,5,8,1.4,0,0,0,11,6
10,1,10,12.1,0,0,0,8,6
8,4,8,15.4,0,0,0,20,6
12,5,12,13.9,0,0,0,10,6
15,1,15,20.7,0,0,0,23,6
2,5,2,7.6,1,2,0,9,6
21,3,21,14.5,0,0,0,3,6
20,6,20,9.7,0,0,4,13,4
5,3,5,12.9,0,0,21,3,5
12,2,12,28.0,0,1,28,7,0
21,3,21,11.3,0,0,10,38,10
1,0,1,10.4,0,0,14,19,16
1,6,1,11.5,0,0,0,0,0
8,0,8,16.5,0,0,4,39,1
20,5,20,18.5,0,0,0,7,6
7,5,7,12.1,0,0,0,10,6
13,5,13,27.6,0,0,20,19,15
5,1,5,8.9,0,0,4,4,4
14,5,14,15.5,0,0,0,11,6
16,2,16,17.0,0,0,20,32,15
2,1,2,9.2,0,0,1,39,1
18,3,18,10.9,0,0,0,25,5
15,6,15,15.2,0,0,0,44,6
15,6,15,13.4,0,0,13,6,6
23,1,23,11.5,0,0,0,36,0
12,0,12,29.6,0,0,5,24,1
10,0,10,12.5,0,0,0,31,6
10,3,10,9.0,0,0,0,12,6
10,4,10,22.3,0,0,5,10,4
19,3,19,10.3,0,0,0,20,5
11,0,11,23.2,0,1,8,1,10
5,6,5,5.8,0,0,0,5,6
18,1,18,11.8,0,0,13,6,6
4,4,4,13.3,0,0,0,9,5
11,6,11,11.5,0,0,20,19,15
18,2,18,27.9,0,0,21,3,0
18,1,18,19.2,0,0,5,26,4
5,4,5,12.6,0,0,14,19,12
15,1,15,18.5,0,0,13,6,6
1,6,1,17.2,0,0,13,6,6
8,6,8,17.4,0,1,0,13,6
6,1,6,8.9,0,0,5,9,1
7,1,7,9.6,0,0,1,1,1
7,3,7,13.4,0,1,0,13,6
16,2,16,28.8,0,0,1,1,1
5,2,5,14.5,0,0,0,9,6
0,6,0,13.9,0,0,10,22,11
8,3,8,13.8,0,0,22,19,15
13,5,13,22.0,0,0,0,18,5
19,6,19,27.7,0,1,0,10,6
18,1,18,14.8,0,0,0,31,6
7,3,7,14.1,0,0,5,10,1
14,2,14,12.9,0,0,21,71,5
7,6,7,4.6,0,0,0,3,7
5,6,5,8.4,0,0,21,3,5
5,2,5,13.0,0,0,0,31,6
13,0,13,31.4,0,0,0,18,5
13,0,13,24.9,0,0,43,62,8
18,6,18,22.7,0,0,30,19,15
8,4,8,12.8,0,1,0,4,5
19,2,19,21.0,0,0,0,9,6
12,5,12,11.8,0,0,0,8,6
12,3,12,26.9,0,1,26,58,0
13,1,13,23.9,0,1,5,7,5
17,3,17,26.1,0,0,5,31,1
13,1,13,19.6,0,0,12,27,0
18,2,18,17.4,0,0,13,6,6
13,5,13,15.8,0,0,4,12,5
20,3,20,7.3,0,0,0,26,6
20,5,20,9.5,0,0,0,7,5
10,4,10,17.8,0,0,0,23,5
1,0,1,13.0,0,0,0,46,0
6,2,6,15.7,0,1,20,63,15
19,4,19,15.4,0,0,4,18,5
0,2,0,8.6,0,0,0,8,5
13,0,13,15.0,0,0,0,6,0
0,3,0,17.5,0,0,8,19,10
11,0,11,9.0,0,0,5,24,1
5,2,5,10.5,0,0,0,31,6
20,3,20,6.6,0,0,0,10,6
13,1,13,25.8,0,0,4,13,1
16,5,16,26.0,0,0,0,23,6
16,6,16,13.3,0,0,23,43,0
7,5,7,5.1,0,0,0,12,6
16,2,16,30.1,0,1,0,29,6
17,0,17,13.3,0,0,0,25,6
13,1,13,24.5,0,1,0,18,5
11,1,11,21.8,0,0,0,12,6
12,5,12,28.0,0,0,2,2,2
19,2,19,12.4,0,0,5,30,1
11,1,11,19.7,0,0,0,30,6
22,1,22,10.2,0,0,6,18,8
17,5,17,21.4,0,0,0,30,5
6,2,6,8.9,0,0,0,31,6
7,5,7,3.7,0,0,0,31,5
15,5,15,19.8,0,0,4,13,4
23,1,23,20.5,0,1,17,33,15
17,6,17,13.3,0,0,0,13,6
5,6,5,15.9,0,0,4,1,1
10,2,10,15.0,0,0,5,41,1
6,3,6,10.0,0,0,13,6,1
21,0,21,15.1,1,2,0,16,0
23,1,23,16.4,0,0,0,10,5
9,1,9,10.9,0,0,5,24,1
11,5,11,22.0,0,0,18,34,51
5,0,5,12.9,0,0,4,4,1
19,0,19,27.2,0,1,0,9,6
7,1,7,16.8,0,1,0,11,6
13,0,13,15.2,0,0,0,3,5
16,3,16,26.4,0,0,0,29,5
23,1,23,19.1,0,1,18,34,11
20,5,20,5.9,0,0,0,7,6
5,1,5,10.2,0,0,0,13,6
15,6,15,20.6,0,0,5,62,1
12,6,12,26.0,0,0,0,31,5
14,6,14,32.2,0,1,0,6,5
14,5,14,29.5,0,0,5,14,1
7,3,7,10.9,0,0,20,6,15
23,6,23,16.4,0,0,0,8,6
17,6,17,24.3,0,0,13,5,5
11,4,11,9.3,0,0,10,22,11
15,5,15,21.5,0,0,0,6,6
1,3,1,11.1,0,0,2,2,8
7,0,7,14.6,0,1,0,11,5
11,3,11,12.5,0,0,13,6,6
20,6,20,23.5,0,1,0,6,5
1,6,1,5.5,0,0,5,7,4
8,4,8,7.3,0,0,0,9,6
23,6,23,6.0,0,0,0,8,5
17,4,17,11.4,0,0,0,25,6
2,6,2,18.6,0,0,2,2,8
16,0,16,13.8,0,0,0,1,7
16,0,16,18.1,0,0,0,9,6
12,5,12,23.9,0,0,0,31,6
4,2,4,14.7,0,0,0,31,6
5,5,5,13.9,0,0,5,5,4
19,6,19,9.0,0,0,0,29,5
5,4,5,3.8,0,0,4,13,4
2,3,2,18.3,0,0,0,7,5
16,6,16,17.8,0,0,4,64,4
11,5,11,17.1,0,0,0,24,5
7,1,7,7.0,0,0,0,29,6
10,3,10,13.8,0,0,0,30,5
10,1,10,9.2,0,0,0,12,6
8,6,8,24.3,0,0,0,18,6
7,5,7,12.1,0,0,0,20,6
10,4,10,7.4,0,0,5,14,1
10,3,10,6.1,0,0,5,12,1
17,4,17,16.0,0,1,0,10,6
11,1,11,13.5,0,0,5,10,4
19,5,19,23.6,0,0,6,18,8
18,4,18,27.5,0,0,21,3,0
4,6,4,5.0,0,0,21,3,5
8,5,8,3.3,0,0,0,11,6
2,0,2,3.0,0,0,1,39,1
15,2,15,7.8,0,0,5,13,1
10,2,10,12.7,0,0,0,20,5
7,6,7,8.2,0,0,0,29,5
23,3,23,18.3,0,0,0,10,5
15,0,15,8.1,0,0,4,30,1
19,6,19,22.2,0,0,4,9,1
22,0,22,9.4,0,0,10,22,11
15,1,15,25.1,0,0,21,71,5
9,1,9,1.7,0,0,0,30,5
5,5,5,15.3,0,0,4,5,1
13,5,13,20.3,0,0,0,8,6
12,0,12,21.3,0,0,4,18,1
6,6,6,15.5,0,0,2,2,8
18,6,18,22.8,0,0,0,25,5
12,4,12,23.1,0,0,5,24,1
8,0,8,6.4,0,0,5,10,1
15,3,15,29.0,0,1,0,12,6
18,3,18,26.7,0,0,0,13,6
20,6,20,27.8,0,1,0,9,5
18,4,18,14.8,0,0,0,12,6
23,1,23,14.8,0,0,19,15,0
9,2,9,26.0,0,1,0,12,5
9,5,9,17.4,0,1,0,13,6
23,6,23,14.2,0,0,0,36,0
16,1,16,17.3,0,0,4,31,4
1,5,1,14.6,0,0,1,1,1
5,6,5,13.9,0,0,0,6,5
15,2,15,7.8,0,0,7,95,37
16,2,16,12.2,0,0,21,3,0
11,2,11,21.1,0,0,5,10,4
16,3,16,29.8,0,1,0,7,5
5,6,5,12.2,0,0,4,4,4
12,5,12,17.6,0,0,0,5,6
23,1,23,6.8,0,0,6,18,8
9,2,9,22.5,0,0,0,69,7
16,5,16,30.8,0,0,0,22,7
5,5,5,4.5,0,0,0,31,6
21,5,21,19.8,0,0,0,22,0
15,5,15,7.9,0,0,0,44,5
1,6,1,13.7,0,0,16,32,14
0,2,0,14.6,0,0,0,8,6
16,6,16,29.2,0,0,0,20,6
13,0,13,29.9,0,1,10,22,11
23,3,23,16.8,0,1,6,18,8
4,1,4,17.0,0,0,0,9,5
10,2,10,8.4,0,0,0,9,5
7,0,7,2.8,0,0,0,13,6
17,0,17,24.9,0,0,0,6,0
0,5,0,25.2,0,0,0,1,7
10,6,10,10.1,0,0,4,12,5
7,5,7,8.6,0,0,0,25,5
9,2,9,11.4,0,0,5,10,4
10,6,10,21.1,0,0,5,14,1
19,3,19,11.8,0,0,0,20,5
3,4,3,8.3,1,2,1,1,7
1,6,1,15.4,0,0,0,0,0
17,2,17,29.9,0,1,0,12,5
13,2,13,12.8,0,0,0,25,5
13,2,13,20.8,0,0,2,2,2
11,1,11,17.8,0,0,0,4,5
11,4,11,8.3,0,0,0,20,6
0,3,0,18.5,0,0,0,1,7
15,0,15,30.5,0,0,0,44,5
14,3,14,24.7,0,0,5,24,1
18,2,18,26.2,0,1,0,12,6
13,2,13,11.1,0,0,0,12,5
5,0,5,11.8,0,0,0,10,5
11,4,11,12.7,0,0,2,2,2
9,5,9,15.5,0,0,0,69,7
15,2,15,24.8,0,0,4,13,4
9,6,9,12.9,0,0,5,29,1
17,5,17,13.7,0,0,0,12,5
17,2,17,14.7,0,0,0,31,6
11,1,11,14.3,0,0,10,22,11
6,0,6,3.8,0,0,0,13,6
12,1,12,17.4,0,0,0,5,6
12,2,12,11.2,0,0,0,5,6
4,0,4,8.7,0,0,0,9,5
16,5,16,29.3,0,1,0,12,6
15,1,15,21.7,0,0,0,3,0
11,0,11,22.5,0,0,0,28,6
21,6,21,13.0,0,0,0,3,5
6,1,6,12.3,0,1,27,66,28
5,5,5,1.3,0,0,4,23,5
1,1,1,7.0,0,0,0,1,7
5,3,5,12.8,0,0,0,8,6
18,3,18,9.2,0,0,0,18,5
21,0,21,14.8,0,0,0,31,6
14,3,14,27.6,0,0,25,51,21
15,1,15,30.9,0,1,0,44,5
16,2,16,11.8,0,0,0,18,5
11,0,11,17.3,0,0,0,19,0
16,6,16,15.2,0,0,5,5,4
22,5,22,18.8,0,0,15,19,13
16,2,16,20.8,0,0,0,23,6
13,6,13,16.6,0,0,0,10,6
8,1,8,14.2,0,0,0,4,5
23,1,23,19.1,0,1,19,15,0
4,4,4,5.8,0,0,0,10,5
18,4,18,30.2,0,1,0,7,5
19,4,19,18.7,0,0,5,26,1
12,4,12,14.0,0,0,0,10,6
11,5,11,13.6,0,0,0,6,6
14,6,14,29.4,0,1,0,3,5
11,2,11,12.4,0,0,0,19,0
20,4,20,15.2,0,0,0,31,6
23,3,23,4.9,0,0,0,19,7
10,3,10,10.2,0,0,0,12,5
20,2,20,9.3,0,0,5,3,4
4,3,4,5.3,0,0,0,3,1
4,0,4,15.3,0,0,3,3,3
6,6,6,6.7,0,0,13,6,6
8,6,8,9.2,0,0,4,39,1
6,1,6,10.8,0,0,5,18,1
12,5,12,13.0,0,0,4,31,4
11,3,11,10.6,0,0,10,22,11
17,6,17,23.4,0,0,0,12,6
4,0,4,14.2,0,0,4,1,1
4,6,4,15.4,0,0,0,31,6
7,2,7,4.4,0,0,4,9,5
13,0,13,24.6,0,1,0,7,5
23,1,23,9.6,0,0,16,32,14
6,4,6,9.6,0,1,0,13,5
21,3,21,20.8,0,0,26,58,7
5,0,5,6.7,0,0,13,6,4
5,3,5,9.3,0,0,0,5,6
12,3,12,18.1,0,1,9,21,13
22,2,22,7.4,0,0,16,32,14
14,1,14,26.6,0,1,0,3,5
9,6,9,9.6,0,0,0,13,6
7,6,7,15.7,0,0,0,20,6
7,2,7,4.4,0,0,0,25,5
14,0,14,25.8,0,0,30,19,15
5,2,5,14.6,0,0,0,31,6
17,1,17,19.1,0,0,0,12,5
20,4,20,13.1,0,1,0,29,5
8,3,8,14.9,0,1,0,20,5
15,0,15,19.7,0,0,25,25,6
11,1,11,27.2,0,1,0,14,5
18,4,18,20.9,0,0,5,23,4
12,6,12,16.2,0,0,10,22,11
10,4,10,25.3,0,1,0,8,6
9,4,9,21.7,0,0,0,20,6
5,1,5,13.4,0,0,4,4,5
21,4,21,23.5,0,1,0,22,0
19,4,19,6.3,0,0,0,18,5
7,4,7,10.5,0,0,0,11,6
19,6,19,12.0,0,0,13,6,6
22,1,22,11.4,0,0,5,6,1
8,2,8,14.0,0,1,0,4,5
7,6,7,0.9,0,0,0,7,6
13,3,13,10.0,1,2,5,6,1
16,4,16,25.1,0,0,0,12,6
15,4,15,12.0,0,0,0,44,6
18,1,18,24.0,0,0,0,20,5
23,4,23,10.1,0,0,0,36,0
13,3,13,16.4,0,0,4,10,4
18,4,18,20.1,0,0,0,6,6
7,0,7,15.5,0,0,0,7,6
20,1,20,14.0,0,0,5,13,1
13,2,13,14.7,0,0,0,3,5
4,0,4,6.0,0,0,5,5,4
10,4,10,10.7,0,0,5,10,4
10,0,10,19.5,0,0,5,12,4
13,2,13,17.9,0,0,5,7,1
22,3,22,9.4,0,0,0,26,6
15,3,15,32.1,0,0,0,29,5
14,3,14,12.3,0,0,4,5,4
7,0,7,12.5,0,0,0,6,0
16,0,16,18.3,0,0,0,31,6
6,0,6,8.6,0,0,4,31,4
19,1,19,7.8,0,0,0,18,5
13,4,13,15.1,0,0,5,30,1
7,2,7,2.9,0,0,0,9,6
18,3,18,25.6,0,1,0,25,5
15,0,15,30.0,0,1,7,10,36
5,3,5,18.2,0,0,0,13,5
19,1,19,26.8,0,0,0,29,5
15,1,15,5.8,0,0,0,5,5
17,3,17,29.1,0,1,0,7,6
5,6,5,13.6,0,0,0,8,6
12,2,12,13.8,0,0,0,31,5
14,5,14,14.9,0,0,0,20,6
16,1,16,13.3,0,0,4,13,1
0,1,0,18.7,0,0,0,36,0
18,0,18,8.1,0,0,0,25,6
10,3,10,24.1,0,0,7,13,18
9,6,9,18.5,0,0,0,16,7
13,3,13,24.9,0,0,0,11,6
3,0,3,14.0,0,0,2,2,2
7,5,7,12.0,0,0,1,1,7
16,1,16,20.6,0,0,0,44,6
5,2,5,2.1,0,0,0,26,5
16,4,16,13.4,0,0,4,13,4
6,2,6,4.1,0,0,0,10,5
6,3,6,7.0,0,0,0,55,5
7,6,7,4.9,0,0,0,7,6
8,2,8,12.3,0,0,0,20,6
12,4,12,15.9,0,0,4,18,5
5,2,5,1.5,0,0,5,3,4
18,2,18,24.1,0,1,0,12,6
19,0,19,9.7,0,0,0,29,5
17,1,17,26.3,0,1,4,45,4
18,0,18,25.6,0,1,5,18,1
13,6,13,18.6,0,0,5,23,1
16,4,16,24.4,0,1,0,14,5
14,4,14,29.3,0,1,0,10,6
0,6,0,9.6,0,0,0,6,5
11,4,11,13.7,0,0,0,19,0
21,2,21,11.4,1,2,0,3,0
10,2,10,12.8,0,0,0,12,6
5,0,5,7.3,0,0,0,13,6
5,2,5,4.2,0,0,0,10,6
15,0,15,24.1,0,0,0,13,6
10,0,10,15.4,0,0,0,8,6
17,3,17,25.9,0,0,0,31,5
10,4,10,5.9,0,0,4,39,1
13,0,13,24.5,0,0,0,9,6
7,1,7,13.4,0,0,0,29,5
5,0,5,5.1,0,0,4,5,4
15,1,15,19.3,0,0,12,27,0
19,1,19,5.5,0,0,5,29,1
11,6,11,12.2,0,0,0,20,5
16,1,16,29.4,0,0,0,1,10
20,3,20,9.3,0,0,0,31,6
18,5,18,10.9,0,0,0,48,6
18,4,18,24.5,0,0,13,6,6
14,6,14,31.4,0,1,25,59,23
4,4,4,18.1,0,0,3,3,3
11,3,11,17.6,0,0,0,29,6
11,1,11,7.8,0,0,4,54,1
23,0,23,12.8,0,0,5,6,1
15,2,15,18.8,0,0,4,10,4
14,3,14,22.0,0,0,0,12,5
12,0,12,8.6,0,0,5,12,1
1,5,1,7.2,0,0,2,2,8
14,3,14,23.2,0,1,13,6,6
8,0,8,14.0,0,1,14,19,16
18,3,18,24.2,0,1,7,82,56
15,3,15,10.8,0,0,23,43,0
23,2,23,6.6,0,0,0,36,0
4,2,4,4.3,0,0,0,8,5
6,1,6,5.1,0,0,4,6,5
4,4,4,1.1,0,0,0,26,5
5,1,5,0.6,0,0,0,13,6
2,5,2,13.6,0,0,0,27,0
10,4,10,18.0,0,0,0,31,5
11,0,11,15.5,0,0,0,20,5
12,6,12,25.4,0,1,0,5,6
20,1,20,14.5,0,0,5,9,1
12,1,12,25.9,0,0,24,63,15
16,4,16,30.7,0,0,0,10,6
12,3,12,11.8,0,0,2,2,2
11,0,11,18.0,0,0,5,24,1
14,6,14,24.6,0,0,6,18,8
7,6,7,8.6,0,0,4,12,1
5,2,5,11.6,0,0,0,8,6
15,1,15,21.7,0,0,0,44,5
0,1,0,19.9,0,0,13,6,5
0,6,0,6.9,0,0,14,19,12
16,5,16,31.4,0,1,20,19,15
0,1,0,21.4,0,0,5,6,1
17,3,17,31.3,0,1,6,18,8
11,5,11,15.9,1,0,0,53,15
23,1,23,18.4,0,1,0,19,0
8,4,8,2.4,0,0,0,25,5
19,5,19,14.0,0,0,5,18,1
9,5,9,4.3,0,0,0,16,0
5,2,5,7.6,0,0,0,10,5
5,1,5,16.5,0,0,0,26,5
8,5,8,6.5,0,0,0,12,6
11,4,11,20.1,0,1,0,12,5
11,5,11,12.0,0,0,2,2,2
2,1,2,11.4,0,0,13,6,6
10,0,10,8.4,0,0,0,13,6
20,1,20,18.9,0,0,5,6,1
14,3,14,27.9,0,1,0,20,6
0,2,0,17.0,0,0,15,37,7
14,5,14,20.2,0,0,20,19,15
0,1,0,14.2,0,0,5,6,1
18,6,18,14.2,0,0,20,19,15
9,4,9,11.5,0,0,0,3,6
9,0,9,6.4,0,0,0,6,0
8,1,8,9.4,0,0,0,18,5
5,1,5,0.4,0,0,13,6,4
17,3,17,25.8,0,0,0,6,0
13,0,13,15.0,0,0,0,12,5
17,4,17,22.9,0,0,4,5,5
13,5,13,16.8,0,0,5,26,4
12,1,12,20.7,0,0,0,6,6
7,1,7,9.8,0,0,0,25,5
15,1,15,10.9,0,0,4,29,1
10,3,10,16.2,0,0,0,13,6
16,5,16,26.1,0,0,5,12,4
2,1,2,11.4,0,0,13,6,6
13,5,13,30.4,0,1,0,12,6
1,5,1,5.2,0,0,7,29,24
14,1,14,28.0,0,1,4,12,4
5,0,5,15.5,0,0,21,3,5
8,1,8,6.3,0,0,0,11,5
22,6,22,14.2,0,1,19,15,0
7,2,7,11.5,0,0,0,25,6
5,6,5,7.5,0,0,4,4,4
10,4,10,10.4,0,0,0,6,0
11,6,11,28.5,0,0,0,13,6
19,0,19,27.2,0,1,0,8,6
0,6,0,3.4,0,0,13,6,6
8,6,8,7.8,0,0,0,29,6
0,2,0,17.9,0,0,0,1,7
1,3,1,11.3,0,0,0,0,0
20,6,20,28.0,0,1,0,8,6
3,2,3,11.3,0,0,20,19,15
6,0,6,9.8,0,0,0,13,6
16,5,16,28.9,0,0,21,71,5
18,0,18,28.4,0,1,0,9,6
8,3,8,16.7,0,0,4,13,4
22,3,22,7.1,0,0,16,32,14
18,6,18,24.7,0,0,0,25,6
9,0,9,12.4,0,0,0,6,6
9,5,9,14.5,0,0,0,30,5
12,3,12,23.2,0,0,0,9,6
18,1,18,9.9,0,0,4,20,4
9,1,9,13.3,0,0,0,16,0
15,5,15,32.0,0,1,0,49,5
22,2,22,19.4,0,1,0,8,5
7,3,7,7.5,0,0,0,7,5
6,1,6,11.6,0,0,13,6,6
5,1,5,13.6,0,0,4,9,1
17,5,17,31.1,0,0,6,18,8
10,6,10,24.8,0,1,0,30,6
4,0,4,8.8,0,0,5,5,4
18,3,18,30.6,0,1,0,12,5
23,2,23,3.6,0,0,0,15,7
15,1,15,19.1,0,0,4,9,4
15,3,15,13.5,0,0,23,43,0
9,6,9,2.3,0,0,0,4,5
22,2,22,16.6,0,1,5,6,1
8,2,8,3.4,0,0,4,6,4
11,2,11,14.1,0,0,13,6,6
23,3,23,20.6,0,0,17,33,15
12,1,12,26.7,0,1,4,54,5
6,5,6,14.7,0,1,0,13,6
9,5,9,8.0,0,0,0,18,5
4,1,4,11.5,0,0,0,26,5
15,3,15,13.7,0,0,13,4,5
5,0,5,14.8,0,0,2,2,8
15,5,15,23.7,0,0,4,13,1
7,1,7,17.6,0,0,0,29,5
9,5,9,5.2,0,0,0,10,5
12,4,12,24.5,0,1,5,5,5
5,6,5,4.4,0,0,0,31,6
14,6,14,22.4,0,0,0,31,6
11,0,11,19.2,0,0,0,31,6
7,3,7,9.4,0,0,0,11,6
15,1,15,29.3,0,0,0,5,6
4,1,4,13.5,0,0,0,31,6
18,5,18,31.2,0,1,0,7,5
12,5,12,27.4,0,0,14,19,12
4,0,4,15.3,0,0,0,8,5
1,2,1,5.8,0,0,5,7,1
12,6,12,22.9,0,0,0,18,5
14,2,14,23.2,0,0,4,9,1
12,5,12,23.9,0,0,5,10,4
14,0,14,23.9,0,0,13,99,5
8,2,8,11.5,0,0,0,3,7
7,5,7,19.1,0,1,5,18,5
12,5,12,11.4,0,0,0,30,6
10,3,10,10.1,0,0,0,41,5
13,0,13,20.7,0,0,6,18,17
12,0,12,22.0,0,0,0,8,6
6,1,6,9.9,0,1,0,9,6
6,6,6,0.0,0,0,4,23,4
16,0,16,16.2,0,0,0,12,5
17,5,17,18.6,0,0,4,10,4
9,4,9,8.3,0,0,0,16,7
16,2,16,11.2,0,0,0,12,6
22,6,22,20.8,0,1,15,19,13
4,5,4,2.4,0,0,0,26,6
9,1,9,19.1,0,0,0,18,5
7,5,7,8.6,0,0,0,31,6
5,5,5,14.2,0,0,4,4,4
12,2,12,21.0,0,0,2,2,2
17,4,17,22.7,0,1,0,6,0
8,6,8,13.2,0,0,0,24,6
11,5,11,21.9,0,0,43,62,8
16,2,16,11.8,0,0,0,10,6
0,1,0,9.0,0,0,0,1,7
17,1,17,34.0,0,1,5,5,5
1,1,1,14.9,0,0,10,22,11
8,2,8,4.5,0,0,4,39,1
15,5,15,26.4,0,1,0,12,5
8,4,8,18.6,0,0,22,19,15
16,6,16,18.6,0,0,13,6,1
9,6,9,18.0,0,0,0,8,6
12,0,12,26.8,0,0,0,7,5
23,2,23,18.2,0,1,6,18,8
3,2,3,12.9,1,2,20,19,15
18,4,18,15.2,0,0,0,25,6
8,4,8,13.0,0,1,0,18,5
8,2,8,20.7,0,1,0,8,6
10,2,10,13.6,0,0,5,13,1
3,4,3,14.3,0,0,24,7,15
11,1,11,12.8,0,0,0,29,5
9,2,9,17.4,0,1,26,58,0
19,3,19,8.7,1,2,5,10,1
0,6,0,11.7,0,0,5,6,1
10,6,10,13.6,0,0,5,10,4
19,1,19,15.2,0,0,0,10,5
16,0,16,30.9,0,1,0,24,5
1,4,1,14.4,0,0,0,0,0
12,5,12,26.3,0,0,4,18,1
6,1,6,4.6,0,0,4,31,4
0,0,0,7.1,0,0,16,32,14
4,1,4,12.0,0,0,0,8,6
12,1,12,23.4,0,0,4,54,1
16,6,16,17.0,0,0,5,3,1
1,0,1,10.4,0,0,14,19,12
12,3,12,23.8,0,1,4,54,1
21,0,21,11.6,0,0,18,34,11
14,5,14,15.3,0,0,0,48,6
5,2,5,4.0,0,0,0,26,6
18,1,18,28.1,0,1,13,5,5
18,2,18,16.2,0,0,0,31,6
11,5,11,9.8,0,0,13,6,6
19,1,19,14.1,0,0,0,12,5
12,5,12,18.9,0,0,0,5,6
23,5,23,11.6,0,0,13,6,5
10,6,10,7.1,0,0,5,10,4
7,4,7,13.2,0,1,0,10,6
12,2,12,26.1,0,1,5,5,5
1,3,1,10.1,0,0,0,6,6
20,2,20,13.9,0,0,0,8,5
16,2,16,11.6,0,0,0,6,0
14,2,14,11.3,0,0,11,50,3
13,0,13,25.3,0,0,4,18,1
18,1,18,28.5,0,1,0,10,6
21,4,21,18.1,0,1,0,22,0
23,5,23,19.9,0,1,19,15,7
11,0,11,17.1,0,0,5,10,4
22,6,22,7.6,0,0,6,18,8
11,2,11,13.9,0,0,28,7,0
15,6,15,16.9,0,0,20,7,15
18,3,18,9.7,0,0,0,6,5
5,3,5,6.7,0,0,0,9,6
10,1,10,19.8,0,0,0,12,5
5,5,5,8.6,0,0,2,2,8
16,6,16,28.9,0,1,14,19,16
13,3,13,23.8,0,0,20,19,15
0,4,0,19.9,0,0,0,36,0
8,0,8,22.0,0,0,22,19,15
10,5,10,19.9,0,0,7,67,24
19,1,19,5.4,0,0,0,10,5
13,2,13,26.4,0,1,25,59,22
13,4,13,21.6,0,0,9,21,11
10,0,10,8.5,0,0,0,14,5
10,5,10,22.4,0,0,0,19,0
16,5,16,30.0,0,0,13,6,4
16,1,16,22.1,0,0,21,71,5
12,1,12,26.5,0,1,0,14,5
12,4,12,19.2,0,0,6,18,8
23,4,23,6.5,0,0,0,36,0
12,5,12,24.4,0,0,0,6,6
9,0,9,10.1,0,0,0,28,6
12,0,12,15.1,0,0,9,21,11
11,1,11,16.0,0,0,4,29,1
5,0,5,9.2,0,0,0,26,6
14,0,14,15.1,0,0,4,13,1
8,4,8,11.7,0,1,25,25,23
11,2,11,12.5,0,0,22,19,15
19,6,19,15.9,0,1,0,29,5
16,2,16,10.6,0,0,0,14,5
17,5,17,32.6,0,0,0,6,0
0,2,0,9.0,0,0,1,1,1
15,6,15,32.8,0,0,31,63,12
5,1,5,5.7,0,0,0,9,6
12,0,12,16.7,0,0,5,41,1
14,3,14,24.2,0,0,4,13,1
6,4,6,6.8,0,0,4,9,4
17,1,17,17.8,0,0,0,44,5
16,0,16,32.6,0,1,0,28,5
11,2,11,9.2,0,0,0,29,6
11,5,11,17.0,0,0,5,12,4
14,2,14,32.2,0,1,12,27,0
6,1,6,5.8,0,0,5,6,4
5,4,5,16.1,0,0,0,9,5
13,0,13,17.9,0,0,13,6,5
12,0,12,13.7,0,0,0,18,5
18,5,18,25.9,0,0,0,18,5
21,6,21,11.3,0,0,4,10,4
13,0,13,23.9,0,0,0,9,6
10,5,10,21.6,0,1,0,29,6
17,4,17,21.1,0,0,0,6,0
8,1,8,5.6,0,0,4,13,4
21,3,21,6.9,0,0,10,38,10
20,2,20,15.8,0,0,13,6,4
22,0,22,10.2,0,1,7,10,36
5,1,5,12.7,0,0,0,13,6
5,5,5,13.2,0,0,20,19,15
15,5,15,29.8,0,1,4,12,4
13,1,13,27.5,0,0,10,22,11
16,2,16,13.4,0,0,0,28,6
9,6,9,15.0,0,0,7,9,9
1,2,1,18.4,0,0,0,1,7
16,3,16,22.9,1,0,25,51,22
6,0,6,7.9,0,0,0,31,5
9,5,9,-0.4,0,0,5,12,4
16,5,16,19.0,0,0,4,5,4
14,1,14,30.8,0,1,0,3,5
19,2,19,6.3,0,0,4,9,5
18,1,18,12.1,0,0,0,25,6
14,5,14,18.6,0,0,21,3,5
15,6,15,10.9,0,0,0,41,5
14,1,14,16.9,0,0,0,20,6
13,5,13,25.4,0,0,0,18,5
21,1,21,20.8,0,1,0,7,5
18,4,18,25.8,0,0,21,3,0
14,4,14,16.6,0,0,4,29,1
21,6,21,24.3,0,0,0,22,7
7,3,7,16.8,0,1,0,11,5
8,6,8,13.3,0,0,4,39,1
5,5,5,7.3,0,0,0,8,6
5,0,5,10.0,0,0,0,8,6
13,5,13,29.1,0,0,0,18,5
4,4,4,11.7,0,0,0,9,6
8,4,8,14.7,0,1,8,1,10
0,5,0,5.0,0,0,1,1,1
12,0,12,18.1,0,0,0,5,6
8,5,8,18.6,0,0,0,4,5
11,2,11,11.1,0,0,13,6,6
23,1,23,12.4,0,0,0,15,7
5,6,5,13.8,0,0,4,5,5
11,2,11,26.8,0,1,0,31,6
23,3,23,4.7,0,0,0,35,7
18,3,18,8.7,1,2,5,13,1
5,6,5,16.1,0,0,4,4,4
11,6,11,18.1,0,0,0,8,6
2,0,2,8.0,0,0,2,2,2
22,4,22,19.0,0,0,5,29,4
23,1,23,9.9,0,0,0,19,0
20,0,20,10.6,0,0,18,34,11
5,3,5,2.8,0,0,4,31,1
19,6,19,26.3,0,1,5,18,5
9,6,9,19.8,0,0,0,61,0
6,2,6,13.9,0,0,0,17,5
0,5,0,6.6,0,0,0,1,7
10,3,10,8.6,0,0,5,12,4
23,1,23,18.9,0,1,17,33,15
21,0,21,14.2,1,2,0,20,5
16,6,16,17.1,0,0,0,24,5
10,6,10,19.9,0,1,0,8,6
7,3,7,10.7,0,0,0,24,6
14,6,14,15.4,0,0,0,3,6
18,0,18,26.2,0,0,0,23,6
0,6,0,14.4,0,0,15,37,7
12,6,12,27.6,0,1,5,12,1
0,6,0,14.6,0,0,16,32,14
13,5,13,18.1,0,0,0,3,5
10,6,10,13.1,0,0,0,20,6
18,5,18,15.9,0,0,0,25,6
12,5,12,17.7,0,0,9,21,11
7,6,7,10.3,0,0,0,7,5
13,2,13,18.2,0,0,0,20,6
15,2,15,15.5,0,0,5,13,1
23,6,23,10.7,0,0,0,35,7
12,1,12,24.5,0,0,0,5,6
16,5,16,15.8,0,0,5,12,1
1,4,1,7.3,0,0,0,0,0
15,6,15,31.5,0,1,0,5,5
5,2,5,15.8,0,0,4,6,5
17,5,17,12.1,0,0,0,12,6
14,3,14,23.5,0,1,20,19,15
2,4,2,4.0,0,0,8,19,10
7,6,7,11.3,0,0,0,6,0
18,6,18,11.7,0,0,5,23,1
15,2,15,30.3,0,0,0,10,6
15,0,15,26.0,0,0,1,1,1
8,0,8,10.0,0,0,5,10,4
14,6,14,27.9,0,1,13,6,5
11,0,11,22.1,0,0,0,25,5
12,5,12,18.1,0,0,9,21,11
5,6,5,10.5,0,0,4,4,4
17,4,17,17.8,0,0,14,63,16
16,6,16,21.3,0,0,4,20,1
11,1,11,19.5,0,0,0,31,6
8,0,8,7.7,0,0,22,19,15
12,0,12,13.0,0,0,0,14,5
5,4,5,13.5,0,0,4,4,4
16,1,16,31.4,0,1,5,5,5
11,4,11,24.9,0,1,0,12,6
6,5,6,13.5,0,0,5,10,1
23,0,23,8.8,0,0,5,6,1
4,4,4,12.5,0,0,0,8,5
11,0,11,14.9,0,0,0,6,6
7,5,7,11.4,0,0,5,17,1
6,6,6,3.9,0,0,4,23,5
18,1,18,12.5,0,0,13,6,6
14,4,14,11.5,0,0,21,71,5
12,3,12,23.0,0,0,23,43,0
19,3,19,22.7,0,0,5,10,4
0,3,0,16.7,0,0,0,19,0
12,1,12,10.2,0,0,0,18,5
21,5,21,13.2,0,0,18,34,11
12,3,12,23.3,0,1,0,29,6
6,6,6,4.5,0,0,5,7,1
21,0,21,8.6,0,0,4,29,1
14,5,14,15.8,0,0,6,18,8
14,1,14,11.7,1,2,5,24,1
15,4,15,30.0,0,0,0,10,6
6,6,6,6.5,0,0,0,23,6
5,0,5,13.6,0,0,0,9,6
10,4,10,9.2,0,0,28,7,59
13,5,13,29.5,0,0,7,117,24
8,4,8,6.2,0,0,21,3,5
10,0,10,20.8,0,1,0,16,0
8,6,8,16.7,0,0,4,31,1
2,1,2,17.9,0,0,0,6,5
4,2,4,9.8,0,0,0,23,6
5,1,5,9.6,0,0,13,6,4
5,1,5,8.4,0,0,0,13,6
10,0,10,7.8,0,0,28,7,0
8,6,8,3.7,0,0,21,3,5
18,2,18,24.1,0,1,13,6,6
6,4,6,13.5,0,1,5,18,5
12,1,12,11.3,0,0,0,41,5
13,1,13,16.0,0,0,5,10,4
17,1,17,28.0,0,0,0,8,6
12,5,12,14.0,0,0,4,29,4
11,2,11,15.8,0,0,0,29,6
19,1,19,14.3,0,0,0,20,5
17,1,17,16.6,0,0,5,23,4
19,5,19,27.3,0,1,0,10,5
4,6,4,8.7,0,0,0,8,6
8,1,8,18.4,0,1,0,18,5
4,4,4,4.0,0,0,0,26,6
12,0,12,13.3,0,0,0,11,6
7,1,7,10.5,0,0,5,17,1
18,4,18,23.2,0,0,13,5,4
6,2,6,1.2,0,0,0,9,6
9,3,9,9.9,0,0,0,28,6
9,3,9,11.6,0,0,7,13,24
7,6,7,11.5,0,1,1,1,14
19,0,19,31.4,0,1,0,8,6
23,6,23,10.6,0,0,0,35,7
15,4,15,15.3,0,0,23,43,0
16,3,16,27.3,0,0,20,3,15
21,5,21,5.7,0,0,0,3,6
12,1,12,18.9,0,0,2,2,2
10,6,10,11.7,0,0,0,26,6
22,6,22,20.3,0,0,15,19,13
7,5,7,12.8,0,0,5,10,1
4,6,4,15.9,0,0,32,19,15
6,3,6,15.7,0,0,4,13,1
14,5,14,15.4,0,0,0,12,6
20,4,20,20.5,0,1,4,18,4
11,2,11,22.6,0,0,0,10,5
10,4,10,9.0,0,0,0,20,6
9,1,9,18.8,0,0,0,15,7
15,4,15,13.2,0,0,23,43,0
16,0,16,16.0,0,0,0,44,6
21,4,21,12.3,0,0,0,3,6
5,0,5,11.0,0,0,4,9,1
9,3,9,19.9,0,0,0,4,5
0,6,0,18.9,0,0,10,22,11
13,5,13,20.2,0,0,4,29,1
23,2,23,3.6,0,0,16,32,14
13,2,13,17.9,0,0,9,21,11
0,3,0,16.8,0,0,0,1,10
16,0,16,23.5,0,0,0,18,5
14,5,14,21.9,0,0,0,18,5
0,0,0,11.3,0,0,2,2,8
8,5,8,15.3,0,1,0,24,5
22,6,22,7.6,0,0,0,31,6
6,4,6,14.8,0,1,21,3,5
23,6,23,18.3,0,0,24,7,15
13,5,13,20.1,0,0,5,14,1
7,5,7,4.7,0,0,0,26,6
5,1,5,13.4,0,0,4,1,1
10,3,10,22.4,0,1,0,3,6
8,2,8,20.9,0,1,0,29,6
12,3,12,10.1,1,2,4,20,4
13,6,13,12.8,0,0,6,30,19
4,2,4,6.0,0,0,0,9,5
8,5,8,22.0,0,1,0,18,5
6,3,6,4.3,0,0,13,6,6
19,0,19,15.2,0,0,0,13,6
14,1,14,17.2,0,0,0,3,5
11,5,11,19.3,0,0,7,29,56
5,2,5,13.4,0,0,5,5,5
22,0,22,11.9,0,0,15,19,7
0,2,0,11.2,0,0,0,15,7
6,5,6,10.1,0,0,5,6,4
23,2,23,16.9,0,0,0,1,5
13,1,13,15.1,0,0,0,3,5
18,1,18,13.4,0,0,14,19,16
4,3,4,9.8,0,0,0,9,5
17,2,17,34.2,0,1,4,64,4
11,0,11,15.7,0,0,10,22,11
6,0,6,13.6,0,0,0,13,5
7,1,7,5.7,0,0,25,51,22
16,2,16,20.7,0,0,1,1,1
10,5,10,17.9,0,1,0,23,5
22,1,22,11.2,0,0,20,19,15
8,2,8,9.2,0,0,6,18,8
7,6,7,6.9,0,0,0,9,6
13,2,13,11.3,0,0,0,9,6
21,0,21,17.6,0,0,26,58,7
7,3,7,11.5,0,0,0,25,5
4,6,4,13.4,0,0,0,26,6
12,5,12,18.9,0,0,0,24,6
14,6,14,15.2,0,0,0,9,6
10,5,10,21.3,0,0,20,3,15
5,3,5,4.3,0,0,0,55,5
3,0,3,12.6,0,0,2,2,2
16,6,16,10.1,0,0,11,60,3
20,6,20,19.3,0,0,14,19,16
0,0,0,18.9,0,0,15,37,7
12,2,12,17.0,0,0,2,2,2
7,3,7,13.6,0,1,0,16,7
13,3,13,17.9,0,0,6,30,19
6,4,6,16.1,0,0,0,10,5
0,3,0,5.2,0,0,0,0,0
8,4,8,7.7,0,0,5,10,1
10,2,10,9.7,0,0,28,7,0
17,4,17,8.2,1,2,0,15,7
21,1,21,20.0,0,0,5,3,4
0,4,0,14.4,0,0,0,8,6
23,4,23,19.3,0,1,6,18,8
21,5,21,10.3,0,0,10,38,10
4,1,4,13.2,0,0,0,40,5
20,4,20,9.6,0,0,0,31,6
10,0,10,22.1,0,0,0,13,6
12,4,12,27.4,0,1,9,21,13
15,3,15,25.1,0,0,5,23,1
9,2,9,10.0,0,0,21,3,5
8,6,8,10.5,0,0,29,3,30
18,6,18,22.9,0,0,13,5,5
8,4,8,0.3,0,0,0,13,6
7,1,7,16.2,0,0,25,51,21
4,2,4,14.2,0,0,0,26,6
11,1,11,15.6,0,0,5,10,4
8,1,8,17.8,0,1,0,4,5
18,5,18,28.0,0,1,21,3,0
16,6,16,33.0,0,1,5,5,5
3,2,3,4.9,0,0,0,100,6
10,3,10,10.2,0,0,0,25,6
15,4,15,28.0,0,0,13,6,6
11,3,11,25.4,0,1,0,30,6
13,1,13,25.4,0,0,9,21,11
4,0,4,15.3,0,0,0,31,5
20,5,20,25.1,0,1,0,26,5
2,3,2,14.7,0,0,0,0,0
5,0,5,11.6,0,0,5,106,1
6,5,6,2.3,0,0,4,6,1
9,6,9,14.6,0,0,0,17,5
13,3,13,26.4,0,1,0,20,6
11,2,11,8.9,0,0,0,6,6
13,0,13,17.2,0,0,0,3,5
18,2,18,8.4,0,0,0,12,6
20,2,20,15.0,0,0,0,22,0
11,1,11,12.9,0,0,5,14,1
8,4,8,6.6,0,0,0,4,5
12,2,12,13.3,0,0,9,21,11
6,5,6,11.2,0,1,0,8,5
15,4,15,17.3,0,0,0,29,5
15,6,15,22.7,0,1,23,43,0
16,4,16,11.6,0,0,0,31,6
15,4,15,15.5,0,0,5,14,1
3,3,3,14.5,0,0,2,2,2
10,2,10,9.4,0,0,28,7,0
16,3,16,27.1,0,0,0,6,5
8,2,8,9.8,0,0,0,20,5
1,2,1,12.1,0,0,16,32,14
8,4,8,7.6,0,0,0,3,6
22,0,22,9.6,0,0,13,6,6
0,3,0,19.1,0,0,6,18,8
3,5,3,12.3,0,0,2,2,2
4,4,4,6.2,0,0,21,3,5
20,3,20,8.6,1,2,10,22,11
9,0,9,16.5,0,0,4,39,1
8,5,8,9.4,0,0,0,12,6
5,5,5,14.6,0,0,4,4,1
1,6,1,20.1,0,0,20,3,15
12,0,12,26.1,0,1,0,29,5
16,6,16,30.3,0,0,0,28,5
5,6,5,16.0,0,0,4,5,1
18,6,18,26.5,0,0,21,3,0
14,2,14,28.5,0,1,6,18,8
7,0,7,7.4,0,0,0,26,5
16,4,16,32.8,0,1,6,18,17
18,3,18,22.5,0,0,0,12,5
14,1,14,25.8,0,1,0,11,5
9,6,9,15.9,0,0,7,96,55
10,5,10,6.8,0,0,0,13,6
5,6,5,7.2,0,0,21,3,5
16,0,16,29.9,0,0,13,4,6
4,4,4,12.7,0,0,0,9,6
13,4,13,21.4,0,0,0,48,6
8,2,8,17.1,0,1,0,13,5
13,2,13,14.8,0,0,6,18,17
16,4,16,27.3,0,1,0,28,5
5,6,5,14.4,0,0,0,23,5
19,6,19,20.3,0,1,0,10,5
12,1,12,15.9,0,0,0,8,6
20,3,20,8.6,1,2,0,29,5
11,5,11,15.7,0,0,4,54,1
22,2,22,7.3,0,0,15,19,7
23,4,23,9.0,0,0,0,19,0
16,4,16,27.4,0,0,0,7,6
8,4,8,1.0,0,0,0,29,6
6,6,6,13.5,0,1,0,13,5
7,4,7,5.5,0,0,0,31,6
11,2,11,24.4,0,1,0,12,5
6,5,6,9.0,0,0,4,6,1
12,5,12,18.7,0,0,5,48,4
12,4,12,10.2,0,0,11,60,3
16,1,16,30.1,0,0,14,19,12
8,6,8,6.9,0,0,0,18,5
8,0,8,14.4,0,0,0,29,6
11,1,11,14.4,0,0,0,9,5
16,3,16,26.1,0,0,0,14,5
10,3,10,11.0,1,2,5,9,1
23,6,23,18.2,0,1,6,18,8
8,6,8,17.2,0,1,0,4,5
12,2,12,30.5,0,1,9,21,13
7,6,7,14.9,0,1,0,41,5
14,1,14,25.8,0,0,4,31,72
20,5,20,8.7,0,0,0,26,6
4,3,4,9.2,0,0,0,26,6
5,1,5,10.9,0,0,0,7,6
4,5,4,14.3,0,0,0,10,6
23,2,23,11.3,1,2,0,3,6
12,0,12,12.3,0,0,0,31,6
6,0,6,12.5,0,1,25,52,23
5,0,5,7.7,0,0,0,26,5
23,1,23,19.6,0,1,17,33,15
0,4,0,19.7,0,0,20,3,15
12,6,12,27.5,0,1,9,21,11
21,0,21,17.2,0,0,18,34,11
8,1,8,7.2,0,0,0,25,5
18,0,18,29.0,0,1,0,7,5
18,4,18,10.3,0,0,13,6,6
9,4,9,7.9,0,0,0,18,5
18,4,18,15.0,0,0,4,18,5
23,6,23,12.1,0,0,0,35,7
6,0,6,8.3,0,0,0,9,6
8,1,8,5.5,0,0,0,11,6
10,5,10,19.7,0,0,0,23,5
18,6,18,22.7,0,0,13,5,5
10,5,10,13.8,0,0,22,2,15
13,6,13,22.3,0,0,0,11,6
0,6,0,11.3,0,0,1,1,14
12,1,12,19.2,0,0,0,18,5
19,0,19,7.7,0,0,0,6,5
9,4,9,13.7,0,0,0,41,5
13,5,13,29.3,0,1,0,12,6
22,6,22,15.7,0,0,15,19,13
9,0,9,6.8,0,0,0,16,0
19,0,19,27.3,0,0,0,29,6
7,4,7,10.6,0,0,13,6,6
1,2,1,15.0,0,0,14,19,16
19,3,19,31.0,0,1,5,18,5
15,3,15,28.0,0,0,25,51,21
18,2,18,25.1,0,0,21,3,0
22,4,22,8.6,0,0,16,32,14
10,6,10,19.3,0,0,0,9,6
8,6,8,9.1,0,0,0,3,7
16,1,16,30.2,0,0,13,6,6
9,1,9,16.7,0,0,5,24,1
18,1,18,17.8,0,0,5,12,1
11,6,11,23.1,0,0,5,11,1
8,6,8,18.0,0,0,0,3,6
0,2,0,20.3,0,0,0,8,5
5,2,5,13.7,0,0,0,31,6
6,4,6,11.8,0,0,4,13,1
5,1,5,10.9,0,0,0,13,6
12,6,12,24.7,0,0,0,5,5
20,5,20,10.3,0,0,21,3,5
23,4,23,17.2,0,0,15,37,7
9,5,9,12.6,0,0,4,20,4
6,1,6,5.9,0,0,5,13,1
17,1,17,17.9,0,0,13,6,4
10,4,10,9.5,0,0,0,30,6
8,5,8,7.7,0,0,0,12,6
22,0,22,9.2,0,0,6,18,8
23,2,23,12.0,0,0,13,6,1
22,5,22,8.8,0,0,13,6,6
18,3,18,26.8,0,0,0,25,6
15,0,15,9.6,0,0,4,12,5
8,4,8,18.5,0,0,0,18,5
16,4,16,13.1,0,0,0,28,5
21,1,21,16.8,0,1,15,19,7
12,6,12,25.0,0,1,9,21,13
10,4,10,18.3,0,0,0,11,5
4,5,4,11.9,0,0,0,8,6
8,1,8,3.9,0,0,21,3,5
19,0,19,11.1,0,0,0,8,5
1,4,1,3.6,0,0,0,6,6
7,6,7,11.9,0,0,0,20,6
11,6,11,9.8,0,0,0,29,6
18,5,18,22.9,0,0,0,12,5
13,6,13,16.6,0,0,0,48,6
11,2,11,8.6,0,0,0,12,6
7,6,7,11.1,0,0,0,12,6
6,0,6,5.0,0,0,0,29,6
2,3,2,6.8,0,0,2,2,2
6,5,6,8.4,0,1,0,8,5
21,3,21,10.7,0,0,18,34,11
8,3,8,5.5,0,0,21,3,5
9,4,9,7.1,1,2,4,29,1
7,0,7,13.2,0,1,0,7,5
0,4,0,18.5,0,0,5,6,1
11,5,11,15.1,0,0,10,22,11
4,1,4,16.9,0,0,0,13,5
11,4,11,20.8,0,1,0,11,6
23,0,23,13.7,0,0,19,15,0
7,4,7,13.1,0,0,20,6,15
8,2,8,4.0,0,0,0,30,5
5,1,5,9.5,0,0,0,13,6
0,6,0,20.9,0,0,0,35,7
13,3,13,17.2,0,0,0,13,6
0,2,0,11.9,0,0,1,1,1
12,4,12,25.5,0,0,0,12,5
16,4,16,27.5,0,0,0,6,6
10,3,10,23.8,0,1,0,12,5
13,3,13,16.9,1,2,5,29,1
8,0,8,12.0,0,0,0,7,6
18,0,18,19.9,0,0,14,19,16
4,4,4,6.3,0,0,0,26,6
21,4,21,7.9,0,0,0,29,5
5,3,5,6.8,0,0,0,13,6
20,6,20,8.3,0,0,0,26,6
6,6,6,1.0,0,0,1,1,7
9,1,9,19.1,0,0,0,12,6
17,6,17,24.4,0,1,0,12,6
8,0,8,4.5,0,0,7,9,40
11,5,11,9.4,0,0,10,22,11
1,0,1,9.2,0,0,0,6,5
17,5,17,23.6,0,0,0,23,6
17,2,17,20.0,0,0,5,31,4
23,0,23,23.1,0,1,18,34,11
21,2,21,24.8,0,1,0,8,5
17,3,17,24.5,0,0,0,31,5
18,1,18,34.0,0,1,0,18,5
23,6,23,6.1,0,0,0,36,7
7,0,7,7.6,0,0,0,8,6
8,1,8,7.9,0,0,4,13,1
6,0,6,12.4,0,0,0,13,6
12,3,12,27.8,0,1,5,5,5
10,2,10,7.5,0,0,4,12,5
15,6,15,27.9,0,1,4,20,1
15,0,15,26.4,0,0,39,19,12
20,6,20,18.4,0,0,0,10,6
23,5,23,8.2,0,0,0,19,7
18,3,18,10.3,0,0,0,25,6
16,5,16,26.4,0,0,0,24,5
4,4,4,11.9,0,0,14,19,15
14,2,14,19.6,0,0,6,18,8
17,0,17,25.5,0,0,0,6,0
16,1,16,17.0,0,0,0,25,6
7,4,7,9.2,0,0,0,12,6
5,3,5,0.7,0,0,0,5,6
22,6,22,14.8,0,0,4,30,4
13,6,13,28.0,0,1,0,14,5
16,0,16,28.3,0,1,0,7,5
17,3,17,12.9,0,0,0,25,6
11,0,11,21.1,0,1,0,12,5
16,1,16,11.8,0,0,0,1,7
21,0,21,19.9,0,1,0,3,5
15,4,15,26.3,0,0,0,14,5
6,0,6,14.2,0,1,25,51,21
9,6,9,11.8,0,0,6,18,8
8,6,8,4.8,0,0,0,3,5
13,4,13,16.2,0,0,5,7,1
5,1,5,11.1,0,0,4,5,1
17,1,17,23.6,0,0,0,18,5
19,4,19,26.6,0,0,0,13,6
6,2,6,9.3,0,0,0,9,6
10,6,10,10.3,0,0,0,6,7
18,2,18,11.9,0,0,4,18,5
22,0,22,11.1,0,0,13,6,6
9,2,9,17.8,0,1,0,29,5
13,3,13,21.1,0,0,5,10,1
8,1,8,21.6,0,0,0,12,6
19,6,19,12.7,0,0,11,60,3
4,2,4,9.3,0,0,5,5,4
19,3,19,25.2,0,0,0,20,6
4,6,4,7.8,0,0,0,31,5
9,2,9,5.5,0,0,0,16,7
2,1,2,12.9,1,2,0,8,6
16,2,16,29.0,0,0,0,31,6
11,3,11,12.9,0,0,0,41,5
9,0,9,22.2,0,1,22,19,15
18,5,18,9.7,0,0,0,23,5
23,0,23,15.3,0,0,17,33,15
18,4,18,28.6,0,1,0,7,5
18,3,18,21.0,0,0,5,12,1
16,1,16,24.7,0,0,0,1,7
12,6,12,14.6,0,0,0,5,6
11,2,11,22.5,0,1,0,12,6
8,1,8,9.5,0,0,0,30,6
17,6,17,27.3,0,0,11,60,3
9,0,9,22.1,0,0,20,6,15
8,4,8,1.6,0,0,0,12,6
17,3,17,26.2,0,0,0,9,5
8,6,8,4.6,0,0,4,31,4
22,2,22,12.4,0,0,6,7,8
9,3,9,14.9,0,0,0,18,5
17,0,17,11.8,0,0,5,10,4
16,5,16,31.5,0,1,5,5,5
11,2,11,8.7,0,0,0,31,6
6,4,6,5.0,0,0,4,13,4
12,3,12,22.9,0,0,4,13,4
14,6,14,23.7,0,0,0,11,6
9,2,9,23.8,0,1,5,14,1
16,5,16,26.5,0,0,0,31,6
4,3,4,9.6,0,0,0,8,6
9,2,9,10.0,0,0,0,20,6
1,2,1,12.2,0,0,0,46,0
13,5,13,18.3,0,0,0,3,6
13,2,13,12.6,0,0,0,31,5
15,2,15,14.6,0,0,13,4,5
9,4,9,15.5,0,1,25,25,21
9,4,9,16.7,0,1,0,1,0
15,2,15,35.6,0,1,0,12,5
11,3,11,9.8,0,0,0,20,6
6,0,6,1.5,0,0,0,6,7
13,0,13,28.9,0,0,0,9,6
15,5,15,26.7,0,0,0,44,6
20,5,20,9.5,0,0,0,31,6
16,5,16,18.6,0,0,0,18,5
7,1,7,9.2,0,0,0,10,5
6,6,6,3.9,0,0,0,23,6
12,1,12,24.2,0,1,0,14,5
15,4,15,11.8,0,0,20,19,15
9,6,9,7.2,0,0,0,41,5
18,2,18,21.2,0,0,0,31,6
21,4,21,13.7,0,0,0,3,5
4,4,4,9.0,0,0,0,13,6
5,0,5,14.6,0,0,4,5,1
14,5,14,18.9,0,0,4,13,1
8,4,8,7.9,0,0,0,14,5
14,0,14,30.2,0,0,25,8,23
11,5,11,10.1,0,0,4,54,1
11,4,11,9.1,0,0,0,12,6
7,3,7,4.4,0,0,5,10,1
5,2,5,14.5,0,0,0,26,6
20,2,20,23.3,0,0,0,8,6
13,3,13,23.8,0,0,0,24,6
12,2,12,26.1,0,1,0,7,5
5,4,5,15.2,0,0,0,10,5
12,5,12,13.1,0,0,0,5,6
13,3,13,10.1,1,2,5,3,4
8,4,8,9.9,0,0,0,13,6
9,0,9,21.5,0,0,7,11,20
15,2,15,20.5,0,0,0,10,6
6,0,6,7.9,0,0,5,7,1
15,0,15,16.7,0,0,0,10,6
18,6,18,13.1,0,0,4,18,5
20,4,20,9.9,0,0,0,7,5
11,1,11,22.5,0,0,0,16,0
8,4,8,13.6,0,1,0,18,5
12,1,12,15.3,0,0,5,10,4
19,6,19,24.5,0,1,0,10,5
11,5,11,23.6,0,0,0,29,6
8,3,8,13.2,0,0,0,3,6
1,5,1,17.8,0,0,10,22,11
2,6,2,11.1,0,0,8,19,10
17,2,17,24.7,0,0,0,9,6
14,6,14,21.7,0,0,6,30,19
9,2,9,15.6,0,0,0,8,6
13,6,13,11.2,0,0,0,14,5
6,0,6,13.2,0,1,4,23,5
14,3,14,27.2,0,0,4,31,4
9,1,9,18.4,0,0,21,3,5
10,1,10,20.9,0,0,4,41,1
18,0,18,11.3,0,0,0,48,6
18,5,18,23.1,0,0,21,3,0
6,2,6,6.1,0,0,0,7,6
23,4,23,11.7,0,0,0,35,0
1,4,1,13.3,0,0,2,2,8
0,4,0,12.0,1,2,3,72,3
5,3,5,9.7,0,0,4,4,5
15,1,15,14.0,0,0,13,6,6
17,0,17,22.7,0,0,0,5,6
13,4,13,26.2,0,0,23,43,0
8,1,8,5.7,0,0,6,18,17
4,0,4,3.4,0,0,0,31,5
9,2,9,4.9,0,0,0,25,6
8,1,8,10.0,0,0,0,11,6
5,1,5,5.6,0,0,0,9,6
13,6,13,19.5,0,0,5,23,1
7,5,7,8.9,0,0,5,17,1
15,1,15,27.6,0,1,0,5,5
19,2,19,23.3,0,0,0,31,6
15,1,15,11.7,0,0,13,4,4
19,6,19,8.6,0,0,4,18,5
12,0,12,25.4,0,1,0,13,5
19,5,19,14.0,0,0,4,10,1
18,4,18,11.5,0,0,4,18,1
1,3,1,17.0,0,0,0,0,0
10,2,10,22.2,0,1,0,3,5
7,5,7,12.7,0,1,21,3,14
7,1,7,12.7,0,1,0,13,6
18,3,18,22.2,0,0,0,12,6
8,2,8,14.7,0,0,0,16,7
8,0,8,16.7,0,0,78,3,25
13,3,13,11.9,0,0,0,3,5
3,4,3,13.3,0,0,13,6,6
5,5,5,9.9,0,0,13,6,6
20,3,20,11.1,0,0,0,10,6
9,4,9,17.8,0,1,0,16,0
4,4,4,11.9,0,0,0,31,6
14,6,14,19.8,0,0,0,12,6
6,0,6,3.5,0,0,25,52,23
21,3,21,16.8,0,0,0,31,5
23,6,23,18.4,0,1,19,15,0
11,5,11,13.4,0,0,31,63,12
15,4,15,30.7,0,1,31,63,12
22,3,22,16.9,0,1,15,19,7
8,0,8,11.3,0,0,5,29,1
7,1,7,5.8,0,0,59,8,31
4,2,4,9.1,0,0,0,5,6
7,6,7,18.4,0,0,0,11,5
7,0,7,12.9,0,0,5,10,1
1,4,1,17.5,0,0,0,6,5
21,3,21,8.3,0,0,0,26,6
23,1,23,5.9,0,0,0,15,7
4,3,4,14.2,0,0,0,26,5
1,4,1,16.5,0,0,0,0,0
12,1,12,10.3,0,0,0,5,6
17,5,17,26.7,0,1,0,10,5
15,3,15,12.5,0,0,20,3,15
5,1,5,5.8,0,0,4,6,4
4,0,4,13.1,0,0,3,3,3
15,0,15,30.4,0,1,0,4,5
5,5,5,5.3,0,0,4,6,4
6,6,6,3.9,0,0,5,6,4
17,2,17,10.8,0,0,4,45,1
11,3,11,18.8,0,0,0,20,6
15,1,15,25.1,0,0,4,20,4
1,2,1,18.5,0,0,0,46,0
14,0,14,23.4,0,0,5,24,4
13,5,13,17.3,0,1,13,6,5
5,4,5,12.4,0,0,4,5,4
10,2,10,9.5,0,0,0,29,6
18,2,18,14.7,0,0,0,12,6
9,2,9,9.5,0,0,0,11,6
13,6,13,19.7,0,0,20,19,15
16,4,16,20.3,0,0,5,29,1
10,2,10,9.7,0,0,0,20,6
13,3,13,25.5,0,1,12,27,0
18,6,18,32.2,0,0,13,5,5
1,2,1,7.4,0,0,0,1,0
8,5,8,14.7,0,0,0,20,6
12,3,12,24.3,0,1,5,5,5
1,0,1,13.6,0,0,2,2,8
3,6,3,12.6,0,0,8,19,10
6,2,6,14.1,0,1,4,6,5
6,5,6,6.7,0,0,0,29,6
8,1,8,5.9,0,0,0,29,6
17,5,17,19.7,0,0,21,3,0
12,2,12,24.1,0,0,9,21,11
7,4,7,7.9,1,2,8,68,10
15,1,15,29.6,0,1,0,20,5
12,5,12,26.3,0,0,5,5,1
11,0,11,22.9,0,0,0,13,5
4,5,4,8.6,0,0,0,9,6
4,1,4,12.6,0,0,0,40,5
11,6,11,11.9,0,0,2,2,2
16,2,16,19.8,0,0,0,44,6
13,4,13,16.6,0,0,0,13,6
14,2,14,13.6,0,0,0,14,5
14,2,14,7.8,0,0,1,1,1
9,2,9,14.4,0,1,0,16,7
13,6,13,25.5,0,0,0,10,6
10,3,10,19.0,0,1,26,58,0
6,0,6,15.1,0,0,25,52,23
11,1,11,11.9,0,0,13,6,6
12,2,12,16.9,0,0,0,5,6
11,3,11,13.8,0,0,0,14,5
7,3,7,8.3,0,0,5,17,1
16,6,16,20.5,0,0,4,5,4
22,4,22,11.8,0,0,15,19,13
5,2,5,9.0,0,0,4,23,4
20,4,20,24.5,0,1,0,29,6
17,4,17,30.1,0,0,0,28,6
8,4,8,5.4,0,0,22,19,15
5,2,5,12.6,0,0,21,3,14
16,5,16,31.1,0,0,43,62,8
1,1,1,10.1,0,0,2,2,8
6,2,6,1.5,0,0,0,13,5
15,6,15,30.9,0,1,0,12,5
7,5,7,11.7,0,0,0,25,5
22,6,22,11.6,0,0,4,30,5
18,2,18,19.0,0,1,0,18,5
14,5,14,28.8,0,1,7,67,24
8,0,8,8.5,0,0,0,18,5
14,6,14,30.3,0,1,0,11,5
16,6,16,24.3,0,0,0,29,6
12,6,12,10.5,0,0,5,14,1
16,2,16,19.7,0,0,4,13,4
11,0,11,21.1,0,0,0,20,6
23,6,23,14.9,0,0,0,35,7
4,6,4,13.4,0,0,0,31,6
16,2,16,27.8,0,0,0,7,6
21,4,21,12.8,0,0,0,13,5
11,3,11,25.6,0,0,13,6,6
13,3,13,16.2,0,0,0,12,5
19,6,19,13.9,0,0,5,18,1
4,5,4,1.5,0,0,20,19,15
15,1,15,19.3,0,0,4,31,1
14,6,14,28.2,0,1,0,12,5
14,5,14,17.2,0,0,0,12,6
13,1,13,18.5,0,0,4,5,4
21,3,21,8.0,0,0,0,29,5
13,5,13,14.3,0,0,4,29,1
18,3,18,29.1,0,1,6,18,8
21,3,21,12.0,0,0,18,34,11
13,2,13,15.9,0,0,0,14,5
14,3,14,20.4,0,0,13,6,6
5,1,5,8.0,0,0,4,5,5
5,6,5,17.3,0,0,0,17,5
21,1,21,7.6,0,0,18,34,11
18,6,18,11.7,0,0,4,18,5
6,3,6,3.6,0,0,4,64,4
7,5,7,7.1,0,0,21,3,5
13,5,13,17.0,0,0,0,12,5
0,6,0,14.5,0,0,0,36,10
13,6,13,16.2,0,0,6,30,19
14,5,14,29.6,0,0,0,11,6
13,4,13,15.8,0,0,10,22,11
1,4,1,9.4,0,0,0,6,6
17,3,17,12.8,0,0,21,3,0
22,2,22,7.4,0,0,6,7,27
4,2,4,4.0,0,0,2,2,8
4,6,4,5.7,0,0,21,3,14
15,2,15,28.5,0,0,0,44,6
12,6,12,13.4,0,0,9,21,11
9,3,9,14.3,0,0,0,15,7
8,5,8,8.2,0,0,0,28,6
22,2,22,19.2,0,0,13,5,1
19,4,19,22.3,0,0,0,13,6
6,4,6,8.2,0,0,1,1,7
10,5,10,6.3,0,0,5,24,1
11,3,11,13.1,0,0,0,19,0
21,6,21,11.0,0,0,21,3,5
8,5,8,2.8,0,0,0,6,6
15,6,15,29.0,0,1,0,22,0
15,3,15,17.8,0,0,1,1,14
15,0,15,29.7,0,0,0,10,5
18,3,18,24.3,0,0,0,23,6
15,0,15,21.9,0,0,1,1,1
21,4,21,7.0,0,0,0,3,5
9,0,9,6.3,0,0,0,18,5
14,0,14,23.4,0,0,6,18,17
11,6,11,19.6,0,1,0,6,6
16,3,16,17.8,0,0,0,44,5
8,6,8,8.4,0,0,0,20,6
7,0,7,12.5,0,0,22,19,15
21,2,21,12.3,0,0,0,13,6
6,4,6,4.8,0,0,13,6,6
8,1,8,11.8,0,1,0,42,5
12,5,12,18.2,0,0,0,5,6
23,6,23,16.2,0,1,18,34,11
23,6,23,7.9,0,0,0,19,0
5,1,5,14.9,0,0,5,5,5
11,4,11,13.9,0,1,0,16,0
4,3,4,15.4,0,0,4,1,1
13,0,13,17.3,0,0,0,23,5
12,0,12,13.1,0,0,5,10,1
16,5,16,31.1,0,1,0,12,5
2,2,2,13.9,0,0,13,6,6
16,2,16,25.2,0,0,0,31,5
12,6,12,12.6,0,0,20,19,15
23,3,23,4.4,0,0,0,19,0
5,4,5,16.1,0,0,5,106,1
1,1,1,3.4,0,0,0,6,6
6,6,6,13.0,0,1,4,18,5
16,2,16,11.4,0,0,0,6,0
0,2,0,11.8,0,0,0,1,7
15,4,15,26.7,0,0,0,10,5
9,4,9,17.0,0,1,0,3,5
21,3,21,7.9,0,0,0,29,5
19,1,19,17.2,0,0,5,13,1
6,1,6,9.5,0,0,0,14,5
5,1,5,2.1,0,0,4,5,5
6,2,6,13.4,0,1,0,29,6
11,5,11,23.8,0,0,0,9,5
12,6,12,24.7,0,1,5,5,5
15,4,15,24.1,0,0,0,13,6
5,4,5,16.9,0,0,0,13,6
23,5,23,9.6,0,0,10,22,11
4,6,4,8.7,0,0,0,26,6
15,2,15,27.7,0,0,4,30,1
12,0,12,21.8,0,0,0,12,6
10,5,10,17.2,0,0,0,9,6
5,3,5,8.4,0,0,0,26,6
4,6,4,18.8,0,0,0,10,5
7,0,7,9.1,0,0,5,10,1
8,3,8,19.5,0,1,0,11,5
16,5,16,25.7,0,0,14,19,12
11,6,11,9.0,0,0,10,22,11
14,4,14,16.7,0,0,0,29,5
18,0,18,29.9,0,1,0,12,6
15,5,15,15.8,0,0,0,44,6
22,6,22,12.6,0,0,15,19,7
5,2,5,13.3,0,0,0,8,5
7,4,7,7.6,0,0,1,1,7
3,4,3,13.1,0,0,2,2,2
7,3,7,14.5,0,0,0,41,5
7,6,7,4.1,0,0,0,12,6
13,2,13,10.2,0,0,4,10,4
4,2,4,9.1,0,0,0,8,5
11,3,11,16.3,0,0,0,16,0
19,5,19,12.9,0,0,5,18,1
8,2,8,5.7,0,0,0,30,5
6,5,6,2.5,0,0,0,55,5
6,2,6,16.2,0,0,0,17,5
14,0,14,25.6,0,0,5,23,1
12,1,12,9.4,0,0,0,5,6
15,6,15,11.2,0,0,4,9,4
10,3,10,7.8,0,0,28,7,0
12,4,12,22.1,0,1,5,12,1
23,0,23,7.3,0,0,0,36,0
16,3,16,18.0,0,0,23,43,0
13,6,13,22.9,0,0,39,19,12
14,5,14,30.5,0,0,5,23,4
11,3,11,19.5,0,0,0,89,7
0,3,0,20.7,0,0,0,16,7
16,3,16,26.0,0,0,1,1,1
5,2,5,13.4,0,0,4,29,1
4,3,4,6.1,0,0,5,5,4
18,6,18,10.4,0,0,4,20,5
17,6,17,13.2,0,0,13,6,6
5,6,5,6.3,0,0,4,4,4
23,0,23,19.2,0,0,18,34,11
13,6,13,22.7,0,0,12,27,0
13,1,13,27.2,0,1,0,9,5
15,0,15,15.7,0,0,5,14,1
17,5,17,17.6,0,0,0,13,6
7,0,7,6.8,0,0,0,29,6
9,3,9,18.4,0,0,6,18,8
14,6,14,27.4,0,1,23,43,0
6,2,6,9.4,0,0,4,9,1
18,0,18,27.9,0,0,0,31,6
8,3,8,4.4,0,0,5,10,1
7,3,7,10.3,0,0,1,1,1
7,3,7,11.0,0,0,0,9,5
9,2,9,20.1,0,0,0,3,6
19,6,19,14.1,0,0,20,19,15
20,1,20,13.5,0,0,0,7,5
11,5,11,24.2,0,1,0,19,7
5,4,5,9.5,0,0,0,26,6
23,4,23,11.5,0,0,0,36,7
1,2,1,14.9,0,0,0,46,0
15,3,15,26.5,0,0,13,4,5
7,2,7,4.1,0,0,0,3,7
16,3,16,17.7,0,0,0,31,5
22,3,22,16.2,0,0,0,31,6
23,1,23,19.4,0,0,0,19,7
6,0,6,11.2,0,1,0,9,5
11,2,11,14.1,0,0,0,29,6
1,5,1,10.0,0,0,0,0,0
5,1,5,9.7,0,0,4,5,4
14,3,14,12.1,0,0,13,6,6
19,2,19,8.8,0,0,0,22,0
17,5,17,23.8,0,0,0,6,0
11,3,11,27.9,0,1,0,8,6
23,1,23,9.3,0,0,0,35,7
12,6,12,14.6,0,0,0,5,6
14,6,14,28.3,0,1,0,31,6
1,3,1,8.1,0,0,2,2,8
12,5,12,11.2,0,0,4,54,1
5,2,5,7.9,0,0,5,3,4
14,2,14,31.8,0,1,0,20,5
7,5,7,7.1,0,0,0,11,6
5,0,5,3.1,0,0,0,9,6
10,1,10,6.8,0,0,28,7,0
18,6,18,15.9,0,0,13,5,1
6,5,6,2.3,0,0,4,18,1
7,3,7,6.9,0,0,0,9,6
18,2,18,25.9,0,1,0,7,5
9,6,9,19.6,0,0,0,16,0
4,1,4,4.4,0,0,0,40,5
5,1,5,13.3,0,0,4,1,1
6,2,6,9.4,0,0,4,23,4
11,2,11,15.3,0,0,0,9,6
5,2,5,13.6,0,0,4,1,1
11,3,11,18.3,0,0,0,12,5
11,4,11,16.8,0,0,5,11,1
22,2,22,24.8,0,1,15,19,7
14,5,14,15.3,0,0,4,13,1
14,6,14,30.8,0,1,23,43,0
18,1,18,24.0,0,0,4,13,1
21,1,21,11.0,0,0,18,34,11
1,4,1,7.8,0,0,13,6,6
16,2,16,16.0,0,0,0,20,5
21,5,21,25.0,0,0,13,6,4
11,1,11,13.4,0,0,0,16,0
6,4,6,14.4,0,1,0,29,5
11,6,11,17.9,0,0,0,31,6
12,2,12,19.5,0,0,0,11,6
11,0,11,16.5,0,0,0,9,6
1,2,1,16.5,0,0,0,46,0
15,0,15,27.5,0,0,5,24,1
8,5,8,9.5,0,0,0,20,6
12,0,12,23.7,0,0,0,28,6
14,6,14,19.2,0,0,0,10,6
10,5,10,22.8,0,1,6,18,8
12,3,12,11.2,0,0,0,13,6
8,6,8,8.7,0,0,29,3,25
20,6,20,12.2,0,0,0,22,0
15,4,15,29.4,0,0,5,24,4
10,3,10,23.1,0,1,6,18,8
21,0,21,5.8,0,0,15,19,7
7,0,7,14.8,0,1,0,25,5
16,4,16,20.9,0,0,0,31,5
6,5,6,0.8,0,0,0,10,6
5,0,5,9.4,0,0,2,2,8
7,1,7,8.9,0,0,0,25,5
16,6,16,18.8,0,0,0,5,6
10,1,10,18.5,0,1,5,14,1
23,1,23,9.7,0,0,0,26,6
15,0,15,16.6,0,0,13,6,5
10,5,10,22.0,0,0,14,19,12
15,1,15,20.1,0,0,21,71,5
13,6,13,15.0,0,0,0,20,5
14,1,14,11.5,1,2,0,5,6
2,5,2,10.0,0,0,0,1,0
8,1,8,11.8,0,0,0,12,5
22,2,22,12.2,0,0,6,18,27
0,2,0,9.5,0,0,0,8,5
19,5,19,23.7,0,0,6,18,8
0,3,0,11.7,0,0,16,32,14
17,1,17,18.0,0,0,0,20,6
12,5,12,25.7,0,1,0,5,6
5,1,5,4.8,0,0,4,5,4
7,2,7,14.4,0,1,4,31,5
15,6,15,27.9,0,0,0,13,6
7,1,7,9.7,0,0,0,13,6
6,4,6,15.0,0,1,13,6,6
10,6,10,14.2,0,0,0,26,6
7,5,7,15.0,0,1,0,24,5
22,4,22,17.8,0,1,15,19,7
18,6,18,28.9,0,1,6,18,8
6,0,6,7.8,0,0,4,9,5
0,3,0,16.0,0,0,15,37,7
14,3,14,28.3,0,1,0,12,6
10,2,10,17.2,0,0,0,6,0
17,5,17,25.6,0,0,0,12,5
8,5,8,13.4,0,0,22,2,15
17,1,17,29.6,0,1,0,8,5
15,0,15,23.2,0,0,4,30,1
5,3,5,15.2,0,0,4,6,4
10,3,10,11.4,0,0,25,51,22
9,3,9,18.3,0,0,0,16,0
5,5,5,12.3,0,0,4,4,4
16,2,16,15.2,0,0,7,25,24
22,6,22,21.1,0,1,6,18,8
6,2,6,3.0,0,0,0,29,5
23,4,23,20.7,0,0,17,33,15
13,5,13,21.8,0,1,0,14,5
22,2,22,3.6,0,0,13,6,1
18,3,18,26.3,0,0,21,3,7
11,2,11,15.5,0,0,0,31,5
11,0,11,11.8,0,0,28,7,0
2,2,2,15.0,0,0,2,2,8
13,1,13,23.9,0,0,24,63,15
11,1,11,13.3,0,0,0,4,5
16,6,16,13.3,0,0,6,18,27
22,3,22,9.0,0,0,0,3,0
23,0,23,4.3,0,0,0,35,7
13,0,13,9.1,0,0,0,48,5
11,3,11,9.5,0,0,0,89,7
12,4,12,13.4,0,0,0,12,6
23,4,23,17.7,0,0,0,35,0
12,1,12,23.2,0,0,6,18,8
21,4,21,6.6,0,0,4,29,1
13,0,13,24.7,0,0,0,48,5
18,6,18,14.3,0,0,0,30,5
13,6,13,26.1,0,0,10,22,11
16,5,16,16.6,0,0,0,31,6
19,0,19,14.9,0,1,0,29,6
16,0,16,18.6,0,0,7,86,56
7,6,7,5.8,0,0,0,12,6
20,6,20,26.5,0,0,0,13,6
10,6,10,7.6,0,0,5,10,4
4,4,4,4.8,0,0,5,5,4
11,6,11,25.9,0,1,0,8,6
4,1,4,8.6,0,0,5,4,1
21,2,21,19.6,0,0,5,3,4
4,0,4,11.3,0,0,0,9,5
22,4,22,19.5,0,1,17,33,15
12,6,12,19.7,0,0,0,9,6
7,1,7,16.3,0,0,0,11,5
7,3,7,7.5,0,0,5,6,1
5,0,5,9.9,0,0,4,4,5
7,1,7,5.5,0,0,0,10,6
5,1,5,12.4,0,0,4,4,4
6,0,6,14.3,0,0,4,23,4
7,1,7,13.4,0,0,0,12,5
7,3,7,10.2,0,0,0,29,6
9,1,9,19.3,0,0,0,17,5
14,6,14,15.3,0,0,13,99,5
3,5,3,14.4,0,0,2,2,2
20,1,20,21.9,0,1,0,10,5
4,2,4,9.4,0,0,5,26,1
22,0,22,18.0,0,1,6,18,8
12,6,12,26.3,0,0,5,10,1
14,4,14,15.7,0,0,4,20,1
13,6,13,15.8,0,0,0,48,6
6,6,6,8.4,0,0,0,29,5
18,6,18,9.3,0,0,13,5,5
23,4,23,10.8,0,0,15,19,7
13,3,13,22.8,0,0,4,13,4
15,0,15,30.7,0,1,20,19,15
7,6,7,6.5,0,0,0,9,6
18,5,18,12.3,0,0,0,25,6
10,4,10,14.2,0,0,5,12,1
15,6,15,18.9,0,0,5,30,1
6,0,6,7.9,0,0,4,18,5
10,4,10,7.9,0,0,5,41,1
4,1,4,11.6,0,0,0,13,5
5,5,5,0.9,0,0,4,5,5
23,3,23,12.2,0,0,0,19,0
5,2,5,5.7,0,0,0,13,6
17,0,17,27.2,0,0,0,23,6
13,1,13,11.2,0,0,0,29,6
14,3,14,17.8,0,0,4,3,5
21,5,21,25.6,0,0,0,22,0
20,6,20,11.2,0,0,18,34,11
11,3,11,19.4,0,0,20,7,15
9,5,9,20.2,0,0,0,20,5
11,4,11,21.2,0,0,0,25,5
5,2,5,5.8,0,0,5,3,4
20,2,20,9.4,0,0,0,26,6
23,1,23,16.3,0,0,0,35,7
10,3,10,10.6,0,0,0,20,6
13,2,13,22.8,0,0,28,7,0
9,6,9,18.2,0,0,7,67,24
21,1,21,11.0,0,0,0,10,6
15,3,15,18.1,1,2,5,12,4
8,3,8,7.8,0,0,5,10,4
8,1,8,12.1,0,0,27,121,32
18,5,18,29.1,0,0,5,23,1
0,4,0,18.9,0,0,0,19,0
6,3,6,13.3,0,1,4,5,4
4,4,4,5.8,0,0,0,9,6
2,3,2,10.2,0,0,2,2,8
12,3,12,13.2,0,0,0,5,6
9,0,9,16.0,0,0,0,16,0
4,4,4,10.8,0,0,5,4,1
16,6,16,25.7,0,0,0,31,6
17,4,17,20.7,0,0,5,25,1
19,4,19,29.1,0,1,5,18,5
18,1,18,14.2,0,0,14,19,12
16,2,16,21.0,0,0,0,5,5
9,1,9,5.9,0,0,0,8,6
3,3,3,18.6,0,0,14,19,16
12,0,12,18.8,0,0,0,18,5
5,2,5,12.5,0,0,21,3,14
8,0,8,7.8,0,0,0,11,6
13,0,13,29.7,0,1,0,20,5
13,2,13,13.3,0,0,0,25,5
13,0,13,22.5,0,0,0,12,6
11,3,11,21.8,0,0,0,30,5
15,4,15,26.5,0,0,0,3,6
12,2,12,18.9,0,0,0,31,6
12,2,12,11.5,0,0,0,18,5
7,0,7,13.5,0,1,0,41,5
11,1,11,14.5,0,0,4,54,1
5,0,5,13.6,0,0,0,9,5
20,3,20,8.5,0,0,0,8,6
11,5,11,12.9,0,0,0,24,5
22,2,22,18.9,0,1,6,18,8
23,0,23,16.7,0,0,17,33,15
15,4,15,16.4,0,0,1,1,1
19,5,19,7.3,0,0,13,6,6
8,0,8,18.0,0,0,0,12,5
6,4,6,6.3,0,0,4,18,1
8,3,8,13.0,0,0,5,10,1
13,6,13,21.1,0,0,0,29,6
9,6,9,15.3,0,0,20,6,15
8,3,8,16.9,0,1,0,5,5
17,5,17,26.7,0,1,0,13,5
17,2,17,25.2,0,0,0,8,6
9,5,9,10.1,0,0,0,9,6
11,0,11,9.0,0,0,0,19,7
13,0,13,9.1,0,0,28,7,0
4,1,4,12.2,0,0,5,13,1
7,1,7,12.9,0,1,0,7,5
17,1,17,22.7,0,0,0,6,0
8,5,8,1.5,0,0,4,30,1
15,5,15,29.1,0,0,0,3,6
6,4,6,8.0,1,2,0,19,0
6,0,6,14.8,0,0,0,10,5
5,2,5,11.9,0,0,21,3,5
21,3,21,9.4,0,0,5,10,4
13,6,13,13.9,0,0,6,18,8
12,5,12,25.5,0,1,0,31,5
12,2,12,22.7,0,1,5,5,5
6,0,6,12.4,0,1,0,17,5
3,0,3,14.6,0,0,14,19,16
19,5,19,29.4,0,1,31,63,12
12,2,12,28.5,0,1,5,5,5
6,4,6,4.9,0,0,0,6,7
23,2,23,11.6,1,2,4,31,4
8,1,8,9.1,0,0,4,20,1
8,0,8,6.4,0,0,0,25,6
16,0,16,33.1,0,0,0,20,6
14,3,14,16.7,0,0,5,6,1
16,0,16,8.2,0,0,0,5,6
21,1,21,13.4,0,0,0,26,6
12,4,12,19.0,0,0,4,5,4
1,4,1,11.8,0,0,2,2,8
0,2,0,14.4,0,0,0,8,6
17,2,17,29.6,0,0,13,5,5
4,0,4,11.8,0,0,13,6,6
10,3,10,16.7,0,1,26,58,0
23,1,23,9.8,0,0,0,15,7
7,5,7,10.1,0,0,0,25,6
16,3,16,24.4,0,1,0,12,6
14,1,14,21.2,0,0,0,12,6
14,6,14,27.8,0,1,25,59,22
20,6,20,10.5,0,0,22,2,15
16,5,16,29.8,0,0,0,9,6
13,5,13,25.4,0,0,0,48,6
13,6,13,18.6,0,0,20,19,15
1,3,1,12.5,0,0,1,1,1
16,4,16,19.8,0,0,31,63,12
6,0,6,12.5,0,0,4,18,1
5,3,5,2.0,0,0,0,26,6
9,5,9,4.6,0,0,0,16,7
15,2,15,19.3,0,0,0,3,6
8,3,8,6.2,0,0,0,30,5
9,6,9,8.6,0,0,5,10,4
12,0,12,14.1,0,0,8,19,10
13,6,13,22.3,0,0,4,13,4
9,2,9,23.4,0,1,26,58,0
17,2,17,13.8,0,0,0,48,5
5,4,5,10.0,0,0,0,9,6
15,0,15,27.0,0,1,6,18,8
5,0,5,11.8,0,0,0,18,5
21,0,21,8.9,0,0,14,19,16
16,1,16,24.3,0,1,0,18,5
11,2,11,21.6,0,0,0,20,6
6,5,6,11.0,0,0,4,5,4
6,2,6,9.4,0,0,4,13,4
16,2,16,16.0,0,0,0,18,5
14,1,14,18.2,0,0,0,29,6
23,3,23,18.5,0,0,0,19,0
12,1,12,12.1,0,0,4,13,4
23,4,23,6.5,0,0,0,19,0
6,0,6,7.7,0,0,4,23,1
17,0,17,31.7,0,1,14,19,16
23,3,23,17.2,0,1,17,33,15
6,0,6,4.8,0,0,25,52,23
9,2,9,10.3,0,0,0,18,5
11,6,11,12.9,0,0,10,22,11
0,1,0,18.1,0,0,15,37,7
8,1,8,17.9,0,1,0,25,6
14,2,14,16.0,0,0,13,6,6
16,6,16,27.9,0,0,0,5,6
17,0,17,17.2,0,0,5,23,4
12,0,12,26.2,0,1,0,7,5
0,2,0,12.3,0,0,0,8,6
22,2,22,11.1,1,2,14,7,12
12,2,12,16.7,0,0,7,10,18
10,1,10,20.7,0,1,0,13,6
21,1,21,14.5,0,0,0,8,5
16,6,16,16.4,0,0,20,63,15
22,6,22,16.7,0,0,13,6,6
12,4,12,13.2,0,0,5,29,1
10,1,10,8.9,0,0,0,10,6
2,1,2,17.2,0,0,13,6,6
8,6,8,1.3,0,0,0,11,6
22,5,22,24.8,0,1,32,19,15
19,2,19,28.3,0,0,13,6,6
16,3,16,14.2,0,0,0,18,5
19,0,19,11.2,0,0,7,96,55
20,0,20,9.3,0,0,5,10,4
12,6,12,21.0,0,0,2,2,2
18,1,18,29.1,0,1,0,10,6
5,2,5,11.9,0,0,0,8,5
11,1,11,22.0,0,1,0,31,5
5,2,5,10.2,0,0,4,13,4
18,5,18,34.9,0,1,0,12,6
5,6,5,13.8,0,0,5,4,1
5,3,5,12.2,0,0,0,55,5
15,2,15,20.4,0,0,0,6,6
22,5,22,21.4,0,1,16,32,14
18,5,18,15.5,0,0,0,12,6
5,4,5,14.3,0,0,4,1,1
9,4,9,13.6,0,1,22,19,15
20,2,20,12.4,0,0,0,9,5
21,4,21,6.6,0,0,5,26,1
15,6,15,17.2,0,0,23,43,0
12,6,12,20.5,0,0,0,5,5
18,0,18,27.0,0,1,0,7,5
10,3,10,24.9,0,1,0,30,5
14,6,14,27.8,0,0,0,14,5
14,4,14,15.4,0,0,0,12,6
21,2,21,6.8,0,0,18,34,11
11,3,11,19.5,0,0,0,46,0
13,6,13,26.1,0,1,0,14,5
8,5,8,6.6,0,0,0,4,5
22,4,22,21.2,0,1,6,18,8
8,2,8,10.9,0,0,5,10,1
13,6,13,27.1,0,1,0,48,5
0,6,0,18.0,0,0,19,15,7
10,5,10,22.0,0,1,0,13,5
6,2,6,8.0,0,1,4,18,5
15,6,15,11.3,0,0,13,4,5
20,2,20,11.6,0,0,0,3,5
16,5,16,17.5,0,0,0,31,6
15,6,15,15.7,0,0,0,23,6
6,3,6,4.6,0,0,0,3,1
10,1,10,21.6,0,1,0,9,6
11,4,11,11.8,0,0,0,25,5
11,4,11,13.3,0,0,0,12,5
11,3,11,13.9,0,0,0,16,0
10,1,10,7.7,0,0,0,6,7
6,4,6,15.1,0,1,0,10,6
8,1,8,6.0,0,0,21,3,5
21,0,21,17.1,0,0,0,3,6
18,6,18,29.4,0,0,21,3,0
13,3,13,20.8,0,0,5,12,1
14,0,14,12.1,0,0,5,13,1
1,6,1,14.6,0,0,13,6,5
11,6,11,16.2,0,0,5,24,4
21,5,21,23.5,0,1,0,7,5
9,5,9,22.1,0,1,22,2,15
5,6,5,13.1,0,0,4,4,5
1,1,1,17.0,0,0,16,32,14
5,6,5,6.5,0,0,21,3,5
6,5,6,7.6,0,0,5,3,4
4,4,4,10.7,0,0,5,5,4
8,1,8,9.8,0,0,13,6,1
12,3,12,15.7,0,0,5,5,4
14,3,14,25.0,0,0,11,60,3
11,2,11,17.3,0,0,0,19,7
11,4,11,16.2,0,0,0,31,6
8,0,8,13.6,0,1,13,6,4
11,5,11,22.5,0,0,27,66,40
15,4,15,15.4,0,0,0,13,6
5,5,5,14.1,0,0,0,31,6
0,5,0,9.6,0,0,0,1,0
5,2,5,9.1,0,0,0,18,5
23,4,23,8.2,0,0,0,15,7
10,5,10,15.4,0,1,0,29,5
0,6,0,19.0,0,0,10,22,11
17,6,17,10.5,0,0,0,30,5
13,5,13,16.1,0,1,0,7,5
14,1,14,26.4,0,1,0,11,5
6,3,6,8.3,0,0,0,9,5
16,5,16,27.9,0,0,0,31,6
7,3,7,4.6,0,0,0,12,6
10,2,10,13.9,0,0,53,11,31
13,6,13,14.4,0,0,0,25,6
7,3,7,1.0,0,0,0,12,6
8,3,8,11.6,0,0,4,13,4
0,0,0,10.8,0,0,0,1,7
9,3,9,19.3,0,0,21,3,5
11,6,11,23.3,0,0,0,13,5
19,6,19,14.3,0,0,0,12,5
10,2,10,13.4,0,0,0,25,6
7,5,7,12.7,0,0,0,25,5
18,3,18,10.3,0,0,0,12,6
16,1,16,16.7,0,0,4,13,1
18,2,18,27.0,0,0,0,25,6
6,1,6,14.3,0,1,4,9,4
2,0,2,3.0,0,0,8,19,10
16,3,16,18.3,0,0,4,20,4
11,6,11,22.4,0,1,0,8,6
14,0,14,16.8,0,0,4,5,5
5,1,5,9.7,0,0,7,32,9
23,6,23,6.1,0,0,0,36,0
23,4,23,8.3,0,0,5,6,1
2,1,2,11.6,0,0,0,27,0
5,0,5,4.1,0,0,0,9,6
22,1,22,9.8,0,0,10,22,11
19,0,19,7.8,0,0,35,112,12
17,5,17,25.4,0,0,0,44,6
12,1,12,24.4,0,0,0,8,6
5,5,5,4.7,0,0,4,23,5
12,5,12,23.6,0,0,20,19,15
23,6,23,3.9,0,0,0,15,7
23,6,23,15.6,0,0,6,18,8
9,0,9,9.9,0,0,0,29,6
20,3,20,8.7,1,2,0,9,6
10,6,10,21.3,0,0,0,20,6
21,5,21,8.5,0,0,14,19,12
10,2,10,7.7,0,0,0,29,6
23,2,23,20.1,0,0,0,19,0
15,1,15,29.7,0,1,0,44,5
4,3,4,9.7,0,0,0,10,6
19,3,19,9.1,0,0,5,30,1
4,6,4,12.9,0,0,14,19,15
20,3,20,19.5,0,0,13,6,4
10,2,10,22.2,0,1,0,23,5
11,5,11,15.0,0,0,4,54,1
8,1,8,13.8,0,1,4,13,1
11,4,11,22.3,0,0,5,10,4
4,1,4,11.5,0,0,0,3,5
5,3,5,13.5,0,0,0,8,5
17,5,17,28.9,0,1,4,29,1
8,0,8,4.8,0,0,4,39,1
13,2,13,10.5,0,0,5,7,1
18,4,18,25.0,0,0,5,18,1
0,1,0,15.8,0,0,15,37,7
7,1,7,12.4,0,0,0,13,6
8,3,8,11.9,0,0,6,18,8
0,6,0,18.8,0,0,0,0,0
4,0,4,9.2,0,0,0,26,5
12,2,12,11.4,0,0,0,5,6
19,5,19,15.0,0,0,5,31,1
3,2,3,14.5,0,0,24,7,15
12,2,12,18.9,0,0,0,13,5
16,0,16,24.1,0,0,0,44,6
21,1,21,13.2,0,0,0,3,6
16,0,16,16.6,0,0,0,12,5
12,3,12,11.5,0,0,0,20,6
14,3,14,12.5,0,0,13,99,1
6,4,6,14.8,0,1,4,5,4
9,3,9,8.1,0,0,0,29,5
16,5,16,35.5,0,0,20,7,15
9,3,9,15.2,0,0,0,15,7
23,4,23,13.4,0,0,6,7,8
16,6,16,10.4,0,0,4,44,4
20,6,20,10.6,0,0,5,30,1
11,2,11,10.6,0,0,5,10,4
6,5,6,8.6,0,0,4,9,4
19,6,19,9.7,0,0,5,9,4
8,3,8,17.0,0,1,0,4,5
9,3,9,20.6,0,0,0,17,5
23,3,23,17.7,0,1,19,15,0
0,5,0,16.8,0,0,15,37,7
8,4,8,11.5,0,0,5,10,1
5,0,5,3.5,0,0,4,23,1
23,0,23,16.0,0,1,19,15,7
19,2,19,12.8,0,0,0,22,0
6,6,6,12.0,0,0,21,3,14
12,3,12,10.7,0,0,0,13,6
1,5,1,9.1,0,0,0,6,6
5,4,5,15.6,0,0,2,2,8
9,2,9,14.6,0,1,6,18,17
10,2,10,10.1,0,0,0,23,5
18,2,18,19.5,0,0,0,18,5
18,2,18,20.1,0,0,0,12,6
11,2,11,13.2,0,0,0,12,6
12,3,12,28.4,0,0,6,30,19
19,5,19,11.6,0,0,0,29,5
22,0,22,19.3,0,0,0,19,0
12,5,12,24.0,0,0,0,31,6
18,5,18,27.6,0,0,5,23,4
1,1,1,14.9,0,0,2,2,8
21,0,21,14.4,1,2,0,5,6
10,0,10,21.0,0,1,0,17,5
11,1,11,20.3,0,1,0,30,5
9,1,9,2.9,0,0,0,8,6
14,6,14,27.3,0,0,7,82,18
4,5,4,12.0,0,0,0,10,6
8,0,8,15.6,0,0,0,12,6
14,0,14,28.1,0,1,0,10,5
10,0,10,14.0,0,0,0,9,6
13,2,13,26.9,0,1,0,5,6
10,0,10,20.4,0,1,0,8,5
19,4,19,14.6,0,0,4,9,4
1,2,1,14.4,0,0,0,0,0
16,1,16,15.8,0,0,0,25,6
13,1,13,18.9,0,0,5,6,1
8,1,8,9.7,0,0,0,29,6
1,1,1,11.6,0,0,2,2,8
19,4,19,26.6,0,1,0,6,5
16,5,16,18.6,0,0,5,12,1
17,0,17,24.7,0,0,0,23,6
15,3,15,24.4,0,1,5,12,4
10,5,10,3.7,0,0,0,10,6
8,5,8,2.8,0,0,0,18,5
22,4,22,18.3,0,0,15,19,13
15,6,15,20.3,0,0,0,20,6
11,2,11,12.7,0,0,5,10,4
20,1,20,28.3,0,1,4,18,5
4,0,4,11.6,0,0,0,23,6
8,1,8,6.2,0,0,0,25,5
15,2,15,13.5,0,0,0,6,6
5,1,5,10.5,0,0,0,13,6
14,0,14,11.1,0,0,0,12,5
9,1,9,20.5,0,1,26,58,0
20,6,20,19.3,0,0,0,26,6
23,4,23,8.7,0,0,0,19,0
7,0,7,4.8,0,0,0,25,6
17,1,17,17.7,0,0,5,23,4
6,4,6,11.0,0,0,8,19,10
3,1,3,17.8,0,0,20,19,15
16,6,16,29.1,0,1,0,48,5
10,4,10,7.5,0,0,28,7,0
18,5,18,27.9,0,0,5,18,1
12,1,12,20.2,0,1,0,23,5
16,5,16,20.0,0,0,0,31,6
9,6,9,15.4,0,0,0,16,7
14,4,14,17.4,0,0,0,13,6
9,6,9,8.9,0,0,5,10,4
7,6,7,12.1,0,1,0,8,6
5,4,5,4.4,0,0,5,3,4
11,4,11,10.5,0,1,0,12,5
16,2,16,35.6,0,1,0,4,5
13,0,13,22.2,0,0,0,3,5
8,4,8,15.1,0,0,4,12,4
10,0,10,14.9,0,0,5,12,1
9,0,9,10.2,0,0,0,12,5
9,6,9,9.8,0,0,0,18,5
12,3,12,15.7,0,0,0,6,6
5,6,5,8.6,0,0,4,4,4
14,1,14,13.0,0,0,13,5,5
13,2,13,14.9,0,0,0,48,6
18,4,18,25.2,0,0,0,25,6
17,3,17,21.1,0,0,8,19,10
5,2,5,12.3,0,0,4,5,5
8,1,8,8.9,0,0,0,20,5
17,6,17,18.7,0,0,5,5,1
6,3,6,14.1,0,1,0,10,5
9,0,9,13.0,0,0,0,29,5
10,2,10,22.0,0,1,0,16,0
11,3,11,13.4,0,0,0,29,5
20,6,20,15.8,0,0,0,31,6
16,6,16,16.4,0,0,0,1,7
0,3,0,3.4,0,0,8,19,10
13,5,13,12.2,0,0,0,31,6
22,3,22,4.4,0,0,10,22,11
4,2,4,10.1,0,0,0,13,6
4,2,4,3.4,0,0,0,13,6
16,0,16,24.2,0,0,0,9,6
8,0,8,8.6,0,0,0,6,6
8,3,8,4.8,0,0,4,10,1
14,1,14,10.6,0,0,0,48,6
11,5,11,12.3,0,0,0,13,5
12,3,12,25.2,0,1,0,53,5
8,4,8,16.8,0,0,0,3,6
11,3,11,10.2,0,0,0,9,6
11,3,11,9.5,0,0,0,16,0
21,3,21,10.0,0,0,0,10,5
16,6,16,16.5,0,0,4,64,1
17,2,17,14.7,0,0,4,45,4
14,5,14,17.0,0,0,21,71,5
8,5,8,9.9,0,0,0,3,6
15,6,15,17.0,0,0,23,43,0
21,1,21,11.4,0,0,18,34,11
8,6,8,16.0,0,1,0,7,6
4,0,4,1.8,0,0,2,2,8
16,0,16,18.6,0,0,0,25,6
13,4,13,11.9,0,0,4,10,5
0,3,0,11.1,0,0,0,15,7
18,4,18,29.7,0,0,5,26,4
1,2,1,15.8,0,0,2,2,8
22,5,22,24.2,0,0,5,3,4
23,1,23,10.3,0,0,6,18,8
4,4,4,8.9,0,0,0,10,5
15,1,15,13.0,0,0,0,44,5
16,6,16,32.8,0,1,4,5,5
13,3,13,22.6,0,0,0,3,5
0,5,0,15.2,0,0,10,22,11
15,3,15,22.6,0,0,23,43,0
9,5,9,9.5,0,0,0,16,0
11,0,11,8.1,0,0,10,22,11
8,4,8,15.0,0,1,0,4,5
0,6,0,5.9,0,0,8,19,10
6,2,6,8.6,0,1,0,9,6
6,6,6,11.2,0,0,0,9,6
15,2,15,23.8,0,0,0,44,5
17,0,17,22.0,0,0,0,6,6
5,4,5,8.4,0,0,0,8,6
11,2,11,14.8,0,0,13,6,6
8,6,8,23.4,0,0,5,12,1
7,2,7,12.2,0,0,0,10,6
13,6,13,22.6,0,0,23,43,0
20,6,20,9.7,0,0,42,22,41
18,1,18,27.2,0,0,5,23,4
5,3,5,4.4,0,0,5,3,4
4,3,4,10.4,0,0,30,6,15
15,3,15,25.9,0,1,0,14,5
17,1,17,13.7,0,0,0,9,5
15,3,15,26.6,0,1,27,83,52
18,3,18,31.0,0,0,0,20,5
18,1,18,15.6,0,0,5,23,4
16,3,16,24.6,0,0,0,29,5
11,1,11,23.2,0,1,0,10,5
8,3,8,4.4,0,0,21,3,5
10,3,10,10.2,0,0,0,20,5
7,1,7,14.1,0,0,5,10,4
11,0,11,14.8,0,0,0,6,6
11,4,11,10.4,1,2,5,10,4
21,2,21,14.8,0,0,7,12,24
1,2,1,4.8,0,0,0,46,0
23,4,23,10.3,0,0,0,35,0
17,3,17,17.6,0,0,5,23,4
9,0,9,2.9,0,0,0,3,6
17,4,17,29.4,0,1,0,10,5
15,2,15,11.7,0,0,4,13,4
17,4,17,29.9,0,1,4,20,4
18,6,18,24.9,0,0,0,12,6
16,0,16,18.5,0,0,0,6,6
6,6,6,12.0,0,0,0,9,6
5,1,5,8.4,0,0,4,13,1
7,5,7,0.8,0,0,22,2,15
9,5,9,15.9,0,0,0,30,5
9,1,9,23.0,0,1,5,10,1
17,4,17,27.5,0,1,4,20,4
19,1,19,25.9,0,0,0,12,6
15,3,15,27.7,0,0,0,9,6
20,3,20,18.6,0,0,5,18,1
5,2,5,11.5,0,0,0,13,5
6,4,6,4.3,0,0,0,9,5
9,5,9,9.1,0,0,0,20,6
9,6,9,10.1,0,0,0,8,6
21,3,21,23.9,0,1,0,8,6
12,2,12,21.3,0,0,9,21,11
22,0,22,20.5,0,1,16,32,14
16,0,16,24.9,0,0,4,20,4
6,6,6,15.4,0,1,4,6,5
22,3,22,13.7,0,0,0,7,6
8,2,8,10.2,0,0,6,18,8
4,6,4,6.9,0,0,0,10,6
13,5,13,28.3,0,1,10,22,11
1,2,1,16.9,0,0,7,9,20
12,1,12,12.2,0,0,0,12,6
4,1,4,11.5,0,0,5,4,1
19,5,19,12.0,0,0,0,8,6
19,3,19,24.9,0,1,0,29,5
4,2,4,9.9,0,0,0,5,6
5,3,5,14.2,0,0,21,3,14
9,5,9,5.7,0,0,0,16,0
7,0,7,11.7,0,0,0,9,5
16,2,16,21.6,0,0,0,14,5
19,1,19,4.1,0,0,5,18,1
15,4,15,17.0,0,0,4,13,4
13,1,13,18.7,0,0,5,6,1
1,1,1,13.3,0,0,0,6,5
23,1,23,19.1,0,0,5,10,1
4,1,4,11.1,0,0,0,40,5
18,2,18,13.6,0,0,0,29,5
9,6,9,13.5,0,0,5,20,4
21,3,21,10.6,0,0,20,19,15
13,0,13,24.8,0,0,4,13,4
0,1,0,5.8,0,0,5,7,1
13,0,13,24.8,0,1,0,18,5
19,0,19,24.9,0,1,5,18,5
11,6,11,28.4,0,0,18,34,51
4,0,4,8.8,0,0,21,3,5
11,3,11,18.5,0,1,73,6,11
13,2,13,12.2,0,0,0,31,6
17,3,17,32.1,0,0,0,23,6
18,4,18,10.2,0,0,0,12,5
19,6,19,9.7,0,0,0,22,0
7,1,7,11.2,0,1,6,18,17
16,6,16,25.9,0,0,0,44,6
23,4,23,15.3,0,0,0,35,7
10,3,10,16.6,0,0,0,6,0
0,3,0,13.0,0,0,73,120,3
16,0,16,25.2,0,0,0,29,6
7,6,7,19.7,0,0,0,7,6
21,4,21,19.5,0,1,0,10,6
15,0,15,18.3,0,0,0,20,6
1,4,1,8.2,0,0,0,6,6
9,4,9,11.3,0,0,0,16,0
19,5,19,7.0,0,0,0,10,6
5,2,5,15.7,0,0,0,26,5
9,1,9,16.0,0,1,0,9,6
14,0,14,25.1,0,0,0,31,5
9,4,9,4.9,0,0,0,25,5
15,3,15,27.2,0,0,0,9,6
19,2,19,28.0,0,1,0,8,5
15,6,15,11.2,0,0,6,18,8
19,4,19,19.1,0,0,5,12,1
5,3,5,5.3,0,0,0,8,5
13,2,13,11.7,0,0,0,10,6
4,4,4,5.8,0,0,20,6,15
11,0,11,22.4,0,0,0,8,5
14,1,14,27.2,0,1,12,27,0
13,4,13,14.7,0,0,20,19,15
1,2,1,9.9,0,0,5,30,1
12,2,12,28.0,0,1,0,7,5
23,0,23,19.1,0,0,15,37,7
13,0,13,27.3,0,1,0,8,6
18,0,18,29.6,0,0,21,3,0
15,5,15,19.8,0,0,6,18,27
0,6,0,8.5,0,0,0,1,7
11,1,11,12.7,0,0,28,7,0
5,0,5,11.9,0,0,4,9,1
7,5,7,12.1,0,0,5,8,4
14,2,14,18.0,0,0,4,18,4
10,1,10,14.5,0,0,0,13,6
8,1,8,3.5,0,0,0,25,5
6,1,6,11.4,0,0,4,18,1
21,2,21,11.3,1,2,0,29,6
12,6,12,24.5,0,1,0,5,6
22,1,22,9.7,1,2,0,16,0
6,5,6,1.4,0,0,21,3,5
14,4,14,11.8,0,0,0,20,5
1,1,1,13.4,0,0,1,1,1
11,0,11,17.6,0,0,0,19,0
16,4,16,26.1,0,0,23,43,0
11,2,11,12.3,0,0,25,52,23
12,2,12,28.0,0,1,0,5,6
13,5,13,18.3,0,0,0,30,5
15,4,15,30.5,0,1,0,4,5
17,3,17,32.5,0,0,43,30,8
15,1,15,30.7,0,1,13,6,6
15,1,15,20.3,0,0,0,25,6
17,6,17,12.0,0,0,13,5,5
6,6,6,4.2,0,0,0,9,6
12,2,12,15.0,0,0,0,31,6
7,3,7,4.1,0,0,0,3,7
1,4,1,12.5,0,0,0,22,0
14,4,14,27.3,0,0,0,11,5
4,4,4,12.7,0,0,0,26,5
1,0,1,13.1,0,0,2,2,8
5,0,5,12.6,0,0,4,4,4
8,3,8,9.1,0,0,0,3,6
12,6,12,19.0,0,0,0,24,5
8,5,8,18.6,0,0,22,2,15
14,0,14,29.4,0,1,25,59,22
13,6,13,14.8,0,0,5,14,1
16,6,16,30.7,0,1,20,19,15
18,0,18,22.0,0,0,0,6,6
16,5,16,15.2,0,0,5,10,1
18,0,18,16.7,0,0,0,13,6
5,0,5,12.9,0,0,3,3,3
5,2,5,3.6,0,0,4,31,4
10,1,10,16.5,0,0,0,31,6
15,3,15,28.1,0,1,25,51,22
2,3,2,8.6,0,0,14,19,12
7,3,7,8.3,0,0,0,9,5
16,6,16,29.5,0,1,4,13,5
0,1,0,15.3,0,0,15,37,7
6,0,6,6.8,0,0,1,1,7
9,5,9,15.2,0,0,5,10,4
21,2,21,8.2,0,0,0,3,5
12,2,12,19.5,0,0,0,5,5
15,0,15,11.9,0,0,0,13,6
15,5,15,29.7,0,0,5,29,1
7,5,7,4.3,0,0,0,26,6
18,3,18,12.4,0,0,0,48,6
16,1,16,29.3,0,1,4,5,1
11,5,11,24.2,0,0,0,9,6
10,0,10,19.5,0,0,0,12,5
2,6,2,10.3,0,0,0,27,0
4,3,4,5.5,0,0,0,8,6
15,0,15,32.0,0,1,0,5,5
0,6,0,21.3,0,0,0,19,0
10,0,10,13.7,0,0,0,9,6
14,4,14,17.2,0,0,0,20,5
3,6,3,12.7,0,0,2,2,2
9,6,9,9.5,0,0,5,10,1
5,1,5,8.8,0,0,5,29,1
13,2,13,15.6,0,0,4,9,4
7,3,7,11.2,0,0,0,83,5
20,3,20,9.0,0,0,0,7,6
12,1,12,10.1,0,0,5,24,4
9,0,9,21.0,0,0,0,17,5
8,3,8,11.6,0,0,0,16,7
19,6,19,21.5,0,0,0,29,6
6,5,6,9.9,0,0,4,18,5
23,5,23,16.9,0,0,0,35,7
18,1,18,28.5,0,0,0,18,5
5,0,5,9.3,0,0,0,13,6
13,5,13,20.1,0,0,0,18,5
7,3,7,7.5,0,0,5,10,4
8,2,8,16.8,0,0,0,20,5
11,6,11,18.2,0,0,5,24,1
9,1,9,14.8,0,0,0,3,6
15,2,15,19.6,0,0,7,12,20
19,0,19,15.1,0,0,0,29,6
22,3,22,4.8,0,0,13,6,6
16,2,16,34.3,0,1,4,13,4
14,4,14,22.8,0,0,0,24,5
14,0,14,12.0,0,0,4,6,4
12,3,12,22.2,0,0,13,6,6
11,3,11,18.9,0,0,28,7,0
21,3,21,9.4,0,0,0,3,6
9,4,9,19.2,0,0,0,15,7
15,1,15,12.8,0,0,0,23,6
20,1,20,26.3,0,1,0,6,5
6,4,6,11.9,0,1,4,5,4
1,4,1,12.5,0,0,10,22,11
14,2,14,19.6,0,0,13,99,1
4,6,4,12.2,0,0,8,19,10
23,6,23,5.7,0,0,0,8,5
10,3,10,21.5,0,1,20,19,15
17,6,17,17.9,0,0,0,23,5
0,2,0,8.1,0,0,0,1,0
21,0,21,12.1,0,0,18,34,11
8,2,8,8.9,0,0,0,25,5
13,3,13,10.9,0,0,0,29,6
8,0,8,19.3,0,1,0,4,5
6,0,6,2.9,0,0,0,13,6
13,3,13,16.5,0,0,6,18,8
1,0,1,19.3,0,0,8,1,10
23,2,23,14.4,0,0,0,35,7
17,6,17,22.3,0,0,0,22,0
5,6,5,8.9,0,0,0,13,6
16,2,16,10.4,0,0,0,6,0
12,0,12,24.5,0,0,0,12,6
5,4,5,14.4,0,0,4,5,4
16,6,16,15.4,0,0,12,27,0
5,4,5,9.7,0,0,4,1,1
5,1,5,12.1,0,0,4,6,1
13,0,13,15.9,0,0,4,9,1
6,5,6,2.5,0,0,0,29,5
10,2,10,12.0,0,0,0,29,5
18,0,18,16.7,1,2,0,53,7
21,4,21,22.9,0,0,0,13,6
6,0,6,5.0,0,0,25,51,22
8,0,8,15.3,0,0,0,18,6
12,0,12,24.9,0,1,0,12,5
11,0,11,13.1,0,0,5,12,4
14,6,14,26.4,0,0,23,43,0
23,5,23,10.0,0,0,13,6,1
16,6,16,30.7,0,1,0,28,5
17,3,17,27.6,0,0,7,50,75
10,2,10,18.1,0,0,0,13,6
4,2,4,4.4,0,0,2,2,8
5,1,5,14.3,0,0,4,4,4
12,5,12,26.3,0,1,28,7,0
16,6,16,32.7,0,0,5,12,1
23,3,23,20.2,0,1,15,37,7
6,0,6,2.7,0,0,4,23,1
15,6,15,21.3,0,0,0,12,5
6,5,6,10.7,0,0,0,8,5
2,5,2,13.2,0,0,13,6,6
6,1,6,4.4,0,0,0,6,7
2,0,2,15.5,0,0,2,2,8
0,6,0,13.9,0,0,0,0,0
15,4,15,11.9,0,0,0,9,5
13,0,13,25.5,0,0,0,9,6
19,0,19,8.7,0,0,4,18,1
17,3,17,14.8,0,1,0,6,0
8,6,8,13.8,0,1,0,4,5
19,3,19,11.7,0,0,0,10,6
19,4,19,24.5,0,0,0,6,5
11,4,11,24.0,0,0,0,13,6
15,3,15,11.4,0,0,0,18,5
4,0,4,8.4,0,0,21,3,5
2,3,2,10.3,0,0,68,63,15
11,1,11,11.4,0,0,0,19,7
15,1,15,28.0,0,1,23,43,0
5,0,5,13.9,0,0,4,29,1
19,6,19,23.8,0,1,0,8,6
12,6,12,13.9,0,0,0,31,6
19,3,19,24.0,0,0,11,60,3
18,0,18,23.4,0,0,0,12,6
13,1,13,27.5,0,1,0,23,5
3,1,3,13.6,0,0,13,6,4
23,1,23,16.9,0,1,19,15,0
16,1,16,20.1,0,0,23,43,0
8,2,8,19.7,0,0,0,18,5
12,0,12,19.9,0,0,0,13,6
16,2,16,22.0,0,0,4,31,1
19,4,19,9.9,0,0,0,22,0
22,4,22,7.2,1,2,5,106,1
16,0,16,31.7,0,0,0,7,5
13,4,13,23.6,0,0,0,13,6
8,6,8,6.7,0,0,5,12,1
18,3,18,27.4,0,1,0,12,6
5,4,5,10.8,0,0,0,9,6
8,5,8,19.1,0,0,5,10,1
5,6,5,13.6,0,0,21,3,5
17,3,17,24.5,0,1,0,18,5
11,1,11,12.9,0,0,0,9,6
16,5,16,20.1,0,0,0,22,0
5,4,5,5.0,0,0,13,6,4
22,1,22,15.1,0,1,16,32,14
6,4,6,14.1,0,0,21,3,5
19,4,19,15.0,0,0,13,5,5
20,3,20,27.0,0,0,0,7,6
20,1,20,13.6,0,0,0,22,0
8,6,8,2.1,0,0,4,10,4
8,5,8,15.5,0,1,4,9,4
13,4,13,25.7,0,1,3,3,3
12,5,12,23.3,0,1,0,10,5
5,0,5,12.1,0,0,3,3,3
22,0,22,5.5,0,0,15,19,7
9,5,9,8.1,0,0,4,20,4
4,5,4,11.9,0,0,0,31,6
5,4,5,11.7,0,0,20,6,15
6,4,6,7.0,0,0,4,9,4
9,6,9,18.3,0,1,0,8,6
4,1,4,15.5,0,0,0,26,6
19,5,19,31.8,0,0,0,25,5
17,2,17,26.4,0,1,0,12,5
6,4,6,12.1,0,1,1,56,14
15,2,15,19.8,0,0,21,71,5
17,5,17,21.6,0,0,0,9,5
17,1,17,30.3,0,0,4,20,1
23,6,23,14.2,0,0,0,3,6
9,0,9,10.4,0,0,0,16,0
4,4,4,7.2,0,0,2,2,8
7,5,7,14.8,0,1,0,12,6
7,3,7,7.1,0,0,5,25,1
17,4,17,16.1,0,0,4,45,4
5,3,5,18.7,0,0,0,9,6
12,1,12,17.4,0,0,5,14,1
8,0,8,10.1,0,1,0,29,6
23,4,23,9.1,0,0,0,36,7
10,4,10,11.3,0,0,0,29,6
5,2,5,6.0,0,0,21,3,5
8,2,8,14.0,0,1,0,4,5
6,5,6,5.0,0,0,0,13,6
13,6,13,15.7,0,0,31,63,12
18,0,18,28.8,0,1,0,29,6
13,1,13,27.3,0,1,28,7,26
13,3,13,22.7,0,0,0,8,6
23,0,23,8.8,0,0,0,19,7
21,4,21,17.1,0,0,0,10,5
12,6,12,13.9,0,0,20,19,15
17,6,17,24.4,0,0,0,31,6
4,1,4,8.6,0,0,7,10,24
13,3,13,10.8,0,0,0,13,6
7,3,7,13.4,0,0,13,6,5
7,6,7,12.0,0,1,0,11,5
8,1,8,10.5,0,0,0,3,7
22,4,22,19.5,0,0,4,10,4
17,6,17,24.7,0,0,0,9,5
10,6,10,6.2,0,0,5,12,1
10,3,10,10.1,0,0,0,29,6
13,4,13,16.6,0,0,8,19,10
5,2,5,12.4,0,0,0,26,6
1,6,1,11.8,0,0,14,19,12
6,5,6,9.6,1,2,0,7,5
8,3,8,4.3,0,0,5,10,4
8,3,8,2.4,0,0,0,31,6
23,5,23,14.5,0,0,6,7,8
16,6,16,24.5,0,0,4,64,4
16,0,16,22.1,0,0,0,14,5
15,4,15,14.2,0,0,5,12,1
16,5,16,15.4,0,0,0,26,6
17,3,17,17.9,0,0,0,31,6
12,2,12,17.3,0,0,4,5,4
11,3,11,17.9,0,0,0,9,6
17,6,17,26.6,0,0,0,23,6
5,6,5,1.9,0,0,13,6,5
13,6,13,26.5,0,1,5,7,5
23,6,23,13.1,0,0,0,35,0
0,3,0,11.1,0,0,5,6,1
10,4,10,8.6,0,0,0,16,0
5,2,5,5.8,0,0,0,9,6
4,5,4,4.0,0,0,5,5,4
3,3,3,14.4,0,0,2,2,2
13,0,13,24.0,0,0,9,21,11
11,1,11,25.7,0,0,20,3,15
11,4,11,12.7,0,1,0,24,5
21,0,21,12.0,0,0,18,34,11
13,3,13,27.1,0,1,0,23,5
15,0,15,24.1,0,0,0,6,5
4,4,4,5.0,0,0,0,5,6
1,3,1,14.4,0,0,0,0,0
16,1,16,13.7,0,0,13,6,5
1,1,1,16.8,0,0,0,0,0
19,5,19,13.5,0,0,0,22,0
7,1,7,16.1,0,0,4,13,1
8,3,8,7.2,0,0,4,31,4
12,2,12,9.3,0,0,0,29,5
13,2,13,26.8,0,1,0,29,6
5,2,5,9.2,0,0,4,5,4
6,6,6,10.6,0,0,0,9,5
10,0,10,8.2,0,0,0,12,5
0,3,0,5.2,0,0,0,1,7
12,3,12,23.0,0,0,9,21,11
18,6,18,13.1,0,0,0,18,5
10,2,10,21.5,0,0,0,23,5
3,0,3,6.1,0,0,14,19,12
1,6,1,16.5,0,0,0,0,0
5,6,5,16.0,0,0,0,5,6
5,2,5,8.7,0,0,2,2,8
15,1,15,19.1,0,0,0,3,6
12,1,12,11.3,0,0,5,31,1
18,5,18,30.7,0,1,0,12,5
4,6,4,5.5,0,0,5,4,1
7,4,7,10.9,0,0,0,29,6
12,2,12,14.2,0,0,0,5,6
18,0,18,17.0,0,0,0,23,5
16,0,16,22.0,0,0,0,29,6
16,5,16,20.5,0,0,7,16,9
13,2,13,10.8,0,0,7,12,40
18,2,18,28.1,0,0,0,20,5
16,5,16,7.9,0,0,0,22,7
19,2,19,12.0,0,0,0,8,6
21,4,21,29.1,0,1,0,10,6
10,2,10,13.4,0,0,0,20,6
13,3,13,25.6,0,1,23,43,0
9,6,9,14.6,0,0,0,16,0
13,2,13,31.1,0,1,25,51,21
18,1,18,26.8,0,0,14,19,16
7,2,7,4.6,0,0,0,29,5
11,2,11,8.6,0,0,5,10,4
12,4,12,13.8,0,1,27,14,40
5,2,5,16.1,0,0,0,13,6
0,0,0,9.6,0,0,0,36,10
15,1,15,18.2,0,0,13,99,6
8,5,8,3.0,0,0,0,4,5
18,3,18,27.7,0,1,0,20,5
10,2,10,8.9,0,0,0,25,6
22,4,22,18.4,0,1,15,19,7
15,6,15,28.8,0,0,13,4,6
10,3,10,10.2,0,0,0,8,6
13,3,13,12.0,0,0,5,48,4
7,4,7,7.6,0,0,0,13,6
8,5,8,3.7,0,0,0,3,5
9,1,9,6.8,0,0,0,13,6
2,1,2,5.6,0,0,14,19,16
13,2,13,15.0,0,0,0,48,6
1,2,1,8.2,0,0,0,0,0
9,5,9,11.2,0,1,0,16,7
23,1,23,19.4,0,1,15,19,13
8,1,8,1.3,0,0,0,13,5
16,6,16,18.2,0,0,0,29,6
8,3,8,7.1,0,0,0,16,0
21,6,21,9.7,0,0,0,8,5
21,1,21,12.1,0,0,0,3,6
6,5,6,7.1,0,0,0,8,5
15,5,15,30.0,0,0,0,31,5
10,6,10,10.0,0,0,0,8,6
14,4,14,17.6,0,0,5,25,1
14,6,14,15.2,0,0,0,41,5
8,5,8,17.9,0,0,22,2,15
16,5,16,29.2,0,0,21,71,5
4,6,4,17.6,0,0,4,9,5
12,4,12,13.6,0,0,0,18,5
18,0,18,23.4,0,0,4,18,1
7,6,7,15.3,0,0,1,1,1
20,1,20,13.3,0,0,18,34,11
11,4,11,24.3,0,0,0,24,5
7,1,7,11.6,0,0,22,19,15
17,6,17,17.7,0,0,0,30,5
23,2,23,12.8,0,0,0,22,0
4,2,4,4.9,0,0,0,10,6
21,0,21,22.3,0,1,13,6,1
0,2,0,19.4,0,0,15,37,7
5,1,5,13.7,0,0,0,13,6
14,3,14,26.1,0,0,5,24,1
13,5,13,28.1,0,1,12,27,0
12,6,12,10.5,0,0,20,19,15
5,0,5,11.6,0,0,0,9,6
6,4,6,16.0,0,0,20,19,15
17,1,17,27.2,0,1,0,18,5
7,5,7,13.4,0,1,0,11,5
10,5,10,22.8,0,0,0,31,6
16,1,16,30.6,0,1,0,7,6
15,4,15,32.3,0,1,0,49,17
15,5,15,19.9,0,1,4,10,1
3,1,3,16.0,0,0,2,2,2
5,6,5,8.4,0,0,4,31,4
12,4,12,23.3,0,0,6,18,8
10,6,10,17.8,0,0,0,12,6
16,4,16,30.3,0,0,21,71,5
14,2,14,34.8,0,1,6,18,8
9,4,9,15.6,0,0,0,3,6
15,3,15,30.3,0,1,0,5,6
18,2,18,10.2,0,0,0,31,6
18,4,18,17.0,0,0,4,31,1
16,5,16,24.5,0,0,0,7,6
7,5,7,14.0,0,0,5,17,1
9,5,9,6.9,0,0,0,9,6
7,2,7,3.4,0,0,7,76,24
5,1,5,11.4,0,0,4,1,1
15,0,15,22.1,0,0,0,3,0
12,1,12,23.0,0,0,5,5,1
16,0,16,15.7,0,0,0,30,5
22,2,22,11.6,1,2,0,31,6
18,5,18,28.5,0,0,0,25,6
9,6,9,8.7,0,0,0,31,6
7,6,7,11.2,0,0,0,12,5
1,2,1,6.7,0,0,0,46,0
23,4,23,8.7,0,0,5,6,1
17,4,17,16.4,0,0,5,10,4
13,1,13,25.9,0,1,0,23,5
12,3,12,29.4,0,0,20,3,15
11,3,11,8.8,0,0,0,20,6
4,2,4,13.1,0,0,0,31,6
17,4,17,11.9,0,0,13,5,5
21,6,21,16.1,0,0,0,6,6
11,3,11,11.2,0,0,0,6,6
12,5,12,17.0,0,0,0,5,5
12,0,12,19.6,0,0,0,11,6
8,6,8,0.4,0,0,4,10,4
21,4,21,6.7,0,0,0,8,5
6,6,6,9.5,0,0,4,6,4
20,5,20,29.8,0,0,5,6,1
11,3,11,14.3,0,0,0,6,0
19,0,19,11.3,0,0,5,29,1
9,3,9,10.9,1,2,0,29,6
11,3,11,20.1,0,0,0,31,6
10,0,10,11.9,0,0,4,29,5
9,3,9,11.8,0,0,22,19,15
11,6,11,7.7,0,0,10,22,11
12,0,12,21.3,0,0,0,20,6
19,5,19,13.1,0,0,0,31,5
18,0,18,15.3,0,0,4,29,1
14,0,14,8.3,0,0,4,20,5
14,1,14,11.8,0,0,21,71,5
9,6,9,18.5,0,0,20,19,15
23,4,23,20.1,0,0,6,18,8
11,5,11,12.1,0,0,0,9,6
18,1,18,12.0,0,0,0,23,5
0,2,0,14.0,0,0,0,36,0
17,3,17,17.2,0,0,0,9,5
11,2,11,29.3,0,0,0,6,7
11,5,11,27.5,0,1,27,74,32
10,0,10,20.4,0,0,5,10,4
15,1,15,29.0,0,0,13,99,6
7,3,7,17.2,0,1,0,7,5
4,1,4,12.3,0,0,0,8,5
14,6,14,22.1,0,0,0,12,6
13,5,13,25.4,0,0,5,23,1
5,2,5,12.6,0,0,21,3,5
21,2,21,20.4,0,0,0,22,0
9,3,9,4.1,0,0,0,18,5
1,0,1,17.2,0,0,0,0,0
5,0,5,13.7,0,0,0,9,6
11,6,11,18.2,0,0,0,13,6
14,0,14,28.1,0,1,0,25,5
4,4,4,1.9,0,0,0,31,5
9,5,9,18.1,0,1,0,12,6
18,4,18,6.5,0,0,4,45,1
8,0,8,7.8,0,0,0,3,6
17,1,17,25.6,0,0,0,31,5
8,5,8,18.9,0,0,0,13,6
5,1,5,9.9,0,0,4,31,5
16,0,16,24.7,0,0,6,18,17
18,0,18,24.2,0,0,5,23,4
12,5,12,17.2,0,0,9,21,11
5,1,5,10.2,0,0,0,9,6
4,2,4,9.5,0,0,0,8,5
8,2,8,9.0,0,0,56,97,17
20,2,20,21.5,0,0,5,6,1
11,6,11,13.4,0,0,0,8,6
13,5,13,29.6,0,1,10,22,11
0,4,0,8.2,0,0,2,2,8
8,4,8,7.7,0,0,0,4,5
6,6,6,11.0,0,0,13,6,5
23,4,23,19.7,0,1,15,37,7
0,0,0,10.9,0,0,0,15,0
12,6,12,24.9,0,1,0,29,5
12,4,12,10.2,0,0,5,99,1
4,2,4,12.9,0,0,0,26,5
10,3,10,18.8,0,0,0,24,5
18,4,18,30.1,0,0,0,10,6
10,1,10,18.2,0,1,6,18,8
22,5,22,11.3,0,0,20,19,15
11,6,11,20.1,0,0,0,8,6
19,5,19,8.3,0,0,13,6,6
23,2,23,6.7,0,0,0,15,7
17,4,17,31.2,0,0,0,12,5
13,4,13,31.2,0,1,12,27,0
7,4,7,13.5,0,0,0,12,5
4,2,4,10.6,0,0,0,8,6
16,0,16,19.3,0,0,5,20,4
8,1,8,14.2,0,1,0,41,5
11,0,11,20.7,0,0,0,11,6
8,6,8,4.1,0,0,0,3,6
5,2,5,6.4,0,0,0,9,6
19,6,19,12.5,0,0,0,20,5
22,0,22,14.1,0,0,15,19,7
16,2,16,7.5,0,0,0,18,5
19,3,19,25.2,0,0,5,18,1
14,5,14,12.6,0,0,0,20,6
1,1,1,16.9,0,0,13,6,6
16,2,16,30.4,0,0,5,5,1
14,6,14,14.9,0,0,20,7,15
9,5,9,13.2,0,0,0,10,6
15,4,15,27.5,0,0,5,30,1
17,0,17,31.7,0,0,21,3,7
18,6,18,12.1,0,0,0,12,5
1,4,1,11.7,0,0,2,2,8
16,6,16,19.3,0,0,21,71,5
18,4,18,6.4,0,0,0,12,6
10,6,10,15.8,0,0,0,20,6
8,2,8,9.6,0,0,5,10,4
12,5,12,25.8,0,1,0,10,6
3,3,3,4.0,0,0,11,60,3
21,1,21,22.2,0,1,4,9,1
16,2,16,19.6,0,0,21,71,5
20,4,20,11.5,0,0,4,31,5
8,4,8,18.8,0,0,0,18,5
13,0,13,8.5,0,0,5,31,1
18,0,18,8.3,0,0,0,30,5
16,4,16,16.7,0,0,0,9,6
5,5,5,14.6,0,0,4,10,5
7,1,7,10.9,0,0,0,11,6
21,2,21,8.8,0,0,0,31,6
9,1,9,14.5,0,1,0,17,5
14,4,14,20.5,0,0,0,11,5
18,3,18,31.0,0,0,13,5,5
21,5,21,10.8,0,0,5,3,4
16,1,16,18.1,0,0,5,62,1
8,4,8,8.5,0,0,5,10,1
8,6,8,15.0,0,0,0,3,5
14,6,14,28.6,0,1,0,12,6
17,1,17,12.4,0,0,5,31,4
13,4,13,15.4,0,0,0,12,6
18,3,18,26.7,0,0,0,10,6
13,1,13,27.0,0,0,0,10,5
16,3,16,27.8,0,0,0,25,6
2,1,2,11.7,0,0,2,2,2
17,6,17,14.8,0,0,0,31,6
14,0,14,8.3,0,0,1,1,1
11,4,11,7.3,0,0,6,18,17
5,1,5,9.6,0,0,4,5,4
23,1,23,10.7,0,0,0,36,0
6,0,6,10.7,0,0,0,9,6
23,0,23,15.9,0,1,16,32,14
11,6,11,12.5,0,0,5,10,1
22,1,22,23.0,0,0,5,29,1
9,5,9,12.4,0,0,0,13,6
22,3,22,15.5,0,0,0,26,6
21,0,21,22.6,0,1,21,3,5
8,5,8,9.6,0,0,4,13,4
20,4,20,14.6,0,0,0,7,5
12,5,12,11.0,0,0,0,89,0
3,1,3,6.4,0,0,0,6,6
13,2,13,15.8,0,0,4,13,5
7,3,7,14.8,0,0,0,9,6
14,5,14,25.9,0,0,4,3,4
13,6,13,14.7,0,0,6,30,19
5,5,5,12.0,0,0,0,26,6
22,6,22,20.6,0,1,0,8,6
12,0,12,24.2,0,0,0,12,6
8,4,8,14.5,0,1,4,12,4
8,6,8,8.2,0,0,0,6,6
18,2,18,13.2,0,0,4,9,4
8,3,8,19.0,0,0,0,3,6
2,4,2,9.5,0,0,2,2,2
5,0,5,8.9,0,0,21,3,14
19,1,19,12.1,0,0,0,12,5
6,5,6,1.8,0,0,25,51,22
19,6,19,17.2,0,0,0,6,6
4,1,4,1.8,0,0,21,3,5
5,5,5,14.4,0,0,0,8,6
12,2,12,9.1,0,0,0,31,6
4,3,4,12.8,0,0,0,13,5
12,0,12,13.4,0,0,0,25,6
10,1,10,12.8,0,0,5,24,4
9,3,9,7.5,0,0,0,9,6
4,4,4,1.3,0,0,21,3,5
14,5,14,15.6,0,0,1,1,1
14,3,14,25.3,0,0,6,18,8
11,5,11,9.0,0,0,0,31,6
1,0,1,10.4,0,0,1,1,1
16,4,16,11.4,0,0,5,14,1
12,2,12,23.7,0,0,10,38,10
8,5,8,6.5,0,0,0,12,5
10,3,10,15.8,0,1,0,11,6
9,3,9,8.3,0,0,0,9,6
6,3,6,13.9,0,0,4,23,5
16,1,16,12.8,0,0,0,44,6
0,6,0,16.7,0,0,0,19,0
9,2,9,18.5,0,1,0,16,7
8,4,8,8.5,0,0,0,11,6
10,6,10,5.3,0,0,21,3,5
5,6,5,12.8,0,0,4,5,4
8,0,8,3.4,0,0,0,20,6
9,2,9,13.7,0,0,0,16,0
11,3,11,20.3,0,0,0,13,5
3,5,3,8.5,1,2,4,5,4
20,2,20,19.6,0,0,5,6,1
4,1,4,17.1,0,0,0,31,6
14,1,14,25.2,0,0,12,27,0
12,5,12,18.2,0,0,4,29,1
5,3,5,13.9,0,0,0,8,5
14,4,14,7.4,0,0,6,18,8
20,0,20,17.7,0,0,0,26,6
5,1,5,10.2,0,0,0,40,5
16,0,16,18.3,0,0,5,25,1
8,5,8,4.6,0,0,4,30,5
7,5,7,13.0,0,1,25,51,22
7,4,7,13.5,0,1,0,7,5
23,0,23,19.9,0,0,0,19,7
6,3,6,8.1,0,0,4,5,4
6,0,6,10.0,0,0,14,19,12
11,2,11,23.9,0,1,0,12,5
13,1,13,26.3,0,1,10,22,11
8,3,8,3.1,0,0,0,9,6
23,6,23,14.2,0,0,19,15,0
19,5,19,21.9,0,0,0,25,6
8,4,8,12.3,0,0,0,4,5
18,1,18,31.1,0,1,14,19,16
15,3,15,18.1,0,0,25,51,22
5,2,5,3.6,0,0,0,9,6
16,5,16,31.5,0,0,13,6,5
9,5,9,4.0,0,0,0,13,6
13,1,13,30.7,0,1,0,23,5
9,2,9,12.0,0,0,5,24,1
18,5,18,17.1,0,0,0,25,6
23,3,23,17.7,0,1,18,34,11
22,0,22,11.8,0,0,5,10,4
12,2,12,19.8,0,0,4,5,4
17,2,17,14.5,0,0,0,30,5
8,4,8,16.3,0,1,0,18,5
5,2,5,7.8,0,0,4,23,4
10,4,10,25.4,0,1,0,23,5
18,0,18,24.3,0,1,0,18,5
12,2,12,23.9,0,0,0,24,5
18,2,18,12.2,0,0,13,5,5
23,0,23,5.7,0,0,5,6,1
12,1,12,15.2,0,0,0,12,6
9,2,9,21.8,0,0,5,11,1
21,5,21,18.1,0,1,18,34,11
17,6,17,18.7,0,0,0,10,6
20,3,20,11.0,0,0,0,10,5
10,3,10,25.5,0,1,0,16,0
0,5,0,12.7,0,0,13,6,5
13,1,13,26.9,0,1,0,7,5
19,3,19,23.1,0,1,13,6,6
14,4,14,18.7,0,0,0,3,6
19,4,19,29.1,0,1,4,18,1
12,0,12,29.4,0,0,0,5,6
19,2,19,8.9,0,0,0,8,5
14,0,14,30.8,0,1,0,11,6
23,0,23,20.0,0,1,17,33,47
10,4,10,8.9,0,0,0,20,6
15,4,15,12.9,0,0,4,30,5
23,4,23,13.2,0,0,0,22,0
12,1,12,22.4,0,1,0,5,5
6,4,6,13.4,0,0,0,9,6
11,6,11,14.6,0,0,20,19,15
4,1,4,11.8,0,0,0,31,6
6,1,6,7.2,0,0,5,6,4
11,2,11,17.7,0,0,5,12,4
8,5,8,9.3,0,0,0,28,6
13,1,13,19.5,0,0,10,22,11
11,2,11,14.2,0,0,0,29,6
6,0,6,14.3,0,1,13,6,6
19,3,19,25.0,0,0,0,10,6
18,3,18,26.0,0,0,0,12,5
10,2,10,17.5,0,0,5,10,4
21,5,21,7.4,0,0,15,19,7
5,2,5,10.8,0,0,4,31,4
6,6,6,11.8,0,0,13,6,6
5,2,5,13.9,0,0,21,3,5
9,6,9,20.8,0,1,0,16,0
11,0,11,20.3,0,0,0,12,6
12,6,12,30.7,0,0,5,41,1
11,0,11,21.3,0,1,5,12,1
6,0,6,1.8,0,0,4,9,4
18,3,18,22.2,0,0,0,13,6
7,2,7,1.8,0,0,0,10,5
6,5,6,9.6,0,0,0,8,5
13,6,13,29.6,0,1,0,14,5
5,0,5,2.3,0,0,21,3,5
12,3,12,23.3,0,0,5,5,4
21,4,21,7.5,0,0,15,19,7
12,3,12,11.6,0,0,20,3,15
8,4,8,14.6,0,0,0,31,6
11,6,11,23.8,0,0,4,12,1
5,5,5,20.0,0,0,0,8,5
11,2,11,12.4,0,0,0,9,6
13,5,13,16.4,0,0,7,67,24
14,5,14,27.6,0,1,7,67,24
5,3,5,9.6,0,0,0,7,6
0,3,0,9.9,0,0,0,1,0
16,5,16,29.9,0,0,0,7,5
5,6,5,6.3,0,0,0,31,6
16,5,16,30.3,0,0,0,5,6
21,3,21,15.6,0,0,0,26,6
13,0,13,12.9,0,0,5,12,1
12,5,12,17.2,0,0,0,18,5
8,1,8,10.6,0,0,0,20,6
8,5,8,15.9,0,1,0,11,6
18,1,18,13.0,0,0,0,25,6
15,4,15,15.9,0,0,30,19,15
12,3,12,10.8,0,0,0,10,6
12,6,12,13.8,0,0,0,31,5
16,0,16,26.6,0,0,13,4,6
20,6,20,26.4,0,1,23,43,0
9,4,9,7.8,0,0,28,7,0
9,0,9,21.8,0,1,21,3,5
10,2,10,24.4,0,1,0,16,0
11,6,11,10.8,0,0,10,22,11
8,0,8,14.7,0,1,0,18,5
13,0,13,20.5,0,0,4,5,5
6,1,6,11.1,0,1,0,29,6
5,5,5,4.1,0,0,0,55,5
12,0,12,25.3,0,1,0,6,6
23,2,23,19.4,0,0,0,35,7
11,3,11,23.2,0,1,0,14,5
7,0,7,7.5,0,0,4,6,4
21,5,21,9.0,0,0,10,38,10
17,5,17,18.7,0,0,21,3,0
17,6,17,15.3,0,0,21,3,0
8,3,8,2.0,0,0,0,28,6
12,1,12,28.7,0,0,2,2,2
16,5,16,30.8,0,1,5,5,5
23,2,23,16.6,0,1,17,33,15
18,1,18,16.9,0,0,5,20,1
4,2,4,4.4,0,0,0,31,6
9,0,9,12.0,0,0,0,28,6
0,5,0,17.1,0,0,20,6,15
11,1,11,23.9,0,1,0,19,0
23,2,23,19.4,0,0,17,33,15
4,5,4,1.5,0,0,0,26,6
4,6,4,5.6,0,0,0,9,6
22,4,22,10.1,0,0,13,6,1
22,4,22,9.6,0,0,16,32,14
12,6,12,23.9,0,0,5,8,4
17,6,17,18.7,0,0,0,5,6
9,3,9,19.8,0,1,20,7,15
15,5,15,31.0,0,0,13,6,6
19,2,19,12.4,0,0,5,26,1
13,5,13,30.0,0,1,0,24,5
6,2,6,13.0,0,0,4,6,1
17,0,17,29.4,0,1,0,10,6
7,6,7,12.8,0,0,0,9,6
5,6,5,15.7,0,0,40,19,15
4,0,4,12.1,0,0,0,13,6
7,3,7,14.0,0,1,13,6,6
12,5,12,15.5,0,0,0,9,6
15,4,15,22.8,0,1,0,12,6
16,0,16,30.4,0,1,0,7,5
6,3,6,3.5,0,0,0,9,5
9,2,9,9.8,0,0,4,12,5
10,6,10,16.9,0,1,0,12,5
20,0,20,20.5,0,1,4,30,1
1,5,1,22.7,0,0,0,0,0
22,1,22,15.1,0,1,16,32,14
9,6,9,21.3,0,1,21,3,5
23,0,23,16.9,0,1,19,15,0
11,6,11,24.9,0,0,0,31,5
11,2,11,9.8,0,0,0,19,7
19,3,19,25.2,0,1,13,6,6
19,2,19,6.8,0,0,5,26,4
7,6,7,11.0,0,0,5,10,1
13,4,13,7.4,0,0,0,10,6
14,1,14,30.0,0,0,12,27,0
15,2,15,19.8,0,0,5,20,1
9,6,9,8.5,0,0,0,20,6
20,2,20,18.8,0,1,0,10,6
20,0,20,12.9,0,0,0,8,5
10,6,10,20.4,0,0,0,30,5
8,6,8,15.2,0,1,0,12,6
9,6,9,8.8,0,0,0,6,6
17,1,17,13.7,0,0,0,28,6
9,6,9,14.4,0,0,0,16,7
9,3,9,11.0,1,2,0,13,5
18,0,18,26.4,0,1,21,3,0
13,3,13,22.7,0,1,10,22,11
6,0,6,6.1,0,0,0,29,6
21,5,21,20.2,0,0,42,86,41
1,6,1,10.3,0,0,6,7,8
6,6,6,3.7,0,0,0,31,6
12,1,12,11.2,0,0,0,18,5
0,3,0,17.5,0,0,14,19,16
16,3,16,26.0,0,0,0,14,5
4,1,4,9.8,0,0,0,9,5
15,5,15,31.6,0,1,0,4,5
6,4,6,6.5,0,0,1,1,1
8,5,8,7.1,0,0,0,28,6
22,2,22,7.2,0,0,16,32,14
11,1,11,12.7,0,0,0,16,0
12,0,12,21.3,0,0,2,2,2
5,2,5,13.0,0,0,0,13,5
8,4,8,11.2,0,0,0,9,6
20,6,20,26.8,0,0,0,13,5
17,1,17,19.2,0,0,0,22,7
7,2,7,4.4,0,0,25,20,23
5,0,5,3.4,0,0,4,23,1
7,0,7,10.0,0,0,0,12,6
13,1,13,19.3,0,0,6,18,17
1,5,1,13.3,0,0,0,1,0
9,5,9,14.4,0,0,0,69,7
2,4,2,12.6,0,0,0,0,0
5,3,5,5.2,0,0,0,31,6
8,5,8,14.3,0,0,0,12,5
13,2,13,19.1,0,0,5,23,1
17,0,17,29.7,0,1,6,18,8
0,0,0,18.4,0,0,0,19,7
12,5,12,17.0,0,0,0,41,5
4,4,4,9.1,1,2,1,1,1
18,6,18,29.4,0,1,0,18,5
1,2,1,11.3,0,0,0,46,0
9,2,9,9.6,0,0,0,20,5
20,3,20,19.7,0,0,0,8,5
12,5,12,15.7,0,0,0,31,6
10,1,10,24.3,0,1,0,16,0
5,1,5,6.3,0,0,0,31,6
6,4,6,12.5,0,0,4,13,1
15,3,15,31.6,0,0,5,12,1
13,3,13,23.7,0,0,4,18,1
13,3,13,18.0,0,1,0,23,5
15,5,15,26.0,0,0,5,7,1
22,2,22,11.3,1,2,0,12,5
16,1,16,15.3,0,0,4,20,1
16,6,16,24.6,0,0,23,43,0
0,1,0,8.6,0,0,0,19,0
23,0,23,14.6,0,0,0,36,0
12,5,12,17.2,0,0,2,2,2
17,3,17,22.2,0,0,4,45,1
1,6,1,16.6,0,0,0,6,5
16,4,16,24.4,0,0,0,28,6
2,3,2,8.2,0,0,2,2,2
11,5,11,23.7,0,1,0,19,0
12,1,12,11.8,0,0,5,9,1
6,0,6,5.0,0,1,0,29,6
11,1,11,22.4,0,0,0,20,6
5,4,5,14.0,0,0,0,9,6
11,1,11,25.8,0,1,0,14,5
7,0,7,13.6,0,1,0,12,6
6,2,6,3.0,0,0,0,5,6
12,5,12,12.4,0,0,5,14,1
16,5,16,19.2,0,0,0,24,5
5,2,5,1.5,0,0,0,10,5
16,3,16,29.6,0,1,5,8,1
21,6,21,11.4,0,0,0,3,5
18,4,18,18.9,0,0,0,12,6
4,2,4,13.1,0,0,0,31,5
13,0,13,21.1,0,0,4,13,1
4,2,4,15.6,0,0,0,31,6
10,6,10,9.0,0,0,0,61,0
16,5,16,17.1,0,0,0,18,5
11,2,11,10.7,0,0,0,12,5
5,3,5,9.4,0,0,0,13,6
1,5,1,6.5,1,2,0,13,6
8,1,8,14.8,0,1,0,24,5
4,2,4,8.1,0,0,0,9,6
3,0,3,11.2,0,0,0,6,6
5,0,5,9.4,0,0,0,10,5
11,5,11,18.4,0,1,0,10,5
7,6,7,11.0,0,0,0,29,5
16,2,16,30.6,0,1,0,31,5
23,4,23,11.2,0,1,8,1,10
5,3,5,8.7,0,0,0,31,5
10,6,10,26.4,0,1,0,30,6
1,6,1,10.4,0,0,0,0,0
11,0,11,14.8,0,0,10,22,11
23,2,23,16.3,0,0,19,15,7
11,5,11,15.2,0,0,0,8,6
22,4,22,12.3,0,0,0,22,0
20,2,20,11.1,0,0,5,18,1
12,3,12,22.4,0,0,0,29,6
5,3,5,13.6,0,0,4,4,1
7,4,7,4.7,0,0,0,25,6
17,0,17,26.6,0,1,4,23,4
7,2,7,14.2,0,1,21,3,5
17,2,17,15.6,0,0,0,44,6
12,0,12,8.4,0,0,5,25,1
17,5,17,18.4,0,0,21,3,0
17,0,17,22.3,0,0,5,5,4
23,5,23,10.2,0,0,5,6,1
0,5,0,7.2,0,0,1,1,1
13,1,13,11.8,1,2,0,20,6
22,4,22,12.4,0,0,17,33,15
7,3,7,11.4,0,1,0,13,5
16,6,16,18.3,0,0,0,28,6
22,6,22,10.1,0,0,7,111,56
10,2,10,12.0,0,0,0,20,6
7,0,7,2.4,0,0,0,9,5
23,6,23,11.6,0,0,0,19,0
8,0,8,20.2,0,1,0,4,5
2,1,2,20.9,0,0,2,2,8
13,4,13,24.9,0,1,5,7,5
6,3,6,0.9,0,0,4,31,4
12,0,12,18.9,0,0,4,5,4
22,0,22,12.1,0,0,16,32,14
20,1,20,13.5,0,0,0,22,0
5,0,5,8.9,0,0,0,31,6
13,2,13,18.6,0,0,0,53,7
5,6,5,8.7,0,0,0,5,6
14,3,14,19.0,1,2,1,1,1
1,4,1,8.5,0,0,8,19,10
17,6,17,16.2,0,0,0,28,5
18,3,18,11.7,0,0,0,20,5
5,4,5,14.5,0,0,0,10,5
9,5,9,20.3,0,1,22,2,15
17,5,17,26.6,0,0,0,13,6
11,6,11,13.3,0,0,10,22,11
8,2,8,13.7,0,1,0,29,6
15,4,15,7.8,0,0,0,13,6
16,5,16,17.4,0,0,0,18,5
12,4,12,26.3,0,0,6,18,8
6,0,6,10.4,0,0,21,3,5
8,1,8,5.6,0,0,0,25,5
0,3,0,5.8,0,0,14,19,12
5,0,5,12.7,0,0,0,7,6
6,5,6,11.7,0,1,4,6,4
9,2,9,10.6,0,0,22,19,15
0,1,0,15.9,0,0,0,36,0
5,0,5,5.1,0,0,0,26,6
5,1,5,8.8,0,0,0,9,6
15,0,15,29.9,0,1,0,3,5
10,6,10,8.7,0,1,7,80,24
5,2,5,3.5,0,0,0,26,6
20,0,20,6.8,0,0,5,13,1
4,3,4,6.2,0,0,20,6,15
12,5,12,26.4,0,0,9,21,11
1,5,1,5.9,0,0,0,0,0
17,6,17,24.5,0,0,21,3,14
0,0,0,4.2,0,0,0,1,7
11,6,11,18.1,0,0,11,60,3
7,4,7,6.9,0,0,0,29,6
11,3,11,9.0,0,0,0,29,6
21,1,21,16.5,0,0,26,58,7
12,5,12,21.4,0,1,0,10,6
8,1,8,12.1,0,0,0,20,5
21,1,21,13.5,0,0,21,3,5
11,1,11,12.8,0,0,0,10,6
9,0,9,20.8,0,0,0,31,6
7,2,7,9.7,0,1,0,12,5
11,4,11,15.6,0,0,0,25,5
16,1,16,20.1,0,0,0,5,6
15,4,15,13.7,0,0,0,5,6
15,6,15,17.0,0,0,0,44,6
14,3,14,12.8,0,0,0,31,6
10,5,10,16.4,0,0,0,8,6
5,6,5,12.7,0,0,21,3,5
16,2,16,21.4,0,0,0,9,6
21,0,21,22.3,0,1,0,10,6
23,6,23,19.4,0,1,19,15,0
22,0,22,9.2,0,0,10,22,11
14,2,14,26.9,0,1,7,65,9
12,4,12,13.1,0,0,0,12,5
15,1,15,21.2,0,0,23,43,0
16,3,16,26.0,0,0,0,25,5
14,1,14,19.9,0,0,13,6,6
4,3,4,4.5,0,0,2,2,8
21,6,21,8.3,0,0,0,13,5
16,2,16,29.5,0,0,0,28,5
12,0,12,16.6,0,0,0,5,6
16,5,16,19.8,0,0,0,14,5
5,2,5,12.6,0,0,0,31,5
6,6,6,0.1,0,0,0,8,6
7,0,7,12.8,0,1,8,19,10
17,3,17,26.1,0,0,5,12,1
12,3,12,21.1,0,0,0,9,6
16,0,16,33.5,0,0,0,5,6
8,6,8,7.2,0,0,4,39,1
0,1,0,9.8,0,0,5,6,1
13,4,13,27.1,0,1,0,7,5
6,6,6,6.9,0,0,0,55,5
11,4,11,23.2,0,1,0,30,6
21,6,21,11.7,0,0,18,34,11
13,5,13,29.9,0,1,28,7,0
9,5,9,19.2,0,0,0,6,6
5,6,5,13.5,0,0,21,3,5
23,0,23,18.7,0,0,0,8,6
12,2,12,20.9,0,0,5,31,4
0,2,0,19.4,0,0,5,6,1
16,2,16,16.5,0,0,6,18,27
14,5,14,14.9,0,0,20,19,15
6,6,6,2.0,0,0,0,29,5
18,4,18,28.9,0,1,0,7,5
23,4,23,12.6,0,0,0,32,5
12,6,12,27.2,0,1,28,7,0
15,5,15,16.7,0,0,5,62,1
4,6,4,10.9,0,0,0,8,6
20,5,20,12.0,0,0,5,10,1
15,0,15,16.5,0,0,0,5,6
5,4,5,1.7,0,0,13,6,6
6,2,6,13.0,0,0,0,29,5
12,2,12,19.6,0,0,0,9,5
19,4,19,8.8,0,0,0,22,0
16,4,16,24.2,0,0,21,71,5
15,6,15,30.8,0,1,0,4,5
15,4,15,18.3,0,0,0,5,6
8,4,8,16.7,0,1,0,4,5
16,1,16,19.5,0,0,0,13,5
5,3,5,8.8,0,0,4,4,4
16,6,16,28.5,0,1,0,22,0
21,4,21,7.5,1,2,6,18,17
1,5,1,10.0,0,0,0,1,0
4,5,4,12.9,0,0,0,9,6
22,6,22,16.9,0,0,4,18,4
4,4,4,1.1,0,0,0,8,5
2,1,2,12.5,0,0,2,2,8
9,5,9,8.8,0,0,0,4,5
17,2,17,30.4,0,1,0,30,5
5,0,5,2.9,0,0,0,13,5
12,1,12,16.6,0,0,0,23,5
16,6,16,25.0,0,0,0,29,6
23,5,23,23.1,0,0,20,19,15
5,0,5,13.7,0,0,0,9,6
8,0,8,5.9,0,0,0,4,5
5,1,5,10.0,0,0,4,4,1
16,5,16,31.0,0,0,0,5,6
15,0,15,29.4,0,1,0,3,5
12,3,12,20.4,0,1,4,54,1
18,1,18,27.1,0,0,21,3,0
13,6,13,18.7,0,0,0,48,6
13,4,13,25.8,0,0,0,9,6
15,3,15,10.7,0,0,20,19,15
12,5,12,15.8,0,0,13,6,6
10,3,10,8.9,0,0,5,10,1
17,4,17,25.1,0,0,0,28,6
5,1,5,8.8,0,0,21,3,5
8,3,8,16.1,0,0,0,29,5
11,3,11,11.4,0,0,0,41,5
11,6,11,18.8,0,0,5,41,1
2,3,2,8.2,0,0,13,6,6
10,5,10,23.5,1,0,25,53,23
16,2,16,10.6,0,0,0,1,7
11,4,11,14.2,0,3,11,60,3
11,5,11,11.7,0,0,0,8,6
11,3,11,11.4,0,0,5,10,1
11,4,11,16.8,0,0,0,30,6
0,0,0,13.8,0,0,0,36,0
15,6,15,16.1,0,0,0,6,6
0,5,0,12.0,0,0,1,1,14
14,2,14,18.6,0,1,0,25,5
9,0,9,14.6,0,0,5,10,4
0,0,0,6.8,0,0,0,1,7
7,2,7,9.1,0,1,0,7,5
18,5,18,17.2,0,0,0,12,6
12,5,12,18.9,0,0,0,31,6
8,4,8,8.1,0,0,15,19,7
6,3,6,14.9,0,1,0,10,5
15,4,15,11.7,0,0,0,44,5
2,2,2,16.8,0,0,2,2,8
18,1,18,31.0,0,1,0,18,5
20,0,20,28.7,0,1,5,10,1
17,3,17,29.7,0,1,13,6,6
5,6,5,16.5,0,0,2,2,8
7,6,7,6.7,0,0,0,26,6
17,0,17,33.1,0,1,4,45,1
6,3,6,15.4,0,1,21,3,14
10,6,10,21.3,0,1,0,16,0
18,3,18,14.4,0,0,5,23,4
11,4,11,7.3,0,0,10,22,11
17,5,17,26.4,0,1,5,5,1
10,3,10,9.3,0,0,5,12,4
19,1,19,13.0,0,0,5,18,1
4,4,4,12.0,0,0,0,9,5
8,0,8,10.2,0,0,5,10,1
14,6,14,27.0,0,0,0,11,6
15,2,15,28.6,0,1,1,1,14
4,5,4,11.7,0,0,0,5,6
1,1,1,4.2,0,0,2,2,8
12,3,12,14.5,0,0,0,31,6
15,3,15,14.3,0,0,0,31,6
5,5,5,15.5,0,0,4,23,5
8,1,8,4.6,0,0,0,25,6
12,1,12,27.8,0,0,6,18,27
20,0,20,20.2,0,0,4,18,1
7,2,7,14.4,0,1,0,10,6
18,5,18,26.1,0,0,21,3,0
15,2,15,24.2,0,0,4,13,4
8,0,8,12.7,0,1,14,19,16
17,5,17,27.7,0,0,0,22,7
12,1,12,13.2,0,0,0,29,6
21,1,21,10.0,0,0,10,38,10
16,0,16,25.3,0,0,0,13,6
23,0,23,16.4,0,0,0,19,0
19,6,19,16.5,0,0,13,6,4
20,0,20,8.6,0,0,21,3,5
19,4,19,21.6,0,1,4,18,1
18,4,18,23.4,0,0,0,12,6
13,3,13,11.7,0,0,0,24,5
17,6,17,15.8,0,0,0,7,5
5,2,5,10.9,0,0,0,18,5
22,2,22,14.1,0,0,15,19,13
20,5,20,8.7,0,0,0,31,6
20,6,20,12.7,0,0,20,19,15
20,0,20,18.9,0,0,5,30,1
14,1,14,21.0,0,0,5,23,1
16,0,16,24.1,0,0,0,20,6
0,5,0,3.5,0,0,0,1,7
17,2,17,13.4,0,0,13,5,1
8,3,8,17.1,0,1,0,31,6
12,2,12,16.6,0,0,13,6,6
10,0,10,17.4,0,0,0,28,5
18,0,18,30.0,0,0,0,23,6
7,1,7,11.2,0,0,0,7,6
2,0,2,13.5,0,0,13,6,6
10,2,10,18.0,0,0,0,12,6
1,4,1,8.1,0,0,0,46,0
9,5,9,12.9,0,1,0,10,6
6,3,6,3.7,0,0,0,31,5
9,5,9,20.8,0,1,0,18,5
23,1,23,4.7,0,0,0,36,0
4,1,4,1.5,0,0,5,4,1
0,6,0,22.4,0,0,18,34,11
5,1,5,11.6,0,0,0,23,6
18,0,18,29.4,0,1,0,7,5
23,3,23,18.2,0,0,0,35,7
19,6,19,28.7,0,1,20,19,15
20,5,20,6.0,0,0,0,31,6
18,4,18,26.7,0,1,0,18,5
12,2,12,20.7,0,0,6,18,8
8,3,8,19.4,0,0,20,19,15
7,2,7,13.1,0,1,4,13,4
15,2,15,23.6,0,0,0,10,5
14,4,14,16.3,0,0,13,6,6
9,0,9,16.9,0,0,5,4,1
17,3,17,16.9,0,0,0,12,6
12,4,12,26.3,0,0,0,5,5
11,4,11,22.0,0,1,0,30,5
15,4,15,16.8,0,0,13,6,6
20,6,20,24.4,0,1,0,6,5
0,6,0,8.4,0,0,2,2,8
9,4,9,4.8,0,0,0,29,6
5,0,5,16.1,0,0,21,3,5
9,3,9,8.6,0,0,0,9,6
7,2,7,3.0,0,0,0,12,6
13,6,13,24.0,0,0,0,24,5
14,1,14,11.7,1,2,1,1,1
11,4,11,11.7,0,0,10,22,11
18,6,18,24.8,0,0,0,25,6
12,3,12,9.3,0,0,0,13,5
5,0,5,5.6,0,0,21,3,5
13,5,13,17.2,0,0,5,23,1
4,6,4,7.1,0,0,5,5,4
14,5,14,13.4,0,0,0,3,6
19,2,19,22.6,0,0,4,13,1
12,1,12,22.4,0,1,0,29,6
18,0,18,29.5,0,0,13,5,1
19,0,19,23.4,0,0,0,29,6
1,2,1,15.9,0,0,10,38,10
16,0,16,11.9,0,0,0,29,6
4,2,4,8.9,0,0,5,5,4
18,6,18,15.3,0,0,21,3,15
20,1,20,19.1,0,0,14,19,16
12,1,12,24.4,0,1,28,7,0
5,0,5,15.3,0,0,21,3,5
5,1,5,9.9,0,0,4,4,4
13,6,13,19.6,0,0,0,11,6
15,6,15,15.5,0,0,4,9,4
7,2,7,9.8,0,0,0,41,5
6,4,6,14.4,0,1,0,8,5
16,5,16,24.3,0,0,0,9,6
7,6,7,11.0,0,0,0,12,6
14,6,14,21.5,0,0,21,3,5
7,4,7,17.5,0,0,0,20,5
14,5,14,16.6,0,0,0,13,5
12,3,12,11.3,0,0,0,12,6
5,4,5,14.8,0,0,0,13,6
17,0,17,30.1,0,0,14,19,16
12,1,12,23.2,0,0,5,10,4
12,3,12,21.7,0,0,5,12,4
23,1,23,15.0,0,0,0,35,7
9,1,9,7.0,0,0,0,14,5
19,0,19,31.1,0,1,5,18,5
10,3,10,21.4,0,0,4,10,1
14,1,14,28.2,0,1,12,27,0
5,0,5,0.7,0,0,13,6,6
5,3,5,8.6,0,0,4,18,5
8,6,8,8.9,0,0,0,9,6
8,1,8,10.4,0,1,0,41,5
6,0,6,13.3,0,1,0,13,5
7,0,7,14.5,0,1,0,11,5
5,4,5,11.7,0,0,0,8,5
20,0,20,21.6,0,1,0,6,5
18,2,18,20.6,0,0,0,25,6
18,4,18,11.0,0,0,5,12,1
9,5,9,9.4,0,0,0,20,6
22,6,22,12.9,0,0,0,7,6
16,2,16,29.4,0,1,4,13,5
12,3,12,13.0,0,0,0,12,6
8,3,8,1.4,0,0,0,20,6
15,2,15,21.0,0,0,1,1,1
7,2,7,7.9,0,0,0,9,6
5,3,5,18.8,0,0,4,1,1
0,5,0,15.0,0,0,0,1,10
11,0,11,12.4,0,0,0,12,5
13,6,13,15.6,0,0,0,23,5
14,3,14,14.7,0,0,0,20,6
3,2,3,13.9,0,0,2,2,2
9,5,9,8.0,0,0,13,5,6
0,6,0,19.4,0,0,5,6,1
17,2,17,18.0,0,1,4,45,1
19,2,19,11.5,0,0,4,18,1
19,5,19,23.6,0,1,0,9,6
11,1,11,10.3,0,0,7,94,55
15,6,15,11.2,0,0,23,43,0
15,5,15,15.9,0,0,0,6,6
6,5,6,4.9,0,0,0,8,5
7,0,7,13.0,0,0,22,19,15
8,0,8,12.9,0,1,0,7,5
1,0,1,17.4,0,0,0,46,0
7,0,7,4.2,0,0,14,19,16
5,4,5,8.4,0,0,5,3,4
2,1,2,16.8,0,0,0,27,0
15,3,15,10.6,0,0,5,62,1
6,0,6,3.3,0,0,0,31,6
17,3,17,31.8,0,1,0,6,0
7,1,7,18.0,0,0,0,13,5
16,1,16,16.0,0,0,0,13,6
12,1,12,23.1,0,1,0,5,5
1,1,1,13.2,0,0,2,2,2
17,4,17,30.6,0,0,0,25,5
20,1,20,19.4,0,1,0,29,5
6,2,6,14.3,0,0,1,56,14
8,4,8,8.4,0,0,0,30,6
16,4,16,19.4,0,0,0,31,6
5,3,5,3.5,0,0,4,5,4
16,6,16,30.7,0,1,5,5,5
13,0,13,28.0,0,1,10,22,11
7,1,7,15.5,0,1,0,29,6
10,6,10,16.1,0,0,0,24,5
4,6,4,7.6,0,0,5,5,4
19,6,19,22.4,0,0,0,10,6
18,3,18,25.9,0,0,0,18,5
20,0,20,25.6,0,1,20,19,15
11,3,11,18.0,0,0,0,16,0
14,5,14,28.6,0,1,0,29,5
7,2,7,10.2,0,0,0,12,6
10,6,10,10.6,0,0,0,29,5
6,0,6,10.1,0,0,8,19,10
15,6,15,19.3,0,0,21,71,5
8,4,8,6.3,0,0,5,10,1
13,5,13,13.8,0,0,6,18,8
12,5,12,26.4,0,1,0,29,6
9,2,9,17.0,0,0,4,12,1
11,2,11,13.5,0,0,13,6,6
23,5,23,11.4,0,0,19,15,7
22,2,22,19.0,0,0,0,31,6
23,5,23,9.9,0,0,0,36,0
10,1,10,16.0,0,0,0,19,0
15,3,15,14.2,0,0,0,5,6
1,5,1,15.8,0,0,16,32,14
4,4,4,13.0,0,0,0,10,6
0,5,0,18.9,0,0,0,36,0
9,3,9,16.4,0,1,0,12,5
0,3,0,12.0,0,0,0,8,5
22,5,22,18.7,0,0,15,19,13
14,0,14,25.7,0,0,0,11,5
16,4,16,27.0,0,0,0,31,5
16,6,16,18.2,0,0,0,1,7
9,3,9,9.3,0,0,22,19,15
21,5,21,10.2,0,0,10,38,10
13,5,13,14.6,0,0,0,20,5
9,6,9,15.8,0,0,6,18,8
14,2,14,27.7,0,0,5,23,4
15,3,15,27.5,0,0,25,51,22
15,3,15,12.5,0,0,0,9,6
15,4,15,24.1,0,0,14,63,16
13,4,13,24.5,0,0,10,22,11
23,6,23,6.0,0,0,0,19,0
21,5,21,10.8,0,0,0,3,6
23,0,23,12.8,0,0,0,36,0
5,2,5,9.2,0,0,4,31,4
10,1,10,11.4,0,0,0,20,5
15,1,15,24.1,0,1,0,5,6
11,6,11,18.6,0,0,0,13,6
16,1,16,31.0,0,0,1,1,1
18,5,18,14.4,0,0,0,12,5
14,1,14,11.4,0,0,0,20,5
12,3,12,29.3,0,0,2,2,2
10,5,10,8.9,0,0,0,12,6
18,3,18,10.2,0,0,0,18,5
14,2,14,19.2,0,0,0,6,6
19,3,19,12.3,0,0,0,31,5
8,1,8,16.3,0,1,0,29,5
15,0,15,10.1,0,0,0,12,5
11,2,11,10.5,0,0,0,12,6
23,2,23,17.3,0,1,19,15,0
6,2,6,15.8,0,1,0,29,6
19,3,19,19.6,0,0,6,18,8
13,5,13,28.3,0,0,5,5,1
18,4,18,12.5,0,0,0,25,5
15,4,15,14.5,0,0,13,4,6
23,0,23,11.4,0,0,0,19,7
7,0,7,10.1,0,0,0,29,6
4,1,4,12.4,0,0,0,13,5
18,6,18,11.8,0,0,0,12,6
13,2,13,8.7,0,0,0,48,6
8,3,8,8.3,0,0,0,18,5
14,3,14,19.7,1,2,0,5,6
4,0,4,11.9,0,0,0,23,5
5,5,5,8.8,0,0,21,3,5
18,0,18,8.5,0,0,0,12,6
16,6,16,16.7,0,0,4,9,4
18,4,18,10.8,0,0,0,20,5
12,4,12,10.3,0,0,0,9,5
8,6,8,8.4,0,0,0,5,6
10,6,10,16.8,0,0,0,12,6
15,5,15,15.4,0,0,13,4,5
4,1,4,10.6,0,0,0,40,5
1,6,1,13.9,0,0,20,19,15
5,1,5,15.3,0,0,4,29,1
8,0,8,13.0,0,1,0,29,6
21,0,21,16.6,0,0,0,22,0
8,3,8,3.6,0,0,4,6,5
19,2,19,13.4,0,0,0,22,0
14,2,14,17.5,1,0,0,3,7
6,2,6,10.6,0,0,4,18,5
1,6,1,13.1,0,0,2,2,8
17,1,17,18.5,0,0,0,25,6
18,2,18,21.4,0,0,21,3,0
4,1,4,4.9,0,0,5,4,1
23,4,23,6.3,0,0,0,35,7
12,3,12,25.1,0,0,0,12,6
9,1,9,7.3,0,0,0,20,5
8,0,8,7.4,0,0,0,25,6
8,5,8,11.5,0,0,14,19,16
11,6,11,14.6,0,0,4,13,4
21,3,21,10.8,0,0,21,3,5
13,2,13,11.8,0,0,0,3,5
8,4,8,8.0,0,0,0,13,6
4,1,4,10.0,0,0,21,3,5
22,1,22,13.3,0,0,0,3,5
6,3,6,8.3,0,0,21,3,14
5,3,5,13.5,0,0,4,31,4
23,0,23,9.1,0,0,0,15,7
0,5,0,10.0,0,0,16,32,14
4,0,4,5.7,0,0,0,8,6
10,2,10,21.4,0,1,0,29,5
11,4,11,13.5,0,0,0,12,5
14,3,14,24.5,0,1,20,19,15
13,1,13,14.2,0,0,5,7,1
4,1,4,5.4,0,0,5,5,4
13,4,13,19.2,0,0,4,12,1
13,6,13,14.9,0,0,0,12,5
7,1,7,12.7,0,0,0,13,6
6,2,6,15.3,0,1,4,6,4
16,3,16,22.0,0,0,0,14,5
13,0,13,14.5,0,0,0,9,6
15,0,15,25.8,0,0,13,6,6
9,3,9,18.7,0,1,0,16,0
19,3,19,24.9,0,1,4,18,1
5,1,5,9.9,0,0,4,31,1
14,5,14,21.9,0,1,0,3,5
4,3,4,13.0,0,0,0,9,6
10,1,10,10.6,0,0,5,10,4
19,4,19,9.8,0,0,0,10,6
5,0,5,9.3,0,0,0,3,1
8,5,8,19.1,0,1,0,12,5
12,6,12,17.4,0,0,0,24,5
8,1,8,12.1,0,1,0,5,5
16,3,16,30.6,0,1,5,5,5
19,3,19,9.3,0,0,4,18,5
6,3,6,7.0,0,0,21,3,5
9,1,9,17.1,0,0,30,19,15
20,4,20,9.2,0,0,0,29,6
1,5,1,5.9,0,0,13,6,6
11,2,11,7.5,0,0,5,10,4
5,5,5,12.5,0,0,4,1,1
18,0,18,30.2,0,0,0,18,5
5,1,5,8.5,0,0,0,23,6
23,0,23,18.4,0,0,10,38,10
13,4,13,21.7,0,0,0,13,6
17,1,17,12.3,0,0,4,31,5
23,0,23,13.8,0,0,0,19,0
13,5,13,27.2,0,0,0,23,5
6,3,6,4.5,0,0,1,1,1
8,6,8,0.8,0,0,0,18,5
9,5,9,13.7,0,0,0,69,7
13,2,13,11.1,0,0,0,25,5
7,5,7,1.1,0,0,0,29,6
17,6,17,18.9,0,0,4,31,1
5,4,5,8.9,0,0,5,106,1
5,5,5,13.8,0,0,0,23,5
4,0,4,17.0,0,0,0,10,5
12,4,12,18.5,0,0,0,13,6
15,1,15,21.9,0,0,0,29,6
4,2,4,9.2,0,0,0,3,5
14,2,14,11.4,0,0,21,3,5
21,0,21,22.2,0,0,21,3,5
17,1,17,14.7,0,0,0,6,6
16,2,16,30.5,0,0,20,19,15
16,0,16,8.3,0,0,0,12,5
1,0,1,20.9,0,0,0,0,0
12,1,12,16.7,0,0,0,20,5
16,6,16,22.9,0,1,0,28,5
4,6,4,3.1,0,0,0,8,6
14,2,14,19.2,0,0,11,60,3
11,3,11,11.4,0,0,6,30,19
12,2,12,9.1,0,0,0,31,6
12,2,12,9.2,0,0,0,31,6
20,1,20,13.1,0,0,0,26,6
16,4,16,23.0,0,0,0,12,6
4,3,4,5.2,0,0,5,5,4
0,6,0,18.7,0,0,14,19,12
9,6,9,11.9,0,0,0,14,5
7,1,7,10.0,0,0,0,10,6
14,3,14,24.2,0,0,20,19,15
13,6,13,19.0,0,0,12,27,0
9,5,9,20.0,0,0,5,10,4
12,4,12,11.0,0,0,0,6,6
0,0,0,20.1,0,0,15,37,7
10,3,10,10.9,1,2,5,25,1
15,6,15,21.2,0,0,0,24,5
0,0,0,18.9,0,0,15,37,7
7,5,7,10.0,0,0,5,10,1
19,5,19,9.8,0,0,14,19,12
8,1,8,5.0,0,0,22,19,15
12,5,12,19.5,0,0,0,9,6
12,5,12,17.6,0,0,9,21,11
15,1,15,29.0,0,0,5,23,4
16,3,16,13.1,0,0,0,6,0
19,3,19,12.4,0,0,0,8,6
15,0,15,25.1,0,1,0,4,5
13,3,13,15.7,0,0,4,5,4
20,4,20,12.8,0,0,0,31,6
5,5,5,5.3,0,0,0,8,5
17,6,17,14.7,0,0,5,25,1
9,5,9,13.5,0,1,0,69,0
8,1,8,12.2,0,0,0,13,6
1,2,1,15.1,0,0,0,0,0
6,5,6,1.0,0,0,5,6,1
21,2,21,8.8,0,0,0,26,5
1,0,1,17.5,0,0,0,46,0
14,4,14,21.8,0,1,0,12,6
4,4,4,9.9,0,0,5,5,4
13,3,13,21.9,0,0,0,18,5
4,1,4,9.5,0,0,0,5,6
12,2,12,15.0,0,0,28,7,0
16,0,16,17.8,0,0,0,5,6
0,2,0,11.4,0,0,5,6,1
17,0,17,24.1,0,0,0,29,6
4,1,4,12.1,0,0,0,26,5
8,6,8,9.0,0,0,0,30,5
16,3,16,28.0,0,0,0,44,5
9,0,9,15.7,0,0,21,3,5
18,0,18,21.6,0,0,5,26,1
14,6,14,12.2,0,0,31,63,12
14,0,14,30.3,0,1,4,17,1
18,2,18,25.3,0,1,0,12,5
23,6,23,7.7,0,0,0,15,7
23,3,23,13.8,0,0,18,34,11
12,5,12,11.4,0,0,4,29,4
8,1,8,9.1,0,0,5,10,1
23,0,23,20.0,0,0,0,35,0
23,5,23,16.9,0,0,13,6,1
12,4,12,13.3,0,0,5,41,1
14,1,14,29.4,0,1,6,18,17
11,6,11,11.6,0,0,4,10,5
8,5,8,17.5,0,0,13,6,6
16,2,16,11.9,0,0,5,20,1
16,1,16,19.2,0,0,0,1,0
12,2,12,17.0,0,0,0,31,6
12,6,12,24.9,0,1,0,7,5
11,3,11,14.5,0,1,0,20,6
16,5,16,29.5,0,0,1,1,1
15,6,15,22.6,0,0,5,23,4
4,1,4,10.7,0,0,0,9,5
19,1,19,5.6,0,0,13,6,6
9,6,9,9.5,0,0,0,16,0
18,0,18,31.1,0,1,0,10,5
14,5,14,21.0,0,0,21,71,5
9,0,9,23.4,0,1,21,3,5
4,3,4,14.5,0,0,0,10,5
15,3,15,18.3,1,2,4,5,4
8,5,8,6.4,0,0,5,10,1
8,0,8,14.0,0,0,0,25,6
19,3,19,9.0,0,0,0,20,6
0,0,0,8.5,0,0,1,1,1
8,1,8,13.8,0,1,0,4,5
18,6,18,14.1,0,0,4,18,5
20,1,20,11.6,0,0,0,31,5
12,6,12,25.4,0,1,0,5,6
19,5,19,19.2,0,0,13,6,6
5,3,5,12.3,0,0,2,2,8
1,2,1,18.9,0,0,0,0,0
6,4,6,6.7,0,0,4,5,1
10,4,10,8.6,0,0,0,6,0
17,6,17,29.5,0,1,0,30,5
5,2,5,9.4,0,0,0,7,6
16,2,16,18.3,0,1,0,5,6
21,3,21,19.0,0,0,0,26,6
5,3,5,3.5,0,0,0,5,6
11,0,11,15.1,0,0,13,6,6
10,2,10,24.6,0,1,0,3,5
10,3,10,24.4,0,0,5,24,1
13,4,13,26.7,0,1,0,24,5
13,6,13,14.3,0,0,20,19,15
9,5,9,7.2,0,0,0,20,5
16,0,16,26.8,0,0,0,7,0
8,5,8,12.0,0,0,0,4,5
18,1,18,19.8,0,0,13,5,6
15,1,15,30.1,0,1,0,12,6
7,5,7,9.7,0,0,4,9,1
17,1,17,28.1,0,1,4,45,4
5,1,5,5.5,0,0,5,31,1
20,4,20,21.8,0,0,0,7,5
15,6,15,32.3,0,1,0,49,5
4,2,4,2.0,0,0,21,3,5
11,4,11,20.1,0,0,5,10,4
9,3,9,8.5,0,0,0,11,6
11,4,11,18.5,0,0,0,13,5
15,2,15,28.3,0,0,0,13,6
12,2,12,20.9,0,0,5,10,1
22,6,22,20.6,0,1,5,23,1
10,1,10,13.3,0,0,5,12,4
1,5,1,14.7,0,0,20,7,15
16,3,16,10.3,0,0,0,5,6
8,0,8,6.5,0,0,0,25,6
17,4,17,27.0,0,0,13,5,6
15,5,15,30.5,0,0,14,19,12
14,6,14,28.7,0,1,4,13,4
4,6,4,8.2,0,0,21,3,14
8,0,8,19.7,0,1,0,13,6
10,5,10,13.7,0,0,0,6,0
5,2,5,9.8,0,0,0,13,6
4,6,4,10.6,0,0,5,5,4
12,2,12,11.5,0,0,4,13,4
11,1,11,11.5,0,0,11,60,3
20,2,20,6.7,0,0,21,3,5
5,0,5,9.5,0,0,0,13,6
5,5,5,15.1,0,0,5,5,5
11,3,11,14.0,0,0,0,8,6
16,2,16,15.9,0,0,0,7,6
2,2,2,12.2,0,0,13,6,6
11,3,11,22.0,0,1,0,24,5
18,6,18,14.3,0,0,5,12,1
16,3,16,26.3,0,0,0,7,6
11,5,11,12.9,0,0,0,31,6
8,4,8,8.6,0,0,0,31,6
16,1,16,26.0,0,0,4,23,4
4,3,4,12.5,0,0,0,5,6
19,3,19,24.5,0,1,4,18,5
1,0,1,9.2,0,0,0,46,0
1,4,1,8.7,0,0,5,7,4
8,1,8,2.0,0,0,0,4,5
15,3,15,20.9,0,0,0,20,5
1,1,1,19.4,0,0,20,1,15
1,0,1,17.8,0,0,0,1,7
15,2,15,30.5,0,0,0,3,5
11,3,11,17.0,0,0,0,19,7
14,3,14,19.0,0,0,5,62,1
22,4,22,6.1,0,0,16,32,14
18,0,18,16.7,1,2,0,17,5
6,0,6,3.2,0,0,13,6,4
15,0,15,24.0,0,0,4,23,1
15,2,15,25.1,0,0,21,71,5
6,3,6,15.0,0,1,4,18,1
10,0,10,14.6,0,0,0,29,5
14,6,14,22.7,0,0,5,24,1
0,2,0,19.1,0,0,10,22,11
17,0,17,17.6,0,0,4,64,4
10,6,10,22.7,0,1,0,23,6
7,4,7,15.7,0,0,5,29,1
17,1,17,28.3,0,0,0,18,5
16,5,16,14.6,0,0,4,20,4
12,4,12,25.4,0,0,2,2,2
6,3,6,2.6,0,0,0,13,6
17,3,17,14.1,0,0,0,25,5
13,1,13,14.3,0,0,5,13,1
15,0,15,23.1,0,0,13,6,6
8,2,8,8.8,0,0,0,4,5
10,2,10,24.9,0,1,0,20,5
0,0,0,14.4,0,0,0,19,0
19,4,19,11.3,0,0,0,10,6
22,0,22,10.3,0,0,14,19,12
21,0,21,22.7,0,0,0,22,0
21,6,21,18.6,0,1,4,18,1
5,5,5,6.3,0,0,0,5,6
10,6,10,11.5,0,0,0,12,6
17,6,17,24.5,0,0,14,19,16
9,0,9,10.9,0,0,0,30,5
5,1,5,11.1,0,0,4,31,1
15,1,15,19.0,0,0,13,6,6
16,3,16,15.4,0,0,0,25,5
8,4,8,11.3,0,0,0,3,7
23,6,23,9.5,0,0,16,32,5
8,5,8,19.9,0,1,0,29,6
5,0,5,3.7,0,0,4,4,4
20,0,20,6.9,0,0,4,10,5
5,3,5,15.0,0,0,0,13,6
16,1,16,30.4,0,1,5,29,4
13,0,13,27.3,0,1,12,27,0
8,1,8,9.3,0,0,5,10,4
6,5,6,15.3,0,1,4,1,1
12,4,12,30.2,0,1,28,7,0
14,4,14,26.5,0,0,0,24,6
9,4,9,6.9,0,0,0,30,6
13,6,13,24.1,0,0,0,11,6
11,0,11,9.4,0,0,13,6,6
16,2,16,34.1,0,1,0,4,5
7,4,7,11.1,0,0,0,12,6
6,0,6,7.6,0,0,4,13,4
4,0,4,11.4,0,0,0,31,6
11,2,11,8.6,0,0,10,22,11
17,0,17,33.1,0,1,13,6,6
7,6,7,7.4,0,0,20,4,15
23,6,23,10.7,0,0,5,6,1
7,3,7,12.6,0,1,0,7,5
14,4,14,21.7,0,1,4,17,5
16,5,16,17.1,0,0,5,3,1
4,1,4,14.9,0,0,0,10,5
15,1,15,21.2,0,0,13,99,6
19,2,19,22.4,0,1,0,48,5
9,6,9,6.3,0,0,0,20,6
9,6,9,19.3,0,0,0,12,6
8,5,8,10.2,0,1,0,7,6
20,4,20,14.7,0,0,0,22,0
7,3,7,1.3,0,0,0,9,6
11,1,11,15.7,0,0,4,54,5
0,4,0,8.5,0,0,5,6,1
12,6,12,27.1,0,1,5,5,5
18,2,18,22.9,0,0,21,3,0
16,3,16,9.8,0,0,21,3,15
9,4,9,15.4,0,1,0,12,5
17,6,17,23.4,0,0,0,25,6
9,2,9,15.1,0,0,7,8,18
4,4,4,5.5,0,0,0,31,6
23,2,23,16.5,0,0,0,19,7
15,5,15,17.1,0,0,5,14,1
17,0,17,30.0,0,0,7,105,55
20,0,20,7.5,0,0,5,29,1
0,4,0,14.1,0,0,0,36,7
13,1,13,27.2,0,1,0,8,5
5,0,5,13.6,0,0,5,5,5
9,2,9,11.5,0,0,4,12,5
13,6,13,17.2,0,0,0,12,5
2,0,2,12.4,0,0,20,6,15
6,1,6,18.0,0,1,0,9,5
6,4,6,12.0,0,1,4,6,4
15,5,15,26.1,0,1,0,49,5
18,0,18,24.1,0,0,5,18,1
5,4,5,0.2,0,0,4,4,4
18,2,18,20.5,0,0,0,44,5
14,4,14,17.4,0,0,0,12,5
18,6,18,25.3,0,0,0,13,6
2,4,2,16.8,0,0,0,0,0
13,6,13,14.6,0,0,12,27,0
11,5,11,10.7,0,0,0,29,6
20,2,20,22.3,0,0,5,10,1
18,6,18,29.5,0,0,6,18,8
9,5,9,21.4,0,0,0,12,6
12,3,12,22.6,0,0,0,8,6
17,5,17,30.8,0,1,0,12,5
22,4,22,7.1,0,0,6,7,8
10,5,10,23.7,0,1,0,28,5
19,3,19,10.5,0,0,4,18,5
15,5,15,30.5,0,0,0,10,6
15,1,15,25.2,0,0,0,5,6
16,5,16,29.7,0,0,13,4,6
14,0,14,23.6,0,0,0,10,5
9,1,9,5.6,0,0,14,19,12
14,6,14,11.2,0,0,5,25,1
9,5,9,16.1,0,0,4,30,1
23,2,23,16.0,0,0,20,19,15
7,2,7,4.5,0,0,0,9,6
10,2,10,8.3,0,0,20,19,15
5,2,5,10.2,0,0,0,13,6
17,3,17,29.6,0,0,34,72,3
21,6,21,23.0,0,1,0,7,5
5,0,5,12.8,0,0,0,31,5
16,4,16,31.0,0,0,0,7,5
20,4,20,10.0,0,0,0,26,6
10,5,10,16.1,0,1,0,41,5
16,6,16,15.9,0,0,21,3,0
12,5,12,21.1,0,1,10,22,11
5,3,5,15.6,0,0,4,23,5
11,6,11,23.5,0,0,0,9,6
15,3,15,17.2,0,0,20,19,15
17,2,17,19.2,0,0,4,20,4
11,5,11,12.9,0,0,13,6,6
17,3,17,17.4,0,0,20,19,15
16,6,16,27.5,0,0,4,64,4
14,2,14,14.1,0,0,21,71,5
10,6,10,12.0,0,0,0,12,6
1,4,1,15.6,0,0,2,2,8
13,4,13,21.5,0,0,4,12,1
11,6,11,12.2,0,0,0,31,6
5,3,5,9.1,0,0,0,31,5
7,1,7,12.0,0,0,22,19,15
11,4,11,12.9,0,0,5,25,4
10,6,10,15.3,0,0,0,31,6
18,5,18,17.2,0,0,21,3,0
11,0,11,11.8,0,0,8,1,10
14,1,14,14.6,0,0,0,3,6
22,1,22,4.8,0,0,15,19,13
6,1,6,9.6,0,0,4,6,5
21,2,21,12.1,0,0,0,9,6
15,2,15,18.0,0,0,0,3,6
17,6,17,33.1,0,0,21,3,5
16,3,16,18.1,0,0,1,1,1
8,3,8,5.5,0,0,4,13,1
14,6,14,25.1,0,0,21,71,5
5,4,5,12.3,0,0,2,2,8
13,0,13,24.9,0,0,0,20,5
11,3,11,18.2,0,0,0,25,5
13,1,13,20.0,0,0,4,29,1
16,3,16,15.6,0,0,0,31,6
8,6,8,8.6,0,0,5,10,1
5,2,5,7.8,0,0,13,6,6
12,3,12,10.0,1,2,0,6,5
5,2,5,15.0,0,0,0,9,6
9,3,9,17.9,0,1,8,1,10
13,0,13,7.8,0,0,6,18,17
16,1,16,31.5,0,0,7,9,24
12,3,12,20.7,0,0,4,9,1
6,2,6,15.7,0,0,4,18,5
23,0,23,14.4,0,0,19,15,0
4,1,4,10.3,0,0,2,2,8
19,3,19,18.4,0,0,0,12,5
4,4,4,12.9,0,0,20,19,15
15,4,15,29.2,0,0,0,10,6
14,4,14,16.3,0,0,0,48,6
18,5,18,30.1,0,1,0,8,6
18,4,18,29.7,0,0,0,18,5
10,0,10,19.1,0,0,0,17,5
10,5,10,18.9,0,0,0,41,5
3,1,3,13.0,0,0,2,2,2
2,5,2,13.7,0,0,20,6,15
6,1,6,7.9,0,0,0,9,6
18,0,18,23.9,0,0,5,23,4
9,2,9,20.7,0,1,0,12,6
3,4,3,13.3,0,0,20,6,15
12,2,12,23.5,0,0,0,9,6
13,5,13,15.0,0,0,0,3,5
5,2,5,8.0,0,0,4,5,4
18,1,18,29.3,0,1,0,9,6
0,5,0,6.5,1,2,1,39,1
10,0,10,20.4,0,0,0,12,6
21,2,21,10.7,0,0,0,3,5
10,2,10,10.1,0,0,0,6,0
15,0,15,23.7,0,0,4,10,1
5,6,5,15.6,0,0,1,56,14
20,6,20,21.3,0,0,4,20,4
4,6,4,11.0,0,0,0,8,5
16,1,16,11.7,0,0,23,43,0
21,1,21,4.2,0,0,0,31,6
1,1,1,13.0,0,0,10,22,11
18,2,18,12.3,0,0,13,6,4
10,1,10,10.2,0,0,0,29,6
12,6,12,12.9,0,0,9,21,11
1,2,1,13.7,0,0,2,2,8
21,3,21,20.7,0,1,21,3,5
13,6,13,27.8,0,1,9,21,13
8,3,8,7.7,0,0,0,20,6
6,1,6,13.3,0,1,0,8,5
23,2,23,3.9,0,0,14,19,12
8,1,8,6.0,0,0,0,20,6
9,2,9,13.4,0,0,13,6,6
1,5,1,15.5,0,0,10,22,11
10,0,10,15.9,0,0,0,28,6
22,6,22,9.2,0,0,0,1,5
2,5,2,13.3,0,0,13,6,6
9,2,9,18.1,0,0,0,4,5
21,1,21,9.3,1,2,0,12,6
0,5,0,18.3,0,0,15,37,7
4,0,4,10.2,0,0,3,3,3
11,4,11,20.8,0,1,0,25,6
5,3,5,15.5,0,0,2,2,8
15,0,15,22.2,0,0,4,30,1
15,4,15,16.7,0,0,0,14,5
15,1,15,18.3,0,0,13,99,1
14,6,14,14.9,0,0,4,5,4
16,0,16,26.9,0,0,1,1,1
7,2,7,8.7,0,0,5,9,1
23,1,23,9.1,0,0,5,10,4
9,2,9,17.0,0,1,0,4,5
15,6,15,28.0,0,0,1,1,1
10,2,10,9.5,0,0,28,7,0
4,3,4,9.4,0,0,0,10,5
19,6,19,10.5,0,0,0,22,0
10,2,10,12.1,0,0,0,18,5
13,5,13,17.2,0,0,0,18,5
15,4,15,19.2,0,0,13,4,6
10,0,10,10.8,0,0,0,10,6
12,6,12,13.7,0,0,0,31,6
15,5,15,19.9,0,1,0,10,5
15,5,15,20.0,0,0,0,10,5
14,0,14,17.4,0,0,59,8,31
8,5,8,21.2,0,1,0,4,5
5,2,5,13.3,0,0,0,5,6
11,0,11,21.5,0,0,0,12,5
10,2,10,7.6,0,0,0,29,6
8,4,8,11.3,0,0,0,4,5
20,5,20,26.6,0,0,4,10,4
15,4,15,30.5,0,1,0,49,6
8,2,8,8.5,0,0,0,3,7
9,5,9,13.2,0,0,21,3,5
11,6,11,11.1,0,0,5,10,1
15,1,15,29.1,0,1,28,7,0
23,4,23,17.4,0,0,0,35,7
22,5,22,13.8,0,1,14,19,12
5,3,5,8.9,0,0,0,13,6
20,0,20,19.9,0,1,0,10,6
11,4,11,12.3,0,0,5,13,4
9,6,9,15.3,0,0,7,81,24
11,3,11,17.4,0,0,10,22,11
7,1,7,11.6,0,0,0,13,6
12,1,12,23.1,0,0,0,4,6
10,5,10,20.6,0,0,7,123,40
10,5,10,20.7,0,1,0,12,6
1,4,1,7.3,0,0,2,2,8
11,6,11,25.7,0,1,0,12,5
23,5,23,15.9,0,0,19,15,7
14,0,14,28.1,0,1,4,17,1
5,6,5,2.0,0,0,4,5,4
2,0,2,14.9,0,0,8,1,10
18,2,18,11.2,0,0,0,29,5
13,0,13,25.1,0,0,0,6,6
23,1,23,10.2,0,0,0,36,7
11,5,11,18.8,0,0,5,10,4
1,5,1,17.6,0,0,0,0,0
1,6,1,7.4,0,0,2,2,8
12,0,12,14.0,0,1,0,14,5
13,2,13,25.8,0,0,0,18,5
17,2,17,14.5,0,0,21,3,0
12,4,12,25.3,0,0,4,5,4
13,2,13,25.8,0,0,10,22,11
21,1,21,20.2,0,0,0,3,5
14,6,14,14.8,0,0,4,9,4
14,6,14,15.0,0,0,13,99,5
11,0,11,11.5,0,0,0,19,7
17,4,17,23.5,0,0,0,5,6
13,6,13,26.0,0,1,0,9,5
15,0,15,19.7,0,0,13,4,5
12,6,12,12.0,0,0,2,2,2
12,1,12,28.1,0,1,0,17,5
11,2,11,10.3,0,0,0,12,6
16,2,16,11.1,0,0,4,31,4
1,3,1,13.9,0,0,0,0,0
7,0,7,7.3,0,0,0,10,5
9,0,9,17.0,0,0,0,15,7
1,2,1,19.4,0,0,0,0,0
4,5,4,9.6,1,2,0,8,5
9,4,9,21.4,0,0,7,29,21
16,4,16,23.4,0,0,13,6,4
16,4,16,11.1,0,0,0,20,6
2,4,2,5.6,0,0,54,5,27
9,6,9,22.8,0,1,0,16,0
20,5,20,8.1,0,0,5,29,4
5,6,5,6.8,0,0,0,18,5
12,1,12,23.9,0,0,0,18,5
11,0,11,20.0,0,1,0,6,0
17,6,17,26.1,0,0,14,19,16
7,3,7,6.1,0,0,0,12,6
15,5,15,30.7,0,0,5,14,1
19,4,19,27.9,0,1,0,10,5
3,4,3,16.6,0,0,0,1,5
15,5,15,29.6,0,0,0,44,5
19,1,19,18.6,0,0,5,23,4
6,4,6,13.2,0,1,1,1,14
6,2,6,9.6,0,0,4,9,4
8,2,8,1.3,0,0,0,13,6
18,4,18,14.0,0,0,0,30,5
10,0,10,18.4,0,0,5,10,1
15,3,15,30.7,0,0,7,31,18
11,6,11,24.3,0,1,0,19,0
18,6,18,12.2,0,0,0,20,5
20,6,20,27.6,0,0,5,30,1
4,2,4,10.5,0,0,2,2,8
13,3,13,11.1,0,0,5,14,1
8,0,8,8.3,0,0,6,18,8
12,2,12,16.5,0,0,9,21,11
19,5,19,23.7,0,0,0,29,6
12,0,12,18.3,0,1,0,13,6
14,1,14,11.8,0,0,1,1,14
19,6,19,27.0,0,0,13,6,5
11,0,11,18.7,0,0,0,14,5
23,5,23,17.1,0,0,15,37,7
8,2,8,9.2,0,1,0,14,5
6,5,6,4.8,0,0,0,29,6
4,5,4,4.5,0,0,5,5,4
4,6,4,1.9,0,0,0,5,6
11,0,11,21.6,0,0,0,9,5
15,5,15,19.7,0,0,5,9,4
13,2,13,17.2,0,1,10,22,11
16,6,16,16.2,0,0,31,63,12
16,0,16,14.3,0,0,0,9,6
15,4,15,32.2,0,1,0,25,5
21,1,21,24.6,0,1,4,10,5
11,6,11,18.5,0,0,20,6,15
12,0,12,26.0,0,1,0,5,5
11,1,11,12.7,0,0,0,19,0
6,0,6,6.8,0,0,0,31,6
20,1,20,27.2,0,1,0,31,6
4,1,4,6.2,0,0,5,5,4
15,3,15,25.4,0,0,6,18,27
5,6,5,13.1,0,0,0,23,5
8,0,8,9.7,0,0,0,20,6
11,4,11,22.3,0,1,5,12,4
8,5,8,11.7,0,0,14,19,16
23,3,23,8.4,0,0,10,22,11
19,3,19,25.7,0,0,0,20,6
1,4,1,17.5,0,0,0,0,0
9,4,9,23.7,0,1,26,58,0
1,5,1,14.2,0,0,1,1,1
18,1,18,14.1,0,0,0,8,5
13,2,13,24.6,0,0,0,24,5
12,3,12,11.1,0,0,0,31,6
16,0,16,16.8,0,0,0,31,6
10,6,10,9.8,0,0,0,26,6
5,3,5,8.4,0,0,0,10,6
15,3,15,23.0,0,0,5,12,1
22,2,22,10.2,0,0,15,19,7
10,5,10,13.0,0,0,0,12,6
15,2,15,18.4,0,0,0,13,6
20,0,20,22.9,0,0,4,18,4
17,4,17,29.7,0,1,0,1,7
5,4,5,10.9,0,0,13,6,6
9,2,9,15.0,0,0,21,3,5
8,1,8,5.5,0,0,0,18,5
8,6,8,14.4,0,0,5,12,1
18,6,18,30.4,0,1,4,31,1
19,5,19,24.4,0,0,0,10,5
16,4,16,34.6,0,1,0,16,0
16,5,16,31.1,0,0,5,20,1
5,0,5,14.2,0,0,0,31,5
20,1,20,8.0,0,0,21,3,5
0,4,0,13.8,0,0,16,32,14
10,2,10,14.3,0,0,0,13,6
8,5,8,5.8,0,0,0,13,6
18,1,18,16.1,0,0,13,6,6
16,5,16,26.4,0,0,0,5,6
8,5,8,6.6,0,0,4,30,5
3,4,3,6.0,0,0,0,46,0
20,4,20,10.7,0,0,18,34,11
5,1,5,17.2,0,0,5,5,5
9,4,9,7.7,0,0,4,9,1
4,6,4,7.8,0,0,2,2,2
9,4,9,17.0,0,0,41,3,29
10,2,10,27.5,0,1,6,18,8
21,3,21,19.0,0,0,18,34,11
15,6,15,28.8,0,0,5,62,1
2,0,2,12.7,0,0,0,0,0
11,6,11,12.2,0,0,5,10,4
16,5,16,26.5,0,0,0,1,7
5,1,5,5.5,0,0,5,4,1
20,2,20,7.9,0,0,5,18,1
1,5,1,7.2,0,0,0,0,0
4,1,4,13.6,0,0,0,13,5
4,0,4,14.0,0,0,0,13,5
16,4,16,20.2,0,0,4,20,1
7,0,7,9.7,0,0,4,13,4
5,6,5,17.4,0,0,21,3,14
1,3,1,15.0,0,0,0,8,6
7,4,7,15.4,0,0,0,11,6
17,0,17,15.7,0,0,4,45,4
4,1,4,4.4,0,0,0,8,6
0,4,0,20.2,0,0,18,34,11
13,5,13,24.1,0,0,4,29,1
8,1,8,9.2,0,0,5,13,1
16,6,16,17.1,0,0,5,62,1
16,6,16,21.4,0,0,6,18,17
8,0,8,9.8,0,0,4,10,4
12,0,12,24.7,0,1,0,12,5
3,3,3,15.6,0,0,2,2,2
9,2,9,6.4,0,0,5,29,1
13,5,13,19.9,0,0,5,7,1
17,6,17,21.7,0,0,4,45,1
12,3,12,24.9,0,1,5,5,5
23,3,23,4.6,0,0,0,15,7
9,2,9,17.2,0,0,0,69,7
5,3,5,15.4,0,0,0,13,5
1,6,1,14.8,0,0,1,1,1
4,0,4,13.3,0,0,0,31,5
21,5,21,19.2,0,0,21,3,5
7,4,7,12.5,0,0,21,3,5
15,1,15,19.7,0,0,0,44,6
10,3,10,10.3,0,0,5,24,1
0,5,0,7.5,0,0,0,1,7
8,0,8,15.9,0,0,0,18,6
5,0,5,9.7,0,0,0,18,5
5,3,5,8.8,0,0,0,9,6
13,0,13,20.3,0,0,4,18,1
11,6,11,22.4,0,1,11,60,3
8,2,8,18.0,0,1,0,12,5
14,0,14,18.8,0,0,20,63,15
16,0,16,30.4,0,1,4,30,4
16,5,16,19.5,0,0,0,31,6
7,0,7,3.8,0,0,0,9,5
15,4,15,24.7,0,0,14,63,16
9,4,9,7.3,0,1,7,67,24
6,1,6,9.4,0,0,0,29,5
11,5,11,22.1,0,0,0,41,5
1,5,1,14.4,0,0,16,32,14
9,5,9,20.3,0,0,6,18,8
14,6,14,18.6,0,0,13,6,6
7,4,7,7.7,0,0,0,100,6
13,1,13,24.0,0,0,28,7,0
7,2,7,11.8,0,1,0,10,6
1,6,1,11.4,0,0,13,6,5
7,1,7,7.2,0,0,7,54,37
0,1,0,8.1,0,0,1,1,1
15,4,15,13.1,0,0,5,12,1
4,2,4,8.8,0,0,0,10,6
22,3,22,7.5,0,0,16,32,14
22,2,22,8.9,0,0,6,7,8
0,3,0,15.4,0,0,0,1,10
15,0,15,10.2,0,0,1,1,14
12,2,12,21.5,0,0,0,5,6
4,2,4,14.1,0,0,0,9,5
16,0,16,18.8,0,1,20,19,15
6,4,6,12.0,0,1,0,17,5
4,0,4,3.4,0,0,0,26,6
11,2,11,8.9,0,0,13,6,6
9,3,9,10.4,0,0,25,51,22
7,3,7,7.5,0,0,5,17,1
4,2,4,9.1,0,0,20,19,15
1,6,1,8.5,0,0,0,6,5
15,5,15,28.2,0,0,13,6,6
16,6,16,21.2,0,0,0,28,6
0,2,0,14.3,0,0,10,22,11
8,2,8,6.5,0,0,0,6,6
4,4,4,1.2,0,0,0,26,6
16,5,16,26.2,0,0,0,14,5
10,4,10,11.3,0,0,0,9,6
13,2,13,22.1,0,0,0,48,5
10,2,10,7.2,0,0,0,6,7
15,6,15,23.7,0,0,21,71,5
8,6,8,6.4,0,0,0,30,5
9,5,9,20.8,0,1,0,29,6
13,2,13,15.6,0,0,0,25,6
7,4,7,3.5,0,0,0,25,5
16,6,16,30.8,0,0,0,25,6
7,4,7,12.5,0,0,0,11,6
20,6,20,9.3,0,0,4,13,4
20,4,20,9.0,0,0,0,29,5
15,3,15,27.9,0,0,13,99,4
22,3,22,9.0,0,0,10,22,11
9,5,9,13.8,0,0,0,28,6
16,5,16,31.2,0,0,0,22,7
4,6,4,1.5,0,0,8,19,10
8,0,8,4.3,0,0,5,10,1
12,0,12,24.9,0,0,5,5,1
7,3,7,15.7,0,1,5,17,1
13,5,13,28.4,0,0,28,7,0
4,1,4,1.8,0,0,0,31,6
5,4,5,12.3,0,0,0,9,5
18,2,18,20.0,0,0,7,29,18
17,6,17,34.3,0,0,0,8,5
13,2,13,22.2,0,0,0,48,5
23,2,23,11.0,0,0,0,19,0
4,5,4,13.3,0,0,20,6,15
13,3,13,23.0,0,0,5,9,4
17,0,17,15.2,0,0,0,5,5
14,2,14,15.6,0,0,4,13,4
8,6,8,13.3,0,1,0,3,5
8,6,8,0.3,0,0,0,20,6
6,0,6,14.1,0,1,21,3,5
7,2,7,12.2,0,0,0,13,5
2,0,2,1.6,0,0,14,19,12
20,0,20,6.1,0,0,18,34,11
23,0,23,4.2,0,0,0,19,0
15,1,15,30.9,0,1,0,4,5
20,2,20,12.0,0,0,0,9,6
9,1,9,13.9,0,0,5,8,4
13,0,13,21.9,0,0,5,12,1
8,0,8,5.6,0,0,5,10,1
19,4,19,11.0,0,0,5,18,1
21,5,21,9.0,0,0,18,34,11
12,6,12,14.2,0,0,0,5,6
9,5,9,23.3,0,0,5,14,1
12,1,12,20.0,0,0,6,18,8
0,5,0,11.4,0,0,20,19,15
14,6,14,32.6,0,0,0,62,5
4,6,4,7.6,0,0,0,10,6
11,0,11,16.3,0,0,2,2,2
14,6,14,28.5,0,1,31,63,12
15,4,15,29.0,0,0,0,13,5
7,2,7,3.1,1,0,0,13,6
11,0,11,11.7,0,0,0,24,5
8,0,8,1.6,0,0,0,18,5
21,6,21,6.2,0,0,0,7,5
11,3,11,13.1,0,0,4,54,5
4,4,4,8.2,0,0,0,13,5
19,2,19,18.5,0,0,0,29,6
20,1,20,10.2,0,0,0,7,5
5,1,5,4.1,0,0,13,6,6
5,1,5,13.0,0,0,0,31,6
7,0,7,7.1,0,0,0,11,6
14,3,14,25.7,0,1,0,20,6
22,1,22,8.1,0,0,13,6,4
23,0,23,18.9,0,0,0,31,6
0,4,0,15.3,0,0,18,34,11
20,6,20,25.8,0,0,0,20,5
15,6,15,19.5,0,0,0,12,6
12,0,12,25.5,0,1,0,13,5
23,6,23,7.0,0,0,5,6,1
22,3,22,18.4,0,1,15,19,13
17,6,17,25.7,0,0,0,5,6
13,5,13,25.7,0,1,28,7,0
3,3,3,12.0,1,2,1,1,7
6,0,6,3.0,0,0,4,13,4
18,1,18,25.2,0,1,4,10,1
22,5,22,12.5,0,0,0,1,5
8,5,8,15.7,0,1,0,5,5
7,2,7,9.7,0,0,0,19,0
0,4,0,15.0,0,0,6,7,8
14,2,14,33.2,0,1,0,31,5
2,3,2,8.1,0,0,14,19,12
18,2,18,29.3,0,1,0,12,5
11,2,11,16.1,0,0,0,12,6
23,5,23,15.0,0,0,0,19,7
10,5,10,21.1,0,0,0,8,6
9,5,9,13.1,0,0,0,20,5
7,3,7,8.5,0,0,22,19,15
11,0,11,23.2,0,0,0,14,5
19,2,19,34.0,0,1,0,29,5
14,2,14,18.3,0,1,0,29,6
1,5,1,9.9,0,0,13,6,6
10,6,10,7.0,0,0,0,31,6
16,6,16,10.4,0,0,0,1,0
12,5,12,14.0,0,1,0,5,5
1,2,1,11.9,0,0,2,2,8
9,3,9,18.4,0,0,5,12,1
15,2,15,13.5,0,0,1,1,1
23,1,23,5.0,0,0,0,19,0
5,1,5,8.8,0,0,0,8,6
4,4,4,3.0,0,0,0,26,5
5,6,5,15.3,0,0,5,5,5
12,5,12,8.8,0,0,5,31,4
20,5,20,8.7,0,0,0,7,6
0,5,0,11.2,0,0,5,6,1
16,5,16,35.2,0,0,0,7,5
16,6,16,20.3,0,0,0,25,6
14,6,14,28.8,0,1,0,23,5
5,2,5,4.5,0,0,0,23,6
11,2,11,23.1,0,1,0,12,6
21,2,21,15.8,0,0,0,31,6
17,4,17,27.9,0,1,13,5,5
16,4,16,22.8,0,1,5,5,5
13,2,13,12.5,0,0,5,7,1
19,0,19,26.2,0,1,0,20,5
17,6,17,16.6,0,0,0,31,6
18,1,18,22.7,0,0,0,12,5
14,5,14,27.1,0,1,0,12,5
7,2,7,9.9,0,0,0,11,5
13,4,13,19.3,0,0,5,7,4
21,6,21,15.6,0,0,5,3,4
18,3,18,32.1,0,1,0,12,5
18,1,18,11.6,0,0,0,12,6
22,3,22,22.9,0,0,5,3,4
23,6,23,12.6,0,0,0,19,0
7,5,7,12.0,0,0,5,17,1
17,6,17,18.9,0,0,0,12,6
9,6,9,5.5,0,0,0,13,5
16,5,16,30.3,0,1,0,12,6
0,3,0,7.2,0,0,1,1,1
18,4,18,10.9,0,0,0,12,5
14,6,14,11.9,0,0,0,29,6
8,1,8,15.1,0,0,5,17,1
1,2,1,8.2,0,0,5,7,4
9,0,9,4.9,0,0,4,13,1
21,2,21,22.6,0,0,5,23,1
14,3,14,28.0,0,1,0,3,5
9,2,9,16.6,0,1,0,12,5
8,6,8,5.1,0,0,0,4,5
17,2,17,20.2,0,0,0,31,6
8,5,8,7.9,0,0,5,10,1
1,1,1,13.4,0,0,16,32,14
6,6,6,10.9,0,0,0,9,5
4,2,4,13.5,0,0,0,10,6
0,1,0,12.7,0,0,0,1,10
9,1,9,15.1,0,1,21,3,5
9,3,9,18.7,0,0,22,19,15
21,1,21,9.7,0,0,0,3,5
7,5,7,13.3,0,1,0,10,6
5,1,5,4.9,0,0,4,6,4
18,0,18,11.9,0,0,0,7,6
7,4,7,12.4,0,1,5,10,4
1,4,1,17.5,0,0,17,33,15
18,2,18,13.3,0,0,0,13,6
12,1,12,22.9,0,0,2,2,2
19,2,19,5.9,0,0,5,18,1
9,5,9,16.0,0,0,5,10,4
19,1,19,11.0,1,2,5,10,1
7,0,7,12.6,0,0,0,20,6
20,5,20,15.8,0,0,0,22,0
15,0,15,31.5,0,1,0,12,5
20,5,20,9.2,0,0,18,34,11
17,0,17,25.9,0,1,0,10,6
13,6,13,19.9,0,0,0,18,5
5,6,5,18.0,0,0,0,26,6
10,2,10,16.4,0,0,20,7,15
10,1,10,12.3,0,0,5,14,1
15,4,15,19.0,0,0,20,19,15
6,1,6,12.2,0,0,0,40,5
15,3,15,11.4,0,0,0,44,6
0,4,0,15.5,0,0,0,8,6
10,3,10,11.0,1,2,0,20,6
7,2,7,2.2,0,0,4,9,4
11,1,11,14.4,0,0,0,16,0
4,4,4,8.5,0,0,5,5,4
11,5,11,12.9,0,0,10,22,11
19,2,19,19.0,0,0,13,5,5
16,5,16,19.0,0,0,0,18,5
23,4,23,16.9,0,0,6,18,17
12,5,12,26.0,0,1,0,24,5
0,1,0,14.9,0,0,0,36,0
12,1,12,9.5,0,0,5,24,1
9,2,9,10.5,0,0,0,16,0
17,3,17,25.1,0,0,7,119,24
17,2,17,30.7,0,0,0,8,5
12,5,12,21.4,0,1,0,6,6
23,6,23,13.4,0,0,0,8,5
4,3,4,12.5,0,0,0,13,6
21,2,21,11.9,0,0,0,9,5
19,4,19,14.0,0,0,5,25,1
13,5,13,21.6,0,0,4,29,1
5,4,5,13.5,0,0,5,5,1
17,2,17,24.1,0,0,0,31,5
16,1,16,26.1,0,0,0,31,6
13,6,13,16.5,0,0,0,11,5
20,2,20,27.7,0,1,5,9,1
16,1,16,28.8,0,0,4,31,4
6,0,6,1.7,0,0,25,52,23
12,0,12,25.6,0,1,0,14,5
19,1,19,13.4,0,0,0,22,7
12,0,12,29.6,0,0,2,2,2
11,0,11,26.6,0,1,0,6,6
3,2,3,13.3,0,0,2,2,2
11,4,11,12.6,0,0,5,10,4
18,5,18,26.4,0,0,5,29,4
11,2,11,19.2,0,0,0,19,0
12,0,12,14.7,0,0,0,10,6
16,0,16,11.9,0,0,0,31,6
18,5,18,28.2,0,0,14,19,12
16,4,16,19.4,0,0,0,14,5
10,3,10,6.1,0,0,0,6,0
21,1,21,10.4,0,0,0,9,6
20,6,20,18.1,0,0,0,20,5
15,6,15,28.0,0,0,21,71,5
15,2,15,15.4,0,0,5,25,1
8,1,8,16.3,0,1,0,3,7
8,5,8,17.4,0,1,0,4,5
23,4,23,6.1,0,0,0,19,0
18,6,18,13.4,0,0,20,19,15
7,3,7,15.7,0,1,4,31,1
19,1,19,17.9,0,0,5,13,1
0,4,0,6.5,0,0,1,1,1
18,0,18,15.4,0,0,0,12,6
8,4,8,9.7,0,0,0,30,5
16,6,16,20.7,0,0,0,23,5
14,1,14,23.0,0,1,0,12,5
4,6,4,2.7,0,0,5,5,4
23,3,23,11.2,0,0,0,35,7
5,3,5,9.3,0,0,0,9,6
19,4,19,14.8,0,0,13,6,5
9,5,9,19.5,0,0,5,14,1
7,3,7,1.5,0,0,0,26,6
20,6,20,24.0,0,0,0,13,5
18,3,18,31.6,0,0,4,13,1
13,4,13,26.6,0,0,5,23,1
4,3,4,7.7,0,0,21,3,5
16,5,16,22.3,0,0,0,18,5
16,2,16,19.8,0,0,0,7,6
16,6,16,16.3,0,0,0,29,6
9,3,9,10.3,0,0,5,10,4
6,3,6,10.6,1,2,0,19,0
16,2,16,19.8,0,0,4,31,5
14,5,14,15.8,0,0,1,1,14
16,3,16,23.0,0,0,20,19,15
13,1,13,14.8,0,0,0,20,6
23,4,23,9.0,0,0,0,15,7
14,1,14,26.3,0,0,30,19,15
8,3,8,8.2,0,0,6,18,19
11,1,11,11.3,0,0,0,19,0
12,4,12,25.1,0,0,13,6,6
23,6,23,9.0,0,0,0,19,0
0,2,0,15.8,0,0,0,8,5
14,2,14,17.7,0,0,13,99,1
8,5,8,1.2,0,0,0,7,6
6,5,6,15.5,0,1,21,3,5
16,1,16,16.1,0,0,0,20,5
8,3,8,8.2,0,0,0,28,5
18,2,18,27.5,0,1,0,12,5
22,1,22,13.2,0,0,6,18,27
7,6,7,5.3,0,0,0,55,5
6,2,6,2.1,0,0,0,9,6
1,0,1,10.2,0,0,0,1,7
19,1,19,21.4,0,0,6,18,8
10,2,10,11.7,0,0,0,23,5
13,3,13,17.9,0,1,0,29,5
15,4,15,7.8,0,0,23,43,0
1,6,1,15.1,0,0,10,22,11
21,2,21,17.6,0,0,0,13,5
15,6,15,16.6,0,0,13,4,5
5,6,5,7.5,0,0,0,5,6
14,0,14,15.5,0,0,14,3,12
8,6,8,16.9,0,1,29,3,25
11,3,11,22.5,0,1,4,12,4
1,3,1,10.1,0,0,14,19,15
19,3,19,16.1,0,0,0,8,5
16,6,16,13.3,0,0,0,7,6
5,2,5,13.5,0,0,0,18,5
12,0,12,25.5,0,1,0,5,5
1,5,1,15.6,0,0,0,1,7
7,6,7,15.0,0,0,0,11,5
12,5,12,24.0,0,0,0,5,5
8,1,8,12.4,0,0,4,13,4
15,3,15,23.6,0,0,0,6,6
17,2,17,30.6,0,0,0,6,0
19,3,19,9.0,0,0,5,18,1
10,2,10,7.7,0,0,0,9,5
5,6,5,11.0,0,0,0,13,6
10,2,10,7.9,0,0,0,29,6
5,1,5,9.7,0,0,0,10,6
12,0,12,20.9,0,0,9,21,11
7,4,7,14.8,0,1,0,7,5
9,0,9,18.0,0,1,0,16,7
5,0,5,11.9,0,0,5,29,4
16,3,16,32.8,0,0,0,12,6
9,3,9,14.0,0,0,5,14,1
2,6,2,8.5,0,0,2,2,2
4,1,4,5.7,0,0,5,5,4
10,4,10,20.1,0,1,0,30,5
4,2,4,9.5,0,0,21,3,5
8,2,8,16.0,0,0,0,20,5
15,6,15,28.4,0,0,31,63,12
22,1,22,18.7,0,0,15,19,13
13,6,13,10.9,0,0,0,29,6
9,6,9,15.3,0,0,0,6,6
5,4,5,14.9,0,0,5,4,1
13,2,13,8.8,0,0,53,12,31
1,5,1,13.8,0,0,1,1,1
16,1,16,18.6,0,0,0,29,5
7,5,7,4.7,0,0,6,18,17
10,3,10,8.2,0,0,27,47,38
1,2,1,8.2,0,0,0,0,0
19,4,19,11.3,0,0,5,18,1
11,3,11,24.2,0,1,20,3,15
11,1,11,17.8,0,0,0,9,6
11,6,11,13.6,0,0,5,9,1
0,5,0,7.3,0,0,2,2,8
4,3,4,14.6,0,0,4,1,1
16,2,16,10.3,0,0,0,12,6
23,6,23,7.8,0,0,5,6,1
4,4,4,8.4,1,2,21,3,5
6,3,6,9.2,0,0,4,9,1
7,2,7,13.1,0,1,0,16,7
10,4,10,7.6,0,0,0,23,5
7,0,7,11.0,0,0,4,31,1
4,1,4,8.7,0,0,2,2,8
3,4,3,1.9,0,0,3,3,3
11,3,11,21.7,0,0,5,10,1
16,0,16,30.9,0,0,0,31,6
20,4,20,9.6,0,0,0,29,6
23,0,23,9.8,0,0,15,19,7
23,4,23,12.4,0,0,0,35,7
10,4,10,17.1,0,1,6,18,17
16,3,16,25.4,0,1,0,5,6
23,0,23,13.1,0,0,0,36,7
4,0,4,5.2,0,0,8,1,10
14,5,14,15.3,0,0,13,6,6
8,5,8,11.4,0,0,4,10,1
6,6,6,13.6,0,1,4,6,5
18,1,18,13.4,0,0,13,5,6
17,3,17,27.5,0,0,13,4,5
23,3,23,10.9,0,0,0,35,7
4,2,4,9.3,0,0,7,13,35
10,3,10,23.8,0,1,6,18,8
6,5,6,11.3,0,0,0,55,5
23,1,23,5.1,0,0,16,32,14
23,2,23,11.7,0,0,0,36,7
5,1,5,10.0,0,0,5,5,5
9,2,9,10.4,0,0,0,3,5
1,2,1,6.8,0,0,14,19,12
13,1,13,27.5,0,1,12,27,0
9,0,9,21.0,0,1,0,11,5
15,2,15,27.0,0,0,0,29,5
5,4,5,9.1,0,0,0,8,6
23,4,23,8.7,0,0,5,6,1
4,2,4,14.7,0,0,0,31,6
5,0,5,4.2,0,0,13,6,4
4,2,4,15.0,0,0,0,9,5
16,6,16,29.9,0,1,0,4,5
15,3,15,18.6,1,2,21,3,0
16,3,16,23.0,0,0,0,18,5
5,4,5,8.4,1,2,20,7,15
4,5,4,8.7,1,2,1,1,1
13,2,13,15.7,0,0,0,3,5
6,3,6,13.0,0,0,4,10,1
8,1,8,12.6,0,0,5,10,4
23,2,23,12.8,0,0,6,7,8
5,6,5,-0.2,0,0,0,55,5
6,1,6,6.5,0,0,5,6,1
12,2,12,16.1,0,1,0,31,5
9,3,9,8.6,0,0,0,4,5
15,1,15,20.1,0,0,0,6,6
5,4,5,4.8,0,0,4,5,4
20,2,20,14.8,0,0,5,18,1
7,6,7,6.6,0,0,0,29,5
6,4,6,16.9,0,1,4,23,5
14,3,14,17.8,0,1,4,9,4
5,6,5,12.1,0,0,4,4,4
8,2,8,13.1,0,1,0,12,6
23,6,23,16.2,0,0,15,19,13
15,3,15,31.3,0,0,0,13,6
5,0,5,12.6,0,0,4,4,1
22,3,22,22.9,0,1,0,8,6
16,6,16,24.5,0,0,0,31,5
20,1,20,25.7,0,0,26,58,7
12,0,12,8.1,0,1,7,66,43
5,2,5,8.8,0,0,0,9,5
12,2,12,15.4,0,0,13,6,6
7,0,7,9.5,0,0,0,3,7
8,5,8,12.3,0,0,0,9,6
13,0,13,20.5,0,1,0,12,6
4,1,4,8.2,0,0,0,9,5
10,5,10,8.2,0,0,28,7,0
13,1,13,11.7,1,2,21,71,5
20,0,20,8.9,0,0,0,7,6
6,5,6,10.8,0,0,0,31,5
14,1,14,26.4,0,0,5,23,1
17,2,17,33.5,0,1,0,9,6
16,4,16,12.8,0,0,4,10,1
20,6,20,13.5,0,0,5,18,1
23,6,23,20.0,0,0,0,35,0
18,5,18,21.7,0,0,4,23,4
6,1,6,9.9,0,0,4,6,1
7,5,7,4.1,0,0,0,12,6
7,4,7,3.1,0,0,0,13,6
23,6,23,6.3,0,0,6,18,8
15,5,15,30.9,0,0,0,6,6
7,5,7,19.1,0,1,0,7,5
8,1,8,9.1,0,0,0,16,7
21,1,21,11.9,0,0,0,9,6
11,6,11,11.7,0,0,5,10,1
7,1,7,13.0,0,1,0,31,5
4,6,4,15.6,0,0,0,9,6
13,5,13,27.4,0,0,0,13,6
11,5,11,17.2,0,0,5,12,4
23,4,23,8.6,0,0,0,26,6
13,0,13,23.3,0,0,13,6,6
5,5,5,1.4,0,0,13,6,6
11,0,11,19.2,0,0,5,41,1
12,5,12,11.1,0,0,10,22,11
12,6,12,24.9,0,1,0,18,5
16,2,16,12.0,0,0,0,6,0
19,2,19,31.0,0,1,0,7,5
11,5,11,22.1,0,0,28,7,0
13,1,13,19.0,0,0,12,27,0
11,1,11,21.8,0,1,0,10,5
7,1,7,5.5,0,0,0,13,6
10,1,10,15.2,0,0,0,10,6
9,6,9,1.6,0,0,0,10,6
11,1,11,10.3,0,0,0,19,0
7,1,7,14.3,0,1,25,51,21
15,0,15,15.9,0,0,0,6,6
14,2,14,7.9,0,0,5,24,1
7,6,7,13.3,0,1,0,11,5
12,0,12,13.8,0,0,0,29,6
10,0,10,10.8,0,0,5,14,1
11,4,11,10.4,0,0,5,24,1
16,5,16,26.1,0,0,0,29,6
6,1,6,8.2,0,0,13,6,6
22,1,22,9.3,0,0,16,32,14
20,1,20,23.2,0,1,0,29,6
18,5,18,26.7,0,0,4,18,1
5,6,5,12.0,0,0,0,26,6
14,6,14,19.7,0,0,0,9,6
21,1,21,12.6,0,0,18,34,11
14,0,14,15.0,0,0,0,41,5
5,0,5,12.9,0,0,0,31,5
16,3,16,27.8,0,0,1,1,1
1,2,1,12.8,0,0,2,2,8
14,2,14,14.7,0,0,0,12,5
13,5,13,31.1,0,1,0,8,6
21,5,21,7.5,0,0,10,38,10
7,5,7,1.3,0,0,0,12,6
16,6,16,25.2,0,0,13,6,6
8,4,8,11.8,1,0,11,60,3
23,2,23,11.6,1,2,2,2,8
19,3,19,8.9,0,0,0,20,5
10,6,10,17.2,0,0,0,20,6
16,5,16,19.5,0,0,0,18,5
10,2,10,11.7,0,0,0,29,6
8,3,8,13.1,0,0,0,18,5
15,0,15,22.0,0,0,0,31,6
9,5,9,7.9,0,0,5,10,1
3,0,3,15.6,0,0,2,2,2
4,4,4,5.9,0,0,0,10,6
9,5,9,18.3,0,0,5,10,4
14,3,14,18.1,0,0,4,31,4
17,6,17,15.5,0,1,4,30,4
4,6,4,6.8,0,0,5,5,4
7,3,7,8.6,0,0,1,1,7
16,5,16,17.8,0,0,0,9,6
15,4,15,17.2,0,0,5,25,4
18,5,18,35.4,0,1,0,7,5
16,3,16,13.4,0,0,0,25,5
18,4,18,29.2,0,1,0,7,5
8,4,8,18.7,0,0,0,25,6
17,4,17,15.7,0,0,5,5,4
7,3,7,7.6,0,0,4,31,4
13,6,13,14.4,0,0,6,30,19
1,6,1,15.0,0,0,0,0,0
11,4,11,11.4,0,0,5,24,4
9,6,9,25.9,0,0,0,6,6
11,3,11,16.1,0,0,0,29,5
20,4,20,8.7,0,0,18,34,11
4,6,4,13.0,0,0,2,2,2
16,2,16,24.9,0,1,0,14,5
17,6,17,27.2,0,1,0,30,5
18,3,18,26.1,0,0,5,10,4
16,2,16,16.3,0,0,0,31,5
18,6,18,9.1,0,0,0,18,5
8,3,8,19.4,0,0,25,51,21
16,0,16,21.9,0,0,5,12,1
0,6,0,8.4,0,0,2,2,8
6,1,6,9.5,0,0,5,6,1
15,5,15,30.8,0,1,0,5,6
14,0,14,7.9,0,0,0,16,0
11,3,11,10.2,0,0,0,25,5
15,2,15,13.6,0,0,0,13,6
13,5,13,14.4,0,0,0,31,6
4,1,4,11.6,0,0,0,31,5
17,0,17,17.3,0,0,4,45,1
9,2,9,9.2,0,0,0,4,5
6,6,6,11.7,0,0,1,56,14
7,0,7,16.0,0,0,21,3,5
14,4,14,16.8,0,0,0,11,6
6,0,6,13.2,0,0,25,51,21
12,0,12,8.7,0,0,0,13,6
5,2,5,9.4,0,0,4,5,1
15,3,15,33.8,0,1,0,20,5
13,4,13,15.0,0,0,0,29,6
8,6,8,0.6,0,0,0,12,5
8,0,8,5.9,0,0,0,11,6
1,4,1,18.5,0,0,0,46,0
13,3,13,32.3,0,1,0,23,5
11,0,11,23.1,0,0,0,9,5
16,6,16,29.6,0,1,0,7,5
11,2,11,10.5,0,0,0,9,6
14,1,14,20.5,0,0,6,18,8
13,0,13,25.3,0,0,0,18,6
9,4,9,14.3,0,0,0,29,5
7,3,7,10.1,0,0,13,6,5
1,3,1,14.7,0,0,2,2,8
20,1,20,12.8,0,0,18,34,11
16,3,16,14.3,0,0,4,20,1
2,2,2,15.6,0,0,0,6,6
13,3,13,25.6,0,1,13,5,5
6,0,6,12.7,0,0,5,18,1
18,1,18,22.5,0,0,21,3,0
6,1,6,9.5,0,0,0,29,6
12,1,12,12.0,0,0,53,53,31
20,2,20,13.2,0,0,0,26,5
5,0,5,10.6,0,0,0,5,5
9,0,9,15.7,0,1,0,12,5
18,1,18,23.9,0,0,4,9,1
18,1,18,26.5,0,0,13,5,5
18,2,18,25.5,0,0,0,29,6
8,0,8,0.9,0,0,0,13,6
17,0,17,30.8,0,0,0,30,6
10,0,10,11.4,0,0,28,7,0
17,3,17,26.1,0,0,0,12,5
8,4,8,18.7,0,0,5,4,1
6,1,6,10.8,0,0,13,6,6
6,1,6,9.1,0,0,0,1,5
6,4,6,8.3,1,2,0,19,0
23,3,23,14.0,0,1,19,15,7
17,0,17,24.7,0,0,4,45,1
13,3,13,17.4,1,2,6,18,8
8,2,8,19.5,0,1,0,11,6
3,0,3,15.5,0,0,2,2,2
13,5,13,27.6,0,1,0,12,5
8,2,8,7.0,0,0,0,18,5
4,6,4,6.5,0,0,5,5,4
12,1,12,18.5,0,0,5,10,4
10,0,10,21.0,0,0,0,31,6
4,5,4,11.9,0,0,0,8,6
12,0,12,26.7,0,1,28,7,0
9,4,9,9.6,0,0,0,41,5
7,6,7,11.2,0,0,0,29,6
7,3,7,8.6,0,0,0,11,6
22,1,22,6.9,0,0,15,19,7
8,4,8,5.4,0,0,5,10,1
12,0,12,8.8,0,0,4,13,4
10,0,10,21.2,0,0,7,10,36
1,5,1,16.7,0,0,2,2,8
6,6,6,13.0,0,0,0,10,5
18,4,18,17.1,0,0,13,6,6
8,5,8,6.7,0,0,5,10,1
1,6,1,7.2,0,0,0,0,0
5,0,5,11.7,0,0,4,13,4
12,6,12,27.5,0,1,0,29,5
16,6,16,24.4,0,0,0,31,5
10,0,10,25.5,0,1,6,18,8
16,0,16,29.2,0,1,0,4,5
10,6,10,11.4,0,0,0,6,0
6,5,6,11.1,0,1,0,31,6
16,2,16,21.9,0,0,4,31,5
15,5,15,16.4,0,0,0,13,6
3,3,3,13.0,0,0,10,38,10
18,4,18,23.7,0,0,0,18,5
4,4,4,9.5,0,0,5,4,1
0,0,0,9.1,0,0,0,1,7
19,1,19,29.7,0,0,14,19,12
6,0,6,2.5,0,0,4,9,4
21,0,21,21.1,0,1,5,10,4
10,4,10,18.9,0,1,0,17,5
8,4,8,13.5,0,0,0,20,5
7,0,7,9.6,0,0,0,29,6
19,4,19,19.5,0,0,0,31,5
13,2,13,18.6,0,0,9,21,11
12,3,12,22.9,0,0,0,9,6
22,0,22,7.4,0,0,13,6,5
10,3,10,18.1,0,0,0,19,0
22,0,22,7.5,0,0,13,6,1
11,1,11,15.1,0,0,0,19,0
4,0,4,6.6,0,0,2,2,8
9,1,9,10.8,0,0,7,25,20
20,2,20,31.6,0,1,5,18,5
22,1,22,9.7,1,2,0,6,6
16,0,16,24.6,0,0,0,12,6
10,1,10,11.2,0,0,0,30,6
8,4,8,8.5,0,0,4,39,1
16,0,16,27.0,0,0,0,10,5
9,6,9,7.8,0,0,0,14,5
5,4,5,16.8,0,0,5,5,5
10,4,10,24.7,0,1,0,16,0
19,3,19,10.2,0,0,0,22,0
7,3,7,13.0,0,0,0,7,6
19,0,19,22.6,0,0,5,10,1
13,3,13,22.6,0,0,0,12,6
10,3,10,13.6,0,0,0,23,5
13,3,13,12.2,0,0,5,7,1
13,0,13,15.5,0,0,0,18,5
9,2,9,9.2,0,1,0,14,5
11,6,11,18.0,0,0,0,31,6
11,5,11,12.5,0,0,4,54,5
3,0,3,8.9,0,0,3,3,3
10,2,10,13.5,0,0,5,24,1
0,5,0,7.3,0,0,6,7,8
10,3,10,6.5,0,0,0,25,5
15,4,15,32.5,0,1,0,12,6
7,0,7,12.5,0,0,0,13,5
1,1,1,11.8,0,0,2,2,8
11,6,11,10.2,0,0,5,10,1
8,2,8,11.5,0,0,0,13,6
12,5,12,22.3,0,0,0,5,6
11,0,11,20.5,0,0,0,19,0
14,5,14,25.6,0,0,0,13,6
10,5,10,22.3,0,0,0,19,7
19,6,19,11.9,0,0,5,25,1
11,6,11,14.0,0,0,0,12,6
4,5,4,2.4,0,0,21,3,5
23,5,23,7.8,0,0,0,19,7
5,1,5,10.6,0,0,0,31,6
7,3,7,2.3,0,0,0,25,5
18,4,18,12.0,0,0,5,12,1
13,1,13,24.3,0,0,0,18,5
14,1,14,14.7,0,0,13,99,5
5,2,5,8.0,0,0,4,23,4
23,3,23,20.1,0,1,19,15,7
5,2,5,11.6,0,0,0,13,5
10,2,10,7.5,0,0,0,6,0
16,6,16,13.3,0,1,0,30,5
23,4,23,16.8,0,1,4,29,1
4,6,4,13.4,0,0,0,26,6
21,5,21,11.0,0,0,0,3,5
19,6,19,29.3,0,0,0,29,6
12,1,12,27.7,0,1,17,33,15
0,6,0,17.6,0,0,0,15,7
15,2,15,33.1,0,1,9,21,13
13,4,13,10.4,0,0,0,3,5
18,5,18,12.8,0,0,0,23,5
8,4,8,5.8,0,0,0,20,5
4,5,4,4.0,0,0,0,23,5
16,1,16,19.4,0,0,0,5,6
10,0,10,12.2,0,0,0,24,5
21,2,21,10.6,0,0,0,13,6
4,5,4,6.2,0,0,5,5,4
14,5,14,30.5,0,1,0,8,5
6,0,6,9.7,0,0,0,6,7
11,5,11,26.1,0,0,18,34,51
2,6,2,7.8,0,0,39,19,12
12,4,12,22.0,0,1,30,39,15
18,4,18,12.1,0,0,0,28,5
9,3,9,22.2,0,1,0,12,5
20,0,20,26.0,0,1,5,18,5
7,1,7,13.5,0,1,11,60,3
14,2,14,19.4,0,0,13,6,6
9,5,9,13.5,0,0,5,10,4
21,1,21,7.4,0,0,10,38,10
5,1,5,12.2,0,0,5,5,5
9,2,9,14.7,0,0,39,19,12
8,6,8,4.1,0,0,5,10,1
8,0,8,4.9,0,0,5,10,1
15,4,15,16.2,0,0,23,43,0
8,1,8,16.7,0,1,0,9,6
23,0,23,8.7,0,0,13,6,6
11,1,11,16.8,0,0,0,16,7
11,3,11,10.3,0,0,5,10,4
14,6,14,31.2,0,1,0,11,5
19,3,19,26.7,0,0,7,31,24
10,0,10,24.2,0,1,0,8,5
6,1,6,14.7,0,1,5,7,5
5,6,5,15.7,0,0,21,3,5
0,3,0,19.0,0,0,14,19,16
10,4,10,10.6,0,0,0,12,6
2,4,2,11.1,0,0,0,0,0
4,0,4,5.3,0,0,0,13,5
15,2,15,29.3,0,1,0,3,5
12,5,12,11.2,0,0,0,10,6
4,6,4,1.9,0,0,21,3,5
18,6,18,15.0,0,0,5,26,1
11,0,11,10.8,0,0,0,12,5
12,1,12,17.4,0,0,0,5,6
7,4,7,1.3,0,0,0,29,6
12,4,12,12.1,0,0,5,25,4
5,3,5,8.6,0,0,0,8,6
17,5,17,15.1,0,0,21,3,0
16,0,16,30.6,0,1,0,12,5
13,3,13,12.6,0,0,0,13,6
12,0,12,24.7,0,0,0,5,5
8,3,8,3.6,0,0,6,18,8
17,3,17,27.4,0,0,0,6,0
17,6,17,17.5,0,0,4,64,4
15,4,15,18.8,0,0,0,13,6
11,2,11,14.2,0,0,0,25,6
11,3,11,16.0,0,0,5,24,1
4,4,4,7.7,0,0,5,5,4
13,6,13,22.7,0,0,28,7,26
15,2,15,13.8,0,0,0,49,6
1,2,1,10.6,0,0,2,2,8
14,0,14,24.4,0,1,6,18,8
8,3,8,8.0,0,0,0,3,6
10,0,10,13.1,0,0,0,6,7
4,5,4,6.2,0,0,21,3,5
6,4,6,16.8,0,0,4,5,4
7,0,7,8.6,0,0,0,12,6
19,1,19,10.9,1,2,5,13,1
19,1,19,7.5,0,0,5,18,1
19,0,19,8.2,0,0,5,18,1
14,5,14,14.2,0,0,13,6,6
17,2,17,30.0,0,1,0,8,6
18,5,18,9.8,0,0,0,8,6
14,0,14,18.2,0,0,4,9,1
11,1,11,12.9,0,0,0,19,0
13,1,13,13.7,0,0,0,31,6
16,1,16,19.1,0,0,13,6,4
19,0,19,8.7,0,0,0,20,5
12,2,12,17.8,0,1,0,5,0
10,5,10,9.8,0,0,0,14,5
21,2,21,8.0,0,0,15,19,7
11,0,11,23.3,0,1,5,10,1
15,2,15,18.2,0,1,0,5,6
11,5,11,16.8,0,0,0,6,5
18,1,18,7.4,0,0,13,5,4
18,4,18,29.2,0,0,13,5,5
7,6,7,17.0,0,1,0,11,5
17,5,17,16.6,0,0,5,23,1
0,3,0,10.9,0,0,2,2,8
19,1,19,29.4,0,1,5,18,5
20,5,20,31.3,0,1,0,6,5
8,2,8,17.7,0,0,0,16,0
23,0,23,13.3,0,0,0,15,7
5,2,5,2.8,0,0,4,23,5
12,6,12,13.8,0,0,9,21,11
22,3,22,24.1,0,1,21,3,5
10,3,10,13.1,0,0,0,14,5
9,2,9,10.8,0,0,0,16,7
19,0,19,27.2,0,0,0,20,5
19,3,19,8.8,0,0,20,19,15
16,3,16,13.3,0,0,0,22,7
7,3,7,12.6,0,1,0,16,0
5,1,5,8.8,0,0,5,3,4
13,6,13,22.9,0,1,0,29,6
20,6,20,15.6,0,0,0,13,5
19,5,19,11.3,0,0,0,22,0
15,6,15,20.6,0,0,23,43,0
11,5,11,25.5,0,1,0,14,5
11,4,11,22.2,0,0,0,31,6
17,4,17,19.7,0,0,5,5,4
12,4,12,18.1,0,0,0,20,6
13,1,13,25.8,0,1,10,22,11
12,1,12,23.0,0,0,0,14,5
22,3,22,16.8,0,0,10,38,10
18,1,18,29.9,0,1,14,19,16
2,3,2,15.3,0,0,2,2,8
15,2,15,18.6,0,0,0,44,6
15,1,15,11.0,0,0,5,13,4
11,2,11,16.0,0,0,0,9,6
18,0,18,22.7,0,0,0,31,6
6,3,6,8.4,0,0,21,3,14
9,4,9,7.8,0,0,0,12,5
7,0,7,3.7,0,0,4,31,4
11,6,11,16.2,0,0,28,7,0
10,1,10,10.9,0,0,0,6,0
22,0,22,15.7,0,0,15,19,13
8,4,8,17.4,0,1,4,12,1
9,4,9,22.0,0,0,0,16,0
6,4,6,14.8,0,1,13,6,6
16,0,16,18.3,0,0,5,12,1
6,1,6,5.2,0,0,0,9,5
8,4,8,16.4,0,0,0,18,5
16,2,16,19.8,0,0,4,20,4
1,0,1,7.2,0,0,0,0,0
15,3,15,13.8,0,0,13,4,5
12,6,12,24.3,0,1,0,11,5
16,5,16,18.0,0,0,0,23,6
20,0,20,11.6,0,0,0,3,5
4,2,4,3.4,0,0,0,9,6
16,1,16,16.0,0,0,0,1,7
19,0,19,12.2,0,0,5,18,1
23,0,23,5.2,0,0,0,35,0
0,0,0,18.5,0,0,24,7,15
20,2,20,10.2,0,0,0,9,6
5,4,5,4.8,0,0,21,3,5
7,0,7,13.3,0,0,4,13,1
5,2,5,13.2,0,0,4,31,1
9,0,9,11.9,1,0,27,53,24
10,3,10,19.3,0,1,0,16,0
3,1,3,11.5,0,0,0,1,5
11,1,11,11.6,0,0,10,22,11
5,5,5,11.3,0,0,2,2,8
9,6,9,9.1,0,0,0,16,7
7,1,7,1.7,0,0,25,51,21
9,3,9,16.5,0,1,0,16,0
19,6,19,8.5,0,0,0,22,0
1,2,1,12.3,0,0,0,1,0
12,0,12,27.2,0,1,0,10,5
5,2,5,4.7,0,0,4,5,5
14,5,14,14.3,0,0,0,13,5
13,6,13,21.4,0,0,0,14,5
22,0,22,17.8,0,1,17,33,15
23,6,23,17.7,0,1,0,19,0
22,6,22,16.4,0,1,6,18,17
12,5,12,26.3,0,0,4,18,1
7,0,7,1.3,0,0,22,19,15
5,4,5,8.3,0,0,4,6,1
13,1,13,24.2,0,0,2,2,2
7,3,7,13.0,0,1,0,11,6
8,3,8,10.8,1,2,0,29,6
10,2,10,16.5,0,0,0,17,5
17,4,17,25.6,0,0,14,63,16
17,3,17,30.1,0,1,4,64,4
21,1,21,11.0,0,0,5,29,1
17,6,17,16.5,0,1,0,5,6
14,0,14,11.5,0,0,0,25,5
10,0,10,8.7,0,0,22,19,15
17,5,17,33.1,0,1,13,6,6
8,0,8,4.1,0,0,0,18,5
12,6,12,30.2,0,0,5,5,1
10,6,10,13.0,0,0,0,26,6
6,3,6,8.2,0,0,4,31,4
13,6,13,13.9,0,0,0,20,5
16,2,16,11.9,0,0,0,44,6
6,6,6,12.2,0,0,0,9,6
15,3,15,27.8,0,0,13,6,6
14,3,14,14.8,0,0,13,99,6
10,6,10,10.1,0,0,0,24,5
0,6,0,9.0,0,0,1,1,1
13,5,13,27.2,0,0,0,12,6
9,6,9,15.8,0,0,0,12,6
12,5,12,24.2,0,0,2,2,2
7,0,7,15.7,0,0,0,13,6
17,4,17,17.4,0,0,0,29,5
10,4,10,7.9,0,0,0,6,0
18,6,18,23.7,0,0,21,3,0
7,6,7,7.4,0,0,0,29,6
0,6,0,13.2,0,0,16,32,14
16,5,16,17.0,0,0,0,24,5
14,2,14,19.3,0,0,0,3,5
7,1,7,17.0,0,1,13,6,6
0,4,0,14.3,0,0,13,6,5
0,1,0,15.8,0,0,10,38,10
15,0,15,29.2,0,1,0,4,5
12,6,12,16.4,0,0,0,5,6
13,5,13,26.9,0,1,0,7,5
12,1,12,14.0,0,0,0,18,5
13,3,13,14.6,0,0,4,10,4
12,2,12,15.9,0,1,0,25,5
17,5,17,17.1,0,0,4,5,4
6,1,6,11.7,0,0,0,100,6
10,6,10,11.2,0,0,0,31,6
13,1,13,16.2,0,0,13,6,6
18,3,18,16.9,0,0,0,6,0
14,5,14,14.7,0,0,0,31,5
23,2,23,23.7,0,0,10,38,10
12,2,12,17.7,0,0,0,5,6
18,1,18,27.7,0,0,13,6,6
23,1,23,11.4,0,0,0,15,7
8,0,8,19.0,0,0,5,14,1
23,0,23,19.4,0,0,0,35,0
20,5,20,6.4,0,0,0,26,5
23,1,23,12.7,0,0,0,19,0
22,5,22,18.5,0,0,10,38,10
12,6,12,27.9,0,1,0,6,6
17,0,17,13.2,0,0,13,5,5
14,1,14,11.4,0,0,0,41,5
11,3,11,22.1,0,0,5,10,4
22,3,22,20.3,0,1,17,33,15
1,6,1,16.0,0,0,0,0,0
7,5,7,13.0,0,1,4,10,1
4,3,4,15.3,0,0,0,31,5
15,6,15,15.7,0,0,0,29,6
21,1,21,5.2,0,0,10,38,10
8,6,8,5.3,0,0,0,30,6
22,3,22,20.3,0,1,0,10,6
11,0,11,24.2,0,0,25,8,22
21,1,21,12.1,0,0,0,31,5
16,3,16,26.6,0,1,0,9,6
11,0,11,13.4,0,0,5,10,1
18,0,18,16.6,0,0,0,8,5
12,2,12,11.7,0,0,0,13,6
15,3,15,13.3,0,0,4,31,4
8,2,8,2.9,0,0,0,20,6
16,3,16,26.2,0,0,23,43,0
13,2,13,12.1,0,0,4,9,1
23,2,23,17.1,0,0,0,31,6
5,0,5,4.1,0,0,4,23,1
3,5,3,12.9,0,0,1,39,1
1,3,1,18.2,0,0,0,0,0
5,1,5,1.9,0,0,4,4,4
0,5,0,11.2,0,0,2,2,8
7,1,7,14.9,0,0,0,6,0
14,5,14,25.9,0,0,5,62,1
13,5,13,15.4,0,0,13,99,5
15,3,15,13.9,0,0,23,43,0
4,2,4,10.2,0,0,0,26,5
23,3,23,12.0,0,0,15,19,7
21,5,21,4.8,0,0,15,19,7
18,3,18,14.7,0,0,4,18,1
10,0,10,23.3,0,0,0,17,5
12,5,12,28.6,0,1,28,7,0
7,5,7,15.3,0,0,0,23,6
7,2,7,5.8,0,0,4,12,5
16,2,16,21.8,0,0,0,6,0
16,6,16,25.3,0,0,0,7,6
12,6,12,11.9,0,0,2,2,2
17,4,17,26.1,0,1,0,29,5
20,0,20,12.1,0,0,5,3,4
23,3,23,20.4,0,1,18,34,11
4,5,4,9.4,0,0,2,2,8
14,2,14,28.8,0,0,4,9,4
19,3,19,9.9,0,0,0,22,0
7,0,7,13.4,0,1,0,11,5
23,3,23,12.0,0,0,13,6,6
16,5,16,15.5,0,0,0,18,5
11,5,11,8.7,0,0,0,31,6
14,3,14,18.1,0,0,13,6,6
6,3,6,8.4,0,0,1,1,7
7,0,7,13.3,0,0,21,3,5
7,5,7,12.1,0,0,0,12,6
19,0,19,14.2,0,0,0,13,6
15,4,15,23.8,0,0,0,29,5
11,2,11,18.6,0,0,7,82,56
11,6,11,8.8,0,0,5,14,1
9,5,9,8.7,0,0,0,14,5
1,2,1,11.7,0,0,2,2,8
18,4,18,8.7,0,0,0,12,5
15,2,15,19.1,0,0,21,71,5
8,5,8,16.5,0,0,0,18,5
11,5,11,10.4,0,0,2,2,2
10,2,10,22.5,0,1,0,29,5
23,6,23,9.3,0,0,0,15,7
12,4,12,24.6,0,1,5,41,1
4,2,4,9.3,0,0,2,2,8
2,1,2,7.2,0,0,11,60,3
9,2,9,12.7,0,0,0,3,6
15,0,15,26.1,0,0,13,4,5
14,3,14,26.1,0,0,4,31,4
7,6,7,7.3,0,0,0,3,7
2,5,2,15.1,0,0,0,27,0
18,4,18,27.7,0,1,13,6,6
5,5,5,1.7,0,0,4,6,4
4,3,4,4.0,0,0,0,13,6
1,0,1,13.6,0,0,13,6,5
8,6,8,6.2,0,0,21,3,5
10,6,10,9.2,0,0,0,8,6
14,2,14,27.6,0,1,12,27,0
19,4,19,18.7,0,0,13,5,5
8,3,8,17.4,0,0,0,18,5
19,2,19,27.5,0,0,0,25,6
12,0,12,23.5,0,0,9,21,11
8,0,8,4.5,0,0,21,3,5
17,6,17,28.9,0,1,0,30,5
14,5,14,29.4,0,0,5,24,1
18,0,18,8.4,0,0,4,10,5
7,4,7,6.4,0,0,0,7,5
4,3,4,2.9,0,0,0,13,6
16,0,16,16.4,0,0,0,14,5
10,0,10,22.3,0,1,6,18,8
4,0,4,5.3,0,0,0,26,6
16,4,16,15.3,0,1,4,10,4
6,6,6,11.9,0,0,0,13,6
20,3,20,18.1,0,0,14,19,16
10,0,10,23.3,0,0,0,17,5
12,5,12,24.6,0,1,0,7,5
14,3,14,18.1,0,0,0,13,6
15,4,15,17.7,0,0,5,12,1
16,0,16,30.4,0,1,0,5,6
15,2,15,15.2,0,0,4,31,1
0,3,0,12.7,0,0,16,32,14
10,2,10,10.1,0,0,28,7,0
11,3,11,21.7,0,0,7,20,18
12,5,12,23.5,0,1,0,6,6
8,0,8,12.3,0,1,0,29,6
5,0,5,13.2,0,0,4,23,5
13,2,13,28.4,0,0,11,60,3
10,0,10,12.4,0,0,0,10,6
5,4,5,5.7,0,0,0,5,6
16,6,16,33.0,0,1,0,22,0
19,4,19,27.9,0,1,4,18,1
21,6,21,24.1,0,1,0,22,0
8,6,8,21.3,0,0,0,24,5
8,1,8,4.5,0,0,0,12,6
8,6,8,17.3,0,0,5,11,1
10,3,10,15.5,0,1,25,52,23
16,4,16,30.7,0,0,0,7,6
18,6,18,18.7,0,0,0,12,6
17,3,17,25.2,0,0,0,6,0
4,5,4,2.0,0,0,2,2,2
6,4,6,3.7,0,0,5,6,1
18,0,18,26.3,0,0,0,10,5
15,3,15,12.6,0,0,5,14,1
10,2,10,13.1,0,0,22,19,15
5,2,5,13.5,0,0,0,3,1
8,2,8,6.6,0,0,0,30,5
11,0,11,8.6,0,0,10,22,11
7,1,7,11.9,0,0,14,19,12
16,0,16,30.1,0,1,0,7,5
23,6,23,9.1,0,0,0,35,7
7,4,7,10.8,0,0,5,10,1
9,2,9,8.8,0,0,21,3,5
16,1,16,11.0,0,0,0,25,6
13,0,13,20.5,0,0,0,12,5
16,3,16,33.2,0,0,0,8,6
13,0,13,28.3,0,0,28,7,0
8,1,8,12.7,0,1,0,16,7
6,1,6,5.4,0,0,25,52,23
18,5,18,11.8,0,0,0,12,6
0,5,0,18.9,0,0,0,36,7
13,3,13,27.7,0,1,23,43,0
7,3,7,4.1,0,0,0,7,6
6,2,6,1.3,0,0,4,18,1
23,1,23,9.4,0,0,10,22,11
18,6,18,13.1,0,0,0,10,6
14,6,14,29.8,0,1,0,11,6
23,6,23,7.0,0,0,0,36,7
20,6,20,19.4,0,0,0,13,5
5,4,5,8.3,0,0,0,9,5
6,6,6,11.9,0,1,0,8,5
11,1,11,16.9,0,0,0,30,6
9,5,9,17.2,0,1,0,17,5
5,4,5,14.4,0,0,0,5,6
4,2,4,14.6,0,0,0,26,5
6,2,6,13.2,0,1,0,17,5
15,2,15,20.9,0,0,4,13,4
17,5,17,32.5,0,1,0,10,6
12,1,12,17.6,0,0,0,10,6
23,1,23,12.8,0,0,20,19,15
15,5,15,23.6,0,1,5,14,1
18,4,18,25.9,0,0,5,23,1
8,4,8,21.8,0,1,0,18,5
15,6,15,28.8,0,1,0,20,5
9,0,9,21.6,0,0,0,15,7
5,6,5,17.6,0,0,5,4,1
6,5,6,-0.1,0,0,5,6,1
23,2,23,19.9,0,1,15,37,7
14,5,14,29.6,0,1,6,18,8
8,5,8,3.8,0,0,0,28,6
10,3,10,13.0,0,0,0,15,7
1,6,1,9.0,0,0,14,19,12
18,1,18,12.5,0,0,13,5,6
16,5,16,31.0,0,1,6,18,8
11,2,11,24.5,0,0,5,10,1
7,0,7,10.0,0,0,0,9,6
11,3,11,9.0,0,0,0,10,6
9,3,9,14.9,0,1,21,3,5
10,1,10,12.1,0,0,22,19,15
20,6,20,22.9,0,1,5,10,1
7,4,7,4.5,0,0,13,6,6
10,2,10,19.1,0,0,0,12,6
9,5,9,10.6,0,0,22,2,15
11,3,11,20.2,0,0,0,6,5
15,3,15,26.4,0,0,20,3,15
5,2,5,3.9,0,0,0,10,6
9,3,9,11.2,0,0,0,18,5
12,4,12,21.3,0,0,28,7,0
5,1,5,11.4,0,0,0,26,6
5,2,5,4.5,0,0,13,6,6
21,6,21,11.4,0,0,4,13,1
7,1,7,13.7,0,0,25,51,21
19,3,19,10.4,0,0,5,13,1
5,2,5,11.5,0,0,0,31,6
7,5,7,9.4,0,0,6,18,19
11,6,11,11.2,0,0,10,22,11
7,1,7,13.3,0,0,4,13,1
5,3,5,10.6,1,2,0,35,7
16,6,16,24.0,0,0,0,9,5
9,3,9,15.4,0,0,0,14,5
14,1,14,19.7,0,0,0,14,5
17,2,17,20.1,0,0,0,31,5
21,1,21,17.3,0,0,0,22,0
12,2,12,11.7,0,0,0,18,5
14,4,14,31.3,0,1,0,12,5
7,6,7,10.2,0,0,0,26,5
15,1,15,26.7,0,0,21,71,5
16,6,16,18.7,0,0,0,18,5
6,4,6,6.6,0,0,4,4,4
7,1,7,13.3,0,1,0,16,0
1,1,1,7.9,0,0,2,2,8
9,4,9,16.2,0,0,0,61,7
6,1,6,16.7,0,0,2,2,8
4,4,4,5.3,0,0,0,26,6
6,4,6,1.7,0,0,0,13,5
23,1,23,12.9,0,0,0,15,7
18,5,18,11.6,0,0,0,25,5
0,3,0,17.4,0,0,0,1,10
5,4,5,14.5,0,0,0,26,5
12,2,12,25.3,0,1,4,5,4
5,2,5,15.2,0,0,0,31,6
9,6,9,15.1,0,0,0,29,6
14,0,14,23.4,0,0,59,10,24
22,1,22,6.0,0,0,15,19,7
8,1,8,4.4,0,0,5,10,1
18,3,18,23.7,0,0,21,3,0
0,2,0,18.0,0,0,0,19,0
11,5,11,18.7,0,0,0,28,6
8,2,8,9.0,0,0,0,12,6
13,4,13,7.1,0,0,12,27,0
13,6,13,21.0,0,0,5,10,1
21,4,21,18.5,0,0,0,7,6
4,6,4,12.3,0,0,0,26,6
12,2,12,9.8,0,0,0,25,6
0,3,0,16.5,0,0,15,37,7
12,1,12,14.7,0,0,9,21,11
23,6,23,11.3,0,0,0,22,0
20,3,20,20.2,0,1,0,10,5
16,1,16,25.3,0,0,0,10,6
13,6,13,13.9,0,0,0,48,6
6,2,6,4.1,0,0,4,13,4
12,1,12,28.9,0,1,0,12,5
11,4,11,16.6,0,0,5,10,4
8,0,8,4.4,0,0,4,13,1
17,3,17,27.7,0,0,0,7,6
7,5,7,5.9,0,0,0,25,5
17,2,17,29.4,0,0,0,30,5
10,0,10,12.7,0,0,0,12,6
7,5,7,0.8,0,0,0,29,6
22,6,22,7.1,0,0,19,15,0
6,6,6,11.0,0,0,0,9,5
7,0,7,13.1,0,0,4,13,4
2,6,2,9.0,0,0,2,2,2
11,3,11,19.9,0,0,0,10,6
15,1,15,11.7,1,2,4,9,5
5,1,5,5.3,0,0,4,31,4
21,3,21,14.6,0,0,10,38,10
16,4,16,31.2,0,0,0,28,5
4,1,4,8.3,0,0,5,4,1
20,3,20,16.2,0,0,4,10,1
16,4,16,15.8,0,0,0,14,5
8,6,8,11.7,0,0,0,4,5
4,3,4,9.6,0,0,0,31,6
5,0,5,12.7,0,0,5,5,1
19,2,19,12.9,0,0,5,30,1
16,6,16,18.4,0,0,4,20,4
23,5,23,9.0,0,0,0,15,7
13,2,13,16.3,0,0,0,25,6
1,2,1,5.5,0,0,0,1,7
11,5,11,17.0,0,0,4,13,4
15,2,15,19.8,0,0,13,6,6
13,6,13,24.0,0,0,12,27,0
15,6,15,32.9,0,1,0,5,6
1,2,1,4.8,0,0,0,46,0
22,0,22,17.3,0,1,16,32,14
0,6,0,10.9,0,0,2,2,8
23,1,23,16.9,0,0,13,6,5
23,2,23,9.3,0,0,0,19,0
6,0,6,10.9,0,0,0,9,6
11,0,11,17.7,0,0,27,96,32
22,1,22,9.1,0,0,16,32,14
8,4,8,4.3,0,0,0,30,5
20,0,20,15.1,1,2,5,13,1
18,2,18,19.5,0,0,0,12,6
13,6,13,19.6,0,0,12,27,0
16,6,16,34.4,0,0,5,127,1
11,4,11,7.8,1,2,21,3,14
7,0,7,5.4,0,0,4,13,1
17,2,17,29.9,0,1,4,64,4
5,5,5,5.9,0,0,4,5,4
8,0,8,16.9,0,0,11,60,3
5,2,5,1.8,0,0,13,6,6
9,3,9,22.8,0,0,5,14,1
14,0,14,28.2,0,1,0,14,5
8,5,8,14.0,0,0,5,10,1
10,6,10,15.4,0,0,4,13,4
21,4,21,8.4,0,0,0,8,6
6,0,6,13.6,0,0,4,23,5
5,1,5,18.1,0,0,0,9,5
9,1,9,9.4,0,0,4,13,1
18,6,18,27.1,0,1,0,18,5
11,0,11,19.4,0,0,0,31,6
17,4,17,20.2,0,0,4,44,4
19,4,19,23.1,0,0,0,10,5
17,6,17,14.7,0,0,21,3,0
6,5,6,14.5,0,1,4,31,5
7,6,7,21.0,0,0,1,1,7
15,3,15,24.5,0,0,25,51,21
8,0,8,5.9,0,0,0,18,5
0,0,0,19.0,0,0,0,19,0
10,1,10,12.5,0,0,4,12,1
10,5,10,21.0,0,0,0,31,6
23,4,23,19.9,0,1,10,38,10
15,1,15,11.5,0,0,21,71,5
1,1,1,16.5,0,0,2,2,8
11,1,11,21.1,0,1,25,8,23
19,2,19,7.0,0,0,4,13,1
16,4,16,16.3,0,0,0,44,6
15,1,15,20.0,0,0,0,3,0
1,1,1,12.2,0,0,0,6,5
18,6,18,22.9,0,0,0,25,6
11,2,11,17.5,0,0,0,24,5
23,2,23,6.4,0,0,0,26,6
3,4,3,13.4,0,0,2,2,2
15,3,15,24.6,0,0,0,3,5
11,5,11,18.1,0,0,0,13,5
17,1,17,15.5,0,0,14,19,16
11,0,11,11.0,0,0,5,10,4
12,1,12,27.2,0,1,0,8,5
16,3,16,27.3,0,0,5,5,5
12,1,12,9.7,0,0,0,31,6
16,5,16,26.9,0,1,13,6,5
23,0,23,16.2,0,0,19,15,0
5,4,5,4.8,0,0,0,13,6
17,5,17,29.1,0,0,0,9,6
12,4,12,18.4,0,0,0,31,6
16,2,16,11.2,0,0,4,13,4
5,2,5,2.6,0,0,0,9,6
20,6,20,13.9,0,0,5,31,1
21,2,21,13.3,0,2,0,13,6
10,0,10,22.8,0,1,6,18,8
16,5,16,30.9,0,0,0,23,6
11,5,11,15.5,0,0,5,14,1
17,1,17,19.0,0,0,0,13,6
16,5,16,25.7,0,0,0,14,5
8,6,8,4.7,0,0,0,20,5
22,2,22,18.8,0,0,13,6,6
0,5,0,16.8,0,0,0,36,7
17,6,17,22.5,0,0,4,44,5
18,1,18,12.0,0,0,0,9,5
5,0,5,3.4,0,0,4,5,4
18,1,18,25.2,0,0,0,18,5
18,4,18,23.5,0,0,0,25,6
16,2,16,20.9,0,0,0,44,6
11,3,11,26.5,0,0,0,89,7
11,3,11,9.4,0,0,0,29,6
9,5,9,4.7,0,0,0,28,6
12,2,12,19.1,0,0,0,17,5
6,5,6,12.7,0,0,21,3,5
12,4,12,19.5,0,0,14,19,12
13,5,13,19.9,0,0,0,31,6
16,0,16,29.7,0,1,0,29,5
16,5,16,30.5,0,0,0,31,5
23,6,23,9.0,0,0,0,35,7
11,0,11,27.0,0,0,0,12,6
0,6,0,19.5,0,0,15,37,7
5,3,5,14.9,0,0,2,2,8
8,3,8,16.0,0,0,25,51,21
0,2,0,13.7,0,0,10,22,11
11,0,11,21.4,0,1,0,10,5
1,0,1,16.1,0,0,0,6,5
21,3,21,15.6,0,0,4,20,4
7,0,7,3.0,0,0,0,11,6
15,3,15,26.6,0,0,0,24,5
9,0,9,10.3,0,1,7,80,24
16,6,16,15.0,0,0,0,22,0
5,0,5,3.2,0,0,0,31,5
7,3,7,8.4,0,0,0,8,6
7,1,7,13.2,0,0,0,12,5
0,1,0,9.3,0,0,0,1,7
19,1,19,11.0,0,0,0,10,5
5,6,5,11.8,0,0,4,5,4
9,1,9,18.8,0,0,0,6,6
22,3,22,8.4,0,0,5,29,4
12,5,12,18.3,0,0,0,18,5
10,5,10,20.2,0,1,0,41,5
8,3,8,8.0,0,0,5,10,1
16,5,16,15.5,0,0,0,6,0
1,2,1,16.3,0,0,2,2,8
9,5,9,-0.8,0,0,0,3,6
3,5,3,12.6,0,0,14,19,12
8,0,8,18.1,0,0,0,18,5
11,5,11,18.9,0,0,0,12,6
16,1,16,29.2,0,0,0,7,5
8,2,8,14.3,0,0,7,77,24
14,3,14,12.6,0,0,27,53,22
14,1,14,14.6,0,0,4,9,1
8,2,8,8.6,0,0,0,18,5
4,0,4,11.7,0,0,0,23,6
5,4,5,12.6,0,0,21,3,14
23,2,23,9.0,0,0,0,19,0
4,5,4,14.1,0,0,0,8,6
13,6,13,20.1,0,0,10,22,11
9,5,9,17.8,0,1,6,18,8
19,3,19,31.1,0,1,13,6,6
17,1,17,30.8,0,1,0,6,0
13,3,13,14.2,0,0,0,3,5
15,2,15,12.2,0,0,5,13,4
12,6,12,27.8,0,1,0,12,5
17,0,17,31.5,0,0,20,3,15
21,6,21,16.1,0,0,0,22,0
16,1,16,18.1,0,0,21,3,0
15,4,15,16.3,0,0,4,44,4
5,6,5,13.6,0,0,0,9,6
13,1,13,22.0,0,0,30,19,15
5,6,5,5.6,0,0,4,4,4
12,0,12,24.0,0,1,9,21,13
19,6,19,31.5,0,1,0,10,5
9,6,9,17.4,0,0,0,12,6
10,2,10,16.7,0,0,0,20,5
8,0,8,10.3,0,0,0,3,7
8,2,8,10.7,0,0,0,3,5
19,4,19,11.6,0,0,0,9,6
12,2,12,31.2,0,1,0,5,6
9,6,9,17.2,0,1,0,16,7
6,6,6,15.9,0,1,4,23,4
23,4,23,6.7,1,2,0,3,6
10,5,10,19.1,0,0,5,14,1
12,3,12,25.9,0,1,28,7,0
7,2,7,15.6,0,1,0,12,5
11,0,11,13.8,0,0,0,8,6
11,4,11,24.6,0,0,43,62,8
12,4,12,23.1,0,0,0,12,6
9,4,9,8.4,0,0,0,18,5
5,2,5,8.9,0,0,0,29,6
19,3,19,24.1,0,0,0,18,5
15,0,15,15.1,0,0,0,31,6
10,3,10,10.4,0,0,0,29,6
0,4,0,12.9,0,0,8,19,10
21,5,21,21.2,0,1,0,8,6
13,6,13,13.8,0,0,21,3,5
8,6,8,17.7,0,0,0,3,0
20,3,20,26.2,0,1,0,26,6
4,5,4,10.5,0,0,21,3,5
10,6,10,9.5,0,0,0,29,6
6,0,6,0.8,0,0,4,13,4
15,3,15,31.9,0,1,0,22,0
12,0,12,24.3,0,0,7,29,18
16,5,16,16.2,0,0,0,9,5
22,1,22,9.4,0,0,20,19,15
23,1,23,22.6,0,1,19,15,0
8,2,8,1.2,0,0,5,29,1
7,5,7,11.2,0,1,0,29,5
5,2,5,9.2,0,0,4,23,4
4,3,4,9.4,0,0,0,26,6
11,1,11,19.4,0,0,2,2,2
14,1,14,29.9,0,0,5,12,4
22,6,22,5.8,0,0,16,32,14
23,2,23,17.0,0,0,5,6,1
23,1,23,12.4,0,0,0,36,7
5,2,5,8.2,0,0,0,7,6
22,1,22,14.7,0,1,6,18,8
6,2,6,2.0,0,0,0,13,6
10,2,10,7.6,0,0,0,10,6
14,4,14,29.6,0,1,4,10,4
8,4,8,7.6,0,0,4,29,1
12,1,12,22.8,0,0,0,29,5
21,1,21,3.9,0,0,5,3,1
12,1,12,27.8,0,0,0,12,6
7,2,7,12.9,0,0,13,6,1
18,6,18,29.2,0,0,0,25,5
17,2,17,29.6,0,1,13,6,6
10,2,10,20.5,0,0,0,29,5
7,4,7,10.9,0,1,0,12,5
5,6,5,15.2,0,0,4,23,4
5,5,5,15.2,0,0,4,1,1
18,6,18,31.7,0,1,0,12,6
14,0,14,23.8,0,0,0,12,5
16,2,16,16.9,0,0,0,13,6
20,2,20,18.4,0,0,5,6,1
7,5,7,2.8,0,0,0,29,6
8,3,8,7.3,0,0,0,13,6
15,0,15,14.1,0,0,0,9,6
12,3,12,22.9,0,0,7,17,56
21,3,21,11.5,0,0,18,34,11
23,5,23,9.9,0,0,0,35,0
16,2,16,30.8,0,0,0,1,10
10,1,10,13.6,0,0,0,31,6
17,0,17,31.4,0,1,6,18,8
13,0,13,10.9,0,0,6,18,8
21,1,21,11.7,0,0,0,3,6
15,0,15,26.9,0,0,20,19,15
10,5,10,9.6,0,0,14,19,16
0,1,0,15.4,0,0,0,1,10
5,4,5,5.8,0,0,0,8,6
11,1,11,23.3,0,1,4,12,4
4,5,4,12.9,0,0,0,10,6
15,5,15,31.9,0,1,0,4,5
10,1,10,10.8,0,0,0,6,7
7,5,7,19.2,0,1,13,6,6
20,6,20,17.1,0,0,0,26,6
7,6,7,15.7,0,0,4,12,4
19,1,19,9.9,0,0,5,18,1
15,3,15,9.6,1,2,21,3,0
11,0,11,22.3,0,1,0,29,5
13,1,13,19.4,0,0,0,31,6
23,3,23,6.4,0,0,0,19,0
23,5,23,8.4,0,0,0,15,7
13,6,13,14.5,0,0,0,48,6
7,0,7,11.4,0,0,0,25,5
9,2,9,16.8,0,0,0,29,6
13,5,13,25.6,0,0,2,2,2
11,3,11,8.9,0,0,0,24,5
8,5,8,12.7,0,0,4,13,1
20,4,20,9.4,0,0,0,26,5
19,2,19,13.6,0,0,5,23,1
19,0,19,10.8,0,0,0,20,5
8,5,8,1.8,0,0,14,19,16
10,0,10,24.8,0,1,0,8,6
16,4,16,30.3,0,0,4,13,4
22,0,22,15.9,0,0,21,3,5
2,1,2,10.7,0,0,1,39,1
11,6,11,17.2,0,0,0,19,0
12,3,12,11.3,0,0,0,13,6
16,2,16,16.1,0,0,0,1,7
6,3,6,8.4,0,0,4,64,5
8,6,8,11.6,0,1,0,4,5
15,2,15,19.8,0,0,13,4,6
6,3,6,1.3,0,0,0,29,5
12,5,12,17.8,0,0,0,9,6
13,0,13,14.3,0,0,0,20,6
13,3,13,16.5,0,0,0,3,5
0,2,0,16.7,0,0,0,1,0
9,0,9,17.7,0,0,5,14,1
12,3,12,24.8,0,1,20,6,15
20,3,20,19.2,0,0,5,9,1
7,0,7,9.1,0,0,0,13,5
18,6,18,17.1,0,0,0,9,6
15,0,15,28.7,0,0,0,20,5
11,5,11,13.3,0,0,0,29,6
17,0,17,32.4,0,1,0,30,5
9,5,9,5.8,0,0,0,26,6
0,1,0,13.1,0,0,16,32,14
4,2,4,11.6,0,0,0,5,6
5,0,5,1.6,0,0,4,5,4
5,0,5,13.3,0,0,4,5,4
14,1,14,20.5,1,1,7,67,24
13,4,13,24.9,0,1,23,43,0
16,6,16,27.7,0,0,0,24,5
6,5,6,15.1,0,1,13,6,6
9,0,9,17.4,0,0,21,3,5
8,0,8,13.7,0,0,0,12,6
14,6,14,23.6,0,0,0,12,5
5,3,5,15.0,0,0,0,8,5
8,0,8,2.4,0,0,21,3,5
7,0,7,10.3,0,0,0,29,6
16,1,16,21.8,0,1,0,12,6
12,2,12,15.3,0,0,0,12,6
13,2,13,21.1,0,1,0,18,5
11,0,11,26.0,0,1,0,6,6
19,1,19,18.2,0,0,4,13,5
12,2,12,24.4,0,1,10,38,10
13,0,13,29.5,0,1,0,12,5
10,5,10,11.1,0,0,28,7,0
14,0,14,25.7,0,0,7,67,24
14,4,14,11.1,0,0,4,9,4
14,1,14,11.6,0,0,0,6,6
17,4,17,16.1,0,0,0,44,6
5,0,5,6.4,0,0,13,6,4
19,2,19,25.1,0,0,0,31,5
5,4,5,15.0,0,0,0,13,6
6,4,6,10.8,0,0,1,1,1
11,3,11,27.7,0,0,5,29,1
8,1,8,6.6,0,0,0,4,5
9,1,9,11.2,0,0,0,16,7
15,4,15,26.4,0,0,21,71,5
23,3,23,14.7,0,0,0,19,0
5,5,5,9.6,1,2,5,3,1
14,0,14,32.9,0,0,4,23,4
16,0,16,18.1,0,0,0,31,6
5,0,5,3.5,0,0,0,10,6
6,3,6,15.9,0,0,0,29,5
10,2,10,10.0,0,0,0,13,6
16,1,16,14.4,0,0,0,1,7
13,0,13,16.1,0,0,5,20,4
8,6,8,16.7,0,1,13,6,6
9,4,9,15.8,0,1,0,18,5
22,4,22,6.0,0,0,13,6,4
11,0,11,12.2,0,0,0,8,6
18,1,18,28.4,0,1,0,12,5
12,1,12,23.2,0,0,0,9,6
13,0,13,23.8,0,0,0,12,6
0,4,0,10.5,0,0,1,1,1
14,4,14,24.1,0,0,13,6,6
6,4,6,12.5,0,0,21,3,14
4,1,4,12.3,0,0,0,31,5
17,4,17,11.2,0,0,5,23,4
5,0,5,8.4,0,0,4,6,1
1,3,1,14.7,0,0,13,6,5
15,6,15,20.6,0,0,5,12,4
6,5,6,3.8,0,0,0,10,6
12,5,12,12.7,0,0,28,7,0
6,1,6,9.0,0,0,4,6,1
6,5,6,2.0,0,0,0,10,6
12,0,12,27.5,0,1,5,5,5
12,5,12,27.4,0,0,0,29,5
7,0,7,2.4,0,0,22,19,15
10,3,10,9.7,0,0,7,67,24
12,1,12,21.9,0,0,0,31,6
18,4,18,29.1,0,1,0,20,6
0,1,0,16.6,0,0,10,22,11
9,5,9,8.2,0,0,0,29,6
0,0,0,9.1,0,0,20,7,15
4,3,4,9.4,0,0,0,8,5
17,6,17,15.3,0,0,0,22,0
13,0,13,24.4,0,1,9,21,13
2,3,2,11.1,0,0,0,0,0
10,0,10,17.5,0,0,0,13,6
15,3,15,23.1,0,0,4,13,4
7,5,7,14.4,0,1,5,17,1
9,3,9,9.4,0,0,6,18,27
5,2,5,12.5,0,0,0,9,6
8,0,8,0.8,0,0,0,20,5
14,0,14,27.7,0,0,0,14,5
18,4,18,21.5,0,1,13,6,6
20,1,20,18.4,0,0,4,13,4
3,4,3,13.1,0,0,20,6,15
14,4,14,27.1,0,1,0,6,5
11,0,11,15.0,0,0,0,9,6
13,0,13,21.8,0,0,0,3,5
17,2,17,10.5,0,0,0,30,5
11,0,11,18.5,0,0,0,8,6
8,0,8,12.0,0,0,0,29,6
14,3,14,22.0,0,0,0,12,6
16,6,16,21.1,0,0,0,9,5
0,0,0,13.8,0,0,0,15,0
5,4,5,5.0,0,0,4,9,4
5,4,5,10.6,0,0,4,5,1
17,5,17,31.0,0,0,0,13,5
7,0,7,15.1,0,1,0,11,5
5,0,5,11.7,0,0,21,3,5
22,3,22,13.7,0,0,20,19,15
14,1,14,12.7,0,0,13,99,6
16,4,16,28.5,0,1,4,5,1
1,4,1,4.0,0,0,0,0,0
7,5,7,6.4,0,0,0,10,6
17,3,17,26.4,0,1,4,29,4
17,3,17,26.0,0,0,0,10,6
9,1,9,14.8,0,0,0,30,5
0,4,0,10.9,0,0,0,10,6
5,3,5,8.7,0,0,4,31,4
10,5,10,21.5,0,0,5,10,4
23,1,23,19.3,0,1,11,60,3
9,4,9,22.7,0,1,22,19,15
21,2,21,11.1,1,2,0,18,5
23,0,23,8.8,0,0,0,36,0
6,5,6,15.2,0,0,0,13,6
16,1,16,19.1,0,0,4,31,4
8,6,8,8.3,0,0,0,31,6
10,2,10,14.8,0,1,18,34,11
11,0,11,21.6,0,1,0,10,5
0,5,0,11.3,0,0,5,6,1
8,5,8,12.3,0,1,0,18,5
20,2,20,14.6,0,0,0,3,6
15,0,15,11.8,0,0,4,20,5
13,1,13,9.5,0,0,0,31,6
7,0,7,11.8,0,0,0,12,6
12,2,12,10.3,0,0,0,12,6
23,1,23,3.7,0,0,0,26,5
5,2,5,13.4,0,0,0,5,6
12,5,12,25.3,0,0,5,5,1
22,1,22,21.9,0,1,17,33,15
10,3,10,14.4,0,0,0,29,6
9,5,9,22.1,0,0,5,10,4
4,0,4,7.7,0,0,0,31,5
5,4,5,14.9,0,0,4,1,1
16,1,16,25.0,0,0,0,20,5
8,5,8,9.9,0,1,0,28,5
15,2,15,29.7,0,3,12,27,0
0,6,0,15.2,0,0,19,15,0
15,6,15,33.2,0,1,14,19,16
12,1,12,11.4,0,0,13,6,6
22,3,22,21.9,0,1,15,19,13
10,2,10,9.9,0,0,0,25,6
6,2,6,9.5,0,0,0,13,5
18,5,18,8.4,0,0,0,25,6
10,5,10,7.2,0,0,5,10,4
11,2,11,24.6,0,0,0,20,5
10,2,10,24.1,0,1,0,11,5
15,4,15,30.3,0,0,0,3,6
8,5,8,4.8,0,0,4,30,1
15,3,15,31.9,0,0,0,25,5
12,0,12,28.4,0,1,0,14,5
3,3,3,9.9,0,0,2,2,2
19,6,19,8.5,0,0,0,10,6
14,6,14,17.8,0,0,0,6,6
11,2,11,8.3,0,0,0,12,5
9,6,9,21.0,0,1,0,16,0
8,3,8,11.6,0,1,0,4,5
12,0,12,25.0,0,0,0,12,6
4,2,4,14.4,0,0,0,0,0
16,4,16,32.8,0,1,0,6,6
23,2,23,9.7,0,0,0,19,0
16,5,16,29.2,0,1,0,4,5
13,4,13,15.4,0,0,4,9,4
6,5,6,13.6,0,0,0,29,5
16,1,16,24.9,0,0,5,12,4
19,5,19,26.6,0,1,0,9,5
9,5,9,9.5,0,0,4,30,1
17,0,17,31.5,0,1,0,7,5
13,4,13,14.2,0,1,6,18,27
20,1,20,13.1,0,0,0,31,6
16,2,16,11.8,0,0,0,44,6
5,3,5,9.2,0,0,5,31,4
0,2,0,9.8,0,0,1,1,1
13,5,13,16.8,0,0,5,7,1
18,2,18,24.2,0,1,0,12,6
7,4,7,9.1,0,0,0,29,6
10,1,10,10.8,0,0,0,12,6
16,0,16,28.4,0,1,5,5,5
12,0,12,19.5,0,0,4,18,1
23,0,23,14.0,0,0,6,18,8
16,0,16,33.0,0,1,5,5,5
7,4,7,12.7,0,1,0,7,5
9,0,9,18.5,0,1,0,15,7
19,6,19,30.0,0,1,13,6,6
21,4,21,19.2,1,0,4,13,4
12,3,12,14.5,0,0,0,5,6
10,2,10,15.4,0,0,5,10,4
13,4,13,28.5,0,1,0,48,5
8,1,8,1.5,0,0,0,11,5
2,2,2,5.4,0,0,2,2,2
20,2,20,14.0,0,0,0,9,5
14,1,14,16.4,0,0,4,13,1
23,0,23,8.8,0,0,0,35,7
8,6,8,10.3,0,1,4,31,5
20,5,20,6.0,0,0,0,26,5
17,0,17,26.9,0,0,30,19,15
12,1,12,24.8,0,1,0,8,0
20,4,20,20.3,0,1,4,10,5
13,0,13,8.6,0,0,0,9,6
8,2,8,1.6,0,0,22,19,15
2,4,2,12.0,0,0,10,22,11
23,1,23,3.6,0,0,5,6,1
0,6,0,18.2,0,0,5,6,1
1,2,1,12.2,0,0,0,1,0
21,3,21,18.6,0,0,4,10,4
8,2,8,18.8,0,0,0,42,6
8,6,8,7.3,0,0,4,9,5
16,2,16,20.9,0,0,4,20,1
18,6,18,28.9,0,0,0,30,5
18,2,18,29.1,0,1,0,20,5
15,3,15,27.5,0,0,0,20,5
13,1,13,13.8,0,0,9,21,11
15,1,15,20.3,0,0,0,6,6
23,0,23,15.2,0,0,6,18,8
11,3,11,10.9,0,0,2,2,2
22,2,22,11.0,0,0,14,19,16
5,5,5,5.5,0,0,0,18,5
21,4,21,20.9,0,1,5,23,1
4,2,4,8.0,0,0,5,5,4
9,5,9,11.3,0,0,4,20,4
16,3,16,18.3,0,0,0,6,0
0,4,0,8.6,0,0,0,19,7
0,6,0,6.5,0,0,0,35,0
14,2,14,18.0,0,0,4,5,4
4,2,4,8.1,0,0,0,10,6
14,4,14,29.7,0,1,12,27,0
11,1,11,7.9,0,0,28,7,0
8,6,8,12.4,0,0,4,39,1
11,3,11,17.0,0,0,0,20,6
4,4,4,13.3,0,0,3,3,3
4,2,4,15.6,0,0,5,31,1
14,5,14,31.6,0,1,0,31,5
14,4,14,25.5,0,1,0,10,5
7,5,7,12.6,0,0,0,12,6
16,6,16,29.0,0,1,0,3,5
12,2,12,14.1,0,0,0,29,6
8,5,8,12.0,0,1,0,4,5
23,5,23,7.3,0,0,16,32,14
6,2,6,8.1,0,0,4,6,4
0,4,0,16.3,0,0,6,18,8
19,1,19,5.3,0,0,0,31,6
13,1,13,25.6,0,0,4,9,4
4,0,4,8.8,0,0,0,31,6
16,0,16,19.3,0,0,21,3,0
5,6,5,15.5,0,0,21,3,5
7,1,7,15.7,0,0,0,12,5
5,1,5,4.3,0,0,4,31,5
13,3,13,10.1,1,2,22,7,15
19,4,19,27.0,0,1,0,7,5
4,4,4,12.5,0,0,0,8,6
16,0,16,30.0,0,1,4,12,5
5,2,5,4.9,0,0,21,3,5
0,6,0,16.8,0,0,14,19,16
10,4,10,9.5,0,0,0,20,6
14,2,14,26.1,0,0,0,3,5
7,3,7,13.0,0,1,0,83,5
1,6,1,7.9,1,2,2,2,8
6,5,6,11.5,0,0,0,29,5
11,2,11,10.2,0,0,5,10,4
22,6,22,12.6,0,0,0,8,6
13,3,13,24.9,0,1,5,7,5
23,5,23,10.6,0,0,0,15,7
11,5,11,13.4,0,0,0,31,6
12,2,12,28.5,0,1,28,7,0
9,4,9,6.0,0,0,0,16,0
11,6,11,12.9,0,0,0,12,6
16,4,16,20.7,0,0,4,13,1
11,6,11,13.0,0,0,0,6,6
6,3,6,3.7,0,0,4,9,4
7,6,7,12.5,0,1,0,7,6
5,2,5,2.1,0,0,21,3,5
10,4,10,11.0,0,0,0,6,0
1,0,1,10.2,0,0,2,2,8
8,1,8,9.6,0,0,21,3,5
7,2,7,13.5,0,1,0,10,6
18,2,18,25.2,0,1,0,12,6
13,2,13,8.8,0,0,5,10,1
7,2,7,4.2,0,0,0,31,5
11,2,11,14.5,0,0,0,9,6
17,4,17,20.2,0,0,0,5,6
9,4,9,17.0,0,0,0,15,7
5,2,5,10.2,0,0,0,31,6
12,3,12,15.6,1,2,0,9,6
8,4,8,14.2,0,1,0,8,5
8,1,8,5.7,0,0,0,18,5
12,3,12,13.6,0,0,0,5,6
4,0,4,9.3,0,0,3,3,3
0,0,0,13.0,0,0,0,0,0
5,5,5,13.8,0,0,0,5,6
0,1,0,6.8,0,0,1,1,1
17,2,17,13.6,0,0,0,30,5
23,4,23,16.5,0,0,6,7,8
14,0,14,8.5,0,0,0,23,5
21,2,21,12.1,0,0,0,13,6
11,4,11,17.7,0,0,2,2,2
18,0,18,13.0,0,0,0,25,5
7,5,7,1.3,0,0,0,26,6
16,0,16,11.9,0,0,11,60,3
13,0,13,28.4,0,0,25,8,22
12,3,12,22.2,0,0,6,30,19
22,1,22,11.3,0,0,15,19,7
7,3,7,9.3,0,0,0,9,5
17,2,17,28.2,0,1,13,5,5
8,2,8,4.2,0,0,4,12,1
5,2,5,10.0,0,0,0,31,6
14,6,14,28.2,0,1,0,6,5
9,6,9,13.3,0,0,6,18,8
6,6,6,13.1,0,0,4,6,1
21,6,21,14.4,0,0,5,3,4
9,6,9,14.7,0,1,0,10,5
8,2,8,18.3,0,0,0,4,5
16,2,16,29.3,0,0,4,13,4
16,5,16,19.1,0,0,0,1,7
5,3,5,4.1,0,0,0,5,6
12,6,12,20.3,0,0,0,29,6
8,3,8,9.0,0,0,0,12,6
7,4,7,8.0,0,0,0,29,5
5,0,5,4.9,0,0,21,3,5
10,6,10,26.7,0,0,0,61,0
13,4,13,16.2,0,0,4,18,1
5,4,5,10.5,0,0,14,19,12
15,0,15,29.9,0,1,0,3,5
4,5,4,21.5,0,0,0,23,5
8,2,8,8.1,0,0,0,3,7
20,2,20,11.5,0,0,18,34,11
5,1,5,14.8,0,0,0,31,5
5,0,5,6.0,0,0,0,13,6
6,5,6,10.3,0,0,13,6,6
14,5,14,19.3,0,0,6,18,8
16,0,16,11.8,0,0,21,3,0
9,6,9,14.3,0,1,0,8,6
19,2,19,12.1,0,0,5,18,1
17,5,17,19.9,0,0,5,23,4
15,4,15,23.6,0,0,0,3,6
16,6,16,16.1,0,0,31,63,12
17,4,17,15.6,0,0,21,3,0
14,2,14,19.9,0,0,5,14,1
0,3,0,11.2,1,2,27,9,33
22,1,22,9.6,1,2,5,30,1
20,4,20,9.4,0,0,4,18,1
15,1,15,20.7,0,0,4,13,4
16,1,16,19.1,0,0,0,7,6
7,1,7,14.3,0,1,0,12,6
4,6,4,0.4,0,0,0,8,5
11,0,11,15.1,0,0,5,10,4
5,2,5,10.2,0,0,4,9,4
8,6,8,15.1,0,1,0,29,5
13,5,13,13.8,0,0,0,20,6
8,4,8,21.0,0,1,0,18,5
13,1,13,19.4,0,0,4,9,4
15,1,15,32.7,0,1,0,3,5
4,1,4,6.6,0,0,0,9,6
6,1,6,2.1,0,0,4,31,1
10,6,10,18.0,0,0,5,10,4
13,1,13,9.9,1,2,1,1,1
22,6,22,17.1,0,0,0,8,6
23,4,23,14.8,0,0,6,7,8
19,0,19,26.3,0,0,0,13,6
11,2,11,24.5,0,0,0,25,6
23,0,23,16.6,0,0,0,31,5
22,6,22,14.7,0,0,15,19,13
8,5,8,3.6,0,0,0,3,6
7,4,7,7.8,1,2,10,22,11
17,4,17,17.8,0,0,4,29,1
16,3,16,15.4,0,1,5,5,5
8,2,8,21.3,0,1,0,29,5
17,0,17,27.8,0,0,0,10,5
1,6,1,13.6,0,0,2,2,8
15,5,15,29.5,0,1,0,44,6
9,4,9,12.6,1,1,0,13,6
12,2,12,16.6,0,0,0,31,6
5,1,5,12.2,0,0,4,13,4
17,5,17,26.9,0,0,0,12,5
5,5,5,8.4,0,0,0,13,5
16,5,16,17.0,0,0,6,18,8
17,0,17,11.8,0,0,0,14,5
9,6,9,13.5,0,0,0,15,7
11,1,11,8.9,0,0,5,10,4
16,0,16,31.0,0,0,0,25,6
23,5,23,9.0,0,0,5,6,1
23,1,23,5.8,0,0,0,19,7
16,2,16,28.4,0,0,0,29,6
18,4,18,26.0,0,0,0,12,5
14,6,14,28.5,0,1,0,10,6
10,0,10,21.5,0,1,0,12,5
18,0,18,11.7,0,0,4,13,1
20,6,20,9.6,0,0,0,7,6
21,0,21,14.4,1,2,0,29,5
13,4,13,15.6,0,0,0,29,6
4,2,4,10.4,0,0,5,9,1
12,5,12,20.5,0,0,5,5,1
18,5,18,26.4,0,0,0,26,5
7,3,7,7.5,0,0,0,20,5
21,5,21,10.9,0,0,4,13,1
7,2,7,6.1,0,0,4,9,1
4,0,4,15.2,0,0,0,8,5
18,0,18,29.7,0,1,0,8,5
12,1,12,18.3,0,0,5,48,4
10,4,10,7.3,0,0,0,12,6
23,1,23,14.0,0,0,15,37,7
17,3,17,17.4,0,0,0,6,0
11,4,11,26.4,0,1,0,31,6
12,1,12,9.5,1,2,0,9,5
14,1,14,28.6,0,1,0,29,6
8,4,8,0.3,0,0,0,20,6
11,5,11,13.9,0,0,0,41,5
10,4,10,10.7,0,0,0,29,6
15,2,15,11.9,0,0,0,24,5
5,1,5,9.8,0,0,0,7,6
9,3,9,12.0,0,0,4,10,1
22,6,22,8.6,0,0,16,32,14
19,0,19,23.7,0,0,13,6,6
14,3,14,12.7,0,0,8,19,10
8,1,8,5.6,0,0,22,19,15
19,4,19,21.5,0,0,0,13,6
8,2,8,12.7,0,0,22,19,15
16,6,16,32.4,0,1,5,5,5
10,5,10,23.7,0,0,0,11,6
13,6,13,12.6,0,0,0,14,5
7,6,7,14.1,0,1,0,41,5
4,0,4,13.9,0,0,3,3,3
15,3,15,11.4,0,0,0,31,6
22,6,22,10.8,0,0,0,8,5
13,2,13,11.4,0,0,10,38,10
22,1,22,9.9,0,0,16,32,14
14,4,14,26.6,0,0,5,30,1
10,6,10,23.6,0,1,0,30,5
19,3,19,11.2,0,0,5,18,1
17,1,17,27.2,0,0,0,23,6
1,1,1,3.6,0,0,0,0,0
12,5,12,14.3,0,0,0,5,6
11,3,11,27.9,0,0,0,25,5
11,2,11,9.7,0,0,5,10,4
21,1,21,13.4,0,0,0,10,5
11,0,11,21.6,0,1,0,19,0
5,2,5,14.5,0,0,5,5,5
4,1,4,11.0,0,0,0,13,5
14,5,14,27.5,0,1,6,18,8
20,2,20,31.4,0,1,0,10,5
17,2,17,11.4,0,0,5,23,4
0,5,0,17.4,0,0,5,6,1
16,4,16,24.3,0,0,0,31,6
19,6,19,21.1,0,0,0,9,6
11,5,11,21.8,0,0,0,8,5
5,1,5,10.1,0,0,4,13,4
17,0,17,20.5,0,0,13,4,5
16,0,16,16.4,0,0,4,13,1
10,3,10,20.7,0,0,0,31,6
17,0,17,28.1,0,1,0,12,6
23,3,23,16.6,0,1,10,22,11
13,5,13,22.9,0,1,5,7,5
7,5,7,11.8,0,0,5,10,1
5,2,5,6.7,0,0,0,5,6
5,0,5,9.8,0,0,5,29,1
14,6,14,24.4,0,0,0,31,5
8,0,8,11.3,0,0,22,19,15
16,1,16,10.7,0,0,0,5,6
12,1,12,16.4,0,0,0,9,6
6,4,6,13.6,0,1,4,6,4
17,2,17,20.3,0,0,21,3,0
9,3,9,16.0,0,0,0,30,6
0,2,0,15.0,0,0,10,22,11
4,3,4,4.0,0,0,0,9,6
6,4,6,14.4,0,0,32,19,15
20,1,20,12.8,0,0,20,19,15
12,0,12,13.8,0,0,14,19,12
19,1,19,23.8,0,0,4,9,4
16,1,16,26.9,0,0,4,13,1
12,2,12,16.1,0,0,0,24,6
13,6,13,16.6,0,0,9,21,11
18,5,18,24.5,0,0,0,20,5
17,2,17,33.7,0,1,4,45,1
5,4,5,10.6,0,0,5,5,4
14,2,14,23.5,0,1,0,29,5
7,6,7,9.1,0,1,0,29,6
18,0,18,13.7,0,0,4,10,5
12,6,12,16.4,0,0,9,21,11
4,4,4,4.8,0,0,0,13,5
20,6,20,16.1,0,1,5,30,1
17,2,17,27.1,0,1,4,45,4
18,0,18,25.1,0,0,5,23,4
13,0,13,15.0,0,0,0,12,6
15,0,15,20.7,0,0,7,67,24
5,1,5,9.6,0,0,0,13,6
9,5,9,8.1,0,0,0,10,6
11,5,11,11.3,0,0,0,10,6
8,0,8,14.0,0,0,4,13,1
12,1,12,25.5,0,1,0,14,5
19,0,19,7.9,0,0,13,6,6
13,2,13,29.0,0,0,12,27,0
21,1,21,11.8,0,0,15,19,7
6,0,6,14.7,0,0,0,31,6
5,1,5,5.2,0,0,4,6,4
7,4,7,6.9,0,0,0,7,5
7,5,7,4.3,0,0,0,29,6
5,2,5,15.5,0,0,21,3,14
5,5,5,0.8,0,0,0,55,5
6,0,6,4.7,0,0,0,31,6
11,2,11,25.2,0,0,5,10,1
9,4,9,7.3,0,0,0,20,6
5,0,5,14.1,0,0,0,31,6
6,4,6,8.5,0,0,5,106,1
19,0,19,14.0,0,0,0,29,6
2,0,2,12.7,0,0,7,8,18
11,6,11,26.0,0,1,0,10,6
8,4,8,7.0,0,0,0,31,6
14,6,14,26.8,0,1,0,3,5
7,2,7,12.3,0,0,0,11,5
5,1,5,4.3,0,0,4,4,1
17,5,17,17.2,0,0,0,22,0
3,0,3,12.7,0,0,14,19,12
15,1,15,14.9,0,0,13,6,1
6,4,6,11.2,0,1,0,29,5
10,6,10,11.6,0,0,0,6,0
1,1,1,13.2,0,0,2,2,8
12,0,12,26.6,0,0,0,5,6
7,3,7,10.2,0,0,0,7,6
7,6,7,13.9,0,1,0,12,6
9,6,9,13.4,0,0,0,3,6
10,6,10,11.9,0,0,0,20,6
13,0,13,22.6,0,0,20,19,15
0,2,0,12.5,0,0,1,1,1
4,2,4,4.1,0,0,5,5,4
23,1,23,15.0,0,0,19,15,7
23,3,23,11.3,0,0,0,8,5
7,3,7,10.2,0,0,0,83,5
19,2,19,33.9,0,1,4,10,5
5,3,5,14.6,0,0,5,4,1
9,1,9,16.5,0,0,0,11,6
12,2,12,27.1,0,0,0,9,6
7,4,7,8.6,0,0,4,12,4
12,5,12,12.6,0,0,0,12,6
21,2,21,13.5,0,0,0,31,5
13,4,13,26.9,0,1,28,7,0
9,6,9,19.8,0,1,0,8,5
18,4,18,25.9,0,0,13,5,5
8,2,8,12.2,0,0,0,13,5
5,4,5,1.9,0,0,4,5,4
7,4,7,7.0,0,0,8,19,10
14,3,14,12.9,0,0,6,18,8
6,6,6,12.1,0,1,4,9,4
19,5,19,10.0,0,0,5,30,1
16,5,16,18.0,0,0,0,31,6
23,6,23,20.8,0,0,24,7,15
16,1,16,28.1,0,0,0,29,6
17,1,17,19.7,0,0,0,25,6
14,5,14,13.5,0,0,5,24,4
8,0,8,1.0,0,0,4,39,1
8,4,8,15.2,0,1,0,5,5
22,1,22,16.3,0,0,15,19,13
21,0,21,22.2,0,1,0,13,6
17,0,17,27.4,0,0,5,12,4
1,3,1,20.6,0,0,0,6,6
1,4,1,6.3,0,0,0,0,0
4,3,4,14.6,0,0,0,9,5
18,3,18,24.3,0,1,21,3,0
5,1,5,13.5,0,0,5,5,5
8,4,8,7.8,0,0,0,13,6
3,2,3,9.8,0,0,2,2,2
11,4,11,13.3,0,0,5,10,4
12,2,12,23.0,0,0,0,31,6
5,5,5,13.6,0,0,5,26,4
13,4,13,14.3,0,1,0,29,6
10,1,10,14.2,0,0,0,6,7
9,2,9,12.7,0,0,0,16,7
13,4,13,14.3,0,1,0,10,5
4,1,4,3.9,0,0,0,13,5
12,0,12,17.1,0,1,0,13,5
17,4,17,26.1,0,0,0,6,0
14,1,14,17.9,0,1,0,12,6
13,2,13,9.9,0,0,0,31,5
15,4,15,23.2,0,0,0,25,6
15,5,15,15.8,0,0,0,6,6
14,2,14,16.2,0,0,13,6,6
8,5,8,8.5,0,0,0,4,5
19,3,19,30.6,0,1,0,9,5
18,5,18,10.4,0,0,0,30,5
13,6,13,16.9,0,0,0,14,5
10,1,10,24.6,0,1,0,16,0
14,5,14,20.2,0,0,0,12,6
14,5,14,22.0,0,1,5,23,1
10,5,10,6.9,0,0,0,6,0
6,4,6,0.4,0,0,1,1,7
16,6,16,32.0,0,0,0,7,5
13,4,13,14.6,0,0,5,31,1
16,0,16,15.7,0,0,21,3,0
15,4,15,11.8,0,0,23,43,0
4,1,4,11.2,0,0,0,5,5
15,3,15,28.3,0,1,0,12,5
11,6,11,10.8,0,0,0,11,5
12,0,12,18.6,0,0,9,21,11
4,2,4,5.9,0,0,0,13,5
15,1,15,25.9,0,0,13,99,4
5,3,5,14.8,0,0,0,13,5
8,3,8,11.1,0,0,0,3,7
17,2,17,18.1,0,1,0,30,5
16,1,16,28.4,0,0,1,1,7
23,4,23,13.7,0,0,0,19,0
16,3,16,15.0,0,1,4,20,4
3,5,3,7.0,0,0,20,63,15
12,6,12,26.2,0,1,9,21,13
11,3,11,10.9,0,0,0,29,6
21,6,21,11.0,0,0,4,13,4
1,2,1,16.4,0,0,0,36,7
7,3,7,14.9,0,0,0,12,6
11,6,11,23.6,0,0,0,14,5
15,5,15,17.4,0,0,1,1,1
10,3,10,9.7,0,0,0,8,6
12,5,12,19.4,0,0,0,8,6
19,1,19,10.9,0,0,0,10,5
20,6,20,18.3,0,0,0,9,6
12,5,12,14.8,0,0,5,48,1
17,6,17,24.5,0,0,0,9,5
5,3,5,15.3,0,0,4,6,4
8,0,8,11.2,0,0,0,4,5
6,5,6,8.9,0,0,20,63,15
13,1,13,14.2,0,0,0,48,6
14,1,14,17.8,0,0,12,27,0
23,5,23,11.6,0,0,0,35,0
8,1,8,9.5,0,0,0,13,6
1,6,1,18.8,0,0,0,6,5
13,5,13,22.4,0,1,0,8,6
9,3,9,14.5,0,1,0,12,6
9,2,9,17.2,0,0,0,6,5
16,3,16,14.4,0,0,0,5,6
16,0,16,22.0,0,0,0,7,6
22,0,22,16.2,0,0,0,26,5
0,3,0,13.2,0,0,14,19,12
16,0,16,14.7,0,0,0,12,5
3,2,3,10.8,0,0,2,2,2
19,1,19,14.3,0,0,5,26,1
11,0,11,26.4,0,1,0,8,6
13,2,13,15.1,0,0,4,10,5
12,0,12,27.9,0,0,0,18,6
11,0,11,9.7,0,0,0,13,6
11,2,11,24.3,0,0,0,6,7
23,6,23,18.6,0,1,0,19,0
16,0,16,30.3,0,0,0,1,10
15,1,15,28.3,0,1,0,12,6
3,4,3,15.3,0,0,24,7,15
14,3,14,21.7,0,0,0,3,6
20,1,20,11.2,0,0,5,30,4
23,1,23,19.0,0,1,6,18,8
23,2,23,6.3,0,0,0,19,0
11,0,11,16.8,0,0,5,10,4
16,5,16,29.4,0,0,7,17,9
1,6,1,11.6,0,0,1,1,1
22,0,22,10.9,0,0,16,32,14
10,5,10,17.4,0,0,5,12,1
6,6,6,8.5,0,0,1,1,1
13,2,13,24.2,0,1,0,29,6
14,3,14,26.1,0,0,4,13,1
23,1,23,17.1,0,1,17,33,15
8,2,8,12.9,0,1,0,18,5
4,2,4,14.7,0,0,0,10,5
13,4,13,14.7,0,0,0,48,6
16,6,16,18.5,0,0,0,24,6
18,3,18,13.4,0,0,0,25,6
9,2,9,20.5,0,1,0,41,5
8,4,8,4.9,0,0,0,29,6
0,5,0,6.5,1,2,5,23,1
14,2,14,26.3,0,1,6,18,17
14,6,14,16.7,0,0,0,29,6
10,2,10,7.5,0,0,28,7,0
1,1,1,6.3,0,0,0,6,6
17,6,17,20.9,0,0,5,23,4
14,1,14,19.1,0,0,0,3,6
7,1,7,7.5,0,0,5,10,4
5,3,5,15.4,0,0,5,5,5
18,0,18,25.3,0,0,5,23,4
21,4,21,8.6,0,0,0,3,5
0,2,0,18.9,0,0,15,37,7
15,5,15,19.3,0,0,13,4,5
10,2,10,7.2,0,0,0,29,6
11,1,11,21.5,0,0,0,19,0
10,5,10,20.4,0,0,0,11,6
14,0,14,19.2,0,0,13,6,6
13,3,13,16.6,0,0,5,7,1
19,4,19,27.4,0,1,4,23,4
14,5,14,14.3,0,0,6,18,8
8,6,8,4.6,0,0,0,25,6
13,6,13,26.3,0,0,12,27,0
11,3,11,18.9,0,0,0,16,0
12,1,12,10.0,0,0,5,9,1
13,4,13,14.9,0,0,0,3,5
9,2,9,15.5,0,0,0,15,7
3,3,3,15.7,0,0,13,6,4
12,2,12,10.0,0,0,0,18,5
12,3,12,11.5,0,0,0,12,6
16,3,16,14.2,0,0,0,6,0
2,2,2,11.9,0,0,20,6,15
8,4,8,12.0,0,0,0,20,6
7,4,7,9.3,0,0,0,11,6
15,5,15,28.3,0,1,0,44,5
11,2,11,17.0,0,0,0,29,6
16,1,16,13.7,0,0,0,4,6
4,0,4,5.8,0,0,0,9,6
10,5,10,10.4,0,0,0,6,7
9,3,9,12.4,0,0,5,10,4
18,1,18,10.3,0,0,0,13,5
23,6,23,7.9,0,0,0,8,5
18,0,18,32.4,0,1,0,29,6
10,2,10,12.2,0,0,0,25,6
23,2,23,17.5,0,0,18,34,11
12,2,12,11.1,0,0,0,29,6
5,2,5,9.3,0,0,0,31,6
7,0,7,8.7,0,0,0,25,5
15,3,15,27.0,0,0,25,51,22
7,1,7,12.9,0,0,0,13,6
10,2,10,28.2,0,1,0,11,6
6,6,6,12.1,0,1,0,14,5
11,1,11,11.3,0,0,5,10,4
14,4,14,7.4,0,0,4,20,5
23,5,23,15.8,0,0,18,34,11
1,1,1,10.1,0,0,0,0,0
23,1,23,15.3,0,0,0,19,0
5,2,5,13.7,0,0,0,10,6
12,2,12,19.9,0,0,9,21,11
14,3,14,19.8,1,2,0,24,5
12,3,12,25.3,0,1,6,30,19
16,5,16,31.8,0,1,0,44,5
16,2,16,11.9,0,0,21,3,0
5,6,5,5.8,0,0,21,3,5
18,0,18,12.2,0,0,0,12,5
13,6,13,28.2,0,1,23,43,0
15,5,15,26.1,0,0,13,6,6
16,1,16,30.6,0,0,4,31,4
23,6,23,19.1,0,1,18,34,11
10,5,10,17.2,0,0,0,13,6
18,5,18,11.4,0,0,0,29,6
22,0,22,17.8,0,0,17,33,15
4,4,4,2.9,0,0,21,3,5
7,6,7,4.3,0,0,0,12,6
20,1,20,5.2,0,0,5,30,1
17,6,17,21.1,0,0,0,13,6
13,4,13,14.3,0,0,4,5,4
9,4,9,17.7,0,1,0,20,6
6,2,6,9.5,0,0,0,13,6
23,1,23,16.4,0,1,0,35,7
5,5,5,11.3,0,0,0,13,6
5,4,5,8.8,1,2,22,7,15
15,2,15,23.8,0,0,4,13,4
8,5,8,10.1,0,1,7,67,24
11,2,11,11.0,0,0,5,10,4
22,4,22,6.9,0,0,16,32,14
20,6,20,10.7,0,0,0,3,6
7,0,7,13.9,0,0,1,1,7
23,0,23,14.4,0,0,0,35,7
18,3,18,18.1,0,0,4,9,4
10,6,10,23.2,0,1,0,30,6
5,3,5,2.0,0,0,0,18,5
4,1,4,7.8,0,0,0,13,5
19,0,19,15.9,1,2,0,20,5
9,3,9,16.2,0,1,0,29,5
21,4,21,10.6,0,0,0,7,6
22,4,22,7.2,1,2,0,3,5
7,1,7,7.6,0,0,0,25,5
13,4,13,25.9,0,1,0,10,6
14,2,14,15.6,0,0,0,3,6
18,1,18,24.2,0,0,0,9,5
7,4,7,3.2,0,0,0,11,5
11,2,11,24.7,0,1,0,10,5
1,5,1,15.1,0,0,14,19,16
12,3,12,11.6,0,0,0,18,5
16,2,16,28.2,0,1,4,5,4
23,1,23,19.4,0,0,15,19,13
14,5,14,28.5,0,0,5,24,4
21,4,21,8.2,0,0,0,31,6
9,6,9,17.3,0,0,0,8,6
22,1,22,17.4,0,1,16,32,14
5,0,5,17.2,0,0,0,9,5
9,3,9,11.0,1,2,5,7,4
9,5,9,20.4,0,0,5,10,4
21,5,21,21.0,0,1,5,23,1
6,2,6,4.4,0,0,1,1,7
15,5,15,17.1,0,0,0,44,6
6,4,6,4.9,0,0,30,39,15
4,1,4,18.0,0,0,0,31,5
20,6,20,19.7,0,0,4,31,1
16,4,16,13.0,0,0,0,1,7
22,3,22,8.9,0,0,6,18,17
18,6,18,11.6,0,0,0,30,5
9,4,9,19.1,0,1,0,16,0
22,2,22,10.9,0,0,0,26,6
19,0,19,21.9,0,0,13,6,4
10,2,10,14.4,0,1,5,12,4
5,3,5,6.9,0,0,0,13,6
18,2,18,15.3,0,0,13,6,6
16,4,16,7.6,0,0,0,9,6
17,6,17,25.9,0,0,0,20,5
10,6,10,20.7,0,0,0,19,0
16,5,16,14.9,0,0,0,18,5
11,3,11,10.5,1,2,0,9,6
8,4,8,8.5,0,0,6,18,8
10,4,10,7.0,1,2,7,82,56
6,5,6,11.6,0,0,5,3,4
13,3,13,14.9,0,0,20,19,15
14,4,14,23.0,0,0,4,10,4
7,0,7,15.5,0,1,4,23,4
8,4,8,2.7,0,0,0,13,6
10,5,10,12.9,0,1,0,10,5
15,0,15,26.2,0,0,13,6,6
13,6,13,27.6,0,1,0,23,5
18,1,18,3.9,0,0,5,20,4
6,6,6,6.6,0,0,0,31,5
11,5,11,13.1,0,0,5,14,1
9,4,9,7.6,0,0,5,10,1
7,4,7,4.4,0,0,0,7,6
11,6,11,13.4,0,0,0,12,6
9,0,9,10.0,0,0,0,16,0
15,3,15,18.3,1,2,0,40,5
7,6,7,12.2,0,1,0,7,5
12,5,12,26.0,0,1,0,11,6
6,6,6,8.5,0,0,13,6,4
13,6,13,12.4,0,0,0,20,6
7,1,7,9.4,0,0,1,1,7
17,6,17,12.1,0,0,13,6,5
20,5,20,10.3,0,0,0,7,6
14,6,14,31.0,0,1,0,20,5
4,3,4,13.2,0,0,0,8,6
6,4,6,12.5,0,1,0,8,5
10,0,10,23.7,0,1,6,18,8
8,2,8,9.8,0,0,0,18,5
11,3,11,8.8,0,0,0,31,6
12,1,12,17.6,0,0,0,31,6
15,4,15,26.4,0,0,0,13,5
20,6,20,8.6,0,0,42,86,41
8,5,8,13.6,0,0,22,2,15
12,2,12,20.9,0,0,4,5,4
8,6,8,17.7,0,1,25,8,23
15,5,15,18.1,0,0,0,3,6
10,1,10,14.1,0,0,28,7,0
14,3,14,24.8,0,0,5,12,4
19,0,19,8.8,0,0,0,13,6
4,2,4,13.1,0,0,0,13,6
8,5,8,15.5,0,1,0,18,5
19,2,19,27.0,0,1,13,6,4
4,6,4,13.0,0,0,0,31,5
12,3,12,10.1,1,2,5,12,1
21,6,21,13.5,0,0,5,9,4
8,4,8,4.8,0,0,0,20,6
16,1,16,19.9,0,0,0,4,6
12,3,12,15.4,0,0,5,12,4
11,1,11,22.4,0,0,0,13,6
8,3,8,11.5,0,0,0,4,5
17,4,17,26.1,0,0,13,5,5
9,5,9,16.6,0,0,0,69,0
11,3,11,18.4,0,0,0,24,5
17,2,17,19.8,0,0,0,7,6
4,0,4,9.2,0,0,14,63,15
22,2,22,9.0,0,0,16,32,14
6,4,6,13.0,0,0,21,3,5
7,3,7,18.3,0,1,0,11,6
14,3,14,13.2,0,0,4,13,4
22,1,22,9.9,0,0,6,18,17
16,6,16,30.2,0,1,0,7,5
6,6,6,10.8,0,0,4,4,1
18,4,18,15.3,0,0,0,9,6
8,4,8,5.1,0,0,0,12,6
7,1,7,11.2,0,0,0,13,5
4,1,4,9.8,0,0,0,5,5
2,0,2,13.4,0,0,0,46,0
5,0,5,6.1,0,0,4,9,5
17,2,17,29.9,0,1,0,7,5
8,1,8,1.5,0,0,0,4,5
5,4,5,9.9,0,0,0,40,5
10,5,10,11.7,0,0,0,29,6
15,4,15,24.8,0,0,0,3,6
23,4,23,17.5,0,0,17,33,15
23,6,23,15.9,0,0,17,33,15
10,6,10,12.7,0,0,0,31,6
4,4,4,17.5,0,0,0,31,6
16,4,16,28.8,0,0,5,12,1
18,0,18,29.7,0,0,5,23,4
11,6,11,12.0,0,0,0,19,7
13,0,13,14.9,0,0,5,9,1
5,1,5,9.5,0,0,0,9,6
13,1,13,15.8,0,0,5,7,1
6,4,6,14.8,0,0,8,19,10
13,3,13,17.8,0,1,0,11,6
7,2,7,10.0,0,0,0,25,5
18,2,18,12.6,0,0,13,6,6
11,1,11,27.2,0,0,0,9,5
14,6,14,18.6,0,0,6,18,8
12,0,12,25.4,0,1,0,7,5
3,6,3,19.3,0,0,0,6,7
11,2,11,12.2,0,0,0,9,5
15,6,15,15.3,0,0,13,4,5
6,1,6,5.3,0,0,0,29,6
22,5,22,23.6,0,0,15,19,13
17,0,17,31.5,0,0,31,63,12
8,0,8,14.1,0,1,0,4,5
12,0,12,29.8,0,1,0,9,6
8,6,8,7.6,0,0,5,10,1
23,3,23,8.9,0,0,0,36,0
13,5,13,25.1,0,0,0,13,6
7,4,7,10.9,0,0,0,83,5
20,5,20,16.0,0,0,7,13,24
23,2,23,11.8,0,0,15,19,7
21,2,21,18.6,0,1,0,22,0
23,2,23,18.9,0,0,6,18,27
12,5,12,11.9,0,0,0,18,5
0,1,0,9.8,0,0,0,15,7
6,3,6,8.1,0,0,0,29,5
22,1,22,22.8,0,0,5,6,1
18,3,18,25.9,0,1,0,18,5
12,5,12,20.0,0,0,13,6,6
14,4,14,23.1,0,0,7,14,18
6,4,6,14.0,0,1,0,10,6
10,6,10,13.4,0,0,0,29,6
1,0,1,17.2,0,0,13,6,6
7,3,7,15.4,0,1,5,10,1
16,6,16,14.8,0,0,5,5,4
4,0,4,13.0,0,0,0,9,5
21,4,21,6.3,0,0,5,3,4
11,5,11,17.1,0,0,10,22,11
19,0,19,27.0,0,0,0,29,6
5,5,5,7.0,0,0,0,9,6
10,5,10,22.6,0,1,0,17,5
10,1,10,19.8,0,1,0,30,5
17,1,17,12.3,0,0,13,5,5
9,2,9,15.6,0,0,0,8,6
15,3,15,31.7,0,0,25,51,21
5,0,5,14.8,0,0,4,4,4
9,5,9,16.1,0,0,0,18,5
20,0,20,23.0,0,1,4,18,1
8,6,8,17.3,0,0,0,3,7
21,1,21,8.4,0,0,10,38,10
18,3,18,9.2,0,0,0,12,6
13,0,13,9.4,0,2,6,18,8
6,3,6,5.4,0,0,0,10,5
15,2,15,19.3,0,0,0,24,5
10,3,10,15.6,0,0,0,8,6
18,4,18,10.9,0,0,0,8,6
7,6,7,15.7,0,1,0,12,6
11,2,11,10.9,0,0,10,22,11
0,6,0,13.1,0,0,5,6,1
5,3,5,6.9,0,0,0,7,6
7,3,7,11.9,0,0,21,3,14
5,0,5,16.6,0,0,3,3,3
1,4,1,16.3,0,0,0,1,7
22,2,22,10.3,0,0,6,7,27
16,3,16,27.9,0,0,4,20,4
5,0,5,10.7,0,0,4,9,1
17,4,17,29.6,0,0,0,23,6
12,4,12,21.5,0,0,2,2,2
0,4,0,11.5,0,0,0,1,7
5,5,5,8.9,0,0,0,55,5
4,3,4,7.8,0,0,2,2,8
16,4,16,17.0,0,0,12,27,0
17,6,17,17.1,0,0,0,48,6
14,1,14,26.8,0,1,0,13,5
11,2,11,12.5,0,0,0,20,6
16,0,16,30.2,0,0,5,62,1
17,6,17,15.1,0,0,4,64,4
16,5,16,30.3,0,0,5,5,1
5,1,5,9.5,0,0,0,40,5
1,2,1,9.4,0,0,0,19,0
4,6,4,12.6,0,0,0,26,6
5,0,5,12.2,0,0,4,9,4
15,3,15,25.0,0,1,11,60,3
7,1,7,5.5,0,0,0,29,6
4,5,4,12.0,0,0,0,5,6
14,0,14,29.9,0,0,0,6,5
11,3,11,21.2,0,0,0,31,6
8,4,8,17.1,0,0,22,19,15
9,4,9,15.1,0,0,0,17,5
0,5,0,9.8,0,0,2,2,8
8,3,8,18.9,0,1,0,5,5
9,4,9,16.7,0,0,7,67,24
15,4,15,22.4,0,0,1,1,1
19,3,19,19.8,0,0,0,10,5
0,2,0,15.8,0,0,15,37,7
20,3,20,11.5,0,0,0,8,5
8,6,8,17.5,0,1,0,4,5
22,3,22,17.4,0,0,21,3,5
17,3,17,13.6,0,0,0,25,5
20,1,20,12.0,0,0,4,29,1
4,0,4,15.2,0,0,0,26,5
1,1,1,7.3,0,0,0,0,0
11,3,11,20.7,0,0,4,10,1
15,3,15,18.2,1,2,4,13,4
19,1,19,13.7,0,0,0,22,0
8,0,8,13.3,0,0,0,4,5
8,1,8,10.0,0,0,0,9,6
7,2,7,13.5,0,1,13,6,6
23,6,23,19.8,0,0,18,34,11
22,5,22,11.3,0,0,10,38,10
23,3,23,20.1,0,1,13,6,5
15,0,15,24.3,0,1,4,10,1
1,1,1,13.3,0,0,2,2,8
23,5,23,13.3,0,0,13,6,1
12,5,12,26.3,0,1,9,21,13
22,2,22,18.4,0,0,17,33,15
1,4,1,11.5,0,0,0,0,0
23,2,23,7.1,0,0,5,6,1
8,4,8,13.5,0,1,0,5,5
16,0,16,18.6,0,0,13,6,5
11,0,11,19.5,0,1,28,7,0
11,3,11,14.1,0,0,2,2,2
20,4,20,14.6,0,0,4,18,1
8,5,8,17.5,0,1,4,12,1
10,4,10,10.5,0,0,0,23,6
0,0,0,12.6,0,0,16,32,14
23,2,23,15.2,0,0,15,37,7
5,1,5,14.8,0,0,4,1,1
0,0,0,9.4,0,0,13,6,5
22,0,22,10.2,0,0,6,18,8
16,2,16,15.8,0,0,0,12,6
4,1,4,8.3,0,0,21,3,5
23,4,23,6.8,0,0,5,6,1
6,1,6,5.7,0,0,4,13,4
4,1,4,11.1,0,0,0,9,5
7,0,7,6.3,0,0,0,20,6
15,4,15,7.8,0,0,21,71,5
6,6,6,16.4,0,0,1,56,14
21,3,21,10.0,0,0,4,9,1
10,2,10,7.1,0,0,0,11,5
11,0,11,27.8,0,1,0,6,6
18,3,18,9.4,0,0,4,18,1
15,4,15,27.0,0,0,0,44,6
5,0,5,3.4,0,0,21,3,5
21,2,21,8.9,0,0,0,31,6
14,1,14,25.9,0,0,30,19,15
13,1,13,28.3,0,1,28,7,0
4,6,4,11.9,0,0,0,26,6
10,0,10,13.7,0,0,14,19,16
6,1,6,5.3,0,0,5,6,4
19,5,19,28.1,0,0,0,29,5
18,5,18,30.0,0,1,0,7,5
0,5,0,16.5,0,0,14,19,12
2,3,2,10.3,0,0,1,39,1
9,4,9,8.9,0,0,30,19,15
4,2,4,14.0,0,0,0,9,5
18,0,18,16.4,1,2,5,13,1
1,2,1,5.9,0,0,0,6,5
15,5,15,19.8,0,0,0,5,6
5,3,5,7.1,0,0,2,2,8
6,2,6,4.5,0,0,21,3,5
13,4,13,25.8,0,0,0,18,5
1,6,1,12.6,0,0,8,19,10
14,4,14,20.0,0,0,12,27,0
13,4,13,20.9,0,0,9,21,11
15,0,15,14.3,0,0,4,30,5
20,3,20,8.8,1,2,0,13,6
21,6,21,12.5,0,0,4,10,4
8,2,8,9.1,0,0,5,12,1
8,4,8,3.8,0,0,0,12,5
12,4,12,23.6,0,0,4,5,4
7,5,7,11.2,0,0,0,14,5
14,2,14,23.2,0,0,5,23,1
1,1,1,9.2,0,0,0,6,5
1,4,1,15.5,0,0,0,46,0
12,0,12,28.5,0,1,0,7,5
7,1,7,9.0,0,0,4,13,1
22,1,22,6.2,0,0,6,18,8
4,5,4,8.4,0,0,0,3,1
14,4,14,19.8,0,0,0,20,6
0,2,0,8.9,0,0,16,32,14
16,6,16,15.3,0,0,0,28,5
9,0,9,6.1,0,0,0,16,7
21,1,21,9.6,1,2,0,25,6
6,3,6,15.5,0,0,0,8,5
21,3,21,20.0,0,1,0,8,6
11,6,11,11.9,0,0,0,13,6
12,1,12,16.6,0,0,0,19,0
19,0,19,23.7,0,0,0,30,5
3,5,3,3.1,0,0,9,21,11
1,5,1,23.6,0,0,5,10,1
7,2,7,7.8,0,0,0,12,6
21,2,21,14.4,0,0,0,31,6
21,4,21,21.6,0,1,5,3,4
11,0,11,23.7,0,1,0,10,5
3,5,3,10.2,0,0,2,2,2
8,4,8,6.2,0,0,0,29,6
6,5,6,12.1,0,0,0,55,5
6,2,6,6.3,0,0,13,6,1
11,6,11,28.9,0,0,0,20,6
8,1,8,1.6,0,0,0,20,6
14,2,14,13.4,0,0,25,51,21
5,3,5,5.9,0,0,4,4,5
17,2,17,18.9,0,0,21,3,0
12,5,12,24.2,0,0,9,21,11
22,3,22,23.0,0,1,6,18,8
16,6,16,16.1,0,0,0,7,6
9,1,9,6.1,0,0,0,11,6
8,2,8,16.2,0,0,4,39,1
12,0,12,16.0,0,0,0,9,6
21,3,21,23.5,0,1,0,8,5
15,3,15,10.1,0,0,13,4,5
20,6,20,17.0,0,0,0,7,6
12,1,12,25.4,0,1,5,10,1
10,2,10,10.8,0,0,28,7,0
16,5,16,18.0,0,0,0,30,5
17,6,17,29.2,0,0,0,12,6
12,2,12,16.1,0,1,0,7,5
12,0,12,29.6,0,0,5,5,1
18,3,18,9.2,0,0,5,12,1
11,5,11,16.9,0,0,5,10,4
9,2,9,10.5,0,0,0,6,6
8,5,8,16.2,0,1,0,4,5
23,4,23,12.6,0,0,0,19,0
4,1,4,9.9,0,0,0,9,5
4,4,4,9.6,0,0,0,8,6
12,5,12,25.8,0,1,9,21,13
18,2,18,12.3,0,0,0,29,5
6,5,6,10.3,0,0,0,3,5
5,6,5,7.0,0,0,0,9,6
16,6,16,28.9,0,1,0,26,5
14,5,14,29.5,0,1,6,18,8
8,0,8,9.4,0,0,5,7,4
22,3,22,6.0,0,0,10,22,11
8,0,8,1.8,0,0,0,18,5
7,0,7,16.5,0,0,0,13,6
12,0,12,12.6,0,0,9,21,11
20,5,20,10.7,0,0,21,3,5
16,2,16,29.9,0,1,0,12,6
10,4,10,11.0,0,0,0,8,6
8,5,8,14.1,0,1,0,24,5
8,1,8,14.5,0,1,4,13,1
14,1,14,23.2,0,0,0,3,5
5,5,5,5.7,0,0,0,31,6
7,0,7,11.2,0,0,0,9,5
7,0,7,4.7,0,0,0,7,6
5,2,5,13.9,0,0,4,29,1
18,0,18,13.4,0,0,4,10,1
18,6,18,12.2,0,0,13,5,5
9,6,9,13.3,0,0,5,12,1
6,6,6,6.7,0,0,0,10,5
8,2,8,4.5,0,0,0,12,6
13,2,13,18.3,0,0,0,24,5
13,6,13,22.6,0,0,0,48,6
7,4,7,5.7,0,0,0,3,7
4,2,4,8.6,0,0,0,8,5
7,5,7,13.0,0,0,1,1,7
5,2,5,4.3,0,0,0,9,6
17,3,17,27.5,0,0,0,12,5
14,5,14,16.9,0,0,0,6,6
21,1,21,11.1,0,0,6,18,17
2,6,2,12.9,0,0,2,2,2
6,4,6,6.6,0,0,5,6,1
1,3,1,6.5,0,0,0,0,0
23,5,23,7.1,0,0,16,32,14
16,0,16,28.1,0,0,0,25,6
16,5,16,26.0,0,1,0,26,5
4,3,4,14.1,0,0,0,9,6
19,0,19,10.6,0,0,4,18,5
22,4,22,7.6,0,0,11,60,3
18,4,18,25.4,0,0,0,12,6
17,5,17,29.7,0,0,0,23,6
10,1,10,12.6,0,0,5,14,1
14,3,14,13.7,0,0,13,6,6
21,3,21,9.5,0,0,18,34,11
23,0,23,16.0,0,1,18,34,11
10,5,10,14.0,0,0,0,29,6
1,5,1,10.3,0,0,16,32,14
22,3,22,16.4,0,0,15,19,13
13,2,13,18.1,0,0,0,3,5
1,5,1,6.4,1,2,5,9,4
7,6,7,8.4,0,0,0,9,6
16,2,16,13.4,0,0,0,20,5
1,2,1,2.6,0,0,5,7,4
17,5,17,25.2,0,1,13,6,5
18,4,18,14.4,0,0,4,10,1
15,2,15,24.9,0,0,0,29,6
17,0,17,21.5,0,0,21,3,0
2,3,2,16.2,0,0,5,23,1
5,2,5,13.5,0,0,0,13,5
14,2,14,27.6,0,1,25,59,23
9,1,9,10.4,0,0,0,30,6
9,0,9,16.6,0,0,0,3,6
5,1,5,10.0,0,0,0,7,6
8,2,8,17.9,0,0,5,62,4
11,5,11,22.6,0,1,11,60,3
23,0,23,15.3,0,0,6,18,8
9,2,9,7.8,0,0,0,13,6
18,1,18,14.5,0,0,4,18,5
21,1,21,16.5,0,0,0,22,0
4,4,4,10.8,0,0,0,10,5
14,6,14,15.7,0,0,31,63,12
7,1,7,13.6,0,0,0,11,6
17,3,17,24.7,0,1,0,9,6
23,5,23,6.4,0,0,0,36,7
20,6,20,9.9,0,0,18,34,11
0,3,0,10.6,0,0,5,6,1
14,2,14,27.2,0,1,25,59,22
19,3,19,8.0,0,0,5,18,1
14,3,14,12.8,0,0,5,14,1
21,4,21,19.2,0,0,13,6,6
14,1,14,14.3,0,0,0,20,5
12,6,12,20.3,0,0,0,5,5
12,5,12,26.2,0,1,4,54,5
9,6,9,8.2,0,1,7,67,24
11,3,11,24.2,0,1,0,11,5
18,1,18,15.3,0,0,13,5,6
0,2,0,17.4,0,0,0,36,0
5,1,5,13.6,0,0,0,31,6
9,6,9,7.7,0,0,0,6,6
10,6,10,9.9,0,0,28,7,0
12,4,12,19.2,0,0,4,18,1
14,0,14,30.0,0,1,0,11,6
11,1,11,14.8,0,0,0,6,7
11,0,11,11.8,0,0,0,6,7
7,5,7,11.9,0,0,5,17,1
18,5,18,21.5,0,0,0,18,5
13,3,13,23.5,0,0,5,7,1
8,5,8,2.3,0,0,5,10,1
19,6,19,23.6,0,0,6,18,8
2,5,2,8.9,0,0,2,2,2
10,2,10,12.1,0,0,0,6,0
22,6,22,9.4,0,0,13,6,6
6,5,6,1.3,0,0,0,29,5
8,2,8,1.9,0,0,6,18,17
15,6,15,15.8,0,0,0,29,6
4,2,4,1.9,0,0,0,26,5
0,0,0,14.2,0,0,15,37,7
8,3,8,10.3,0,0,5,10,1
23,5,23,23.1,0,1,19,15,7
7,2,7,13.4,0,1,13,6,6
14,5,14,20.3,0,0,5,62,1
8,6,8,3.5,0,0,29,3,25
23,5,23,7.1,0,0,16,32,14
8,5,8,5.3,0,0,0,20,5
11,1,11,15.0,0,0,0,9,6
18,6,18,22.4,0,0,0,13,5
5,6,5,4.7,0,0,21,3,5
17,2,17,25.6,0,0,0,23,6
7,5,7,11.6,0,0,0,13,6
12,6,12,13.3,0,0,0,5,6
15,1,15,11.3,1,2,0,41,5
20,6,20,7.0,0,0,21,3,5
6,0,6,10.3,0,0,4,9,1
23,6,23,15.3,0,0,0,6,6
18,0,18,31.3,0,1,0,29,6
19,4,19,30.8,0,1,0,31,6
6,1,6,9.3,0,0,13,6,4
18,2,18,18.7,0,0,0,14,5
0,4,0,15.2,0,0,0,36,0
14,6,14,24.8,0,0,5,23,1
20,3,20,19.1,0,0,0,22,0
13,6,13,25.9,0,0,14,63,12
5,4,5,8.3,0,0,5,3,4
0,6,0,20.6,0,0,0,36,7
16,5,16,26.6,0,0,4,5,4
6,1,6,9.5,0,0,0,29,6
15,3,15,25.0,0,1,0,14,5
6,4,6,5.4,0,0,5,29,4
7,1,7,-0.4,0,0,0,13,6
9,3,9,14.3,0,0,0,18,5
15,4,15,29.8,0,0,1,1,1
5,5,5,9.7,0,0,0,26,6
20,0,20,25.3,0,1,0,8,6
5,1,5,9.7,0,0,21,3,14
1,2,1,9.7,0,0,0,0,0
16,6,16,17.7,0,0,21,3,0
19,3,19,25.2,0,1,13,6,6
14,5,14,15.8,0,0,13,99,6
11,5,11,11.5,0,0,0,6,6
17,4,17,19.8,0,0,0,44,6
4,2,4,10.0,0,0,0,5,6
10,3,10,19.9,0,0,5,24,4
22,1,22,4.7,0,0,16,32,14
7,1,7,18.5,0,0,0,29,6
10,3,10,10.1,0,0,0,6,0
5,0,5,14.0,0,0,0,31,6
0,0,0,7.3,0,0,0,1,7
10,1,10,7.6,0,0,0,29,5
5,4,5,5.2,0,0,0,13,6
15,6,15,22.7,0,0,0,13,6
6,4,6,5.2,0,0,14,19,12
17,3,17,25.3,0,0,13,5,6
9,2,9,15.1,0,0,0,3,0
16,2,16,29.5,0,1,0,7,5
0,0,0,9.0,0,0,4,29,1
9,6,9,19.1,0,1,21,3,5
10,1,10,12.0,0,0,7,8,18
14,1,14,11.5,0,0,0,3,6
12,6,12,12.2,0,0,0,12,6
8,4,8,13.4,0,0,4,39,1
16,6,16,29.2,0,1,0,4,5
13,6,13,27.9,0,1,12,27,0
6,2,6,6.7,0,0,4,13,4
12,3,12,19.2,0,0,5,14,1
1,2,1,8.1,0,0,0,46,0
12,1,12,27.7,0,1,0,11,5
5,6,5,2.3,0,0,4,5,4
20,4,20,14.7,0,0,5,18,1
11,3,11,10.4,1,2,0,30,6
4,3,4,15.5,0,0,0,8,6
21,4,21,12.9,0,0,0,3,6
22,6,22,14.7,0,0,0,8,6
13,1,13,28.2,0,0,5,10,4
10,2,10,20.9,0,0,14,19,12
14,0,14,15.5,0,0,0,6,6
14,6,14,27.6,0,0,0,31,5
5,2,5,10.0,0,0,0,10,6
2,5,2,6.4,1,2,13,6,6
6,4,6,6.6,0,0,0,31,5
20,6,20,16.0,0,0,5,3,4
13,1,13,16.0,0,0,6,18,27
16,5,16,20.0,0,0,0,18,5
9,1,9,12.5,0,0,5,10,1
14,4,14,20.6,0,0,0,6,6
7,3,7,11.7,0,0,4,13,4
17,3,17,22.2,0,0,0,12,6
17,2,17,10.4,0,0,4,45,1
20,0,20,13.2,0,0,0,31,5
11,1,11,16.2,0,0,0,29,6
9,5,9,8.7,0,0,0,9,6
0,5,0,7.7,0,0,0,1,7
15,5,15,24.5,0,0,0,10,6
4,2,4,10.9,0,0,4,9,5
18,6,18,24.2,0,0,13,5,5
20,5,20,10.3,0,0,0,31,6
17,5,17,31.2,0,0,0,6,0
8,5,8,8.0,0,0,0,31,6
8,5,8,14.9,0,1,0,12,5
6,3,6,15.4,0,1,5,7,5
15,1,15,14.6,0,0,4,9,1
8,0,8,1.3,0,0,0,26,6
8,5,8,5.4,0,0,0,4,5
6,0,6,2.9,0,0,4,18,5
16,4,16,20.7,0,0,13,6,6
5,1,5,14.9,0,0,4,10,1
16,0,16,18.3,0,0,0,18,5
6,2,6,4.2,0,0,0,13,5
7,4,7,8.2,0,0,4,12,5
20,4,20,6.8,0,0,0,26,6
14,6,14,17.7,0,0,5,24,1
15,1,15,17.7,0,0,5,31,1
9,6,9,7.3,0,0,0,30,5
23,2,23,10.4,0,0,5,6,1
8,6,8,6.4,0,0,5,10,4
5,1,5,11.2,0,0,4,5,4
13,1,13,24.6,0,1,23,43,0
17,3,17,17.9,0,0,23,43,0
0,1,0,21.5,0,0,20,19,15
19,5,19,8.6,0,0,0,22,0
16,6,16,13.1,0,0,5,30,1
16,1,16,12.5,0,0,7,29,24
16,3,16,21.7,0,0,0,29,6
1,0,1,17.3,0,0,0,0,0
1,2,1,14.7,0,0,0,0,0
23,2,23,17.8,0,0,0,35,7
10,6,10,6.8,0,0,0,61,0
18,6,18,25.4,0,0,4,12,5
14,4,14,30.8,0,1,28,7,13
23,5,23,4.3,0,0,0,19,0
10,3,10,8.3,0,0,0,8,6
8,6,8,16.0,0,0,0,7,5
10,6,10,15.6,0,0,4,13,4
8,0,8,15.3,0,1,0,5,6
18,2,18,9.0,0,0,0,48,6
4,0,4,14.2,0,0,4,1,1
9,1,9,20.9,0,1,0,5,5
22,4,22,7.0,0,0,0,9,5
17,0,17,31.1,0,1,0,31,6
16,3,16,22.2,0,0,4,20,4
2,3,2,8.0,0,0,8,19,10
13,5,13,19.2,0,0,7,66,24
15,1,15,12.4,0,0,0,6,5
5,0,5,5.4,0,0,5,5,4
11,1,11,19.0,0,0,0,24,5
0,2,0,19.6,0,0,0,1,5
19,5,19,22.9,0,0,0,29,6
10,0,10,7.0,0,0,0,29,5
0,0,0,18.2,0,0,5,6,1
8,6,8,13.6,0,0,0,18,5
15,4,15,11.6,0,0,4,30,5
9,2,9,13.1,0,0,13,6,6
5,0,5,14.2,0,0,4,4,4
7,5,7,5.9,0,0,0,12,5
11,1,11,7.7,0,0,10,22,11
19,0,19,24.5,0,0,0,20,5
12,5,12,25.5,0,0,0,5,6
18,6,18,11.0,0,0,0,10,6
12,0,12,16.6,0,0,0,11,6
10,5,10,15.2,0,0,0,31,6
4,3,4,1.9,0,0,0,8,6
18,6,18,13.6,0,0,6,18,8
15,0,15,16.2,0,0,25,25,22
1,0,1,13.9,0,0,0,46,0
17,5,17,23.9,0,0,5,23,4
20,2,20,27.5,0,1,0,13,5
12,6,12,24.9,0,0,2,2,2
5,1,5,14.7,0,0,4,18,1
12,0,12,8.6,0,0,0,31,6
15,2,15,33.9,0,1,0,5,6
9,1,9,23.4,0,1,0,29,6
15,6,15,16.4,0,0,6,18,8
5,6,5,16.9,0,0,5,5,5
8,3,8,4.3,0,0,22,19,15
10,6,10,17.3,0,1,20,7,15
5,2,5,9.4,0,0,0,13,5
7,5,7,11.1,0,0,0,8,5
15,4,15,18.4,0,0,0,5,6
14,2,14,12.1,0,0,13,6,6
5,5,5,14.0,0,0,2,2,8
22,2,22,11.6,1,2,0,18,5
11,0,11,19.8,0,0,0,20,6
13,4,13,23.6,0,1,28,7,0
13,6,13,10.0,0,0,0,3,5
18,3,18,12.3,0,0,4,18,1
12,5,12,27.1,0,1,0,28,6
2,0,2,6.0,0,0,8,1,10
12,5,12,17.1,0,0,0,6,7
15,1,15,31.2,0,1,0,12,6
12,5,12,23.6,0,1,0,24,5
14,5,14,12.4,0,0,0,31,6
13,3,13,20.9,0,0,0,13,6
21,2,21,10.4,0,0,4,5,4
23,3,23,14.1,0,0,20,75,15
15,0,15,28.8,0,1,5,14,1
19,2,19,16.7,0,1,0,26,5
0,1,0,13.3,0,0,2,2,8
0,1,0,13.9,0,0,15,37,7
19,6,19,8.6,0,0,0,8,6
23,3,23,4.2,0,0,0,19,0
23,5,23,16.1,0,1,10,38,10
12,1,12,20.8,0,0,51,88,53
8,4,8,5.6,0,0,0,13,6
15,6,15,16.3,0,0,23,43,0
7,1,7,4.1,0,0,0,30,5
17,5,17,13.0,0,0,0,10,6
10,3,10,11.0,1,2,0,6,0
12,5,12,16.6,0,0,0,18,5
6,6,6,6.7,0,0,5,6,4
20,5,20,12.1,0,0,4,31,4
10,4,10,17.8,0,1,26,58,0
16,3,16,30.4,0,0,0,9,6
0,5,0,16.1,0,0,0,0,0
19,0,19,7.7,0,0,5,18,1
16,4,16,16.3,0,0,0,4,6
14,1,14,17.1,0,0,20,19,15
20,4,20,9.1,0,0,0,9,5
8,4,8,8.0,0,1,27,10,32
13,2,13,17.5,0,0,0,8,6
5,3,5,17.1,0,0,0,17,5
9,3,9,15.4,0,0,5,10,4
12,3,12,24.8,0,1,9,21,13
8,5,8,18.0,0,1,4,12,5
11,0,11,22.1,0,0,30,19,15
15,3,15,32.4,0,0,0,31,6
8,1,8,6.0,0,0,13,6,6
8,6,8,1.1,0,0,5,4,1
2,4,2,14.7,0,0,2,2,8
23,5,23,21.4,0,1,0,36,7
5,6,5,16.6,0,0,8,19,10
16,1,16,30.2,0,0,0,13,6
5,5,5,4.7,0,0,4,5,4
1,5,1,16.6,0,0,0,0,0
22,5,22,6.2,0,0,10,22,11
8,0,8,18.7,0,0,5,12,4
22,2,22,7.7,0,0,16,32,14
18,0,18,8.0,0,0,0,8,6
5,1,5,11.4,0,0,0,9,6
9,4,9,11.8,0,0,0,6,6
6,2,6,4.6,0,0,5,6,1
19,1,19,25.5,0,0,5,30,1
4,2,4,8.9,0,0,5,5,4
0,3,0,15.5,0,0,18,34,11
21,0,21,22.2,0,1,0,22,0
15,4,15,28.3,0,1,25,51,22
15,3,15,14.5,0,0,4,29,1
13,4,13,26.4,0,1,0,48,5
10,2,10,24.8,0,1,0,8,5
7,2,7,13.9,0,1,0,14,5
1,2,1,12.1,0,0,0,46,0
10,6,10,9.5,0,0,0,29,6
23,1,23,13.4,0,0,4,7,1
14,0,14,30.8,0,0,0,24,5
20,5,20,10.0,0,0,0,26,6
7,4,7,14.2,0,1,11,60,3
20,6,20,10.7,0,0,0,7,6
17,5,17,30.8,0,1,0,10,5
7,6,7,-0.4,0,0,0,25,5
10,6,10,20.5,0,1,0,17,5
1,6,1,18.2,0,0,1,1,1
5,6,5,0.1,0,0,0,31,6
7,4,7,0.4,0,0,22,19,15
16,1,16,30.7,0,0,0,6,6
2,6,2,14.4,0,0,8,19,10
12,3,12,19.3,0,0,0,31,6
15,5,15,14.2,0,0,0,29,6
3,0,3,5.8,0,0,8,1,10
4,5,4,9.2,0,0,0,31,5
16,6,16,25.3,0,0,21,71,5
7,0,7,14.3,0,1,25,51,21
8,3,8,6.9,0,0,5,10,1
13,4,13,14.0,0,0,4,29,1
12,5,12,25.5,0,1,0,18,5
15,3,15,15.6,0,0,0,23,6
7,6,7,6.0,0,0,4,31,4
11,6,11,12.8,0,0,0,29,6
5,6,5,8.0,0,0,21,3,5
6,4,6,4.3,0,0,5,6,1
19,2,19,8.2,0,0,4,18,5
7,2,7,8.9,0,0,4,39,1
6,5,6,8.5,0,0,5,18,1
1,6,1,8.2,0,0,0,6,6
18,6,18,15.1,0,0,0,20,6
10,2,10,6.0,0,0,0,29,6
14,2,14,28.4,0,1,0,29,6
16,6,16,23.7,0,0,5,30,1
5,1,5,10.9,0,0,0,10,5
22,1,22,13.1,0,0,0,29,6
15,2,15,24.2,0,0,0,3,5
12,0,12,13.7,0,0,10,22,11
18,4,18,27.1,0,0,13,6,4
17,3,17,28.4,0,1,0,9,6
11,5,11,24.7,0,1,0,8,6
9,0,9,16.1,0,1,7,78,36
13,5,13,11.2,0,0,0,3,5
13,3,13,18.1,0,0,0,11,6
5,0,5,13.5,0,0,4,9,5
12,4,12,15.0,0,0,4,5,4
18,4,18,14.0,0,0,0,20,5
3,2,3,14.2,0,0,20,19,15
16,5,16,33.0,0,1,0,7,5
20,6,20,12.2,0,0,0,8,6
11,1,11,18.5,0,0,0,12,5
1,0,1,16.4,0,0,0,6,5
11,4,11,10.1,0,0,0,13,5
12,5,12,14.1,0,0,4,29,1
8,0,8,7.0,0,0,22,19,15
5,0,5,5.3,0,0,0,31,5
8,5,8,-0.8,0,0,0,29,6
8,0,8,18.0,0,1,0,9,6
8,2,8,8.0,0,0,0,20,5
6,1,6,9.4,0,0,13,6,1
22,5,22,6.7,0,0,15,19,7
19,4,19,10.8,0,0,5,18,1
8,2,8,10.9,0,0,0,16,7
7,4,7,8.7,0,0,0,29,6
20,6,20,12.8,0,0,18,34,11
15,1,15,20.6,0,0,4,13,4
21,5,21,10.3,0,0,0,18,5
9,3,9,13.7,0,0,0,3,6
16,2,16,25.3,0,0,0,8,6
9,0,9,5.2,0,0,0,16,0
8,2,8,7.9,0,0,0,25,6
12,0,12,25.1,0,0,2,2,2
11,5,11,23.7,0,1,0,13,5
4,2,4,3.3,0,0,2,2,8
14,0,14,18.0,0,0,6,18,27
17,4,17,19.7,0,0,4,5,4
7,0,7,10.2,0,1,0,13,6
5,6,5,5.6,0,0,0,5,6
1,1,1,12.5,0,0,2,2,8
10,5,10,11.0,0,0,14,19,16
13,4,13,27.2,0,0,0,13,6
4,4,4,12.9,0,0,3,3,3
4,6,4,10.3,0,0,0,26,5
4,1,4,7.8,0,0,0,31,6
9,2,9,20.1,0,0,0,69,7
15,2,15,33.9,0,1,0,3,5
10,2,10,21.4,0,1,0,8,5
16,2,16,11.5,0,0,13,6,6
14,1,14,29.9,0,1,0,8,6
10,4,10,8.2,0,0,28,7,0
12,3,12,25.4,0,1,38,50,6
17,4,17,28.1,0,1,0,23,6
6,5,6,1.5,0,0,0,13,6
1,5,1,15.0,0,0,16,32,14
10,0,10,16.7,0,0,0,18,5
18,1,18,19.4,0,0,0,25,5
12,0,12,22.8,0,1,0,13,5
4,4,4,14.9,0,0,3,3,3
4,2,4,13.9,0,0,0,31,6
12,5,12,11.2,0,0,5,48,4
7,1,7,10.6,0,0,0,13,6
6,1,6,11.2,0,0,0,13,5
9,6,9,19.5,0,1,0,4,5
23,4,23,14.8,0,0,0,35,7
20,0,20,13.1,0,0,0,31,5
8,6,8,4.9,0,0,29,3,30
16,2,16,16.1,0,0,0,14,5
6,6,6,7.8,0,0,1,1,7
8,4,8,6.5,0,0,5,10,1
21,2,21,19.7,0,0,21,3,5
22,0,22,5.8,0,0,8,19,10
18,0,18,34.2,0,1,0,12,5
23,1,23,15.3,0,0,0,35,0
7,6,7,9.2,0,0,0,31,5
6,5,6,14.5,0,1,0,8,6
23,3,23,5.6,0,0,10,22,11
21,4,21,20.0,0,0,0,10,5
7,0,7,12.3,0,0,1,1,1
13,4,13,21.5,0,0,5,23,1
7,4,7,13.0,0,1,0,12,6
16,0,16,26.2,0,1,0,8,5
12,3,12,27.1,0,1,4,54,1
17,0,17,15.8,0,0,0,31,5
17,3,17,27.4,0,0,13,5,4
15,6,15,24.6,0,0,0,6,6
19,0,19,18.0,0,1,5,30,1
11,2,11,10.3,0,0,4,3,5
13,1,13,30.6,0,1,10,22,11
14,6,14,15.6,0,0,0,11,6
16,1,16,18.9,0,0,4,9,1
5,2,5,9.6,0,0,21,3,14
5,3,5,10.1,0,0,0,9,6
23,1,23,15.2,0,0,17,33,15
12,4,12,26.0,0,0,4,54,1
14,0,14,29.3,0,0,5,12,1
5,0,5,15.6,0,0,2,2,8
13,4,13,15.2,0,0,20,19,15
12,5,12,13.1,0,0,0,53,0
14,3,14,13.2,0,0,0,23,5
18,4,18,13.6,0,0,4,20,1
23,4,23,12.5,0,0,15,19,7
14,5,14,23.8,0,0,6,18,27
14,0,14,15.7,0,0,4,20,1
6,5,6,8.4,0,0,4,23,1
23,0,23,10.3,0,0,14,3,12
22,3,22,9.4,0,0,6,18,8
13,0,13,21.3,0,0,0,3,5
13,0,13,26.5,0,0,0,12,5
21,5,21,11.5,0,0,18,34,11
23,5,23,22.0,0,1,13,6,5
21,4,21,19.0,0,0,18,34,11
8,2,8,15.7,0,1,0,24,5
16,0,16,16.5,0,0,4,31,1
21,1,21,11.4,0,0,10,38,10
18,0,18,11.6,0,0,0,25,6
5,4,5,15.0,0,0,0,17,5
22,6,22,9.6,0,0,6,18,8
1,3,1,3.9,0,0,0,0,0
18,2,18,12.9,0,0,13,5,4
14,2,14,30.2,0,0,0,12,5
10,6,10,9.6,0,0,0,6,0
15,3,15,18.7,0,0,5,14,1
18,0,18,29.9,0,0,0,30,5
17,0,17,26.5,0,0,0,30,5
15,2,15,19.6,0,0,0,13,5
10,4,10,22.2,0,1,40,19,15
18,0,18,25.2,0,1,0,29,6
13,2,13,21.2,0,0,0,8,6
23,2,23,11.5,0,0,13,6,5
12,5,12,27.7,0,0,0,5,5
8,4,8,18.6,0,0,0,4,5
19,1,19,5.7,0,0,4,31,4
9,6,9,4.8,0,0,5,10,4
13,3,13,17.6,0,0,9,21,11
11,2,11,14.4,0,0,13,6,6
2,2,2,11.6,0,0,0,1,0
4,6,4,15.4,0,0,0,26,6
5,2,5,12.0,0,0,0,26,5
21,1,21,22.1,0,1,6,18,27
21,4,21,7.4,0,0,0,31,6
22,2,22,8.5,0,0,0,31,6
4,3,4,16.0,0,0,0,10,5
18,6,18,31.1,0,1,0,18,5
8,0,8,9.0,0,0,0,28,6
12,2,12,9.1,0,0,9,21,11
10,5,10,17.5,0,1,0,8,6
5,1,5,16.6,0,0,0,10,6
0,5,0,18.1,0,0,0,1,7
23,5,23,8.2,0,0,0,15,7
5,2,5,13.4,0,0,4,45,1
16,3,16,32.9,0,0,13,6,1
4,6,4,14.5,0,0,0,26,6
0,1,0,19.9,0,0,5,6,1
16,6,16,18.8,0,0,0,29,6
0,0,0,14.9,0,0,15,37,7
19,5,19,12.6,0,0,0,18,5
11,4,11,7.2,0,0,0,6,6
15,4,15,30.5,0,1,0,5,5
5,0,5,10.3,0,0,0,13,6
12,3,12,21.1,0,1,0,28,6
5,6,5,12.1,0,0,32,19,15
12,2,12,24.0,0,0,4,5,4
16,5,16,15.8,0,0,0,1,7
9,6,9,10.0,0,0,4,12,5
5,0,5,8.9,0,0,0,13,5
16,0,16,20.9,0,0,4,64,4
11,4,11,20.5,0,1,0,11,5
21,4,21,19.8,0,0,43,62,8
8,5,8,16.6,0,0,0,3,10
12,0,12,12.2,0,0,0,6,6
18,4,18,26.9,0,0,21,3,0
19,4,19,11.8,0,0,5,30,1
14,5,14,16.3,0,0,0,20,6
9,6,9,11.5,0,0,0,3,6
14,5,14,19.1,0,0,13,99,1
15,5,15,20.4,0,0,0,10,5
20,1,20,10.8,1,2,0,20,6
4,6,4,17.6,0,0,0,10,5
22,6,22,8.7,0,0,6,18,8
18,1,18,21.9,0,0,0,12,5
5,2,5,12.7,0,0,4,13,1
15,6,15,29.0,0,1,0,49,5
3,5,3,4.5,0,0,14,19,16
12,2,12,14.4,0,0,0,12,6
14,5,14,28.9,0,1,0,12,5
15,3,15,9.9,0,0,0,6,6
6,3,6,8.4,0,0,13,6,6
8,2,8,8.3,0,0,0,3,7
19,6,19,8.5,0,0,0,12,5
11,3,11,8.8,0,0,4,54,1
0,2,0,19.9,0,0,15,37,7
18,1,18,14.4,0,0,13,6,4
11,5,11,12.7,0,0,13,6,6
6,1,6,14.8,0,1,0,31,6
12,2,12,20.2,0,0,2,2,2
13,1,13,27.1,0,1,0,12,6
7,5,7,14.5,0,1,1,1,14
6,5,6,5.9,0,0,4,6,4
21,3,21,14.8,0,0,18,34,11
21,0,21,17.6,0,0,26,58,7
13,6,13,30.4,0,1,9,21,13
23,5,23,14.6,0,0,19,15,7
1,4,1,14.4,0,0,0,36,10
0,3,0,10.7,0,0,0,19,0
9,1,9,17.3,0,0,22,19,15
20,1,20,22.9,0,0,4,13,4
11,1,11,15.4,0,0,0,6,7
5,2,5,9.8,0,0,21,3,5
11,2,11,10.3,0,0,22,19,15
7,5,7,9.4,0,0,0,10,6
22,4,22,7.2,0,0,15,19,7
15,5,15,12.9,0,0,6,18,27
6,2,6,2.8,0,0,13,6,4
23,6,23,7.2,0,0,0,36,0
1,6,1,10.4,0,0,13,6,6
12,1,12,12.1,0,0,9,21,11
13,4,13,15.6,0,0,5,7,1
13,5,13,28.7,0,0,10,22,11
13,2,13,15.7,0,0,0,48,6
19,3,19,11.1,0,0,4,9,1
12,4,12,17.8,0,0,0,24,5
8,1,8,17.2,0,1,0,4,5
8,6,8,9.6,0,0,4,9,1
23,4,23,17.6,0,0,0,19,0
20,6,20,20.0,0,0,5,6,1
20,1,20,14.6,0,0,0,22,0
9,2,9,14.5,0,1,0,17,5
0,5,0,6.6,0,0,2,2,8
18,0,18,29.3,0,1,13,6,6
14,6,14,11.1,0,0,13,99,5
8,6,8,15.9,0,1,0,17,5
10,2,10,9.7,0,0,0,8,6
18,6,18,30.6,0,1,0,12,5
14,1,14,11.4,0,0,5,6,1
5,1,5,8.6,0,0,0,26,6
19,1,19,24.4,0,0,13,6,5
4,4,4,12.6,0,0,0,26,6
13,1,13,28.3,0,0,0,31,5
4,4,4,15.2,0,0,0,31,6
16,6,16,23.8,0,0,0,29,6
6,6,6,10.9,0,0,4,5,5
12,0,12,15.6,0,0,0,18,5
23,5,23,10.0,0,0,0,35,7
11,5,11,8.6,0,0,4,13,1
13,1,13,10.1,0,0,0,12,6
5,0,5,13.6,0,0,20,19,15
0,6,0,20.0,0,0,0,36,7
1,2,1,12.3,0,0,0,46,0
5,3,5,14.9,0,0,4,4,4
1,0,1,7.6,0,0,13,6,6
5,1,5,5.4,0,0,0,13,6
8,1,8,15.4,0,0,0,29,5
5,6,5,10.3,0,0,4,23,5
14,2,14,15.7,0,0,0,31,6
12,6,12,27.1,0,1,28,7,0
19,6,19,28.3,0,1,0,31,6
11,6,11,10.5,0,0,0,13,6
4,6,4,7.9,1,2,13,6,5
10,5,10,21.9,0,1,0,12,6
14,3,14,13.6,0,0,0,12,5
23,3,23,15.7,0,0,10,22,11
11,6,11,12.1,0,0,13,6,6
12,6,12,25.8,0,1,0,6,6
11,2,11,25.5,0,1,0,11,5
4,4,4,9.0,1,2,0,8,5
23,4,23,6.3,0,0,0,36,0
15,6,15,24.6,0,2,0,13,5
13,6,13,10.5,0,0,0,10,6
5,2,5,7.9,0,0,0,10,5
18,3,18,31.8,0,1,13,6,6
7,4,7,12.5,0,1,5,18,5
13,3,13,25.3,0,1,0,7,5
11,5,11,23.7,0,0,5,8,4
9,3,9,5.8,0,0,5,12,4
13,0,13,14.5,0,0,4,13,1
7,2,7,12.7,0,0,5,13,1
4,1,4,10.2,0,0,0,26,5
0,2,0,12.2,0,0,0,15,7
0,6,0,19.1,0,0,0,1,0
11,0,11,19.6,0,0,0,31,6
15,1,15,12.5,0,0,5,13,4
12,3,12,10.9,0,0,5,10,1
11,2,11,14.5,0,0,0,8,6
10,1,10,12.2,0,0,0,24,5
9,4,9,6.8,0,0,5,10,1
14,4,14,15.4,0,0,31,63,12
15,4,15,22.3,0,0,0,9,6
14,5,14,18.7,0,0,0,3,6
1,0,1,6.9,0,0,0,46,0
12,3,12,24.0,0,1,0,11,5
15,3,15,27.4,0,0,0,31,5
11,4,11,18.9,0,0,0,31,5
15,2,15,28.2,0,0,4,13,4
22,1,22,16.8,0,1,16,32,14
21,2,21,12.7,0,0,0,31,6
8,4,8,13.7,0,1,0,5,5
7,4,7,1.5,0,0,0,7,6
5,6,5,6.7,0,0,14,19,16
5,0,5,10.9,0,0,0,13,6
5,1,5,11.6,0,0,0,3,1
9,3,9,8.4,0,0,21,3,5
20,4,20,15.0,0,0,0,13,5
14,3,14,9.5,0,0,4,6,4
4,5,4,13.1,0,0,0,26,6
23,0,23,7.2,0,0,0,19,0
14,2,14,15.9,0,0,25,51,21
8,5,8,20.8,0,1,0,5,5
1,3,1,14.2,0,0,13,6,6
13,6,13,28.6,0,1,0,23,5
16,6,16,29.6,0,0,0,25,5
5,5,5,11.9,0,0,4,1,1
9,0,9,8.2,0,0,0,3,6
6,6,6,11.1,0,0,0,13,5
6,5,6,1.6,0,0,0,10,6
16,3,16,9.2,1,2,5,9,1
0,2,0,20.2,0,0,0,36,10
9,0,9,17.6,0,0,0,9,5
5,1,5,12.2,0,0,4,31,4
17,3,17,25.4,0,0,0,10,6
10,6,10,17.4,0,0,0,24,5
19,2,19,35.2,0,1,13,6,6
10,2,10,20.8,0,1,0,11,5
5,1,5,9.6,0,0,4,31,4
22,4,22,12.3,0,1,14,19,12
14,2,14,22.8,0,0,0,9,6
20,2,20,8.7,0,0,21,3,5
4,6,4,2.9,0,0,0,5,6
11,6,11,13.3,0,0,0,6,5
14,5,14,15.7,0,0,0,29,6
11,2,11,13.4,0,0,0,31,5
4,6,4,13.5,0,0,0,13,6
15,3,15,15.9,0,0,23,43,0
19,3,19,25.3,0,0,5,10,4
14,0,14,28.5,0,1,0,11,6
12,2,12,15.6,0,1,0,9,5
4,4,4,8.3,1,2,5,3,1
8,0,8,12.9,0,1,0,18,5
22,1,22,17.1,0,0,15,19,13
21,2,21,14.3,0,0,0,22,0
15,3,15,32.1,0,1,27,82,32
12,3,12,21.3,0,0,10,22,11
21,1,21,9.6,1,2,21,3,5
5,2,5,7.7,0,0,21,3,5
8,6,8,11.7,0,0,0,41,5
16,5,16,15.5,0,0,0,22,0
5,3,5,8.6,0,0,0,13,6
14,1,14,26.4,0,1,0,3,5
18,4,18,24.8,0,0,0,12,5
9,6,9,19.4,0,1,0,16,7
1,6,1,16.6,0,0,0,1,10
22,5,22,19.4,0,0,5,3,4
8,4,8,15.7,0,0,0,3,5
11,6,11,8.0,0,0,0,12,6
4,3,4,3.0,0,0,21,3,5
12,6,12,16.6,0,0,0,18,5
7,5,7,14.4,0,1,0,7,5
6,6,6,14.9,0,1,0,8,5
9,6,9,15.0,0,0,6,18,8
13,0,13,29.0,0,1,0,12,5
5,3,5,8.6,0,0,0,13,6
6,1,6,10.9,0,1,4,6,5
7,0,7,9.6,0,0,0,12,6
3,0,3,11.7,0,0,1,39,1
12,5,12,10.9,0,0,2,2,2
7,3,7,13.7,0,0,0,11,6
8,3,8,5.8,0,0,0,20,5
18,1,18,12.3,0,0,13,6,6
14,3,14,27.7,0,1,13,6,5
19,4,19,22.0,0,0,4,20,5
22,4,22,17.0,0,1,15,19,13
18,5,18,30.3,0,1,0,7,5
12,2,12,15.9,0,0,5,41,1
10,4,10,15.6,0,0,0,9,6
8,3,8,13.7,0,0,0,3,6
17,1,17,31.4,0,1,0,31,5
1,3,1,9.0,0,0,0,0,0
22,3,22,23.2,0,0,16,32,14
11,5,11,21.1,0,0,0,19,7
14,1,14,13.4,0,0,12,27,0
11,2,11,11.5,0,0,0,31,5
5,6,5,6.8,0,0,21,3,5
7,2,7,9.8,0,0,0,9,6
0,0,0,14.8,0,0,15,37,7
8,4,8,11.8,0,0,0,9,6
6,0,6,8.3,0,0,4,9,4
1,0,1,12.6,0,0,0,46,0
4,0,4,12.9,0,0,0,10,6
4,3,4,19.0,0,0,0,31,5
6,0,6,1.9,0,0,4,9,4
16,5,16,31.6,0,1,31,63,12
16,1,16,13.6,0,0,0,7,6
10,6,10,9.4,0,0,11,60,3
5,3,5,9.2,0,0,5,4,1
14,0,14,25.1,0,1,7,123,40
12,0,12,26.2,0,1,0,12,6
18,6,18,8.7,0,0,4,20,5
4,3,4,4.2,0,0,21,3,5
17,1,17,26.3,0,0,0,10,6
11,2,11,12.2,0,0,0,6,6
5,0,5,9.3,0,0,13,6,6
16,1,16,18.7,0,0,0,22,7
8,4,8,8.5,0,0,0,4,5
5,6,5,16.7,0,0,0,5,5
17,4,17,22.7,0,1,4,20,1
11,2,11,21.7,0,0,18,34,51
4,2,4,16.7,0,0,0,9,5
8,5,8,15.5,0,1,0,12,5
12,0,12,8.3,0,0,5,9,1
11,4,11,17.0,0,0,0,17,5
10,6,10,10.5,0,0,5,10,1
5,1,5,10.6,0,0,0,13,6
15,3,15,13.8,0,0,5,12,1
8,4,8,7.7,0,0,0,20,6
18,2,18,16.0,0,0,4,18,1
12,3,12,13.7,0,0,0,5,6
7,1,7,13.4,0,1,0,7,5
16,4,16,11.7,0,0,21,3,0
4,0,4,14.0,0,0,0,8,5
10,5,10,11.8,0,0,6,18,8
4,2,4,7.9,0,0,21,3,5
11,0,11,24.5,0,0,20,19,15
7,6,7,9.2,0,0,5,6,4
14,0,14,29.3,0,0,4,17,5
16,4,16,11.1,0,0,0,28,5
1,2,1,12.1,0,0,0,8,6
7,0,7,3.9,0,0,4,6,4
11,0,11,8.7,0,0,0,12,6
2,5,2,10.5,0,0,13,6,6
5,4,5,8.3,0,0,4,6,5
7,2,7,9.1,0,0,4,12,1
4,1,4,11.8,0,0,0,23,6
11,1,11,8.0,0,0,0,16,0
22,6,22,19.2,0,1,0,8,5
12,0,12,12.6,0,0,0,13,6
12,2,12,17.4,0,0,2,2,2
6,6,6,7.1,0,0,4,23,1
15,4,15,16.3,0,0,13,6,6
11,3,11,10.6,1,2,0,31,6
15,2,15,16.5,0,0,5,10,4
16,6,16,21.2,0,0,4,31,4
11,2,11,17.2,0,0,22,19,15
16,0,16,16.8,0,0,0,1,7
14,5,14,8.3,0,0,0,6,6
7,6,7,6.6,0,0,0,25,5
8,5,8,15.9,0,1,0,18,5
23,6,23,22.5,0,0,6,18,27
6,3,6,10.6,1,2,18,34,11
16,5,16,31.8,0,1,0,7,5
23,4,23,6.7,0,0,0,8,6
4,1,4,6.6,0,0,0,13,5
19,5,19,33.8,0,1,0,29,6
8,6,8,3.8,0,0,0,25,5
12,2,12,14.1,0,0,0,8,6
22,2,22,0.0,0,1,15,19,13
16,6,16,17.7,0,1,0,28,5
8,1,8,5.7,0,0,0,13,6
20,1,20,26.6,0,1,0,7,5
16,3,16,29.9,0,1,0,6,5
5,5,5,14.6,0,0,4,5,4
16,6,16,34.7,0,0,0,5,6
22,2,22,13.3,0,0,4,7,5
8,4,8,1.3,0,0,0,13,6
12,2,12,26.7,0,0,14,19,15
21,1,21,24.0,0,0,13,6,4
19,6,19,8.5,0,0,0,20,6
10,2,10,21.1,0,0,0,16,7
10,3,10,25.2,0,1,0,12,5
5,0,5,5.7,0,0,4,6,5
16,2,16,16.6,0,0,0,6,6
13,5,13,12.9,0,0,0,3,5
20,0,20,26.8,0,1,0,8,6
5,5,5,12.6,0,0,4,23,4
20,2,20,12.6,0,0,0,26,5
13,3,13,12.9,0,0,0,14,5
19,3,19,8.7,1,2,25,31,22
17,4,17,31.1,0,0,5,29,1
13,4,13,16.7,0,0,20,19,15
18,6,18,29.9,0,0,5,29,1
11,1,11,15.1,0,0,0,24,5
18,3,18,10.6,0,0,13,6,6
13,6,13,28.9,0,1,0,9,5
5,2,5,12.0,0,0,0,9,6
13,6,13,14.2,0,0,5,7,1
12,1,12,23.8,0,0,5,5,1
13,2,13,21.6,0,0,5,7,1
11,3,11,27.2,0,0,0,24,5
14,0,14,30.2,0,0,5,14,1
3,4,3,10.5,0,0,8,19,10
16,1,16,18.7,0,0,23,43,0
10,6,10,16.8,0,0,5,14,1
13,6,13,18.8,0,0,12,27,0
19,1,19,13.6,0,0,4,20,5
16,1,16,19.1,0,0,4,9,1
12,5,12,13.4,0,0,2,2,2
16,4,16,18.0,0,0,0,22,7
9,3,9,4.7,0,0,0,28,5
2,4,2,5.1,0,0,2,2,2
6,4,6,0.3,0,0,1,1,7
8,1,8,17.9,0,0,4,13,1
6,4,6,10.8,0,0,4,18,1
13,1,13,21.1,0,0,0,48,6
23,6,23,11.6,0,0,0,36,0
10,5,10,20.8,0,1,0,11,5
20,1,20,9.9,1,2,0,16,7
20,0,20,20.0,0,0,0,31,5
13,1,13,16.7,0,0,0,14,5
16,4,16,29.8,0,0,0,31,6
8,3,8,5.2,0,0,0,28,5
10,4,10,23.7,0,1,0,23,5
11,2,11,14.3,0,0,0,20,6
21,1,21,3.9,0,0,15,19,7
15,0,15,27.8,0,0,0,20,5
8,4,8,8.0,0,0,0,29,6
5,2,5,0.9,0,0,0,31,6
12,5,12,10.4,0,0,0,20,6
11,4,11,16.6,0,0,0,24,5
21,1,21,15.9,0,1,18,34,11
13,4,13,30.5,0,1,23,43,0
14,0,14,27.9,0,1,0,12,6
11,5,11,8.7,0,0,0,41,5
21,2,21,17.4,0,0,0,31,6
17,3,17,27.3,0,0,0,3,5
5,0,5,12.0,0,0,5,5,5
10,4,10,14.4,0,0,0,15,7
6,4,6,1.7,0,0,4,6,5
14,6,14,14.9,0,0,4,44,4
21,2,21,15.0,0,0,0,22,0
15,4,15,9.2,1,2,0,30,5
11,1,11,11.4,0,0,0,16,0
17,6,17,12.6,0,0,0,18,5
19,3,19,10.4,0,0,0,6,5
12,6,12,21.0,0,0,0,19,0
4,5,4,6.3,0,0,2,2,8
4,0,4,11.8,0,0,0,31,6
16,6,16,28.5,0,1,0,28,5
23,1,23,8.3,0,0,0,36,7
1,2,1,2.9,0,0,0,0,0
8,3,8,9.7,0,0,0,12,6
14,2,14,23.3,0,0,12,27,0
5,5,5,9.6,0,0,4,4,5
16,2,16,13.6,0,0,0,28,5
14,1,14,26.5,0,1,13,6,5
16,0,16,16.4,0,0,14,19,12
19,1,19,26.1,0,1,5,18,5
15,6,15,27.9,0,0,13,4,6
17,6,17,25.6,0,0,5,12,1
8,5,8,1.6,0,0,5,10,1
12,6,12,21.7,0,0,27,14,24
15,3,15,18.2,1,2,8,4,10
20,5,20,12.3,0,0,0,9,6
21,0,21,27.2,0,1,0,22,0
12,0,12,23.0,0,0,4,39,1
15,5,15,30.1,0,0,0,20,6
7,4,7,6.9,0,0,0,12,5
16,4,16,17.6,0,0,31,63,12
16,3,16,24.3,0,0,0,5,6
11,4,11,16.8,0,0,0,19,7
22,3,22,20.2,0,1,6,18,8
16,2,16,29.0,0,0,0,7,5
15,6,15,24.3,0,0,0,44,6
10,3,10,11.0,1,2,0,26,6
10,5,10,22.0,0,1,0,29,6
15,6,15,30.8,0,0,14,19,16
11,0,11,17.2,0,0,0,24,5
5,6,5,8.2,1,2,0,1,7
15,0,15,22.0,0,0,0,12,5
11,1,11,23.9,0,0,5,14,1
8,6,8,7.5,0,0,20,7,15
8,1,8,15.5,0,1,0,8,6
14,0,14,25.7,0,0,0,11,6
11,6,11,10.2,0,0,0,19,0
6,2,6,13.8,0,0,0,29,6
4,5,4,9.2,0,0,0,26,6
15,3,15,13.5,0,0,0,23,5
1,2,1,14.1,0,0,0,0,0
19,0,19,17.1,0,0,5,18,1
12,4,12,29.3,0,1,9,21,13
1,2,1,19.0,0,0,0,1,7
5,3,5,4.9,0,0,4,31,4
10,4,10,23.5,0,1,26,58,0
16,6,16,27.7,0,0,0,9,5
7,3,7,10.2,0,0,0,25,6
14,0,14,29.7,0,0,20,19,15
19,5,19,25.4,0,0,4,18,5
14,2,14,12.4,0,0,13,4,5
4,0,4,8.5,0,0,0,9,6
21,4,21,20.8,0,1,18,34,11
14,6,14,30.1,0,1,6,18,8
11,2,11,13.8,0,0,28,7,0
8,3,8,16.6,0,0,4,9,1
19,1,19,23.7,0,0,13,6,4
8,5,8,14.6,0,0,0,41,5
11,5,11,14.9,0,0,0,19,0
4,3,4,15.5,0,0,0,10,5
7,0,7,14.4,0,1,0,25,5
1,5,1,6.5,1,2,5,29,1
13,1,13,28.7,0,1,0,6,7
22,4,22,18.2,0,1,6,18,8
7,1,7,10.6,0,1,0,7,5
17,0,17,24.5,0,0,4,23,4
22,0,22,16.5,0,0,13,6,4
22,3,22,9.2,0,0,16,32,14
9,5,9,8.7,0,0,0,5,6
21,4,21,9.1,0,0,18,34,11
12,0,12,20.2,0,0,0,29,6
2,6,2,4.9,0,0,8,39,10
15,0,15,11.8,0,0,5,14,1
13,5,13,29.0,0,0,0,41,5
8,5,8,18.1,0,1,0,20,5
23,2,23,7.4,0,0,0,19,0
17,2,17,25.0,0,0,0,9,6
9,6,9,14.4,0,0,0,8,6
14,4,14,15.1,0,0,0,14,5
10,6,10,9.5,0,0,0,20,5
8,5,8,17.4,0,0,0,29,6
13,0,13,30.3,0,1,0,13,6
13,2,13,18.5,0,0,12,27,0
14,5,14,20.6,0,0,0,31,6
6,6,6,4.2,0,0,0,13,6
3,4,3,15.0,0,0,24,7,15
16,2,16,34.4,0,0,0,12,5
11,4,11,13.5,0,0,0,31,6
15,1,15,26.7,0,0,43,62,8
12,6,12,20.4,0,0,0,5,6
5,1,5,14.8,0,0,0,10,6
11,2,11,22.5,0,0,18,34,51
13,1,13,10.9,0,0,0,3,5
23,0,23,15.2,0,0,17,33,15
6,6,6,8.5,0,0,4,18,5
12,3,12,16.0,0,0,0,29,6
9,4,9,16.3,0,0,0,25,5
10,0,10,19.5,0,1,0,8,6
6,2,6,6.4,0,0,4,23,5
4,6,4,6.8,0,0,0,13,5
9,4,9,2.4,0,0,0,11,6
11,0,11,22.3,0,0,18,34,51
1,3,1,14.0,0,0,20,6,15
7,0,7,10.9,0,0,14,19,12
5,5,5,5.9,0,0,5,13,1
16,1,16,30.8,0,1,5,5,5
10,5,10,19.7,0,1,4,5,4
8,6,8,20.6,0,1,29,3,25
18,6,18,22.6,0,0,5,10,4
16,0,16,8.2,0,0,5,9,1
7,4,7,7.2,0,0,0,7,5
5,3,5,7.0,0,0,4,5,4
2,6,2,7.9,0,0,2,2,2
20,2,20,14.5,0,0,0,7,5
11,1,11,7.7,0,0,0,20,6
11,1,11,21.0,0,0,0,13,6
5,3,5,3.5,0,0,4,4,1
1,5,1,18.0,0,0,8,1,10
10,2,10,17.4,0,0,0,12,6
20,6,20,13.5,0,0,5,10,4
20,2,20,15.7,0,0,0,7,6
14,1,14,13.9,0,0,5,12,4
8,4,8,0.9,0,0,0,31,6
18,4,18,19.5,0,1,0,30,5
11,0,11,25.2,0,1,0,12,5
17,5,17,27.5,0,0,0,13,5
5,3,5,8.5,0,0,13,6,4
11,0,11,16.4,0,0,22,19,15
14,3,14,14.9,0,0,4,29,5
22,2,22,13.8,0,0,0,8,6
8,1,8,11.5,0,0,0,13,6
7,0,7,3.9,0,0,0,7,6
11,5,11,12.8,0,0,0,4,6
0,3,0,14.5,0,0,0,8,5
5,6,5,10.6,0,0,21,3,5
7,3,7,2.3,0,0,0,12,6
13,0,13,20.1,0,0,28,7,0
13,1,13,29.0,0,1,0,23,5
13,1,13,19.7,0,0,0,4,5
12,4,12,23.6,0,1,0,12,6
16,5,16,21.0,0,0,4,29,1
12,6,12,27.7,0,1,9,21,13
16,5,16,15.5,0,0,0,6,7
1,2,1,8.2,0,0,0,46,0
5,1,5,4.0,0,0,0,26,5
14,6,14,19.4,0,0,0,12,6
16,0,16,13.7,0,0,0,12,6
23,1,23,14.8,0,0,0,8,5
16,1,16,19.4,0,0,0,26,5
15,3,15,11.3,0,0,5,62,1
15,0,15,11.7,0,0,0,3,5
10,0,10,10.3,0,0,28,7,0
23,6,23,4.2,0,0,5,6,1
7,4,7,7.8,1,2,9,21,11
8,3,8,4.4,0,0,6,18,8
9,1,9,15.1,0,1,21,3,5
9,3,9,10.9,0,0,0,28,6
4,6,4,9.1,0,0,0,9,6
11,0,11,17.4,0,0,0,24,6
8,1,8,14.5,0,0,0,7,6
18,5,18,7.3,0,0,13,6,5
5,2,5,13.3,0,0,4,31,4
0,2,0,6.0,0,0,1,1,1
8,3,8,17.6,0,0,0,4,5
9,6,9,9.8,0,0,0,13,5
10,6,10,14.6,0,0,0,12,5
1,6,1,21.1,0,0,16,32,14
22,3,22,9.6,1,2,5,13,1
17,5,17,25.3,0,1,5,5,5
13,4,13,16.6,0,0,4,12,5
15,5,15,20.2,0,0,5,12,1
9,4,9,21.9,0,0,6,18,8
8,6,8,14.3,0,1,29,3,30
18,6,18,24.3,0,0,4,30,4
18,5,18,16.1,0,0,0,20,5
8,4,8,8.1,0,0,0,9,6
15,2,15,11.9,0,0,0,44,6
9,0,9,8.3,0,0,53,8,31
12,2,12,13.4,0,0,0,20,6
12,1,12,14.3,0,0,5,48,1
9,4,9,8.0,0,0,8,1,10
19,6,19,13.7,0,0,5,18,1
16,4,16,26.4,0,0,0,7,5
23,4,23,7.1,1,2,0,5,6
5,6,5,15.8,0,0,0,5,5
11,5,11,21.4,0,0,0,9,6
10,1,10,13.1,0,0,0,13,6
11,0,11,25.4,0,1,0,12,5
11,0,11,25.8,0,0,0,20,6
1,6,1,8.6,0,0,13,6,6
16,4,16,24.2,0,0,0,29,6
0,5,0,8.8,1,2,0,10,6
7,0,7,10.7,0,0,0,29,6
9,0,9,21.0,0,0,0,16,0
5,3,5,15.4,0,0,8,1,10
18,1,18,22.1,0,0,13,5,5
8,4,8,17.4,0,0,0,3,6
17,6,17,23.8,0,0,0,23,6
13,1,13,25.9,0,1,13,6,5
9,6,9,8.4,0,0,0,16,0
5,4,5,12.1,0,0,5,5,5
7,1,7,7.0,0,0,0,9,6
8,2,8,15.9,0,1,0,11,6
1,3,1,7.0,0,0,2,2,8
18,6,18,22.9,0,0,21,3,0
14,1,14,13.3,0,0,4,9,1
10,2,10,7.8,0,0,7,67,24
14,0,14,28.9,0,0,0,12,5
16,2,16,19.9,0,1,0,30,5
18,6,18,14.3,0,0,0,12,6
16,6,16,10.2,0,0,21,3,0
11,6,11,13.4,0,0,10,22,11
18,0,18,22.1,0,0,0,7,6
15,0,15,15.8,0,0,1,1,1
16,6,16,31.9,0,1,4,64,4
8,1,8,21.7,0,0,0,25,6
4,0,4,3.5,0,0,21,3,5
12,4,12,21.9,0,0,0,6,6
12,0,12,24.0,0,0,0,20,6
5,1,5,11.4,0,0,0,40,5
15,2,15,18.9,0,0,21,71,5
15,5,15,21.3,0,0,0,3,5
20,0,20,20.3,0,1,0,7,5
19,2,19,16.9,0,0,0,48,6
7,1,7,7.1,0,0,0,9,6
14,1,14,29.7,0,1,6,18,8
15,0,15,31.4,0,1,0,5,6
8,3,8,17.4,0,0,0,12,5
9,0,9,9.2,0,0,0,28,5
14,3,14,12.8,0,0,5,48,4
16,4,16,26.1,0,0,0,1,7
9,0,9,17.1,0,1,4,10,5
6,3,6,3.5,0,0,1,1,1
6,5,6,13.7,0,0,5,17,1
12,3,12,21.8,0,0,5,48,1
6,5,6,12.3,0,1,13,6,6
11,3,11,20.4,0,0,4,10,1
23,3,23,15.8,0,0,15,19,13
18,3,18,9.3,0,0,0,6,5
7,0,7,6.0,0,0,0,29,6
7,4,7,13.8,0,0,0,12,5
11,5,11,16.6,0,0,2,2,2
21,4,21,8.4,0,0,15,19,7
13,1,13,21.1,0,0,0,20,6
6,1,6,0.6,0,0,0,9,6
20,6,20,10.5,0,0,4,31,4
18,2,18,10.8,0,0,4,18,1
1,0,1,12.9,0,0,0,1,10
21,3,21,9.7,1,2,5,30,1
2,4,2,8.5,0,0,0,32,5
23,0,23,13.3,0,0,7,90,56
4,4,4,13.1,0,0,0,9,6
5,5,5,12.7,0,0,4,5,4
19,2,19,31.6,0,1,5,18,5
8,6,8,0.6,0,0,4,39,1
2,2,2,12.4,0,0,0,0,0
1,1,1,11.0,0,0,1,1,1
12,6,12,15.1,0,0,0,41,5
15,4,15,25.0,0,0,5,3,1
10,0,10,9.5,0,0,0,6,0
19,0,19,26.9,0,0,0,20,6
13,3,13,23.2,0,2,7,53,36
22,1,22,4.5,0,0,6,18,27
10,2,10,12.0,0,0,5,14,1
13,3,13,27.6,0,1,10,22,11
8,4,8,3.5,0,0,5,10,1
7,5,7,5.1,0,0,25,51,22
8,0,8,7.5,0,0,0,18,5
6,0,6,6.9,0,0,25,51,22
12,2,12,9.9,0,0,0,31,6
21,6,21,11.4,0,0,0,31,5
10,6,10,23.4,0,1,0,17,5
10,0,10,24.8,0,1,0,17,5
13,2,13,15.7,0,0,12,27,0
19,5,19,25.1,0,1,4,10,4
10,5,10,20.4,0,1,0,28,5
21,2,21,22.9,0,0,0,26,6
16,3,16,13.1,0,0,0,5,6
1,6,1,14.6,0,0,14,63,12
9,5,9,13.4,0,0,0,3,5
23,2,23,12.1,0,0,0,36,0
14,5,14,17.7,0,0,0,11,6
18,3,18,15.0,0,0,0,10,6
14,3,14,29.2,0,0,4,13,4
18,5,18,26.0,0,1,0,8,6
8,3,8,17.5,0,1,22,19,15
16,3,16,14.9,0,1,0,31,6
17,1,17,19.7,0,0,0,13,5
13,0,13,18.1,0,0,0,20,6
11,2,11,14.3,0,0,0,20,6
12,3,12,20.1,0,0,0,5,6
7,4,7,15.7,0,1,34,72,3
12,3,12,23.2,0,0,0,8,6
14,3,14,18.2,0,0,5,31,4
2,3,2,13.6,0,0,0,6,5
6,2,6,12.3,0,1,21,3,14
15,2,15,18.2,0,0,13,6,6
11,3,11,11.3,0,0,4,54,5
4,0,4,9.0,0,0,0,23,5
13,5,13,16.8,0,0,9,21,11
8,1,8,16.6,0,1,5,10,1
17,2,17,29.9,0,1,0,10,6
13,3,13,15.9,0,0,28,7,0
12,3,12,10.9,0,0,0,5,6
20,0,20,20.0,0,0,0,31,5
16,5,16,25.8,0,0,13,6,6
8,1,8,10.0,0,0,0,16,0
14,3,14,15.1,0,0,0,3,6
18,4,18,14.1,0,0,13,5,1
11,0,11,21.1,0,0,0,25,6
19,4,19,27.5,0,1,5,18,5
10,3,10,10.2,0,0,22,19,15
9,4,9,21.8,0,1,0,16,0
14,1,14,16.0,0,0,0,48,6
10,3,10,8.5,0,0,0,25,6
17,5,17,31.0,0,0,5,10,4
17,1,17,28.1,0,1,0,6,0
10,2,10,9.2,0,0,0,41,5
14,3,14,13.0,0,0,0,14,5
9,3,9,6.9,0,0,0,9,6
21,1,21,23.0,0,1,0,22,0
7,4,7,8.3,0,0,5,10,4
12,6,12,22.2,0,0,0,6,6
19,5,19,14.5,0,0,0,13,6
9,5,9,4.4,0,0,0,10,5
2,1,2,14.9,0,0,20,19,15
10,5,10,12.5,0,1,0,29,6
8,5,8,8.0,0,0,0,69,0
13,6,13,22.4,0,0,0,48,6
12,2,12,30.9,0,1,0,7,5
4,0,4,8.7,0,0,0,26,5
11,5,11,10.5,0,0,5,9,1
12,5,12,14.3,0,0,0,24,5
5,1,5,13.3,0,0,4,18,1
22,1,22,18.7,0,1,6,18,8
18,3,18,12.7,0,0,4,18,1
21,2,21,11.2,1,2,5,20,1
21,0,21,9.0,0,0,18,34,11
0,0,0,18.6,0,0,16,32,14
13,3,13,17.1,0,0,4,13,4
1,1,1,13.9,0,0,20,19,15
5,4,5,8.8,0,0,0,9,6
14,2,14,32.5,0,1,13,6,6
7,5,7,13.9,0,0,0,29,6
5,5,5,13.8,0,0,0,31,5
22,0,22,8.9,0,0,6,18,8
18,1,18,19.3,0,0,0,10,6
7,3,7,4.1,0,0,0,12,5
14,3,14,17.4,0,0,0,9,6
7,1,7,9.6,0,0,0,3,5
9,3,9,10.9,1,2,0,10,6
6,3,6,0.8,0,0,21,3,5
15,2,15,28.8,0,1,13,4,5
4,2,4,9.3,0,0,0,8,6
12,6,12,12.9,0,0,9,21,11
16,5,16,29.1,0,0,0,7,5
23,5,23,12.9,0,0,13,6,1
23,5,23,19.6,0,1,17,33,15
17,0,17,14.6,0,0,0,6,6
16,2,16,17.3,0,1,0,28,6
4,2,4,10.2,0,0,0,9,5
17,6,17,13.1,0,0,5,5,4
22,2,22,7.0,0,0,0,8,6
5,0,5,12.7,0,0,5,26,4
14,6,14,23.0,0,0,12,27,0
6,0,6,13.3,0,1,25,51,22
20,6,20,20.7,0,0,5,6,1
21,0,21,8.4,0,0,0,26,6
4,4,4,9.0,0,0,0,9,6
16,1,16,31.3,0,1,0,9,6
14,4,14,12.5,0,0,4,10,1
21,4,21,12.5,0,0,6,7,8
19,2,19,18.5,0,0,5,26,4
18,5,18,28.2,0,1,0,8,6
22,4,22,21.3,0,1,16,32,14
22,2,22,3.6,0,0,0,8,5
22,4,22,17.7,0,0,15,19,13
15,6,15,24.5,0,0,0,3,5
10,3,10,12.9,0,0,25,51,22
19,3,19,9.7,0,0,0,20,5
10,0,10,13.0,0,0,5,24,4
9,5,9,15.4,0,0,22,2,15
12,1,12,9.2,0,0,0,4,5
12,1,12,19.9,0,0,0,5,5
0,5,0,16.9,0,0,6,7,8
12,5,12,13.9,0,0,0,13,6
8,3,8,3.3,0,0,0,3,5
13,1,13,19.4,0,0,13,6,6
1,4,1,7.8,0,0,0,46,0
16,2,16,28.7,0,0,21,71,5
13,3,13,23.6,0,0,28,7,13
15,2,15,17.7,0,0,4,13,4
15,5,15,26.9,0,1,0,4,5
5,3,5,12.2,0,0,0,31,5
7,2,7,13.3,0,1,0,10,6
10,6,10,22.0,0,1,0,12,6
12,3,12,14.0,0,0,5,14,1
7,2,7,12.5,0,0,0,12,5
23,6,23,17.4,0,1,18,34,11
13,1,13,15.7,0,0,0,12,5
13,2,13,18.6,0,0,5,13,1
6,4,6,6.3,0,0,0,9,5
2,5,2,14.6,0,0,2,2,8
21,4,21,13.8,0,0,0,31,6
13,0,13,27.0,0,1,0,20,5
19,6,19,9.0,0,0,13,6,6
13,2,13,11.7,0,0,0,31,5
7,4,7,13.6,0,1,4,12,4
15,4,15,27.5,0,1,0,5,6
11,3,11,18.7,0,0,0,25,6
19,5,19,8.2,0,0,0,22,0
16,6,16,16.8,0,0,0,29,6
18,0,18,30.5,0,0,21,3,0
3,2,3,16.0,0,0,24,7,15
13,6,13,27.2,0,1,0,48,5
19,1,19,14.2,0,0,0,22,0
14,0,14,27.1,0,0,0,3,5
13,5,13,20.5,0,0,9,21,11
16,4,16,23.5,0,0,4,20,4
8,6,8,19.7,0,1,20,7,15
20,6,20,13.4,0,0,0,8,5
0,4,0,15.1,0,0,0,1,10
11,3,11,9.3,0,0,10,22,11
10,6,10,10.4,0,0,0,20,5
17,5,17,31.9,0,1,6,18,8
7,3,7,14.6,0,1,13,6,6
14,6,14,16.6,0,0,1,1,1
13,6,13,21.5,0,0,0,48,6
17,6,17,19.5,0,0,0,28,6
15,5,15,21.6,0,0,0,49,5
19,3,19,8.3,0,0,13,6,6
3,3,3,12.0,0,0,2,2,2
1,2,1,16.9,0,0,0,6,5
22,4,22,13.0,0,0,21,3,5
23,1,23,9.9,0,0,5,6,1
5,0,5,6.3,0,0,4,9,1
19,4,19,9.9,0,0,4,18,1
13,6,13,21.3,0,0,0,6,6
6,6,6,7.3,0,0,4,13,1
12,0,12,9.9,0,0,0,5,6
6,3,6,15.3,0,1,4,5,4
20,0,20,22.8,0,0,5,23,4
18,0,18,34.4,0,1,0,7,5
8,2,8,16.7,0,0,4,12,1
18,2,18,30.2,0,1,0,7,5
8,1,8,2.2,0,0,0,16,0
1,6,1,13.1,0,0,16,32,14
8,4,8,5.3,0,0,5,41,1
8,1,8,-0.1,0,0,4,12,4
4,1,4,8.5,0,0,0,13,6
15,6,15,16.6,0,0,4,9,4
9,4,9,9.9,0,0,0,16,7
15,2,15,19.0,0,0,4,13,1
13,1,13,29.0,0,1,10,22,11
14,0,14,24.5,0,1,4,13,4
13,3,13,24.1,0,0,0,11,6
21,6,21,8.8,0,0,0,8,5
9,5,9,18.1,0,0,13,6,6
13,1,13,18.9,0,0,0,14,5
12,4,12,19.3,0,0,0,10,6
13,1,13,15.2,0,0,5,7,1
13,1,13,25.5,0,0,0,18,5
20,5,20,12.3,0,0,18,34,11
6,6,6,2.3,0,0,5,6,1
12,2,12,21.0,0,0,0,14,5
15,2,15,11.5,0,0,13,4,5
20,4,20,23.5,0,1,0,10,5
11,1,11,24.3,0,0,5,12,1
15,4,15,24.2,0,0,0,10,5
9,3,9,18.7,0,1,0,12,5
7,3,7,11.1,0,0,0,9,6
10,3,10,26.0,0,1,6,18,8
18,1,18,25.6,0,0,13,6,6
21,4,21,12.7,0,0,0,31,5
8,3,8,13.2,0,0,4,13,4
16,6,16,28.8,0,1,0,7,6
18,0,18,29.1,0,1,5,23,1
8,4,8,11.6,0,0,0,16,0
18,3,18,18.2,0,0,0,20,5
9,6,9,10.1,0,0,0,12,5
13,0,13,23.4,0,0,4,5,5
9,3,9,5.5,0,0,0,16,0
9,0,9,6.4,0,0,0,29,5
14,5,14,15.3,0,0,0,12,6
13,1,13,14.4,0,0,9,21,11
7,4,7,7.9,1,2,0,22,0
10,0,10,13.6,0,0,0,17,5
9,4,9,17.8,0,1,0,11,6
7,5,7,9.8,0,0,5,10,1
10,4,10,11.9,0,0,0,13,6
14,5,14,16.9,0,0,0,3,6
7,4,7,4.7,0,0,4,12,4
9,1,9,19.6,0,1,7,67,24
17,2,17,29.8,0,1,4,45,4
17,0,17,22.1,0,0,5,12,1
15,6,15,30.7,0,1,0,49,5
21,5,21,18.8,0,0,0,8,5
16,0,16,24.0,0,0,0,18,5
0,1,0,13.6,0,0,16,32,14
12,4,12,19.9,0,0,13,6,6
17,4,17,17.4,0,0,0,31,6
5,0,5,13.6,0,0,0,13,5
10,3,10,15.6,0,1,4,10,1
19,0,19,21.6,0,0,0,29,5
10,3,10,10.2,0,0,0,20,6
6,3,6,2.6,0,0,5,6,4
20,5,20,23.7,0,0,5,6,1
10,3,10,8.1,0,0,0,25,6
23,1,23,6.0,0,0,0,36,0
13,4,13,14.8,0,0,12,27,0
14,3,14,24.8,0,0,0,20,6
14,6,14,14.7,0,0,0,48,6
12,1,12,14.2,0,0,0,13,6
10,0,10,21.2,0,1,0,8,6
12,6,12,23.7,0,0,5,29,1
0,2,0,14.3,0,0,0,1,10
4,2,4,10.8,0,0,0,9,6
20,6,20,9.4,0,0,0,7,5
6,5,6,4.3,0,0,5,6,4
4,5,4,2.5,0,0,5,5,4
5,0,5,11.7,0,0,5,13,1
14,6,14,30.2,0,1,25,11,22
4,5,4,1.9,0,0,2,2,8
14,2,14,19.9,0,0,4,6,5
19,1,19,24.6,0,0,0,20,6
14,3,14,20.9,0,0,0,13,6
18,6,18,18.2,0,0,0,20,5
17,3,17,26.6,0,1,0,29,5
12,1,12,20.8,0,0,9,21,11
22,1,22,9.6,1,2,4,9,5
21,1,21,6.5,0,0,0,3,5
8,6,8,15.9,0,1,0,12,6
5,6,5,9.4,0,0,0,5,6
9,4,9,13.5,0,0,7,8,58
15,5,15,20.5,0,0,1,1,1
3,2,3,13.1,0,0,2,2,2
12,4,12,19.6,0,1,0,7,5
19,0,19,12.5,0,0,0,29,6
15,5,15,18.0,0,0,0,29,5
3,5,3,6.3,1,2,1,1,7
16,3,16,13.8,0,0,0,22,7
19,0,19,28.2,0,0,0,20,5
9,0,9,10.3,0,0,21,3,5
4,0,4,17.3,1,2,0,5,5
18,6,18,19.3,0,0,0,10,6
15,1,15,13.4,0,0,0,5,6
2,2,2,11.3,0,0,13,6,6
2,5,2,12.7,0,0,13,6,6
19,3,19,23.0,0,1,0,10,5
6,2,6,11.7,0,1,0,9,5
6,3,6,11.5,0,0,4,31,1
6,2,6,8.2,0,0,0,9,6
7,1,7,12.7,0,0,0,12,6
10,3,10,23.0,0,1,5,29,1
4,1,4,8.7,0,0,0,13,5
0,3,0,23.4,0,0,10,38,10
8,2,8,3.9,0,0,0,11,5
18,5,18,26.2,0,0,0,26,5
16,3,16,22.1,0,0,21,3,0
16,0,16,30.3,0,0,1,1,1
8,3,8,16.0,0,1,0,18,5
11,2,11,17.6,0,0,0,9,6
15,5,15,27.2,0,0,0,3,6
17,1,17,4.8,0,0,0,22,7
8,0,8,8.9,0,0,0,11,6
12,4,12,16.3,0,0,6,18,8
20,4,20,14.9,0,0,4,20,4
18,2,18,9.0,0,0,0,12,6
7,6,7,9.4,0,1,20,7,15
8,0,8,14.2,0,1,4,39,1
13,5,13,21.9,0,0,0,13,6
5,1,5,9.0,0,0,21,3,5
10,6,10,7.5,0,0,0,29,6
13,6,13,20.1,0,0,0,14,5
8,3,8,5.4,0,0,0,4,5
11,0,11,23.4,0,0,5,10,1
16,1,16,19.2,0,0,0,18,5
8,1,8,13.8,0,1,0,8,6
15,0,15,25.2,0,0,13,4,5
10,6,10,10.6,0,0,0,61,0
16,5,16,12.5,0,0,0,31,5
5,4,5,11.6,0,0,2,2,8
16,1,16,22.2,0,0,0,1,7
12,1,12,24.1,0,0,0,5,5
18,4,18,23.6,0,0,5,23,4
9,0,9,16.4,0,0,0,29,5
10,2,10,23.1,0,1,5,24,1
13,5,13,20.2,0,0,0,13,6
15,2,15,11.0,0,0,0,23,6
10,6,10,9.1,0,0,28,7,0
7,0,7,14.4,0,1,13,6,6
16,2,16,20.9,0,0,0,18,5
22,4,22,8.8,0,0,5,6,1
7,3,7,8.5,0,0,4,18,1
22,5,22,10.4,0,0,16,32,14
19,5,19,6.9,0,0,0,26,6
22,3,22,20.2,0,1,16,32,14
20,1,20,9.1,0,0,4,13,4
22,2,22,15.7,0,0,5,13,1
1,4,1,13.9,0,0,0,0,0
19,2,19,14.8,0,0,4,13,1
8,6,8,15.9,0,1,0,7,5
13,0,13,28.5,0,0,30,19,15
20,2,20,22.0,0,1,0,10,5
23,6,23,10.8,0,0,0,3,6
11,5,11,10.4,0,0,0,19,0
10,2,10,7.5,0,0,5,13,1
8,1,8,6.6,0,0,0,30,6
20,0,20,7.8,0,0,39,19,12
18,3,18,15.4,0,0,4,10,4
16,6,16,32.4,0,1,14,19,16
9,4,9,12.2,0,0,0,18,5
5,3,5,0.6,0,0,4,6,4
14,6,14,30.9,0,1,12,27,0
16,2,16,25.2,0,0,0,7,6
8,5,8,1.2,0,0,0,41,5
16,6,16,29.4,0,1,0,28,5
11,6,11,23.4,0,1,6,30,19
5,2,5,4.3,0,0,0,23,5
18,1,18,14.1,0,0,0,12,6
10,6,10,23.4,0,1,0,61,0
20,6,20,9.3,0,0,5,10,4
13,0,13,23.8,0,0,5,5,1
19,6,19,16.2,0,0,5,10,1
9,1,9,6.1,0,1,7,67,24
23,3,23,8.8,0,0,6,18,8
16,3,16,21.7,0,0,20,3,15
13,5,13,11.9,0,0,4,5,5
5,5,5,2.0,0,0,21,3,5
7,6,7,18.2,0,0,21,3,5
18,0,18,8.0,0,0,0,10,5
16,5,16,30.8,0,0,4,20,4
16,2,16,28.8,0,1,4,5,4
20,2,20,10.2,0,0,4,9,4
16,0,16,22.0,0,0,0,30,5
15,1,15,13.5,0,0,23,43,0
12,4,12,9.9,0,0,0,10,6
12,0,12,26.3,0,1,9,21,13
10,2,10,6.3,0,0,0,20,6
7,2,7,10.3,0,0,0,9,6
1,5,1,16.1,0,0,0,1,10
23,4,23,20.1,0,0,0,35,7
15,4,15,19.1,0,0,0,13,5
18,4,18,24.1,0,1,0,18,5
17,4,17,24.6,0,0,0,12,6
19,6,19,29.8,0,1,0,12,6
15,4,15,26.4,0,1,0,12,5
9,2,9,11.4,0,0,5,12,4
16,2,16,24.9,0,0,0,7,6
13,3,13,10.9,0,0,0,3,5
22,2,22,24.7,0,1,6,18,17
4,0,4,10.7,0,0,0,31,5
20,3,20,8.3,0,0,18,34,11
19,0,19,27.6,0,1,13,6,5
7,5,7,19.4,0,1,0,11,5
8,5,8,11.0,0,0,22,2,15
15,2,15,23.8,0,0,5,23,4
10,3,10,25.6,0,0,0,16,0
5,2,5,3.7,0,0,0,9,5
20,6,20,12.6,0,0,5,6,1
22,2,22,5.2,0,0,0,8,6
7,6,7,7.5,0,0,0,11,6
18,3,18,24.8,0,0,5,23,4
5,3,5,14.8,0,0,4,29,1
10,6,10,8.9,0,0,7,14,9
1,4,1,2.9,0,0,2,2,8
10,3,10,8.6,0,0,0,6,0
8,3,8,17.2,0,1,0,31,6
13,4,13,27.3,0,0,13,6,6
15,3,15,14.5,0,0,0,13,6
8,0,8,8.5,0,0,0,3,6
8,3,8,9.9,0,0,0,12,6
10,0,10,21.6,0,1,5,14,1
13,1,13,24.2,0,0,0,14,5
5,0,5,8.3,0,0,0,18,5
12,5,12,22.5,0,1,20,19,15
11,4,11,13.1,0,0,13,6,6
15,5,15,30.1,0,0,21,3,5
16,6,16,24.5,0,0,4,18,4
18,3,18,21.4,0,0,0,12,6
7,4,7,11.5,0,1,13,6,6
23,1,23,8.0,0,0,0,19,0
0,1,0,22.0,0,0,10,22,11
18,0,18,16.7,1,2,4,30,5
23,3,23,15.0,0,0,6,18,8
20,3,20,9.6,0,0,4,9,4
23,3,23,9.3,0,0,0,36,0
17,6,17,16.6,0,0,0,20,6
23,1,23,7.7,0,0,0,19,0
8,0,8,8.1,0,0,0,18,5
16,4,16,7.6,0,0,5,12,4
16,5,16,26.5,0,0,0,9,6
5,4,5,9.2,0,0,5,5,5
4,4,4,1.7,0,0,0,10,6
1,0,1,14.8,0,0,0,0,0
3,0,3,9.5,0,0,14,19,12
18,2,18,14.0,0,0,13,6,5
16,5,16,20.3,0,1,0,18,5
8,0,8,1.3,0,0,4,39,1
4,1,4,5.2,0,0,0,9,5
11,4,11,20.0,0,0,0,12,6
18,6,18,28.8,0,1,13,5,5
16,1,16,12.2,0,0,0,22,7
11,1,11,10.4,0,0,4,54,5
6,3,6,8.3,0,0,4,64,5
12,4,12,13.3,0,0,0,9,6
16,4,16,29.3,0,1,0,28,6
13,1,13,19.2,0,0,4,5,5
13,3,13,30.0,0,1,0,23,5
18,1,18,19.3,0,0,0,18,5
6,4,6,8.5,0,0,0,31,6
15,5,15,20.0,0,0,0,23,6
22,2,22,7.7,0,0,15,19,7
17,6,17,12.1,0,0,5,29,1
5,4,5,15.0,0,0,4,45,4
0,1,0,9.2,0,0,4,7,4
16,1,16,15.4,0,0,0,1,7
4,3,4,15.6,0,0,0,10,6
11,2,11,18.7,0,0,0,12,6
1,3,1,10.8,0,0,1,1,1
4,2,4,4.6,0,0,2,2,8
0,2,0,14.7,0,0,0,36,10
10,0,10,16.0,0,1,0,8,5
12,5,12,19.6,0,0,10,38,10
22,3,22,19.6,0,1,0,8,6
8,5,8,3.0,0,0,0,69,0
2,4,2,15.2,0,0,2,2,8
5,0,5,1.7,0,0,4,23,1
0,2,0,9.9,0,0,16,32,14
16,6,16,28.5,0,1,4,12,5
16,6,16,21.5,0,0,0,29,6
10,2,10,22.9,0,1,4,39,1
12,0,12,20.5,0,0,2,2,2
9,6,9,8.5,0,0,7,110,24
0,0,0,14.8,0,0,0,36,10
5,0,5,5.7,0,0,4,13,1
5,5,5,14.4,0,0,4,6,1
5,1,5,18.1,0,0,0,31,5
13,5,13,20.3,0,0,0,30,5
12,0,12,18.2,0,1,0,3,5
14,5,14,25.9,0,1,0,11,6
15,6,15,28.6,0,1,23,43,0
14,4,14,20.6,0,0,11,60,3
0,1,0,13.7,0,0,15,19,7
6,1,6,10.9,0,0,21,3,5
21,2,21,21.9,0,1,0,7,5
9,3,9,23.3,0,0,0,3,6
13,0,13,21.6,0,0,0,12,6
12,0,12,23.7,0,1,5,7,1
11,2,11,21.8,0,1,0,8,6
23,2,23,15.7,0,1,19,15,7
13,3,13,17.4,1,2,13,4,5
16,1,16,28.9,0,0,4,23,4
0,4,0,6.2,0,0,1,1,1
9,5,9,19.8,0,0,0,17,5
16,0,16,18.5,0,0,4,13,4
5,3,5,15.4,0,0,0,13,5
1,4,1,9.4,0,0,5,7,4
20,4,20,23.1,0,1,0,7,6
10,6,10,9.1,0,0,0,29,6
10,1,10,23.9,0,0,0,20,6
16,2,16,24.7,0,0,4,30,1
12,0,12,21.5,0,0,0,20,6
15,2,15,29.5,0,1,0,13,5
16,3,16,16.0,0,0,0,9,5
20,3,20,9.9,0,0,5,30,4
15,2,15,24.8,0,0,5,23,1
10,5,10,16.7,0,0,5,14,1
7,4,7,8.5,0,0,0,7,6
16,4,16,18.4,0,0,14,19,16
4,6,4,12.3,0,0,0,8,6
6,4,6,7.8,0,0,5,6,4
19,6,19,30.9,0,1,4,10,5
7,1,7,14.8,0,0,0,25,5
14,2,14,12.6,0,0,4,13,1
13,4,13,21.2,0,1,25,59,22
17,5,17,10.0,0,0,0,48,6
9,5,9,18.5,0,0,4,10,1
8,2,8,9.4,0,0,4,39,1
11,3,11,10.9,1,2,5,26,1
12,6,12,14.1,0,0,0,6,6
18,1,18,24.0,0,1,0,12,5
5,6,5,11.9,0,0,5,26,1
8,0,8,13.6,0,1,0,29,6
5,6,5,13.1,0,0,21,3,5
17,1,17,28.1,0,0,0,25,6
17,1,17,18.0,0,0,0,6,6
9,5,9,20.2,0,0,0,30,6
18,2,18,25.9,0,1,6,18,19
14,4,14,10.6,0,0,6,18,8
12,3,12,24.8,0,1,4,12,4
5,4,5,8.8,0,0,0,31,6
0,2,0,14.8,0,0,0,36,10
12,4,12,18.0,0,0,0,18,5
8,4,8,15.3,0,0,22,19,15
15,6,15,22.7,0,1,4,30,1
18,2,18,12.6,0,0,13,6,6
14,1,14,16.0,0,0,4,31,1
6,6,6,12.2,0,0,5,3,4
12,6,12,24.1,0,0,0,24,5
18,2,18,14.7,0,0,0,48,5
22,3,22,14.5,0,1,14,19,12
2,5,2,6.3,1,2,0,18,5
11,5,11,24.4,0,1,0,10,5
21,1,21,9.8,1,2,14,7,16
20,3,20,19.1,0,1,0,29,6
9,3,9,15.2,0,0,0,28,6
12,6,12,25.3,0,1,0,7,5
6,0,6,14.5,0,1,5,7,5
16,6,16,15.8,0,0,0,22,0
0,6,0,22.1,0,0,15,37,7
5,5,5,5.6,0,0,5,5,4
20,3,20,22.1,0,1,4,10,5
12,5,12,14.0,0,0,4,54,1
18,0,18,26.0,0,0,21,3,0
12,6,12,14.0,0,0,5,20,4
11,0,11,26.1,0,1,7,66,24
9,6,9,3.4,0,0,13,6,6
8,6,8,7.8,0,0,4,39,1
7,4,7,6.9,0,0,0,29,6
12,0,12,28.7,0,0,0,13,6
8,3,8,13.3,0,0,0,16,7
21,1,21,13.5,0,0,0,31,6
22,4,22,6.8,0,0,20,7,15
20,0,20,7.3,0,0,21,3,5
11,1,11,21.5,0,1,4,12,5
6,4,6,14.6,0,1,1,56,14
16,0,16,23.2,0,0,4,64,4
14,5,14,16.1,0,0,6,18,27
8,3,8,16.9,0,1,0,29,6
13,4,13,31.7,0,1,20,19,15
23,0,23,18.7,0,1,20,19,15
20,0,20,9.2,0,0,0,3,5
10,5,10,20.7,0,0,5,12,1
8,2,8,9.2,0,0,22,19,15
1,6,1,7.8,0,0,0,0,0
11,2,11,24.3,0,1,0,11,5
8,3,8,5.5,0,0,0,11,5
6,6,6,2.5,0,0,4,6,1
13,4,13,26.2,0,1,23,43,0
0,6,0,17.2,0,0,0,36,10
16,2,16,11.1,0,0,0,13,5
7,5,7,12.4,0,0,0,31,5
4,2,4,9.3,0,0,0,10,6
6,0,6,3.5,0,0,0,13,6
5,4,5,8.6,1,2,0,1,7
10,0,10,15.0,0,0,0,31,6
5,1,5,9.5,0,0,4,31,4
5,6,5,1.7,0,0,4,6,5
16,4,16,26.3,0,0,20,19,15
20,3,20,20.1,0,0,0,20,6
11,6,11,20.4,0,0,0,12,6
17,0,17,15.5,0,0,21,3,0
8,3,8,10.7,1,2,0,10,5
12,2,12,18.0,0,1,10,22,11
18,6,18,25.7,0,1,0,12,6
6,5,6,3.6,0,0,13,6,6
6,4,6,11.0,0,0,0,29,5
12,5,12,14.4,0,0,0,18,5
6,1,6,12.5,0,1,13,6,6
13,4,13,26.4,0,1,10,22,11
12,1,12,10.5,0,0,0,4,5
11,1,11,20.3,0,0,18,34,51
14,2,14,15.6,0,0,0,3,5
18,4,18,14.7,0,0,0,10,6
20,0,20,15.8,0,0,0,8,5
12,5,12,17.3,0,0,10,38,10
17,0,17,25.6,0,0,4,45,1
16,5,16,17.4,0,0,0,44,5
1,5,1,6.5,1,2,5,12,1
20,3,20,22.7,0,1,0,10,5
15,2,15,19.2,0,0,13,4,5
8,4,8,7.2,0,0,4,39,1
5,0,5,9.6,0,0,4,4,1
9,2,9,11.8,0,0,5,20,4
4,5,4,6.5,0,0,21,3,5
11,1,11,22.3,0,1,0,30,5
5,3,5,12.8,0,0,0,17,5
23,5,23,4.4,0,0,0,36,7
2,6,2,13.2,0,0,13,6,6
9,1,9,12.4,0,0,0,3,6
1,2,1,12.9,0,0,2,2,8
8,6,8,18.3,0,0,20,19,15
10,0,10,17.9,0,0,5,24,1
1,1,1,14.2,0,0,20,19,15
8,1,8,11.1,0,1,0,16,7
0,3,0,12.0,0,0,0,19,0
7,6,7,-0.3,0,0,4,6,1
0,3,0,7.2,0,0,8,19,10
15,5,15,21.5,0,0,13,4,5
14,3,14,33.3,0,1,0,12,5
19,4,19,27.2,0,0,5,10,4
11,0,11,16.0,0,0,13,6,6
17,1,17,31.6,0,1,0,6,0
23,1,23,9.9,0,0,0,8,6
19,2,19,17.6,0,0,5,29,4
1,1,1,6.7,0,0,10,22,11
7,1,7,12.4,0,1,13,6,1
17,3,17,33.5,0,1,5,12,1
5,1,5,8.0,0,0,0,18,5
13,6,13,12.6,0,0,0,31,6
17,5,17,32.6,0,1,0,6,0
0,1,0,15.2,0,0,20,63,15
22,2,22,20.0,0,0,43,28,8
12,0,12,26.0,0,0,5,10,4
13,6,13,25.6,0,1,10,22,11
8,3,8,5.0,0,0,5,10,1
13,2,13,14.6,0,0,5,7,1
11,0,11,15.0,0,0,10,22,11
13,0,13,25.0,0,0,28,7,0
8,6,8,5.1,0,0,0,20,6
13,4,13,17.1,0,0,0,10,6
7,0,7,12.8,0,0,21,3,5
20,4,20,11.3,0,0,21,3,5
23,1,23,6.3,0,0,0,36,0
19,1,19,13.4,0,0,0,26,6
11,3,11,22.4,0,1,9,21,26
5,1,5,15.1,0,0,21,3,14
21,3,21,20.4,0,0,7,29,18
4,6,4,6.8,0,0,21,3,5
18,2,18,12.6,0,0,13,6,6
10,4,10,5.4,0,0,5,10,4
7,0,7,15.4,0,1,0,14,5
5,0,5,14.9,0,0,4,13,1
12,5,12,26.8,0,0,24,63,15
7,0,7,3.7,0,0,22,19,15
16,2,16,29.1,0,1,0,7,5
12,0,12,16.2,0,0,0,31,6
15,4,15,27.9,0,1,21,3,5
17,4,17,30.5,0,0,4,30,4
5,1,5,11.6,0,0,0,9,6
5,1,5,12.0,0,0,4,4,4
10,5,10,20.7,0,1,0,16,7
15,0,15,18.8,0,0,4,13,1
4,2,4,13.9,0,0,0,26,5
0,6,0,9.5,0,0,0,15,7
19,5,19,10.3,0,0,13,6,6
23,4,23,8.4,0,0,0,36,0
13,6,13,15.2,0,0,12,27,0
21,5,21,19.3,0,1,0,22,0
9,0,9,17.2,0,1,0,9,5
21,2,21,13.0,0,0,0,3,6
12,1,12,15.1,0,0,2,2,2
9,6,9,7.3,0,0,0,11,6
6,2,6,8.0,0,0,0,31,6
1,0,1,18.0,0,0,13,6,6
15,6,15,11.1,0,0,0,23,5
17,5,17,17.0,0,0,4,13,4
0,6,0,10.3,0,0,1,1,1
8,6,8,0.7,0,0,0,12,6
20,6,20,7.7,0,0,0,31,6
5,0,5,16.2,0,0,5,5,5
9,4,9,8.6,0,0,0,4,5
13,0,13,11.6,0,0,0,3,5
5,3,5,16.7,0,0,0,31,6
20,0,20,15.3,0,0,0,26,6
12,5,12,13.0,0,0,5,20,1
14,6,14,14.8,0,0,6,30,19
17,5,17,32.2,0,0,0,9,6
23,6,23,14.9,0,0,0,8,6
7,1,7,1.7,0,0,22,19,15
11,1,11,25.1,0,0,0,31,6
14,0,14,15.3,0,0,7,14,40
8,5,8,8.8,0,0,4,13,1
8,5,8,15.0,0,0,20,6,15
20,6,20,11.2,0,0,4,13,4
4,5,4,8.5,0,0,5,5,4
5,5,5,16.2,0,0,4,18,1
1,4,1,11.6,0,0,0,46,0
15,0,15,20.1,0,1,0,14,5
23,3,23,12.2,0,0,18,34,11
4,0,4,17.0,0,0,0,26,5
4,5,4,21.6,0,0,0,10,5
16,1,16,17.8,0,0,4,20,5
6,6,6,15.1,0,1,13,6,6
17,5,17,28.5,0,1,0,18,5
13,1,13,10.9,0,0,4,5,4
1,1,1,13.4,0,0,0,1,7
12,3,12,22.0,0,0,13,6,6
12,3,12,10.9,0,0,0,9,6
14,3,14,17.7,0,0,0,6,6
5,4,5,11.6,0,0,0,9,5
9,2,9,11.8,0,0,0,30,5
9,3,9,17.1,0,1,22,19,15
8,0,8,11.7,0,1,0,5,6
10,4,10,22.1,0,0,0,11,6
20,0,20,15.2,1,2,0,3,6
13,0,13,26.2,0,0,43,62,8
4,6,4,12.4,0,0,0,5,5
11,0,11,18.2,0,0,13,6,6
19,2,19,25.3,0,1,0,8,6
0,0,0,18.0,0,0,14,19,12
23,5,23,19.7,0,1,19,15,7
15,3,15,26.0,0,0,5,14,1
4,2,4,13.9,0,0,0,8,5
9,0,9,15.8,0,0,0,16,7
13,3,13,22.7,0,0,0,13,6
11,6,11,10.0,0,0,0,19,0
5,2,5,8.8,0,0,0,26,6
7,3,7,2.2,0,0,0,9,6
5,1,5,11.1,0,0,0,10,5
7,5,7,14.2,0,0,0,31,5
13,6,13,26.5,0,1,0,12,6
8,2,8,12.5,0,1,0,4,5
1,1,1,6.3,0,0,0,0,0
16,3,16,26.3,0,0,0,5,6
21,2,21,12.6,0,0,0,31,6
7,0,7,11.7,0,0,21,3,5
0,1,0,14.3,0,0,0,36,7
7,0,7,13.1,0,0,13,6,5
3,6,3,9.9,0,0,2,2,2
13,6,13,13.8,0,0,0,9,6
0,5,0,19.5,0,0,15,37,0
9,3,9,8.2,0,0,0,29,5
16,4,16,12.7,0,0,4,9,4
4,3,4,9.2,0,0,68,63,15
4,2,4,9.8,0,0,2,2,8
14,3,14,28.6,0,1,13,6,1
7,4,7,10.0,0,0,7,24,24
23,4,23,21.4,0,1,0,19,0
14,5,14,21.1,0,0,0,3,6
16,6,16,16.6,0,0,0,7,6
19,0,19,14.7,0,0,4,10,1
12,4,12,11.5,1,2,6,18,17
1,4,1,15.9,0,0,0,46,0
21,1,21,19.1,0,0,0,22,0
14,0,14,15.7,0,0,4,29,1
7,6,7,9.0,0,0,0,13,6
15,3,15,13.8,0,0,4,13,4
4,0,4,4.5,0,0,0,23,6
16,6,16,15.5,0,0,0,29,6
8,1,8,7.6,0,0,0,30,5
14,3,14,25.7,0,0,4,13,1
5,6,5,13.8,0,0,4,29,1
13,0,13,26.5,0,1,10,22,11
5,3,5,16.7,0,0,5,5,5
11,0,11,9.8,0,0,5,14,1
7,0,7,14.9,0,1,0,11,5
1,4,1,10.5,0,0,0,6,6
7,1,7,14.0,0,1,0,29,5
10,6,10,9.1,0,0,0,6,0
10,2,10,23.1,0,0,0,6,5
6,2,6,9.5,0,0,1,1,1
19,0,19,27.8,0,1,0,29,6
1,0,1,17.4,0,0,2,2,8
16,2,16,14.5,0,0,0,28,6
10,4,10,12.0,0,0,0,41,5
8,1,8,11.2,0,0,0,9,5
5,5,5,1.9,0,0,0,9,6
10,0,10,9.7,0,0,0,20,5
20,2,20,8.6,0,0,7,20,24
14,4,14,17.6,0,0,13,6,6
7,3,7,3.9,0,0,0,20,6
19,0,19,11.8,0,0,0,10,6
19,1,19,14.3,0,0,5,30,1
4,2,4,14.9,0,0,0,10,5
5,4,5,8.8,0,0,0,26,6
16,1,16,19.1,0,0,0,13,6
7,1,7,13.0,0,0,5,10,1
16,6,16,20.5,0,0,4,30,5
1,0,1,18.9,0,0,0,0,0
23,5,23,9.5,0,0,16,32,14
8,2,8,4.9,0,0,0,4,5
17,4,17,16.0,0,1,5,12,1
18,6,18,31.8,0,1,0,10,5
14,5,14,17.2,0,0,21,71,5
22,1,22,12.4,0,0,0,10,6
15,5,15,27.2,0,0,6,18,8
16,2,16,24.8,0,0,4,20,1
15,4,15,18.1,0,0,5,30,1
1,2,1,13.2,0,0,0,46,0
13,3,13,10.2,1,2,0,3,7
18,6,18,12.7,0,0,13,6,6
6,2,6,7.9,0,0,4,13,4
12,6,12,11.2,0,0,0,5,6
8,4,8,3.3,0,0,4,39,1
0,2,0,16.4,0,0,0,35,0
11,0,11,26.9,0,0,0,8,5
7,0,7,5.7,0,0,0,7,5
13,3,13,14.8,0,0,0,13,5
9,5,9,5.9,0,0,0,16,0
12,6,12,21.6,0,0,0,6,6
14,5,14,26.4,0,1,0,12,5
4,0,4,12.4,0,0,5,5,4
17,3,17,13.6,0,0,20,19,15
12,1,12,14.7,0,0,0,12,6
18,1,18,27.4,0,0,21,3,0
15,4,15,11.8,0,0,1,1,1
10,2,10,8.7,0,0,0,13,6
4,3,4,7.0,0,0,0,31,6
5,0,5,10.7,0,0,4,4,1
18,3,18,26.7,0,1,0,25,5
13,1,13,28.0,0,1,0,7,5
18,0,18,31.0,0,1,4,9,4
5,1,5,8.6,0,0,0,10,5
7,3,7,0.9,0,0,4,6,4
17,0,17,30.0,0,1,5,5,5
7,1,7,5.4,0,0,0,13,5
20,1,20,10.1,1,2,5,4,1
14,3,14,12.7,0,0,20,19,15
19,5,19,10.8,0,0,0,26,6
12,2,12,13.2,0,0,0,5,6
4,0,4,4.1,0,0,5,5,4
6,4,6,9.6,0,1,0,10,6
13,3,13,11.9,0,0,0,3,5
21,4,21,19.4,0,0,4,9,1
5,4,5,16.1,0,0,4,4,1
18,1,18,11.2,0,0,0,23,5
5,6,5,13.3,0,0,21,3,5
14,2,14,24.1,0,0,5,14,1
15,0,15,27.3,0,0,4,23,4
15,1,15,28.8,0,1,0,5,6
12,1,12,24.4,0,1,0,5,5
5,5,5,13.1,0,0,5,23,4
23,4,23,12.3,0,0,0,35,7
22,4,22,8.1,0,0,15,19,7
5,1,5,10.1,0,0,5,5,4
12,3,12,14.4,0,0,0,24,5
17,2,17,25.2,0,0,0,12,5
10,1,10,23.0,0,1,0,30,5
16,6,16,20.7,0,0,4,18,5
8,6,8,12.2,0,0,0,3,5
11,2,11,10.6,0,0,0,29,6
17,5,17,32.2,0,0,0,10,6
6,5,6,5.7,0,0,0,55,5
9,2,9,9.7,0,0,0,6,6
0,4,0,19.6,0,0,13,6,1
17,3,17,26.2,0,0,0,10,6
13,0,13,11.2,0,0,9,21,11
19,5,19,7.0,0,0,0,22,0
13,2,13,28.7,0,0,20,19,15
7,2,7,9.8,0,0,21,3,5
19,6,19,23.7,0,0,0,29,6
2,5,2,7.6,1,2,0,26,6
15,4,15,25.2,0,0,21,71,5
19,2,19,24.9,0,1,0,10,5
11,4,11,18.6,0,0,0,4,5
22,5,22,12.5,0,0,10,22,11
17,4,17,19.9,0,0,0,6,0
8,4,8,8.0,0,0,5,12,1
5,1,5,8.9,0,0,21,3,14
15,4,15,18.8,0,0,5,12,1
8,1,8,19.0,0,0,0,18,5
5,1,5,10.3,0,0,2,2,8
16,0,16,29.6,0,1,12,27,0
11,0,11,10.9,0,0,0,13,6
10,5,10,8.8,0,0,5,41,1
18,1,18,23.5,0,0,13,5,5
16,1,16,33.6,0,1,0,6,6
11,3,11,10.7,0,0,4,3,1
8,1,8,8.2,0,0,0,25,6
4,2,4,10.2,0,0,5,5,4
22,2,22,16.1,0,0,5,3,4
6,2,6,1.2,0,0,0,6,7
19,6,19,26.8,0,1,0,8,6
7,3,7,15.6,0,1,13,6,6
20,6,20,9.7,0,0,18,34,11
18,3,18,33.0,0,1,21,3,0
14,1,14,26.1,0,0,12,27,0
22,4,22,8.5,0,0,0,8,6
21,1,21,11.2,0,0,10,38,10
16,4,16,16.4,0,0,21,71,5
14,2,14,19.8,0,0,0,24,5
9,5,9,22.5,0,1,0,17,5
5,0,5,6.5,0,0,5,3,4
12,6,12,13.7,0,0,4,9,1
11,3,11,13.0,0,0,0,29,5
22,6,22,10.7,0,0,4,18,1
0,0,0,12.6,0,0,0,15,7
8,3,8,8.2,0,0,0,4,5
8,5,8,18.9,0,0,22,2,15
23,5,23,10.3,0,0,5,6,4
8,4,8,7.8,0,0,0,12,6
17,6,17,24.4,0,0,0,28,6
6,0,6,11.0,0,0,3,3,3
0,2,0,10.2,0,0,0,0,0
14,5,14,17.6,0,0,7,26,20
4,1,4,8.2,0,0,5,5,4
18,0,18,24.1,0,0,4,23,4
11,2,11,24.3,0,0,0,24,5
11,0,11,9.5,0,0,0,8,5
1,2,1,17.8,0,0,0,0,0
15,2,15,11.8,0,0,13,4,5
12,2,12,27.2,0,1,0,5,6
20,2,20,9.1,0,0,6,7,27
18,3,18,15.5,0,1,0,12,5
7,1,7,13.3,0,1,25,51,22
13,1,13,30.7,0,1,0,14,5
4,1,4,5.6,0,0,0,26,6
15,3,15,15.9,0,1,0,12,5
14,0,14,15.6,0,0,0,31,6
15,2,15,24.3,0,0,0,5,6
17,0,17,12.5,0,0,0,30,5
17,2,17,24.6,0,0,0,12,6
0,5,0,6.0,0,0,1,1,1
12,2,12,27.8,0,1,0,9,5
12,0,12,24.4,0,0,5,12,1
23,0,23,11.3,0,0,0,8,6
16,6,16,20.4,0,0,0,30,5
11,3,11,19.9,0,0,10,22,11
10,0,10,8.4,0,0,0,29,5
22,6,22,4.8,0,0,0,8,5
17,4,17,6.9,0,0,0,25,5
17,3,17,26.7,0,1,0,7,5
7,5,7,13.2,0,1,0,11,6
16,0,16,26.1,0,1,4,30,5
12,1,12,20.2,0,0,5,24,1
4,2,4,4.2,0,0,0,13,6
1,2,1,10.6,0,0,0,6,5
20,2,20,14.7,0,0,18,34,11
7,2,7,4.5,0,0,0,3,7
9,1,9,24.1,0,1,22,19,15
21,5,21,8.5,0,0,0,3,6
17,2,17,18.0,0,1,20,19,15
16,1,16,16.3,0,0,4,20,4
5,4,5,9.6,0,0,2,2,8
16,2,16,27.6,0,0,21,71,5
9,0,9,17.1,0,0,6,18,8
4,6,4,8.7,0,0,0,26,6
22,1,22,16.1,0,0,5,29,4
5,2,5,12.5,0,0,2,2,8
8,0,8,10.2,0,0,0,10,6
21,4,21,6.4,0,0,0,31,6
8,2,8,2.9,0,0,4,13,1
12,5,12,26.8,0,0,5,10,1
1,1,1,7.9,0,0,13,6,6
7,2,7,8.9,0,0,4,12,4
5,0,5,14.0,0,0,0,9,6
16,4,16,14.8,0,0,0,22,7
19,2,19,21.4,0,0,0,31,5
18,5,18,8.5,0,0,0,8,6
11,4,11,22.8,0,0,0,4,5
16,2,16,25.5,0,1,0,29,6
8,0,8,7.9,0,0,0,4,5
18,0,18,11.0,0,0,0,8,6
7,5,7,11.7,0,1,0,7,5
13,4,13,7.1,0,0,0,48,6
11,6,11,25.4,0,1,0,41,5
23,4,23,12.1,0,0,15,19,7
9,2,9,5.1,0,0,0,18,5
16,6,16,17.9,0,0,5,20,4
13,5,13,16.6,0,0,0,48,6
16,1,16,16.4,0,0,0,1,7
14,6,14,20.4,0,0,0,41,5
9,3,9,10.1,0,0,0,4,5
0,4,0,21.0,0,0,0,36,0
16,6,16,29.2,0,0,0,28,6
18,6,18,10.4,0,0,6,18,8
10,2,10,10.0,0,0,5,14,1
11,6,11,16.8,0,0,0,12,6
13,2,13,27.2,0,1,0,48,6
9,3,9,9.9,0,0,0,28,6
8,3,8,13.6,0,0,1,1,7
11,1,11,20.7,0,0,5,14,1
18,3,18,10.2,0,0,4,18,1
12,2,12,16.2,0,0,0,5,6
11,6,11,13.4,0,0,8,19,10
19,6,19,32.0,0,1,5,18,5
6,6,6,16.8,0,0,0,31,6
7,4,7,3.8,0,0,0,31,6
19,6,19,8.5,0,0,4,29,1
15,6,15,33.2,0,0,0,20,5
7,0,7,6.4,0,0,5,10,1
5,2,5,12.8,0,0,0,31,6
14,3,14,19.3,1,2,5,6,1
8,4,8,4.8,0,0,6,18,8
4,6,4,5.2,0,0,21,3,5
14,5,14,21.6,0,0,21,71,5
0,1,0,9.2,0,0,0,26,5
5,0,5,10.4,0,0,0,9,5
10,2,10,12.2,0,0,0,13,6
16,5,16,17.8,0,0,0,5,6
16,5,16,27.0,0,1,6,18,8
5,1,5,14.8,0,0,0,9,5
11,3,11,15.8,0,0,0,41,5
21,6,21,6.1,0,0,15,19,7
4,1,4,10.2,0,0,0,23,6
12,3,12,23.9,0,1,5,5,5
20,0,20,10.1,0,0,0,31,5
12,1,12,18.1,0,0,4,54,5
10,4,10,13.3,0,1,0,8,6
14,5,14,28.7,0,0,0,8,6
12,2,12,19.2,0,0,10,38,10
19,1,19,25.7,0,0,0,20,5
9,5,9,16.1,0,0,0,11,5
4,3,4,12.5,0,0,20,6,15
7,3,7,10.9,0,0,0,6,0
15,5,15,30.0,0,0,7,67,24
17,2,17,13.4,0,0,0,30,5
7,5,7,15.4,0,0,0,10,6
22,1,22,17.4,0,1,16,32,14
16,1,16,28.1,0,0,0,14,5
10,2,10,13.1,0,0,0,12,6
5,4,5,8.4,0,0,4,5,4
12,5,12,14.3,0,0,0,3,5
1,5,1,19.0,0,0,1,1,1
18,5,18,24.8,0,0,0,18,5
6,5,6,13.3,0,1,13,6,6
23,2,23,10.1,0,0,0,36,0
4,3,4,2.8,0,0,2,2,8
9,5,9,15.0,0,0,0,5,6
19,6,19,26.6,0,1,0,6,5
16,4,16,28.9,0,1,5,5,5
16,3,16,33.0,0,1,0,10,5
0,0,0,20.5,0,0,0,36,7
23,4,23,19.4,0,0,19,15,0
17,2,17,19.7,0,0,0,25,6
17,4,17,6.9,0,0,0,6,6
6,2,6,1.4,0,0,0,31,6
1,6,1,17.8,0,0,0,0,0
0,1,0,10.8,0,0,0,0,0
0,3,0,8.5,0,0,0,1,7
18,5,18,14.3,0,0,13,6,1
16,4,16,29.0,0,1,0,6,5
12,2,12,14.6,0,0,10,22,11
8,5,8,17.3,0,1,0,5,5
18,6,18,28.0,0,1,0,12,6
5,3,5,8.6,0,0,4,31,4
16,1,16,31.5,0,0,0,31,6
16,6,16,18.5,0,0,0,23,5
8,1,8,13.2,0,1,26,58,0
6,0,6,2.8,0,0,0,29,5
9,3,9,15.9,0,1,0,28,5
4,1,4,10.1,0,0,5,5,4
14,6,14,29.8,0,0,31,63,12
16,6,16,24.0,0,0,13,6,4
23,5,23,11.3,0,0,16,32,14
15,2,15,27.0,0,0,2,2,2
16,2,16,10.7,0,0,0,18,5
19,4,19,7.8,1,2,0,6,7
13,5,13,19.1,0,0,0,7,5
16,3,16,22.8,0,0,4,13,4
5,1,5,14.8,0,0,5,5,5
22,1,22,10.5,0,0,6,18,8
9,0,9,19.3,0,0,5,8,4
13,2,13,26.6,0,0,10,38,10
16,4,16,15.2,0,0,0,20,5
11,4,11,13.0,0,0,0,9,6
18,4,18,14.3,0,0,0,12,6
12,0,12,23.1,0,0,0,20,6
23,0,23,14.0,0,0,18,34,11
11,3,11,10.3,0,0,0,16,0
18,4,18,11.9,0,0,0,12,6
9,2,9,24.1,0,1,0,12,5
10,1,10,16.0,0,0,0,31,6
7,1,7,7.3,0,0,0,13,6
22,5,22,7.5,0,0,15,19,7
13,5,13,27.5,0,0,5,7,5
8,6,8,4.5,0,0,4,39,1
20,2,20,8.6,0,0,5,10,4
23,2,23,14.4,0,0,19,15,7
10,5,10,13.0,0,0,0,13,5
19,1,19,7.9,0,0,5,10,4
20,2,20,0.0,0,1,4,13,1
11,3,11,17.4,0,0,7,67,24
7,2,7,16.6,0,0,0,25,5
1,5,1,14.9,0,0,0,0,0
12,1,12,10.3,0,0,13,6,6
20,1,20,11.6,0,0,5,3,1
13,2,13,15.5,0,0,0,31,6
13,1,13,19.1,0,0,0,41,5
4,1,4,5.6,0,0,0,31,6
8,4,8,7.0,0,0,5,12,4
9,2,9,21.0,0,0,0,15,7
2,4,2,15.2,0,0,0,0,0
7,0,7,1.2,0,1,0,9,5
23,4,23,8.6,0,0,0,36,7
14,2,14,15.7,0,0,4,9,1
4,2,4,5.8,0,0,5,9,4
13,2,13,18.6,0,0,4,5,4
11,3,11,10.8,0,0,4,54,5
2,3,2,4.7,0,0,1,39,1
9,1,9,19.2,0,0,0,31,6
10,6,10,16.4,0,0,0,31,6
4,3,4,8.6,0,0,5,5,4
8,3,8,5.6,0,0,0,30,5
4,3,4,2.0,0,0,4,18,1
8,5,8,12.9,0,0,0,24,6
22,6,22,22.4,0,1,0,8,6
6,3,6,8.1,0,0,0,23,6
23,0,23,19.3,0,1,30,19,15
5,0,5,7.6,0,0,4,5,1
7,1,7,13.5,0,0,0,29,6
14,6,14,19.6,0,0,5,14,1
16,6,16,18.6,0,1,0,30,5
19,4,19,15.6,0,0,0,28,6
0,0,0,14.9,0,0,0,36,10
6,1,6,8.2,0,0,4,6,5
21,1,21,24.3,0,0,0,22,0
19,2,19,11.0,0,0,5,26,1
0,1,0,17.8,0,0,0,36,7
16,6,16,15.9,0,0,0,44,6
7,0,7,5.1,0,0,0,7,6
19,0,19,22.3,0,0,0,29,6
1,4,1,9.0,0,0,1,1,1
13,4,13,16.5,0,0,0,18,5
15,4,15,16.7,0,0,0,3,6
9,2,9,15.8,0,0,0,6,5
4,6,4,7.6,0,0,0,26,6
12,6,12,10.3,0,0,0,24,5
5,3,5,4.3,0,0,0,29,6
12,5,12,26.4,0,0,10,38,10
10,6,10,11.2,0,0,0,25,5
19,2,19,12.1,0,0,0,18,5
15,1,15,28.3,0,1,0,8,5
6,1,6,0.4,0,0,0,13,6
0,6,0,15.2,0,0,1,1,1
8,6,8,9.3,0,0,0,41,5
14,1,14,10.8,0,0,0,31,6
5,5,5,1.3,0,0,0,55,5
14,3,14,13.5,0,0,13,6,6
10,4,10,22.1,0,0,0,20,5
21,2,21,8.9,0,0,0,3,5
11,6,11,12.8,0,0,4,10,5
4,5,4,12.3,0,0,68,63,15
11,1,11,14.3,0,0,4,54,1
9,1,9,16.8,0,1,0,11,6
15,0,15,29.6,0,1,0,26,6
7,4,7,13.2,0,1,0,12,6
15,4,15,21.1,0,0,0,3,5
23,3,23,16.7,0,0,19,15,7
10,1,10,9.1,0,0,28,7,0
14,6,14,32.0,0,1,20,19,15
12,4,12,23.3,0,1,9,21,26
5,1,5,11.2,0,0,4,4,4
4,6,4,10.4,0,0,8,19,10
12,6,12,24.5,0,0,5,41,1
1,0,1,17.8,0,0,30,19,15
5,6,5,8.4,0,0,4,6,1
12,0,12,23.8,0,0,5,10,4
6,5,6,8.0,0,1,21,3,5
8,4,8,6.6,0,0,0,18,5
5,6,5,10.7,0,0,0,13,6
7,5,7,7.1,0,0,5,10,1
22,0,22,11.3,0,1,7,14,24
17,6,17,30.6,0,0,14,19,16
13,0,13,28.8,0,0,0,12,6
22,3,22,19.2,0,1,6,18,17
6,0,6,10.0,0,0,0,13,5
13,1,13,28.4,0,1,0,7,5
14,4,14,16.6,0,0,0,48,6
10,0,10,10.3,0,0,0,20,5
5,1,5,16.4,0,0,0,13,6
9,3,9,9.6,0,0,20,7,15
19,3,19,21.8,0,1,5,10,1
2,4,2,16.7,0,0,0,6,6
18,5,18,14.3,0,0,0,25,6
7,6,7,0.9,0,0,0,25,5
5,2,5,9.5,0,0,4,23,4
17,1,17,28.6,0,0,0,13,6
22,3,22,16.6,0,0,0,8,5
14,5,14,29.6,0,0,0,20,6
21,2,21,8.1,0,0,0,13,5
14,6,14,10.4,0,0,0,6,6
9,0,9,11.9,0,0,0,3,5
22,5,22,16.4,0,0,13,6,4
10,6,10,7.2,0,0,0,12,6
11,2,11,10.4,0,0,0,20,6
2,5,2,16.8,0,0,2,2,8
7,3,7,3.8,0,0,6,18,27
6,0,6,10.6,0,1,0,9,6
4,4,4,12.3,0,0,68,63,15
12,6,12,21.5,0,0,5,11,1
9,5,9,15.9,0,0,13,6,6
12,3,12,21.3,0,1,0,29,6
18,4,18,29.5,0,0,14,19,16
16,4,16,29.3,0,1,0,12,6
18,1,18,25.7,0,0,13,99,6
10,0,10,16.3,0,1,0,17,5
8,5,8,6.0,0,0,0,28,6
7,5,7,8.1,1,2,28,7,0
12,4,12,17.8,0,0,9,21,11
11,4,11,24.2,0,1,0,29,6
9,0,9,21.9,0,1,0,16,0
16,2,16,19.4,0,0,0,25,6
23,4,23,4.3,0,0,0,15,7
6,1,6,11.5,0,0,4,6,5
23,6,23,5.9,0,0,0,15,7
7,0,7,6.0,0,0,0,10,5
19,6,19,26.5,0,1,5,18,5
12,1,12,26.0,0,1,9,21,13
1,2,1,14.1,0,0,1,1,1
7,3,7,2.3,0,0,5,10,4
19,2,19,24.0,0,1,0,10,5
13,5,13,12.3,0,0,9,21,11
4,4,4,13.1,0,0,0,8,6
16,6,16,24.6,0,0,0,44,6
8,4,8,15.2,0,1,0,4,5
12,0,12,17.3,0,1,9,21,11
12,4,12,15.3,0,1,4,5,4
11,2,11,10.5,0,0,0,6,6
8,6,8,13.2,0,0,0,35,0
18,5,18,17.4,0,1,0,12,6
5,6,5,8.6,0,0,0,9,6
11,1,11,7.9,0,0,0,10,6
19,6,19,21.4,0,0,0,29,6
9,4,9,6.5,0,0,6,18,27
12,0,12,24.3,0,0,0,12,6
0,0,0,12.5,0,0,5,6,1
20,6,20,17.9,0,0,0,7,5
10,3,10,8.9,0,0,25,51,22
2,5,2,13.9,0,0,13,6,6
16,6,16,28.1,0,0,4,20,4
6,6,6,1.2,0,0,5,6,1
17,2,17,20.2,0,0,0,29,6
15,1,15,18.9,0,0,23,43,0
17,3,17,26.2,0,0,0,25,6
5,5,5,5.7,0,0,4,4,4
14,1,14,17.3,0,0,1,1,1
1,4,1,14.1,0,0,0,6,6
16,0,16,30.2,0,0,0,20,6
5,4,5,14.5,0,0,0,13,6
13,5,13,29.1,0,0,0,3,6
8,5,8,2.2,0,0,0,5,6
15,3,15,10.8,0,0,0,9,5
7,2,7,14.1,0,1,0,11,6
14,3,14,25.6,0,0,4,9,4
19,0,19,14.0,0,0,5,18,1
17,6,17,10.8,0,0,0,25,5
14,0,14,25.5,0,0,0,20,6
18,0,18,30.7,0,1,0,10,5
7,5,7,15.5,0,1,0,24,5
3,0,3,12.0,0,0,30,19,15
6,1,6,4.4,0,0,4,9,1
5,4,5,15.0,0,0,4,1,1
11,3,11,24.2,0,1,0,24,5
5,1,5,4.5,0,0,7,32,9
2,0,2,8.1,0,0,14,19,12
21,1,21,12.5,0,0,7,8,18
14,1,14,26.5,0,0,0,20,5
5,2,5,10.1,0,0,4,6,4
11,4,11,9.2,0,0,2,2,2
3,6,3,15.4,0,0,20,19,15
14,6,14,22.9,0,0,0,3,5
16,5,16,24.2,0,0,5,12,1
15,2,15,20.7,0,0,0,13,6
8,6,8,8.0,0,0,0,4,5
18,4,18,23.9,0,0,13,6,4
18,0,18,9.9,0,0,13,5,5
14,5,14,16.9,0,0,5,9,4
11,6,11,22.0,0,0,0,9,6
19,6,19,15.7,0,0,0,29,6
13,2,13,33.2,0,1,10,22,11
12,2,12,15.6,0,0,4,12,5
13,2,13,8.7,0,0,0,31,6
16,5,16,14.8,0,0,0,12,5
10,1,10,23.4,0,0,0,11,6
23,6,23,22.4,0,0,0,35,0
8,0,8,5.6,0,0,6,18,8
0,2,0,14.7,0,0,15,37,7
7,0,7,12.6,0,0,13,6,1
23,0,23,16.3,0,0,0,8,6
11,6,11,23.7,0,1,0,6,5
12,4,12,23.9,0,0,0,9,6
16,1,16,24.4,0,0,0,3,0
11,4,11,8.9,0,0,0,31,6
9,3,9,16.3,0,0,0,5,6
3,3,3,16.3,0,0,2,2,8
7,1,7,5.7,0,0,0,29,6
12,2,12,8.9,0,0,0,12,6
15,1,15,29.2,0,0,0,13,6
21,2,21,8.8,0,0,0,7,6
6,1,6,9.5,0,0,4,9,4
9,4,9,23.7,0,1,25,25,22
15,5,15,16.3,0,0,13,6,6
3,5,3,15.1,0,0,2,2,2
7,4,7,3.3,0,0,4,6,4
8,3,8,20.3,0,0,0,12,5
20,5,20,10.1,0,0,0,3,6
20,1,20,14.0,0,0,4,13,4
7,1,7,12.9,0,1,0,29,6
13,4,13,26.9,0,0,0,20,6
15,4,15,27.6,0,0,20,19,15
23,4,23,5.6,0,0,5,6,1
5,4,5,13.4,0,0,2,2,2
22,0,22,11.8,0,0,6,18,8
12,4,12,7.4,0,0,0,11,6
23,1,23,9.8,0,0,0,35,7
12,5,12,26.1,0,0,0,31,6
10,6,10,20.2,0,0,0,26,6
5,6,5,4.4,0,0,4,4,4
16,1,16,31.0,0,1,5,5,5
1,1,1,12.8,0,0,1,1,1
9,4,9,23.4,0,1,4,12,4
9,3,9,24.2,0,1,0,16,0
8,3,8,15.5,0,0,0,20,6
14,3,14,27.1,0,1,23,43,0
0,1,0,8.0,0,0,0,26,5
19,3,19,29.6,0,0,13,5,5
7,5,7,8.5,0,0,0,11,6
18,0,18,26.6,0,1,0,12,6
14,6,14,21.8,0,1,0,9,5
15,6,15,28.7,0,1,0,5,6
10,6,10,14.4,0,0,0,31,6
13,1,13,24.9,0,0,43,62,8
14,6,14,12.5,0,0,0,41,5
6,0,6,12.6,0,0,13,6,6
16,1,16,30.5,0,1,5,5,5
8,2,8,14.3,0,1,0,18,5
12,5,12,23.7,0,0,0,12,6
13,5,13,15.4,0,1,7,67,24
11,4,11,12.5,0,0,0,9,6
0,0,0,6.7,0,0,1,1,1
18,5,18,32.6,0,0,21,3,0
14,4,14,17.1,0,0,5,31,1
15,3,15,34.1,0,1,10,22,11
23,0,23,9.3,0,0,0,35,0
8,1,8,16.3,0,0,0,25,6
5,6,5,16.5,0,0,5,10,1
0,1,0,12.0,0,0,10,22,11
5,1,5,10.9,0,0,0,9,6
21,2,21,10.2,0,0,15,19,7
12,2,12,28.0,0,0,2,2,2
20,2,20,23.7,0,1,4,29,1
9,3,9,18.2,0,1,0,16,0
18,1,18,29.6,0,0,5,23,4
17,3,17,25.8,0,0,0,6,0
13,4,13,28.9,0,1,23,43,0
19,6,19,27.1,0,1,5,18,5
21,6,21,11.3,0,0,4,30,5
9,3,9,8.7,0,0,0,12,6
8,1,8,13.5,0,0,0,18,5
5,3,5,9.2,0,0,0,5,6
14,1,14,11.3,0,0,13,6,6
8,5,8,18.9,0,0,0,42,5
23,3,23,18.3,0,1,6,18,8
18,6,18,23.8,0,0,4,30,5
21,0,21,14.0,0,0,15,19,7
14,3,14,16.0,0,0,0,12,5
11,2,11,11.2,0,0,0,31,6
13,2,13,27.7,0,1,12,27,0
2,2,2,14.9,0,0,13,6,6
6,1,6,14.7,0,1,4,18,1
19,4,19,21.9,0,0,4,18,1
23,5,23,11.6,0,0,0,36,7
22,6,22,20.8,0,1,0,8,5
4,1,4,8.7,0,0,0,23,6
0,1,0,13.8,0,0,0,15,7
0,1,0,18.7,0,0,6,7,8
8,6,8,7.0,0,0,20,6,15
15,2,15,28.2,0,0,0,3,6
4,2,4,9.8,0,0,0,9,6
16,5,16,17.0,0,0,0,26,6
4,1,4,9.4,0,0,0,5,6
2,5,2,17.1,0,0,13,6,6
19,2,19,30.9,0,1,0,29,5
16,6,16,20.6,0,0,0,12,6
23,0,23,18.8,0,1,19,15,0
13,5,13,20.9,0,0,0,12,5
16,5,16,17.2,0,0,0,23,6
11,4,11,23.1,0,0,0,12,6
21,3,21,21.3,0,1,0,8,5
12,5,12,12.0,0,0,9,21,11
17,1,17,28.4,0,1,0,31,5
5,0,5,13.5,0,0,5,5,5
6,6,6,7.2,0,0,13,6,6
11,2,11,17.5,0,0,0,6,0
12,2,12,9.0,0,0,2,2,2
13,6,13,20.3,0,0,4,20,4
7,1,7,9.6,0,1,0,11,6
21,5,21,10.9,0,0,5,10,1
11,4,11,23.6,0,0,0,13,6
12,0,12,21.9,0,0,0,28,6
23,1,23,12.2,0,0,0,35,0
22,4,22,12.5,0,0,16,32,5
11,3,11,13.9,0,0,28,7,0
5,4,5,12.7,0,0,4,45,1
23,5,23,7.4,0,0,0,36,0
0,5,0,9.9,0,0,1,1,1
16,0,16,33.0,0,1,0,28,5
6,5,6,6.0,0,0,4,9,4
7,6,7,12.9,0,0,0,11,6
6,4,6,12.1,0,0,4,5,4
23,4,23,8.3,0,0,0,19,0
21,1,21,8.3,0,0,0,26,5
0,6,0,20.8,0,0,0,15,7
13,6,13,14.2,0,0,13,6,5
13,0,13,17.9,0,0,0,3,5
9,4,9,8.2,0,0,0,16,0
15,3,15,31.9,0,1,21,3,5
16,1,16,19.5,0,1,0,10,5
8,0,8,11.1,0,0,0,29,6
15,0,15,32.3,0,1,0,20,5
16,1,16,30.8,0,1,13,4,6
11,2,11,15.4,0,0,5,10,4
12,1,12,10.8,0,0,0,5,6
6,0,6,12.6,0,1,0,29,5
18,1,18,22.6,0,1,0,12,6
21,0,21,17.9,0,0,0,22,0
16,5,16,35.1,0,0,5,5,5
5,2,5,13.1,0,0,0,9,6
4,2,4,9.3,0,0,0,31,5
19,1,19,8.3,0,0,5,26,1
23,5,23,4.1,0,0,5,6,1
12,4,12,13.2,0,0,9,21,11
12,0,12,22.8,0,1,0,13,6
13,1,13,26.7,0,1,0,8,6
18,4,18,26.1,0,0,0,10,5
23,3,23,11.2,0,0,5,6,1
23,5,23,21.4,0,1,19,15,0
19,5,19,24.2,0,1,13,6,6
22,6,22,17.0,0,0,0,22,0
7,1,7,5.1,0,0,4,9,1
18,2,18,17.4,0,0,0,48,5
22,0,22,12.6,0,0,10,22,11
2,6,2,4.0,0,0,2,2,2
12,1,12,14.9,0,0,4,54,1
17,0,17,21.3,0,0,4,64,4
0,1,0,17.8,0,0,10,22,11
16,6,16,24.7,0,0,13,6,4
11,3,11,20.2,0,0,0,12,6
0,1,0,19.2,0,0,0,35,0
12,1,12,17.4,0,0,0,18,5
11,4,11,21.8,0,0,0,25,6
8,4,8,17.4,0,0,0,20,6
8,3,8,18.2,0,0,25,51,21
8,5,8,5.9,0,0,0,12,6
9,0,9,22.8,0,0,0,15,0
14,5,14,25.7,0,0,0,12,6
8,4,8,14.9,0,1,0,5,5
21,6,21,9.9,0,0,20,19,15
11,6,11,24.8,0,1,6,30,19
19,0,19,17.0,0,0,0,20,5
16,6,16,29.4,0,1,4,20,1
15,1,15,18.7,0,0,4,9,4
5,5,5,4.7,0,0,0,5,6
16,1,16,16.6,0,0,4,13,5
13,5,13,14.7,0,0,0,30,5
16,5,16,32.5,0,1,4,23,1
20,1,20,10.2,1,2,4,54,1
22,1,22,10.0,0,0,16,32,14
10,4,10,14.5,0,0,5,10,4
15,3,15,17.1,0,0,0,31,5
23,1,23,13.8,0,1,19,15,0
17,5,17,21.7,0,0,5,23,4
6,1,6,9.2,0,0,13,6,4
20,3,20,8.8,1,2,5,13,1
21,0,21,21.9,0,1,4,10,1
1,2,1,9.3,0,0,2,2,8
11,3,11,10.1,0,0,20,19,15
10,4,10,19.9,0,0,0,16,0
21,6,21,24.2,0,0,13,6,6
23,2,23,11.6,0,0,6,7,8
15,4,15,28.2,0,1,0,49,6
15,0,15,11.8,0,0,0,44,6
7,4,7,15.2,0,0,0,29,6
7,0,7,15.7,0,1,0,31,5
21,1,21,12.4,0,0,0,31,6
5,4,5,11.9,0,0,4,31,4
18,4,18,20.5,0,0,0,10,6
3,2,3,11.4,0,0,2,2,2
4,4,4,11.7,0,0,0,9,6
22,6,22,7.2,0,0,15,19,7
5,1,5,8.5,0,0,0,5,6
19,6,19,16.0,0,0,5,13,1
14,0,14,15.1,0,0,13,99,1
11,3,11,18.8,0,0,0,16,0
4,3,4,7.0,0,0,0,5,5
8,4,8,18.2,0,0,0,13,6
5,0,5,12.0,0,0,0,26,6
17,2,17,14.6,0,0,7,96,55
20,2,20,18.7,0,0,0,53,15
22,1,22,10.0,0,0,13,6,6
7,1,7,5.8,0,0,5,10,4
1,1,1,9.1,0,0,0,6,6
21,1,21,10.4,0,0,10,38,10
2,6,2,18.8,0,0,0,27,0
12,2,12,13.9,0,0,0,29,6
18,5,18,12.8,0,0,0,18,5
11,3,11,10.7,0,0,0,6,6
8,5,8,7.9,0,0,5,9,1
10,2,10,11.9,0,0,0,23,5
12,0,12,25.0,0,0,0,24,5
23,4,23,21.4,0,1,17,33,15
13,2,13,14.7,0,0,5,7,1
15,4,15,16.3,0,0,0,20,5
17,2,17,19.3,0,0,4,45,1
11,0,11,16.8,0,0,27,81,24
22,6,22,13.8,0,0,4,30,1
0,1,0,15.2,0,0,10,22,11
11,6,11,24.5,0,1,6,30,19
5,5,5,12.8,0,0,21,3,5
12,1,12,11.7,0,0,9,21,11
22,3,22,14.7,0,1,0,8,6
4,3,4,10.7,0,0,0,31,6
1,5,1,13.8,0,0,2,2,8
11,2,11,22.4,0,1,0,19,0
18,4,18,11.3,0,0,0,20,5
18,4,18,12.9,0,0,4,45,4
16,3,16,13.1,0,0,0,1,7
8,1,8,6.5,0,0,0,16,0
18,6,18,10.5,0,0,7,26,18
11,1,11,8.2,0,0,0,6,6
19,0,19,10.2,0,0,0,20,5
10,3,10,8.7,0,0,5,12,1
7,3,7,5.0,0,0,0,31,6
23,1,23,18.3,0,1,0,36,7
6,4,6,13.8,0,1,4,23,4
8,4,8,7.4,0,0,0,30,6
7,3,7,14.3,0,1,0,41,5
8,2,8,2.7,0,0,0,12,6
18,1,18,11.2,0,0,0,12,6
22,2,22,8.1,0,0,13,6,1
5,0,5,14.6,0,0,21,3,5
10,0,10,10.9,0,0,0,20,5
21,4,21,14.2,0,0,0,31,6
7,2,7,10.4,0,0,0,12,6
20,0,20,26.0,0,1,0,10,6
11,5,11,20.9,0,0,5,10,4
11,6,11,17.7,0,0,0,29,6
7,3,7,2.2,0,0,4,6,4
14,6,14,22.5,0,0,0,11,6
15,2,15,19.4,0,0,5,14,1
17,5,17,29.0,0,0,0,13,6
19,3,19,29.4,0,1,20,1,15
20,5,20,24.9,0,1,4,29,1
9,4,9,12.1,0,0,0,30,5
7,0,7,15.5,0,0,20,19,15
15,1,15,11.2,0,0,0,13,6
9,1,9,17.8,0,0,0,16,0
8,2,8,10.8,0,0,20,19,15
5,4,5,10.6,0,0,0,5,6
20,4,20,14.2,0,0,0,22,0
1,4,1,17.1,0,0,20,3,15
15,1,15,30.8,0,0,20,19,15
0,0,0,18.9,0,0,0,36,7
15,6,15,15.4,0,0,5,62,1
11,6,11,10.9,0,0,5,24,1
6,1,6,4.7,0,0,4,9,4
6,0,6,1.6,0,0,0,29,5
15,2,15,13.8,0,0,0,44,6
13,4,13,20.6,0,1,0,9,6
0,2,0,16.5,0,0,5,6,1
11,0,11,19.0,0,0,5,10,4
7,2,7,3.6,0,0,4,9,1
16,0,16,31.1,0,1,0,26,5
23,4,23,5.3,0,0,0,8,6
15,5,15,19.9,0,0,0,44,5
5,6,5,14.4,0,0,0,10,6
16,3,16,17.5,0,0,0,1,7
18,3,18,26.3,0,1,0,18,5
10,1,10,15.7,0,0,0,6,0
21,3,21,9.4,0,0,10,38,10
16,3,16,32.8,0,1,6,18,8
10,0,10,7.1,0,0,0,9,6
7,5,7,1.2,0,0,0,10,6
20,6,20,18.8,0,0,5,6,1
12,0,12,17.3,0,0,0,41,5
19,5,19,7.5,0,0,0,30,5
21,2,21,14.7,0,0,4,9,4
7,3,7,11.0,0,0,0,7,6
16,4,16,15.4,0,0,0,12,5
15,6,15,22.0,0,0,13,6,6
6,2,6,13.3,0,0,4,9,1
7,3,7,17.6,0,1,13,6,6
6,6,6,7.1,0,0,0,13,6
22,0,22,18.2,0,0,13,6,4
7,1,7,10.7,0,0,0,7,6
13,2,13,18.2,0,0,5,31,4
12,5,12,23.9,0,0,0,28,6
20,6,20,15.0,0,0,5,20,1
20,6,20,17.3,0,0,5,18,1
6,2,6,8.1,0,0,4,5,4
12,1,12,16.4,0,0,4,13,1
8,1,8,1.7,0,0,0,31,6
5,2,5,12.6,0,0,5,5,5
5,3,5,14.4,0,0,4,31,5
23,5,23,6.5,0,0,0,35,0
13,1,13,9.6,0,0,5,7,1
11,6,11,25.1,0,1,6,30,19
2,3,2,8.2,0,0,14,19,12
16,2,16,25.2,0,0,0,31,6
20,1,20,13.9,0,0,0,31,6
12,0,12,15.2,0,0,0,9,6
8,5,8,18.2,0,0,0,18,6
14,2,14,19.7,0,0,0,3,6
18,4,18,26.9,0,0,4,29,1
19,6,19,28.6,0,1,0,10,6
9,1,9,11.3,0,0,5,10,4
8,4,8,11.4,0,0,0,20,6
12,4,12,26.1,0,1,0,24,5
23,6,23,19.0,0,0,19,15,0
9,6,9,25.9,0,0,5,24,1
0,1,0,14.0,0,0,0,1,7
23,1,23,12.1,0,0,0,19,0
5,4,5,16.2,0,0,4,45,4
16,2,16,16.5,0,0,0,6,0
16,0,16,21.6,0,0,0,5,6
13,5,13,14.5,0,0,0,3,5
16,1,16,13.2,0,0,21,3,0
5,0,5,12.3,0,0,4,5,1
3,0,3,11.0,0,0,1,39,1
6,1,6,5.6,0,0,0,29,5
18,5,18,26.5,0,1,5,30,1
14,6,14,14.7,0,0,0,12,6
14,1,14,14.8,0,0,13,6,6
12,3,12,28.0,0,0,0,20,6
17,2,17,19.4,0,0,4,9,4
11,0,11,16.0,0,0,0,14,5
5,4,5,8.5,0,0,0,9,5
16,2,16,16.1,0,0,4,31,4
8,4,8,9.5,0,0,0,29,5
1,3,1,10.0,0,0,0,0,0
20,2,20,23.8,0,1,0,7,5
13,1,13,24.7,0,0,0,20,6
16,3,16,25.8,0,0,0,28,6
1,3,1,11.1,0,0,14,19,12
4,0,4,17.3,0,0,0,13,6
13,1,13,26.1,0,1,0,10,5
20,6,20,16.0,0,0,0,9,5
16,3,16,27.9,0,0,0,7,6
4,3,4,9.2,0,0,0,10,6
9,5,9,15.4,0,0,0,69,0
14,1,14,15.2,0,0,20,7,15
12,1,12,26.0,0,1,9,21,11
15,3,15,18.3,0,0,0,20,5
7,2,7,12.0,0,0,0,29,6
10,1,10,7.3,0,0,0,12,5
22,1,22,8.0,0,0,16,32,14
17,2,17,20.4,0,0,4,45,1
0,1,0,14.3,0,0,14,19,15
23,5,23,6.5,0,0,0,15,7
17,4,17,32.8,0,1,20,19,15
10,0,10,21.8,0,1,0,12,6
17,4,17,28.9,0,1,0,30,5
23,4,23,10.4,0,0,0,19,0
16,6,16,25.0,0,0,4,20,4
11,5,11,17.9,0,0,28,7,0
14,3,14,26.3,0,1,0,12,5
18,2,18,20.0,0,0,13,5,5
4,4,4,14.9,0,0,2,2,2
13,1,13,24.5,0,0,5,23,1
8,4,8,8.5,0,0,0,25,5
7,6,7,13.3,0,1,20,19,15
17,6,17,25.4,0,0,0,12,6
5,3,5,0.8,0,0,0,23,5
10,6,10,17.6,0,0,5,10,4
12,5,12,24.4,0,0,5,41,1
4,0,4,14.2,0,0,3,3,3
1,0,1,11.2,0,0,0,0,0
8,0,8,2.1,0,0,4,39,1
4,4,4,7.1,0,0,0,26,6
20,1,20,12.0,0,0,0,7,6
7,5,7,6.1,0,0,14,19,16
22,2,22,9.9,0,0,6,7,8
1,3,1,13.0,0,0,0,1,7
11,1,11,25.2,0,0,0,13,6
12,5,12,12.7,0,0,9,21,11
1,4,1,4.6,0,0,0,6,6
7,0,7,6.9,0,0,0,31,6
5,3,5,5.2,0,0,4,6,4
1,6,1,18.7,0,0,15,19,13
3,0,3,5.9,0,0,1,39,1
21,1,21,13.4,0,0,0,29,6
14,3,14,14.7,0,0,0,3,6
0,5,0,8.0,0,0,2,2,8
18,3,18,8.7,1,2,5,7,1
12,0,12,16.8,0,0,0,5,6
1,1,1,14.4,0,0,2,2,8
15,3,15,12.4,0,0,23,43,0
9,3,9,10.9,1,2,20,4,15
15,5,15,26.2,0,0,21,71,5
19,6,19,14.2,0,0,4,13,1
15,6,15,28.1,0,0,0,13,5
8,4,8,11.7,0,0,0,4,5
10,1,10,14.1,0,0,28,7,0
4,2,4,9.2,0,0,2,2,8
3,5,3,13.4,0,0,10,22,11
6,3,6,15.4,0,0,0,26,6
9,4,9,12.8,0,1,0,29,5
13,0,13,22.6,0,0,20,19,15
11,4,11,9.9,0,0,20,19,15
14,1,14,15.1,0,0,0,3,6
10,3,10,18.6,0,0,0,12,5
8,2,8,4.4,0,0,0,4,5
14,5,14,14.8,0,1,27,81,40
15,0,15,8.4,0,0,13,4,5
7,2,7,7.9,0,0,0,3,5
14,2,14,16.8,0,0,0,3,6
10,5,10,16.5,0,0,0,8,6
9,3,9,13.9,0,0,0,4,5
7,0,7,6.8,0,0,25,51,22
9,6,9,12.6,0,0,0,16,0
8,4,8,13.6,0,1,5,10,1
8,6,8,15.8,0,1,0,18,5
8,4,8,12.3,0,1,0,5,5
13,6,13,20.6,0,0,5,7,1
4,0,4,11.4,0,0,0,23,5
11,2,11,8.6,0,0,5,10,4
16,6,16,28.8,0,1,5,5,5
23,4,23,9.2,0,0,0,19,0
10,3,10,21.5,0,1,25,51,21
17,5,17,7.8,0,0,0,20,6
15,6,15,16.8,0,0,6,18,8
7,4,7,9.9,0,0,5,18,1
4,3,4,6.9,0,0,0,26,6
18,5,18,13.4,0,0,0,25,6
20,4,20,6.9,0,0,18,34,11
16,0,16,15.7,0,0,0,9,6
19,4,19,11.7,0,0,0,22,0
3,2,3,4.0,0,0,20,19,15
15,0,15,18.5,0,0,14,19,16
5,2,5,4.3,0,0,0,13,5
17,1,17,13.8,0,0,0,31,5
1,5,1,6.6,1,2,4,9,4
1,1,1,12.4,0,0,16,32,14
14,1,14,26.3,0,1,12,27,0
17,1,17,25.2,0,0,0,1,10
8,4,8,8.1,0,0,0,41,5
8,2,8,4.4,0,0,0,25,5
14,4,14,28.8,0,0,0,3,5
7,4,7,6.9,0,0,5,6,4
19,3,19,8.9,1,2,4,18,5
11,1,11,19.2,0,1,4,54,5
5,4,5,17.1,0,0,0,13,6
17,6,17,30.6,0,1,25,51,21
13,1,13,26.4,0,1,0,24,5
11,5,11,12.7,0,0,5,14,1
5,2,5,9.7,0,0,4,23,5
18,4,18,26.0,0,0,13,6,6
20,4,20,23.4,0,0,14,63,16
22,1,22,18.4,0,0,14,19,16
4,5,4,14.7,0,0,68,63,15
11,2,11,14.7,0,1,0,12,6
13,1,13,17.1,0,0,0,48,6
21,3,21,19.6,0,0,0,22,0
16,1,16,31.0,0,1,0,13,5
5,6,5,5.7,0,0,4,31,4
3,1,3,10.3,0,0,2,2,2
12,5,12,24.4,0,0,0,12,6
11,4,11,27.0,0,1,0,30,6
16,4,16,30.2,0,0,0,14,5
11,5,11,12.4,0,0,5,14,1
7,3,7,4.1,0,0,0,10,6
5,5,5,11.8,0,0,14,19,15
7,1,7,8.5,0,0,25,51,22
0,3,0,16.7,0,0,0,1,7
7,5,7,13.7,0,0,0,8,5
11,0,11,24.5,1,0,7,53,24
17,4,17,8.2,1,2,4,6,4
13,3,13,12.5,0,0,4,29,1
12,2,12,11.7,0,0,0,12,6
4,1,4,4.4,0,0,0,23,5
8,1,8,9.7,0,0,5,17,4
20,0,20,9.0,0,0,0,31,6
10,4,10,21.4,0,1,0,29,6
11,0,11,23.7,0,1,0,29,6
19,2,19,15.7,0,0,4,45,1
21,3,21,9.8,0,0,15,19,7
15,3,15,22.8,0,0,0,5,6
0,2,0,3.0,0,0,0,19,0
10,4,10,9.4,0,0,55,93,60
10,4,10,15.2,0,0,0,25,6
12,3,12,25.9,0,0,0,18,5
18,2,18,13.4,0,0,5,12,4
5,0,5,15.6,0,0,0,13,6
23,0,23,19.2,0,0,5,6,1
8,3,8,18.3,0,1,7,77,24
18,3,18,10.4,0,0,4,18,1
18,0,18,25.9,0,1,0,18,5
0,4,0,16.3,0,0,15,37,7
2,4,2,6.5,0,0,39,19,12
8,6,8,5.0,0,0,0,30,6
22,2,22,6.9,0,0,13,6,6
5,0,5,8.9,0,0,5,3,4
21,3,21,10.8,0,0,20,19,15
4,6,4,8.0,0,0,5,5,4
15,5,15,27.3,0,0,21,71,5
16,5,16,20.4,0,0,0,20,6
6,4,6,12.0,0,1,5,5,4
7,3,7,7.6,0,0,0,11,6
8,1,8,16.0,0,1,0,8,6
10,6,10,10.7,0,0,0,25,5
10,5,10,12.4,0,0,0,6,7
3,3,3,5.7,0,0,8,19,10
23,5,23,18.5,0,0,0,35,0
18,0,18,13.4,0,0,0,12,5
10,6,10,11.2,0,0,0,29,6
11,0,11,23.2,0,1,0,12,5
5,3,5,8.5,0,0,0,5,6
16,1,16,29.3,0,1,0,12,5
22,6,22,8.4,0,0,0,8,5
15,3,15,9.8,0,0,25,51,22
0,1,0,22.2,0,0,0,1,7
13,3,13,15.7,0,0,0,13,6
13,6,13,17.2,0,0,0,11,6
4,5,4,1.7,0,0,2,2,8
23,3,23,21.3,0,1,17,33,15
23,6,23,18.1,0,1,18,34,11
12,6,12,30.4,0,0,2,2,2
8,2,8,9.0,0,0,0,13,5
0,4,0,8.8,0,0,0,6,6
9,0,9,12.6,0,0,14,19,12
19,2,19,24.6,0,0,0,9,6
19,2,19,27.3,0,0,0,9,6
12,0,12,11.2,0,0,0,9,6
14,1,14,17.0,0,0,0,12,5
7,5,7,11.9,0,0,0,31,5
7,6,7,7.0,0,0,0,12,6
15,4,15,18.2,0,0,0,3,6
5,3,5,2.0,0,0,0,13,6
12,2,12,22.3,0,1,0,8,0
11,4,11,14.0,0,0,5,41,1
5,4,5,12.5,0,0,5,26,1
0,3,0,7.4,0,0,0,8,6
12,0,12,9.0,0,0,5,13,4
11,4,11,24.5,0,0,0,20,6
20,4,20,14.5,0,0,5,18,1
9,4,9,18.0,0,0,0,6,6
14,3,14,27.8,0,0,0,29,6
1,6,1,13.6,0,0,2,2,8
9,5,9,8.4,0,0,0,13,6
15,3,15,10.2,0,0,5,20,4
15,0,15,18.4,0,0,5,14,1
7,2,7,4.5,0,0,0,3,7
8,0,8,10.4,0,0,0,18,5
20,3,20,11.3,0,0,0,26,6
5,6,5,15.9,0,0,5,5,1
11,6,11,21.5,0,0,5,10,4
19,2,19,13.9,0,0,4,13,1
13,3,13,27.6,0,1,28,7,0
5,6,5,2.4,0,0,4,4,4
16,0,16,26.8,0,1,0,7,6
6,6,6,8.0,1,2,18,34,11
13,1,13,15.0,0,0,0,41,5
4,1,4,4.8,0,0,5,4,1
15,3,15,27.6,0,0,5,62,1
14,6,14,16.4,0,0,4,30,5
15,2,15,28.2,0,1,0,5,6
6,0,6,7.7,0,0,0,13,5
10,1,10,19.2,0,0,1,1,7
15,6,15,15.7,0,0,0,44,5
23,0,23,19.3,0,0,17,33,15
16,6,16,24.6,0,0,0,1,7
5,2,5,13.6,0,0,4,45,1
15,6,15,16.7,0,0,13,4,5
12,5,12,13.3,0,0,0,31,6
14,1,14,11.2,0,0,21,71,5
21,4,21,9.7,0,0,0,10,6
18,4,18,15.3,0,0,13,6,6
18,1,18,24.8,0,1,0,18,5
8,1,8,7.2,0,0,21,3,5
4,1,4,5.6,0,0,0,13,6
13,2,13,21.1,0,0,4,5,4
21,4,21,9.2,0,0,0,31,6
23,2,23,9.4,0,0,5,6,1
16,5,16,14.9,0,0,21,3,0
11,6,11,25.6,0,0,0,16,7
0,1,0,11.5,0,0,1,1,1
9,3,9,11.5,0,0,0,18,5
13,0,13,27.8,0,1,28,7,0
14,4,14,15.2,0,0,0,13,6
16,1,16,30.4,0,1,0,12,6
5,5,5,11.5,0,0,4,5,4
8,6,8,0.3,0,0,21,3,5
21,2,21,11.1,1,2,5,13,1
10,5,10,6.9,0,0,0,23,5
15,4,15,17.8,0,0,20,19,15
8,5,8,17.9,0,1,0,1,7
4,5,4,4.0,0,0,0,26,6
1,2,1,12.8,0,0,0,0,0
18,1,18,27.9,0,1,0,12,6
9,4,9,15.4,0,0,0,8,5
0,2,0,3.6,0,0,1,1,14
14,2,14,22.4,0,0,0,14,5
7,0,7,15.5,0,0,13,6,5
20,6,20,18.5,0,0,5,6,1
19,6,19,22.5,0,1,0,10,5
5,1,5,13.6,0,0,2,2,8
6,3,6,3.8,0,0,0,29,5
11,4,11,9.5,0,0,5,41,1
8,3,8,13.7,0,1,0,12,6
5,4,5,3.8,0,0,4,4,4
14,1,14,17.9,0,0,0,48,6
8,2,8,6.5,0,0,0,4,5
9,3,9,14.4,0,0,0,3,6
22,3,22,6.2,0,0,21,3,5
12,0,12,10.9,0,0,0,29,6
15,6,15,30.9,0,1,20,19,15
15,6,15,18.6,0,0,5,14,1
19,1,19,10.9,1,2,2,2,2
5,1,5,5.4,0,0,13,6,6
11,1,11,14.5,0,2,7,101,36
7,2,7,1.2,0,0,0,3,7
18,3,18,14.9,0,1,0,12,5
7,4,7,12.8,0,1,21,3,5
19,0,19,9.8,0,0,0,20,5
18,2,18,22.4,0,0,0,12,6
11,5,11,11.4,0,0,4,13,4
7,4,7,3.3,0,0,4,12,5
6,3,6,8.3,0,0,0,9,5
7,2,7,15.4,0,0,5,10,1
15,3,15,24.6,0,0,59,26,31
1,5,1,7.4,0,0,20,19,15
1,4,1,15.1,0,0,2,2,8
15,2,15,7.8,0,0,4,29,1
22,3,22,17.4,0,0,40,19,15
14,0,14,29.3,0,1,4,17,5
5,1,5,9.3,0,0,0,3,5
16,6,16,28.9,0,0,4,31,1
20,2,20,10.3,0,0,18,34,11
0,0,0,17.8,0,0,24,7,15
3,4,3,4.6,0,0,3,3,3
5,4,5,8.8,0,0,0,26,6
18,2,18,29.3,0,0,21,3,0
16,2,16,21.9,0,0,0,6,0
23,1,23,10.3,0,0,13,6,1
16,0,16,27.9,0,1,0,29,5
7,0,7,7.1,0,0,0,13,6
12,0,12,20.1,0,0,13,6,6
23,0,23,5.6,0,0,5,6,1
5,4,5,9.1,0,0,0,31,6
7,2,7,15.5,0,0,1,1,7
15,5,15,26.3,0,1,0,20,5
4,0,4,15.6,0,0,0,31,5
20,6,20,18.3,0,0,4,18,1
23,1,23,18.0,0,0,0,35,0
13,5,13,22.4,0,0,0,48,6
10,4,10,11.7,0,0,0,30,6
7,1,7,13.5,0,0,0,7,6
1,1,1,7.5,0,0,0,0,0
6,6,6,6.7,0,0,21,3,5
7,3,7,15.8,0,1,0,12,5
23,3,23,8.8,1,2,2,2,8
17,6,17,24.4,0,0,21,3,14
15,6,15,11.3,0,2,13,4,5
12,1,12,24.9,0,1,0,31,6
23,5,23,4.2,0,0,0,35,0
13,1,13,13.4,0,0,0,12,5
8,6,8,15.1,0,1,0,4,5
17,1,17,30.1,0,0,20,19,15
13,1,13,25.4,0,1,5,7,5
8,0,8,13.7,0,1,0,12,5
8,4,8,19.2,0,0,0,13,5
17,4,17,24.4,0,0,21,3,5
10,3,10,10.2,0,0,0,29,6
10,2,10,27.8,0,1,0,14,5
22,2,22,7.2,0,0,39,19,12
17,4,17,25.2,0,0,4,45,4
4,6,4,10.3,0,0,0,8,6
5,0,5,6.4,0,0,5,13,1
19,6,19,10.6,0,0,0,10,5
15,6,15,17.0,0,0,23,43,0
20,0,20,18.1,0,0,0,31,5
17,4,17,30.2,0,0,4,45,1
11,5,11,10.2,0,0,13,6,6
0,6,0,20.1,0,0,10,22,11
5,4,5,7.7,0,0,13,6,6
16,0,16,17.1,0,0,39,19,12
16,5,16,15.3,0,0,0,9,6
18,2,18,15.4,0,0,4,9,5
11,4,11,19.7,0,0,0,25,6
12,2,12,9.4,0,0,5,41,1
4,4,4,5.3,0,0,0,13,6
0,3,0,7.0,0,0,0,8,5
8,6,8,4.7,0,0,0,4,5
0,1,0,17.4,0,0,10,22,11
17,2,17,19.9,0,0,5,5,4
5,0,5,9.4,0,0,4,4,1
13,0,13,27.7,0,0,9,21,13
21,3,21,7.2,0,0,18,34,11
15,6,15,15.5,0,0,4,44,5
9,3,9,3.6,0,0,0,30,5
5,0,5,3.8,0,0,4,6,5
9,3,9,11.0,1,2,0,9,6
4,3,4,11.0,1,2,2,2,2
12,3,12,11.5,0,0,0,20,5
10,2,10,24.1,0,0,0,16,7
7,2,7,11.0,0,0,5,10,4
14,6,14,29.1,0,1,20,19,15
4,5,4,11.7,0,0,0,10,6
6,0,6,2.8,0,0,0,6,5
7,1,7,11.6,0,0,0,6,0
13,2,13,17.0,0,0,0,3,5
12,0,12,20.4,0,0,5,5,5
14,2,14,11.7,0,0,0,31,6
9,6,9,25.6,0,0,0,29,5
7,5,7,14.6,0,1,14,19,16
16,1,16,12.0,0,0,0,13,6
18,4,18,11.3,0,0,13,5,5
18,6,18,13.8,0,0,7,8,18
22,5,22,21.6,0,1,17,33,15
10,1,10,17.8,0,0,0,25,6
9,2,9,11.2,0,0,0,6,5
13,0,13,14.8,0,0,5,7,1
6,5,6,5.5,0,0,0,23,6
4,3,4,0.9,0,0,5,5,4
6,2,6,3.7,0,0,5,6,1
9,4,9,5.7,0,0,0,4,5
4,1,4,12.7,0,0,0,13,6
15,1,15,31.0,0,1,0,12,6
7,3,7,17.6,0,1,0,12,5
0,5,0,6.7,0,2,7,29,24
0,4,0,7.6,0,0,13,6,6
13,2,13,8.8,0,0,0,31,5
9,2,9,4.9,0,0,7,67,24
15,3,15,26.6,0,0,13,4,6
19,6,19,22.6,0,0,5,13,1
23,6,23,15.1,0,0,0,8,5
19,0,19,23.8,0,0,0,10,5
8,2,8,9.2,0,0,4,13,1
15,2,15,14.1,0,0,0,23,6
8,3,8,17.0,0,0,27,82,70
15,6,15,31.5,0,1,0,49,5
11,4,11,21.8,0,0,0,19,0
13,4,13,22.9,0,0,20,19,15
15,0,15,24.5,0,0,0,31,6
18,0,18,30.2,0,0,4,13,1
4,3,4,9.4,0,0,5,5,4
17,3,17,9.9,0,0,0,31,6
21,3,21,20.1,0,0,0,26,6
16,1,16,18.6,0,0,0,3,5
10,4,10,7.0,1,2,12,27,0
16,2,16,24.5,0,0,0,8,6
8,0,8,4.3,0,0,0,18,5
5,6,5,17.9,0,0,4,10,1
6,1,6,9.4,0,0,4,9,4
4,5,4,0.9,0,0,0,23,5
12,1,12,24.0,0,1,5,5,5
17,4,17,29.3,0,1,14,19,16
8,2,8,6.3,0,0,0,13,5
21,3,21,18.9,0,0,0,3,6
23,2,23,13.8,0,0,17,33,15
9,3,9,6.0,0,0,0,29,5
13,3,13,27.2,0,1,23,43,0
18,1,18,29.2,0,1,0,31,6
5,1,5,5.6,0,0,0,13,5
23,5,23,11.7,0,0,15,19,7
4,1,4,12.3,1,2,0,10,6
1,3,1,11.0,0,0,1,1,1
7,4,7,12.9,0,1,0,7,5
1,5,1,10.3,0,0,1,1,1
10,6,10,21.3,0,1,0,61,0
10,3,10,14.0,0,0,0,29,6
21,6,21,24.2,0,0,4,10,4
18,6,18,25.5,0,0,21,3,0
5,2,5,6.1,0,0,0,9,6
9,4,9,19.5,0,0,0,17,5
15,3,15,17.3,0,0,23,43,0
9,6,9,8.8,0,0,0,26,6
20,0,20,15.8,0,0,5,29,4
10,0,10,19.5,0,0,5,24,1
6,0,6,12.6,0,1,0,9,6
12,3,12,10.3,0,0,0,10,6
8,0,8,19.2,0,1,4,13,4
0,3,0,17.6,0,0,15,37,7
11,5,11,15.0,0,0,0,12,6
7,6,7,11.4,0,0,0,7,6
5,1,5,11.2,0,0,4,4,4
0,3,0,10.7,0,0,0,1,7
13,1,13,15.0,0,0,0,29,6
23,0,23,12.6,0,0,0,19,0
17,4,17,35.3,0,1,0,7,5
12,0,12,16.4,0,0,0,6,6
1,6,1,10.3,0,0,13,6,6
0,6,0,21.4,0,0,15,37,7
13,0,13,28.8,0,0,0,31,5
10,6,10,7.0,0,0,0,12,6
5,3,5,14.0,0,0,4,31,4
12,1,12,12.1,0,0,0,13,6
15,4,15,26.7,0,0,4,20,4
13,0,13,13.2,0,0,5,7,4
5,3,5,7.4,0,0,2,2,8
20,5,20,7.0,0,0,0,3,6
5,2,5,4.5,0,0,0,9,6
23,1,23,16.1,0,0,18,34,11
23,1,23,12.6,0,0,0,36,0
7,0,7,1.2,0,0,0,13,6
12,1,12,25.8,0,0,0,12,5
14,2,14,22.7,0,0,13,6,6
15,5,15,28.3,0,1,0,5,6
10,2,10,12.5,0,0,0,41,5
6,5,6,8.5,0,0,0,8,5
6,6,6,4.8,0,0,0,9,6
13,5,13,22.6,0,0,7,25,24
11,6,11,21.6,0,0,0,12,6
9,6,9,7.3,0,0,0,11,6
16,0,16,27.3,0,0,5,12,1
15,2,15,31.1,0,1,0,49,6
19,3,19,21.2,0,0,6,18,27
10,2,10,14.3,0,0,5,14,1
22,4,22,20.8,0,1,17,33,15
14,2,14,9.8,0,0,4,6,5
4,4,4,9.0,0,0,0,26,6
7,0,7,8.5,0,0,4,6,4
17,2,17,32.4,0,1,0,12,6
7,0,7,10.8,0,0,0,11,6
20,0,20,25.4,0,1,4,18,1
15,6,15,14.6,0,0,5,14,1
9,2,9,11.5,0,0,0,10,6
12,2,12,17.2,0,0,10,22,11
20,3,20,23.1,0,1,0,8,5
16,0,16,14.9,0,0,0,9,6
17,5,17,25.5,0,1,0,31,6
23,2,23,10.5,0,0,0,35,7
7,0,7,15.5,0,0,25,51,21
11,5,11,10.3,0,0,0,20,6
23,3,23,10.5,0,0,0,19,7
10,1,10,21.2,0,0,0,11,6
13,6,13,27.1,0,1,25,59,22
16,1,16,20.6,0,0,21,71,5
11,5,11,24.7,0,0,5,10,1
18,0,18,25.6,0,0,0,12,5
16,2,16,12.0,0,0,0,5,6
14,5,14,16.0,0,0,21,71,5
13,5,13,13.8,0,0,4,5,1
15,5,15,15.0,0,0,4,6,4
23,4,23,17.7,0,0,0,19,0
16,0,16,26.6,0,1,0,12,5
8,1,8,10.1,0,0,0,20,5
21,6,21,19.8,0,0,0,6,0
9,0,9,18.0,0,1,22,19,15
10,0,10,13.9,0,0,0,13,6
23,0,23,22.2,0,0,10,38,10
16,4,16,34.6,0,1,4,5,5
20,6,20,11.9,0,0,0,31,6
1,2,1,12.4,0,0,10,22,11
12,5,12,16.8,0,0,0,5,6
5,6,5,8.3,0,0,20,7,15
10,4,10,9.1,0,0,5,24,1
14,3,14,13.1,0,0,4,13,1
19,3,19,15.6,0,0,20,19,15
22,1,22,10.0,0,0,15,19,7
13,0,13,28.1,0,0,5,24,1
14,4,14,27.0,0,1,4,17,5
9,6,9,15.3,0,0,0,6,6
14,5,14,16.1,0,0,6,18,8
6,6,6,16.3,0,0,0,8,5
17,0,17,26.5,0,0,0,6,0
16,3,16,27.6,0,1,6,18,8
6,4,6,6.2,0,0,13,6,6
16,1,16,15.1,0,0,4,13,4
11,6,11,22.9,0,0,5,12,1
9,2,9,21.5,0,0,5,14,1
17,6,17,24.3,0,0,21,3,0
7,6,7,11.3,0,0,0,13,6
8,6,8,15.2,0,1,29,3,25
4,1,4,17.1,0,0,0,10,6
8,5,8,4.2,0,0,0,9,6
2,6,2,17.3,0,0,0,0,0
13,0,13,7.9,0,0,4,5,5
12,0,12,24.0,0,1,0,9,6
15,0,15,11.9,0,0,0,12,6
5,4,5,0.3,0,0,0,7,6
7,5,7,3.3,0,0,0,9,6
15,2,15,22.7,0,0,4,10,4
10,5,10,16.3,0,0,0,29,6
21,6,21,22.8,0,1,21,3,5
16,6,16,24.3,0,0,0,7,6
7,2,7,15.4,0,0,0,11,5
10,2,10,8.2,0,0,5,10,4
23,0,23,15.3,0,1,10,38,10
22,0,22,13.5,0,0,6,18,8
18,1,18,7.9,0,0,0,12,6
0,2,0,5.2,0,0,0,1,7
5,2,5,13.7,0,0,2,2,8
16,4,16,26.6,0,0,0,5,5
22,6,22,9.8,0,0,15,19,7
11,2,11,15.8,0,0,0,12,6
18,1,18,26.7,0,0,0,20,6
11,4,11,15.5,0,0,0,13,6
15,2,15,16.1,0,0,5,14,1
15,3,15,24.4,0,0,25,51,23
5,5,5,2.5,0,0,0,13,6
15,3,15,27.3,0,0,13,99,4
22,4,22,4.4,0,0,16,32,14
9,6,9,16.6,0,0,0,15,7
18,5,18,23.7,0,0,0,26,5
11,5,11,11.6,0,0,0,89,7
8,4,8,11.5,0,1,0,16,0
5,2,5,0.9,0,0,0,9,6
0,6,0,19.0,0,0,10,22,11
4,1,4,11.6,0,0,0,9,6
23,1,23,6.1,0,0,5,6,1
15,1,15,26.9,0,0,14,19,16
15,6,15,29.0,0,1,0,22,0
13,6,13,19.7,0,0,0,48,6
8,4,8,13.2,0,0,5,10,1
4,3,4,15.1,0,0,0,10,6
23,3,23,13.5,0,0,0,19,0
11,0,11,26.0,0,0,18,34,51
16,3,16,29.7,0,1,0,4,5
8,6,8,11.9,0,1,5,10,1
23,3,23,9.1,0,0,0,19,7
1,1,1,14.4,0,0,0,1,0
16,2,16,28.6,0,0,0,5,6
15,3,15,12.6,0,0,0,6,5
9,2,9,9.4,0,0,0,16,0
18,5,18,28.3,0,0,21,3,0
11,1,11,13.7,0,0,0,16,0
17,3,17,13.0,0,0,0,9,5
5,0,5,13.5,0,0,2,2,8
2,1,2,14.8,0,0,0,19,0
0,1,0,14.7,0,0,10,22,11
16,3,16,17.7,0,0,0,44,5
5,1,5,17.1,0,0,0,9,5
23,5,23,21.4,0,1,18,34,11
12,2,12,14.8,0,0,0,5,6
12,4,12,13.4,0,0,9,21,11
9,2,9,9.4,0,0,0,16,7
19,3,19,11.1,0,0,0,22,0
14,6,14,18.6,0,0,0,11,5
9,4,9,11.7,0,0,0,18,6
16,4,16,15.4,0,0,0,28,5
11,2,11,22.5,0,0,10,38,10
1,5,1,10.4,0,0,16,32,5
9,2,9,15.9,0,0,0,15,7
4,6,4,17.6,0,0,0,23,5
11,5,11,24.4,0,1,4,31,4
18,6,18,12.0,0,0,0,18,5
5,3,5,1.9,0,0,0,13,6
20,3,20,9.6,0,0,21,3,5
7,2,7,9.9,0,0,0,25,6
8,1,8,9.4,0,0,14,72,16
19,6,19,23.9,0,0,6,18,8
6,5,6,13.5,0,0,0,9,5
11,2,11,9.8,0,0,0,29,6
15,2,15,12.0,0,0,0,29,6
21,3,21,18.0,0,0,26,58,7
12,5,12,17.2,0,0,0,28,6
17,3,17,27.4,0,0,21,3,5
22,0,22,14.3,1,2,5,29,1
17,6,17,29.4,0,0,0,31,6
15,1,15,21.4,0,1,0,5,16
21,5,21,18.8,0,0,0,22,0
4,3,4,9.8,0,0,0,13,6
16,2,16,14.7,0,0,5,20,4
13,3,13,23.7,0,0,4,13,4
5,3,5,2.3,0,0,0,9,6
14,6,14,10.6,0,0,6,30,19
16,3,16,14.3,0,0,0,6,6
11,5,11,24.9,1,0,0,53,15
8,1,8,9.1,0,0,4,13,4
15,0,15,20.5,0,1,0,12,5
21,0,21,17.7,0,1,15,19,7
8,1,8,13.8,0,0,0,29,6
0,1,0,14.2,0,0,10,22,11
19,6,19,27.1,0,0,0,9,6
14,0,14,31.0,0,1,0,10,5
19,1,19,5.6,0,0,4,18,5
8,5,8,3.3,0,0,0,28,6
16,3,16,25.5,0,0,0,12,6
20,1,20,21.5,0,0,0,26,6
5,0,5,9.7,0,0,0,13,5
19,4,19,25.1,0,1,4,18,1
8,4,8,8.4,0,0,0,13,6
18,3,18,8.7,1,2,0,18,5
22,3,22,13.8,0,0,15,19,13
12,3,12,11.0,0,0,0,29,6
5,2,5,4.1,0,0,0,31,5
20,1,20,21.8,0,0,0,7,5
15,3,15,18.0,0,0,5,14,1
16,3,16,32.6,0,0,13,4,6
13,0,13,30.5,0,1,0,12,5
18,0,18,10.6,0,0,4,10,1
22,5,22,18.2,0,0,10,38,10
8,3,8,11.0,0,0,0,4,5
16,1,16,24.9,0,0,0,14,5
7,3,7,10.3,0,0,1,1,7
23,3,23,16.7,0,0,18,34,11
8,1,8,6.9,0,0,0,20,5
8,5,8,11.1,0,0,0,14,5
18,2,18,12.5,0,0,0,13,6
23,3,23,11.2,0,0,0,19,0
12,1,12,24.7,0,1,0,8,6
18,4,18,15.3,0,0,0,23,5
18,0,18,24.4,0,0,21,3,0
19,3,19,10.1,0,0,0,20,5
2,5,2,6.4,1,2,2,2,8
14,6,14,12.8,0,0,0,3,6
0,4,0,13.4,0,0,0,1,7
4,2,4,13.1,0,0,0,13,6
1,6,1,6.3,0,0,5,7,4
6,1,6,4.4,0,0,4,9,1
9,5,9,7.6,0,0,0,16,0
20,0,20,9.3,0,0,5,9,1
7,0,7,14.6,0,1,0,13,6
9,0,9,13.5,0,0,0,41,5
13,2,13,30.1,0,1,0,48,5
8,5,8,6.4,0,0,0,3,6
13,6,13,26.2,0,0,0,12,6
0,5,0,19.1,0,1,4,29,1
21,2,21,11.2,1,2,4,13,1
4,3,4,5.3,0,0,4,18,5
8,0,8,1.5,0,0,14,19,16
3,0,3,12.3,0,0,8,1,10
11,0,11,9.2,0,0,13,6,6
18,3,18,14.1,0,0,5,10,4
7,4,7,7.7,1,2,14,5,12
7,6,7,9.6,0,1,0,7,5
11,1,11,12.6,0,0,0,29,6
19,2,19,17.2,0,1,4,18,5
6,6,6,12.3,0,0,1,1,1
20,3,20,10.0,0,0,0,8,5
14,1,14,26.6,0,1,20,19,15
13,6,13,15.4,0,0,6,18,17
18,2,18,25.1,0,0,4,13,1
8,6,8,16.9,0,1,0,5,5
20,6,20,21.7,0,0,4,18,1
21,1,21,9.5,1,2,4,9,5
12,5,12,13.8,0,0,25,51,22
3,1,3,12.4,0,0,10,38,10
6,0,6,9.7,0,0,13,6,5
23,1,23,10.3,0,0,0,35,7
11,6,11,14.6,0,0,0,19,0
7,6,7,6.6,0,0,0,31,6
18,1,18,19.4,0,0,0,1,7
21,2,21,22.4,0,1,0,7,5
11,5,11,11.0,0,0,5,14,1
4,1,4,12.7,0,0,0,31,5
23,3,23,9.1,0,0,10,22,11
16,6,16,28.1,0,1,4,64,5
13,2,13,33.5,0,1,0,12,5
19,3,19,27.7,0,1,0,12,5
7,4,7,8.7,0,1,0,11,6
15,1,15,17.9,0,0,0,13,5
13,4,13,27.0,0,1,4,17,1
13,4,13,26.0,0,0,0,5,6
8,6,8,11.8,0,0,0,20,6
16,6,16,25.4,0,0,0,29,6
5,5,5,8.3,0,0,21,87,6
11,0,11,20.3,0,0,0,12,6
21,2,21,26.7,0,1,0,22,0
7,1,7,11.0,0,0,1,1,1
7,1,7,16.6,0,1,0,12,6
13,1,13,21.3,0,0,6,18,8
15,3,15,32.0,0,1,4,31,5
1,5,1,13.7,0,0,13,6,6
13,1,13,26.2,0,1,0,12,6
13,1,13,27.1,0,1,10,22,11
22,1,22,18.7,0,1,15,19,13
12,1,12,25.7,0,0,0,5,6
0,4,0,11.2,1,2,0,29,6
10,4,10,9.5,0,0,0,6,0
11,3,11,20.5,0,0,25,51,22
15,3,15,10.9,0,0,20,19,15
22,4,22,26.3,0,1,6,18,8
22,6,22,7.3,0,0,0,31,5
1,4,1,11.5,0,0,2,2,8
9,2,9,12.3,0,1,0,18,5
6,2,6,13.0,0,0,20,19,15
1,1,1,9.9,0,0,2,2,8
12,4,12,14.4,0,0,13,6,6
17,6,17,30.4,0,1,0,30,5
12,5,12,10.7,0,0,0,24,5
20,0,20,12.4,0,0,0,3,6
20,0,20,7.6,0,0,5,10,1
9,1,9,24.3,0,0,0,17,5
8,3,8,15.7,0,0,22,19,15
4,3,4,10.0,0,0,0,31,6
5,4,5,12.3,0,0,0,13,5
9,5,9,17.1,0,0,0,16,0
11,4,11,20.3,0,0,5,10,1
8,0,8,18.3,0,0,0,25,5
20,1,20,12.7,0,0,18,34,11
11,6,11,11.5,0,0,0,6,6
0,0,0,7.1,0,0,0,1,7
7,5,7,4.2,0,0,25,51,22
20,1,20,11.6,0,0,0,31,6
22,6,22,15.6,0,0,13,4,6
7,1,7,18.8,0,0,0,6,0
15,6,15,17.0,0,0,2,30,8
17,3,17,26.7,0,0,0,29,6
12,3,12,12.6,0,0,4,54,5
4,2,4,9.5,0,0,0,13,5
11,2,11,17.1,0,0,0,20,6
8,5,8,3.8,0,0,0,4,5
17,2,17,29.6,0,0,4,45,4
15,4,15,18.8,0,0,0,13,6
16,6,16,23.7,0,0,0,5,6
16,2,16,15.8,0,0,0,23,6
15,4,15,18.3,0,0,0,25,5
11,1,11,17.7,0,0,4,29,5
15,3,15,33.4,0,1,20,19,15
9,5,9,9.7,0,0,0,10,6
13,0,13,11.7,0,0,0,24,5
16,6,16,16.8,0,0,0,1,7
23,3,23,21.7,0,1,19,15,0
16,1,16,20.2,0,0,0,44,6
12,3,12,10.9,0,0,0,11,5
7,2,7,9.3,0,1,0,11,6
16,0,16,26.9,0,0,0,9,6
5,0,5,17.0,0,0,0,9,5
10,0,10,11.4,0,0,0,29,5
14,1,14,11.6,1,2,5,3,4
16,0,16,24.1,0,0,0,30,5
7,6,7,14.1,0,1,0,31,5
18,1,18,22.5,0,0,0,10,6
16,2,16,19.9,0,0,0,14,5
5,6,5,13.6,0,0,4,6,4
17,1,17,22.7,0,0,0,9,6
6,6,6,7.0,0,0,5,6,4
13,3,13,28.4,0,0,7,13,24
6,4,6,8.5,0,0,1,1,1
5,3,5,4.4,0,0,0,7,6
15,6,15,32.6,0,1,0,12,6
13,3,13,11.2,0,0,5,7,1
15,4,15,16.4,0,0,5,25,1
17,0,17,18.3,1,2,0,31,5
17,3,17,27.9,0,0,0,5,6
7,4,7,8.5,0,0,7,29,24
17,5,17,24.8,0,0,0,12,6
15,4,15,13.2,0,0,0,44,5
18,5,18,29.0,0,0,5,10,1
8,5,8,17.1,0,0,4,29,1
7,5,7,7.2,0,0,0,31,5
0,3,0,16.4,0,0,15,37,0
9,2,9,11.3,0,0,0,18,5
23,3,23,15.7,0,0,0,19,0
5,2,5,13.8,0,0,0,9,6
16,4,16,28.8,0,0,21,3,15
20,2,20,29.1,0,1,0,8,5
11,1,11,22.5,0,1,0,16,7
12,1,12,26.2,0,0,5,5,5
8,5,8,1.9,0,0,5,10,1
16,6,16,18.2,0,0,0,7,6
8,5,8,11.8,0,0,0,5,5
9,5,9,13.4,0,0,0,3,5
10,0,10,15.6,0,0,0,12,5
8,2,8,3.4,0,0,13,6,6
15,4,15,19.1,0,0,13,4,5
5,1,5,13.5,0,0,0,9,5
6,6,6,14.1,0,1,20,6,15
0,1,0,18.6,0,0,0,8,6
15,5,15,25.3,0,0,13,6,6
16,2,16,12.1,0,0,4,31,1
17,5,17,29.6,0,0,0,13,6
20,0,20,20.8,0,1,0,10,6
23,3,23,10.7,0,0,0,36,7
5,0,5,12.6,0,0,4,9,5
8,4,8,5.4,0,0,4,29,5
10,0,10,15.2,0,0,0,13,6
20,3,20,11.6,0,0,0,7,5
8,0,8,7.9,0,0,0,28,6
13,1,13,26.1,0,1,28,7,0
20,0,20,23.4,0,0,0,13,6
22,1,22,14.7,0,0,6,18,8
11,5,11,11.0,0,0,0,20,6
15,5,15,34.0,0,1,0,5,6
5,1,5,8.5,0,0,0,31,5
6,3,6,10.6,1,2,30,9,15
8,1,8,3.4,0,0,0,3,6
20,3,20,12.0,0,0,0,7,6
18,1,18,24.1,0,0,0,12,5
13,6,13,21.6,0,0,0,20,5
11,1,11,18.1,0,0,0,6,5
10,4,10,13.1,0,0,0,16,0
9,4,9,13.7,0,0,22,19,15
6,3,6,15.7,0,1,5,7,5
4,1,4,7.7,0,0,0,40,5
19,4,19,11.5,0,0,5,18,1
3,2,3,10.9,0,0,2,2,2
18,5,18,30.0,0,0,5,30,1
22,4,22,7.2,1,2,14,6,12
5,4,5,13.3,0,0,2,2,8
10,3,10,19.1,0,0,0,13,6
11,2,11,20.5,0,0,2,2,2
21,0,21,17.1,0,0,0,10,6
10,3,10,17.0,0,0,0,12,6
7,6,7,8.5,0,0,0,3,7
23,2,23,16.5,0,1,6,18,17
18,1,18,13.5,0,0,5,23,1
19,3,19,18.6,0,0,5,12,1
18,2,18,25.7,0,0,0,25,6
15,0,15,10.1,1,0,25,25,21
1,6,1,16.4,0,0,0,0,0
16,1,16,26.8,0,0,7,47,18
17,0,17,15.7,0,0,0,9,6
19,3,19,8.9,1,2,5,10,4
19,1,19,10.8,1,2,5,10,4
1,3,1,15.4,0,0,1,1,1
7,0,7,10.8,0,0,0,13,5
18,4,18,21.9,0,1,0,12,6
6,3,6,12.3,0,0,4,64,4
13,6,13,15.1,0,0,4,13,4
12,5,12,14.0,0,0,7,96,58
5,1,5,8.1,0,0,0,23,5
21,5,21,8.6,0,0,10,38,10
20,2,20,0.0,0,1,5,13,1
23,6,23,15.9,0,0,18,34,11
10,1,10,21.7,0,1,4,41,1
19,2,19,11.6,0,0,4,9,1
22,1,22,18.4,0,0,10,38,10
5,6,5,15.9,0,0,4,1,1
22,0,22,17.9,0,1,16,32,14
4,1,4,5.8,0,0,0,9,6
15,3,15,27.2,0,0,4,9,4
12,5,12,22.3,0,1,0,24,5
19,0,19,26.1,0,1,4,18,1
11,2,11,15.9,0,0,0,14,5
13,1,13,19.0,0,0,0,9,6
20,3,20,11.7,0,0,0,22,0
7,0,7,14.6,0,1,4,9,4
16,2,16,19.6,0,0,4,31,5
13,6,13,13.8,0,0,2,2,2
11,4,11,7.3,0,0,5,41,1
10,6,10,9.6,0,0,0,12,6
5,4,5,8.8,0,0,3,3,3
4,2,4,9.4,0,0,7,31,18
19,4,19,11.2,0,0,0,22,0
17,3,17,16.9,0,0,0,13,6
11,1,11,25.6,0,1,0,17,5
23,2,23,9.7,0,0,6,20,19
7,1,7,15.8,0,0,5,17,1
10,6,10,14.3,0,0,5,10,4
10,1,10,18.6,0,0,0,24,5
5,3,5,15.1,0,0,0,26,6
12,4,12,23.7,0,0,11,60,3
13,1,13,29.2,0,1,23,43,0
5,0,5,5.4,0,0,0,9,5
11,1,11,14.6,0,0,0,14,5
20,2,20,9.6,0,0,21,3,5
8,0,8,16.6,0,1,0,12,6
10,2,10,8.5,0,0,0,13,5
21,2,21,18.4,0,0,4,13,1
4,5,4,4.0,0,0,21,3,14
4,4,4,13.3,0,0,0,26,5
4,2,4,12.4,0,0,4,115,5
14,0,14,23.1,0,0,13,6,6
7,1,7,10.8,0,0,5,17,1
6,0,6,12.6,0,1,4,18,1
13,1,13,28.7,0,1,0,12,6
4,1,4,5.7,0,0,2,2,8
20,6,20,12.6,0,0,18,34,11
4,6,4,16.0,0,0,0,9,6
15,4,15,16.3,0,0,1,1,1
19,0,19,22.2,0,0,0,48,6
22,5,22,9.1,0,0,10,22,11
13,0,13,18.3,0,0,4,5,5
16,2,16,28.6,0,1,4,31,4
2,6,2,15.5,0,0,13,6,6
20,0,20,21.4,0,1,0,8,5
16,2,16,29.4,0,0,0,14,5
18,6,18,28.7,0,1,0,12,6
0,0,0,21.8,0,0,0,19,0
0,6,0,9.7,0,0,5,6,1
15,6,15,17.1,0,0,13,6,6
9,0,9,14.8,0,0,0,28,5
1,0,1,7.4,0,0,0,46,0
23,2,23,7.6,0,0,0,36,7
10,2,10,9.6,0,0,0,6,0
20,0,20,10.1,0,0,0,7,6
21,5,21,13.5,0,0,5,3,4
14,2,14,18.5,0,0,4,29,1
6,5,6,10.7,0,0,0,55,5
13,2,13,20.9,0,0,0,25,5
11,5,11,10.8,0,0,0,20,6
8,0,8,5.5,0,0,5,10,4
6,2,6,2.1,0,0,0,9,6
21,2,21,13.7,0,0,21,3,5
17,3,17,8.8,1,2,0,5,6
7,3,7,1.7,0,0,22,19,15
23,6,23,14.3,0,0,0,8,6
6,0,6,9.3,0,1,4,18,1
16,4,16,16.4,0,0,0,7,6
8,1,8,5.9,0,0,4,12,4
17,2,17,21.3,0,0,0,20,5
5,6,5,9.8,0,0,13,6,4
18,0,18,12.9,0,0,13,6,6
14,5,14,15.7,0,0,0,48,6
23,5,23,6.5,0,0,16,32,14
5,3,5,7.8,0,0,4,4,5
18,5,18,29.9,0,0,5,30,1
22,3,22,20.3,0,1,15,19,13
19,3,19,16.5,0,0,13,6,4
10,4,10,4.7,0,0,14,19,12
5,2,5,8.7,0,0,0,9,6
1,0,1,6.9,0,0,2,2,8
0,6,0,6.4,0,0,18,34,11
1,4,1,14.8,0,0,13,6,6
23,2,23,12.9,0,0,13,6,1
8,0,8,18.7,0,0,0,3,10
12,2,12,19.2,0,0,10,38,10
21,4,21,23.2,0,1,0,7,6
10,3,10,20.9,0,1,20,19,15
5,1,5,6.2,0,0,4,5,4
6,1,6,2.1,0,0,0,10,5
14,1,14,11.9,0,0,5,31,4
23,1,23,9.5,0,0,0,36,0
17,4,17,17.2,0,0,0,20,5
10,0,10,9.3,0,0,0,31,6
13,5,13,26.8,0,0,0,48,5
11,0,11,12.8,0,0,0,10,6
16,3,16,14.4,0,0,0,31,6
11,4,11,16.6,0,0,0,29,6
15,4,15,11.7,0,0,0,6,6
14,0,14,25.5,0,0,20,19,15
5,5,5,8.9,0,0,4,5,4
11,5,11,9.6,0,0,4,54,1
16,4,16,11.7,0,0,0,9,6
11,0,11,19.1,0,0,0,12,5
15,4,15,17.2,0,0,0,14,5
18,0,18,7.6,0,0,4,13,4
17,6,17,30.8,0,1,4,64,5
10,4,10,8.0,0,0,0,23,5
20,1,20,12.1,0,0,18,34,11
14,4,14,15.7,0,0,25,8,21
20,4,20,21.7,0,0,4,18,1
8,0,8,9.3,0,0,14,19,16
9,3,9,11.4,0,0,0,29,5
21,3,21,10.2,0,0,5,10,4
5,3,5,17.1,0,0,2,2,8
1,3,1,17.7,0,0,0,8,6
17,6,17,19.6,0,0,5,5,1
4,1,4,12.9,0,0,0,10,5
23,5,23,21.4,0,1,18,34,11
13,0,13,14.7,0,0,0,18,5
20,6,20,14.1,0,0,18,34,11
1,0,1,16.1,0,0,2,2,8
17,2,17,14.9,0,0,0,5,6
23,0,23,9.5,0,0,10,22,11
17,3,17,14.6,0,0,20,19,15
9,4,9,18.9,0,0,0,6,6
23,0,23,21.5,0,0,10,38,10
14,4,14,17.1,0,0,4,10,4
9,4,9,7.9,0,0,0,20,6
20,3,20,24.8,0,0,0,29,6
13,5,13,17.2,0,0,10,22,11
4,0,4,13.2,0,0,0,5,6
13,2,13,10.9,0,0,7,24,55
13,0,13,9.1,0,0,4,13,4
1,0,1,5.9,0,0,14,19,12
13,5,13,14.8,0,0,6,18,8
15,4,15,16.3,0,0,14,19,16
10,4,10,14.1,0,0,0,6,0
22,4,22,12.8,0,0,0,26,5
5,0,5,10.9,0,0,0,9,6
7,0,7,10.9,0,0,0,14,5
15,6,15,23.1,0,1,0,10,5
13,1,13,11.4,0,0,0,31,6
9,5,9,13.6,0,0,13,6,6
7,2,7,9.7,0,0,0,9,5
9,6,9,10.8,0,0,0,6,6
7,1,7,10.9,0,0,0,25,5
13,3,13,26.1,0,1,10,22,11
15,2,15,29.1,0,1,21,71,5
16,5,16,10.6,0,0,0,31,6
10,1,10,21.2,0,1,0,20,5
10,2,10,6.6,0,0,0,25,6
7,6,7,12.5,0,0,0,14,5
8,1,8,5.8,0,0,14,19,12
14,2,14,13.5,0,0,21,3,5
13,0,13,24.5,0,1,0,23,5
19,6,19,15.6,0,0,6,18,8
9,5,9,4.0,0,0,0,69,0
21,4,21,10.3,0,0,11,60,3
8,5,8,7.4,0,0,0,6,6
6,2,6,13.3,0,0,0,31,6
5,1,5,16.8,0,0,4,10,1
9,1,9,15.4,0,0,7,11,55
10,5,10,4.2,0,0,0,3,6
19,0,19,22.7,0,1,4,18,5
18,0,18,28.6,0,0,0,18,5
23,3,23,17.9,0,1,32,19,15
9,0,9,11.8,0,0,0,16,7
6,5,6,4.8,0,0,0,55,5
4,4,4,10.5,0,0,3,3,3
18,5,18,27.1,0,0,0,12,6
17,6,17,30.6,0,1,5,5,5
12,6,12,29.8,0,0,20,7,15
15,6,15,16.7,0,0,13,4,5
15,3,15,26.7,0,1,25,51,21
11,0,11,25.2,0,1,0,24,6
13,0,13,28.5,0,1,5,7,5
22,3,22,9.5,1,2,4,13,4
17,6,17,24.5,0,0,0,23,6
10,0,10,8.0,0,0,0,6,0
14,3,14,12.5,0,0,25,51,21
16,3,16,28.3,0,0,0,14,5
13,1,13,16.6,0,0,0,5,6
17,6,17,27.9,0,0,0,8,5
14,6,14,29.8,0,1,0,31,6
1,0,1,6.9,0,0,0,0,0
13,3,13,31.0,0,1,10,22,11
21,3,21,19.5,0,0,0,31,5
14,5,14,15.6,0,0,20,19,15
1,3,1,8.6,0,0,0,6,6
5,5,5,12.6,0,0,4,3,4
8,4,8,17.9,0,0,0,11,5
9,6,9,9.7,0,0,0,20,6
13,1,13,16.8,0,0,0,25,5
1,6,1,8.2,0,0,0,0,0
10,6,10,10.0,0,0,8,19,10
18,2,18,7.5,0,0,0,12,6
7,4,7,4.8,0,0,0,25,5
14,1,14,18.7,0,0,0,3,5
7,3,7,11.3,0,0,0,7,6
23,0,23,7.2,0,0,0,35,7
14,1,14,19.5,0,0,12,27,0
6,6,6,3.7,0,0,0,10,5
5,3,5,4.7,0,0,4,4,5
20,6,20,15.1,0,0,0,26,6
9,5,9,1.4,0,0,0,16,0
5,6,5,4.1,0,0,21,3,5
14,6,14,30.1,0,1,0,3,6
5,3,5,15.1,0,0,0,8,6
8,2,8,13.0,0,0,0,16,0
12,3,12,15.5,0,0,4,54,5
22,0,22,20.4,0,1,6,18,8
22,2,22,8.2,0,0,15,19,7
12,0,12,24.1,0,1,8,1,10
22,6,22,5.7,0,0,0,26,6
21,1,21,6.1,0,0,10,38,10
23,6,23,18.9,0,0,0,8,6
7,1,7,9.7,0,1,0,7,5
21,3,21,14.9,0,0,5,29,1
13,6,13,10.8,0,0,4,10,1
12,5,12,11.4,0,0,9,21,11
14,6,14,19.2,0,0,1,1,14
4,0,4,12.8,0,0,0,26,6
9,2,9,17.4,0,1,26,58,0
12,1,12,17.6,0,0,0,9,6
23,2,23,18.1,0,1,19,15,7
10,4,10,12.9,0,0,0,24,6
13,5,13,29.0,0,1,11,60,3
11,4,11,12.9,0,0,0,19,0
23,6,23,13.6,0,1,0,19,0
9,5,9,14.6,0,0,0,18,6
7,0,7,14.7,0,0,5,29,1
5,6,5,15.2,0,0,0,5,6
8,4,8,15.7,0,1,4,29,1
19,2,19,20.3,0,0,0,31,5
4,1,4,18.8,0,0,0,10,5
8,6,8,14.7,0,1,0,29,6
4,2,4,7.0,0,0,0,13,6
23,3,23,9.7,0,0,15,19,7
8,0,8,13.8,0,0,5,12,4
14,6,14,28.3,0,1,0,11,6
23,5,23,6.9,0,0,0,36,7
20,1,20,11.4,0,0,0,31,6
8,6,8,13.7,0,0,0,26,6
15,1,15,15.1,0,0,23,43,0
21,2,21,24.8,0,1,0,10,6
9,5,9,-0.1,0,0,0,18,5
16,1,16,24.7,0,0,4,13,5
5,2,5,12.0,0,0,4,13,1
23,0,23,9.6,0,0,0,19,0
5,3,5,14.4,0,0,0,26,6
17,6,17,14.4,0,0,21,3,5
10,4,10,15.1,0,0,0,29,6
18,1,18,9.0,0,0,0,20,5
23,5,23,23.0,0,0,0,35,0
5,5,5,14.6,0,0,4,5,4
21,1,21,25.1,0,1,0,7,5
15,3,15,31.3,0,0,0,20,5
13,3,13,11.5,0,0,0,3,5
12,2,12,11.6,0,0,0,12,6
16,6,16,29.1,0,0,0,24,6
8,3,8,14.1,0,1,0,4,5
6,6,6,7.8,0,0,4,6,1
12,4,12,19.9,0,0,0,29,5
14,1,14,11.1,0,0,0,48,6
23,1,23,7.7,0,0,0,8,6
15,6,15,13.5,0,0,21,71,5
16,2,16,29.6,0,1,5,5,5
14,0,14,30.5,0,1,4,12,5
11,0,11,28.5,0,1,20,19,15
3,4,3,12.6,0,0,2,2,2
17,6,17,21.0,0,0,4,45,1
19,6,19,12.5,0,0,0,10,5
10,1,10,13.7,0,0,4,12,1
19,5,19,31.7,0,0,0,29,6
19,4,19,10.7,0,0,4,18,5
13,6,13,26.5,0,1,0,8,6
19,6,19,21.0,0,0,0,9,6
16,5,16,31.5,0,1,0,7,5
21,3,21,10.8,0,0,0,3,5
7,5,7,15.2,0,1,0,24,5
19,3,19,25.3,0,0,0,48,5
16,5,16,26.4,0,0,0,22,7
19,0,19,27.9,0,0,5,10,1
14,6,14,20.4,0,0,12,27,0
13,4,13,19.7,0,0,0,48,6
6,4,6,4.8,0,0,13,6,4
20,4,20,21.9,0,0,0,31,5
19,6,19,12.0,0,0,4,20,5
13,4,13,19.9,0,0,0,29,6
15,6,15,30.2,0,1,0,12,5
23,6,23,6.0,0,0,0,15,7
16,5,16,32.2,0,0,0,22,0
8,2,8,10.7,0,0,4,13,1
15,6,15,18.2,0,0,13,6,6
6,4,6,7.9,0,0,4,9,4
8,2,8,11.5,0,0,0,20,6
12,2,12,26.1,0,1,28,7,0
17,0,17,23.6,0,0,4,12,4
4,0,4,4.1,0,0,5,5,4
5,4,5,4.5,0,0,4,4,4
14,6,14,27.5,0,1,25,59,23
17,3,17,26.4,0,0,5,25,1
18,2,18,27.6,0,1,0,6,0
3,1,3,6.5,0,0,2,2,2
4,6,4,17.5,0,0,0,9,5
3,1,3,8.5,0,0,0,6,6
5,4,5,14.9,0,0,4,5,1
9,5,9,9.8,0,0,0,9,6
7,5,7,15.5,0,1,5,18,5
7,4,7,1.7,0,0,0,25,5
5,2,5,12.0,0,0,5,5,4
11,5,11,13.0,0,0,0,9,5
15,6,15,20.3,0,0,0,3,5
12,6,12,20.9,0,0,0,5,6
20,0,20,15.6,0,0,0,23,6
17,5,17,25.0,0,1,4,12,5
5,6,5,13.0,0,0,20,19,15
21,1,21,19.9,0,0,26,58,7
16,2,16,12.0,0,0,0,13,6
5,0,5,9.4,0,0,2,2,8
17,1,17,34.2,0,1,20,63,15
17,4,17,29.2,0,1,0,12,6
15,4,15,19.4,0,0,30,19,15
14,4,14,21.8,0,1,0,3,5
8,3,8,6.7,0,0,0,4,5
12,5,12,10.7,0,0,0,12,6
11,6,11,28.6,0,0,4,29,1
16,5,16,15.4,0,0,0,1,7
10,5,10,22.3,0,1,0,17,5
14,2,14,13.4,0,0,21,71,5
4,1,4,1.3,0,0,0,5,6
8,4,8,10.8,0,0,0,31,6
13,1,13,10.1,0,0,5,7,1
14,3,14,9.6,1,2,0,41,5
19,5,19,21.7,0,0,0,29,5
1,5,1,13.6,0,0,1,1,1
11,1,11,9.8,0,0,0,8,6
16,2,16,26.1,0,0,0,5,6
23,5,23,14.8,0,0,20,19,15
12,2,12,22.7,0,0,0,13,5
19,6,19,14.0,0,0,0,48,5
16,2,16,16.0,0,0,21,3,0
11,2,11,22.0,0,0,0,13,6
15,4,15,16.4,0,0,21,71,5
0,6,0,16.5,0,0,0,1,7
20,3,20,23.7,0,1,4,10,4
8,2,8,7.8,0,0,5,10,1
20,2,20,0.0,0,1,0,26,5
11,0,11,11.8,0,0,28,7,0
17,0,17,24.3,0,0,20,7,15
8,0,8,6.2,0,0,8,19,10
8,4,8,7.0,0,0,0,29,6
15,3,15,14.3,0,0,0,44,5
17,0,17,29.5,0,1,0,30,5
17,6,17,28.1,0,0,20,19,15
6,1,6,14.6,0,0,4,18,5
10,0,10,21.8,0,0,0,31,5
11,0,11,10.7,0,0,13,6,6
0,0,0,14.0,0,0,5,6,1
8,5,8,4.6,0,0,0,9,6
10,4,10,7.6,0,0,28,7,0
16,6,16,18.7,0,0,0,1,7
5,1,5,10.0,0,0,0,40,5
4,1,4,8.9,0,0,0,13,6
11,4,11,26.3,0,1,0,12,6
6,2,6,6.0,0,0,5,6,1
15,5,15,29.3,0,0,0,44,6
23,4,23,17.4,0,0,18,34,11
16,0,16,24.6,0,0,5,12,4
8,6,8,15.2,0,0,5,10,4
15,5,15,31.8,0,1,4,12,5
18,4,18,26.2,0,0,5,23,4
0,1,0,20.2,0,0,10,22,11
5,5,5,5.0,0,0,0,9,6
21,4,21,20.2,0,1,0,3,5
8,1,8,5.9,0,0,0,11,6
10,2,10,10.7,0,0,0,6,0
9,5,9,14.7,0,1,0,17,5
7,4,7,12.3,0,0,13,6,6
1,2,1,10.6,0,0,0,0,0
10,2,10,14.9,0,1,0,29,6
8,2,8,10.4,0,0,0,4,5
9,2,9,15.6,0,1,0,16,7
13,4,13,19.3,0,0,0,3,5
14,0,14,28.1,0,1,0,11,6
9,3,9,24.3,0,0,7,29,34
14,1,14,17.2,0,0,0,24,5
5,6,5,11.8,0,0,21,3,5
14,0,14,17.5,0,0,0,12,6
16,1,16,14.6,0,0,4,9,5
1,2,1,15.9,0,0,10,38,10
12,1,12,13.7,0,0,2,2,2
16,3,16,27.9,0,0,7,117,20
5,6,5,8.2,1,2,7,31,36
7,0,7,5.1,0,0,0,9,5
17,6,17,26.3,0,0,0,18,5
5,1,5,8.9,0,0,5,29,1
17,2,17,18.1,0,1,0,7,5
11,5,11,22.9,0,1,11,60,3
8,5,8,6.1,0,0,0,11,6
7,5,7,10.1,0,1,25,51,22
16,6,16,29.2,0,0,21,71,5
15,6,15,20.5,0,0,0,3,6
20,1,20,13.9,0,0,5,18,1
18,5,18,24.8,0,0,5,18,1
21,0,21,5.6,0,0,5,31,1
22,1,22,16.6,0,1,19,15,0
0,6,0,10.0,0,0,2,2,8
23,3,23,21.4,0,1,11,60,11
16,1,16,27.2,0,1,0,12,6
23,6,23,22.2,0,0,18,34,11
15,6,15,19.6,0,0,1,1,1
10,0,10,13.9,0,0,0,8,5
7,4,7,11.0,0,0,5,18,1
22,3,22,6.8,0,0,7,26,18
12,3,12,10.9,0,0,0,18,5
18,4,18,11.7,0,0,0,12,6
8,6,8,7.0,0,0,0,3,7
0,2,0,12.4,0,0,5,6,1
20,2,20,23.5,0,0,0,7,6
16,5,16,31.3,0,1,21,3,5
0,3,0,5.9,0,0,0,1,7
13,6,13,26.5,0,1,23,43,0
0,4,0,12.0,0,0,5,6,1
4,4,4,12.5,0,0,0,10,5
12,5,12,26.6,0,0,4,9,4
13,1,13,22.2,0,0,0,5,6
12,0,12,26.1,0,1,9,21,13
11,4,11,22.9,0,1,22,19,15
10,6,10,16.9,0,0,0,23,6
4,5,4,5.5,0,0,21,3,5
14,3,14,12.2,0,0,0,9,5
9,4,9,17.4,0,0,0,17,5
11,1,11,21.7,0,1,0,9,6
22,4,22,6.3,0,0,0,26,6
6,2,6,15.3,0,0,1,56,14
15,0,15,29.1,0,1,0,5,6
18,4,18,11.1,0,0,0,29,6
4,1,4,6.4,0,0,0,23,6
12,3,12,25.7,0,1,0,19,0
4,2,4,7.9,0,0,0,13,6
5,5,5,1.4,0,0,4,5,1
15,4,15,29.4,0,0,0,3,6
1,2,1,14.1,0,0,16,32,14
16,2,16,22.1,0,0,0,20,5
11,6,11,9.7,0,0,4,3,5
8,1,8,11.6,0,0,5,10,1
10,4,10,26.0,0,1,0,11,5
15,0,15,27.1,0,0,0,31,6
16,0,16,27.9,0,1,0,12,5
8,3,8,14.1,0,1,0,5,5
11,0,11,15.3,0,0,0,12,6
16,1,16,20.6,0,0,0,44,6
9,5,9,7.6,0,0,0,29,6
13,6,13,11.5,0,0,0,10,6
8,3,8,2.2,0,0,5,10,1
9,5,9,13.1,0,0,5,10,4
14,1,14,16.4,0,0,12,27,0
5,5,5,8.8,0,0,0,55,5
13,6,13,13.2,0,0,20,19,15
11,3,11,16.1,0,0,0,16,7
7,3,7,18.2,0,0,5,17,1
8,5,8,2.2,0,0,0,4,5
11,6,11,14.5,0,0,0,31,6
11,1,11,20.3,0,0,0,31,6
17,6,17,33.0,0,0,0,12,5
7,3,7,8.3,0,0,0,7,5
19,4,19,25.5,0,1,0,29,5
5,1,5,15.5,0,0,5,5,5
9,3,9,8.1,0,0,0,29,6
11,0,11,16.8,0,0,28,7,0
7,5,7,11.5,0,1,0,7,5
14,1,14,20.6,0,0,0,24,5
12,1,12,22.0,0,1,0,5,6
10,4,10,23.3,0,1,6,18,8
12,4,12,21.0,0,0,0,24,5
10,3,10,16.6,0,0,14,19,16
7,2,7,15.5,0,1,4,12,1
5,5,5,11.5,0,0,5,5,4
5,0,5,12.6,0,0,4,23,1
11,6,11,10.9,0,0,0,20,5
11,0,11,9.6,0,0,20,3,15
7,2,7,13.8,0,0,0,25,5
14,1,14,23.8,0,0,5,23,1
9,1,9,11.8,0,0,0,14,5
11,1,11,11.3,0,0,2,2,2
20,6,20,7.4,0,0,0,7,6
10,0,10,24.8,0,0,5,14,1
14,1,14,17.0,0,0,0,13,6
18,5,18,28.2,0,0,0,20,5
6,2,6,10.6,0,0,0,9,6
11,3,11,26.5,0,0,18,34,51
15,4,15,17.4,0,0,1,1,1
13,4,13,26.2,1,1,0,53,0
6,5,6,10.6,0,0,0,29,6
16,1,16,19.1,0,0,0,31,6
5,2,5,10.9,0,0,4,5,4
17,6,17,26.0,0,0,0,8,5
18,6,18,24.9,0,1,13,6,6
10,0,10,15.7,0,0,6,18,8
7,4,7,13.6,0,0,4,12,1
12,1,12,27.1,0,1,0,11,5
18,4,18,29.7,0,0,13,6,6
1,0,1,16.1,0,0,0,46,0
13,5,13,15.2,0,0,4,6,4
1,2,1,11.0,0,0,13,6,6
9,6,9,14.7,0,1,21,3,5
6,6,6,17.7,0,0,0,9,5
5,5,5,6.9,0,0,5,23,1
7,5,7,4.5,0,0,22,2,15
14,1,14,17.8,0,0,5,14,1
19,3,19,9.0,0,0,0,10,6
19,3,19,24.8,0,0,0,12,5
0,0,0,5.8,0,0,2,2,8
19,1,19,30.5,0,1,0,31,6
9,5,9,5.0,0,0,0,9,6
11,3,11,18.4,0,0,14,19,12
20,4,20,12.0,0,0,21,3,5
9,6,9,20.8,0,1,0,17,5
5,5,5,8.9,0,0,13,6,6
5,6,5,7.7,0,0,4,5,4
12,1,12,15.3,0,0,4,54,5
7,1,7,15.2,0,1,0,7,5
7,4,7,11.8,0,0,0,7,6
19,0,19,21.7,0,0,5,13,1
16,3,16,13.5,0,0,0,18,5
22,1,22,10.0,0,0,6,18,8
14,6,14,28.7,0,1,31,63,12
17,0,17,26.5,0,0,0,20,6
14,2,14,25.9,0,1,0,10,6
16,6,16,17.8,0,0,6,18,8
8,3,8,4.1,0,0,0,11,6
16,6,16,25.6,0,0,4,10,4
22,1,22,10.4,0,0,7,26,18
19,4,19,13.9,0,0,0,8,6
9,5,9,10.5,0,0,0,9,6
5,2,5,13.0,0,0,0,9,5
23,2,23,3.6,0,0,0,19,0
20,6,20,9.4,0,0,0,7,6
17,6,17,29.6,0,1,25,51,23
5,0,5,12.2,0,0,0,13,5
16,1,16,21.2,0,0,4,20,4
15,3,15,28.0,0,0,5,12,1
12,6,12,18.6,0,0,5,29,1
18,4,18,11.9,0,0,0,12,6
6,3,6,14.1,0,0,0,29,5
10,1,10,12.7,0,0,0,29,5
23,2,23,8.0,0,0,0,36,7
11,0,11,23.1,0,0,30,19,15
11,5,11,11.1,0,0,4,29,4
10,4,10,17.8,0,0,0,19,7
8,0,8,4.8,0,0,0,29,6
21,6,21,12.4,0,0,0,10,5
0,6,0,10.2,0,0,16,32,14
7,2,7,12.0,0,0,0,12,6
11,6,11,12.0,0,0,0,6,6
19,5,19,27.9,0,1,5,18,5
23,3,23,17.4,0,1,0,36,7
5,1,5,5.4,0,0,0,31,5
22,1,22,4.5,0,0,54,20,27
12,5,12,13.4,0,0,5,10,4
16,4,16,34.6,0,1,5,5,5
20,3,20,9.1,0,0,21,3,5
23,2,23,15.2,0,0,0,19,0
10,4,10,10.8,0,0,53,53,31
15,5,15,27.4,0,0,0,6,6
6,5,6,5.1,0,0,0,29,6
15,2,15,18.1,0,0,13,4,6
18,0,18,10.9,0,0,0,12,6
7,4,7,12.2,0,1,0,12,6
11,3,11,11.3,0,0,13,6,6
2,3,2,14.3,0,0,20,6,15
4,3,4,16.4,0,0,4,10,5
7,2,7,15.4,0,1,0,24,5
17,0,17,13.8,0,0,4,45,1
14,3,14,32.0,0,1,25,51,21
21,4,21,9.0,0,0,18,34,11
15,1,15,13.4,0,0,0,12,6
5,0,5,6.8,0,0,4,23,5
22,4,22,17.7,0,0,17,33,15
9,2,9,11.6,0,0,0,16,0
13,1,13,9.6,1,2,39,19,12
19,0,19,7.6,0,0,0,22,0
5,2,5,5.8,0,0,0,31,6
0,4,0,17.1,0,0,0,19,0
15,1,15,10.6,0,0,0,18,5
4,1,4,11.5,0,0,20,19,15
8,2,8,21.6,0,1,0,18,5
20,6,20,9.3,0,0,0,26,6
7,6,7,15.1,0,1,13,6,6
15,0,15,26.7,0,0,5,14,1
16,5,16,20.1,0,0,0,31,5
0,5,0,18.5,0,0,5,6,1
14,0,14,25.0,0,0,0,11,6
10,1,10,8.0,0,0,0,13,6
19,0,19,27.4,0,1,0,8,6
4,2,4,15.0,0,0,0,13,5
19,4,19,14.7,0,0,4,18,1
18,5,18,16.2,0,1,13,6,4
2,3,2,3.7,0,0,2,2,2
14,2,14,18.0,0,0,13,6,6
12,6,12,24.0,0,1,27,20,32
8,5,8,13.3,0,0,0,69,0
14,2,14,17.8,0,0,5,13,1
7,2,7,11.9,0,0,5,12,4
22,1,22,9.7,1,2,5,9,1
9,1,9,18.9,0,0,0,6,6
21,6,21,24.2,0,0,0,3,5
12,0,12,11.0,0,0,0,5,6
12,4,12,24.9,0,0,7,47,36
16,0,16,30.8,0,0,4,23,4
19,0,19,14.0,0,0,13,6,6
18,3,18,9.6,0,0,5,20,1
23,4,23,13.8,0,0,0,36,0
1,0,1,7.9,0,0,0,0,0
6,3,6,1.2,0,0,0,31,5
21,4,21,6.3,0,0,21,3,5
16,5,16,26.5,0,0,0,31,5
7,5,7,15.5,0,0,5,25,1
10,0,10,20.2,0,1,0,31,6
5,3,5,9.1,0,0,5,5,4
6,0,6,2.8,0,0,25,51,21
11,4,11,7.4,0,0,0,13,6
7,3,7,11.4,0,0,0,29,5
9,3,9,10.7,0,0,0,28,6
10,0,10,17.9,0,0,0,20,6
19,0,19,13.9,0,0,0,10,6
5,4,5,0.5,0,0,0,13,5
4,4,4,5.5,0,0,0,9,6
14,6,14,28.6,0,1,0,3,5
14,6,14,32.8,0,0,20,6,15
16,1,16,29.7,0,0,0,25,6
16,6,16,16.4,0,0,0,25,5
1,4,1,16.2,0,0,0,6,5
23,1,23,18.6,0,1,15,19,7
2,4,2,8.7,0,0,0,6,6
6,0,6,5.0,0,0,4,18,5
9,5,9,15.2,0,0,6,18,8
19,3,19,13.9,0,0,0,18,5
9,5,9,20.3,0,1,0,1,7
8,4,8,7.8,0,0,8,19,10
20,4,20,14.5,0,0,0,7,5
17,3,17,26.7,0,0,5,8,1
13,5,13,27.6,0,0,10,22,11
4,5,4,8.5,0,0,2,2,2
19,5,19,10.7,0,0,5,30,1
12,0,12,13.2,0,0,5,41,1
15,2,15,7.9,0,0,13,4,5
15,6,15,16.7,0,0,4,13,1
21,6,21,10.5,0,0,18,34,11
5,3,5,13.7,0,0,4,4,5
12,2,12,8.5,0,0,5,14,1
22,2,22,8.3,0,0,0,8,6
6,3,6,7.0,0,0,0,13,6
16,6,16,27.8,0,0,0,7,5
1,4,1,18.1,0,0,15,37,7
0,6,0,19.6,0,0,0,19,0
4,0,4,7.7,0,0,5,5,4
11,6,11,11.8,0,0,0,9,6
22,2,22,19.1,0,0,15,19,13
13,0,13,26.2,0,0,20,19,15
17,6,17,15.8,0,0,5,5,4
8,2,8,12.1,0,1,0,29,6
4,2,4,9.5,0,0,2,2,8
4,1,4,12.8,0,0,0,40,5
11,1,11,11.3,0,0,4,54,1
10,4,10,25.0,0,1,0,12,5
15,2,15,32.6,0,1,0,5,5
22,1,22,3.3,0,0,6,18,27
9,4,9,18.5,0,0,6,18,8
16,4,16,19.8,0,0,4,13,4
19,4,19,13.9,0,0,0,6,5
16,0,16,18.0,0,0,21,3,0
20,4,20,20.4,0,0,0,20,5
11,6,11,11.7,0,0,10,22,11
23,4,23,18.6,0,1,18,34,11
19,3,19,24.7,0,0,6,18,8
11,0,11,8.8,0,0,0,9,6
3,4,3,16.2,0,0,8,1,10
8,3,8,4.3,0,0,0,4,5
16,1,16,12.6,0,0,0,6,6
1,2,1,12.9,0,0,2,2,8
10,3,10,8.5,0,0,0,6,0
6,1,6,15.0,0,1,0,9,5
16,6,16,31.8,0,1,4,31,4
23,1,23,16.4,0,0,17,33,15
23,1,23,17.6,0,0,18,34,11
16,6,16,16.7,0,0,21,3,5
9,6,9,7.8,0,0,4,12,5
4,6,4,17.1,0,0,0,26,5
8,4,8,1.9,0,0,0,31,6
8,0,8,14.8,0,1,0,12,5
7,5,7,17.0,0,0,1,1,7
6,3,6,7.2,0,0,0,29,6
9,0,9,23.2,0,1,0,12,6
16,4,16,16.2,0,0,4,39,1
15,2,15,15.2,0,0,4,10,4
17,5,17,30.0,0,0,0,31,6
5,3,5,12.8,0,0,0,26,5
18,0,18,24.6,0,0,0,12,5
13,4,13,15.3,0,0,0,12,6
9,2,9,20.9,0,1,0,16,0
10,1,10,9.8,0,0,7,66,61
12,1,12,10.4,0,0,9,21,11
12,3,12,25.4,0,1,6,30,19
12,3,12,26.1,0,1,0,28,6
22,2,22,10.6,0,0,16,32,14
1,0,1,10.0,0,0,2,2,8
0,0,0,7.6,0,0,1,1,1
4,6,4,5.2,0,0,5,5,4
11,4,11,13.9,0,0,0,25,6
15,1,15,11.7,0,0,0,5,6
13,5,13,14.6,0,0,0,12,5
21,3,21,7.9,0,0,10,38,10
11,0,11,20.2,0,0,0,24,5
15,4,15,24.9,0,0,0,3,6
10,4,10,8.4,0,0,0,8,6
14,5,14,15.2,0,0,0,30,5
21,5,21,18.8,0,1,5,18,1
5,0,5,6.7,0,0,21,3,5
12,0,12,8.3,0,0,0,5,6
23,2,23,4.0,0,0,0,19,0
7,3,7,15.6,0,1,0,7,5
9,1,9,10.8,0,0,0,18,5
7,4,7,7.3,0,0,13,6,6
11,2,11,10.0,0,0,0,13,6
12,4,12,7.3,0,0,5,31,4
8,6,8,4.4,0,0,5,10,4
7,3,7,13.3,0,0,0,55,5
4,6,4,4.3,0,0,2,2,8
7,4,7,11.0,0,0,0,7,6
18,0,18,24.2,0,0,0,7,5
11,5,11,13.4,0,1,0,10,6
18,2,18,29.5,0,0,21,3,0
8,4,8,11.3,0,0,0,12,6
20,1,20,13.8,0,0,4,31,1
9,2,9,12.0,0,0,5,14,1
7,0,7,3.9,0,0,22,19,15
16,6,16,20.6,0,0,0,44,6
1,0,1,13.8,0,0,0,0,0
15,1,15,30.7,0,1,4,31,4
18,2,18,17.4,0,1,0,30,5
10,6,10,21.4,0,1,0,12,6
13,5,13,26.9,0,1,10,22,11
15,2,15,30.6,0,0,30,19,15
18,0,18,29.4,0,0,0,12,6
1,2,1,15.4,0,0,0,0,0
4,3,4,8.9,0,0,0,10,5
6,3,6,16.3,0,0,8,1,10
14,5,14,8.2,0,0,0,29,6
7,0,7,15.7,0,0,0,9,6
8,5,8,15.8,0,0,0,4,5
15,2,15,18.7,0,0,0,10,6
7,4,7,14.9,0,1,0,11,5
14,2,14,30.1,0,1,0,10,6
4,6,4,14.6,0,0,0,31,5
2,4,2,15.8,0,0,2,2,8
23,2,23,3.6,0,0,0,36,7
8,3,8,12.2,0,0,4,13,4
16,0,16,31.7,0,0,14,19,12
23,5,23,8.5,0,0,5,6,1
23,3,23,10.8,0,0,0,19,7
21,0,21,14.4,0,0,15,19,7
17,1,17,4.2,0,0,0,6,6
21,4,21,7.2,1,2,0,24,5
22,3,22,17.5,0,0,0,10,6
18,3,18,9.6,0,0,4,13,1
15,4,15,22.9,0,1,25,59,23
21,3,21,9.7,1,2,0,6,0
9,5,9,23.4,0,1,0,15,7
17,5,17,30.9,0,0,0,20,6
5,5,5,14.9,0,0,0,10,5
4,6,4,15.1,0,0,8,19,10
8,2,8,19.0,0,1,0,20,6
19,1,19,11.2,0,0,0,20,6
15,4,15,14.3,0,0,0,9,5
21,0,21,7.6,0,0,0,10,6
13,0,13,14.6,0,0,5,20,1
8,1,8,9.9,0,0,4,13,1
19,2,19,9.5,0,0,5,18,1
23,6,23,14.4,0,0,0,3,5
0,0,0,16.4,0,0,0,36,7
8,1,8,16.0,0,0,14,19,15
22,6,22,9.5,0,0,6,18,8
15,0,15,11.8,0,0,1,1,1
12,1,12,23.6,0,0,0,12,5
14,4,14,21.9,0,1,13,6,6
19,3,19,19.8,0,0,43,62,8
12,0,12,13.7,0,0,2,2,2
5,2,5,6.9,0,0,0,26,5
5,4,5,1.7,0,0,0,40,5
21,5,21,21.2,0,0,26,58,7
4,3,4,12.6,0,0,0,8,5
15,6,15,16.6,0,0,0,20,5
9,4,9,18.8,0,0,0,25,5
21,1,21,8.2,0,0,0,9,6
0,5,0,16.5,0,0,0,36,0
10,3,10,20.7,0,1,0,28,5
20,6,20,23.5,0,1,32,19,15
15,1,15,25.7,0,0,0,3,6
5,5,5,2.4,0,0,0,5,6
6,2,6,15.0,0,1,0,17,5
17,3,17,24.2,0,0,0,18,5
5,2,5,12.5,0,0,5,5,4
7,0,7,11.2,0,1,0,13,5
10,1,10,12.8,0,0,0,8,6
20,4,20,6.8,0,0,14,19,12
16,6,16,32.9,0,1,21,3,15
0,4,0,13.8,0,0,0,15,7
6,4,6,13.6,0,0,0,13,5
15,2,15,29.6,0,1,0,12,5
18,4,18,28.4,0,1,0,30,5
18,1,18,27.2,0,0,5,23,4
16,6,16,25.6,0,0,0,28,5
5,6,5,3.9,0,0,4,6,5
16,2,16,11.7,0,0,0,14,5
1,2,1,7.8,0,0,2,2,8
4,3,4,10.8,0,0,0,26,6
9,2,9,10.2,0,0,0,12,6
7,3,7,8.3,1,2,22,19,15
15,2,15,20.4,0,0,21,71,5
6,6,6,11.8,0,1,20,19,15
7,2,7,11.6,0,0,0,13,6
18,1,18,12.5,0,0,0,25,5
0,6,0,22.1,0,0,0,35,7
8,4,8,9.5,0,0,0,20,6
17,4,17,30.0,0,1,4,10,5
8,1,8,7.6,0,0,0,11,6
14,3,14,12.8,0,0,0,3,6
18,5,18,16.7,0,0,0,25,6
18,5,18,26.3,0,0,0,18,5
20,0,20,12.7,0,0,0,22,0
16,2,16,17.5,0,0,0,5,6
23,3,23,13.4,0,0,0,15,7
16,0,16,31.6,0,1,0,12,5
21,6,21,18.7,0,0,21,3,5
19,6,19,8.8,0,0,0,25,6
5,5,5,4.9,0,0,21,3,5
11,3,11,13.9,0,0,6,30,19
6,2,6,9.4,0,0,0,9,6
11,6,11,18.0,0,0,0,8,6
16,0,16,20.6,0,0,4,30,5
0,2,0,5.5,0,0,16,32,14
16,3,16,17.6,0,0,0,24,5
8,4,8,17.2,0,1,13,6,6
13,0,13,17.9,0,0,0,9,6
13,6,13,15.7,0,0,0,20,5
6,5,6,8.5,0,0,1,1,7
4,0,4,15.3,0,0,5,1,1
16,2,16,11.9,0,0,5,12,4
5,6,5,15.0,0,0,0,5,5
5,2,5,13.1,0,0,21,3,14
8,0,8,14.3,0,1,0,4,5
8,4,8,16.6,0,0,0,13,6
6,0,6,3.5,0,0,5,6,1
11,6,11,22.0,0,0,0,12,6
8,5,8,10.2,0,0,0,31,6
8,2,8,3.6,0,0,0,18,5
0,6,0,15.1,0,0,18,34,11
7,4,7,16.0,0,0,0,12,5
16,3,16,10.0,0,0,0,22,7
18,1,18,25.6,0,0,13,5,4
5,3,5,17.2,0,0,4,29,1
13,3,13,22.5,0,0,9,21,11
16,4,16,27.5,0,0,0,10,5
18,6,18,26.2,0,0,0,6,0
6,1,6,9.8,0,1,4,18,5
16,2,16,34.5,0,1,0,13,5
16,3,16,26.9,0,0,0,31,5
10,3,10,9.5,0,0,0,41,5
13,2,13,19.0,0,0,0,3,5
8,5,8,1.8,0,0,25,51,22
8,3,8,11.0,0,1,0,5,5
16,6,16,13.4,0,0,4,10,4
16,6,16,25.1,0,0,13,6,6
21,6,21,16.5,0,0,0,3,5
0,4,0,16.1,0,0,0,1,7
6,0,6,13.5,0,0,37,75,10
17,6,17,23.1,0,0,4,30,4
10,3,10,8.9,0,0,20,19,15
18,6,18,10.6,0,0,0,25,5
12,1,12,14.3,0,0,0,4,5
9,3,9,13.5,0,0,5,12,1
23,1,23,3.6,0,0,0,15,7
22,4,22,21.2,0,1,0,8,5
21,4,21,8.0,0,0,8,39,10
14,5,14,15.0,0,0,0,13,6
13,6,13,28.6,0,1,25,59,22
23,4,23,17.7,0,0,6,18,8
7,3,7,10.3,0,0,0,12,6
19,3,19,11.8,0,0,0,18,5
14,5,14,31.0,0,1,0,8,6
15,3,15,16.0,0,1,0,5,6
1,1,1,15.5,0,0,14,19,12
18,0,18,14.5,0,0,0,48,5
19,1,19,9.6,0,0,0,22,0
9,0,9,16.8,0,1,0,14,5
12,2,12,16.0,0,0,0,5,6
7,4,7,16.0,0,0,0,29,6
17,0,17,18.2,0,0,0,5,6
14,5,14,18.8,0,0,13,99,5
9,3,9,18.5,0,1,0,29,5
12,1,12,16.1,0,0,2,2,2
14,6,14,15.6,0,0,6,30,19
21,4,21,9.0,0,0,15,19,7
10,1,10,21.9,0,1,0,28,5
13,3,13,27.6,0,1,0,17,5
13,1,13,19.0,0,0,12,27,0
4,4,4,5.5,0,0,2,2,8
13,3,13,23.8,0,0,10,22,11
11,0,11,9.2,0,0,0,24,5
8,2,8,14.2,0,1,4,12,4
16,0,16,20.5,0,0,21,3,0
12,5,12,17.8,0,0,0,5,6
1,5,1,15.1,0,0,10,22,11
7,5,7,9.6,0,0,5,10,1
9,5,9,4.2,0,0,5,10,1
6,0,6,4.7,0,0,13,6,6
19,1,19,22.5,0,0,43,62,8
12,1,12,24.9,0,1,0,8,5
14,0,14,30.4,0,0,0,12,5
0,2,0,13.4,0,0,19,15,7
20,2,20,29.1,0,0,7,14,18
4,2,4,6.0,0,0,0,26,5
19,0,19,18.1,0,0,0,48,6
9,6,9,21.2,0,1,0,12,6
13,2,13,17.2,0,0,6,18,8
5,4,5,8.8,0,0,5,5,4
8,4,8,10.5,0,0,22,19,15
12,4,12,13.8,0,0,0,5,5
11,1,11,7.9,0,0,4,54,1
13,1,13,27.9,0,1,10,22,11
14,5,14,29.5,0,0,0,13,6
9,0,9,20.8,0,0,0,16,7
13,2,13,28.1,0,0,28,7,0
19,6,19,23.1,0,0,0,48,5
18,5,18,10.8,0,0,20,19,15
17,4,17,24.9,0,0,0,22,0
12,0,12,26.5,0,1,0,7,6
19,6,19,23.0,0,0,0,20,6
11,6,11,12.8,0,0,5,10,4
8,0,8,9.4,0,0,0,12,6
2,6,2,10.8,0,0,8,19,10
16,1,16,27.8,0,1,0,18,5
1,1,1,14.3,0,0,16,32,14
10,2,10,9.3,0,0,0,20,5
12,4,12,7.3,0,0,0,19,0
11,0,11,16.6,0,0,0,31,6
15,0,15,18.0,0,0,5,14,1
16,3,16,16.1,0,0,0,6,0
12,4,12,15.4,0,0,0,4,5
18,6,18,25.9,0,1,5,18,1
8,1,8,13.5,0,0,0,9,6
1,6,1,6.9,0,0,0,19,0
23,4,23,6.9,1,2,0,10,6
15,6,15,28.9,0,1,0,12,6
6,1,6,14.9,0,0,0,10,5
9,4,9,10.7,0,0,4,39,1
18,4,18,15.4,0,0,0,10,6
7,2,7,11.5,0,0,5,11,1
12,5,12,11.7,0,0,0,13,6
16,6,16,23.4,0,0,13,4,5
11,4,11,19.6,0,0,5,41,1
18,2,18,27.7,0,1,0,29,6
8,5,8,13.2,0,1,0,10,5
2,4,2,8.3,1,2,4,9,4
19,4,19,25.6,0,0,13,5,5
13,0,13,25.0,0,0,10,22,11
17,5,17,26.1,0,0,0,13,6
11,1,11,24.2,0,0,0,16,0
19,2,19,7.8,0,0,0,6,5
23,0,23,22.0,0,1,19,15,0
4,4,4,3.4,0,0,0,5,6
17,2,17,14.6,0,0,5,5,4
22,4,22,5.4,0,0,6,7,8
13,1,13,10.8,0,0,0,9,6
10,2,10,17.0,0,0,4,12,1
5,3,5,7.1,0,0,0,18,5
15,2,15,21.7,0,0,0,6,6
19,0,19,9.7,0,0,0,6,5
16,2,16,16.3,0,0,4,31,5
5,2,5,8.5,0,0,0,31,6
12,2,12,21.3,0,0,0,12,6
7,4,7,1.6,0,0,4,12,5
6,0,6,10.2,0,0,4,31,4
2,3,2,16.7,0,0,2,2,8
9,2,9,7.9,0,0,7,31,24
4,0,4,8.8,0,0,0,23,5
13,2,13,21.3,0,0,28,7,0
16,0,16,21.4,0,0,4,9,1
0,3,0,11.1,0,0,1,1,14
10,3,10,11.0,1,2,0,31,5
5,1,5,5.3,0,0,4,4,4
7,1,7,10.7,0,0,0,7,5
18,3,18,23.9,0,1,5,12,4
10,0,10,21.2,0,0,14,19,16
11,2,11,19.5,0,0,0,16,0
21,6,21,20.5,0,0,5,10,4
6,4,6,13.7,0,1,1,56,14
7,5,7,6.6,0,0,21,3,5
9,3,9,8.5,0,0,0,18,5
12,3,12,20.5,0,0,4,18,5
22,6,22,19.0,0,1,17,33,15
18,2,18,14.7,0,0,0,30,5
6,3,6,8.3,0,0,0,29,6
17,4,17,30.2,0,0,0,18,5
7,2,7,16.0,0,0,5,10,1
7,2,7,12.2,0,0,0,11,5
9,2,9,5.8,0,0,0,4,5
11,5,11,8.8,0,0,5,10,4
12,3,12,9.5,0,0,5,48,4
5,2,5,13.4,0,0,0,10,5
16,4,16,29.1,0,0,4,10,1
22,4,22,6.9,0,0,6,7,8
20,1,20,12.7,0,0,0,29,6
15,6,15,16.5,0,0,0,29,6
15,3,15,9.5,1,2,20,7,15
23,6,23,10.8,0,0,13,6,1
9,6,9,8.9,0,0,0,18,5
7,0,7,9.9,0,0,0,31,6
18,6,18,13.1,0,0,0,9,5
5,5,5,8.3,0,0,4,5,4
10,1,10,11.4,0,0,0,23,5
10,2,10,23.7,0,1,0,29,5
10,6,10,10.0,0,0,0,6,0
1,1,1,17.9,0,0,10,22,11
13,3,13,29.1,0,1,0,7,6
0,1,0,15.7,0,0,0,36,0
6,1,6,4.6,0,0,5,6,1
23,5,23,6.9,0,0,0,15,7
9,5,9,9.3,0,0,14,19,16
21,3,21,8.9,0,0,18,34,11
15,5,15,31.5,0,0,0,3,5
15,5,15,19.9,0,1,0,12,5
19,1,19,11.0,1,2,0,6,7
15,2,15,24.4,0,0,0,13,6
21,0,21,11.6,0,0,14,19,12
11,3,11,17.9,0,0,28,7,0
13,0,13,19.9,0,0,0,48,5
10,1,10,11.6,0,0,0,29,6
23,3,23,8.9,1,2,4,6,4
12,3,12,22.1,0,0,0,5,5
12,3,12,20.4,0,0,0,5,6
8,3,8,9.6,0,0,4,13,5
10,3,10,10.7,0,0,0,31,6
2,2,2,9.5,0,0,13,6,6
4,6,4,12.4,0,0,0,23,5
15,3,15,27.2,0,0,0,25,5
15,1,15,13.6,0,0,0,3,6
11,3,11,18.8,0,0,14,19,15
14,5,14,29.1,0,0,0,8,5
9,3,9,18.0,0,0,25,51,23
4,1,4,5.0,0,0,0,40,5
15,6,15,21.4,0,0,5,62,1
5,2,5,9.4,0,0,2,2,8
9,2,9,5.8,0,0,4,12,5
6,4,6,8.8,0,0,0,31,5
18,1,18,22.1,0,1,6,18,17
0,6,0,6.4,0,0,14,19,12
17,1,17,13.7,0,0,0,25,6
19,0,19,28.7,0,0,21,3,0
19,2,19,12.3,0,0,5,30,4
18,2,18,30.0,0,0,0,25,6
14,2,14,8.0,0,0,13,6,6
8,5,8,15.8,0,1,0,5,5
11,0,11,22.3,0,0,5,10,4
6,0,6,6.5,0,0,0,31,6
17,5,17,29.2,0,0,0,12,6
16,3,16,17.3,0,0,0,22,0
11,2,11,15.3,0,0,4,18,1
8,1,8,9.9,0,0,0,25,6
5,5,5,12.7,0,0,14,19,15
15,6,15,16.3,0,0,4,30,5
12,0,12,21.0,0,0,0,7,6
8,6,8,13.2,0,0,0,41,5
8,1,8,13.4,0,1,0,25,5
11,6,11,16.3,0,0,0,12,5
5,1,5,5.3,0,0,0,7,6
16,4,16,11.9,0,0,4,20,1
7,3,7,10.0,0,0,21,3,14
11,5,11,13.7,0,0,2,2,2
13,0,13,30.5,0,1,0,23,5
1,5,1,10.3,0,0,0,0,0
6,5,6,5.6,0,0,0,8,5
17,1,17,22.5,0,0,0,18,5
4,6,4,12.3,0,0,0,26,6
12,5,12,13.5,0,0,0,13,6
8,2,8,6.2,0,0,0,20,6
11,4,11,23.8,0,0,0,13,6
8,3,8,12.9,0,0,0,12,5
20,6,20,12.6,0,0,5,13,1
17,2,17,20.9,0,0,4,31,4
15,3,15,15.4,0,0,0,25,6
20,1,20,11.7,0,0,0,3,5
5,2,5,14.4,0,0,0,10,6
15,5,15,11.9,0,0,4,20,4
8,3,8,12.2,0,1,22,19,15
14,1,14,17.1,0,0,4,9,1
11,0,11,14.7,0,0,0,12,6
16,4,16,19.8,0,0,0,14,5
8,2,8,13.0,0,0,4,39,1
13,0,13,14.6,0,0,0,48,6
20,3,20,11.8,0,0,5,18,1
22,5,22,17.3,0,1,10,38,10
8,2,8,8.7,0,0,0,4,5
9,6,9,15.2,0,0,0,15,7
14,6,14,30.7,0,1,6,18,8
9,4,9,17.2,0,1,21,3,5
5,6,5,16.7,0,0,5,4,1
15,2,15,14.6,0,0,0,44,5
1,1,1,16.0,0,0,17,33,15
19,3,19,24.8,0,0,0,18,5
2,6,2,17.9,0,0,0,1,0
17,2,17,20.6,0,0,0,9,6
16,2,16,16.4,0,0,4,20,4
13,1,13,11.7,1,2,21,3,15
5,2,5,3.4,0,0,4,23,5
15,6,15,23.2,0,0,0,9,5
16,2,16,26.8,0,0,13,6,6
12,5,12,11.5,0,0,0,5,6
16,1,16,11.0,0,0,0,1,7
8,1,8,6.9,0,0,4,31,5
6,5,6,13.2,0,1,0,8,6
20,0,20,15.3,1,2,0,13,5
8,2,8,11.5,0,0,0,20,5
19,0,19,14.9,0,0,5,13,1
16,6,16,29.2,0,0,13,6,6
18,0,18,25.4,0,0,20,19,15
19,4,19,26.1,0,0,5,30,1
22,1,22,11.0,0,0,13,6,5
6,5,6,1.1,0,0,5,7,1
6,6,6,8.1,1,2,8,73,10
20,1,20,21.2,0,0,5,18,1
10,3,10,25.8,0,0,7,9,18
8,4,8,1.6,0,0,0,4,5
5,2,5,15.3,0,0,0,13,5
22,4,22,18.1,0,0,17,33,15
11,3,11,10.2,0,0,13,6,6
19,2,19,11.0,0,0,4,9,1
10,0,10,9.3,0,0,28,7,0
14,0,14,24.9,0,0,0,3,5
8,2,8,10.9,0,0,0,12,6
22,2,22,20.9,0,1,6,18,8
11,6,11,12.3,0,0,10,22,11
11,1,11,14.5,0,0,0,19,0
20,2,20,14.9,0,2,5,26,1
15,0,15,18.6,0,0,13,4,5
11,6,11,8.3,0,0,2,2,2
17,5,17,32.4,0,0,0,31,6
4,0,4,12.0,0,0,0,26,6
21,1,21,8.1,0,0,15,19,7
14,3,14,17.6,0,0,0,20,6
13,4,13,11.0,0,0,14,19,12
14,3,14,14.6,0,0,13,6,5
18,4,18,22.1,0,1,0,12,6
16,0,16,24.6,0,0,0,30,5
8,2,8,17.5,0,1,0,4,5
23,0,23,5.5,0,0,0,35,0
15,3,15,11.4,0,0,5,14,1
10,4,10,14.5,0,0,28,7,0
13,6,13,15.3,0,0,21,3,5
2,6,2,11.3,0,0,16,32,5
1,2,1,9.6,0,0,0,19,0
4,0,4,15.5,0,0,0,13,5
6,2,6,4.6,0,0,4,13,4
4,1,4,13.1,0,0,0,26,6
23,4,23,4.3,0,0,0,35,7
5,5,5,4.6,0,0,0,18,5
8,2,8,6.7,0,0,0,13,6
13,1,13,29.1,0,0,4,31,4
18,4,18,15.3,0,0,0,18,5
15,6,15,24.9,0,0,0,6,6
11,6,11,16.5,0,0,0,20,6
15,2,15,19.7,0,0,0,31,5
13,6,13,25.8,0,0,0,6,6
16,3,16,9.4,1,2,4,5,4
9,6,9,9.3,0,0,0,12,6
19,2,19,13.1,0,0,0,22,0
14,2,14,26.0,0,1,12,27,0
1,4,1,15.0,0,0,2,2,8
6,0,6,2.0,0,0,4,23,1
23,0,23,9.7,0,0,0,36,0
11,0,11,15.8,0,0,10,22,11
23,6,23,14.0,0,0,0,35,7
10,4,10,22.5,0,0,20,19,15
18,4,18,29.7,0,0,13,6,6
0,0,0,9.9,0,0,15,37,7
20,3,20,21.1,0,0,0,29,5
15,0,15,24.8,0,1,0,5,6
18,5,18,11.2,0,0,13,6,4
6,6,6,13.5,0,1,0,8,6
17,1,17,22.5,0,0,0,13,6
2,0,2,13.3,0,0,0,0,0
4,3,4,9.3,0,0,0,9,6
1,4,1,12.5,0,0,0,6,5
17,5,17,25.8,0,0,5,23,4
12,2,12,26.1,0,1,0,6,6
15,2,15,34.1,0,1,30,19,15
21,5,21,5.7,0,0,7,12,18
8,1,8,14.4,0,1,0,29,6
16,6,16,24.4,0,0,0,29,6
17,4,17,11.8,0,0,0,29,5
23,3,23,9.2,1,2,4,9,5
9,6,9,20.9,0,1,0,16,0
13,2,13,17.8,0,0,4,5,4
0,2,0,10.2,0,0,5,7,4
10,3,10,22.8,0,1,0,28,5
1,1,1,8.5,0,0,13,6,6
5,1,5,5.7,0,0,0,29,6
9,4,9,6.4,0,0,5,10,1
15,0,15,16.4,0,0,13,4,5
9,2,9,6.9,0,0,5,12,4
10,3,10,16.7,0,1,0,29,5
6,5,6,15.2,0,1,0,8,6
7,2,7,15.4,0,1,0,7,5
7,6,7,12.6,0,0,0,7,6
13,3,13,14.6,0,0,0,9,6
16,4,16,27.2,0,0,43,62,8
7,6,7,8.3,0,0,4,39,1
10,1,10,12.4,0,0,5,14,1
8,6,8,7.8,0,0,0,30,6
11,6,11,23.6,0,0,0,12,6
22,6,22,7.7,0,0,0,3,5
8,2,8,13.7,0,1,0,18,5
14,6,14,20.2,0,0,6,30,19
19,4,19,13.9,0,0,4,18,1
7,1,7,13.6,0,0,0,11,6
8,2,8,16.1,0,1,0,11,6
19,4,19,9.2,0,0,5,18,1
3,4,3,16.5,0,0,20,19,15
13,5,13,24.8,0,0,28,7,0
3,3,3,9.6,0,0,14,19,15
15,3,15,24.3,0,0,0,25,6
0,1,0,7.3,0,0,0,6,6
8,5,8,18.5,0,1,0,4,5
6,2,6,11.9,0,1,4,23,4
15,6,15,23.0,0,0,5,14,1
2,0,2,16.2,0,0,13,6,6
23,6,23,14.7,0,0,13,6,1
11,1,11,14.3,0,0,0,25,6
10,4,10,10.2,0,0,5,24,1
16,6,16,15.8,0,0,0,25,6
13,0,13,27.8,0,1,0,8,6
20,5,20,31.6,0,1,5,18,5
18,3,18,24.4,0,1,4,18,1
1,1,1,12.7,0,0,13,6,6
9,3,9,15.1,0,0,0,17,5
8,2,8,9.8,0,0,21,3,5
7,3,7,15.3,0,1,13,6,6
5,1,5,11.1,0,0,0,31,6
7,2,7,9.0,0,0,0,12,5
5,1,5,13.6,0,0,5,4,1
0,5,0,17.5,0,0,6,7,17
8,3,8,13.6,0,1,0,18,5
20,1,20,20.4,0,1,5,13,1
13,1,13,18.5,0,0,0,3,5
20,6,20,15.2,0,0,21,3,5
14,6,14,14.9,0,0,4,13,1
19,6,19,11.1,0,0,5,30,1
9,4,9,4.4,0,0,0,11,6
12,5,12,12.1,0,0,0,9,5
5,3,5,0.8,0,0,4,5,5
0,6,0,17.0,0,0,0,35,0
5,1,5,10.9,0,0,2,2,8
14,2,14,18.2,0,0,0,20,6
4,5,4,16.0,0,0,0,8,5
8,0,8,3.1,0,0,0,25,6
7,1,7,8.5,0,0,0,25,5
23,6,23,13.8,0,0,39,19,12
17,3,17,25.1,0,0,7,26,24
11,5,11,11.8,0,0,0,24,5
11,2,11,23.3,0,1,0,8,0
14,0,14,23.2,0,0,0,11,6
5,6,5,5.7,0,0,4,13,1
11,6,11,12.7,0,0,0,19,0
7,1,7,9.9,0,1,0,11,5
14,6,14,17.4,0,0,13,6,6
10,0,10,15.1,0,0,0,13,6
12,3,12,10.9,0,0,0,11,6
20,3,20,8.5,1,2,4,13,1
20,0,20,20.9,0,0,0,7,6
19,2,19,16.9,0,0,13,6,6
0,4,0,11.7,1,2,13,6,6
19,6,19,13.1,0,0,5,18,1
10,0,10,19.7,0,0,8,1,10
7,5,7,13.1,0,0,0,20,5
7,1,7,0.5,0,0,4,6,4
20,0,20,20.1,0,0,5,6,1
7,3,7,14.8,0,1,13,6,6
10,2,10,21.1,0,1,26,58,0
7,6,7,17.0,0,0,0,25,6
16,2,16,14.1,0,0,0,24,5
22,2,22,15.4,0,1,16,32,14
17,5,17,17.7,0,0,4,20,4
14,1,14,16.4,0,0,0,20,6
8,2,8,5.2,0,0,0,9,6
12,5,12,13.0,0,0,0,18,5
8,0,8,6.4,0,0,4,9,1
21,6,21,8.4,0,0,0,7,6
23,1,23,17.3,0,1,0,19,0
6,4,6,6.7,0,0,1,1,7
14,5,14,29.3,0,1,0,24,5
20,6,20,25.9,0,1,0,8,6
16,5,16,7.8,0,0,5,10,1
4,4,4,10.6,0,0,5,26,1
17,4,17,29.3,0,1,31,63,12
15,2,15,29.4,0,0,4,13,1
20,2,20,25.8,0,0,0,8,5
5,4,5,8.6,0,0,4,9,4
12,5,12,26.1,0,0,0,8,5
4,0,4,13.2,0,0,0,13,5
8,4,8,7.5,0,0,0,29,6
11,1,11,20.6,0,0,0,29,6
17,2,17,31.0,0,0,0,29,5
10,6,10,21.3,0,1,44,7,44
11,0,11,12.2,0,0,0,20,6
23,6,23,7.8,0,0,0,19,0
15,6,15,18.3,0,0,5,13,1
16,0,16,33.5,0,0,0,13,6
10,6,10,9.8,0,0,28,7,0
6,5,6,10.7,0,0,4,6,1
4,1,4,5.5,0,0,21,3,14
18,0,18,18.9,0,0,5,13,1
21,2,21,11.5,1,2,6,18,27
14,1,14,11.7,1,2,5,31,1
20,5,20,18.9,0,0,0,3,6
17,6,17,13.3,0,0,0,30,5
11,4,11,18.5,0,0,5,10,4
4,3,4,16.1,0,0,0,9,5
6,6,6,11.2,0,0,0,14,5
0,0,0,4.2,0,0,2,2,8
5,5,5,15.3,0,0,0,5,5
7,0,7,0.5,0,0,0,29,6
16,6,16,25.1,0,0,0,9,5
8,6,8,7.3,0,0,0,20,5
12,0,12,17.3,0,0,0,10,6
14,4,14,12.4,0,0,5,14,1
21,2,21,8.3,0,0,0,31,6
14,6,14,18.7,0,0,0,3,6
9,5,9,21.5,0,1,0,16,7
5,0,5,11.9,0,0,5,106,1
16,0,16,18.5,0,0,0,9,6
12,0,12,11.1,0,0,0,31,6
18,6,18,28.9,0,1,0,12,6
13,6,13,26.2,0,0,0,62,5
9,0,9,7.0,0,0,0,9,6
13,0,13,29.8,0,1,0,13,6
21,2,21,4.5,0,0,18,34,11
18,0,18,8.5,0,0,0,13,6
7,6,7,14.4,0,1,0,9,6
6,2,6,3.0,0,0,1,1,1
17,5,17,30.2,0,0,0,6,0
17,2,17,28.6,0,0,0,31,6
2,3,2,11.1,0,0,0,0,0
13,1,13,11.4,0,0,0,20,6
16,5,16,17.2,0,0,5,12,4
7,3,7,12.6,0,0,0,25,6
11,4,11,21.9,0,0,25,25,21
10,3,10,22.0,0,1,0,12,5
1,5,1,9.6,0,0,0,0,0
1,5,1,13.8,0,0,2,2,8
18,5,18,32.0,0,1,0,26,6
10,4,10,13.0,0,0,0,20,6
2,3,2,20.3,0,0,2,2,8
23,5,23,11.6,0,0,18,34,11
21,3,21,17.1,0,0,21,3,5
3,3,3,15.5,0,0,2,2,2
12,0,12,15.0,0,0,0,31,6
12,6,12,24.8,0,1,0,9,5
15,3,15,26.4,0,1,0,44,6
20,0,20,13.6,0,0,0,31,6
13,6,13,26.6,0,0,23,43,0
18,3,18,24.2,0,0,0,12,6
12,2,12,18.4,0,0,9,21,11
16,3,16,34.2,0,1,0,44,5
7,4,7,7.7,0,0,0,3,7
20,5,20,22.3,0,0,4,13,1
15,0,15,9.8,0,0,5,20,4
0,1,0,9.2,0,0,20,39,15
10,4,10,9.4,0,0,25,51,22
15,2,15,12.2,0,0,5,12,1
0,4,0,5.1,0,0,2,2,8
5,1,5,11.1,0,0,4,5,4
14,2,14,26.7,0,0,5,5,1
22,0,22,4.5,0,0,0,10,5
18,2,18,28.8,0,1,39,19,12
8,4,8,12.8,0,1,25,25,21
4,3,4,9.4,0,0,0,13,5
12,6,12,13.9,0,0,0,18,5
15,1,15,18.4,0,0,21,71,5
14,5,14,14.8,0,0,13,6,6
10,2,10,12.6,0,0,0,6,0
19,1,19,22.0,0,0,14,19,16
6,1,6,15.0,0,1,5,7,5
9,5,9,20.9,0,1,21,3,5
7,0,7,9.9,0,0,0,3,5
3,1,3,15.7,0,0,19,15,0
11,3,11,11.5,0,0,6,30,19
11,4,11,14.1,0,0,5,24,1
0,4,0,13.0,0,0,0,9,6
0,2,0,11.6,0,0,0,6,5
7,6,7,16.1,0,0,5,11,4
4,2,4,4.5,0,0,21,3,5
13,5,13,15.2,0,0,4,12,5
5,6,5,5.3,0,0,4,23,4
20,0,20,10.0,0,0,5,3,4
20,6,20,8.8,0,0,18,34,11
10,3,10,9.7,0,0,5,14,1
21,4,21,6.7,0,0,4,29,1
18,6,18,14.1,0,0,5,29,1
1,3,1,16.2,0,0,0,0,0
16,5,16,32.9,0,1,13,6,5
12,4,12,24.5,0,0,0,5,6
6,2,6,5.3,0,0,4,23,1
6,1,6,2.1,0,0,4,6,1
6,5,6,3.8,0,0,0,31,6
5,0,5,5.1,0,0,0,9,6
14,6,14,15.5,0,0,13,99,5
0,3,0,9.0,0,0,2,2,8
17,5,17,25.2,0,0,0,10,5
14,4,14,27.7,0,0,0,9,6
23,1,23,21.5,0,1,15,19,7
18,0,18,24.4,0,0,21,3,0
13,3,13,23.2,0,0,0,6,6
14,1,14,28.0,0,0,0,12,6
21,3,21,21.7,0,1,0,26,6
19,6,19,23.8,0,0,5,18,1
10,3,10,14.2,0,0,0,20,6
23,4,23,13.1,0,0,0,35,7
16,6,16,13.3,0,0,0,20,5
15,2,15,18.1,0,1,4,13,4
8,3,8,11.1,0,0,0,18,5
20,5,20,19.6,0,0,6,18,8
5,0,5,9.5,0,0,4,4,1
18,4,18,25.4,0,0,4,18,1
12,0,12,20.6,0,0,0,5,6
19,4,19,15.1,0,0,5,30,1
15,6,15,16.3,0,0,13,4,5
8,0,8,3.9,0,0,5,10,1
2,6,2,11.1,0,0,13,6,6
12,6,12,27.1,0,1,0,5,5
20,0,20,18.9,0,0,5,18,4
15,0,15,22.0,0,0,13,4,5
16,5,16,29.3,0,1,13,6,4
4,6,4,5.3,0,0,5,5,4
23,4,23,6.4,0,0,0,15,7
5,6,5,12.7,0,0,4,4,4
7,1,7,13.4,0,0,14,19,16
11,3,11,10.5,0,0,10,22,11
23,2,23,7.9,0,0,0,35,0
13,6,13,22.1,0,0,42,86,41
8,1,8,17.9,0,0,0,16,7
7,5,7,10.8,0,0,4,10,1
13,4,13,26.1,0,1,0,29,5
14,4,14,25.9,0,0,0,9,6
6,1,6,15.0,0,0,4,5,5
8,5,8,13.0,0,0,0,12,6
6,1,6,11.0,0,0,21,3,5
20,5,20,26.3,0,1,0,6,5
14,3,14,24.3,1,0,0,20,5
11,0,11,22.0,0,0,0,9,5
13,3,13,11.9,0,0,5,6,1
9,4,9,13.0,0,0,0,18,5
15,2,15,19.6,0,0,0,10,6
11,5,11,24.7,0,1,0,20,6
15,6,15,15.1,0,0,0,20,5
16,6,16,32.3,0,1,0,7,6
5,6,5,13.0,0,0,5,4,1
11,3,11,10.5,0,0,0,19,7
17,0,17,22.8,0,0,4,23,4
5,6,5,15.8,0,0,21,3,5
17,6,17,13.1,0,0,0,22,0
21,2,21,18.4,0,0,0,31,6
19,4,19,11.7,0,0,0,10,6
23,6,23,5.8,0,0,5,6,1
17,1,17,27.2,0,0,4,45,1
21,4,21,19.5,0,1,0,7,5
11,3,11,12.7,0,0,4,54,1
23,6,23,9.0,0,0,0,36,0
16,5,16,15.1,0,0,13,99,5
18,6,18,13.5,0,0,0,10,6
12,3,12,11.5,0,0,7,31,18
10,5,10,21.0,0,0,0,31,5
6,5,6,5.5,0,0,0,13,6
0,3,0,12.0,0,0,0,8,5
19,0,19,12.7,0,0,0,10,6
17,2,17,26.2,0,1,4,45,1
17,0,17,32.3,0,0,0,25,5
9,4,9,15.1,0,1,0,29,6
11,1,11,15.5,0,0,13,6,6
16,6,16,25.7,0,0,0,23,6
7,6,7,7.8,0,1,0,14,5
14,2,14,34.5,0,1,0,10,6
23,0,23,15.7,0,0,0,19,7
18,1,18,28.4,0,1,13,6,6
13,2,13,25.8,0,0,12,27,0
12,4,12,20.7,0,0,6,18,8
20,0,20,18.1,0,0,4,18,1
11,2,11,12.9,0,0,0,12,6
8,5,8,9.2,0,0,4,13,4
22,2,22,11.0,0,0,6,7,27
5,1,5,9.3,0,0,0,26,6
15,0,15,26.9,0,0,0,3,5
16,4,16,16.5,0,0,4,9,4
6,3,6,4.4,0,0,0,29,6
8,6,8,12.2,0,0,0,3,0
7,4,7,10.2,0,0,21,3,14
12,5,12,14.5,0,0,9,21,11
18,5,18,23.3,0,0,0,18,5
17,2,17,24.7,0,0,0,31,6
18,5,18,12.9,0,0,0,20,6
22,1,22,12.9,0,0,16,32,14
21,0,21,6.4,0,0,18,34,11
12,6,12,27.6,0,0,20,19,15
11,3,11,14.9,1,2,0,9,6
13,0,13,12.0,0,0,0,12,6
15,5,15,20.1,0,0,0,20,5
8,6,8,5.0,0,0,0,6,6
11,5,11,8.7,0,0,13,6,6
13,6,13,14.2,0,0,0,12,6
11,3,11,23.6,0,1,0,28,5
13,5,13,14.0,0,0,0,18,5
17,1,17,19.0,0,0,14,19,16
8,2,8,5.1,0,0,0,11,6
19,0,19,14.8,0,0,0,22,0
15,2,15,13.7,0,0,4,13,4
11,1,11,24.7,0,0,5,10,1
18,4,18,12.5,0,0,4,10,1
20,6,20,8.6,0,0,18,34,11
8,2,8,4.4,0,0,0,20,6
5,5,5,11.5,0,0,4,4,4
8,6,8,4.5,0,0,0,8,5
20,2,20,12.5,0,0,0,9,6
13,1,13,28.7,0,0,23,43,0
8,5,8,14.1,0,0,0,18,5
6,2,6,3.2,0,0,5,7,1
4,2,4,2.0,0,0,23,43,0
23,3,23,8.7,0,0,0,15,7
16,5,16,26.3,0,0,1,1,1
23,5,23,8.9,0,0,0,19,0
22,1,22,10.2,0,0,10,22,11
16,1,16,12.2,0,0,0,31,6
7,3,7,6.7,0,0,4,31,4
8,1,8,18.8,0,1,0,25,6
8,1,8,10.5,0,0,0,16,0
16,0,16,24.7,0,0,0,9,6
1,0,1,16.6,0,0,0,35,7
17,5,17,17.2,0,0,0,12,6
10,4,10,20.1,0,0,0,13,6
5,6,5,0.5,0,0,4,6,1
23,4,23,19.6,0,1,15,19,13
23,3,23,17.5,0,0,18,34,11
14,5,14,26.2,0,0,5,14,1
12,0,12,9.9,0,0,9,21,11
16,4,16,27.6,0,0,0,14,5
11,6,11,10.7,0,0,0,16,0
5,2,5,8.5,0,0,4,5,1
16,5,16,16.9,0,0,0,12,6
6,5,6,10.0,0,0,13,6,6
20,4,20,14.6,0,0,0,13,5
16,6,16,21.1,0,0,4,18,1
13,2,13,22.3,0,0,12,27,0
14,4,14,17.8,0,0,0,29,5
21,3,21,16.1,0,0,0,31,6
6,3,6,4.0,0,0,21,3,5
7,5,7,6.4,0,0,0,25,6
15,0,15,22.5,0,0,5,25,1
1,5,1,7.4,0,0,0,6,5
9,6,9,10.0,0,0,20,7,15
13,4,13,7.4,0,0,0,11,6
15,0,15,24.2,0,0,20,2,15
5,1,5,10.5,0,0,4,9,1
23,2,23,13.0,0,0,20,19,15
11,4,11,13.9,0,0,0,31,6
18,6,18,25.4,0,0,21,3,7
1,3,1,16.1,0,0,2,2,8
11,5,11,11.8,0,0,0,19,7
5,1,5,18.0,0,0,5,4,1
4,0,4,5.0,0,0,0,31,6
16,6,16,32.0,0,1,0,22,0
18,5,18,30.7,0,1,0,12,6
16,6,16,17.0,0,0,0,25,5
13,4,13,7.1,0,0,0,29,6
14,4,14,25.4,0,0,0,13,6
18,0,18,15.2,0,0,4,18,5
13,1,13,27.9,0,0,10,22,11
10,1,10,12.1,0,0,0,20,6
19,3,19,24.3,0,0,6,18,8
23,4,23,8.2,0,0,0,35,7
1,3,1,18.6,0,0,0,8,6
16,6,16,29.5,0,1,0,13,6
15,0,15,26.9,0,1,5,12,4
12,6,12,22.0,0,0,20,19,15
5,6,5,7.4,0,0,0,31,6
6,2,6,12.8,0,1,4,6,5
13,6,13,12.3,0,0,5,7,1
5,5,5,6.4,0,0,0,23,6
6,3,6,11.4,0,1,13,6,6
19,6,19,26.3,0,1,0,29,5
22,1,22,10.1,0,0,16,32,14
4,2,4,13.1,0,0,0,5,6
10,6,10,11.9,0,0,0,6,7
9,5,9,15.6,0,0,5,10,4
18,0,18,26.8,0,0,21,3,0
13,3,13,22.5,0,0,20,3,15
11,6,11,20.8,0,0,0,19,0
19,3,19,9.5,0,0,0,20,6
13,6,13,14.4,0,0,0,48,6
1,3,1,10.0,0,0,1,1,1
1,5,1,13.2,0,0,20,6,15
7,0,7,11.8,0,1,0,11,5
9,5,9,21.3,0,1,0,69,0
13,6,13,12.7,0,0,12,27,0
1,0,1,18.1,0,0,0,46,0
6,3,6,14.8,0,1,0,31,5
2,3,2,5.4,0,0,2,2,2
4,6,4,11.0,0,0,14,19,12
17,3,17,25.6,0,0,13,5,6
19,5,19,8.5,0,0,0,10,5
23,2,23,12.4,0,0,0,22,0
2,4,2,16.8,0,0,0,1,7
10,0,10,19.4,0,1,0,17,5
10,2,10,19.3,0,1,21,3,5
15,3,15,27.4,0,0,13,6,6
8,6,8,7.6,0,0,0,3,7
1,3,1,7.2,0,0,0,0,0
10,6,10,8.5,0,0,28,7,0
19,3,19,9.2,0,0,0,29,6
4,2,4,8.2,0,0,2,2,8
16,5,16,15.1,0,0,0,1,7
4,4,4,6.2,0,0,21,3,5
20,1,20,13.4,0,0,14,19,16
7,5,7,15.1,0,1,5,18,5
22,1,22,19.1,0,1,0,7,5
19,6,19,20.9,0,0,0,8,6
6,5,6,1.9,0,0,0,29,6
13,5,13,23.1,0,0,14,19,16
2,2,2,14.6,0,0,2,2,8
19,6,19,21.7,0,0,0,8,6
19,6,19,24.0,0,1,5,18,5
5,0,5,1.2,0,0,0,31,6
13,3,13,16.5,0,0,0,20,5
19,4,19,6.4,0,0,0,22,0
22,1,22,13.2,0,0,10,38,10
3,0,3,3.9,0,0,3,3,3
13,3,13,27.0,0,1,10,22,11
22,2,22,7.4,0,0,15,19,7
11,5,11,12.1,0,0,5,10,1
10,3,10,12.2,0,0,0,25,6
14,1,14,22.6,0,0,0,20,5
1,5,1,7.5,1,2,0,5,6
4,6,4,6.6,0,0,0,8,6
21,6,21,11.3,0,0,0,26,6
4,3,4,9.7,0,0,0,8,6
5,4,5,11.9,0,0,0,31,5
18,1,18,29.0,0,1,0,12,5
23,2,23,12.9,0,0,0,35,0
10,0,10,16.6,0,1,0,23,5
12,3,12,22.7,0,0,2,2,2
2,5,2,7.7,1,2,2,2,8
18,2,18,7.2,0,0,13,6,5
4,1,4,1.8,0,0,0,26,5
14,0,14,17.1,0,0,0,11,5
12,4,12,20.9,0,0,0,5,6
12,5,12,25.6,0,0,5,10,1
5,2,5,12.6,0,0,4,45,1
15,5,15,15.0,0,0,21,71,5
17,6,17,13.4,0,0,5,23,4
17,6,17,29.7,0,1,4,5,5
14,2,14,11.7,0,0,1,1,1
8,0,8,1.5,0,0,0,28,6
11,3,11,12.4,0,0,0,41,5
20,6,20,10.6,0,0,0,31,6
11,4,11,12.5,0,0,0,6,6
12,6,12,11.5,0,0,0,18,5
22,0,22,9.4,0,0,5,9,1
16,2,16,22.0,0,0,0,20,5
15,0,15,16.5,0,0,0,44,5
5,3,5,9.4,0,0,0,18,5
5,2,5,13.2,0,0,0,9,6
6,6,6,4.3,0,0,4,6,5
0,2,0,13.5,0,0,16,32,14
16,0,16,28.2,0,0,0,5,5
8,3,8,22.7,0,0,0,20,5
1,2,1,16.2,0,0,0,0,0
19,4,19,10.1,0,0,13,6,6
13,6,13,14.8,0,0,0,11,6
14,0,14,29.2,0,0,4,13,4
21,5,21,19.9,0,0,26,58,7
22,6,22,6.9,0,0,16,32,14
23,5,23,8.2,0,0,5,6,1
14,6,14,28.7,0,1,6,18,8
18,6,18,22.7,0,1,0,18,5
10,0,10,7.1,0,0,28,7,0
5,2,5,14.6,0,0,0,13,5
19,5,19,14.4,0,0,0,22,0
13,0,13,28.7,0,1,5,7,5
10,6,10,23.6,0,1,0,12,5
21,6,21,10.4,0,0,21,3,15
23,3,23,17.4,0,1,19,15,0
8,2,8,5.0,0,0,0,30,5
9,5,9,15.3,0,1,0,18,5
14,2,14,19.8,0,0,13,99,1
8,2,8,4.7,0,0,4,13,1
4,0,4,17.0,0,0,0,13,6
23,3,23,8.8,0,0,5,6,1
18,5,18,22.8,0,0,0,20,6
15,4,15,32.2,0,1,31,63,12
16,5,16,13.7,0,0,0,22,0
12,0,12,22.2,0,0,0,5,5
17,5,17,17.6,0,0,0,5,6
10,3,10,11.2,0,0,0,8,5
13,6,13,30.7,0,1,0,48,5
18,6,18,29.0,0,1,0,12,5
8,6,8,16.8,0,1,0,18,5
23,5,23,20.5,0,1,15,37,7
16,4,16,14.9,0,0,0,12,6
23,0,23,4.7,0,0,5,6,1
20,4,20,23.6,0,1,0,12,6
10,4,10,17.9,0,1,5,12,1
17,5,17,17.0,0,0,0,31,6
1,0,1,18.6,0,0,0,46,0
19,5,19,17.4,0,0,0,8,6
14,0,14,26.6,0,0,13,6,6
14,6,14,29.0,0,1,12,27,0
10,4,10,9.9,0,0,0,29,6
15,6,15,14.5,0,0,4,30,5
5,3,5,7.2,0,0,4,6,4
7,1,7,8.9,0,0,13,6,6
16,6,16,10.5,0,0,0,18,5
8,3,8,13.8,0,0,25,51,23
16,3,16,26.1,0,0,5,13,4
7,6,7,8.5,0,0,0,12,6
7,4,7,9.7,0,0,1,1,7
7,1,7,13.6,0,0,0,20,6
20,6,20,23.2,0,1,0,9,6
17,2,17,29.9,0,1,0,7,5
8,6,8,16.0,0,0,0,41,5
4,5,4,9.2,0,0,0,9,6
10,0,10,6.5,0,0,0,14,5
4,3,4,5.9,0,0,0,13,6
1,2,1,13.3,0,0,0,0,0
15,3,15,10.2,0,0,0,9,6
17,0,17,27.3,0,0,0,23,6
15,5,15,31.4,0,0,13,6,6
23,5,23,10.0,0,0,0,19,7
1,6,1,3.0,0,0,13,6,6
17,2,17,24.9,0,0,0,29,6
5,6,5,2.4,0,0,4,23,1
16,5,16,26.0,0,1,0,7,6
15,1,15,29.1,0,0,1,1,1
5,0,5,11.9,0,0,5,5,4
15,6,15,31.5,0,1,0,44,6
15,3,15,25.9,0,0,0,5,6
11,4,11,21.3,0,1,0,6,0
17,6,17,27.2,0,1,0,12,6
18,1,18,30.3,0,1,0,12,5
8,1,8,4.9,0,0,27,91,38
8,4,8,9.0,0,0,0,3,7
7,6,7,11.5,0,1,4,9,4
11,5,11,10.0,0,0,0,31,6
18,6,18,25.9,0,0,0,10,6
5,5,5,14.6,0,0,2,2,8
9,1,9,14.5,0,1,5,10,4
9,4,9,8.8,0,0,0,41,5
14,3,14,22.2,0,0,0,11,6
4,1,4,13.2,0,0,0,31,6
0,4,0,16.1,0,0,0,36,10
8,4,8,5.5,0,0,6,18,8
6,0,6,6.6,0,0,25,51,21
13,2,13,18.5,0,0,0,8,6
12,5,12,24.1,0,1,5,5,5
22,3,22,20.0,0,1,6,18,8
8,2,8,11.5,0,0,0,24,5
23,3,23,16.5,0,0,6,18,27
13,6,13,27.0,0,1,0,7,6
0,2,0,16.5,0,0,0,15,7
18,2,18,12.9,0,0,4,13,1
11,2,11,26.1,0,1,0,31,6
20,4,20,16.2,0,0,0,8,6
15,1,15,19.1,0,0,4,13,1
13,1,13,29.0,0,1,11,19,3
10,5,10,11.0,0,0,0,6,0
1,0,1,10.0,0,0,13,6,6
7,3,7,4.0,0,0,22,19,15
13,6,13,12.4,0,0,0,29,6
13,2,13,9.3,0,0,4,5,4
13,1,13,30.5,0,1,0,9,5
14,2,14,17.8,0,0,4,13,1
15,2,15,27.1,0,0,13,6,6
0,3,0,19.2,0,0,0,1,7
4,4,4,10.7,0,0,20,6,15
19,3,19,11.2,0,0,0,8,5
11,2,11,13.3,0,0,10,22,11
12,3,12,23.1,0,0,2,2,2
12,1,12,13.3,0,0,10,22,11
20,1,20,10.4,0,0,21,3,5
11,2,11,8.2,0,0,0,12,6
1,5,1,10.0,0,0,2,2,8
7,5,7,3.2,0,0,25,51,21
13,2,13,13.0,0,0,4,5,1
5,5,5,4.5,0,0,21,3,5
14,6,14,19.5,0,0,0,29,6
5,1,5,5.9,0,0,2,2,8
14,5,14,31.2,0,1,6,18,8
11,3,11,17.5,0,0,5,10,1
10,3,10,9.6,0,0,5,10,1
7,3,7,1.0,0,0,6,18,17
10,0,10,10.7,0,0,0,9,6
17,5,17,17.1,0,0,5,23,4
23,4,23,6.6,0,0,0,19,0
1,6,1,8.6,0,0,0,35,0
5,2,5,6.6,0,0,0,23,6
17,3,17,26.3,0,0,0,10,5
6,1,6,4.1,0,0,0,9,5
15,0,15,26.1,0,0,0,25,6
15,6,15,21.7,0,0,0,13,6
9,5,9,9.1,0,0,4,20,4
4,2,4,12.2,0,0,0,31,6
19,3,19,25.3,0,1,5,18,5
12,0,12,15.3,0,0,0,13,6
4,1,4,11.3,0,0,0,40,5
13,3,13,12.9,0,0,6,18,8
10,3,10,8.6,0,0,0,23,5
6,5,6,20.4,0,1,5,5,5
8,6,8,9.5,0,0,0,4,5
16,1,16,17.3,0,0,0,1,7
12,5,12,27.2,0,0,0,9,6
18,0,18,26.1,0,0,0,23,6
9,2,9,9.4,0,0,0,3,6
7,0,7,9.9,0,0,0,10,5
5,3,5,17.1,0,0,4,23,5
21,2,21,5.9,0,0,0,13,6
13,3,13,27.1,0,0,5,7,1
16,4,16,19.8,0,0,0,5,6
0,0,0,5.3,0,0,1,1,1
15,2,15,20.3,0,0,5,20,4
13,3,13,21.5,0,0,0,9,6
1,4,1,16.7,0,0,0,46,0
14,2,14,13.4,0,0,5,13,1
6,0,6,14.4,0,0,0,9,6
15,3,15,24.4,0,1,0,31,6
0,5,0,25.4,0,0,4,29,1
20,4,20,14.3,0,0,0,29,6
16,6,16,16.0,0,0,4,13,1
8,4,8,15.1,0,0,0,20,5
16,6,16,17.3,0,0,0,24,5
12,1,12,9.2,1,2,20,44,15
22,1,22,4.2,0,0,5,6,1
13,0,13,25.8,0,0,0,3,5
17,3,17,26.4,0,0,20,19,15
17,1,17,11.9,0,0,5,20,4
18,2,18,19.3,0,0,0,12,6
23,2,23,6.3,0,0,5,6,1
5,6,5,7.3,0,0,4,1,1
11,6,11,11.6,0,0,20,19,15
16,2,16,16.5,0,0,0,28,6
11,1,11,22.2,0,1,4,12,4
9,5,9,16.9,0,1,21,3,5
17,1,17,26.5,0,0,0,13,6
23,2,23,16.7,0,0,0,35,7
22,3,22,19.1,0,0,0,8,6
14,0,14,27.9,0,1,12,27,0
14,6,14,20.6,0,0,0,12,6
15,4,15,18.8,0,0,14,19,12
2,5,2,6.4,1,2,0,6,6
15,4,15,18.1,0,0,0,49,5
14,1,14,29.8,0,0,0,11,6
19,1,19,13.9,0,0,5,25,1
9,0,9,14.0,0,1,0,18,5
15,4,15,27.8,0,1,4,17,5
14,6,14,30.9,0,1,6,30,19
19,0,19,30.0,0,1,0,10,5
16,6,16,23.6,0,0,5,23,1
7,6,7,10.8,0,0,5,11,4
15,6,15,25.1,0,0,0,44,5
7,6,7,7.4,0,0,4,31,4
23,4,23,8.7,0,0,0,19,0
17,1,17,28.7,0,1,0,9,6
18,3,18,25.9,0,0,0,13,6
8,0,8,15.4,0,0,4,13,4
15,3,15,27.5,0,0,0,9,6
9,5,9,20.0,0,0,0,6,6
17,2,17,33.9,0,1,0,6,0
8,6,8,16.9,0,0,4,39,1
6,5,6,4.7,0,0,0,55,5
5,1,5,5.3,0,0,0,26,6
16,4,16,30.7,0,0,0,30,5
23,3,23,14.3,0,1,17,33,15
20,3,20,22.6,0,0,5,6,1
15,6,15,15.9,0,0,0,12,5
21,3,21,19.4,0,0,0,22,0
11,3,11,11.3,0,0,0,89,7
8,4,8,3.6,0,0,0,25,6
22,2,22,21.3,0,1,17,33,15
12,0,12,26.7,0,0,5,5,5
15,0,15,27.8,0,0,0,44,6
12,4,12,21.1,0,0,0,6,5
5,1,5,13.8,0,0,0,10,6
8,6,8,8.5,0,0,0,3,5
23,2,23,11.9,0,0,15,19,7
18,1,18,10.4,0,0,13,5,6
6,1,6,15.0,0,1,4,23,5
15,0,15,31.4,0,1,0,5,6
9,0,9,18.1,0,1,20,19,15
5,0,5,12.2,0,0,5,5,5
14,4,14,29.4,0,1,4,17,1
11,5,11,13.0,0,0,0,31,6
13,3,13,10.9,0,0,20,19,15
15,2,15,28.0,0,1,0,5,5
4,1,4,11.3,0,0,0,26,6
10,3,10,19.1,0,0,0,14,5
9,6,9,22.6,0,1,0,18,5
15,2,15,13.8,0,0,0,44,5
19,3,19,8.7,0,2,4,20,4
11,3,11,19.5,0,0,0,10,6
0,4,0,16.3,0,0,0,36,0
13,1,13,25.7,0,0,0,48,6
8,5,8,3.9,0,0,0,3,6
15,6,15,34.4,0,0,1,1,1
17,1,17,28.3,0,0,0,9,5
0,6,0,12.5,0,0,0,15,7
21,2,21,8.4,0,0,0,31,6
9,2,9,18.4,0,0,0,3,6
11,2,11,26.2,0,0,7,70,18
12,1,12,24.3,0,0,13,6,6
8,4,8,13.9,0,1,0,8,5
16,1,16,18.8,0,0,23,43,0
5,1,5,18.0,0,0,0,13,6
15,3,15,26.4,0,0,0,25,6
9,6,9,25.7,0,0,0,17,5
8,0,8,7.1,0,0,0,25,6
10,4,10,20.8,0,1,6,18,17
11,2,11,15.1,0,0,0,9,6
0,0,0,6.8,0,0,2,2,8
3,1,3,15.0,0,0,14,19,12
19,4,19,11.5,0,0,5,30,1
8,4,8,8.5,0,0,0,13,6
4,1,4,10.7,0,0,0,31,6
4,4,4,8.4,1,2,7,29,24
19,1,19,21.4,0,0,13,6,5
13,2,13,26.5,0,0,22,19,15
5,3,5,14.0,0,0,2,2,8
13,6,13,16.9,0,0,0,23,5
19,5,19,15.4,0,0,0,31,6
11,5,11,10.9,0,0,0,19,0
7,1,7,10.6,0,1,0,29,6
19,5,19,14.4,0,0,0,29,6
13,0,13,30.0,0,0,72,16,46
23,0,23,11.0,0,0,0,19,0
16,1,16,22.5,0,0,0,5,5
8,4,8,6.3,0,0,0,4,5
20,5,20,11.9,0,0,0,7,6
21,6,21,22.8,0,1,0,7,5
0,6,0,18.8,0,0,10,22,11
1,5,1,16.9,0,0,16,32,5
20,6,20,18.0,0,0,0,22,0
13,0,13,26.2,0,1,0,10,5
15,1,15,17.1,0,1,0,18,5
23,1,23,12.1,0,0,0,19,0
12,4,12,14.2,0,0,0,25,6
9,4,9,15.9,0,0,7,67,24
18,1,18,26.9,0,0,0,5,6
7,5,7,12.7,0,0,0,26,6
14,1,14,30.1,0,1,12,27,0
17,3,17,14.3,0,0,21,3,0
14,2,14,17.2,0,1,0,14,5
22,2,22,11.3,0,0,0,8,6
14,3,14,23.2,0,0,0,3,5
7,3,7,8.2,0,0,0,25,6
10,4,10,21.5,0,0,0,23,6
5,4,5,1.8,0,0,0,9,6
5,2,5,12.5,0,0,4,1,1
12,5,12,26.2,0,0,0,5,5
22,1,22,16.5,0,0,15,19,13
5,4,5,1.7,0,0,0,13,6
2,0,2,4.3,0,0,2,2,2
0,1,0,19.8,0,0,10,38,10
6,3,6,9.2,0,0,5,6,1
12,2,12,15.6,0,0,5,31,1
16,3,16,15.4,0,0,0,20,5
18,1,18,15.3,0,0,0,8,6
16,1,16,21.2,0,0,21,3,0
23,4,23,7.9,0,0,13,6,6
14,6,14,17.6,0,0,0,3,6
14,5,14,13.9,0,0,13,99,5
10,3,10,10.0,0,0,0,6,0
7,5,7,12.6,0,0,0,12,5
11,2,11,29.5,0,0,0,12,5
22,5,22,10.1,0,0,15,19,7
20,6,20,12.1,0,0,21,3,5
1,2,1,13.1,0,0,2,2,8
7,0,7,4.3,0,0,0,13,6
22,1,22,19.2,0,1,16,32,14
7,4,7,14.3,0,1,0,11,5
1,6,1,17.2,0,0,0,1,0
17,6,17,9.9,0,0,4,45,4
12,3,12,11.0,0,0,9,21,11
23,4,23,17.6,0,0,0,19,0
14,6,14,26.5,0,0,43,62,8
10,4,10,24.3,0,1,0,23,5
17,1,17,29.8,0,0,0,53,7
6,0,6,5.1,0,0,0,9,6
4,6,4,18.8,0,0,0,9,5
5,1,5,13.7,0,0,5,5,5
20,4,20,10.0,0,0,5,3,1
7,6,7,6.5,0,0,0,7,6
23,4,23,6.7,0,0,5,6,1
22,0,22,9.3,0,0,15,19,7
20,4,20,14.1,0,0,0,26,6
20,6,20,15.9,0,0,5,20,1
6,0,6,10.8,0,0,4,1,1
0,5,0,11.0,0,0,20,19,15
13,3,13,10.8,0,0,6,18,8
8,1,8,8.3,0,0,0,20,5
22,4,22,6.7,1,2,20,7,15
12,6,12,20.7,0,0,5,41,1
12,4,12,25.1,0,1,0,12,6
13,5,13,27.1,0,0,0,12,5
13,6,13,28.3,0,1,0,12,6
5,0,5,12.9,0,0,0,9,5
13,4,13,7.1,0,0,0,3,5
23,1,23,12.7,0,1,0,36,0
18,6,18,33.3,0,0,0,10,5
13,3,13,11.6,0,0,4,10,4
16,1,16,18.5,0,0,0,13,6
15,0,15,18.4,0,0,4,13,1
1,4,1,12.0,0,0,0,46,0
1,1,1,17.3,0,0,0,1,10
7,2,7,12.7,0,0,0,24,5
23,2,23,15.1,0,1,0,8,5
16,6,16,18.2,0,0,0,6,6
19,3,19,21.9,0,0,5,18,1
16,4,16,19.8,0,0,0,9,6
22,1,22,17.4,0,1,6,18,8
1,0,1,7.2,0,0,0,6,5
1,1,1,6.9,0,0,0,0,0
22,2,22,10.4,0,0,16,32,14
4,4,4,7.5,0,0,3,3,3
1,3,1,9.0,0,0,0,0,0
20,6,20,15.6,0,0,5,18,1
9,3,9,7.2,0,0,0,18,5
22,4,22,11.8,0,1,16,32,14
15,3,15,17.9,0,0,0,9,6
16,1,16,19.0,0,0,25,9,22
7,1,7,9.8,0,0,0,13,6
15,3,15,27.4,0,1,0,5,5
8,2,8,9.1,0,0,0,3,6
4,1,4,16.7,0,0,5,31,1
11,1,11,21.0,0,0,0,11,6
19,3,19,13.2,0,0,13,6,4
10,5,10,8.9,0,0,28,7,0
13,2,13,22.2,0,0,10,22,11
4,0,4,15.4,0,0,3,3,3
15,2,15,26.7,0,0,5,5,1
7,3,7,13.9,0,0,0,13,6
10,3,10,8.7,0,0,0,29,6
14,1,14,28.9,0,1,6,18,8
7,1,7,12.5,0,0,4,9,1
1,5,1,14.8,0,0,1,1,1
20,4,20,14.3,0,0,5,10,1
17,4,17,21.1,0,0,14,63,16
15,2,15,13.8,0,0,5,31,4
15,6,15,20.5,0,0,0,44,6
13,6,13,16.3,0,0,0,20,6
17,0,17,22.9,0,0,21,3,0
5,3,5,7.3,0,0,0,5,6
10,1,10,8.5,0,0,0,12,6
18,4,18,26.1,0,0,21,71,5
11,4,11,13.1,0,0,0,4,5
19,3,19,9.2,0,0,4,18,1
9,4,9,17.2,0,1,25,25,22
14,1,14,26.7,0,0,0,24,5
13,2,13,22.0,0,0,28,7,0
16,6,16,23.8,0,0,0,18,5
5,0,5,8.9,0,0,4,5,4
8,1,8,16.7,0,0,21,3,5
9,5,9,12.3,0,0,0,31,5
4,0,4,12.1,0,0,0,23,5
4,1,4,5.1,0,0,21,3,5
4,3,4,1.0,0,0,0,9,6
16,3,16,29.3,0,1,4,12,4
18,3,18,30.4,0,1,0,10,6
20,4,20,20.3,0,0,13,6,1
16,6,16,15.2,0,0,0,22,0
6,0,6,3.0,0,0,1,1,7
23,4,23,17.7,0,0,15,19,13
5,0,5,8.2,0,0,0,13,6
19,6,19,24.5,0,1,4,18,1
1,6,1,12.9,0,0,1,1,1
8,5,8,15.9,0,0,0,20,6
7,1,7,9.5,0,0,0,13,6
20,1,20,12.9,0,0,0,7,6
2,4,2,11.3,0,0,13,6,6
23,0,23,19.6,0,0,18,34,11
0,5,0,18.7,0,0,0,19,0
9,2,9,12.0,0,0,0,69,7
19,1,19,10.4,0,0,0,25,5
12,6,12,21.0,0,0,20,72,15
4,3,4,12.4,0,0,0,31,6
12,5,12,27.3,0,0,0,13,5
14,4,14,19.9,0,0,13,6,5
7,6,7,-0.5,0,0,0,3,7
14,3,14,26.1,0,1,0,3,5
12,1,12,10.0,0,0,0,29,6
6,2,6,2.0,0,0,4,13,1
7,1,7,9.9,0,0,22,19,15
11,1,11,14.4,0,0,4,31,1
9,3,9,8.7,0,0,28,7,0
9,0,9,24.2,0,1,0,16,0
17,1,17,28.3,0,0,0,13,6
21,5,21,9.2,0,0,0,5,6
6,0,6,7.9,0,0,5,9,4
16,1,16,19.2,0,0,0,4,6
14,6,14,15.6,0,0,21,71,5
9,6,9,18.0,0,1,0,17,5
17,2,17,21.2,0,0,0,7,6
4,0,4,9.2,0,0,0,13,5
12,6,12,13.6,0,0,2,2,2
18,2,18,27.5,0,1,0,29,5
13,2,13,11.8,0,0,4,29,1
6,2,6,14.7,0,1,13,6,6
10,2,10,22.9,0,1,4,12,5
18,6,18,24.9,0,0,0,29,5
12,0,12,23.4,0,0,10,38,10
5,0,5,10.0,0,0,0,13,6
5,3,5,3.3,0,0,0,13,6
7,5,7,16.9,0,0,0,10,6
19,0,19,27.1,0,1,5,10,4
6,5,6,5.6,0,0,4,23,1
17,5,17,16.5,0,0,0,9,5
6,2,6,10.5,0,0,0,13,6
18,4,18,15.1,0,0,5,10,1
7,6,7,11.5,0,1,0,24,5
15,0,15,18.1,0,0,0,9,6
23,5,23,16.9,0,0,17,33,15
8,4,8,7.0,0,0,0,5,6
8,5,8,7.9,0,0,6,18,8
18,6,18,11.4,0,0,5,99,1
12,0,12,15.2,0,0,0,10,6
4,0,4,5.4,0,0,20,19,15
8,1,8,9.0,0,0,0,25,6
21,4,21,17.9,0,0,5,3,4
6,2,6,15.5,0,0,0,8,5
6,1,6,4.6,0,0,0,13,6
10,3,10,19.4,0,0,0,3,5
0,6,0,13.4,0,0,0,15,7
5,1,5,15.0,0,0,0,9,6
13,5,13,11.6,0,0,5,7,1
14,1,14,18.0,0,0,5,48,1
9,5,9,18.5,0,0,0,28,6
5,0,5,13.7,0,0,0,9,6
12,3,12,21.6,0,0,0,18,5
14,2,14,22.3,0,0,20,19,15
17,6,17,31.0,0,1,0,12,6
14,5,14,28.7,0,0,20,19,15
12,6,12,18.5,0,0,2,2,2
8,2,8,9.2,0,0,0,18,5
8,5,8,13.4,0,1,0,12,5
5,0,5,2.3,0,0,21,3,5
16,3,16,18.0,0,0,0,24,5
9,5,9,8.7,0,0,6,18,8
21,4,21,10.0,0,0,0,29,5
13,3,13,23.8,0,0,0,13,6
7,3,7,11.6,0,0,4,18,1
5,1,5,18.5,0,0,0,31,5
22,6,22,12.2,0,0,16,32,14
23,1,23,10.5,0,0,0,7,5
17,1,17,28.0,0,0,0,20,5
23,0,23,7.1,0,0,0,15,7
7,3,7,14.1,0,0,0,12,6
15,5,15,17.2,0,0,0,6,6
8,1,8,14.1,0,0,0,13,6
17,2,17,21.6,0,0,0,6,0
17,6,17,25.9,0,0,0,9,6
5,0,5,5.6,0,0,8,1,10
10,4,10,18.1,0,1,5,14,1
9,1,9,15.6,0,0,0,8,6
5,0,5,10.3,0,0,4,23,5
5,6,5,16.7,0,0,0,55,5
6,5,6,5.2,0,0,0,23,6
14,6,14,21.9,0,0,13,6,6
5,2,5,13.1,0,0,0,31,5
0,5,0,5.1,0,0,0,1,7
9,6,9,8.5,0,0,4,12,1
11,1,11,9.5,0,0,0,19,0
10,0,10,7.4,0,0,53,67,24
21,3,21,19.5,0,0,0,3,5
13,6,13,22.3,1,3,5,7,1
13,3,13,12.4,0,0,6,18,8
6,3,6,1.0,0,0,1,1,7
15,1,15,17.1,0,0,0,13,6
19,6,19,8.7,0,0,0,12,6
7,1,7,10.1,0,0,2,2,2
13,1,13,10.8,0,0,0,12,6
14,1,14,11.4,0,0,4,6,5
13,1,13,18.6,0,0,5,7,1
20,0,20,7.4,0,0,0,29,5
23,0,23,14.6,0,0,0,31,5
15,4,15,12.0,0,0,0,13,6
16,2,16,34.5,0,1,13,6,6
15,5,15,17.1,0,0,4,6,4
10,1,10,10.1,0,0,0,13,5
23,1,23,9.5,0,0,0,15,7
10,4,10,7.4,0,0,0,20,5
22,0,22,11.2,0,0,15,19,7
8,2,8,13.5,0,0,0,12,6
8,6,8,8.0,0,0,21,3,5
20,3,20,12.1,0,0,0,26,6
10,1,10,11.0,0,0,28,7,0
16,5,16,26.1,0,0,4,23,4
13,6,13,14.9,0,0,4,13,4
7,2,7,3.2,0,0,22,19,15
16,6,16,23.9,0,0,30,72,15
23,3,23,15.2,0,0,15,37,7
13,5,13,22.5,0,1,0,12,5
15,5,15,20.1,0,0,0,6,6
7,3,7,17.7,0,1,0,11,5
4,6,4,8.2,0,0,0,5,6
13,6,13,16.3,0,0,0,9,6
8,4,8,12.6,0,1,0,18,5
12,4,12,29.8,0,1,5,5,5
11,2,11,15.9,0,0,0,20,6
8,6,8,6.7,0,0,0,3,5
19,5,19,15.2,0,0,0,13,5
4,4,4,13.7,0,0,3,3,3
6,6,6,4.8,0,0,5,6,4
11,0,11,9.1,0,0,0,12,6
17,2,17,10.3,0,0,4,20,5
14,3,14,11.2,0,0,20,19,15
12,1,12,15.1,0,0,0,4,5
4,0,4,10.8,0,0,8,1,10
10,4,10,9.2,0,0,0,12,6
6,6,6,0.1,0,0,13,6,1
2,6,2,18.5,0,0,2,2,8
16,4,16,20.5,0,0,0,29,5
21,6,21,6.9,0,0,18,34,11
16,2,16,22.2,0,0,0,13,6
20,4,20,11.4,0,0,5,20,1
0,1,0,9.2,0,0,10,22,11
21,2,21,7.3,0,0,0,13,6
4,1,4,9.7,0,0,0,5,6
16,2,16,25.1,0,0,0,14,5
15,4,15,11.8,0,0,5,3,1
9,6,9,9.4,0,0,5,12,1
8,1,8,5.5,0,0,0,30,6
7,1,7,15.2,0,1,0,11,6
1,1,1,21.8,0,0,10,22,11
9,0,9,20.9,0,0,4,10,1
16,0,16,29.7,0,1,5,5,5
14,6,14,23.6,0,0,0,9,6
14,3,14,12.6,0,0,0,3,6
11,3,11,20.9,0,0,5,8,4
17,4,17,7.1,0,0,5,23,1
10,6,10,12.1,0,0,0,13,5
12,2,12,16.4,0,0,0,12,6
11,5,11,9.6,0,0,10,22,11
11,0,11,14.9,0,0,2,2,2
20,3,20,18.8,0,0,0,10,6
16,3,16,31.1,0,0,5,5,5
5,4,5,6.3,0,0,4,6,4
7,5,7,13.7,0,0,4,13,1
5,4,5,3.8,0,0,4,5,5
4,6,4,15.1,0,0,0,9,6
5,1,5,7.6,0,0,0,8,5
4,5,4,2.8,0,0,5,5,4
20,6,20,12.7,0,0,0,26,6
16,5,16,35.2,0,0,5,10,4
10,6,10,6.0,0,0,0,5,6
5,3,5,15.3,0,0,0,17,5
23,4,23,13.3,0,0,0,22,0
14,1,14,23.0,0,1,12,27,0
5,0,5,2.5,0,0,4,4,1
13,0,13,20.4,0,0,0,18,5
12,4,12,30.3,0,1,0,29,6
17,6,17,10.0,0,0,0,22,0
1,5,1,13.8,0,0,0,0,0
10,6,10,22.1,0,1,0,30,6
4,0,4,3.4,0,0,2,2,8
0,3,0,10.1,0,0,16,32,14
16,0,16,26.6,0,0,0,12,6
7,6,7,14.7,0,1,0,24,5
8,0,8,10.3,0,0,0,4,5
19,3,19,9.1,0,0,5,30,1
10,2,10,9.8,0,0,0,29,6
1,0,1,11.9,0,0,0,0,0
11,1,11,19.0,0,0,5,10,4
9,4,9,7.6,0,0,11,60,3
23,2,23,11.5,0,0,0,19,7
6,4,6,3.7,0,0,0,31,5
13,3,13,20.4,0,0,20,19,15
11,3,11,9.8,0,0,10,22,11
16,5,16,23.7,0,0,21,71,5
14,1,14,11.9,0,0,13,99,5
13,6,13,14.5,0,0,12,27,0
13,1,13,24.3,0,0,9,21,11
5,0,5,0.5,0,0,0,9,6
4,3,4,9.2,0,0,0,31,6
14,6,14,17.3,0,0,4,30,5
4,1,4,9.9,0,0,5,5,4
18,4,18,13.5,0,0,20,19,15
19,3,19,24.6,0,1,0,12,5
4,0,4,12.7,0,0,0,3,5
10,1,10,22.4,0,0,0,17,5
16,4,16,30.0,0,0,13,4,6
12,5,12,24.3,0,0,0,41,5
10,4,10,10.4,0,0,5,24,1
13,5,13,20.3,0,0,9,21,11
13,2,13,17.5,0,0,0,12,6
4,2,4,12.5,0,0,0,31,6
5,2,5,8.8,0,0,4,9,4
2,2,2,10.4,0,0,0,0,0
21,1,21,23.9,0,0,0,26,5
6,4,6,8.6,0,0,4,5,5
22,1,22,22.3,0,0,15,19,13
12,1,12,20.7,0,0,0,29,5
5,4,5,12.4,0,0,0,13,6
19,1,19,11.0,0,0,0,22,0
23,0,23,19.6,0,1,42,84,41
11,3,11,18.5,0,0,0,31,6
16,3,16,14.3,0,0,0,6,0
11,2,11,7.3,0,0,0,31,5
17,5,17,30.7,0,0,0,26,6
10,0,10,19.4,0,1,6,18,8
5,3,5,14.0,0,0,0,5,6
14,5,14,19.5,0,0,11,60,3
14,3,14,12.9,0,0,0,29,6
11,6,11,10.5,0,0,28,7,0
11,6,11,12.4,0,0,0,19,7
13,1,13,25.3,0,0,4,9,1
15,2,15,19.1,0,0,0,10,6
8,2,8,8.9,0,0,4,39,1
20,2,20,15.8,0,0,0,20,6
4,1,4,8.6,0,0,0,31,5
23,2,23,8.7,0,0,0,36,7
21,6,21,14.5,0,0,0,3,5
12,1,12,14.6,0,0,0,41,5
7,0,7,13.5,0,1,13,6,6
5,3,5,12.6,0,0,20,75,15
21,3,21,9.0,0,0,0,48,6
15,2,15,23.8,0,0,13,6,6
16,3,16,14.1,0,0,0,18,5
7,5,7,12.2,0,0,0,8,5
9,3,9,17.2,0,0,0,6,5
0,5,0,7.2,0,0,2,2,8
16,4,16,19.5,0,0,0,28,6
5,5,5,14.4,0,0,21,3,5
8,1,8,5.6,0,0,0,20,5
8,5,8,15.8,0,1,0,30,5
12,2,12,20.9,0,0,0,31,6
19,2,19,12.3,0,0,0,22,0
17,6,17,23.9,0,0,0,6,0
10,1,10,21.3,0,0,0,19,0
11,5,11,15.3,0,0,28,7,0
23,6,23,15.5,0,0,20,6,15
13,4,13,19.7,0,0,4,10,4
1,3,1,18.8,0,0,0,0,0
23,3,23,14.7,0,0,0,36,0
0,6,0,10.1,0,0,16,32,14
21,1,21,14.0,0,0,18,34,11
8,0,8,5.3,0,0,4,9,1
22,0,22,11.4,0,0,6,18,8
16,6,16,18.8,0,0,0,26,6
8,1,8,16.9,0,0,22,19,15
21,5,21,19.7,0,0,0,22,0
22,3,22,15.5,0,0,5,9,1
4,5,4,12.2,0,0,0,23,5
18,0,18,29.9,0,0,14,19,16
19,1,19,7.4,0,0,5,30,1
3,6,3,10.7,0,0,2,2,2
5,6,5,11.2,0,0,5,5,4
18,0,18,22.4,0,0,20,114,15
13,1,13,24.8,0,1,10,22,11
9,6,9,13.9,0,1,0,16,0
7,2,7,12.6,0,1,0,10,5
10,2,10,7.3,0,0,0,25,6
16,5,16,32.1,0,1,0,12,5
11,6,11,18.1,0,0,13,6,6
9,4,9,7.6,0,0,0,29,6
5,4,5,11.6,0,0,5,10,1
13,4,13,26.2,0,0,0,13,6
20,1,20,11.6,0,0,21,3,5
17,0,17,14.2,0,0,0,29,6
18,0,18,17.3,0,0,0,7,5
14,1,14,31.0,0,1,0,3,5
9,3,9,19.0,0,0,0,10,6
9,6,9,10.8,0,0,0,8,5
4,4,4,7.7,0,0,3,3,3
8,0,8,12.0,0,0,0,20,5
8,6,8,24.6,0,0,11,60,3
22,3,22,13.8,0,0,19,15,0
9,3,9,5.2,0,0,6,18,8
18,0,18,15.7,0,0,0,18,5
16,4,16,28.2,0,1,0,49,6
17,5,17,30.8,0,1,0,10,5
5,0,5,7.5,0,0,0,31,6
19,2,19,11.8,0,0,0,26,6
12,1,12,20.1,0,0,9,21,11
8,1,8,7.6,0,0,0,11,6
21,0,21,17.0,0,0,0,22,0
11,0,11,25.8,0,1,0,10,5
12,5,12,15.7,0,0,4,54,1
15,6,15,15.5,0,0,5,30,1
19,3,19,8.6,0,0,13,6,6
23,5,23,17.2,0,0,19,15,0
6,4,6,7.8,1,2,0,89,7
5,2,5,12.7,0,0,21,3,5
0,3,0,10.3,0,0,5,6,1
22,5,22,8.4,0,0,10,22,11
16,0,16,16.7,0,0,13,6,6
13,2,13,17.9,0,0,4,5,5
4,1,4,12.5,0,0,5,5,4
10,4,10,9.6,0,0,0,23,5
16,5,16,15.9,0,0,0,1,7
16,5,16,15.9,0,0,5,30,1
0,0,0,15.8,0,0,0,1,10
13,2,13,26.4,0,1,5,7,5
9,0,9,18.1,0,1,0,12,6
21,1,21,19.5,0,0,0,3,6
10,4,10,16.4,1,0,27,53,24
6,1,6,14.7,0,1,13,6,4
8,3,8,7.2,0,0,6,18,27
4,6,4,5.9,0,0,0,26,6
5,3,5,3.3,0,0,13,6,6
16,6,16,15.0,0,0,4,6,4
17,6,17,28.0,0,1,4,10,5
5,3,5,12.1,0,0,4,5,1
4,0,4,11.0,0,0,2,2,8
4,4,4,8.9,0,0,0,26,6
9,2,9,3.9,0,0,0,16,0
19,1,19,13.6,0,0,0,12,5
12,1,12,17.0,0,0,0,31,6
10,1,10,12.9,0,0,0,12,5
0,2,0,8.0,0,0,0,6,5
14,1,14,26.8,0,0,5,23,1
12,4,12,13.5,0,0,4,29,1
18,3,18,8.7,1,2,0,12,6
20,4,20,19.9,0,0,0,31,5
9,5,9,22.1,0,1,0,16,7
15,1,15,11.3,1,2,0,12,6
22,5,22,9.4,0,0,15,19,7
23,3,23,18.4,0,1,17,33,15
5,5,5,12.2,0,0,0,13,6
0,1,0,5.0,0,0,1,1,14
20,4,20,9.8,0,0,0,7,6
13,6,13,25.8,0,1,12,27,0
18,6,18,27.3,0,0,0,25,6
18,5,18,28.9,0,1,0,12,6
6,0,6,9.8,0,0,25,51,21
11,6,11,28.8,0,0,0,4,6
18,1,18,15.7,0,0,0,18,5
11,0,11,23.2,0,0,0,13,6
18,1,18,17.6,0,0,0,5,6
6,5,6,10.9,0,1,10,38,10
8,6,8,9.0,0,0,4,12,1
11,3,11,27.2,0,0,7,13,35
19,2,19,24.6,0,1,5,23,1
12,0,12,16.6,0,0,0,31,5
7,2,7,4.6,0,0,0,25,6
12,1,12,23.9,0,0,5,5,1
19,4,19,16.1,0,0,0,29,5
8,4,8,1.0,0,0,0,18,5
16,3,16,17.6,1,2,0,31,6
12,2,12,20.7,0,0,6,18,27
7,6,7,6.6,0,0,0,29,6
10,4,10,11.7,0,0,5,10,1
12,4,12,10.1,0,0,5,10,1
19,1,19,14.6,0,0,5,20,1
23,2,23,12.1,0,0,0,35,0
18,5,18,32.7,0,1,0,7,5
7,4,7,4.7,0,0,0,12,6
2,6,2,14.5,0,0,2,2,8
16,4,16,28.2,0,1,0,14,5
21,0,21,18.3,0,0,13,6,6
13,6,13,15.1,0,0,0,11,6
19,6,19,26.9,0,1,0,8,6
11,6,11,13.0,0,0,0,20,6
10,2,10,14.5,0,0,0,20,6
7,3,7,7.9,0,0,5,10,4
8,5,8,4.1,0,0,0,20,6
9,4,9,8.7,0,0,0,16,0
17,6,17,14.9,0,0,0,8,6
10,6,10,26.7,0,0,0,29,6
1,2,1,12.9,0,0,13,6,5
17,3,17,33.1,0,1,6,18,8
21,2,21,11.4,1,2,0,4,5
5,5,5,5.2,0,0,21,3,14
8,6,8,6.8,0,0,4,39,1
4,4,4,5.2,0,0,5,4,1
16,3,16,26.5,0,0,4,29,1
0,1,0,9.1,0,0,0,19,0
7,3,7,10.7,0,0,0,11,6
8,5,8,17.1,0,1,0,4,5
1,3,1,9.0,0,0,0,0,0
6,1,6,8.9,0,0,0,6,7
14,6,14,16.1,0,0,6,18,8
6,0,6,11.0,0,1,25,52,21
10,3,10,15.5,0,0,5,10,1
10,2,10,15.1,0,1,5,10,1
9,3,9,8.4,0,0,0,14,5
18,3,18,27.1,0,1,21,3,0
23,5,23,16.8,0,0,0,19,0
6,4,6,10.1,0,0,4,6,4
0,6,0,15.5,0,0,0,36,10
8,1,8,10.5,0,0,0,30,6
19,6,19,8.4,0,0,20,7,15
11,3,11,27.9,0,0,5,10,4
19,1,19,25.7,0,1,5,30,1
13,4,13,19.8,0,0,4,10,5
14,6,14,22.0,0,1,6,18,8
19,5,19,7.4,0,0,0,12,6
11,4,11,12.2,0,0,0,19,0
23,2,23,3.4,0,0,5,6,1
20,3,20,9.4,0,0,0,13,5
5,3,5,3.5,0,0,5,3,4
0,4,0,6.3,0,0,2,2,8
13,5,13,21.9,0,0,5,7,1
13,1,13,15.8,0,0,0,20,6
13,1,13,9.5,0,0,27,20,24
21,2,21,8.4,0,0,4,9,4
16,3,16,27.0,0,0,0,7,5
0,5,0,18.8,0,0,15,37,7
14,2,14,28.4,0,1,0,10,6
10,6,10,6.5,0,0,0,8,6
18,2,18,7.2,0,0,0,12,6
1,0,1,6.9,0,0,4,13,4
17,1,17,24.6,0,0,13,5,6
7,3,7,14.9,0,1,0,29,6
21,6,21,10.8,0,0,0,22,0
5,2,5,5.9,0,0,20,19,15
12,1,12,23.3,0,0,10,22,11
14,5,14,30.9,0,1,13,6,5
19,0,19,21.3,0,0,5,9,1
10,3,10,19.6,0,1,0,3,6
20,3,20,25.6,0,0,5,6,1
16,0,16,26.4,0,1,0,7,5
17,5,17,16.9,0,0,0,13,6
13,0,13,23.4,0,0,10,22,11
13,4,13,12.0,0,0,0,3,6
23,0,23,5.0,0,0,0,15,7
7,2,7,9.3,0,0,4,6,5
16,6,16,27.8,0,0,0,1,10
3,2,3,18.5,0,0,24,7,15
16,0,16,23.7,0,0,0,25,6
10,5,10,21.2,0,1,6,18,17
19,4,19,26.9,0,0,4,18,4
17,4,17,26.7,0,0,0,62,5
8,0,8,15.8,0,1,0,29,6
13,1,13,29.2,0,1,0,24,5
23,2,23,6.2,0,0,0,36,0
9,3,9,21.0,0,1,0,10,6
15,3,15,27.5,0,0,13,4,5
8,5,8,10.5,0,0,0,28,6
0,0,0,8.7,0,0,0,1,7
6,2,6,9.6,0,0,0,29,6
7,2,7,9.5,0,0,0,20,5
11,2,11,10.3,0,0,0,12,6
8,0,8,14.6,0,0,0,7,6
10,6,10,20.8,0,0,5,10,4
16,4,16,16.4,0,0,4,5,4
13,4,13,15.1,0,0,20,19,15
6,0,6,8.3,0,0,4,18,1
5,4,5,5.2,0,0,0,26,5
1,6,1,9.6,0,0,5,7,4
5,4,5,5.2,0,0,5,31,1
9,3,9,18.8,0,1,0,4,5
11,5,11,15.6,0,0,0,13,6
0,2,0,14.0,0,0,5,13,1
18,1,18,19.9,0,1,13,6,6
17,3,17,26.6,0,0,0,23,5
1,2,1,12.0,0,0,1,1,1
19,6,19,28.9,0,1,0,8,5
10,2,10,13.6,0,0,0,29,5
21,2,21,27.0,0,1,0,8,6
9,3,9,11.4,0,0,0,30,5
8,5,8,7.9,0,0,0,20,6
10,5,10,20.4,0,0,0,12,6
19,0,19,16.9,0,0,0,13,6
4,0,4,12.1,0,0,0,31,6
11,0,11,20.4,0,0,5,10,4
16,2,16,21.4,0,0,0,10,5
7,0,7,7.6,0,0,0,12,5
7,2,7,17.0,0,1,0,31,6
8,1,8,3.5,0,0,0,20,6
8,2,8,17.2,0,1,0,12,6
14,6,14,19.8,0,0,6,30,19
5,5,5,6.4,0,0,0,5,6
10,2,10,20.9,0,0,0,23,5
17,2,17,14.6,0,0,0,28,6
18,6,18,13.1,0,0,0,12,5
4,1,4,8.5,0,0,0,8,5
18,6,18,24.0,0,0,0,12,5
17,3,17,16.8,0,0,5,23,4
9,0,9,18.1,0,1,4,5,1
17,6,17,28.1,0,0,0,6,0
15,2,15,20.3,0,0,0,3,6
18,2,18,19.0,0,0,0,31,6
21,5,21,20.1,0,0,18,34,11
5,2,5,11.0,0,0,4,13,1
12,0,12,12.6,0,0,0,18,5
15,6,15,30.2,0,1,4,9,5
8,6,8,8.4,0,0,0,12,6
16,3,16,26.5,0,0,0,44,5
20,3,20,19.4,0,0,0,10,5
1,3,1,5.7,0,0,0,6,6
12,0,12,23.8,0,0,20,19,15
19,5,19,9.6,0,0,0,10,6
22,3,22,10.4,0,0,10,38,10
7,6,7,13.1,0,0,21,3,5
0,4,0,11.3,0,0,1,1,14
8,0,8,10.0,0,0,0,10,6
23,0,23,8.8,0,0,0,15,0
10,0,10,11.0,0,0,5,12,1
7,1,7,9.7,0,1,0,10,6
9,1,9,11.7,1,0,5,10,1
21,1,21,24.7,0,1,21,3,5
10,5,10,14.0,0,0,0,13,6
15,6,15,15.8,0,0,0,23,6
12,0,12,8.5,0,0,0,10,6
1,5,1,16.7,0,0,0,6,5
18,6,18,10.0,0,0,39,19,12
16,1,16,28.6,0,1,5,5,5
11,1,11,21.6,0,0,0,13,6
14,4,14,16.3,0,0,5,12,4
10,5,10,21.0,0,1,6,18,8
8,3,8,16.7,0,0,22,19,15
19,6,19,17.3,0,0,0,20,6
21,1,21,9.7,0,0,0,26,5
11,0,11,23.8,0,1,0,6,6
11,0,11,15.0,0,0,0,19,7
11,4,11,11.1,0,0,0,9,5
12,0,12,25.7,0,1,0,7,5
6,1,6,10.9,0,1,4,9,1
12,4,12,7.3,0,0,9,21,11
6,6,6,11.2,0,0,21,3,5
16,1,16,18.5,0,0,0,23,6
7,6,7,13.1,0,0,0,20,5
8,5,8,14.9,0,0,4,13,1
19,4,19,10.3,0,0,5,30,1
7,4,7,3.1,0,0,0,29,6
13,6,13,27.7,0,1,25,59,22
11,3,11,9.4,0,0,0,16,7
5,1,5,11.2,0,0,0,7,6
11,3,11,9.5,0,0,13,6,6
13,3,13,14.2,0,0,0,3,5
10,5,10,23.1,0,0,0,11,6
11,2,11,21.0,0,0,0,9,5
11,1,11,24.2,0,1,0,30,6
0,0,0,19.4,0,0,8,1,10
6,4,6,0.3,0,0,0,31,5
15,6,15,11.2,0,0,14,19,16
10,1,10,20.4,0,1,0,28,5
20,4,20,8.0,1,2,5,11,4
2,6,2,18.3,0,0,2,2,8
1,0,1,3.0,0,0,13,6,6
4,1,4,14.9,0,0,0,8,7
20,3,20,9.0,0,0,8,19,10
10,5,10,15.7,0,1,0,12,6
5,3,5,7.1,0,0,4,31,4
0,6,0,6.4,0,0,0,19,0
18,5,18,17.2,0,0,0,12,6
12,0,12,29.4,0,0,20,19,15
6,0,6,4.4,0,0,7,31,9
11,2,11,8.7,0,0,0,19,7
4,2,4,4.9,0,0,0,31,6
0,5,0,15.5,0,0,19,15,0
17,6,17,14.9,0,0,0,13,6
16,3,16,29.6,0,1,5,5,5
22,3,22,11.2,0,0,15,19,7
5,0,5,13.6,0,0,21,3,5
10,3,10,17.8,0,0,0,31,6
14,1,14,21.0,0,0,21,3,5
6,2,6,4.1,0,0,4,18,1
11,4,11,13.1,0,0,5,10,1
6,5,6,14.5,0,1,0,31,6
13,4,13,15.9,0,0,12,27,0
5,1,5,17.0,0,0,0,31,5
9,6,9,9.4,0,0,0,61,0
15,6,15,11.3,0,0,0,44,6
13,0,13,28.4,0,0,5,7,5
20,6,20,21.7,0,0,0,26,6
13,6,13,18.8,0,0,0,14,5
13,2,13,14.3,0,0,4,29,1
13,1,13,11.3,0,0,6,18,8
15,1,15,20.7,0,0,25,51,22
5,1,5,11.2,0,0,0,31,6
16,4,16,8.4,1,2,5,9,1
15,6,15,17.4,0,0,5,14,1
1,4,1,19.2,0,0,0,0,0
15,1,15,28.3,0,1,0,5,6
19,5,19,13.0,0,0,0,6,5
13,2,13,17.9,0,0,0,12,6
13,6,13,17.6,0,0,20,19,15
20,4,20,7.7,1,2,0,22,0
15,5,15,29.8,0,0,20,19,15
17,4,17,26.3,0,0,0,25,6
0,3,0,15.1,0,0,1,1,1
4,4,4,16.5,0,0,3,3,3
16,6,16,11.0,0,0,0,1,7
22,6,22,6.0,0,0,0,31,5
19,0,19,25.1,0,0,14,19,16
15,3,15,25.1,0,0,5,12,1
4,3,4,12.4,0,0,0,9,5
9,2,9,5.6,0,0,5,12,1
13,4,13,10.7,1,2,0,0,0
5,1,5,10.8,0,0,4,31,1
5,3,5,13.0,0,0,4,1,1
11,0,11,11.9,0,0,0,11,6
21,2,21,7.4,0,0,0,31,6
16,2,16,25.0,0,0,13,4,6
4,1,4,4.5,0,0,0,9,6
14,2,14,10.2,0,0,0,3,6
12,2,12,27.9,0,1,0,31,6
4,2,4,6.1,0,0,5,5,4
16,2,16,34.0,0,1,5,5,5
8,2,8,20.4,0,1,0,24,5
6,1,6,8.8,0,0,4,18,1
1,2,1,18.4,0,0,0,6,5
12,6,12,29.8,0,0,0,24,5
23,1,23,18.5,0,1,19,15,0
23,3,23,10.5,1,2,8,68,10
20,1,20,10.4,0,0,21,3,5
12,1,12,17.4,0,0,7,25,24
16,4,16,26.0,0,0,0,9,6
15,5,15,11.9,0,0,13,4,5
12,3,12,18.2,0,0,0,29,6
15,5,15,16.0,0,0,4,6,4
6,3,6,8.0,0,0,14,19,12
14,3,14,17.1,0,0,0,13,6
17,4,17,30.5,0,0,0,23,6
15,1,15,29.8,0,1,0,5,6
15,0,15,13.8,0,0,0,5,6
21,2,21,10.6,0,0,0,9,6
15,3,15,27.9,0,0,0,3,5
2,2,2,14.3,0,0,20,19,15
7,3,7,13.1,0,1,0,11,6
18,4,18,19.5,0,0,0,10,6
15,2,15,19.3,0,0,6,18,27
20,0,20,12.4,0,0,0,31,5
17,3,17,16.8,0,0,0,23,6
7,6,7,15.3,0,1,0,7,5
21,3,21,7.5,0,0,18,34,11
16,5,16,15.9,0,0,0,6,7
14,3,14,27.1,0,0,5,24,1
14,6,14,11.6,0,0,1,1,14
5,6,5,10.9,0,0,4,4,4
8,0,8,20.1,0,0,5,4,1
14,6,14,14.9,0,0,13,6,6
8,1,8,12.3,0,0,0,12,6
0,4,0,18.3,0,0,15,37,7
13,0,13,26.7,0,1,0,16,0
11,3,11,24.3,0,0,0,20,5
18,5,18,29.4,0,1,4,31,4
15,4,15,26.4,0,0,0,29,5
10,3,10,19.5,0,1,0,9,6
18,5,18,11.1,0,0,0,29,6
16,0,16,20.3,0,0,4,9,4
16,2,16,20.7,0,0,0,28,6
11,4,11,17.4,0,0,0,19,0
0,5,0,19.0,0,0,4,29,1
7,6,7,4.2,0,0,0,3,7
14,6,14,26.9,0,1,13,6,6
17,1,17,22.9,0,0,13,5,4
15,3,15,18.3,0,0,5,9,1
13,5,13,12.0,0,0,11,60,3
15,0,15,15.5,0,0,0,14,5
8,3,8,12.5,0,1,0,12,5
10,5,10,11.2,0,0,0,23,5
18,0,18,19.4,0,0,4,18,1
13,1,13,25.3,0,1,0,23,5
1,1,1,9.3,0,0,1,1,1
18,6,18,27.3,0,1,0,12,5
6,4,6,4.6,0,0,1,1,1
14,4,14,20.4,0,0,0,3,6
16,1,16,16.2,0,0,0,1,7
5,2,5,13.5,0,0,2,2,8
0,5,0,7.1,0,0,16,32,14
11,5,11,23.6,0,0,20,6,15
10,5,10,22.5,0,1,0,28,6
12,0,12,28.6,0,1,28,7,0
1,5,1,14.7,0,0,0,1,10
13,3,13,12.3,0,0,4,5,1
8,5,8,10.9,0,0,4,10,1
5,1,5,9.6,0,0,13,6,6
15,5,15,24.2,0,0,13,6,6
11,4,11,27.0,0,1,0,11,5
9,5,9,15.5,0,0,0,69,0
15,0,15,22.0,0,0,0,12,5
19,4,19,10.3,0,0,5,18,1
18,3,18,31.2,0,0,0,18,5
22,3,22,12.1,0,0,10,38,10
16,6,16,25.3,0,0,0,29,5
7,3,7,7.3,0,0,0,7,6
15,2,15,12.1,0,0,0,24,5
21,2,21,13.8,0,0,0,26,6
20,2,20,11.6,0,0,4,9,4
8,3,8,9.2,0,0,0,20,6
16,4,16,25.0,0,0,1,1,1
13,5,13,29.2,0,0,43,30,8
8,4,8,11.1,0,0,0,14,5
9,6,9,4.5,0,0,5,10,1
11,4,11,18.3,0,0,0,25,6
6,2,6,5.3,0,0,0,13,6
3,5,3,13.5,0,0,2,2,2
18,2,18,13.4,0,0,0,12,6
12,3,12,16.3,1,2,0,7,6
13,0,13,18.5,0,0,0,23,5
16,2,16,19.4,0,0,0,30,5
9,4,9,19.8,0,0,14,19,12
15,5,15,7.9,0,0,6,18,27
0,0,0,5.4,0,0,2,2,8
22,3,22,8.9,0,0,0,8,6
8,6,8,14.1,0,1,0,7,5
9,3,9,14.9,0,0,0,6,6
18,1,18,27.3,0,0,5,23,4
11,1,11,24.3,0,1,5,41,1
8,2,8,3.6,0,0,0,13,6
15,6,15,21.1,0,0,21,71,5
1,3,1,4.4,0,0,0,6,6
10,3,10,10.3,0,0,0,9,6
14,1,14,11.4,0,0,0,25,5
16,6,16,20.7,0,0,0,9,5
7,1,7,9.1,0,0,0,12,6
5,0,5,5.1,0,0,13,6,4
5,2,5,12.9,0,0,4,4,4
16,4,16,25.2,0,0,5,12,1
15,3,15,32.1,0,1,0,29,5
1,4,1,17.8,0,0,2,2,8
13,3,13,10.9,0,0,5,13,4
8,1,8,7.1,0,0,4,13,1
8,3,8,16.6,0,0,1,1,7
16,6,16,28.1,0,1,0,28,5
22,5,22,8.2,0,0,15,19,7
19,0,19,14.9,0,1,0,10,5
23,4,23,7.8,0,0,0,35,7
12,4,12,13.5,0,0,5,14,1
15,4,15,33.5,0,1,20,3,15
18,0,18,26.1,0,1,0,31,5
7,5,7,13.4,0,0,4,29,1
16,3,16,16.2,0,0,0,1,7
17,6,17,13.1,0,0,4,45,1
4,6,4,7.6,0,0,0,10,5
23,2,23,11.4,1,2,4,9,5
7,5,7,1.4,0,0,4,13,4
13,3,13,17.7,1,2,0,28,6
18,2,18,28.5,0,1,0,10,6
0,5,0,6.0,0,0,2,2,8
5,4,5,12.3,0,0,21,3,5
15,3,15,13.9,0,0,5,62,1
5,3,5,8.3,0,0,0,13,5
22,4,22,8.4,0,0,0,26,5
15,2,15,24.8,0,0,1,1,1
8,3,8,17.5,0,1,0,18,5
20,5,20,30.1,0,0,0,3,6
13,2,13,11.8,0,0,4,5,5
20,2,20,10.7,0,0,21,3,5
18,5,18,14.1,0,0,0,29,6
9,4,9,12.2,0,1,0,18,5
6,2,6,9.6,0,0,4,13,4
15,2,15,19.1,0,0,4,31,4
13,5,13,25.1,0,0,10,22,11
1,6,1,17.0,0,0,16,32,14
15,6,15,30.9,0,1,21,3,5
1,2,1,12.3,0,0,0,0,0
9,3,9,15.0,0,0,5,14,1
19,4,19,9.2,0,0,0,22,0
19,4,19,15.2,0,0,4,31,5
19,1,19,17.1,0,0,13,6,6
13,4,13,21.9,0,0,0,18,5
21,2,21,14.3,0,0,0,22,0
4,6,4,15.6,0,0,0,26,6
7,6,7,14.9,0,1,5,7,5
6,2,6,8.9,0,0,0,29,5
1,4,1,11.5,0,0,1,1,1
14,3,14,23.9,0,1,0,29,6
13,0,13,28.1,0,0,2,2,2
6,1,6,16.5,0,0,5,3,4
11,4,11,10.0,0,0,10,22,11
12,2,12,16.3,0,0,0,5,6
11,3,11,10.2,0,0,13,6,6
23,1,23,9.0,0,0,0,19,0
15,2,15,12.2,0,0,0,23,6
13,2,13,10.6,0,0,4,29,1
19,4,19,10.6,0,0,5,30,1
0,1,0,15.0,0,0,10,22,11
0,6,0,18.5,0,0,5,6,1
0,0,0,13.1,0,0,0,36,0
5,1,5,15.0,0,0,0,40,5
8,5,8,9.6,0,0,0,3,6
21,6,21,10.4,0,0,42,84,41
5,1,5,10.2,0,0,4,5,4
23,1,23,6.4,0,0,0,15,7
10,3,10,9.1,0,0,0,6,7
14,0,14,21.7,0,0,0,12,5
12,2,12,26.2,0,1,0,7,5
7,2,7,13.6,0,1,0,11,6
9,0,9,25.1,0,1,0,11,5
0,1,0,21.3,0,0,15,37,7
22,1,22,18.4,0,0,0,19,0
23,6,23,15.3,0,0,0,35,7
19,2,19,11.6,0,0,0,29,6
8,4,8,15.1,0,1,0,24,5
5,6,5,11.5,0,0,5,5,5
9,3,9,8.5,0,0,0,18,5
9,3,9,10.6,0,0,0,18,5
15,0,15,11.6,0,0,1,1,14
8,2,8,2.7,0,0,11,50,3
15,1,15,19.7,0,0,0,18,5
14,1,14,27.9,0,1,20,19,15
5,4,5,13.2,0,0,4,4,4
14,6,14,22.4,0,0,5,62,1
10,4,10,7.1,1,2,20,44,15
0,0,0,8.5,0,0,1,1,1
18,1,18,8.7,0,0,0,13,6
17,4,17,30.0,0,0,27,10,24
11,3,11,15.3,0,0,0,16,0
9,3,9,10.7,0,0,25,51,22
15,6,15,27.9,0,0,0,20,5
20,0,20,19.7,0,0,0,8,5
23,6,23,9.0,0,0,5,6,1
16,3,16,9.9,0,0,0,24,5
18,2,18,29.2,0,0,0,29,5
18,5,18,14.1,0,0,0,10,6
19,4,19,26.9,0,0,30,19,15
20,0,20,18.4,0,0,0,22,0
15,2,15,18.4,0,0,5,14,1
8,3,8,19.4,0,0,22,19,15
4,1,4,10.3,0,0,0,10,6
10,4,10,13.5,0,1,0,23,5
21,1,21,8.2,0,0,18,34,11
17,2,17,19.8,0,0,0,5,6
17,3,17,33.1,0,0,0,6,0
12,0,12,8.2,0,0,0,18,5
9,6,9,14.3,0,1,4,12,5
23,3,23,8.8,0,0,0,15,7
8,5,8,3.5,0,0,0,69,0
13,3,13,32.0,0,1,10,22,0
10,4,10,17.4,0,0,0,20,5
5,3,5,2.8,0,0,4,5,5
8,1,8,5.1,0,0,0,9,6
20,1,20,11.0,0,0,0,3,5
1,3,1,16.7,0,0,0,6,5
9,6,9,15.3,0,0,0,12,6
17,3,17,31.3,0,1,13,6,6
14,0,14,24.0,0,0,4,13,1
10,3,10,8.3,0,0,28,7,0
12,0,12,20.4,0,0,0,24,5
8,4,8,13.4,0,0,0,31,6
12,1,12,20.7,0,1,9,21,11
14,4,14,7.4,0,0,0,12,6
5,1,5,8.0,0,0,4,4,1
23,6,23,7.9,0,0,6,18,8
13,5,13,15.5,0,0,4,12,4
1,6,1,6.2,0,0,11,60,3
23,4,23,8.2,0,0,0,35,0
7,5,7,11.9,0,1,5,18,5
16,1,16,31.5,0,0,0,13,6
15,4,15,20.8,0,0,7,67,24
10,6,10,23.9,0,0,8,19,10
15,5,15,15.0,0,0,0,5,6
9,2,9,11.2,0,0,0,16,0
22,2,22,7.8,0,0,13,6,5
19,4,19,11.9,0,0,0,20,5
11,5,11,24.6,0,0,0,29,6
12,0,12,27.6,0,0,0,5,5
9,6,9,13.2,0,0,1,1,7
21,3,21,17.1,0,0,13,6,4
12,2,12,26.5,0,0,0,31,5
4,1,4,12.8,0,0,0,5,5
23,4,23,17.7,0,1,16,32,14
12,3,12,14.6,0,0,0,29,5
12,5,12,21.0,0,0,0,6,6
23,6,23,13.4,0,0,0,19,0
13,2,13,10.5,0,0,5,99,1
9,5,9,11.1,0,0,0,28,6
8,1,8,5.4,0,0,0,16,7
13,2,13,27.7,0,1,0,48,6
0,0,0,10.0,0,0,2,2,8
20,1,20,13.0,0,0,21,3,5
8,0,8,15.5,0,1,0,1,7
21,5,21,11.9,0,0,18,34,11
2,3,2,11.9,1,2,0,26,5
10,1,10,9.2,0,0,0,8,6
16,6,16,27.9,0,0,20,19,15
14,3,14,27.0,0,1,0,12,5
5,5,5,4.8,0,0,5,23,1
16,1,16,18.7,0,0,21,71,5
5,1,5,10.2,0,0,0,8,5
20,1,20,7.9,0,0,0,7,6
10,4,10,25.9,0,1,8,1,10
1,2,1,14.0,0,0,6,7,8
16,3,16,17.9,0,0,13,4,5
22,3,22,7.2,0,0,10,22,11
12,2,12,27.4,0,0,4,5,4
15,5,15,17.2,0,0,0,3,6
14,5,14,22.6,0,1,13,6,6
19,4,19,6.4,0,0,13,5,5
7,2,7,9.7,0,0,0,12,6
22,0,22,20.8,0,0,0,9,6
19,5,19,10.0,0,0,5,18,1
10,0,10,13.8,0,0,7,57,24
0,1,0,9.1,0,0,0,15,7
4,2,4,12.7,0,0,0,13,5
9,1,9,6.9,0,0,0,10,6
11,2,11,15.8,0,0,0,29,6
10,2,10,26.6,0,1,0,14,5
16,6,16,29.4,0,1,0,24,5
15,6,15,17.4,0,0,0,12,5
7,5,7,13.3,0,0,1,1,1
10,4,10,10.6,0,0,0,31,5
1,6,1,11.5,0,0,2,2,8
5,2,5,9.8,0,0,0,9,6
12,5,12,14.1,0,0,0,18,5
17,1,17,31.1,0,1,0,6,0
6,2,6,11.5,0,1,0,29,5
16,0,16,21.9,0,0,0,23,6
19,6,19,26.4,0,1,13,6,6
21,2,21,10.9,0,0,21,3,5
8,3,8,4.9,0,0,0,16,7
16,2,16,27.5,0,0,0,12,6
8,2,8,10.8,0,0,0,29,5
8,4,8,12.3,0,1,4,12,5
6,3,6,2.4,0,0,0,29,6
8,2,8,5.0,0,0,0,4,5
8,0,8,13.1,0,1,0,4,5
16,1,16,22.8,0,0,0,20,5
10,1,10,14.1,0,0,0,24,5
14,1,14,28.0,0,1,0,3,5
18,0,18,31.8,0,1,0,29,5
15,1,15,30.8,0,1,0,29,6
5,0,5,4.3,0,0,0,13,6
18,3,18,32.6,0,1,5,30,1
10,6,10,21.8,0,1,0,61,0
6,3,6,10.3,0,0,4,31,1
5,5,5,12.7,0,0,0,18,5
5,1,5,9.9,0,0,4,4,4
23,1,23,15.5,0,0,19,15,0
4,1,4,4.4,0,0,0,5,6
12,5,12,24.4,0,0,4,54,1
1,5,1,17.0,0,0,0,0,0
6,6,6,7.3,0,0,4,5,1
19,5,19,26.3,0,0,6,18,27
12,5,12,27.5,0,0,10,38,10
8,5,8,20.9,0,0,0,3,10
11,1,11,24.3,0,0,0,8,7
9,3,9,8.5,0,0,21,3,5
21,0,21,18.6,0,0,0,3,5
16,2,16,15.0,0,0,0,5,6
7,5,7,8.9,0,0,0,8,5
12,4,12,11.5,1,2,2,29,8
6,4,6,12.5,0,1,4,18,1
11,6,11,24.9,0,1,0,12,6
11,2,11,13.8,0,0,0,8,6
19,5,19,11.5,0,0,0,25,6
3,0,3,8.4,0,0,14,19,16
5,0,5,14.0,0,0,4,4,4
20,1,20,13.8,0,0,5,18,1
22,5,22,19.0,0,0,15,19,13
11,0,11,21.2,0,0,0,14,5
13,1,13,25.3,0,0,0,3,5
11,0,11,28.1,0,0,0,12,6
20,1,20,18.7,0,0,0,29,6
10,2,10,9.1,0,0,0,8,6
5,1,5,10.7,0,0,4,13,4
13,3,13,9.4,0,0,0,24,5
17,1,17,10.8,1,2,7,31,36
5,4,5,12.6,0,0,5,5,4
8,5,8,11.8,0,1,0,11,5
15,5,15,24.9,0,0,13,4,5
16,1,16,10.8,0,0,0,20,6
0,4,0,19.4,0,0,10,22,11
12,3,12,25.6,0,0,2,2,2
16,1,16,28.2,0,1,4,23,5
3,5,3,6.3,1,2,0,48,6
5,5,5,4.8,0,0,4,4,5
16,3,16,10.2,0,0,21,3,0
18,3,18,12.6,0,0,0,31,6
12,1,12,16.5,0,0,5,9,1
20,6,20,12.1,0,0,0,7,6
13,3,13,30.3,0,0,4,9,4
8,1,8,14.4,0,1,0,20,5
4,3,4,11.5,1,2,13,6,6
20,3,20,9.5,0,0,0,29,6
14,3,14,24.8,0,0,25,51,23
17,4,17,17.3,0,0,0,12,5
7,0,7,12.4,0,0,0,11,5
10,5,10,20.1,0,0,0,11,6
17,4,17,17.0,0,0,13,5,5
4,3,4,18.3,0,0,0,10,6
18,6,18,29.1,0,0,5,23,4
6,0,6,3.7,0,0,25,51,21
21,1,21,3.6,0,0,0,3,6
11,4,11,17.3,0,0,75,16,8
15,1,15,12.0,0,0,4,9,4
11,3,11,18.6,0,0,80,85,74
9,3,9,7.2,0,0,0,12,6
10,4,10,24.4,0,1,0,8,6
14,0,14,28.4,0,1,0,25,5
5,0,5,11.8,0,0,0,31,5
10,1,10,21.4,0,1,0,12,5
18,4,18,7.9,1,2,0,18,5
19,0,19,14.3,0,0,0,22,0
10,3,10,22.2,0,1,25,51,22
18,3,18,23.1,0,1,0,12,5
8,3,8,10.7,0,0,0,30,5
11,3,11,12.6,0,0,5,10,4
4,3,4,8.9,0,0,21,3,5
6,5,6,13.4,0,0,0,9,6
20,6,20,11.8,0,0,0,10,6
4,4,4,12.6,0,0,0,10,5
18,6,18,17.6,0,1,0,12,5
15,6,15,21.3,0,0,0,44,6
5,1,5,9.5,0,0,4,6,4
1,0,1,3.6,0,0,2,2,8
12,6,12,24.1,0,0,2,2,2
4,2,4,10.6,0,0,0,9,5
14,5,14,23.0,0,1,25,59,22
4,5,4,6.8,0,0,0,26,6
23,5,23,22.7,0,1,17,33,15
5,4,5,10.6,0,0,4,31,4
2,4,2,16.5,0,0,0,22,0
19,6,19,23.9,0,0,0,20,5
8,0,8,6.4,0,0,0,3,6
2,5,2,11.4,0,0,1,39,1
1,5,1,14.0,0,0,10,22,11
16,5,16,31.1,0,1,4,23,4
4,4,4,14.9,0,0,0,10,5
7,1,7,11.7,0,0,4,18,4
12,6,12,19.0,0,0,0,6,6
12,6,12,14.5,0,0,5,14,1
17,4,17,35.8,0,1,0,30,5
10,3,10,8.5,0,0,0,11,6
19,0,19,10.7,0,0,0,20,5
6,2,6,8.8,0,0,0,13,6
7,3,7,15.6,0,0,0,11,6
10,6,10,19.7,0,0,0,23,6
18,4,18,23.8,0,0,0,25,6
7,3,7,2.2,0,0,0,9,6
23,6,23,19.7,0,0,6,18,8
4,2,4,12.3,0,0,0,13,6
5,1,5,2.3,0,0,0,13,6
6,4,6,0.5,0,0,4,5,1
1,4,1,13.4,0,0,2,2,8
20,1,20,15.3,0,0,18,34,11
17,4,17,20.2,0,0,0,22,7
17,6,17,13.3,0,0,4,45,1
20,0,20,8.1,0,0,0,29,5
7,6,7,7.6,0,0,0,7,5
17,6,17,33.3,0,0,0,6,0
13,2,13,12.1,0,0,5,7,1
21,0,21,11.1,0,0,15,19,7
16,6,16,28.7,0,1,5,5,5
14,2,14,17.4,0,0,4,6,5
14,1,14,25.1,0,0,0,20,6
9,1,9,19.2,0,0,0,16,0
20,4,20,14.4,0,0,5,29,1
19,2,19,9.4,0,0,5,30,1
7,3,7,13.9,0,0,0,9,6
6,5,6,10.6,0,0,5,26,4
14,6,14,10.1,0,0,31,63,12
22,4,22,8.3,0,0,20,19,15
9,5,9,17.4,0,1,0,29,6
9,5,9,23.3,0,0,0,30,6
16,6,16,29.4,0,1,0,10,6
9,6,9,20.8,0,1,0,10,6
23,2,23,13.5,0,0,18,34,11
19,0,19,9.7,0,0,0,22,0
5,1,5,12.3,0,0,0,5,5
14,0,14,23.5,0,0,0,12,5
3,5,3,9.0,0,0,0,0,0
16,3,16,12.3,0,0,4,13,1
14,1,14,29.9,0,0,0,3,5
12,4,12,24.6,0,0,0,5,5
7,6,7,2.4,0,0,29,3,25
11,3,11,17.1,0,0,0,6,0
10,6,10,16.4,0,0,0,31,6
8,5,8,15.0,0,0,0,13,6
5,2,5,7.9,0,0,4,5,1
2,1,2,11.5,0,0,0,0,0
5,3,5,17.7,0,0,8,1,10
4,0,4,11.6,0,0,0,31,6
14,3,14,25.9,0,1,0,23,5
5,3,5,10.7,0,0,2,2,8
13,5,13,12.6,0,0,5,6,1
1,0,1,7.1,0,0,0,6,5
18,6,18,32.9,0,0,21,3,0
18,3,18,28.8,0,1,0,12,5
6,3,6,9.1,0,0,0,29,6
12,4,12,14.3,0,0,0,13,6
4,0,4,9.3,0,0,0,5,6
18,3,18,26.7,0,1,0,18,5
13,2,13,22.9,0,1,5,7,5
15,2,15,27.8,0,0,0,3,6
18,6,18,15.8,0,0,4,45,1
0,1,0,14.3,0,0,0,1,7
8,5,8,9.6,0,0,0,9,6
8,2,8,4.6,0,0,0,13,6
17,0,17,25.7,0,0,0,10,5
3,2,3,15.0,0,0,24,7,15
17,4,17,29.9,0,0,0,12,5
8,1,8,5.4,0,0,0,12,6
14,1,14,25.1,0,1,5,62,1
7,6,7,12.4,0,1,0,83,5
10,3,10,23.0,0,1,6,18,8
6,1,6,7.8,0,0,4,31,4
12,2,12,19.0,0,0,0,13,6
4,3,4,9.4,0,0,0,5,6
12,0,12,25.5,0,1,2,2,2
8,0,8,9.7,0,0,5,29,1
17,3,17,24.7,0,1,20,19,15
6,3,6,1.8,0,0,0,13,5
18,2,18,25.2,0,0,5,12,4
7,1,7,9.3,0,0,0,7,5
15,0,15,8.2,0,0,65,44,24
0,3,0,16.0,0,0,0,36,7
18,5,18,12.2,0,0,0,18,5
7,6,7,12.8,0,0,5,10,4
13,1,13,30.1,0,1,4,20,4
7,0,7,13.0,0,1,0,16,7
16,2,16,31.7,0,1,0,26,5
1,4,1,8.7,0,0,2,2,8
19,4,19,10.5,0,0,0,6,5
21,0,21,10.5,0,0,0,10,6
14,3,14,13.1,0,0,4,6,4
19,6,19,8.4,0,0,5,18,1
6,0,6,5.2,0,0,5,18,1
17,1,17,24.8,0,0,7,96,55
8,1,8,11.4,0,0,0,25,6
18,3,18,24.5,0,0,21,3,0
19,0,19,31.8,0,1,13,6,6
16,6,16,34.7,0,0,0,7,6
13,5,13,19.0,0,0,13,6,5
7,0,7,7.7,0,0,0,9,6
21,0,21,22.0,0,1,4,29,1
21,1,21,6.8,0,0,18,34,11
20,3,20,10.0,0,0,0,29,6
8,3,8,15.3,0,1,0,24,5
12,4,12,10.4,0,0,0,18,5
17,5,17,17.0,0,0,0,6,0
10,3,10,8.7,0,0,28,7,0
8,0,8,13.0,0,1,0,7,6
4,3,4,13.9,0,0,8,19,10
4,5,4,11.5,0,0,0,8,5
11,0,11,18.4,0,0,0,25,6
15,4,15,16.4,0,0,0,6,6
7,1,7,13.9,0,1,0,31,5
4,1,4,7.8,0,0,5,5,4
12,0,12,16.9,0,0,0,13,5
14,4,14,26.0,0,0,0,3,5
1,5,1,7.5,0,0,0,6,6
17,3,17,24.6,0,0,0,23,6
18,6,18,29.1,0,1,0,12,5
7,6,7,10.7,0,0,14,19,12
6,0,6,6.8,0,0,0,9,6
6,0,6,4.1,0,0,0,29,6
13,2,13,22.3,0,0,0,48,5
19,5,19,25.9,0,1,6,18,8
0,3,0,11.3,1,2,4,13,1
5,6,5,8.4,0,0,5,5,4
14,2,14,7.9,0,0,0,3,6
21,3,21,25.1,0,1,0,7,6
15,1,15,28.8,0,1,0,4,5
17,6,17,14.6,0,0,5,23,1
8,5,8,12.7,0,0,0,4,5
12,3,12,11.7,0,0,9,21,11
5,3,5,5.1,0,0,13,6,6
16,4,16,30.2,0,1,5,5,5
20,2,20,22.8,0,1,11,60,3
14,6,14,27.6,0,1,6,18,8
14,3,14,11.3,0,0,4,29,1
4,6,4,16.0,0,0,0,26,5
22,6,22,20.5,0,1,17,33,15
5,1,5,5.5,0,0,4,13,1
12,1,12,26.7,0,1,0,11,6
4,4,4,8.4,1,2,0,26,5
16,6,16,15.9,0,0,0,1,7
7,5,7,12.8,0,1,0,7,5
5,5,5,13.2,0,0,0,8,6
6,6,6,8.4,1,2,23,43,0
17,0,17,22.7,0,0,0,5,6
11,0,11,21.6,0,0,5,12,4
16,2,16,21.4,0,0,4,31,5
9,6,9,13.5,0,1,4,9,4
13,4,13,16.7,0,0,0,48,6
7,5,7,12.1,0,0,0,11,6
16,2,16,20.8,0,0,0,24,5
16,5,16,29.1,0,0,0,26,5
1,0,1,17.4,0,0,2,2,8
8,6,8,2.8,0,0,0,13,5
12,0,12,14.2,0,0,9,21,11
13,5,13,26.8,0,0,5,24,4
3,4,3,10.6,0,0,0,0,0
16,0,16,27.3,0,0,0,5,6
9,2,9,23.4,0,1,4,13,4
23,0,23,13.4,0,0,13,6,5
8,1,8,9.1,0,0,7,31,36
20,4,20,11.2,0,0,0,31,6
14,3,14,15.3,0,0,0,13,6
14,4,14,26.5,0,0,0,11,6
21,6,21,10.3,0,0,0,13,6
13,4,13,10.3,0,0,5,30,1
2,2,2,3.9,0,0,0,3,5
14,4,14,24.2,0,0,0,11,6
4,1,4,5.6,0,0,5,5,4
10,4,10,10.5,0,0,4,3,1
19,3,19,23.1,0,0,0,18,5
22,0,22,24.1,0,1,17,33,15
15,6,15,22.7,0,0,28,7,0
22,2,22,7.1,0,0,14,19,12
6,0,6,6.6,0,0,0,13,6
17,6,17,30.2,0,1,0,7,5
5,6,5,13.9,0,0,0,9,6
6,5,6,5.6,0,0,4,6,5
5,1,5,6.5,0,0,5,31,1
11,0,11,12.3,0,0,10,22,11
21,5,21,11.3,0,0,0,3,5
5,0,5,12.7,0,0,4,5,4
15,1,15,17.4,0,0,23,43,0
16,2,16,22.1,0,0,0,30,5
4,2,4,11.7,0,0,0,10,5
6,6,6,14.1,0,1,5,7,5
14,2,14,23.3,0,0,14,19,16
17,3,17,13.4,0,0,5,20,1
13,3,13,26.7,0,1,0,7,5
10,1,10,17.9,0,0,0,26,5
12,3,12,10.5,0,0,0,18,5
15,4,15,28.5,0,1,21,3,5
19,6,19,24.2,0,0,0,48,5
16,2,16,24.7,0,0,0,28,5
6,2,6,7.7,0,0,0,29,6
11,5,11,12.0,0,0,0,31,6
16,2,16,19.8,0,0,0,31,6
19,2,19,11.7,0,0,13,6,6
6,1,6,13.1,0,1,5,5,5
14,5,14,23.4,0,0,0,11,5
16,6,16,24.8,0,0,0,28,5
0,6,0,20.2,0,0,5,6,1
5,4,5,4.9,0,0,21,3,5
8,6,8,17.9,0,0,0,18,5
14,2,14,30.0,0,1,9,21,13
5,6,5,2.2,0,0,4,4,4
5,5,5,16.8,0,0,2,2,8
12,0,12,16.8,0,0,0,18,5
10,6,10,10.0,0,1,5,14,1
17,0,17,29.5,0,1,20,19,15
17,2,17,19.8,0,0,0,5,6
20,4,20,9.0,0,0,0,29,5
5,1,5,9.7,0,0,4,31,4
15,3,15,24.5,0,1,4,13,4
13,1,13,20.9,0,0,5,7,1
4,1,4,12.2,0,0,0,8,6
14,3,14,23.0,0,0,13,99,5
8,3,8,3.8,0,0,21,3,5
16,3,16,13.3,0,0,0,23,5
18,0,18,24.7,0,0,0,25,6
7,3,7,6.9,0,0,0,12,6
4,0,4,10.8,0,0,0,31,6
22,0,22,11.2,0,0,16,32,14
17,1,17,19.2,0,0,4,13,4
8,4,8,6.6,0,0,0,25,6
13,3,13,15.8,0,0,5,14,1
22,1,22,11.3,0,0,16,32,14
14,1,14,20.1,0,0,0,13,6
8,1,8,5.9,0,0,0,25,6
12,2,12,15.7,0,0,0,18,5
14,4,14,32.1,0,1,5,7,5
8,5,8,4.0,0,0,5,10,4
17,0,17,30.0,0,0,0,10,5
7,1,7,13.5,0,0,4,9,4
17,5,17,26.7,0,0,0,23,6
5,2,5,8.6,0,0,68,63,15
8,4,8,4.3,0,0,0,4,5
18,0,18,24.3,0,0,0,13,6
13,6,13,25.8,0,1,0,8,6
19,2,19,21.1,0,1,4,18,1
19,1,19,10.8,1,2,7,103,40
12,5,12,21.8,0,1,9,21,13
12,1,12,24.1,0,1,0,8,5
11,2,11,17.4,0,1,28,7,0
15,3,15,14.3,0,0,4,31,4
15,2,15,23.9,0,0,30,19,15
4,1,4,11.5,0,0,0,10,6
18,2,18,13.3,0,0,0,12,6
15,6,15,10.4,0,0,5,12,4
12,3,12,15.5,0,0,9,21,11
20,4,20,10.4,0,0,21,3,5
8,0,8,12.7,0,1,14,19,16
0,0,0,18.5,0,0,24,7,15
5,1,5,10.8,0,0,0,10,6
14,5,14,26.3,0,1,45,7,45
13,4,13,15.3,0,0,0,13,6
18,5,18,31.8,0,1,0,8,6
12,4,12,21.7,0,0,4,54,1
9,1,9,20.5,0,0,0,8,6
12,1,12,8.9,0,0,5,14,1
9,5,9,18.3,0,1,21,3,5
13,5,13,21.9,0,1,0,8,6
4,1,4,9.3,0,0,0,10,6
22,4,22,5.0,0,0,13,6,4
18,6,18,29.2,0,0,5,7,1
20,1,20,4.0,0,0,21,3,5
1,5,1,14.7,0,0,0,0,0
1,4,1,16.0,0,0,0,46,0
14,1,14,20.4,0,0,0,3,6
15,4,15,15.5,0,0,0,24,5
18,6,18,25.4,0,0,0,30,5
18,2,18,14.6,0,0,4,18,1
1,0,1,5.6,0,0,0,1,7
12,2,12,18.6,0,0,6,18,8
7,6,7,12.1,0,0,0,7,5
5,3,5,12.8,0,0,0,13,6
7,2,7,15.8,0,1,0,10,6
0,2,0,11.5,0,0,13,6,5
19,1,19,17.8,0,0,13,6,6
18,6,18,13.1,0,0,0,25,6
18,3,18,9.2,0,0,0,25,5
15,3,15,14.4,0,0,5,26,4
2,5,2,16.9,0,0,0,36,0
17,6,17,29.3,0,0,0,23,6
0,3,0,7.1,0,0,0,1,7
18,2,18,9.3,0,0,4,13,1
19,4,19,14.9,0,0,4,20,5
6,6,6,10.0,0,0,0,9,6
20,4,20,11.7,0,0,18,34,11
13,3,13,27.7,0,1,0,6,6
21,3,21,6.2,0,0,10,38,10
17,6,17,23.4,0,0,21,3,5
9,4,9,18.3,0,0,21,3,5
11,0,11,8.6,0,0,0,29,6
13,3,13,10.9,0,0,0,3,5
15,1,15,15.0,0,0,0,18,5
9,3,9,8.3,0,0,0,28,6
6,0,6,8.6,0,0,4,13,4
5,4,5,13.8,0,0,0,5,6
22,4,22,6.1,0,0,4,29,1
16,6,16,29.0,0,0,0,1,7
6,3,6,7.0,0,0,0,10,6
7,3,7,10.9,0,0,0,9,6
11,4,11,7.3,0,0,0,6,0
20,1,20,20.4,0,0,0,26,5
1,6,1,5.8,0,0,2,2,8
15,1,15,11.7,0,0,14,19,16
15,6,15,25.2,0,0,0,44,6
1,1,1,9.1,0,0,0,0,0
15,0,15,23.9,0,0,13,6,6
6,5,6,13.4,0,1,0,31,6
12,0,12,22.0,0,0,0,29,6
0,6,0,9.4,0,0,1,1,1
18,2,18,31.2,0,1,5,23,5
18,6,18,18.3,0,0,20,19,15
19,3,19,17.9,0,1,5,18,1
8,4,8,14.0,0,1,0,4,5
15,5,15,17.3,0,0,0,5,5
7,4,7,7.2,0,0,0,12,5
13,6,13,11.3,0,0,0,26,6
15,0,15,8.3,0,0,0,12,5
6,2,6,11.0,0,0,0,14,5
5,2,5,3.9,0,0,13,6,6
20,6,20,13.2,0,0,14,19,12
11,5,11,18.7,0,1,28,7,0
21,2,21,26.5,0,1,0,7,5
9,6,9,19.2,0,1,0,16,0
19,6,19,11.2,0,0,5,30,1
17,5,17,19.6,0,0,0,13,6
15,2,15,29.4,0,1,0,49,5
10,5,10,12.3,0,1,28,7,0
23,3,23,16.3,0,0,15,19,7
6,1,6,5.4,0,0,0,13,6
7,0,7,9.5,0,0,0,12,5
12,0,12,26.1,0,1,0,7,5
1,4,1,8.7,0,0,2,2,8
15,5,15,11.8,0,0,7,8,18
14,2,14,15.5,0,0,5,20,1
10,0,10,18.3,0,0,5,14,1
4,1,4,8.9,1,3,5,4,1
4,0,4,14.1,0,0,0,13,6
22,6,22,22.4,0,1,17,33,15
5,0,5,14.6,0,0,4,29,1
6,5,6,9.9,1,2,0,19,0
22,1,22,12.9,0,0,10,38,10
20,0,20,23.4,0,1,4,18,1
9,4,9,6.8,0,0,0,29,6
9,4,9,11.2,0,0,6,18,27
15,1,15,17.1,0,0,13,6,6
19,1,19,24.7,0,0,6,18,8
7,1,7,16.7,0,1,0,25,5
6,3,6,14.9,0,1,0,14,5
11,6,11,28.0,0,1,0,10,6
7,1,7,10.1,0,0,0,7,5
16,5,16,18.6,0,0,0,31,5
18,4,18,20.4,0,0,0,12,6
22,0,22,7.2,0,0,0,26,6
13,6,13,12.9,0,0,0,9,6
20,3,20,6.6,0,0,0,31,5
14,2,14,19.7,0,0,4,30,1
20,4,20,19.5,0,0,5,10,4
16,4,16,19.7,0,0,0,22,7
8,4,8,5.7,0,0,0,4,5
12,0,12,25.5,0,1,0,5,5
20,3,20,20.4,0,0,5,18,1
11,5,11,18.6,0,0,5,12,4
20,0,20,7.7,0,0,4,29,1
11,2,11,10.6,0,0,13,6,6
10,5,10,20.4,0,0,0,20,5
11,5,11,9.5,0,0,0,13,5
6,0,6,14.6,0,1,4,6,4
18,3,18,31.9,0,0,21,3,14
8,1,8,8.2,0,0,0,5,6
16,0,16,27.9,0,0,14,19,12
0,1,0,15.2,0,0,0,8,6
16,1,16,30.7,0,0,0,7,6
0,4,0,4.5,0,0,1,1,1
14,6,14,17.5,0,0,0,20,5
19,1,19,26.1,0,1,0,12,5
0,6,0,8.3,0,0,0,0,0
16,2,16,30.8,0,0,0,31,6
12,1,12,22.8,0,0,0,9,6
14,0,14,12.1,0,0,13,6,6
7,3,7,14.1,0,1,11,60,3
9,6,9,13.0,0,0,7,67,24
1,1,1,12.7,0,0,1,1,14
19,0,19,21.4,0,1,0,29,5
12,5,12,11.4,0,0,0,31,6
7,2,7,12.5,0,0,0,29,6
2,5,2,13.4,0,0,0,0,0
10,3,10,20.0,0,1,6,18,8
8,2,8,14.6,0,1,0,7,6
20,4,20,7.7,1,2,4,9,4
10,4,10,21.2,0,1,0,3,5
12,1,12,11.5,0,0,0,12,6
6,2,6,14.0,0,0,21,3,14
4,0,4,11.8,0,0,3,3,3
11,2,11,14.1,0,0,0,12,6
5,3,5,12.2,0,0,0,31,6
12,4,12,19.8,0,0,0,25,5
4,3,4,14.3,0,0,0,10,6
16,6,16,32.6,0,1,0,25,6
18,4,18,6.4,0,0,5,12,4
7,3,7,2.4,0,0,0,12,6
17,1,17,13.2,0,0,0,9,6
13,1,13,16.3,0,0,0,20,6
11,2,11,16.3,0,0,5,10,4
4,2,4,10.1,0,0,0,31,6
12,5,12,24.3,0,0,14,19,16
15,6,15,33.1,0,1,0,49,5
12,5,12,16.1,0,0,0,8,5
18,6,18,29.0,0,0,0,30,5
5,6,5,14.9,0,0,4,10,5
5,1,5,11.0,0,0,0,3,5
10,4,10,17.0,0,0,0,3,6
11,3,11,19.9,0,0,13,6,6
6,2,6,7.7,0,0,1,1,1
17,3,17,33.4,0,1,0,10,6
8,6,8,8.7,0,0,7,66,24
1,5,1,14.9,0,0,0,1,7
8,4,8,7.0,0,0,0,9,6
12,1,12,27.3,0,0,6,18,8
23,0,23,8.0,0,0,5,6,1
5,1,5,11.7,0,0,4,4,4
9,6,9,25.7,0,0,0,8,6
16,1,16,13.6,0,0,0,44,6
4,2,4,9.3,0,0,0,13,6
21,3,21,9.3,0,0,7,8,18
17,0,17,25.5,0,0,20,19,15
9,5,9,5.4,0,0,0,69,0
13,0,13,8.2,0,0,0,3,5
14,6,14,27.9,0,1,0,11,5
10,6,10,22.6,0,1,0,3,6
17,2,17,19.9,0,0,7,53,24
7,2,7,7.7,0,0,0,20,6
12,5,12,27.2,0,1,0,7,5
14,5,14,16.4,0,0,6,18,27
4,6,4,6.6,0,0,0,26,6
13,2,13,24.9,0,1,10,22,11
16,0,16,33.4,0,1,0,28,5
4,1,4,5.0,0,0,0,40,5
7,3,7,12.4,0,0,5,10,1
11,3,11,9.2,0,0,4,54,5
5,1,5,15.0,0,0,2,2,8
10,6,10,21.7,0,1,0,12,6
11,2,11,24.6,0,0,53,53,31
8,1,8,5.9,0,0,4,13,4
11,5,11,20.0,0,0,28,7,0
5,3,5,12.7,0,0,0,26,5
11,4,11,16.0,0,0,10,22,11
17,2,17,23.6,0,0,40,1,15
8,0,8,16.1,0,1,0,9,6
15,2,15,19.3,0,0,13,4,5
12,4,12,23.8,0,0,10,22,11
17,6,17,18.2,0,0,13,6,6
13,6,13,28.0,0,1,23,43,0
9,1,9,11.8,0,0,5,24,1
18,2,18,24.2,0,0,0,12,6
20,1,20,10.1,1,2,16,32,14
9,2,9,8.6,0,0,0,14,5
8,4,8,1.0,0,0,0,29,6
3,4,3,18.2,0,0,24,7,15
10,0,10,15.1,0,1,28,7,0
7,0,7,10.0,0,0,5,10,1
8,6,8,17.7,0,1,0,5,5
17,0,17,26.5,0,0,0,6,0
12,0,12,10.2,0,0,5,12,1
12,4,12,15.7,0,0,0,5,6
0,0,0,8.9,0,0,0,0,0
8,4,8,5.1,0,0,0,25,6
6,2,6,9.2,0,0,4,18,5
13,1,13,26.1,0,1,0,23,5
16,1,16,29.3,0,0,21,71,5
4,4,4,5.1,0,0,0,31,6
21,4,21,24.5,0,1,21,3,5
20,1,20,20.5,0,0,0,26,5
21,0,21,9.3,0,0,6,18,27
14,3,14,31.0,0,0,5,23,4
22,5,22,12.9,0,0,13,6,4
5,3,5,14.6,0,0,0,31,6
8,3,8,9.4,0,0,0,25,6
16,4,16,20.0,0,0,4,13,4
18,0,18,26.6,0,0,0,13,6
16,4,16,11.7,0,0,0,28,5
6,0,6,10.2,0,0,13,6,6
5,4,5,10.3,0,0,0,10,5
1,3,1,15.8,0,0,2,2,8
13,5,13,26.4,0,0,0,48,5
12,6,12,22.2,0,0,0,5,6
5,1,5,10.1,0,0,5,13,1
8,3,8,10.5,0,0,0,31,6
11,4,11,18.0,0,0,0,24,5
6,2,6,16.2,0,1,0,9,5
7,4,7,16.3,0,0,0,83,5
15,1,15,12.7,0,0,23,43,0
6,0,6,8.5,0,0,0,13,6
4,3,4,8.1,0,0,0,13,6
1,5,1,20.2,0,0,0,0,0
10,6,10,12.5,0,0,0,13,5
16,1,16,19.5,0,0,4,13,4
8,4,8,11.6,0,0,0,13,6
7,3,7,12.9,0,0,0,9,5
8,6,8,17.9,0,1,0,4,5
7,6,7,9.8,0,1,0,12,5
4,5,4,12.0,0,0,0,31,5
8,2,8,1.8,0,0,5,9,1
7,6,7,4.2,0,0,4,9,1
8,4,8,12.8,0,1,0,4,5
15,5,15,17.1,0,0,13,4,5
1,1,1,17.3,0,0,0,0,0
12,2,12,16.6,0,0,6,18,8
12,4,12,13.4,0,0,14,19,12
10,3,10,21.7,0,0,0,19,7
15,5,15,21.9,0,0,0,23,6
2,0,2,15.9,0,0,8,1,10
9,6,9,14.3,0,0,0,8,6
15,3,15,23.4,0,0,0,18,5
8,5,8,13.1,0,0,0,20,6
15,1,15,24.5,0,0,13,6,6
12,2,12,19.3,0,0,0,13,5
4,2,4,3.4,0,0,0,5,6
4,4,4,14.2,0,0,0,9,6
14,5,14,17.5,0,0,13,6,6
23,1,23,16.9,0,0,0,36,0
17,2,17,28.2,0,0,4,20,4
9,0,9,10.3,0,0,0,14,5
17,5,17,16.3,0,0,0,12,5
2,2,2,7.3,0,0,2,2,2
8,1,8,11.7,0,1,0,25,5
8,4,8,12.8,0,0,0,30,6
12,6,12,24.3,0,0,0,11,6
16,4,16,30.1,0,1,0,28,5
19,4,19,21.7,0,0,13,6,4
12,6,12,10.6,0,0,0,5,6
13,6,13,25.8,0,1,0,9,5
22,0,22,17.0,0,0,15,19,13
1,5,1,14.9,0,0,0,6,6
18,6,18,16.9,0,0,0,18,5
14,3,14,13.6,0,0,13,99,5
12,1,12,15.1,0,0,28,7,0
0,2,0,10.0,0,0,1,1,14
16,2,16,19.7,0,0,0,20,5
7,0,7,14.8,0,0,0,29,6
11,2,11,23.6,0,0,5,10,4
4,1,4,4.4,0,0,0,31,6
21,6,21,11.4,0,0,4,10,4
15,1,15,14.4,0,0,5,12,1
22,4,22,22.0,0,0,0,22,0
16,1,16,28.3,0,0,0,10,6
22,6,22,16.7,0,1,19,15,0
16,6,16,10.1,0,0,1,1,1
15,3,15,18.2,0,0,0,25,6
18,6,18,29.8,0,1,0,12,6
17,2,17,18.1,0,1,0,28,5
8,6,8,20.6,0,1,29,3,30
17,6,17,21.6,0,0,0,30,5
8,4,8,14.3,0,0,0,12,5
15,6,15,31.2,0,1,0,5,6
12,0,12,16.4,0,0,0,14,5
10,4,10,18.6,0,1,0,23,5
5,4,5,11.6,0,0,0,55,5
18,1,18,26.7,0,0,13,5,5
12,1,12,25.3,0,1,9,21,13
14,1,14,29.8,0,1,6,18,8
9,5,9,7.7,0,0,0,29,6
8,3,8,22.3,0,0,0,18,5
5,5,5,0.9,0,0,4,4,4
6,6,6,10.2,0,0,4,18,1
17,0,17,29.6,0,0,0,18,5
14,4,14,21.9,0,1,25,59,22
19,4,19,24.4,0,0,0,31,5
6,6,6,13.8,0,0,0,10,5
10,4,10,9.3,0,0,5,12,1
20,3,20,7.7,0,0,0,7,6
13,0,13,17.8,0,0,0,12,5
14,4,14,26.2,0,0,4,10,4
5,1,5,10.2,0,0,0,31,6
17,2,17,29.8,0,1,0,6,0
13,0,13,20.8,0,0,5,7,1
17,6,17,24.3,0,0,0,13,5
3,1,3,13.2,0,0,68,63,15
15,5,15,30.8,0,1,0,49,5
10,2,10,14.4,0,0,7,13,24
6,2,6,13.0,0,0,0,13,5
5,4,5,0.7,0,0,4,4,4
16,0,16,21.6,0,0,0,9,6
8,4,8,16.8,0,0,0,16,7
12,4,12,14.0,0,0,9,21,11
5,3,5,4.7,0,0,4,5,4
1,4,1,14.2,0,0,0,0,0
13,1,13,19.8,0,1,0,14,5
8,4,8,12.0,0,0,0,20,5
4,3,4,11.2,1,2,13,6,6
21,4,21,20.2,0,1,13,6,6
23,5,23,15.4,0,0,13,6,4
6,6,6,16.1,0,0,0,31,6
5,0,5,17.3,0,0,0,26,6
15,3,15,18.1,0,0,4,13,1
18,4,18,12.8,0,0,0,20,6
17,3,17,13.5,0,0,4,9,4
5,3,5,13.7,0,0,5,5,5
15,2,15,24.1,0,0,0,10,6
0,5,0,16.2,0,0,20,19,15
8,2,8,10.9,0,0,22,19,15
10,3,10,24.6,0,0,0,14,5
12,4,12,26.6,0,1,9,21,13
22,4,22,9.2,0,0,15,19,7
11,0,11,11.8,0,0,0,20,6
9,5,9,13.3,0,0,0,17,5
6,0,6,7.9,0,0,0,9,5
15,1,15,22.0,0,0,5,12,1
10,6,10,21.3,0,0,0,12,6
12,3,12,11.1,0,0,9,21,11
15,5,15,15.7,0,0,21,71,5
21,0,21,14.8,1,2,5,25,1
5,5,5,2.6,0,0,13,6,6
17,2,17,21.6,0,0,0,12,6
15,2,15,30.5,0,0,0,5,6
8,5,8,5.2,0,0,0,31,5
0,2,0,5.2,0,0,2,2,8
15,3,15,14.3,0,0,0,44,6
0,3,0,15.7,0,0,0,36,7
1,6,1,13.9,0,0,2,2,8
20,2,20,28.1,0,1,0,8,5
18,3,18,14.3,0,0,0,12,5
6,2,6,11.7,0,1,0,9,5
6,6,6,4.9,0,0,0,29,5
10,0,10,26.8,0,1,0,12,6
8,2,8,3.6,0,0,53,29,24
5,5,5,6.4,0,0,7,32,9
5,4,5,10.1,0,0,0,5,6
4,1,4,11.6,0,0,14,19,16
16,5,16,17.9,0,0,5,12,4
18,5,18,22.8,0,0,0,12,6
9,2,9,10.1,0,0,0,16,0
17,0,17,14.9,0,0,0,31,6
15,6,15,23.6,0,0,5,12,4
18,5,18,24.1,0,1,13,6,6
10,2,10,12.7,0,0,5,10,4
8,3,8,8.4,0,0,13,6,6
9,4,9,7.3,1,2,0,6,0
9,6,9,8.3,0,0,0,14,5
16,4,16,30.7,0,1,5,30,1
8,3,8,15.3,0,1,0,11,5
23,3,23,7.7,0,0,0,35,7
17,3,17,26.1,0,0,21,3,5
5,0,5,13.6,0,0,4,10,1
13,1,13,29.5,0,1,10,22,11
10,0,10,11.8,0,0,0,10,6
13,1,13,27.2,0,0,7,70,18
23,1,23,16.8,0,0,0,8,5
0,6,0,15.2,0,0,8,19,10
14,2,14,16.0,0,0,4,29,1
10,3,10,23.3,0,1,22,19,15
23,2,23,8.5,0,0,0,35,0
1,3,1,9.7,0,0,2,2,8
17,1,17,26.8,0,0,0,13,6
6,0,6,3.2,0,0,1,1,7
11,5,11,9.3,0,0,28,7,0
11,6,11,11.6,0,0,0,19,7
1,6,1,10.4,0,0,2,2,8
9,4,9,7.7,0,0,0,30,5
0,1,0,13.6,0,0,15,37,7
12,0,12,12.8,0,0,0,20,6
11,1,11,13.3,0,0,0,31,6
23,1,23,13.7,0,0,0,19,0
16,3,16,15.8,0,0,0,18,5
9,6,9,17.3,0,0,0,9,5
21,0,21,14.7,0,0,21,3,5
18,5,18,13.3,0,0,13,6,1
13,1,13,29.2,0,0,0,31,5
14,5,14,23.2,0,1,0,8,6
15,2,15,28.1,0,0,0,18,5
4,5,4,15.9,0,0,0,8,5
21,5,21,6.0,0,0,18,34,11
7,6,7,7.4,0,0,0,7,5
3,3,3,7.4,0,0,2,2,2
3,3,3,1.5,0,0,7,10,18
10,0,10,22.1,0,1,22,19,15
23,6,23,7.8,0,0,0,35,7
23,2,23,22.2,0,1,19,15,7
4,1,4,13.9,0,0,0,10,6
4,5,4,2.2,0,0,5,5,4
15,2,15,12.4,0,0,0,23,6
5,0,5,13.8,0,0,5,29,1
22,0,22,7.2,0,0,0,8,6
7,0,7,16.3,0,0,0,41,5
11,4,11,20.1,0,1,40,19,15
6,1,6,2.1,0,0,0,6,7
12,6,12,20.3,0,1,9,21,11
11,4,11,13.7,0,0,8,19,10
10,6,10,9.1,0,0,0,12,5
5,5,5,11.5,0,0,4,18,1
10,5,10,12.4,0,0,0,41,5
9,1,9,18.7,0,0,0,6,6
21,6,21,8.8,0,0,0,3,6
8,4,8,11.7,0,1,0,16,0
12,0,12,26.1,0,0,9,21,13
10,4,10,22.4,0,0,53,53,31
4,2,4,15.7,0,0,0,9,5
1,1,1,10.7,0,0,0,0,0
19,2,19,27.4,0,1,13,6,6
20,4,20,12.6,0,1,0,7,6
8,3,8,4.7,0,0,5,10,1
6,5,6,14.1,0,0,4,6,4
0,3,0,7.3,0,0,1,1,1
10,2,10,24.0,0,1,0,8,5
14,0,14,16.0,0,0,0,3,6
0,6,0,13.6,0,0,0,1,10
20,6,20,13.0,0,0,0,29,6
5,1,5,5.6,0,0,5,3,4
11,2,11,23.5,0,1,0,11,5
8,2,8,2.3,0,0,0,12,6
4,1,4,8.6,0,0,0,10,5
13,2,13,18.2,0,0,5,31,4
18,2,18,33.9,0,1,0,3,0
14,5,14,14.5,0,0,0,3,6
15,2,15,21.0,0,0,0,12,6
12,0,12,24.1,0,0,2,2,2
20,4,20,20.6,0,0,0,26,6
5,3,5,5.1,0,0,0,10,6
15,1,15,24.8,0,0,1,1,1
11,2,11,24.9,0,1,0,31,6
21,5,21,11.2,0,0,10,38,10
7,6,7,11.0,0,0,0,7,5
5,0,5,5.1,0,0,4,23,1
7,2,7,13.4,0,1,1,1,14
13,6,13,28.4,0,1,10,22,11
22,0,22,4.1,0,0,10,22,11
4,0,4,4.1,0,0,0,23,5
18,5,18,25.5,0,0,0,12,6
15,4,15,8.9,1,2,5,9,1
0,5,0,6.7,1,2,0,31,6
7,4,7,8.4,0,0,0,29,6
10,3,10,20.2,0,1,6,18,8
14,1,14,26.3,0,0,0,3,5
4,5,4,7.1,0,0,5,5,4
8,4,8,1.4,0,0,0,29,6
13,3,13,26.9,0,0,0,13,6
10,6,10,19.8,0,1,0,3,5
21,3,21,20.5,0,1,0,7,5
17,6,17,16.3,0,0,0,25,6
21,4,21,18.7,0,0,20,19,15
4,3,4,7.9,0,0,0,1,0
21,6,21,24.0,0,1,0,31,6
17,4,17,30.1,0,0,0,6,0
9,2,9,14.4,0,0,0,29,5
8,5,8,14.0,0,1,0,4,5
4,0,4,7.7,0,0,0,3,5
1,4,1,18.5,0,0,2,2,8
14,5,14,28.4,0,0,5,24,1
9,4,9,21.8,0,0,0,61,7
8,0,8,9.7,0,0,0,41,5
21,1,21,13.6,0,0,4,10,4
4,0,4,14.6,0,0,0,10,5
14,0,14,31.0,0,0,4,13,1
12,0,12,27.9,0,0,4,5,4
16,5,16,22.0,0,0,0,14,5
6,5,6,15.7,0,1,0,10,6
13,3,13,11.1,0,0,20,19,15
12,5,12,30.0,0,1,20,19,15
8,5,8,14.3,0,1,0,1,7
1,4,1,18.6,0,0,0,0,0
22,1,22,7.8,0,0,0,26,5
14,5,14,19.1,0,0,1,1,1
16,3,16,30.6,0,1,5,5,5
5,1,5,4.0,0,0,5,9,1
9,2,9,6.7,0,0,0,3,6
8,2,8,8.9,0,0,5,10,1
15,0,15,31.5,0,0,0,5,5
11,4,11,18.9,0,1,4,41,1
16,3,16,25.8,0,0,4,20,4
8,0,8,11.9,0,0,0,25,6
12,5,12,8.8,0,0,0,10,6
8,2,8,17.2,0,0,5,10,1
1,5,1,12.8,0,0,0,0,0
16,0,16,29.8,0,0,1,1,1
23,2,23,17.6,0,1,17,33,15
6,5,6,8.6,0,0,0,29,6
14,4,14,14.8,0,0,0,3,6
6,4,6,0.4,0,0,0,29,6
10,0,10,11.3,1,2,7,78,39
9,0,9,18.3,0,0,0,16,0
21,0,21,9.9,0,0,21,3,5
11,5,11,11.5,0,0,4,54,1
8,4,8,3.8,0,0,6,18,8
16,2,16,14.5,0,0,5,5,4
3,4,3,16.1,0,0,2,2,2
17,1,17,33.9,0,1,0,7,5
23,4,23,14.8,0,0,13,6,6
11,0,11,20.0,0,0,5,10,4
10,4,10,22.0,0,1,0,14,5
10,3,10,17.5,0,0,0,20,6
10,0,10,9.7,0,0,0,6,7
0,4,0,15.9,0,0,10,22,11
16,3,16,13.3,0,0,0,1,7
14,4,14,27.7,0,0,0,10,5
7,1,7,5.1,0,0,0,25,5
20,1,20,8.6,0,0,18,34,11
12,1,12,9.7,0,0,5,9,4
15,0,15,28.9,0,0,0,3,5
12,1,12,23.8,0,0,10,22,11
12,0,12,21.3,0,0,0,14,5
6,2,6,7.6,0,0,0,29,5
6,0,6,4.5,0,0,4,13,4
1,6,1,8.0,1,2,5,26,4
8,5,8,16.4,0,1,4,20,4
1,1,1,14.3,0,0,1,1,1
13,5,13,26.2,0,0,0,13,6
16,2,16,17.3,0,0,0,18,5
12,5,12,27.5,0,1,0,12,6
23,1,23,3.2,0,0,10,22,11
0,6,0,12.5,0,0,5,6,1
18,4,18,23.9,0,0,0,12,6
14,5,14,13.7,0,0,0,6,6
2,6,2,14.7,0,0,15,37,7
11,2,11,25.9,0,1,0,14,5
13,5,13,26.9,0,1,12,27,0
13,6,13,27.1,0,1,10,22,11
11,1,11,20.6,0,1,0,8,0
13,0,13,27.6,0,1,10,22,11
15,3,15,10.0,0,0,5,62,1
12,1,12,10.7,0,0,0,41,5
13,1,13,21.2,0,0,0,4,5
5,5,5,5.0,0,0,4,6,4
3,0,3,14.0,0,0,8,19,10
0,4,0,20.4,0,0,15,37,7
18,1,18,28.5,0,1,0,12,5
4,4,4,12.4,0,0,0,31,6
16,6,16,13.1,0,0,5,12,1
16,3,16,16.0,0,0,0,1,7
12,5,12,12.9,0,0,27,66,38
13,4,13,19.8,0,0,0,25,5
13,4,13,10.2,1,2,21,3,0
19,3,19,20.4,0,0,13,6,6
20,5,20,28.5,0,1,0,6,5
19,0,19,28.2,0,1,5,5,5
14,1,14,11.7,1,2,0,18,5
10,3,10,10.4,0,0,0,8,6
12,2,12,30.0,0,0,7,13,18
5,6,5,9.7,0,0,0,13,5
5,3,5,12.0,0,0,4,5,1
9,1,9,17.3,0,1,0,16,0
16,1,16,19.1,0,0,0,4,5
17,1,17,14.5,0,0,0,10,6
6,3,6,9.5,0,0,0,55,5
11,3,11,8.9,0,0,0,31,6
4,1,4,13.0,0,0,0,31,5
15,3,15,22.4,0,0,0,5,5
1,1,1,18.0,0,0,10,22,11
12,0,12,28.3,0,1,0,12,5
4,6,4,18.0,0,0,0,5,6
9,2,9,11.4,0,0,5,12,4
14,0,14,28.2,0,1,4,17,5
9,6,9,20.5,0,1,4,10,5
20,4,20,11.5,0,0,0,31,5
15,3,15,17.7,1,2,20,7,6
21,4,21,18.9,0,0,0,29,5
4,5,4,4.0,0,0,0,5,6
4,0,4,9.9,0,0,0,1,0
6,4,6,4.9,0,0,0,29,6
5,2,5,13.4,0,0,1,56,14
4,0,4,12.0,0,0,0,8,5
21,3,21,14.5,0,0,5,7,1
16,5,16,16.8,0,0,21,71,5
23,0,23,15.2,0,0,18,34,11
12,2,12,16.9,0,0,5,31,1
14,3,14,18.6,1,2,5,23,1
15,1,15,26.9,0,0,5,13,1
0,4,0,13.8,0,0,10,22,11
4,3,4,9.6,0,0,0,26,6
4,6,4,9.1,0,0,0,13,5
13,0,13,25.2,0,0,0,6,6
17,6,17,33.2,0,1,25,51,22
18,6,18,10.2,0,0,6,18,8
17,6,17,13.1,0,0,4,64,4
12,1,12,23.4,0,0,6,18,8
20,3,20,10.9,0,0,5,10,1
16,4,16,30.4,0,1,0,7,5
20,4,20,10.5,0,0,21,3,5
5,6,5,13.8,0,0,0,9,6
15,3,15,14.3,0,0,0,5,6
21,5,21,21.4,0,0,0,22,0
20,6,20,10.6,0,2,0,8,5
11,0,11,23.3,0,0,0,13,6
21,6,21,21.9,0,0,0,3,5
10,2,10,15.7,0,1,0,10,5
15,1,15,20.6,0,0,4,29,1
22,3,22,24.2,0,1,0,8,6
6,5,6,9.8,1,2,15,19,7
19,1,19,13.7,0,0,0,22,0
10,5,10,8.9,0,0,0,18,5
12,2,12,15.9,0,0,10,22,11
5,5,5,9.5,1,2,0,3,5
4,6,4,8.8,0,0,0,26,6
10,3,10,11.2,0,0,0,31,6
18,0,18,29.1,0,0,0,12,5
16,1,16,27.7,0,1,0,10,5
7,4,7,3.7,0,0,0,31,6
2,1,2,15.5,0,0,2,2,8
21,2,21,8.5,0,0,0,13,6
11,6,11,16.9,0,0,0,6,7
19,4,19,22.4,0,1,0,29,6
15,4,15,18.6,0,0,0,44,6
7,0,7,3.5,0,0,0,12,6
19,0,19,9.6,0,0,0,22,0
8,4,8,21.0,0,1,0,5,5
14,2,14,15.6,0,0,1,1,1
0,4,0,12.1,0,0,0,8,6
19,1,19,17.6,0,0,4,13,4
17,0,17,30.9,0,0,0,6,0
10,6,10,27.5,0,0,14,19,12
18,0,18,34.1,0,1,0,10,5
23,0,23,15.2,0,1,19,15,0
17,1,17,30.8,0,1,0,12,5
5,3,5,7.3,0,0,21,3,5
15,5,15,24.3,0,0,0,20,5
17,4,17,30.4,0,0,4,45,4
16,0,16,16.2,0,0,0,1,7
20,2,20,9.0,0,0,4,29,1
23,5,23,19.6,0,1,18,34,11
5,0,5,5.4,0,0,0,9,6
18,3,18,26.7,0,1,13,6,6
17,4,17,15.7,0,0,0,18,5
6,6,6,10.3,0,0,21,3,14
5,1,5,11.2,0,0,5,5,4
4,4,4,9.2,0,0,20,19,15
10,1,10,12.9,0,0,0,20,5
5,1,5,11.8,0,0,0,9,6
10,2,10,21.0,0,1,6,18,8
13,4,13,26.3,0,0,10,22,11
20,1,20,22.7,0,0,5,26,4
16,1,16,20.2,0,0,0,23,6
16,5,16,29.5,0,0,0,5,6
5,0,5,2.0,0,0,13,6,6
11,3,11,21.7,0,1,0,6,5
7,3,7,10.0,0,0,0,55,5
17,4,17,30.1,0,1,0,30,5
2,0,2,16.1,0,0,13,6,6
14,1,14,11.4,0,0,1,1,1
7,0,7,15.8,0,1,0,31,6
16,6,16,34.4,0,0,0,44,6
12,6,12,25.1,0,1,9,21,13
5,1,5,14.9,0,0,4,13,1
20,1,20,4.7,0,0,0,7,5
21,3,21,22.0,0,1,4,10,4
14,2,14,23.5,0,0,44,4,44
15,2,15,21.3,0,0,13,4,5
21,3,21,8.6,0,0,0,10,6
5,1,5,18.3,0,0,4,10,1
18,5,18,22.7,0,0,42,18,41
8,1,8,15.4,0,0,0,25,6
16,5,16,21.6,0,0,0,31,6
23,3,23,9.2,0,0,0,35,0
9,3,9,13.4,0,0,0,9,5
16,0,16,11.9,0,0,0,25,6
9,3,9,17.0,0,0,0,17,5
18,5,18,25.4,0,0,5,18,1
8,5,8,6.1,0,0,0,25,5
14,2,14,23.6,0,0,7,12,24
20,4,20,20.8,0,0,0,10,5
14,1,14,11.5,0,0,7,108,18
14,6,14,12.6,0,0,0,23,5
12,6,12,9.2,0,0,9,21,11
9,2,9,16.9,0,1,22,19,15
15,5,15,28.8,0,1,13,6,6
3,0,3,11.9,0,0,2,2,2
15,1,15,11.7,0,0,0,14,5
23,2,23,10.3,0,0,0,36,7
10,6,10,17.9,0,0,0,24,5
9,1,9,14.4,0,1,0,7,6
13,6,13,21.9,0,0,12,27,0
11,4,11,14.7,0,0,5,41,1
9,2,9,9.2,0,0,0,11,6
12,0,12,26.4,0,1,0,12,5
13,4,13,16.7,0,0,4,20,1
13,1,13,27.4,0,0,23,43,0
9,5,9,19.5,0,0,0,8,5
9,1,9,10.2,0,0,0,8,6
11,0,11,9.0,0,0,5,10,4
5,2,5,15.9,0,0,4,5,1
20,0,20,6.6,0,0,0,3,5
6,6,6,7.9,1,2,0,19,7
7,0,7,9.2,0,0,0,20,6
5,2,5,6.1,0,0,4,13,1
11,2,11,8.3,0,0,0,13,5
12,1,12,24.2,0,1,20,19,15
14,6,14,15.7,0,0,13,6,6
13,6,13,26.2,0,0,13,6,6
7,2,7,12.4,0,0,0,41,5
21,0,21,9.8,0,0,18,34,11
14,2,14,28.2,0,0,0,25,5
12,0,12,13.7,0,0,20,19,15
8,3,8,5.4,0,0,0,28,6
12,4,12,20.0,0,1,0,12,5
8,0,8,12.8,0,1,0,20,6
9,5,9,15.9,0,0,5,11,1
12,3,12,22.7,0,0,4,54,1
4,6,4,15.7,0,0,5,5,1
19,2,19,28.2,0,0,0,31,5
4,3,4,6.2,0,0,14,19,12
5,5,5,12.8,0,0,2,2,8
20,6,20,10.5,0,0,0,9,6
21,0,21,26.7,0,1,4,10,5
4,4,4,7.3,0,0,0,8,5
8,5,8,8.0,0,0,0,28,6
11,2,11,16.6,0,0,0,8,6
16,3,16,28.4,0,0,1,1,1
0,0,0,10.5,0,0,6,18,8
22,1,22,8.3,0,0,10,22,11
5,6,5,15.2,0,0,4,13,1
0,5,0,15.1,0,0,0,19,0
8,6,8,7.1,0,0,0,6,6
22,2,22,16.2,0,0,17,33,15
22,5,22,22.2,0,1,15,37,7
19,6,19,11.7,0,0,0,22,0
15,2,15,12.3,0,0,0,13,6
14,6,14,10.2,0,0,0,3,6
19,1,19,14.4,0,0,5,18,1
10,5,10,12.3,0,0,0,12,6
13,6,13,28.4,0,1,0,48,5
13,1,13,25.1,0,0,0,19,0
4,6,4,12.2,0,0,5,4,1
17,2,17,28.1,0,0,0,6,0
8,2,8,21.7,0,1,0,11,6
16,0,16,27.5,0,1,4,10,1
21,2,21,17.2,0,0,0,26,6
15,5,15,27.3,0,0,13,4,6
13,2,13,28.4,0,1,5,7,5
4,2,4,6.0,0,0,0,5,6
17,6,17,14.7,0,0,13,5,6
5,0,5,12.7,0,0,0,13,5
12,6,12,20.4,0,0,13,6,6
5,6,5,13.8,0,0,7,17,9
8,2,8,2.5,0,0,6,18,27
4,2,4,3.9,0,0,0,8,6
5,4,5,5.5,0,0,0,5,6
16,5,16,31.9,0,0,0,5,6
8,6,8,0.7,0,0,0,5,6
17,4,17,15.8,0,0,4,45,4
8,6,8,16.0,0,1,0,24,5
3,4,3,7.6,0,0,14,19,16
10,6,10,9.4,0,0,0,24,5
22,2,22,7.2,0,0,5,29,1
14,4,14,25.7,0,1,0,10,6
7,6,7,7.8,0,0,0,25,5
6,2,6,16.2,0,1,0,17,5
8,5,8,3.3,0,0,0,41,5
8,1,8,11.4,0,0,0,29,6
9,1,9,15.9,0,0,0,12,6
5,2,5,1.6,0,0,5,13,1
23,1,23,20.9,0,0,18,34,11
11,5,11,23.9,0,0,5,10,1
14,1,14,11.2,0,0,0,25,5
18,2,18,12.2,0,0,0,12,5
13,0,13,15.0,0,0,0,20,6
7,4,7,12.5,0,0,0,7,6
5,5,5,13.6,0,0,5,5,5
8,1,8,6.0,0,0,0,9,6
13,6,13,22.1,0,0,0,62,5
8,2,8,11.0,0,0,0,3,7
14,0,14,30.4,0,1,0,29,5
13,0,13,22.7,0,0,0,48,5
15,3,15,25.1,0,0,0,3,5
6,0,6,9.4,0,1,0,29,6
12,1,12,16.2,0,0,5,24,4
13,1,13,19.8,0,0,0,48,6
1,6,1,19.4,0,0,2,2,8
13,0,13,20.9,0,0,0,20,5
8,1,8,17.2,0,0,0,4,5
22,4,22,12.9,0,0,15,19,7
20,5,20,25.0,0,0,0,6,5
7,2,7,13.9,0,1,13,6,7
1,4,1,6.2,0,0,0,6,6
5,3,5,6.9,0,0,4,13,4
4,0,4,4.1,0,0,0,31,6
14,5,14,16.3,0,0,5,10,1
0,2,0,10.2,0,0,0,1,7
8,3,8,21.2,0,0,0,3,6
22,3,22,10.2,0,0,15,19,7
2,3,2,1.7,0,0,13,6,6
5,0,5,15.1,0,0,4,4,4
6,5,6,11.0,0,0,4,1,1
12,6,12,14.8,0,0,0,31,6
8,4,8,18.7,0,0,0,12,6
12,3,12,21.4,0,0,0,13,6
10,0,10,19.5,0,0,5,14,1
12,2,12,19.2,0,0,0,11,6
4,0,4,12.0,0,0,0,10,5
1,3,1,20.6,0,0,1,1,1
4,3,4,7.3,0,0,0,10,6
6,0,6,14.3,0,0,0,29,5
12,5,12,22.7,0,0,20,3,15
12,4,12,24.1,0,0,4,5,4
5,2,5,4.1,0,0,0,13,6
9,6,9,18.1,0,0,0,17,5
6,5,6,10.6,0,0,4,18,1
17,1,17,30.1,0,0,0,5,6
11,3,11,25.1,0,1,26,58,0
13,6,13,14.1,0,0,0,20,6
11,0,11,27.9,0,0,11,60,3
11,0,11,19.1,0,0,0,25,6
12,3,12,10.1,0,2,0,20,6
5,5,5,13.8,0,0,2,2,8
8,5,8,2.0,0,0,6,18,27
5,2,5,4.4,0,0,4,23,4
10,4,10,11.2,0,0,5,12,1
14,6,14,14.3,0,0,0,3,6
17,3,17,14.2,0,0,0,20,6
23,2,23,13.7,0,0,17,33,15
17,2,17,14.6,0,0,5,23,4
22,3,22,23.1,0,0,5,29,1
5,2,5,8.7,0,0,0,13,6
4,0,4,3.3,0,0,0,8,6
15,5,15,19.2,0,0,0,44,5
13,5,13,24.5,0,0,0,18,5
7,5,7,10.4,0,0,0,13,6
7,4,7,11.8,0,0,7,16,9
15,0,15,32.0,0,1,0,3,5
16,6,16,10.3,0,0,0,28,5
21,3,21,11.2,0,0,0,10,6
0,2,0,9.8,0,0,2,2,8
12,1,12,10.2,0,0,0,9,6
23,6,23,6.2,0,0,4,29,1
12,3,12,22.9,0,0,0,8,5
9,6,9,10.5,0,0,0,13,6
18,6,18,10.5,0,0,5,12,1
8,6,8,13.2,0,0,5,11,1
11,3,11,24.9,0,1,0,29,5
3,0,3,1.6,0,0,3,3,3
5,3,5,8.3,0,0,4,6,4
16,2,16,34.2,0,1,0,12,5
0,2,0,15.8,0,0,0,19,0
6,2,6,1.6,0,0,0,6,7
2,0,2,16.2,0,0,2,2,8
10,6,10,13.1,0,0,0,61,0
16,2,16,19.9,0,0,0,1,7
22,3,22,9.3,0,0,13,6,4
10,0,10,19.5,0,0,4,29,5
7,4,7,12.0,0,0,0,7,6
20,1,20,13.3,0,0,0,22,0
11,4,11,10.0,0,0,0,13,6
23,0,23,8.7,0,0,0,15,7
13,5,13,29.4,0,0,0,48,5
10,6,10,9.5,0,0,0,13,6
7,0,7,4.7,0,0,0,11,5
4,3,4,6.4,0,0,0,31,6
13,1,13,24.3,0,0,0,6,6
11,6,11,13.0,0,0,5,24,4
4,2,4,4.2,0,0,0,9,5
22,5,22,12.5,0,0,15,19,13
11,4,11,12.8,0,0,0,6,6
13,5,13,27.6,0,0,5,23,1
19,1,19,20.8,0,0,0,31,6
18,0,18,12.4,0,0,4,10,1
8,5,8,5.6,0,0,0,31,6
10,3,10,10.9,0,0,0,8,5
0,4,0,15.4,0,0,15,37,7
6,1,6,11.0,0,0,0,9,6
21,4,21,18.4,0,0,0,22,0
10,6,10,21.4,0,0,5,10,1
16,1,16,13.6,0,0,23,43,0
23,3,23,15.7,0,0,13,6,4
4,6,4,15.7,0,0,0,23,5
0,0,0,21.8,0,0,15,37,7
4,0,4,11.8,0,0,0,9,5
20,6,20,29.8,0,1,0,8,6
9,5,9,13.5,0,0,0,18,5
4,4,4,9.2,0,0,5,5,4
23,0,23,15.3,0,0,0,36,0
9,5,9,5.9,1,3,7,67,24
12,2,12,30.2,0,1,5,41,1
4,2,4,10.5,0,0,0,9,5
6,4,6,13.8,0,1,13,6,6
23,1,23,9.5,0,0,0,35,7
13,1,13,27.7,0,1,0,12,6
21,0,21,18.2,0,0,26,58,7
19,3,19,11.9,0,0,5,18,1
5,2,5,4.2,0,0,4,31,4
12,6,12,26.9,0,1,0,11,5
5,6,5,13.9,0,0,4,13,1
6,1,6,9.4,0,0,4,9,4
7,6,7,4.7,0,0,0,20,6
13,6,13,15.6,0,0,5,7,1
9,5,9,10.0,0,0,0,69,7
19,0,19,28.1,0,1,13,6,6
14,5,14,21.4,0,0,21,3,5
12,2,12,22.4,0,1,0,24,5
14,1,14,26.4,0,1,0,11,5
14,0,14,23.7,0,0,13,6,6
19,0,19,14.0,0,0,5,18,1
2,5,2,13.9,0,0,2,2,8
21,2,21,11.3,0,0,15,19,7
20,1,20,13.5,0,0,5,9,4
4,1,4,11.5,0,0,0,10,6
15,1,15,5.8,0,0,23,43,0
8,5,8,20.6,0,0,0,18,5
13,1,13,9.9,0,0,4,5,5
22,2,22,11.5,1,2,4,31,1
16,0,16,30.7,0,0,5,12,1
21,1,21,11.2,0,0,0,26,5
11,6,11,21.9,0,0,0,6,7
18,0,18,26.3,0,1,0,30,5
17,6,17,21.0,0,0,5,12,1
22,2,22,18.0,0,1,17,33,15
11,1,11,13.3,0,0,0,10,6
8,0,8,20.1,0,0,5,29,1
4,3,4,6.0,0,0,0,26,5
9,3,9,22.9,0,1,4,4,4
7,5,7,4.6,0,0,0,12,6
13,4,13,15.5,0,0,23,43,0
6,5,6,1.4,0,0,0,8,5
23,0,23,16.3,0,0,6,18,27
16,0,16,25.6,0,0,0,5,6
18,4,18,8.5,0,0,4,18,5
11,1,11,23.7,0,1,0,10,5
16,5,16,12.5,0,0,0,26,5
4,6,4,16.0,0,0,0,31,6
19,3,19,23.9,0,0,0,10,6
17,1,17,28.2,0,0,0,12,6
23,3,23,14.6,0,0,15,19,7
8,0,8,7.7,0,0,21,3,5
23,2,23,8.7,0,0,5,6,1
11,4,11,9.3,0,0,0,19,0
15,4,15,27.6,0,0,5,24,4
5,6,5,5.5,0,0,4,4,4
13,4,13,16.3,0,0,5,6,1
8,1,8,15.7,0,0,0,18,5
16,1,16,20.1,0,0,0,1,7
0,3,0,8.8,0,0,16,32,14
13,0,13,14.0,0,0,5,10,4
17,4,17,13.0,0,0,13,5,5
15,4,15,20.9,0,0,0,49,6
20,2,20,11.7,0,0,5,13,1
4,6,4,8.3,0,0,0,8,6
18,2,18,25.2,0,0,0,30,5
6,1,6,5.4,0,0,0,31,6
4,4,4,6.3,0,0,5,4,1
11,2,11,15.1,0,1,0,31,5
14,6,14,16.9,0,0,4,9,4
23,1,23,15.2,0,0,6,7,8
21,6,21,18.7,0,0,0,22,0
6,1,6,9.5,0,0,0,6,7
12,1,12,9.6,0,0,0,10,6
5,1,5,13.6,0,0,0,10,6
18,6,18,17.1,0,0,0,25,5
17,3,17,16.9,0,0,5,20,1
16,6,16,16.0,0,0,0,9,6
10,6,10,16.4,0,0,0,31,6
21,5,21,19.2,0,0,13,6,6
9,2,9,6.8,0,0,28,7,0
22,1,22,18.7,0,1,0,8,5
18,4,18,14.9,0,0,0,18,5
18,0,18,17.3,0,1,0,12,6
0,6,0,14.5,0,0,0,36,0
6,2,6,9.8,0,0,0,9,6
5,1,5,11.1,0,0,0,31,6
11,0,11,21.9,0,0,0,8,5
11,4,11,21.2,0,0,0,9,6
12,0,12,25.6,0,0,5,5,5
17,2,17,24.8,0,0,30,19,15
20,4,20,6.8,0,0,0,7,6
12,4,12,13.7,0,0,5,25,1
0,3,0,16.2,0,0,18,34,11
15,1,15,21.5,0,1,0,44,6
11,2,11,20.2,0,0,5,10,4
0,1,0,8.7,0,0,1,1,1
21,3,21,15.4,0,1,0,10,5
17,1,17,27.0,0,0,0,25,6
2,1,2,11.7,0,0,0,27,0
15,2,15,29.3,0,1,0,4,5
21,6,21,10.6,0,0,21,3,5
16,2,16,25.0,0,0,4,20,4
4,3,4,15.5,0,0,4,1,1
21,0,21,13.9,0,1,18,34,11
15,2,15,28.1,0,1,21,71,5
11,3,11,16.8,0,0,28,7,0
0,5,0,7.2,0,0,10,22,11
8,6,8,19.4,0,1,0,18,6
7,3,7,10.9,0,0,21,3,5
11,5,11,9.9,0,0,5,10,4
19,2,19,23.3,0,1,0,8,5
18,5,18,28.8,0,0,13,6,6
18,1,18,31.2,0,1,0,12,6
11,4,11,24.7,0,1,5,10,4
13,6,13,30.8,0,1,23,43,0
0,0,0,11.7,0,0,1,1,1
18,1,18,26.7,0,1,0,12,6
16,6,16,29.2,0,0,0,5,6
5,0,5,11.8,0,0,4,9,1
16,6,16,20.1,0,0,0,29,5
7,0,7,7.7,0,0,5,6,1
2,0,2,12.5,0,0,8,19,10
7,2,7,11.1,0,0,13,6,6
5,3,5,3.9,0,0,4,5,4
16,1,16,33.8,0,1,0,12,5
23,2,23,18.7,0,0,13,6,6
2,6,2,14.9,0,0,0,27,0
4,5,4,13.0,0,0,0,26,6
5,4,5,5.2,0,0,4,5,4
17,0,17,31.8,0,1,6,18,8
22,0,22,8.7,0,0,0,8,5
5,3,5,8.7,0,0,4,5,1
14,3,14,9.6,0,0,13,99,4
4,4,4,11.3,0,0,0,13,6
5,5,5,16.8,0,0,0,8,6
10,2,10,21.7,0,0,20,19,15
23,3,23,11.0,1,2,0,18,5
16,5,16,16.7,0,0,4,18,1
17,6,17,26.4,0,0,4,45,4
12,1,12,9.3,0,0,0,13,5
14,3,14,17.3,0,0,13,6,6
4,1,4,9.9,0,0,2,2,8
8,1,8,16.4,0,0,5,10,1
13,0,13,27.3,0,1,0,12,5
9,0,9,10.0,0,0,0,28,6
7,4,7,13.7,0,1,5,18,5
4,6,4,11.0,0,0,0,13,5
18,1,18,30.0,0,0,14,19,16
8,2,8,9.8,0,0,22,19,15
1,2,1,11.3,0,0,0,0,0
5,5,5,12.4,0,0,0,5,6
15,3,15,23.6,0,0,0,11,6
4,4,4,10.8,0,0,0,5,6
1,4,1,17.3,0,0,0,6,5
13,1,13,22.0,0,1,13,6,5
13,6,13,20.7,0,0,20,7,15
6,4,6,2.1,0,0,4,18,1
8,5,8,20.2,0,1,0,30,5
11,3,11,24.2,0,0,20,19,15
12,4,12,11.5,1,2,30,19,15
16,2,16,25.1,0,0,4,20,4
23,0,23,9.9,0,0,10,22,11
9,4,9,17.2,0,1,21,3,5
15,0,15,26.9,0,0,13,4,6
23,6,23,11.6,0,0,5,6,1
19,5,19,34.3,0,1,13,6,6
7,3,7,13.3,0,0,5,10,4
5,5,5,1.5,0,0,4,5,4
6,4,6,9.3,0,0,0,29,6
15,6,15,15.5,0,0,0,20,5
9,5,9,8.6,0,0,22,2,15
23,5,23,4.1,0,0,0,36,7
11,1,11,14.1,0,0,0,9,6
0,3,0,15.5,0,0,0,1,7
23,0,23,4.4,0,0,0,8,6
4,5,4,17.1,0,0,0,23,5
19,3,19,14.0,0,0,0,48,6
6,4,6,4.3,0,0,0,8,6
14,5,14,15.9,0,0,5,62,1
15,5,15,25.0,0,1,0,49,6
5,2,5,8.4,0,0,0,10,5
9,0,9,19.4,0,0,0,9,5
5,4,5,0.1,0,0,4,23,4
11,5,11,18.6,0,0,0,19,0
11,2,11,19.6,0,0,10,22,11
5,3,5,17.7,0,0,5,5,5
19,3,19,9.5,0,0,0,22,0
20,6,20,17.7,0,0,4,20,1
7,6,7,14.1,0,1,0,7,5
1,2,1,13.4,0,0,0,0,0
5,1,5,7.7,0,0,0,100,6
18,4,18,29.1,0,1,0,12,6
4,0,4,13.9,0,0,0,13,5
17,4,17,26.8,0,1,0,14,5
8,3,8,11.7,0,1,0,11,6
7,4,7,15.3,0,0,1,1,7
4,0,4,9.9,0,0,0,10,6
14,2,14,15.4,0,0,0,31,5
17,1,17,15.3,0,0,21,3,0
14,4,14,26.1,0,1,0,13,6
4,4,4,16.1,0,0,0,26,5
9,5,9,1.2,0,0,4,20,4
4,5,4,15.2,0,0,5,10,1
6,0,6,11.7,0,1,0,10,5
12,3,12,23.2,0,0,28,7,0
10,0,10,14.3,0,0,0,24,5
8,0,8,8.3,0,0,0,20,5
7,6,7,19.0,0,0,0,23,6
23,1,23,19.2,0,1,18,34,11
10,0,10,10.1,0,0,0,8,6
11,3,11,19.0,0,0,4,10,1
14,6,14,30.7,0,1,0,31,5
16,1,16,26.5,0,0,0,9,5
10,0,10,8.3,0,0,0,16,0
16,5,16,27.1,0,1,0,7,5
16,5,16,29.2,0,1,0,14,5
7,1,7,5.2,0,0,0,25,5
11,1,11,13.8,1,0,53,53,31
12,4,12,23.1,0,1,0,6,7
9,2,9,23.1,0,1,0,16,7
15,1,15,13.6,0,0,5,62,1
11,5,11,14.1,0,0,10,22,11
16,6,16,32.0,0,1,0,29,5
14,0,14,14.1,0,0,0,6,6
4,5,4,12.9,0,0,0,5,6
8,4,8,8.0,0,0,6,18,8
7,3,7,13.7,0,1,5,7,5
12,5,12,27.5,0,1,5,5,5
17,5,17,17.0,0,0,21,3,0
9,6,9,9.2,0,0,0,20,6
16,0,16,26.4,0,0,0,9,6
19,4,19,7.8,1,2,2,2,2
16,6,16,25.1,0,0,5,3,1
18,2,18,23.4,0,0,0,20,5
17,1,17,29.3,0,1,13,6,6
17,5,17,14.3,0,0,7,8,18
14,1,14,10.7,0,0,13,99,6
8,1,8,10.1,0,0,0,18,5
22,2,22,16.9,0,1,4,29,1
9,6,9,10.4,0,0,5,10,1
19,3,19,24.0,0,0,13,6,1
12,5,12,18.0,0,0,0,24,5
9,0,9,10.2,0,0,6,18,27
14,4,14,22.0,0,0,0,11,6
17,4,17,27.5,0,1,5,5,5
14,0,14,15.3,0,0,20,3,15
16,2,16,24.8,0,0,1,1,1
4,5,4,11.1,0,0,5,5,4
7,5,7,12.0,0,0,0,11,5
17,6,17,25.6,0,0,5,23,4
14,6,14,22.3,0,0,0,31,6
5,6,5,2.5,0,0,5,4,1
6,4,6,2.1,0,0,1,1,7
7,4,7,8.5,0,0,0,12,6
23,2,23,8.1,0,0,13,6,5
10,1,10,16.9,0,0,0,30,6
17,5,17,25.7,0,0,0,22,0
8,1,8,2.0,0,0,0,11,5
0,6,0,11.2,0,0,0,3,5
4,4,4,8.8,0,0,0,10,5
19,2,19,8.9,0,0,0,9,6
11,6,11,7.7,0,0,0,89,7
23,5,23,16.3,0,0,13,6,6
21,3,21,11.1,0,0,0,26,6
8,5,8,20.0,0,1,0,24,5
23,4,23,10.2,0,0,0,15,7
7,5,7,6.6,0,0,0,12,6
16,0,16,19.0,0,0,0,7,6
0,4,0,19.8,0,0,6,18,8
17,0,17,30.3,0,0,0,10,5
23,1,23,13.1,0,1,39,19,12
7,1,7,10.7,0,0,0,11,6
11,5,11,27.3,0,1,0,8,6
14,0,14,29.8,0,0,6,18,8
20,1,20,21.8,0,0,4,13,4
11,4,11,9.7,0,0,0,6,6
11,0,11,7.9,0,0,0,19,7
0,6,0,5.6,0,0,0,1,7
11,4,11,12.1,0,0,0,6,0
13,5,13,21.8,0,1,12,27,0
14,0,14,19.7,0,0,13,99,1
6,2,6,3.0,0,0,4,18,5
6,4,6,15.1,0,0,0,6,6
23,4,23,8.6,0,0,0,15,7
17,2,17,11.5,0,0,0,9,6
8,2,8,12.8,0,0,0,4,5
21,3,21,20.8,0,1,0,7,5
21,0,21,10.8,0,0,0,3,6
7,1,7,8.6,0,0,6,18,17
19,1,19,25.2,0,1,4,18,1
20,5,20,9.3,0,0,0,3,6
3,6,3,18.3,0,0,2,2,2
0,6,0,17.2,0,0,10,22,11
5,4,5,12.3,0,0,0,18,5
9,2,9,10.6,0,0,5,29,1
18,6,18,23.3,0,1,0,29,6
6,4,6,3.8,0,0,0,6,7
23,1,23,15.6,0,0,0,8,5
22,1,22,9.9,0,0,7,31,18
13,4,13,14.8,0,0,5,7,1
1,0,1,3.5,0,0,0,0,0
5,5,5,14.5,0,0,2,2,8
8,3,8,7.3,0,0,0,3,6
14,6,14,16.7,0,0,0,3,6
9,0,9,12.1,0,0,0,9,6
12,4,12,11.0,1,2,13,99,4
12,0,12,16.9,0,0,30,19,15
11,4,11,21.6,0,0,0,24,5
9,3,9,12.7,0,0,5,10,4
1,0,1,7.1,0,0,0,0,0
22,6,22,14.6,0,0,4,29,1
5,4,5,14.7,0,0,0,5,6
7,3,7,7.2,0,0,0,25,6
17,0,17,31.2,0,1,0,4,5
11,2,11,25.8,0,1,0,24,5
18,4,18,29.6,0,0,21,3,0
16,5,16,10.6,0,0,0,22,0
8,1,8,13.8,0,0,0,3,6
13,1,13,24.1,0,0,9,21,11
13,2,13,28.4,0,1,0,48,6
9,2,9,6.7,0,0,0,3,6
8,5,8,11.0,0,0,0,29,6
6,3,6,12.0,0,0,8,19,10
16,2,16,28.5,0,0,0,28,6
16,0,16,20.2,0,0,0,20,5
17,5,17,14.8,0,0,0,13,5
6,0,6,0.3,0,0,1,1,7
5,6,5,4.6,0,0,4,5,4
16,2,16,19.7,0,0,0,9,6
19,4,19,21.5,0,0,5,12,1
4,5,4,4.8,0,0,0,26,5
10,5,10,22.9,0,0,0,12,6
4,0,4,7.7,0,0,0,13,6
8,0,8,1.2,0,0,0,25,6
19,2,19,10.8,0,0,0,7,6
8,1,8,9.4,0,0,0,20,6
14,2,14,19.0,0,0,4,13,1
15,4,15,18.9,0,0,13,6,6
13,1,13,9.9,0,0,4,10,4
9,4,9,21.8,0,0,5,14,1
11,3,11,23.4,0,0,20,3,15
12,6,12,17.7,0,0,0,5,6
7,3,7,13.2,0,1,0,7,5
7,5,7,16.3,0,0,20,19,15
23,6,23,18.0,0,1,18,34,11
6,5,6,13.3,0,1,0,10,5
9,6,9,20.9,0,1,0,12,6
9,2,9,9.6,0,0,0,14,5
8,4,8,7.6,0,0,4,39,1
14,6,14,20.7,0,0,13,6,6
21,6,21,24.0,0,1,21,3,5
0,2,0,8.7,0,0,0,19,0
8,0,8,10.6,0,0,0,20,5
4,6,4,8.9,0,0,5,5,4
10,2,10,22.3,0,1,6,18,8
23,3,23,11.3,0,0,20,4,15
20,5,20,12.1,0,0,0,26,5
8,3,8,11.1,0,1,0,4,5
11,0,11,13.0,0,0,0,12,5
12,6,12,20.4,0,0,0,8,5
7,5,7,11.3,0,1,0,29,6
16,0,16,30.2,0,0,0,12,6
18,6,18,10.2,0,0,0,25,6
5,3,5,8.5,0,0,0,10,6
8,1,8,10.1,0,0,4,13,4
14,0,14,15.6,0,0,4,6,4
22,1,22,10.2,0,0,6,18,27
13,3,13,10.2,1,2,1,1,1
7,6,7,12.2,0,0,21,3,5
9,2,9,19.8,0,1,0,29,5
12,5,12,21.0,0,0,0,18,5
11,3,11,16.2,0,0,6,30,19
7,1,7,18.9,0,0,0,13,6
4,4,4,9.1,0,0,14,6,12
5,0,5,4.3,0,0,0,9,6
9,3,9,6.9,0,0,0,29,5
17,2,17,14.8,0,0,0,25,6
6,0,6,14.4,0,0,0,9,6
16,2,16,17.4,0,0,0,1,7
9,5,9,11.1,0,0,28,7,0
15,0,15,8.2,0,0,0,23,6
18,2,18,29.1,0,0,13,5,1
18,4,18,15.3,0,0,0,12,6
6,3,6,5.2,0,0,22,19,15
8,2,8,3.4,0,0,0,14,5
19,1,19,13.9,0,0,0,10,6
10,2,10,11.6,0,0,0,12,6
0,5,0,14.2,0,0,1,1,1
12,1,12,22.9,0,0,0,12,6
16,1,16,16.6,0,0,0,28,6
14,2,14,13.2,0,0,7,6,37
0,1,0,10.8,0,0,0,1,0
12,6,12,10.7,0,0,9,21,11
8,1,8,4.3,0,0,13,6,6
19,4,19,9.8,0,0,5,18,1
13,4,13,15.3,0,0,0,10,6
20,6,20,8.4,0,0,21,3,5
11,1,11,13.9,0,0,0,10,6
11,5,11,10.9,0,0,0,29,6
13,2,13,28.1,0,0,0,6,6
19,1,19,13.1,0,0,0,22,0
4,5,4,12.0,0,0,0,10,6
17,1,17,13.7,0,0,21,3,0
15,0,15,21.8,0,0,5,24,1
7,3,7,13.7,0,1,0,13,5
14,6,14,18.4,0,0,4,13,4
9,5,9,6.1,0,0,5,10,1
5,3,5,14.4,0,0,0,13,6
19,0,19,15.3,1,2,0,6,7
11,0,11,24.4,0,1,0,8,6
15,6,15,23.2,0,0,4,23,1
16,4,16,11.8,0,0,0,22,7
1,4,1,14.5,0,0,0,46,0
10,4,10,8.8,0,0,0,16,0
9,5,9,14.3,0,0,0,1,7
8,5,8,12.4,0,0,5,12,1
5,4,5,12.4,0,0,5,106,1
13,4,13,16.7,0,0,9,21,11
12,6,12,9.3,0,0,0,5,6
7,6,7,12.2,0,0,0,25,6
11,0,11,23.4,0,1,0,20,6
1,2,1,4.5,0,0,0,6,6
21,6,21,16.9,0,0,21,3,5
11,5,11,17.0,0,0,0,19,7
18,4,18,6.5,0,0,4,31,5
8,4,8,4.3,0,0,21,3,5
22,2,22,18.6,0,1,15,19,7
5,1,5,15.8,0,0,0,26,5
12,1,12,15.6,0,0,5,10,4
23,0,23,15.5,0,1,18,34,11
20,1,20,12.9,0,0,4,10,4
4,3,4,9.5,0,0,4,18,1
13,0,13,14.4,0,0,0,3,6
13,6,13,22.6,0,1,0,12,6
8,3,8,8.1,0,0,0,4,5
12,6,12,27.2,0,1,0,18,6
17,3,17,25.0,0,0,0,6,0
0,2,0,5.9,0,0,0,8,5
5,5,5,8.8,0,0,5,5,4
20,2,20,24.3,0,1,0,10,5
14,4,14,9.7,1,2,7,29,40
6,0,6,2.8,0,0,21,3,5
22,6,22,9.9,0,0,0,26,5
20,1,20,25.7,0,1,4,18,5
16,6,16,20.7,0,0,0,44,6
6,2,6,8.0,0,0,0,6,7
18,0,18,27.9,0,1,0,25,6
13,5,13,17.2,0,0,0,48,5
15,5,15,15.9,0,0,0,31,6
17,2,17,19.3,0,0,0,6,0
5,6,5,15.4,0,0,0,10,5
20,2,20,4.6,0,0,0,9,6
19,4,19,24.3,0,0,5,10,4
12,1,12,14.2,0,0,4,54,1
15,4,15,27.9,0,0,0,29,5
17,5,17,30.5,0,1,4,45,4
18,4,18,15.6,0,0,0,25,5
11,5,11,9.2,0,0,0,19,7
11,3,11,18.5,0,0,0,29,5
4,0,4,13.8,0,0,0,26,5
11,1,11,13.2,0,0,0,13,6
5,0,5,14.0,0,0,4,31,4
15,1,15,17.9,0,0,5,31,1
5,0,5,13.7,0,0,0,31,6
20,1,20,10.0,1,2,0,29,5
9,6,9,8.0,0,0,0,16,0
8,3,8,5.6,0,0,0,28,6
7,0,7,6.1,0,0,0,7,6
15,6,15,11.2,0,0,13,4,5
10,1,10,9.2,0,0,0,31,6
5,0,5,15.3,0,0,0,9,5
0,4,0,7.7,0,0,21,3,5
15,3,15,18.1,0,0,0,3,6
16,1,16,19.6,0,0,0,5,6
22,6,22,8.0,0,0,13,6,4
14,3,14,13.2,0,0,0,9,5
1,3,1,8.3,0,0,0,0,0
11,2,11,18.8,0,0,20,19,15
23,1,23,9.8,0,0,5,6,1
5,1,5,5.8,0,0,21,3,5
21,3,21,18.1,0,1,21,3,5
5,3,5,12.7,0,0,0,31,6
7,5,7,4.4,0,0,0,31,6
12,2,12,14.0,0,0,0,12,5
21,2,21,19.9,0,0,5,29,4
4,3,4,8.3,0,0,0,8,6
5,3,5,3.5,0,0,20,7,15
22,2,22,20.7,0,1,16,32,14
7,4,7,11.2,0,0,0,29,6
13,4,13,19.9,0,0,0,20,5
8,6,8,18.0,0,1,0,29,6
12,3,12,10.9,0,0,4,54,5
16,4,16,15.6,0,0,0,5,6
5,1,5,18.5,0,0,0,8,6
23,2,23,13.0,0,0,0,35,0
7,0,7,11.7,0,1,0,9,5
15,3,15,28.4,0,1,0,68,5
0,4,0,19.7,0,0,5,6,1
5,2,5,16.2,0,0,2,2,8
7,0,7,11.1,0,1,0,9,5
14,6,14,23.7,0,0,0,12,6
17,2,17,27.0,0,1,0,13,5
17,4,17,28.3,0,1,82,8,41
0,6,0,6.0,0,0,0,6,5
18,6,18,11.6,0,0,13,6,6
15,2,15,13.9,0,0,13,4,5
14,6,14,20.8,0,0,0,11,6
14,2,14,32.6,0,1,0,12,5
19,5,19,28.9,0,1,13,6,6
7,6,7,12.8,0,0,5,25,4
18,3,18,26.2,0,0,13,5,5
8,6,8,9.5,0,0,0,18,5
23,0,23,16.7,0,0,0,19,0
21,6,21,12.6,0,0,4,29,1
13,4,13,26.5,0,1,23,43,0
8,3,8,11.9,0,0,0,20,6
5,6,5,10.3,0,0,5,5,4
5,2,5,16.7,0,0,2,2,8
22,2,22,11.3,1,2,2,2,8
15,4,15,7.8,0,0,20,19,15
6,4,6,7.9,0,0,7,10,18
23,0,23,19.2,0,0,0,8,6
12,1,12,8.7,0,0,0,19,0
1,2,1,8.8,0,0,0,6,5
23,2,23,6.9,0,0,0,36,7
1,0,1,6.8,0,0,14,19,16
14,3,14,13.4,0,0,4,13,4
14,1,14,11.3,0,0,12,27,0
13,6,13,14.5,0,0,0,5,6
4,6,4,1.1,0,0,5,5,4
0,5,0,20.6,0,0,5,6,1
9,3,9,11.3,0,0,7,29,18
15,1,15,30.8,0,0,14,19,16
18,0,18,15.5,0,0,0,8,6
7,0,7,16.9,0,0,0,6,0
21,2,21,13.0,0,0,4,29,1
7,5,7,7.2,0,0,5,17,1
4,1,4,5.6,0,0,0,8,6
6,6,6,16.9,0,0,0,55,5
17,6,17,24.7,0,0,0,6,0
13,1,13,24.0,0,0,0,9,5
14,2,14,26.9,0,0,28,7,0
7,3,7,10.5,0,0,0,11,6
13,5,13,25.4,0,0,0,48,5
5,6,5,12.7,0,0,0,18,5
15,1,15,20.3,0,0,4,9,4
4,4,4,12.6,0,0,3,3,3
22,6,22,21.4,0,1,13,6,5
6,2,6,12.3,0,0,21,3,5
15,3,15,25.6,0,0,0,24,5
20,4,20,13.2,0,0,7,12,24
7,0,7,0.3,0,0,14,19,16
23,4,23,16.5,0,0,10,38,10
9,1,9,14.9,0,1,0,7,6
15,1,15,29.7,0,1,0,3,5
22,1,22,8.3,0,0,10,22,11
3,3,3,10.8,0,0,8,19,10
5,6,5,7.3,0,0,4,4,4
13,6,13,16.3,0,0,12,27,0
23,0,23,18.6,0,0,0,35,7
16,2,16,21.9,0,0,52,40,57
8,5,8,5.5,0,0,21,3,5
0,4,0,16.0,0,0,0,35,0
14,2,14,23.5,0,0,1,1,1
5,6,5,8.5,0,0,4,10,4
0,2,0,12.1,0,0,0,8,6
23,2,23,20.3,0,0,0,8,5
12,2,12,13.5,0,0,5,41,1
14,0,14,27.2,0,0,0,11,6
19,6,19,16.9,0,0,0,8,5
23,6,23,12.5,0,0,0,35,7
8,1,8,17.6,0,0,8,19,10
12,2,12,28.2,0,1,0,12,5
5,1,5,11.3,0,0,0,31,6
0,3,0,19.5,0,0,15,37,7
10,1,10,19.1,0,0,0,11,6
11,6,11,19.8,0,1,0,41,5
19,6,19,16.3,0,0,0,22,0
21,3,21,8.9,0,0,18,34,11
14,0,14,26.5,0,0,4,13,1
0,3,0,12.5,0,0,5,6,1
4,6,4,11.0,0,0,0,26,6
15,1,15,30.8,0,0,21,71,5
11,4,11,12.1,0,0,0,4,5
4,0,4,9.5,0,0,21,3,5
5,0,5,13.4,0,0,4,10,1
17,0,17,31.3,0,1,0,30,5
7,0,7,7.4,0,0,5,106,1
21,3,21,10.5,0,0,0,10,6
7,2,7,13.6,0,0,0,14,5
7,5,7,5.8,0,0,0,7,6
10,3,10,21.4,0,1,0,23,6
19,5,19,8.6,0,0,4,10,1
4,5,4,12.1,0,0,0,8,5
22,3,22,9.5,0,0,10,22,11
17,2,17,15.7,0,0,0,6,0
12,6,12,12.5,0,0,20,19,15
1,2,1,7.7,0,0,2,2,8
5,3,5,1.4,0,0,4,4,5
3,5,3,14.3,0,0,0,6,5
1,5,1,16.7,0,0,0,0,0
7,5,7,11.4,0,0,0,8,5
8,6,8,2.2,0,0,0,11,6
16,3,16,22.6,0,0,0,1,10
16,1,16,11.8,0,0,0,68,5
6,4,6,7.8,1,2,0,36,7
6,4,6,8.3,0,0,0,13,6
12,3,12,9.5,0,0,0,18,5
23,3,23,9.2,0,0,0,35,7
5,4,5,4.1,0,0,4,23,4
6,4,6,13.5,0,1,13,6,6
8,5,8,8.3,0,0,0,13,6
18,2,18,15.2,0,0,0,10,5
8,1,8,5.9,0,0,21,3,5
17,2,17,23.1,0,1,0,18,5
9,5,9,3.3,0,0,4,20,4
5,5,5,14.2,0,0,0,18,5
22,6,22,17.1,0,0,0,8,6
1,5,1,13.7,0,0,16,32,14
13,3,13,23.6,0,0,5,29,4
14,2,14,23.7,0,0,0,3,5
7,2,7,10.6,0,0,21,3,5
22,4,22,18.2,0,0,17,33,15
16,5,16,30.4,0,1,0,7,5
11,5,11,10.4,0,0,5,14,1
8,1,8,3.8,0,0,5,10,1
16,3,16,27.5,0,0,0,29,5
13,3,13,25.8,0,1,0,11,6
16,3,16,17.4,0,0,0,6,0
8,3,8,7.9,0,0,0,3,6
19,3,19,16.5,0,0,0,20,6
1,6,1,18.7,0,0,0,0,0
23,6,23,14.6,0,0,15,19,7
18,2,18,8.4,0,0,0,12,5
9,1,9,2.7,0,1,7,16,9
5,4,5,8.3,0,0,4,23,4
4,5,4,13.1,0,0,0,26,5
20,4,20,15.3,0,0,0,3,6
18,0,18,27.9,0,1,0,8,5
15,1,15,30.4,0,1,0,4,5
7,3,7,7.3,0,0,0,12,6
13,0,13,18.1,0,0,0,29,5
10,3,10,12.9,0,0,0,11,6
16,2,16,17.1,0,0,21,3,0
16,1,16,21.8,0,1,4,31,4
12,4,12,22.9,0,0,20,3,15
21,3,21,10.8,0,0,18,34,11
7,4,7,9.2,0,0,4,18,4
14,0,14,10.2,0,0,0,6,5
9,5,9,5.0,0,0,1,1,7
19,3,19,9.9,0,0,0,10,5
19,0,19,11.7,0,0,0,13,6
4,4,4,12.6,0,0,0,31,6
15,3,15,23.8,0,0,0,3,6
14,5,14,16.7,0,0,13,6,6
5,4,5,7.2,0,0,0,5,6
7,2,7,13.4,0,1,0,8,5
5,0,5,13.7,0,0,4,10,5
17,3,17,33.1,0,0,0,1,10
15,1,15,11.6,1,2,7,10,39
16,2,16,30.5,0,0,0,28,5
5,3,5,8.7,0,0,21,3,5
11,6,11,25.8,0,1,0,6,6
23,2,23,3.5,0,0,0,35,7
14,1,14,11.5,1,2,21,3,0
22,3,22,21.6,0,1,15,19,7
7,2,7,8.6,0,0,21,3,5
9,4,9,6.4,0,0,5,17,4
7,6,7,14.9,0,1,0,7,5
23,3,23,14.9,0,0,0,35,7
14,4,14,25.9,0,1,0,11,5
23,5,23,20.2,0,1,18,34,11
12,5,12,14.0,0,1,9,21,11
7,2,7,15.4,0,1,0,29,5
10,6,10,20.2,0,0,0,61,7
18,6,18,25.4,0,0,0,12,6
23,2,23,7.2,0,0,0,36,7
7,3,7,10.7,0,0,13,6,5
17,0,17,18.8,0,0,0,23,6
16,6,16,18.6,0,0,5,12,4
8,1,8,11.0,0,1,0,12,5
19,4,19,28.0,0,1,0,12,5
2,6,2,7.3,0,0,2,2,2
21,1,21,11.4,0,0,18,34,11
9,6,9,13.8,0,1,0,17,5
19,1,19,25.6,0,1,0,9,5
19,4,19,11.6,0,0,0,20,5
5,3,5,6.8,0,0,0,31,6
5,6,5,12.1,0,0,0,10,6
6,0,6,0.2,0,0,0,9,6
18,3,18,22.0,0,0,0,18,5
8,2,8,5.0,1,0,0,41,5
23,3,23,19.1,0,1,19,15,7
16,2,16,7.5,0,0,0,12,5
1,4,1,8.8,0,0,0,1,7
12,1,12,23.4,0,1,9,21,13
9,1,9,19.0,0,1,0,16,0
5,6,5,4.0,0,0,4,5,4
4,5,4,8.7,0,0,0,5,6
16,6,16,28.0,0,1,0,28,5
7,4,7,14.8,0,1,0,31,6
23,0,23,14.7,0,0,0,31,6
1,2,1,12.3,0,0,2,2,8
4,1,4,10.0,0,0,0,31,5
9,4,9,16.3,0,1,0,16,0
4,2,4,9.0,0,0,5,5,4
18,1,18,19.9,0,0,0,10,6
8,1,8,8.2,0,0,0,11,5
14,4,14,17.4,0,0,0,11,6
19,4,19,28.1,0,1,13,6,6
19,3,19,9.3,0,0,58,1,5
14,6,14,13.2,0,0,5,14,1
15,4,15,22.7,0,0,0,31,5
13,0,13,23.9,0,0,0,6,6
23,4,23,8.7,0,0,0,35,0
0,6,0,6.6,0,0,1,1,1
16,4,16,28.4,0,1,0,5,5
23,6,23,8.2,0,0,0,15,7
18,6,18,10.7,0,0,0,20,5
13,4,13,14.4,0,0,0,10,6
2,3,2,8.0,0,0,2,2,2
4,6,4,8.3,0,0,5,4,1
23,0,23,20.0,0,0,17,33,15
19,1,19,11.1,0,0,0,20,5
5,4,5,11.7,0,0,0,10,5
11,3,11,12.7,0,0,28,7,0
8,4,8,13.6,0,0,0,31,6
5,2,5,14.6,0,0,0,31,5
16,5,16,21.1,0,0,39,19,12
15,0,15,16.3,0,0,5,3,1
14,2,14,15.1,0,0,0,6,6
15,2,15,19.0,0,0,4,44,5
8,2,8,8.5,0,0,0,25,6
7,6,7,6.9,0,0,0,7,6
8,1,8,17.9,0,0,22,19,15
9,4,9,6.9,0,0,0,16,0
13,3,13,24.1,0,0,0,11,6
0,0,0,15.7,0,0,19,15,0
15,0,15,11.8,0,0,4,30,5
11,6,11,11.1,0,0,0,19,0
18,0,18,15.3,0,0,13,5,5
18,1,18,19.1,0,0,0,20,5
6,6,6,7.7,0,0,0,26,6
16,6,16,16.5,0,0,0,28,6
13,3,13,28.1,0,1,10,22,11
8,4,8,15.3,0,0,0,16,0
18,1,18,30.0,0,0,13,5,6
16,6,16,28.7,0,1,21,71,5
4,3,4,5.5,0,0,0,5,6
12,6,12,26.6,0,1,9,21,13
17,5,17,25.6,0,1,0,13,5
13,2,13,25.0,0,0,0,48,5
15,3,15,26.4,0,0,0,14,5
6,2,6,9.1,0,0,13,6,6
15,1,15,11.6,1,2,0,10,6
16,2,16,16.8,0,0,0,9,5
9,6,9,25.5,0,0,6,18,27
0,4,0,15.3,0,0,0,36,7
19,3,19,10.2,0,0,0,10,6
16,4,16,20.0,0,0,0,12,6
16,2,16,11.0,0,0,21,3,0
14,3,14,27.0,0,0,25,51,23
12,1,12,23.6,0,0,5,10,4
13,6,13,28.9,0,1,0,12,6
17,2,17,30.2,0,1,4,5,5
21,0,21,14.6,0,0,5,31,1
11,0,11,7.5,0,0,5,14,1
8,6,8,15.7,0,1,0,12,6
4,4,4,14.6,0,0,0,9,6
19,1,19,10.9,1,2,10,38,10
0,0,0,13.8,0,0,6,18,27
15,2,15,28.5,0,1,0,4,5
22,0,22,16.6,0,0,20,7,15
12,5,12,25.1,0,0,5,12,4
12,5,12,27.6,0,0,0,24,5
13,2,13,29.2,0,1,12,27,0
20,5,20,17.1,0,0,4,18,1
8,6,8,7.2,0,0,5,10,4
15,3,15,13.1,0,0,5,14,1
11,4,11,9.6,0,0,4,3,5
1,6,1,15.3,0,0,1,1,1
16,4,16,28.2,0,1,6,18,8
11,1,11,13.4,0,0,0,12,6
11,0,11,9.6,0,0,0,20,5
16,6,16,28.8,0,0,13,4,6
0,2,0,13.4,0,0,0,1,0
16,4,16,28.4,0,1,0,1,10
14,3,14,28.6,0,1,0,7,5
1,2,1,18.8,0,0,0,0,0
15,1,15,31.2,0,1,21,3,5
19,4,19,24.7,0,0,0,8,6
5,1,5,10.1,0,0,21,3,5
8,2,8,8.8,0,0,5,10,4
21,2,21,11.2,0,0,0,26,6
10,0,10,10.4,0,0,0,6,7
5,0,5,12.0,0,0,4,23,4
5,0,5,14.4,0,0,4,23,1
5,2,5,14.7,0,0,0,31,5
4,4,4,10.9,0,0,0,26,5
17,2,17,25.5,0,0,0,6,0
1,4,1,8.7,0,0,0,1,7
12,4,12,13.9,0,0,9,21,11
19,2,19,11.4,0,0,5,30,1
12,1,12,24.1,0,0,5,10,1
10,4,10,16.8,0,0,4,9,4
0,0,0,17.6,0,0,15,37,7
14,2,14,14.4,0,0,0,3,6
16,5,16,30.3,0,0,0,10,5
16,6,16,17.7,0,0,0,22,7
19,0,19,22.7,0,0,0,20,6
11,3,11,12.5,0,0,0,29,6
19,0,19,15.6,0,0,0,48,5
10,5,10,22.1,0,1,0,23,5
12,2,12,18.5,0,0,4,30,1
1,6,1,8.3,0,0,0,6,6
16,1,16,19.1,0,0,0,13,5
11,6,11,17.6,0,0,5,24,1
14,1,14,26.5,0,1,0,29,6
5,6,5,4.2,0,0,0,5,6
14,3,14,28.4,0,1,0,12,5
7,5,7,12.1,0,0,0,26,6
13,0,13,20.7,0,0,10,22,11
16,0,16,22.8,0,0,0,29,6
10,1,10,12.5,0,0,0,31,6
5,4,5,9.0,0,0,4,31,1
19,2,19,29.6,0,0,0,29,5
4,3,4,6.4,0,0,0,10,6
14,1,14,26.5,0,0,0,3,5
19,3,19,9.8,0,0,5,30,1
0,1,0,4.0,0,0,2,2,8
9,2,9,11.8,0,0,13,6,6
23,3,23,18.5,0,0,17,33,15
17,3,17,15.7,0,0,21,3,0
12,2,12,10.5,0,0,0,12,6
20,3,20,20.4,0,0,5,10,4
6,2,6,9.4,0,0,5,7,1
11,2,11,10.9,0,0,0,24,5
7,4,7,11.4,0,1,0,7,6
22,3,22,6.2,0,0,20,7,15
4,5,4,13.0,0,0,0,10,5
16,5,16,29.4,0,1,0,10,6
16,4,16,23.2,0,0,0,4,6
11,3,11,21.4,0,1,0,29,6
17,3,17,31.9,0,1,0,31,6
5,3,5,14.1,0,0,21,3,5
12,0,12,15.2,0,0,3,3,3
15,3,15,25.2,0,0,0,25,5
18,3,18,14.7,0,0,0,18,5
21,2,21,18.4,0,1,0,22,0
9,5,9,9.0,0,0,0,9,6
7,5,7,13.6,0,0,0,23,6
14,5,14,13.2,0,0,4,6,4
14,5,14,11.5,0,0,6,18,8
7,4,7,1.2,0,0,5,10,4
15,3,15,18.7,0,0,0,24,5
9,3,9,23.4,0,0,7,77,24
21,1,21,21.0,0,1,4,10,1
11,4,11,18.1,0,0,0,25,6
5,6,5,7.0,0,0,0,5,6
12,1,12,23.0,0,1,4,54,5
8,4,8,15.1,0,0,5,11,1
19,2,19,32.4,0,1,0,8,6
4,4,4,9.9,0,0,0,31,5
23,0,23,18.7,0,1,20,19,15
11,5,11,25.1,0,1,4,31,4
10,2,10,21.5,0,1,26,58,0
16,5,16,32.7,0,0,0,5,5
17,1,17,33.9,0,0,4,5,1
8,2,8,17.0,0,0,5,9,1
21,1,21,11.8,0,0,0,3,6
5,4,5,12.2,0,0,0,5,6
5,5,5,5.7,0,0,0,18,5
7,4,7,11.1,0,0,0,14,5
14,6,14,15.1,0,0,0,12,5
13,4,13,26.2,0,1,0,48,5
16,2,16,11.3,0,0,0,28,6
15,3,15,13.1,0,0,5,62,1
8,6,8,8.4,0,0,21,3,5
13,2,13,15.5,0,0,4,13,1
18,4,18,23.6,0,0,5,23,4
7,4,7,8.3,0,0,0,3,7
14,5,14,14.6,0,0,0,20,6
12,0,12,28.1,0,1,0,7,5
20,3,20,12.4,0,0,5,10,1
20,6,20,23.1,0,1,0,9,5
7,2,7,11.8,0,0,25,9,23
13,6,13,21.7,0,0,0,3,5
20,3,20,22.4,0,1,4,10,4
1,6,1,6.5,0,0,0,0,0
18,4,18,20.8,0,0,13,6,6
0,6,0,9.6,0,0,2,2,8
10,2,10,7.6,0,0,0,16,7
8,3,8,5.5,0,0,5,10,4
21,4,21,19.1,0,1,0,7,5
5,0,5,5.9,0,0,0,13,6
14,6,14,24.8,0,0,6,30,19
12,0,12,26.4,0,1,0,12,6
11,2,11,13.0,0,0,0,31,6
6,0,6,10.9,0,1,5,7,5
17,0,17,25.5,0,0,14,19,16
8,3,8,4.6,0,0,5,12,1
7,6,7,9.2,0,0,4,31,4
1,0,1,15.0,0,0,16,32,14
9,6,9,14.7,0,0,0,30,6
11,6,11,12.5,0,0,0,6,7
15,5,15,17.1,0,0,0,23,5
11,0,11,17.7,0,0,0,25,6
15,3,15,25.7,0,0,0,20,5
21,4,21,20.0,0,0,0,29,5
20,0,20,25.6,0,0,0,7,5
5,0,5,13.7,0,0,5,5,5
6,0,6,7.6,0,0,21,3,5
11,3,11,20.9,0,0,0,29,6
6,6,6,5.7,0,0,0,29,5
1,6,1,12.0,0,0,13,6,6
5,6,5,15.8,0,0,4,9,5
4,2,4,1.5,0,0,0,31,6
16,0,16,25.3,0,0,0,14,5
1,2,1,8.8,0,0,1,1,14
11,3,11,21.0,0,1,25,52,23
5,2,5,10.1,0,0,4,5,1
13,1,13,21.5,0,0,0,14,5
10,6,10,16.8,0,1,0,6,0
0,6,0,20.9,0,0,14,19,16
16,5,16,30.4,0,1,0,4,5
12,6,12,13.5,0,0,20,19,15
4,0,4,8.9,0,0,0,8,6
6,1,6,5.9,0,0,0,13,5
5,0,5,12.0,0,0,2,2,8
6,4,6,11.1,0,0,4,18,1
19,0,19,32.3,0,1,0,10,5
15,1,15,13.4,0,0,5,20,4
12,4,12,14.9,0,0,2,2,2
22,3,22,6.8,0,0,15,19,7
9,1,9,21.7,0,1,0,9,6
13,3,13,17.5,1,2,5,24,4
5,2,5,16.7,0,0,4,45,1
14,2,14,19.7,0,0,4,13,4
6,5,6,-0.2,0,0,0,10,6
5,4,5,12.0,0,0,5,4,1
5,4,5,11.7,0,0,0,10,6
1,1,1,13.2,0,0,1,1,1
19,6,19,28.8,0,0,0,8,6
9,3,9,8.4,0,0,5,10,1
21,6,21,21.7,0,0,0,22,0
19,6,19,26.3,0,1,0,10,5
4,2,4,4.3,0,0,0,9,6
1,4,1,6.9,0,0,20,4,15
21,3,21,7.5,0,0,0,6,0
15,6,15,19.3,0,0,13,4,5
17,4,17,24.8,0,0,13,5,4
8,3,8,17.1,0,0,0,12,6
21,4,21,8.9,0,0,0,31,5
7,3,7,1.7,0,0,0,31,5
12,0,12,16.3,0,0,9,21,11
6,0,6,10.0,0,0,4,13,4
14,0,14,29.5,0,0,0,11,6
4,1,4,9.8,0,0,0,31,6
16,4,16,17.7,0,0,0,9,6
10,1,10,19.1,0,0,0,8,6
11,1,11,17.9,0,0,0,16,0
6,6,6,3.0,0,0,4,6,4
11,6,11,17.0,0,0,0,9,6
5,3,5,12.9,0,0,5,4,1
7,1,7,10.9,0,0,5,10,4
11,3,11,22.2,0,1,0,19,0
10,5,10,21.0,0,0,7,67,24
23,5,23,6.6,0,0,0,36,7
13,2,13,28.9,0,0,5,7,1
8,6,8,13.2,0,1,0,11,5
14,3,14,30.3,0,0,0,18,5
0,6,0,16.9,0,0,5,6,1
16,2,16,12.2,0,0,0,31,5
22,1,22,6.9,0,0,15,19,7
5,5,5,2.1,0,0,4,23,4
5,1,5,0.6,0,0,0,31,6
10,6,10,19.6,0,0,0,29,6
11,2,11,23.8,0,1,0,8,0
21,6,21,21.0,0,0,21,3,5
8,2,8,9.2,0,0,0,3,5
8,3,8,6.0,0,0,0,5,6
18,0,18,24.3,0,0,13,6,6
21,4,21,19.0,0,0,0,22,0
6,4,6,5.1,0,0,0,31,5
15,0,15,18.4,0,0,0,14,5
19,3,19,12.2,0,0,5,18,1
9,5,9,18.9,0,1,11,60,3
1,2,1,9.7,0,0,0,6,6
12,0,12,17.2,0,0,0,19,7
11,4,11,22.1,0,0,0,6,0
1,2,1,9.8,0,0,0,6,5
11,5,11,22.5,0,0,0,89,7
8,0,8,13.1,0,0,4,13,1
21,2,21,21.6,0,1,0,10,6
13,1,13,24.0,0,0,0,48,5
20,1,20,20.8,0,0,5,13,1
21,4,21,9.1,0,0,0,3,5
22,0,22,9.6,0,0,16,32,14
14,2,14,24.1,0,0,12,27,0
5,0,5,3.8,0,0,4,5,4
15,0,15,24.3,0,0,5,25,1
17,5,17,14.4,0,0,0,18,5
14,3,14,22.4,0,0,1,1,1
16,0,16,11.9,0,0,0,5,6
12,0,12,22.9,0,0,10,38,10
16,1,16,18.9,0,0,5,12,1
7,1,7,8.7,0,0,0,31,6
19,4,19,26.8,0,1,0,29,5
14,2,14,11.7,0,0,0,25,5
3,3,3,15.8,0,0,2,2,2
7,3,7,14.7,0,1,0,11,5
7,2,7,13.4,0,0,0,29,5
13,1,13,24.3,0,0,0,12,6
17,0,17,8.2,0,1,0,30,5
8,0,8,10.2,0,0,0,25,6
14,6,14,20.5,0,0,4,13,4
18,1,18,13.5,0,0,4,9,4
17,2,17,14.6,0,0,5,23,1
16,3,16,27.5,0,0,0,5,6
7,1,7,9.9,0,1,0,29,5
16,2,16,7.5,0,0,4,20,4
7,2,7,12.5,0,1,0,7,5
19,0,19,7.6,0,0,0,13,6
13,0,13,14.4,0,0,0,23,5
4,1,4,8.9,0,0,0,26,6
11,6,11,9.7,0,0,7,6,18
5,0,5,11.8,0,0,2,2,8
5,4,5,6.1,0,0,5,31,1
16,0,16,32.4,0,1,5,5,5
16,6,16,32.1,0,1,0,28,5
17,2,17,29.7,0,0,7,9,24
23,6,23,11.6,0,0,0,35,7
5,4,5,8.4,0,0,20,6,15
17,4,17,26.9,0,0,0,29,5
14,2,14,32.0,0,1,10,22,11
9,2,9,13.4,0,0,5,14,1
4,2,4,6.0,0,0,0,13,6
8,4,8,7.1,0,0,21,3,5
13,6,13,28.0,0,1,0,7,5
13,5,13,25.2,0,0,10,22,11
20,6,20,21.0,0,0,0,20,6
1,4,1,3.4,0,0,5,7,4
23,1,23,3.7,0,0,0,36,0
1,1,1,4.3,0,0,2,2,8
23,6,23,7.4,0,0,0,15,7
5,4,5,3.8,0,0,0,9,6
15,3,15,24.1,0,0,13,6,6
14,3,14,18.7,1,2,0,12,6
15,1,15,26.6,0,0,0,44,5
18,2,18,12.3,0,0,13,6,6
16,4,16,11.7,0,0,4,10,1
4,5,4,5.5,0,0,2,2,8
18,4,18,27.8,0,1,0,7,5
23,2,23,11.6,0,0,0,35,0
10,0,10,17.6,0,0,0,15,7
17,6,17,31.5,0,0,13,6,6
9,1,9,9.2,0,0,0,18,5
21,2,21,8.7,0,0,0,9,5
4,2,4,14.1,0,0,0,13,6
10,4,10,8.7,0,0,4,3,1
8,5,8,8.2,0,0,21,3,5
8,6,8,4.3,0,0,0,6,6
7,0,7,0.7,0,0,0,7,6
4,2,4,4.1,0,0,0,9,6
11,0,11,12.3,0,0,5,10,4
2,6,2,11.4,0,0,0,0,0
14,6,14,21.4,0,0,14,33,15
10,5,10,23.6,0,1,0,12,6
20,6,20,24.2,0,1,0,8,5
21,3,21,5.0,0,0,0,3,6
12,4,12,21.1,0,0,2,2,2
19,6,19,24.6,0,1,0,8,6
15,1,15,19.3,0,0,0,25,6
8,4,8,1.0,0,0,13,6,6
13,0,13,29.1,0,1,10,22,11
4,3,4,14.2,0,0,0,9,5
0,3,0,14.8,0,0,16,32,14
15,6,15,28.2,0,0,0,9,6
17,3,17,27.0,0,0,21,3,0
7,0,7,8.8,0,0,0,7,6
5,2,5,9.2,0,0,21,3,5
15,4,15,27.0,0,1,0,49,5
16,2,16,14.4,0,0,0,6,0
16,6,16,25.9,0,0,0,30,5
20,3,20,6.1,0,0,0,10,6
1,1,1,15.5,0,0,2,2,8
9,5,9,22.7,0,0,5,24,1
7,6,7,15.5,0,1,0,12,6
7,0,7,10.0,0,0,0,12,6
5,5,5,15.5,0,0,4,1,1
18,6,18,11.4,0,0,4,45,1
9,5,9,17.6,0,1,0,17,5
23,4,23,8.2,0,0,0,15,7
23,1,23,19.8,0,1,18,34,11
5,0,5,14.3,0,0,0,13,6
12,1,12,26.4,0,1,0,7,5
4,5,4,1.3,0,0,0,23,5
1,5,1,15.4,0,0,2,2,8
4,5,4,2.7,0,0,2,2,8
8,2,8,8.5,0,0,0,25,6
18,4,18,11.9,0,0,4,18,5
23,2,23,11.2,0,0,0,19,0
15,2,15,13.8,0,0,5,14,1
21,4,21,17.0,0,0,0,31,5
10,6,10,23.5,0,1,4,41,5
7,3,7,11.0,0,0,5,17,1
20,0,20,26.6,0,1,0,10,5
12,6,12,20.9,0,0,13,6,6
21,0,21,23.2,0,0,0,26,5
9,0,9,15.4,0,1,0,11,6
6,2,6,1.3,0,0,0,13,6
22,5,22,15.3,0,0,15,19,13
5,1,5,15.4,0,0,4,10,1
5,0,5,6.8,0,0,13,6,6
6,0,6,11.3,0,1,25,51,23
16,0,16,30.5,0,1,0,5,5
14,5,14,8.3,0,0,13,99,5
19,1,19,29.4,0,1,33,9,29
15,1,15,30.6,0,0,13,99,5
5,0,5,4.3,0,0,0,13,6
12,2,12,15.5,0,0,0,31,6
4,2,4,10.4,0,0,5,5,4
16,2,16,28.2,0,1,5,5,5
19,5,19,27.1,0,0,13,6,5
8,0,8,1.7,0,0,0,11,6
4,1,4,7.7,0,0,21,3,5
4,6,4,13.0,0,0,0,26,6
16,1,16,11.7,0,0,4,9,5
5,0,5,6.7,0,0,0,13,6
20,6,20,8.5,0,0,0,29,5
1,5,1,7.1,1,2,4,13,4
8,2,8,20.0,0,0,0,20,6
15,1,15,13.7,0,0,0,9,6
20,5,20,10.8,0,0,0,7,6
3,3,3,10.2,0,0,20,6,15
21,3,21,24.3,0,1,0,8,6
11,3,11,27.9,0,1,0,12,6
7,3,7,4.2,0,0,6,18,8
14,6,14,24.7,0,0,4,6,4
16,2,16,28.3,0,1,5,127,1
22,0,22,14.0,0,0,10,22,11
8,0,8,10.9,0,0,0,18,5
5,6,5,13.3,0,0,4,23,1
13,4,13,16.2,0,0,6,18,17
2,5,2,9.8,0,0,0,36,7
5,4,5,5.2,0,0,4,31,4
2,1,2,9.0,0,0,7,31,24
9,1,9,19.0,0,0,21,3,5
8,5,8,5.4,0,0,5,10,4
5,4,5,12.8,0,0,5,106,1
23,0,23,19.4,0,0,6,18,8
6,2,6,11.7,0,0,0,9,6
5,0,5,16.5,0,0,0,13,6
21,0,21,21.7,0,0,5,23,1
7,2,7,3.5,0,0,0,3,7
14,0,14,26.1,0,0,0,11,6
11,1,11,13.5,0,0,0,16,0
22,6,22,7.3,0,0,13,6,6
6,1,6,14.7,0,1,4,13,4
23,1,23,9.1,0,0,0,35,7
6,1,6,9.4,0,0,0,9,6
20,3,20,15.5,0,0,0,3,6
7,2,7,12.6,0,1,0,7,5
0,6,0,7.6,0,0,16,32,14
13,3,13,25.1,0,1,0,29,5
11,6,11,16.7,0,0,0,6,0
5,0,5,3.8,0,0,4,9,1
17,4,17,13.4,0,0,5,23,1
5,4,5,14.3,0,0,5,4,1
18,5,18,28.5,0,0,13,5,5
21,5,21,22.0,0,0,21,3,5
17,2,17,34.3,0,1,0,25,6
22,4,22,11.8,0,0,15,37,7
16,6,16,21.1,0,0,0,31,6
8,0,8,7.8,0,0,5,10,1
6,3,6,1.1,0,0,4,64,4
7,0,7,9.0,0,0,0,31,6
21,3,21,15.2,0,1,21,3,5
4,5,4,13.1,0,0,0,26,6
6,1,6,9.5,0,0,0,13,5
10,2,10,11.5,0,0,5,17,1
5,6,5,15.9,0,0,0,10,6
20,4,20,21.3,0,0,0,13,6
22,1,22,10.8,0,0,10,22,11
21,4,21,21.1,0,1,0,7,5
8,3,8,17.6,0,1,0,4,5
1,1,1,4.3,0,0,0,0,0
11,2,11,18.6,0,0,0,12,6
6,0,6,0.5,0,0,5,106,1
8,6,8,8.9,0,0,0,6,6
15,1,15,28.2,0,0,5,23,1
6,1,6,12.3,0,0,4,5,4
12,0,12,16.8,0,0,0,9,6
17,2,17,25.6,0,0,0,18,5
16,6,16,28.9,0,1,0,10,5
15,5,15,17.7,0,0,13,4,4
16,1,16,10.7,0,0,0,44,6
5,3,5,8.4,0,0,0,18,5
10,3,10,13.1,0,0,0,8,6
8,6,8,7.8,0,0,0,18,5
0,4,0,12.2,0,0,0,0,0
22,0,22,18.4,0,1,15,19,13
1,5,1,14.6,0,0,1,1,1
11,6,11,24.7,0,1,0,14,5
12,1,12,17.6,0,0,0,13,6
14,0,14,15.2,0,0,4,13,1
11,3,11,22.1,0,0,0,9,6
13,5,13,22.0,0,1,0,7,5
9,2,9,14.9,0,0,0,6,5
0,5,0,18.9,0,0,5,6,1
5,4,5,6.8,0,0,4,6,4
8,3,8,5.2,0,0,0,4,5
6,5,6,2.2,0,0,5,18,1
14,0,14,16.9,0,0,20,19,15
0,5,0,8.0,0,0,21,3,5
20,0,20,24.3,0,1,0,26,6
21,0,21,20.8,0,1,21,3,5
11,2,11,24.2,0,0,0,16,0
13,0,13,25.2,0,0,0,9,6
23,4,23,16.9,0,0,18,34,11
15,1,15,26.1,0,0,13,99,4
5,1,5,5.2,0,0,0,23,5
15,0,15,19.4,0,0,25,25,22
4,4,4,8.5,0,0,21,3,5
12,6,12,10.5,0,0,5,20,4
14,1,14,20.5,0,0,0,6,5
4,5,4,11.8,0,0,0,26,6
13,3,13,10.2,1,2,0,0,0
5,4,5,6.3,0,0,0,5,6
7,5,7,5.5,0,0,4,18,5
16,5,16,15.1,0,0,0,22,7
16,0,16,29.5,0,1,0,28,5
8,4,8,4.1,0,0,4,39,1
7,3,7,10.8,0,0,21,3,5
12,0,12,10.6,0,0,0,20,6
8,6,8,15.9,0,0,5,12,1
16,1,16,19.1,0,0,0,10,5
20,3,20,24.2,0,0,0,8,6
1,6,1,16.3,0,0,10,22,11
13,4,13,25.9,0,0,5,12,1
14,1,14,20.0,0,0,5,41,1
8,3,8,4.5,0,0,4,31,4
9,4,9,15.9,0,1,0,16,0
21,5,21,19.7,0,0,13,6,4
15,3,15,11.4,0,0,23,43,0
19,2,19,32.4,0,1,0,6,5
20,0,20,25.1,0,1,0,10,5
7,4,7,7.8,1,2,23,43,0
8,6,8,1.6,0,0,0,12,6
10,4,10,18.7,0,0,0,14,5
13,1,13,15.3,0,0,12,27,0
4,1,4,9.5,0,0,0,5,6
22,0,22,9.4,0,0,13,6,1
20,6,20,10.5,0,0,0,31,6
16,6,16,24.4,0,0,0,5,6
15,5,15,31.0,0,0,0,23,6
14,4,14,16.3,0,0,0,11,6
9,2,9,8.9,0,0,5,12,4
12,4,12,24.3,0,0,6,18,8
4,3,4,2.8,0,0,0,10,6
4,0,4,13.7,0,0,0,26,5
5,2,5,5.7,0,0,4,31,4
8,2,8,3.8,0,0,5,10,1
8,4,8,3.7,0,0,0,5,6
16,5,16,21.9,0,0,21,3,0
4,0,4,10.9,0,0,5,5,4
7,6,7,2.4,0,0,0,3,7
9,5,9,8.1,0,0,4,30,1
5,5,5,13.9,0,0,4,5,1
15,0,15,17.9,0,0,4,30,5
8,5,8,15.2,0,0,5,10,1
23,0,23,11.0,0,0,0,35,0
23,5,23,8.5,0,0,14,19,12
10,0,10,11.2,0,0,0,13,6
1,5,1,4.4,0,0,0,0,0
16,5,16,14.8,0,0,0,31,6
15,0,15,15.5,0,0,13,4,6
7,5,7,13.8,0,1,0,12,6
6,0,6,0.8,0,0,0,9,6
22,6,22,20.3,0,1,6,18,8
16,3,16,25.8,0,0,0,13,5
19,5,19,17.3,0,0,0,29,6
23,2,23,14.2,0,0,15,19,13
1,4,1,15.5,0,0,19,15,7
6,0,6,10.3,0,0,0,13,6
13,3,13,23.6,0,0,0,18,5
6,6,6,6.7,0,0,4,6,4
11,6,11,12.8,0,0,11,60,3
4,1,4,11.9,0,0,0,5,5
9,1,9,19.2,0,0,0,30,5
15,6,15,14.5,0,0,13,4,5
19,3,19,21.1,0,0,0,20,5
4,4,4,12.6,0,0,0,8,6
20,2,20,10.8,0,0,5,13,4
5,6,5,2.1,0,0,0,7,6
4,2,4,12.2,0,0,0,31,6
16,4,16,12.9,0,0,4,20,5
6,3,6,15.4,0,1,0,8,5
21,0,21,7.7,0,0,4,18,5
16,6,16,29.5,0,1,4,64,4
22,2,22,12.9,0,0,13,6,6
5,1,5,11.4,0,0,0,3,1
1,4,1,6.5,0,0,0,6,6
6,3,6,4.5,0,0,4,5,4
17,3,17,25.9,0,0,0,20,6
16,2,16,13.6,0,0,0,29,5
13,6,13,27.3,0,1,12,27,0
6,4,6,10.8,0,0,4,13,1
14,6,14,16.2,0,0,21,71,5
15,4,15,28.0,0,1,0,5,6
18,2,18,11.9,0,0,0,12,5
22,3,22,8.2,0,0,15,19,7
17,3,17,27.3,0,0,0,12,5
7,4,7,8.5,0,1,0,12,5
16,2,16,28.2,0,1,0,14,5
9,4,9,8.9,0,0,0,14,5
12,4,12,25.8,0,1,5,5,5
7,5,7,14.5,0,0,0,25,5
19,5,19,24.6,0,0,13,6,5
13,4,13,24.3,0,0,12,27,0
5,5,5,14.6,0,0,4,23,4
20,3,20,7.8,0,0,21,3,5
2,5,2,14.7,0,0,13,6,6
7,6,7,5.9,0,0,0,29,6
10,2,10,8.2,0,0,0,6,0
22,2,22,7.5,0,0,0,31,6
18,3,18,12.5,0,0,13,6,1
17,6,17,28.7,0,0,40,7,15
6,1,6,9.0,0,0,4,5,4
14,3,14,17.6,0,0,0,12,5
23,0,23,19.0,0,0,0,35,7
0,2,0,20.3,0,0,0,1,10
20,3,20,13.0,0,0,21,3,5
18,6,18,10.4,0,0,13,6,6
7,2,7,13.9,0,1,4,18,5
1,2,1,16.7,0,0,0,0,0
20,3,20,7.7,0,0,0,22,0
14,0,14,18.9,0,0,21,3,5
8,3,8,10.9,0,0,0,5,6
16,4,16,30.4,0,1,0,30,5
14,4,14,23.0,0,0,0,10,5
6,3,6,2.5,0,0,21,3,5
23,3,23,15.4,0,0,18,34,11
3,1,3,13.0,0,0,2,2,2
12,0,12,24.3,0,0,0,5,5
17,0,17,17.7,0,0,4,13,4
15,5,15,25.6,0,0,0,3,6
14,4,14,11.7,0,0,13,6,6
9,5,9,19.9,0,1,5,17,1
14,6,14,11.1,0,0,0,3,5
11,6,11,17.3,0,0,0,31,6
14,4,14,27.0,0,0,3,3,3
8,5,8,14.8,0,1,15,19,5
0,5,0,16.2,0,0,16,32,14
11,3,11,9.5,0,0,0,89,7
16,3,16,15.0,0,1,4,64,5
12,4,12,23.1,0,0,0,5,5
5,3,5,9.5,0,0,0,31,5
0,1,0,8.8,0,0,1,1,1
7,0,7,15.3,0,1,0,31,6
8,1,8,12.4,0,1,22,19,15
8,4,8,14.1,0,0,0,20,5
21,2,21,15.1,0,0,18,34,11
13,1,13,21.2,0,0,12,27,0
9,5,9,5.2,0,0,0,18,5
21,3,21,15.3,0,0,8,19,10
10,2,10,9.1,0,0,5,14,1
13,0,13,25.1,0,1,0,12,5
9,0,9,16.0,0,1,0,12,5
12,0,12,13.8,0,0,9,21,11
12,3,12,21.2,0,0,0,29,6
14,6,14,28.0,0,1,0,12,6
17,6,17,26.2,0,1,0,18,5
9,4,9,18.8,0,0,0,18,5
10,2,10,17.9,0,0,0,15,7
13,0,13,24.6,0,0,0,24,5
7,0,7,11.1,0,0,0,7,6
6,1,6,13.3,0,1,4,13,4
7,2,7,14.4,0,0,0,9,6
6,0,6,4.4,0,0,21,3,5
19,2,19,10.8,0,0,0,22,0
18,0,18,12.5,0,0,13,5,1
4,3,4,9.3,0,0,0,9,5
10,5,10,19.2,0,0,0,13,6
20,6,20,8.4,0,0,5,30,1
3,1,3,12.4,0,0,13,6,5
2,5,2,13.5,0,0,13,6,6
11,5,11,18.6,0,0,0,19,0
18,5,18,9.7,0,0,39,19,12
7,0,7,5.3,0,0,7,29,18
13,1,13,20.8,0,0,0,3,5
18,0,18,15.3,0,0,0,7,6
21,2,21,13.4,0,0,5,3,4
7,1,7,9.2,0,0,14,19,12
14,6,14,19.5,0,0,5,14,1
18,2,18,12.2,0,0,0,25,6
18,3,18,25.9,0,0,13,99,6
17,1,17,9.6,0,0,0,13,6
9,3,9,11.9,0,0,0,3,5
5,2,5,15.9,0,0,0,31,6
12,5,12,27.8,0,0,0,31,6
11,2,11,22.5,0,0,5,10,1
8,0,8,3.6,0,0,21,3,5
6,4,6,0.5,0,0,13,6,6
5,2,5,14.9,0,0,0,10,5
8,2,8,4.7,0,0,0,12,6
6,0,6,12.7,0,1,0,29,6
10,4,10,18.0,0,1,6,18,17
6,0,6,1.7,0,0,4,13,4
21,2,21,15.0,0,0,0,3,6
16,2,16,10.9,0,0,0,5,6
23,6,23,7.2,0,0,0,15,7
10,2,10,14.4,0,0,0,20,6
16,0,16,8.2,0,0,5,9,4
23,5,23,17.4,0,1,19,15,7
5,6,5,5.5,0,0,4,4,4
13,1,13,21.8,0,0,10,22,11
15,1,15,30.4,0,1,4,31,4
7,1,7,8.6,0,0,0,13,5
16,1,16,4.8,0,0,4,9,1
15,2,15,27.8,0,1,0,5,5
19,6,19,28.8,0,1,0,18,5
22,5,22,11.1,0,0,10,22,11
7,6,7,9.6,0,0,0,25,6
7,0,7,7.2,0,0,4,10,1
6,0,6,10.4,0,0,1,1,7
4,2,4,10.5,0,0,0,13,5
21,1,21,4.4,0,0,0,26,5
19,6,19,12.4,0,0,5,26,4
4,3,4,19.0,0,0,0,9,6
23,2,23,8.8,0,0,15,19,7
15,4,15,12.7,0,0,21,71,5
23,3,23,7.5,0,0,0,35,7
9,3,9,18.4,0,0,5,10,4
0,2,0,13.0,0,0,20,19,15
11,0,11,9.1,0,0,0,31,6
15,0,15,25.2,0,0,0,12,6
18,3,18,30.6,0,0,0,25,5
22,3,22,7.0,0,0,16,32,14
5,4,5,8.2,0,0,0,5,6
16,5,16,16.9,0,0,0,6,0
0,2,0,18.0,0,0,20,19,15
18,3,18,31.4,0,0,21,3,0
13,3,13,31.6,0,1,20,63,15
16,6,16,13.3,0,0,0,6,5
9,1,9,13.8,0,0,0,3,7
22,0,22,16.8,0,0,0,3,5
23,1,23,16.0,0,0,19,15,0
16,3,16,32.7,0,0,0,24,5
9,1,9,14.1,0,0,20,6,15
14,5,14,21.9,0,1,4,10,4
20,2,20,24.2,0,1,0,26,5
11,2,11,11.0,0,0,2,2,2
19,5,19,11.6,0,0,5,10,1
17,4,17,30.0,0,1,0,12,6
4,3,4,15.2,0,0,0,31,6
19,4,19,14.7,0,0,14,63,16
16,0,16,11.9,0,0,20,19,15
9,1,9,12.0,0,0,0,18,5
22,0,22,8.9,0,0,10,22,11
22,4,22,19.4,0,1,6,18,8
6,4,6,14.6,0,1,4,10,5
12,0,12,16.9,0,0,0,18,5
14,6,14,28.4,0,1,0,29,6
12,1,12,9.8,1,2,7,78,39
18,4,18,28.1,0,1,0,7,5
17,3,17,27.3,0,0,0,3,0
22,3,22,6.7,0,0,15,19,7
16,6,16,29.7,0,1,5,5,5
0,5,0,14.4,0,0,0,15,7
22,6,22,22.2,0,1,0,8,6
11,4,11,14.4,0,0,0,9,6
16,5,16,7.8,0,0,0,6,0
7,1,7,9.0,0,0,0,12,5
12,2,12,18.5,0,0,0,5,6
16,6,16,28.4,0,0,0,1,7
1,4,1,15.4,0,0,16,32,14
1,6,1,8.3,0,0,0,0,0
5,4,5,9.8,0,0,0,13,5
14,4,14,24.9,0,0,4,18,1
8,1,8,21.6,0,1,0,5,5
22,3,22,18.8,0,0,20,19,15
3,4,3,16.3,0,0,24,7,15
20,0,20,7.7,0,0,0,26,5
4,4,4,8.6,0,0,0,40,5
16,1,16,10.7,0,0,0,9,6
8,3,8,10.6,0,0,25,51,21
9,5,9,4.0,0,0,0,6,7
12,0,12,23.9,0,1,4,20,4
0,3,0,12.4,0,0,0,19,0
12,6,12,21.2,0,0,0,20,6
7,0,7,13.0,0,0,0,9,6
12,2,12,7.7,0,0,0,5,6
17,2,17,30.1,0,0,0,20,5
16,5,16,26.6,0,0,0,13,6
7,6,7,12.8,0,1,13,6,6
22,4,22,16.9,0,1,0,8,6
12,1,12,22.9,0,0,0,12,6
13,0,13,31.5,0,0,0,12,5
10,1,10,9.6,0,0,0,29,6
16,4,16,11.4,0,0,0,31,6
4,1,4,13.7,0,0,0,5,6
16,5,16,30.7,0,0,0,12,6
21,4,21,9.2,0,0,0,3,5
5,1,5,6.5,0,0,0,26,6
10,1,10,9.8,0,0,0,23,5
23,2,23,13.0,0,0,0,36,0
19,3,19,9.3,0,0,5,30,1
22,4,22,5.6,0,0,0,8,6
17,5,17,24.8,0,0,0,6,0
11,5,11,8.9,0,0,0,41,5
9,6,9,10.0,0,0,0,31,6
12,3,12,15.0,0,0,0,5,6
6,6,6,4.8,0,0,4,23,5
23,6,23,12.0,0,0,5,6,1
19,0,19,9.9,0,0,0,22,0
4,1,4,8.9,0,0,5,5,4
12,4,12,29.5,0,1,0,14,5
9,3,9,6.4,0,0,5,10,1
14,6,14,30.7,0,1,0,12,6
11,0,11,22.9,0,0,0,31,6
15,6,15,15.9,0,0,0,6,6
5,3,5,5.5,0,0,0,13,6
12,2,12,20.3,0,0,0,12,6
11,2,11,9.5,0,0,11,60,3
6,3,6,2.1,0,0,0,31,6
17,0,17,26.3,0,1,0,30,5
11,3,11,18.6,0,0,0,28,6
14,3,14,18.0,0,0,13,6,6
18,2,18,32.8,0,1,0,10,5
2,6,2,4.2,0,0,2,2,8
16,5,16,26.4,0,0,5,23,4
21,2,21,6.0,0,0,18,34,11
11,6,11,27.7,0,0,0,19,0
12,5,12,13.9,0,0,9,21,11
5,6,5,13.7,0,0,0,10,5
19,5,19,32.3,0,0,13,5,5
13,0,13,23.2,0,0,4,18,1
9,6,9,20.5,0,1,26,58,0
5,3,5,0.7,0,0,4,5,4
5,5,5,2.5,0,0,4,5,4
10,1,10,16.2,0,0,0,20,6
18,1,18,16.3,0,0,0,9,6
0,4,0,16.3,0,0,6,18,27
18,3,18,30.8,0,0,13,6,6
23,0,23,9.7,0,0,6,18,8
22,0,22,10.7,0,0,0,3,6
8,1,8,16.6,0,0,0,20,6
21,2,21,8.6,0,0,0,13,6
19,4,19,26.9,0,0,26,19,15
17,2,17,20.1,0,0,0,44,6
13,1,13,22.6,0,0,0,7,5
9,4,9,6.6,0,0,0,30,6
9,3,9,9.3,0,0,5,12,4
11,1,11,10.2,0,0,0,19,0
4,4,4,14.8,0,0,0,8,6
8,5,8,9.7,0,0,0,6,6
18,3,18,25.8,0,0,5,20,1
11,5,11,11.2,0,0,13,6,6
10,2,10,14.3,0,0,0,29,6
3,6,3,12.6,0,0,14,19,15
6,0,6,4.4,0,0,25,51,21
14,4,14,24.6,0,0,0,13,6
14,6,14,28.2,0,1,4,12,4
5,3,5,4.5,0,0,0,31,5
7,5,7,9.7,0,0,1,1,1
15,0,15,18.0,0,0,0,14,5
20,6,20,16.9,0,0,20,19,15
8,2,8,7.7,0,0,0,3,7
11,5,11,13.6,0,0,13,6,6
20,2,20,11.5,0,0,0,26,5
12,3,12,20.8,0,0,0,13,6
17,6,17,13.3,0,0,0,9,6
10,4,10,12.3,0,0,0,20,6
5,1,5,10.2,0,0,4,5,5
13,3,13,30.7,0,1,23,43,0
18,5,18,8.4,0,0,0,12,6
4,3,4,8.4,0,0,0,5,6
8,2,8,14.6,0,0,4,39,1
13,1,13,27.9,0,1,28,7,0
16,1,16,11.7,0,0,4,12,4
22,4,22,7.5,0,0,15,19,7
23,5,23,11.1,0,0,0,35,7
10,4,10,18.1,0,0,5,41,1
14,1,14,19.6,0,0,20,19,15
9,2,9,5.5,0,0,0,11,6
6,5,6,3.6,0,0,0,10,5
21,6,21,9.3,0,0,4,10,4
16,4,16,27.6,0,1,0,7,5
16,5,16,11.0,0,0,0,18,5
1,6,1,6.3,0,0,0,6,5
12,1,12,23.2,0,1,0,5,6
22,0,22,20.7,0,1,6,18,8
11,3,11,10.5,0,0,6,30,19
17,0,17,24.0,0,0,0,29,6
12,3,12,11.2,0,0,9,21,11
23,5,23,9.8,0,0,0,19,0
14,6,14,18.2,0,0,12,27,0
22,3,22,8.0,0,0,6,18,8
0,2,0,19.2,0,0,0,19,0
22,6,22,16.7,0,0,24,7,15
10,3,10,14.8,0,0,0,8,6
17,6,17,16.5,0,0,4,44,5
4,6,4,4.7,0,0,0,10,6
14,1,14,19.8,0,0,0,12,5
17,0,17,27.0,0,1,0,12,5
21,0,21,7.7,0,0,18,34,11
5,4,5,10.1,0,0,0,5,6
3,1,3,11.3,0,0,13,6,6
20,0,20,21.7,0,1,0,10,5
10,1,10,20.6,0,0,0,11,5
20,3,20,10.7,0,0,21,3,5
18,1,18,24.0,0,0,0,3,0
0,4,0,16.6,0,0,15,37,7
17,0,17,13.3,0,0,14,19,16
15,2,15,19.4,0,1,4,13,4
1,3,1,16.2,0,0,0,6,6
16,4,16,34.9,0,1,31,63,12
18,4,18,16.9,0,0,0,10,6
16,1,16,26.7,0,0,13,4,6
4,3,4,14.3,0,0,0,9,5
6,4,6,13.9,0,1,32,19,15
7,6,7,20.9,0,0,0,12,6
12,1,12,23.2,0,0,0,17,5
0,2,0,14.8,0,0,5,6,1
5,0,5,11.3,0,0,0,26,5
11,0,11,24.1,0,1,0,29,5
23,5,23,23.3,0,0,17,33,15
23,3,23,8.8,1,2,0,29,6
13,6,13,20.9,0,0,12,27,0
11,4,11,23.9,0,1,0,11,5
3,6,3,13.2,0,0,13,6,6
21,3,21,8.0,0,0,4,9,4
11,5,11,15.4,0,0,0,19,0
16,4,16,30.3,0,0,4,5,5
16,5,16,31.9,0,1,0,49,6
23,4,23,7.5,0,0,5,6,1
8,3,8,16.3,0,1,0,24,5
7,4,7,14.5,0,1,0,12,5
7,6,7,2.3,0,0,0,12,6
8,2,8,14.1,1,2,0,12,6
21,5,21,27.0,0,1,0,7,5
15,1,15,30.5,0,1,0,5,6
20,4,20,8.7,0,0,21,3,5
5,5,5,5.2,0,0,4,23,1
20,6,20,13.0,0,0,0,31,6
4,2,4,4.1,0,0,0,26,6
1,5,1,14.7,0,0,2,2,8
23,2,23,17.5,0,0,18,34,11
6,4,6,12.5,0,1,13,6,6
15,2,15,8.0,0,0,4,10,4
20,3,20,19.0,0,0,0,10,6
9,3,9,18.8,0,0,4,31,5
21,6,21,8.9,0,0,0,26,6
13,3,13,21.4,0,0,4,10,4
14,6,14,19.5,0,0,0,9,5
22,4,22,21.8,0,1,16,32,5
1,0,1,16.3,0,0,0,46,0
6,1,6,8.8,0,0,4,9,5
15,1,15,14.2,0,0,0,12,6
20,2,20,0.0,0,1,4,10,4
17,3,17,26.4,0,0,0,23,6
19,2,19,26.4,0,0,13,6,6
15,6,15,15.5,0,0,23,43,0
18,5,18,32.4,0,0,0,20,5
6,0,6,6.7,0,0,4,13,4
13,3,13,25.9,0,1,9,21,13
11,6,11,10.0,0,0,0,31,6
23,6,23,3.8,0,0,0,19,0
1,0,1,10.8,0,0,0,46,0
16,2,16,19.6,0,0,4,9,1
20,6,20,22.0,0,1,11,60,3
9,5,9,13.5,0,0,0,28,5
12,1,12,20.2,0,0,0,31,6
15,5,15,16.7,0,0,13,4,5
20,6,20,12.7,0,0,0,31,6
12,6,12,19.9,0,0,0,24,6
12,0,12,12.7,0,0,0,10,6
10,6,10,7.6,0,0,0,25,5
13,2,13,21.9,0,0,10,22,11
19,1,19,27.4,0,1,13,6,6
5,1,5,11.1,0,0,4,4,4
18,2,18,27.3,0,0,0,18,6
11,2,11,14.1,0,0,5,10,4
16,3,16,31.0,0,0,21,3,15
15,2,15,19.6,0,0,5,14,1
16,2,16,11.9,0,0,0,13,6
18,5,18,10.6,0,0,0,25,6
11,5,11,8.7,0,0,0,89,7
18,2,18,35.9,0,1,0,25,5
7,3,7,10.9,0,0,0,25,5
14,5,14,25.4,0,0,13,99,4
19,6,19,8.4,0,0,5,10,4
15,4,15,16.4,0,0,23,43,0
5,1,5,11.1,0,0,0,5,5
15,0,15,11.8,0,0,0,5,6
12,6,12,13.4,0,0,0,31,6
13,2,13,18.5,0,0,12,27,0
6,1,6,9.8,0,1,0,10,6
23,6,23,10.9,0,0,0,35,7
9,6,9,5.9,0,0,0,29,6
20,1,20,13.4,0,0,4,13,4
10,6,10,9.3,0,0,4,13,4
17,6,17,25.7,0,0,0,7,6
23,5,23,20.1,0,1,19,15,7
7,0,7,11.4,0,1,0,10,6
13,4,13,19.4,0,0,0,12,5
6,1,6,10.8,0,0,0,29,6
21,3,21,9.8,0,0,18,34,11
1,5,1,13.8,0,0,1,1,1
5,3,5,12.1,0,0,4,4,4
9,5,9,19.4,0,0,22,2,15
14,3,14,23.9,0,0,5,9,1
0,6,0,18.9,0,0,0,19,0
14,2,14,24.2,0,0,0,14,5
7,0,7,5.3,0,0,13,6,5
8,0,8,17.9,0,0,0,29,6
15,6,15,31.7,0,1,0,24,5
9,3,9,17.0,0,1,0,29,5
16,0,16,25.2,0,0,0,13,6
11,5,11,9.0,0,0,5,14,1
11,3,11,20.5,0,0,5,12,4
19,0,19,28.2,0,1,0,8,5
6,2,6,8.4,0,0,0,29,6
4,5,4,13.0,0,0,0,31,5
11,5,11,23.7,0,0,0,3,10
12,6,12,27.5,0,1,9,21,13
10,0,10,18.0,0,1,0,12,5
20,2,20,15.0,0,0,0,1,7
19,3,19,10.0,0,0,0,22,0
15,5,15,11.5,0,0,5,12,1
19,1,19,13.8,0,0,13,5,6
21,6,21,12.9,0,0,0,31,5
4,3,4,14.9,0,0,0,10,6
15,4,15,16.7,0,0,0,13,6
5,2,5,10.7,0,0,0,10,5
10,2,10,23.6,0,1,0,11,5
8,0,8,9.2,0,0,5,10,1
18,6,18,28.6,0,1,13,6,6
4,5,4,11.3,0,0,0,23,5
20,5,20,24.3,0,0,0,7,6
8,0,8,1.3,0,0,0,29,5
20,6,20,21.8,0,0,0,29,6
15,6,15,24.2,0,0,0,13,6
10,6,10,13.3,0,0,4,3,5
16,2,16,14.3,0,0,0,1,7
7,3,7,16.0,0,0,0,6,0
16,1,16,20.5,0,0,0,13,6
11,6,11,18.7,0,1,10,22,11
12,4,12,14.8,0,0,20,19,15
16,0,16,27.5,0,0,4,30,4
11,0,11,22.9,0,1,0,6,6
9,6,9,6.6,0,0,0,13,6
5,6,5,13.8,0,0,0,5,6
20,6,20,23.9,0,1,0,8,5
10,3,10,12.3,0,0,5,14,1
15,0,15,30.1,0,1,0,4,5
7,1,7,9.7,0,0,0,10,6
9,6,9,15.4,0,0,0,12,6
14,6,14,15.7,0,0,4,6,4
13,4,13,16.0,0,0,6,18,17
19,3,19,15.7,0,1,5,18,5
5,0,5,7.9,0,0,0,13,6
23,5,23,17.5,0,0,18,34,11
5,1,5,8.9,0,0,5,9,1
15,5,15,29.0,0,0,25,25,22
11,0,11,13.0,0,0,0,8,6
11,1,11,8.7,0,0,0,13,6
1,2,1,14.9,0,0,10,22,11
14,4,14,28.3,0,0,31,63,12
22,0,22,16.4,0,1,6,18,8
0,4,0,20.9,0,0,0,19,0
8,4,8,8.0,0,0,0,31,6
15,2,15,19.8,0,0,13,4,5
7,2,7,3.0,0,0,0,11,5
11,1,11,18.7,0,0,0,31,6
18,2,18,20.0,0,1,0,28,6
17,1,17,13.2,0,0,0,16,7
23,5,23,9.4,0,0,0,15,7
16,5,16,24.3,0,0,4,5,4
9,0,9,22.2,0,0,6,18,8
16,2,16,11.6,0,0,5,5,4
9,3,9,23.6,1,0,27,53,31
13,5,13,28.3,0,1,10,22,11
12,2,12,25.7,0,1,9,21,13
22,2,22,20.2,0,0,5,29,4
7,5,7,7.7,0,0,0,10,6
4,0,4,7.8,0,0,0,26,6
8,0,8,14.2,0,1,0,8,5
18,5,18,30.3,0,0,0,20,6
20,3,20,9.4,0,0,4,13,1
23,2,23,20.1,0,1,10,38,10
22,0,22,9.8,0,0,10,22,11
23,0,23,20.4,0,0,0,19,0
7,3,7,11.5,0,0,0,12,6
4,0,4,7.7,0,0,2,2,8
17,6,17,26.3,0,0,0,23,6
17,2,17,20.0,0,0,0,20,5
14,4,14,29.5,0,0,0,9,6
15,2,15,16.4,0,0,0,29,6
9,6,9,17.2,0,0,0,15,7
20,5,20,23.7,0,1,0,8,5
2,5,2,10.0,0,0,14,19,12
7,6,7,10.4,0,0,0,25,6
7,5,7,14.8,0,0,0,25,5
18,2,18,19.3,0,0,0,12,6
19,2,19,13.1,0,0,5,18,1
19,3,19,12.0,0,0,5,30,4
16,4,16,29.8,0,1,6,18,19
7,5,7,14.8,0,0,0,13,6
5,5,5,1.9,0,0,0,13,5
6,0,6,4.2,0,0,21,3,5
4,0,4,12.1,0,0,0,9,6
20,2,20,12.7,0,0,21,3,5
8,6,8,19.0,0,1,0,16,7
13,2,13,15.8,0,0,0,48,6
5,3,5,0.6,0,0,0,31,6
16,2,16,29.1,0,0,0,9,5
8,3,8,19.3,0,0,5,10,1
3,2,3,12.0,0,0,20,19,15
15,0,15,18.0,0,0,20,7,15
6,3,6,4.5,0,0,20,7,15
6,1,6,14.8,0,1,0,9,6
11,3,11,12.5,0,0,0,6,0
23,4,23,9.3,0,0,5,6,1
9,3,9,10.1,0,0,6,18,8
17,4,17,15.6,0,0,0,22,0
5,2,5,12.8,0,0,0,8,6
15,6,15,24.2,0,0,20,19,15
17,6,17,28.1,0,0,20,19,15
8,1,8,5.4,0,0,6,18,8
10,4,10,18.3,0,0,0,8,6
23,5,23,6.7,0,0,10,22,11
11,0,11,7.4,0,0,0,10,6
11,3,11,11.0,0,0,0,29,6
11,0,11,8.1,0,0,5,10,4
5,4,5,10.0,0,0,0,26,5
23,6,23,21.6,0,1,6,18,8
0,3,0,9.5,0,0,0,8,6
16,0,16,31.6,0,1,5,5,5
8,6,8,8.5,0,0,0,4,5
12,0,12,16.1,0,0,4,20,4
15,0,15,20.1,0,0,5,24,1
13,5,13,24.8,0,0,0,13,5
12,1,12,23.9,0,1,0,6,6
6,3,6,9.1,0,0,4,64,4
5,1,5,5.3,0,0,21,3,14
8,3,8,5.2,0,0,0,16,7
16,6,16,10.2,0,0,4,13,1
3,4,3,13.0,0,0,2,2,8
22,4,22,17.0,0,0,17,33,15
18,1,18,30.2,0,1,0,10,6
21,4,21,20.0,0,0,0,10,5
4,6,4,10.7,0,0,0,9,6
13,4,13,26.2,0,0,0,48,6
5,6,5,17.8,0,0,21,3,5
8,6,8,16.4,0,0,0,3,5
5,0,5,17.3,0,0,0,10,5
6,5,6,1.7,0,0,4,9,4
19,1,19,21.7,0,0,13,6,6
9,0,9,11.9,0,0,0,29,5
1,0,1,7.8,0,0,2,2,8
5,1,5,12.7,0,0,4,4,4
23,1,23,10.4,0,0,0,26,6
4,1,4,12.0,0,0,0,10,6
12,3,12,25.2,0,1,0,7,5
2,0,2,4.9,0,0,8,1,10
10,1,10,17.6,0,1,0,12,6
15,5,15,15.2,0,0,0,5,6
0,4,0,16.0,0,0,0,15,7
17,2,17,25.6,0,0,4,10,1
11,6,11,18.7,0,0,28,7,0
8,1,8,11.5,0,0,6,18,27
10,1,10,11.7,0,0,0,24,5
8,4,8,10.4,0,0,5,10,1
16,0,16,32.3,0,1,4,5,4
9,1,9,6.2,0,0,0,3,6
5,3,5,9.6,0,0,4,31,4
1,4,1,9.1,0,0,0,0,0
13,2,13,26.8,0,1,5,7,1
9,3,9,10.3,0,0,0,3,5
16,6,16,15.3,0,0,4,20,5
8,5,8,18.9,0,0,0,4,5
20,3,20,11.5,0,0,0,22,0
14,2,14,11.5,0,0,0,25,6
4,2,4,14.1,0,0,0,9,5
10,5,10,20.9,0,1,0,12,6
7,6,7,7.2,0,0,0,12,6
5,5,5,8.4,0,0,0,55,5
22,0,22,18.0,0,0,15,19,13
17,4,17,14.3,0,0,4,30,5
15,1,15,19.3,0,0,13,99,5
12,4,12,18.1,0,0,0,18,5
1,5,1,17.0,0,0,0,1,7
21,6,21,15.5,0,0,4,30,1
5,0,5,13.1,0,0,0,8,6
16,1,16,28.0,0,0,21,71,5
6,4,6,1.7,0,0,4,9,4
14,5,14,25.7,0,1,0,20,5
4,0,4,8.8,0,0,0,13,5
1,2,1,18.9,0,0,1,1,1
21,0,21,20.5,0,0,13,6,6
6,6,6,4.8,0,0,4,23,5
12,2,12,25.1,0,1,0,10,6
22,1,22,17.3,0,0,0,22,0
7,5,7,-0.8,0,0,0,12,5
16,6,16,13.5,0,0,0,3,6
3,0,3,12.8,0,0,2,2,2
6,5,6,10.4,0,0,0,31,5
12,2,12,29.8,0,1,5,5,5
0,5,0,15.5,0,0,0,36,7
5,1,5,8.4,0,0,0,13,5
16,1,16,10.7,0,0,4,9,5
13,1,13,23.0,0,1,12,27,0
2,0,2,10.2,0,0,2,2,2
11,6,11,24.1,0,1,20,7,15
12,4,12,9.5,0,0,0,13,6
23,0,23,14.1,0,0,5,6,1
20,6,20,9.7,0,0,0,31,6
13,1,13,19.6,0,0,5,7,1
18,5,18,24.8,0,0,4,10,5
23,3,23,5.3,0,0,0,15,7
21,6,21,17.5,0,0,4,10,4
11,1,11,18.9,0,0,0,9,6
8,5,8,19.2,0,0,5,10,1
8,0,8,20.0,0,1,0,18,5
8,5,8,5.2,0,0,0,6,6
8,3,8,14.8,0,0,0,18,5
13,4,13,28.3,0,0,0,9,5
16,5,16,30.8,0,1,5,5,5
7,1,7,13.4,0,1,4,31,4
12,2,12,10.1,0,0,9,21,11
16,6,16,23.4,0,1,0,29,6
16,2,16,29.7,0,1,6,18,19
5,0,5,16.2,0,0,4,1,1
23,2,23,11.6,1,2,4,9,4
2,5,2,15.3,0,0,0,27,0
16,6,16,20.3,0,0,14,19,16
21,0,21,13.4,0,0,6,18,8
8,2,8,6.3,0,0,0,31,6
13,3,13,11.6,0,0,5,7,1
8,5,8,1.4,0,0,22,2,15
16,3,16,31.8,0,1,0,4,5
18,1,18,24.3,0,0,13,6,4
12,4,12,21.3,0,0,4,5,4
0,5,0,6.2,0,0,1,1,1
4,1,4,10.8,0,0,0,8,5
5,1,5,4.6,0,0,0,10,5
9,1,9,17.4,0,1,0,29,5
18,0,18,7.7,0,0,0,13,6
7,1,7,11.8,0,1,0,11,6
13,1,13,13.5,0,0,0,8,6
15,6,15,28.2,0,0,13,6,6
13,4,13,14.3,0,1,4,12,5
19,3,19,28.3,0,1,5,18,5
11,3,11,11.5,0,0,0,41,5
14,1,14,12.0,0,0,4,9,1
19,0,19,7.7,0,0,5,30,1
23,5,23,7.0,0,0,0,19,0
11,6,11,11.4,0,0,0,13,5
8,5,8,12.2,0,0,0,12,6
18,1,18,19.2,0,0,4,9,1
11,3,11,18.8,0,0,0,16,0
22,2,22,3.7,0,0,0,26,5
12,1,12,28.4,0,0,0,25,6
7,0,7,11.0,0,1,0,29,6
11,2,11,14.8,0,0,0,20,6
15,3,15,19.9,0,0,13,4,5
0,0,0,9.2,0,0,4,10,1
22,6,22,14.1,0,1,16,32,14
11,1,11,10.0,0,0,5,10,1
1,4,1,8.3,0,0,0,46,0
6,6,6,7.9,1,2,0,36,7
16,2,16,28.4,0,0,0,1,7
3,0,3,12.6,0,0,14,19,12
10,3,10,9.2,0,0,0,12,6
10,6,10,12.4,0,0,0,6,0
7,5,7,1.6,0,0,0,29,6
10,4,10,6.3,0,0,0,20,6
11,0,11,16.7,0,1,10,22,11
12,5,12,11.4,0,0,0,10,6
23,5,23,15.2,0,0,19,15,0
14,3,14,28.8,0,1,13,6,6
11,5,11,18.6,0,0,0,29,6
1,3,1,14.0,0,0,1,1,1
18,6,18,29.2,0,1,0,12,5
8,0,8,13.0,0,1,0,25,5
0,5,0,4.1,0,0,1,1,14
8,0,8,8.8,0,0,0,18,5
23,2,23,17.7,0,0,6,18,27
20,6,20,8.5,0,0,0,7,6
15,3,15,13.8,0,0,0,31,6
6,6,6,12.3,0,0,0,55,5
5,5,5,3.3,0,0,4,6,4
12,1,12,10.3,0,0,0,14,5
8,2,8,12.1,0,0,0,14,5
19,1,19,25.8,0,0,13,5,6
6,5,6,8.2,0,1,4,18,1
19,3,19,21.8,0,0,0,20,6
22,4,22,10.9,0,0,0,26,5
15,6,15,11.0,0,0,20,7,15
11,3,11,19.0,0,0,0,14,5
9,2,9,12.7,0,0,22,19,15
2,3,2,12.0,1,2,2,2,8
5,4,5,11.7,0,0,5,106,1
0,5,0,4.2,0,0,0,35,7
21,6,21,21.7,0,1,0,7,5
18,6,18,24.5,0,0,5,23,4
5,6,5,11.0,0,0,0,13,6
15,3,15,13.9,0,0,20,63,15
22,3,22,9.3,0,0,13,6,6
1,0,1,6.8,0,0,0,46,0
14,5,14,16.8,0,0,5,23,1
7,1,7,8.6,0,0,0,29,6
8,2,8,12.9,0,0,4,39,1
15,0,15,11.7,0,0,0,9,6
20,1,20,13.3,0,0,0,7,6
13,0,13,9.4,0,0,5,7,1
18,0,18,20.2,0,0,5,23,1
17,5,17,31.0,0,1,0,12,6
16,3,16,26.1,0,0,13,99,4
15,1,15,30.5,0,1,4,31,4
17,0,17,23.0,0,0,0,25,6
15,1,15,18.6,0,0,0,44,5
10,6,10,9.1,0,0,0,13,6
12,0,12,8.5,0,0,7,1,37
6,5,6,9.5,1,2,18,34,11
12,6,12,23.2,0,0,0,5,5
10,5,10,20.4,0,0,0,31,6
5,4,5,14.5,0,0,36,63,3
12,3,12,22.0,0,2,0,20,5
3,0,3,12.9,0,0,14,19,12
13,4,13,19.4,0,0,5,7,1
7,3,7,10.1,0,0,0,11,6
15,5,15,21.0,0,0,0,10,6
8,1,8,20.8,0,0,0,20,6
5,4,5,1.7,0,0,0,5,6
14,0,14,8.2,0,0,20,19,15
13,6,13,21.3,0,1,0,48,6
17,4,17,17.2,0,0,4,45,1
6,1,6,3.9,0,0,4,9,1
4,1,4,12.0,0,0,0,26,6
21,2,21,8.7,0,0,18,34,11
13,6,13,22.1,0,0,4,5,5
4,2,4,10.6,0,0,0,26,6
7,0,7,5.0,0,0,0,11,5
9,2,9,17.0,0,0,0,3,7
17,6,17,20.2,0,0,0,20,6
21,6,21,9.4,0,0,18,34,11
7,4,7,5.5,0,0,7,12,18
18,6,18,25.2,0,0,13,5,1
11,3,11,9.8,0,0,0,25,6
4,1,4,5.8,0,0,5,4,1
8,3,8,10.8,0,0,13,6,6
20,1,20,15.6,0,0,0,13,5
1,5,1,14.3,0,0,2,2,8
7,6,7,11.1,0,0,0,13,6
4,0,4,13.9,0,0,0,9,6
19,5,19,16.7,0,0,5,31,1
18,1,18,28.4,0,0,21,3,0
7,1,7,10.4,0,1,0,16,7
18,3,18,24.6,0,0,21,3,5
4,6,4,11.9,0,0,2,2,8
8,0,8,4.5,0,0,0,4,5
16,2,16,14.3,0,0,4,6,4
10,3,10,5.1,0,0,0,12,6
1,6,1,11.9,0,0,0,6,5
10,4,10,19.8,0,1,0,16,0
10,6,10,20.5,0,1,29,3,30
10,0,10,11.3,0,0,14,19,16
5,3,5,5.2,0,0,4,18,5
19,2,19,25.5,0,1,5,30,1
13,3,13,23.4,0,0,4,18,1
3,0,3,5.8,0,0,3,3,3
11,6,11,12.1,0,0,0,6,6
11,1,11,14.8,0,0,0,29,6
4,3,4,18.9,0,0,0,10,5
8,6,8,14.0,0,0,5,14,1
21,5,21,16.0,0,0,13,6,4
14,0,14,14.6,0,0,0,6,6
3,4,3,16.0,0,0,14,19,12
19,0,19,26.4,0,0,5,30,1
4,0,4,7.9,0,0,5,5,4
23,5,23,15.6,0,0,0,15,7
10,1,10,9.7,0,0,0,13,6
6,4,6,11.9,0,1,0,8,5
13,5,13,16.0,0,0,4,10,1
14,0,14,26.9,0,0,0,14,5
18,4,18,10.9,0,0,0,12,6
19,6,19,9.8,0,0,5,18,1
14,6,14,19.3,0,0,0,20,6
23,6,23,11.3,0,0,13,6,5
15,1,15,20.4,0,0,21,71,5
8,6,8,4.8,0,0,4,31,4
16,5,16,31.3,0,1,5,5,5
7,5,7,11.5,0,1,0,8,5
7,5,7,10.1,0,0,0,29,6
18,5,18,15.4,0,0,13,6,6
8,3,8,12.2,0,0,4,18,1
15,2,15,20.2,0,0,4,10,4
22,6,22,16.1,0,0,13,6,6
15,3,15,26.8,0,0,0,9,6
18,2,18,23.1,0,0,5,23,4
14,5,14,28.9,0,1,0,20,5
5,1,5,11.4,0,0,0,31,6
17,3,17,20.9,0,0,5,23,4
5,4,5,14.9,0,0,21,3,5
9,4,9,13.5,0,2,7,67,24
4,0,4,11.7,0,0,0,26,6
15,6,15,20.2,0,0,0,14,5
13,6,13,26.0,0,1,0,23,5
23,5,23,10.2,0,0,5,6,1
13,3,13,22.8,0,0,2,2,2
9,4,9,15.4,0,1,0,8,5
10,3,10,19.3,0,0,25,25,21
13,3,13,13.0,0,0,0,12,6
9,3,9,12.4,0,0,0,3,5
9,6,9,14.5,0,0,6,18,27
8,6,8,7.9,0,0,0,41,5
21,0,21,23.2,0,1,0,22,0
19,2,19,25.2,0,0,0,20,6
15,6,15,20.8,0,0,6,18,8
2,1,2,13.0,0,0,16,32,5
8,1,8,6.3,0,0,0,13,6
5,4,5,0.2,0,0,4,5,1
20,2,20,11.4,1,2,0,3,5
21,6,21,8.4,0,0,0,8,5
4,5,4,13.0,0,0,0,9,6
13,5,13,28.7,0,0,5,23,1
9,5,9,13.5,0,0,6,18,8
0,1,0,7.1,0,0,0,35,7
21,3,21,16.8,0,0,14,19,12
18,2,18,8.9,0,0,5,20,1
4,2,4,9.9,0,0,0,31,5
17,0,17,15.8,0,0,0,29,6
11,3,11,28.9,0,0,0,25,6
8,1,8,10.4,0,0,6,18,19
13,3,13,14.7,0,0,0,3,5
18,3,18,11.0,0,0,0,12,6
6,2,6,1.2,0,0,0,13,6
21,2,21,11.2,1,2,0,13,6
12,0,12,19.6,0,0,0,6,6
14,3,14,13.2,0,0,0,14,5
4,5,4,2.1,0,0,21,3,5
19,5,19,23.7,0,1,0,29,5
11,4,11,13.0,0,0,0,12,5
9,5,9,13.4,0,0,0,16,0
11,2,11,10.4,0,0,0,31,5
6,0,6,15.2,0,0,4,9,4
11,1,11,21.7,0,0,0,9,6
8,1,8,17.3,0,0,22,19,15
12,5,12,19.6,0,0,2,2,2
6,6,6,6.9,0,0,0,29,5
15,2,15,15.3,0,0,5,14,1
5,2,5,4.4,0,0,0,10,6
0,1,0,10.8,0,0,2,2,8
17,6,17,23.8,0,0,4,64,4
1,0,1,16.3,0,0,1,1,1
10,0,10,17.1,0,0,28,7,0
11,5,11,9.6,0,0,0,13,6
1,1,1,9.1,0,0,0,0,0
14,1,14,30.0,0,1,0,12,5
8,2,8,11.6,0,0,22,19,15
4,0,4,5.6,0,0,5,5,4
19,4,19,26.5,0,0,0,20,6
21,4,21,10.3,0,0,0,31,5
16,5,16,17.1,0,0,4,31,1
14,5,14,28.3,0,0,0,20,6
9,2,9,9.4,0,0,0,16,7
9,5,9,14.3,0,0,0,29,6
12,5,12,15.8,0,0,0,31,6
16,6,16,17.7,0,0,4,13,1
5,5,5,1.3,0,0,4,6,4
6,0,6,6.9,0,0,4,13,4
18,5,18,25.4,0,0,13,5,5
11,0,11,18.0,0,0,0,31,6
9,1,9,11.6,0,0,0,7,6
22,5,22,5.1,0,0,10,22,11
23,6,23,11.3,0,0,6,18,8
13,4,13,30.8,0,1,10,22,11
8,5,8,18.5,0,1,5,10,1
19,1,19,8.1,0,0,0,9,6
12,5,12,23.2,0,0,0,8,6
19,1,19,21.5,0,0,0,20,6
15,2,15,19.3,0,0,0,6,5
20,6,20,13.2,0,0,5,30,1
11,4,11,10.4,0,0,0,6,6
12,2,12,15.3,0,0,5,12,1
8,5,8,16.5,0,0,1,1,7
9,5,9,5.0,0,0,0,13,6
12,3,12,13.2,0,0,13,6,6
11,0,11,24.0,0,1,0,10,5
3,4,3,7.7,0,0,3,3,3
12,1,12,26.8,0,0,0,5,5
18,6,18,10.0,0,0,4,20,1
11,2,11,7.5,0,0,0,29,6
15,3,15,13.2,0,0,5,12,1
17,0,17,18.7,1,2,0,11,6
14,6,14,28.8,0,1,13,4,5
19,4,19,27.4,0,1,13,6,6
14,2,14,13.4,0,0,4,44,4
6,0,6,10.2,0,0,0,13,6
11,1,11,10.0,0,0,25,51,22
12,5,12,27.0,0,1,0,5,5
7,3,7,2.3,0,0,0,7,6
14,1,14,20.2,0,0,0,3,5
18,5,18,27.8,0,1,0,12,5
13,2,13,21.9,0,0,0,29,5
12,1,12,23.2,0,0,0,18,5
22,2,22,9.2,0,0,6,7,8
5,0,5,6.7,0,0,5,9,4
19,6,19,13.3,0,0,5,18,1
17,2,17,19.4,0,0,0,29,5
14,2,14,27.3,0,1,6,18,8
20,3,20,25.8,0,1,5,18,5
2,4,2,6.4,0,0,2,2,2
15,1,15,26.7,0,0,0,13,6
17,0,17,26.1,0,1,0,12,5
9,4,9,8.0,0,0,4,9,5
16,5,16,26.4,0,0,13,6,6
15,2,15,21.1,0,0,0,10,6
12,2,12,20.6,0,0,0,31,6
7,6,7,11.5,0,0,0,29,5
21,1,21,16.2,0,0,0,22,0
5,3,5,14.9,0,0,4,4,4
11,5,11,25.5,0,0,0,89,7
9,4,9,3.8,0,0,0,29,5
22,1,22,16.1,0,0,0,19,0
12,2,12,17.1,0,0,13,6,6
18,1,18,7.9,0,0,0,10,6
22,3,22,9.0,1,2,0,16,0
21,0,21,19.0,0,0,26,58,7
8,4,8,14.8,0,0,0,12,6
17,2,17,28.3,0,1,0,23,6
0,6,0,3.5,0,0,14,19,12
16,0,16,18.3,0,0,0,25,6
5,1,5,13.0,0,0,13,6,6
18,3,18,26.8,0,0,0,20,6
0,4,0,17.3,0,0,15,37,7
8,4,8,8.5,0,0,0,9,5
20,2,20,29.7,0,1,0,10,6
6,0,6,2.8,0,0,25,52,23
13,3,13,12.9,0,0,0,5,6
12,1,12,18.4,0,0,0,10,6
9,4,9,17.5,0,1,0,31,6
19,3,19,12.0,0,0,5,13,1
10,2,10,13.1,0,0,0,20,6
8,2,8,14.3,0,1,20,19,15
20,6,20,17.3,0,0,4,18,4
23,3,23,5.7,0,0,0,36,0
20,0,20,11.7,0,0,5,10,4
6,1,6,14.6,0,1,0,8,5
8,1,8,14.3,0,0,4,31,4
6,1,6,4.3,0,0,0,29,6
14,3,14,27.1,0,1,5,5,5
7,5,7,7.3,0,0,0,13,6
17,4,17,17.6,0,0,13,5,5
5,2,5,4.0,0,0,20,19,15
5,0,5,9.5,0,0,4,13,4
18,5,18,12.4,0,0,0,20,6
2,3,2,4.5,0,0,2,2,2
0,1,0,22.3,0,0,10,38,10
19,3,19,10.4,0,0,0,8,5
5,5,5,1.7,0,0,4,4,1
14,2,14,29.1,0,1,0,20,5
20,0,20,18.6,0,0,0,7,5
20,0,20,18.2,0,0,0,13,6
11,4,11,7.9,0,0,0,9,6
7,5,7,13.0,0,1,0,25,6
8,2,8,16.8,0,1,0,8,5
15,2,15,29.3,0,1,20,19,15
10,3,10,19.6,0,0,0,18,5
21,6,21,11.9,0,0,4,29,1
13,4,13,20.5,0,0,23,43,0
13,3,13,25.9,0,0,0,3,5
18,0,18,25.3,0,0,0,7,6
21,4,21,22.0,0,1,21,3,5
17,5,17,14.9,0,0,0,6,0
8,2,8,11.8,0,1,4,12,4
11,1,11,11.3,0,0,10,22,11
20,6,20,18.7,0,0,5,9,1
4,0,4,4.1,0,0,0,9,5
8,1,8,9.6,0,0,6,18,8
13,2,13,11.6,0,0,7,10,18
1,4,1,11.9,0,0,0,46,0
18,5,18,24.7,0,1,0,12,6
10,1,10,12.4,0,0,0,24,5
11,0,11,9.3,0,0,31,63,12
22,4,22,18.6,0,0,5,3,4
4,6,4,9.0,0,0,0,10,6
4,6,4,6.8,0,0,0,26,6
7,3,7,10.1,0,0,0,7,5
10,5,10,10.1,0,0,0,6,7
5,0,5,6.5,0,0,4,4,5
21,2,21,18.9,0,0,26,58,7
6,6,6,7.0,0,0,5,7,1
10,2,10,23.5,0,0,0,19,7
14,2,14,11.4,0,0,0,6,6
4,1,4,13.4,0,0,0,9,6
22,0,22,20.8,0,0,15,19,13
8,4,8,15.2,0,1,0,10,6
22,4,22,9.1,0,0,4,45,4
4,0,4,9.6,0,0,0,13,6
21,5,21,22.6,0,1,0,22,0
10,6,10,22.2,0,1,20,19,15
12,5,12,10.7,0,0,13,6,6
10,2,10,13.0,0,0,5,14,1
2,6,2,14.7,0,0,2,2,8
18,4,18,19.0,0,0,0,23,5
5,1,5,9.7,0,0,0,10,6
13,1,13,10.9,0,0,0,3,5
12,3,12,9.1,0,0,0,20,6
4,6,4,12.7,0,0,0,5,6
8,3,8,7.2,0,0,5,10,4
9,3,9,15.4,0,0,0,16,0
0,5,0,7.3,0,0,1,1,1
8,2,8,10.7,0,0,0,3,6
17,5,17,29.0,0,1,0,18,5
8,0,8,14.2,0,1,0,18,5
3,2,3,12.7,0,0,68,63,15
6,1,6,8.8,0,0,0,13,6
13,4,13,14.4,0,0,5,7,1
16,6,16,15.6,0,0,0,20,6
19,0,19,29.4,0,1,0,7,5
18,2,18,28.6,0,1,0,7,5
5,3,5,14.7,0,0,0,9,6
20,1,20,8.6,0,0,5,3,4
13,5,13,20.4,0,0,0,48,6
14,2,14,15.5,0,0,0,6,6
14,3,14,10.9,0,0,13,99,5
14,3,14,24.7,0,0,0,3,5
2,6,2,7.3,0,0,0,8,5
15,0,15,14.2,0,0,13,4,1
14,4,14,11.1,0,0,0,14,5
19,6,19,17.1,0,1,0,8,5
15,2,15,11.6,0,0,0,31,6
5,4,5,9.3,0,0,4,5,4
8,5,8,1.1,0,0,0,12,5
2,4,2,10.1,0,0,14,19,12
11,1,11,7.6,0,0,0,12,6
15,3,15,18.2,0,0,0,23,5
23,4,23,11.8,0,0,0,19,0
4,3,4,15.2,0,0,0,8,6
21,3,21,11.1,0,0,18,34,11
8,6,8,18.4,0,0,11,60,3
15,1,15,10.8,0,0,1,1,1
7,2,7,11.6,0,0,0,17,5
22,4,22,12.2,0,0,13,6,6
16,1,16,22.0,0,0,0,13,6
8,0,8,16.7,0,1,0,9,6
9,6,9,6.4,0,0,0,13,6
9,6,9,10.9,0,0,0,8,6
5,1,5,14.9,0,0,4,4,1
16,4,16,24.0,0,0,13,4,6
15,0,15,11.7,0,0,4,13,1
9,5,9,22.7,0,1,0,15,7
3,4,3,6.2,0,0,8,19,10
6,5,6,8.4,0,0,4,23,1
21,2,21,16.1,0,0,0,26,5
9,6,9,14.9,0,0,0,61,0
7,3,7,11.0,0,0,5,17,1
13,2,13,16.6,0,0,0,18,5
4,2,4,9.2,0,0,0,10,6
11,1,11,24.2,0,1,0,29,5
19,2,19,12.2,0,0,0,22,0
13,4,13,14.5,0,0,5,30,1
15,2,15,24.2,0,0,43,62,8
15,6,15,24.8,0,0,0,9,6
15,1,15,17.2,0,0,0,44,6
8,1,8,4.6,0,0,0,30,6
23,6,23,7.3,0,0,0,36,0
16,1,16,20.9,0,0,0,31,6
5,0,5,8.0,0,0,0,8,6
5,5,5,8.7,0,0,4,4,1
0,3,0,10.0,0,0,0,1,7
13,3,13,17.5,0,0,13,6,6
3,4,3,10.6,0,0,2,2,2
12,2,12,9.4,0,0,0,5,6
7,2,7,15.3,0,1,0,12,6
8,2,8,4.8,0,0,0,25,6
16,2,16,16.2,0,0,4,20,4
8,3,8,19.1,0,1,0,4,5
22,2,22,13.6,0,0,4,29,1
9,5,9,2.5,0,0,5,12,4
13,3,13,29.3,0,1,5,7,5
9,1,9,15.7,0,0,7,67,24
1,6,1,3.6,0,0,0,0,0
7,1,7,8.7,0,0,0,11,6
12,5,12,14.1,0,0,0,18,5
10,0,10,7.9,0,0,0,20,5
15,6,15,16.1,0,0,5,12,4
16,2,16,18.5,0,1,0,4,5
16,2,16,28.2,0,0,0,26,6
15,5,15,20.2,0,0,0,6,6
15,0,15,30.3,0,1,1,1,14
20,2,20,8.6,0,0,0,26,5
14,3,14,12.7,0,0,13,99,5
10,4,10,14.5,0,0,5,24,1
1,4,1,14.3,0,0,1,1,1
10,3,10,16.7,0,1,5,12,1
17,4,17,29.9,0,0,4,30,4
0,2,0,18.5,0,0,18,34,11
13,6,13,14.0,0,0,0,3,5
14,4,14,18.5,0,0,13,6,6
18,0,18,16.3,1,2,0,3,5
10,5,10,14.6,0,0,0,6,0
11,4,11,15.9,0,0,0,6,6
16,3,16,10.3,0,0,8,19,10
14,3,14,23.1,0,0,13,6,6
16,1,16,30.7,0,1,0,12,6
16,2,16,16.7,0,0,4,20,4
14,0,14,28.5,0,1,6,18,8
1,5,1,14.2,0,0,16,32,14
18,1,18,20.3,0,0,5,20,1
23,3,23,19.6,0,1,18,34,11
21,4,21,18.9,0,0,0,3,6
14,6,14,24.6,0,0,0,7,6
13,1,13,26.5,0,1,0,11,6
8,0,8,7.1,0,0,36,19,3
16,5,16,12.5,0,0,0,29,6
15,6,15,11.2,0,0,0,24,5
7,2,7,16.9,0,1,0,8,5
0,2,0,10.8,0,0,0,35,7
14,1,14,26.4,0,1,6,18,8
9,0,9,16.6,0,0,0,3,6
5,1,5,17.0,0,0,4,29,1
7,2,7,15.2,0,1,0,29,5
5,3,5,17.0,0,0,4,18,1
11,2,11,10.5,0,0,0,20,6
10,2,10,22.6,0,0,0,13,5
4,5,4,11.3,0,0,0,5,6
5,0,5,11.8,0,0,4,4,4
8,1,8,18.7,0,0,0,29,5
8,1,8,15.4,0,1,0,29,6
19,1,19,25.9,0,0,0,18,5
19,5,19,23.3,0,1,5,18,1
12,0,12,18.1,0,0,0,12,6
20,0,20,14.3,0,0,21,3,5
5,2,5,8.6,0,0,0,31,6
10,4,10,14.8,0,0,5,10,1
9,6,9,14.9,0,0,0,17,5
16,4,16,15.7,0,0,0,7,6
13,6,13,27.6,0,1,12,27,0
21,3,21,14.9,0,0,13,6,6
5,4,5,0.9,0,0,4,6,5
8,3,8,13.6,0,1,0,4,5
22,6,22,12.6,0,0,20,6,15
8,2,8,9.3,0,0,22,19,15
15,0,15,11.8,0,0,0,20,6
23,4,23,21.4,0,0,10,38,10
20,6,20,15.7,0,0,21,3,5
15,2,15,11.7,0,0,5,14,1
13,0,13,19.4,0,1,13,6,5
9,5,9,4.2,0,0,5,12,4
12,0,12,15.7,0,0,0,18,5
10,5,10,8.6,0,0,5,24,1
7,6,7,-0.4,0,0,29,3,30
20,2,20,23.5,0,0,4,9,1
17,6,17,29.3,0,1,0,6,0
15,4,15,18.9,0,0,0,44,6
21,4,21,19.9,0,0,0,26,6
12,0,12,23.1,0,0,0,5,5
9,5,9,17.7,0,0,0,15,7
23,4,23,9.1,0,0,0,35,0
10,4,10,6.8,0,0,0,20,6
12,3,12,14.6,0,0,0,29,6
12,6,12,12.1,0,0,0,41,5
4,0,4,8.4,0,0,0,31,6
11,3,11,12.4,0,0,0,89,7
13,0,13,7.8,0,0,4,9,5
2,0,2,15.6,0,0,0,0,0
4,0,4,17.3,0,0,0,31,6
16,0,16,8.2,0,0,5,20,1
6,6,6,15.4,0,1,0,10,6
4,0,4,3.3,0,0,0,31,6
17,0,17,14.5,0,0,5,23,4
11,0,11,21.4,0,0,0,9,5
5,4,5,5.5,0,0,21,3,5
22,2,22,15.4,0,0,15,19,13
11,1,11,11.4,0,0,5,10,1
0,0,0,15.7,0,0,16,32,14
7,4,7,12.5,0,0,0,83,5
10,0,10,23.5,0,1,0,8,6
13,6,13,25.8,0,1,5,7,5
16,6,16,10.8,0,0,0,5,6
14,3,14,33.3,0,1,6,18,8
4,3,4,0.9,0,0,0,8,6
20,0,20,25.6,0,1,0,10,6
12,2,12,18.4,0,0,0,12,6
10,6,10,5.8,0,0,0,61,0
21,0,21,19.4,0,0,26,58,7
23,0,23,16.0,0,1,19,15,0
8,6,8,13.9,0,0,0,18,5
4,0,4,11.8,0,0,0,13,6
18,0,18,27.1,0,0,13,5,1
9,5,9,16.4,0,0,0,30,5
23,6,23,14.0,0,0,6,18,8
11,1,11,12.9,0,0,0,16,0
8,1,8,8.3,0,0,22,19,15
11,3,11,20.8,0,1,6,18,8
20,1,20,13.4,0,0,0,10,5
8,3,8,3.3,0,0,5,10,1
5,6,5,5.7,0,0,4,23,5
6,0,6,2.6,0,0,4,18,5
17,2,17,13.6,0,0,21,3,0
20,4,20,6.8,0,0,0,3,5
0,6,0,5.9,0,0,2,2,8
13,2,13,9.3,0,0,0,10,6
10,5,10,10.2,0,0,0,29,6
12,4,12,14.9,0,0,0,9,6
17,0,17,27.3,0,1,0,30,5
14,6,14,11.2,0,0,0,9,6
1,0,1,16.0,0,0,0,0,0
21,6,21,20.8,0,1,0,7,5
16,3,16,30.1,0,1,0,4,5
15,1,15,14.9,0,0,4,9,1
16,5,16,17.0,0,0,0,12,6
21,4,21,8.6,0,0,0,29,6
23,4,23,19.8,0,0,18,34,11
2,6,2,8.3,0,0,2,2,2
8,5,8,-0.9,0,0,0,69,0
1,4,1,11.4,0,0,8,19,10
7,6,7,13.5,0,1,0,12,5
11,4,11,11.7,0,0,0,19,0
15,1,15,18.4,0,0,0,13,6
20,4,20,25.8,0,1,0,6,5
4,3,4,1.1,0,0,0,10,6
23,5,23,13.2,0,0,0,36,0
4,5,4,3.3,0,0,5,5,4
12,3,12,30.9,0,1,0,11,6
21,3,21,8.3,0,0,10,38,10
19,2,19,12.3,0,0,4,10,5
13,3,13,29.8,0,0,28,7,0
9,0,9,17.5,0,1,0,3,5
5,3,5,9.5,0,0,5,5,4
15,4,15,17.6,0,0,13,6,6
8,0,8,10.7,0,0,0,6,0
15,2,15,27.6,0,0,0,5,6
12,0,12,20.0,1,0,0,24,5
23,2,23,13.3,0,0,15,37,7
11,1,11,16.7,0,0,0,20,6
8,3,8,11.2,0,0,20,7,15
6,5,6,3.6,0,0,4,9,1
14,0,14,25.7,0,0,0,6,6
7,1,7,11.5,0,0,0,29,6
14,6,14,17.4,0,0,0,10,6
18,0,18,29.5,0,0,5,23,4
12,0,12,16.8,0,0,9,21,11
9,2,9,17.5,0,0,5,29,1
8,2,8,16.6,0,0,0,24,5
14,5,14,24.9,0,1,12,27,0
6,3,6,0.5,0,0,4,9,4
17,2,17,26.0,0,0,4,5,4
8,5,8,6.7,0,0,13,5,6
17,2,17,28.1,0,0,0,9,6
15,6,15,22.6,0,0,6,30,19
9,2,9,13.7,0,1,0,17,5
10,3,10,18.4,0,0,6,18,8
9,0,9,16.5,0,0,0,16,7
11,6,11,13.1,0,0,0,13,6
14,1,14,16.6,0,0,52,40,57
11,2,11,16.8,0,1,0,12,6
22,0,22,11.2,0,0,10,22,11
19,0,19,15.1,0,0,13,6,4
14,1,14,16.6,0,0,20,63,15
5,4,5,0.7,0,0,0,5,6
1,6,1,8.9,0,0,0,1,5
18,5,18,8.5,0,0,4,13,1
3,6,3,6.1,0,0,14,19,12
13,0,13,20.8,0,0,0,24,5
5,6,5,12.7,0,0,5,5,4
10,3,10,15.3,0,0,53,25,31
2,4,2,11.1,0,0,13,6,6
15,5,15,21.1,0,0,0,31,6
19,6,19,26.4,0,1,5,18,5
11,0,11,8.0,0,0,13,6,6
11,2,11,14.3,0,0,28,7,0
18,2,18,27.4,0,1,13,6,6
5,1,5,9.2,0,0,0,13,6
13,1,13,27.3,0,1,0,12,6
12,3,12,24.8,0,1,28,7,0
12,6,12,24.8,0,0,5,5,1
19,6,19,8.4,0,0,0,10,6
6,6,6,13.4,0,1,5,7,5
7,6,7,11.5,0,0,0,8,6
4,4,4,5.8,0,0,3,3,3
1,3,1,18.1,0,0,0,0,0
5,0,5,8.4,0,0,2,2,8
10,4,10,12.2,0,0,0,29,6
16,6,16,27.6,0,0,0,25,6
12,3,12,22.0,0,0,5,10,1
16,5,16,30.2,0,0,0,7,5
10,6,10,7.5,0,0,4,10,4
20,0,20,11.3,0,0,0,29,6
1,4,1,11.4,0,0,0,1,10
4,1,4,10.2,0,0,0,31,6
5,2,5,3.7,0,0,4,6,4
11,1,11,13.0,0,0,0,16,0
18,3,18,17.1,0,0,0,12,6
20,6,20,10.8,0,0,4,9,4
8,1,8,1.7,0,0,0,29,6
21,1,21,21.1,0,0,26,58,7
12,1,12,25.4,0,1,0,6,5
9,6,9,9.5,0,0,5,10,4
12,1,12,14.2,0,0,5,48,4
16,6,16,18.8,0,0,0,20,6
13,6,13,13.3,0,0,0,3,6
18,6,18,25.5,0,0,0,20,6
8,5,8,2.6,0,0,0,11,6
1,0,1,12.5,0,0,16,32,14
22,0,22,10.2,0,0,0,8,6
10,5,10,11.3,0,0,0,25,6
23,6,23,15.9,0,0,18,34,11
14,3,14,17.3,0,0,25,51,22
10,2,10,9.8,0,0,0,23,5
11,6,11,22.3,0,1,0,29,6
8,2,8,9.3,0,0,0,18,5
8,0,8,18.4,0,1,0,25,6
10,0,10,16.0,0,0,0,9,5
11,6,11,18.1,0,0,0,24,5
10,3,10,9.5,0,0,0,29,6
13,5,13,31.4,0,1,5,7,5
16,5,16,16.6,0,0,0,18,5
8,1,8,7.7,0,0,0,4,5
8,0,8,10.2,0,0,0,25,6
6,2,6,9.7,0,0,13,6,5
23,2,23,8.0,0,0,0,26,5
22,1,22,4.6,0,0,5,29,4
6,0,6,14.4,0,0,21,3,5
7,6,7,7.5,0,0,0,3,5
5,6,5,6.9,0,0,4,6,5
1,6,1,3.5,0,0,2,2,8
7,3,7,14.9,0,0,0,41,5
22,4,22,7.7,0,0,6,7,8
14,3,14,14.8,0,0,8,19,10
13,2,13,15.6,0,0,12,27,0
9,3,9,7.1,0,0,28,7,0
11,3,11,17.1,0,0,0,12,6
4,0,4,13.3,0,0,0,31,6
13,1,13,28.9,0,0,20,75,15
15,2,15,17.2,0,1,13,4,6
13,6,13,30.1,0,1,0,23,5
10,3,10,16.1,0,0,0,30,5
11,4,11,13.3,0,0,0,19,0
17,0,17,23.0,0,0,0,31,6
7,0,7,14.5,0,1,4,9,4
19,3,19,23.7,0,1,0,10,6
4,2,4,14.3,0,0,0,8,6
2,5,2,16.6,0,0,0,27,0
6,4,6,5.2,0,0,0,13,5
4,2,4,4.2,0,0,20,19,15
16,1,16,20.6,0,0,13,6,4
17,6,17,18.7,0,0,0,13,5
19,0,19,15.2,0,0,0,20,5
3,1,3,15.3,0,0,0,19,7
7,6,7,5.9,0,0,0,7,6
12,5,12,26.8,0,1,0,5,6
13,3,13,20.6,0,0,0,9,6
16,2,16,29.5,0,1,0,7,5
7,5,7,9.8,0,1,0,7,5
10,0,10,24.7,0,1,0,16,0
18,5,18,27.2,0,0,5,23,4
11,3,11,27.5,0,0,0,9,5
21,2,21,9.0,0,0,5,10,1
23,0,23,15.3,0,0,13,6,5
21,0,21,8.6,0,0,18,34,11
10,0,10,22.7,0,1,0,12,6
4,4,4,9.9,0,0,0,0,6
14,3,14,12.5,0,0,0,3,5
15,6,15,18.6,0,0,5,30,1
13,3,13,30.8,0,1,5,7,5
7,5,7,10.3,0,0,14,63,16
7,5,7,8.6,0,0,0,12,5
7,0,7,11.2,0,1,0,13,5
10,2,10,6.3,0,0,20,19,15
22,1,22,13.4,0,0,10,38,10
0,6,0,16.6,0,0,0,35,0
6,1,6,0.4,0,0,4,9,1
19,1,19,21.6,0,0,0,20,5
8,5,8,19.3,0,0,0,3,10
20,2,20,14.5,0,0,5,3,1
17,6,17,19.5,0,0,21,3,0
23,6,23,14.6,0,0,18,34,11
6,0,6,11.3,0,1,21,3,5
17,5,17,31.2,0,1,0,30,5
21,2,21,14.0,0,0,18,34,11
16,4,16,27.9,0,1,0,12,5
12,2,12,27.5,0,0,6,18,8
5,3,5,8.6,0,0,4,4,4
21,4,21,18.7,0,1,5,10,1
15,3,15,19.4,0,0,25,51,22
22,2,22,11.5,1,2,0,8,6
0,6,0,15.1,0,0,0,1,10
7,0,7,14.4,0,1,4,9,4
15,4,15,15.2,0,1,0,49,6
0,5,0,17.7,0,0,0,1,7
17,2,17,29.4,0,1,0,30,5
3,4,3,13.0,0,0,14,19,16
16,4,16,11.8,0,0,5,5,4
8,2,8,4.7,0,0,21,3,5
13,6,13,14.4,0,0,0,12,5
23,0,23,8.8,0,0,0,35,7
8,0,8,3.8,0,0,4,9,1
18,6,18,19.3,0,0,13,6,6
1,0,1,6.9,0,0,0,0,0
14,4,14,27.3,0,0,0,10,6
6,3,6,4.2,0,0,0,29,6
4,0,4,6.5,0,0,0,31,6
7,4,7,14.9,0,1,0,7,6
6,1,6,7.8,0,0,0,31,6
20,3,20,9.8,0,0,0,7,6
20,0,20,25.8,0,1,0,7,5
8,4,8,11.0,0,0,0,12,6
14,3,14,26.3,0,0,0,25,5
20,6,20,17.4,0,0,20,19,15
13,2,13,31.5,0,1,20,19,15
6,6,6,12.0,0,1,13,6,6
11,3,11,20.2,0,0,0,25,5
5,3,5,12.8,0,0,0,10,5
15,0,15,15.8,0,0,0,25,6
11,2,11,14.9,0,1,0,6,0
21,4,21,7.4,1,2,13,6,4
9,0,9,11.0,0,0,14,19,16
19,2,19,10.9,0,0,0,22,0
8,0,8,4.4,0,0,0,18,5
4,3,4,14.1,0,0,0,13,6
12,5,12,14.2,0,0,0,18,5
22,3,22,15.9,0,0,0,8,6
9,2,9,15.9,0,0,5,14,1
5,4,5,14.5,0,0,0,26,6
16,4,16,35.0,0,1,0,5,6
14,1,14,11.6,1,2,4,29,1
6,6,6,13.6,0,1,0,29,6
1,2,1,11.5,0,0,5,7,4
16,3,16,18.0,0,0,0,14,5
14,6,14,26.9,0,0,0,12,6
22,2,22,13.7,0,0,0,3,5
16,2,16,30.1,0,1,0,8,5
5,5,5,5.1,0,0,0,9,6
7,5,7,1.3,0,0,0,12,6
13,6,13,13.9,0,0,4,5,5
6,4,6,13.3,0,0,4,23,5
17,0,17,29.9,0,1,13,6,5
11,2,11,7.3,0,0,0,8,6
16,1,16,30.3,0,0,0,29,5
8,6,8,9.6,0,0,0,3,5
15,0,15,23.5,0,1,0,11,5
11,2,11,12.3,0,0,5,14,1
8,4,8,11.5,0,1,0,4,5
4,2,4,13.6,0,0,0,31,6
5,1,5,14.2,0,0,0,9,5
5,0,5,8.7,0,0,0,9,5
22,5,22,17.2,0,1,16,32,14
15,0,15,26.8,0,0,4,23,4
5,3,5,8.6,0,0,4,6,4
14,4,14,22.9,0,0,0,13,6
23,4,23,13.1,0,0,0,35,7
7,5,7,6.6,0,0,5,25,4
11,4,11,12.5,0,0,0,8,6
16,6,16,16.5,0,0,4,9,1
11,1,11,26.6,0,1,0,12,6
16,1,16,29.6,0,0,0,29,5
11,5,11,8.6,0,0,10,22,11
18,1,18,21.9,0,0,5,23,4
10,0,10,7.2,0,0,4,29,1
12,1,12,20.2,0,0,0,29,6
8,3,8,8.7,0,0,0,16,0
16,2,16,28.6,0,1,0,12,6
19,6,19,9.8,0,0,5,30,4
16,0,16,27.8,0,0,0,31,6
12,3,12,25.0,0,0,6,30,19
13,5,13,15.3,0,0,0,9,5
15,2,15,21.3,0,0,0,44,6
8,4,8,8.7,0,0,0,4,5
13,4,13,23.5,0,1,0,24,5
7,4,7,12.2,0,0,0,7,5
23,5,23,3.5,0,0,0,35,0
12,6,12,13.8,0,0,5,14,1
8,4,8,5.5,0,0,22,19,15
11,6,11,20.4,0,0,0,29,6
20,5,20,21.9,0,0,0,31,5
16,5,16,30.2,0,0,0,22,0
15,0,15,18.4,0,0,13,4,5
11,1,11,14.8,0,0,0,31,6
9,3,9,3.6,0,0,0,4,5
7,2,7,15.2,0,1,0,10,6
10,0,10,21.2,0,0,20,19,15
7,6,7,8.7,0,0,4,13,1
12,4,12,21.2,0,0,0,5,5
6,0,6,7.6,0,0,0,29,6
14,1,14,11.6,0,0,4,6,4
15,3,15,10.7,0,0,5,29,4
20,4,20,32.3,0,1,5,18,5
23,3,23,13.4,0,0,0,8,6
16,0,16,18.7,0,0,0,13,6
7,0,7,13.3,0,1,0,9,5
12,6,12,13.8,0,0,20,19,15
13,3,13,21.1,0,0,4,10,1
14,5,14,21.6,0,0,4,6,4
13,0,13,17.8,0,0,0,31,6
10,4,10,12.8,0,0,28,7,0
17,6,17,18.7,0,0,0,10,6
5,1,5,18.2,0,0,4,1,1
18,1,18,8.0,0,0,0,10,5
20,2,20,6.1,0,0,0,7,5
19,2,19,10.6,0,0,0,9,6
9,5,9,21.1,0,1,0,41,5
15,5,15,19.8,0,0,13,4,5
8,4,8,5.1,0,0,0,11,6
20,1,20,23.8,0,1,0,6,5
23,4,23,19.3,0,1,10,38,10
1,4,1,14.3,0,0,0,46,0
1,3,1,11.9,0,0,16,32,14
2,2,2,11.5,0,0,0,0,0
9,0,9,18.0,0,1,21,3,5
19,3,19,20.4,0,0,0,48,5
5,4,5,13.1,0,0,4,4,4
15,5,15,20.3,0,1,0,49,6
1,5,1,6.6,1,2,5,18,1
13,6,13,15.5,0,0,5,7,1
8,5,8,6.2,0,0,21,3,5
8,3,8,19.0,0,1,0,18,5
9,6,9,11.7,0,0,0,18,5
22,3,22,17.1,0,0,13,6,4
1,2,1,12.6,0,0,2,2,8
0,3,0,5.4,0,0,16,32,14
22,1,22,15.0,0,0,15,19,13
18,6,18,10.3,0,0,5,20,1
18,5,18,8.9,0,0,0,25,5
11,1,11,18.0,0,0,4,54,1
14,6,14,14.6,0,0,0,48,6
9,0,9,13.8,0,1,4,4,1
10,0,10,21.8,0,1,0,12,6
8,4,8,15.9,0,0,0,13,5
9,4,9,14.0,0,1,4,4,4
7,6,7,0.2,0,0,21,3,5
12,4,12,23.6,0,0,9,21,11
7,5,7,12.9,0,1,13,6,6
13,0,13,28.3,0,0,14,19,15
13,0,13,27.3,0,1,0,29,5
8,2,8,2.9,0,0,0,3,5
17,4,17,20.0,0,0,4,45,1
7,6,7,9.6,0,0,0,11,5
13,4,13,10.5,0,0,5,7,1
18,0,18,15.8,0,1,4,18,5
13,2,13,28.8,0,0,0,13,5
10,4,10,21.0,0,1,6,18,8
9,1,9,17.5,0,1,26,58,0
6,3,6,8.5,0,0,1,1,7
16,3,16,29.3,0,1,5,5,5
22,0,22,9.3,0,0,10,22,11
12,2,12,23.6,0,1,9,21,13
8,0,8,20.8,0,1,5,10,1
5,6,5,13.7,0,0,5,5,5
23,2,23,18.4,0,0,10,38,10
14,6,14,27.9,0,1,0,23,5
20,6,20,21.1,0,0,0,10,6
8,4,8,11.1,0,0,22,19,15
4,6,4,6.5,0,0,5,4,1
5,1,5,8.0,0,0,4,13,1
11,3,11,10.2,0,0,0,10,6
23,1,23,9.5,0,0,20,3,15
8,1,8,9.7,0,0,0,11,6
14,3,14,19.9,1,2,0,0,0
15,2,15,21.4,0,0,0,3,6
9,6,9,8.1,0,0,20,19,15
8,1,8,7.1,0,0,6,18,8
15,5,15,30.8,0,1,0,44,5
16,0,16,15.7,0,0,4,13,4
1,2,1,9.6,0,0,6,7,19
15,3,15,13.8,0,0,0,31,6
23,6,23,15.2,0,0,18,34,11
8,6,8,8.6,0,0,0,14,5
12,2,12,9.0,0,0,0,20,6
10,4,10,7.1,0,0,0,23,5
12,6,12,28.2,0,1,0,29,5
18,2,18,9.1,0,0,0,20,6
23,6,23,9.1,0,0,5,6,1
15,3,15,17.6,0,0,13,99,4
21,0,21,12.0,0,0,4,18,1
8,2,8,8.9,0,0,0,4,5
23,2,23,19.8,0,1,10,38,10
5,2,5,12.3,0,0,0,3,5
22,0,22,8.8,0,0,10,22,11
23,4,23,7.0,1,2,0,3,5
13,1,13,18.3,0,0,0,18,5
8,5,8,11.2,0,0,0,13,6
8,1,8,9.7,0,0,5,10,1
21,6,21,10.6,0,0,5,3,4
11,3,11,11.8,0,0,0,16,0
9,6,9,19.8,0,1,21,3,5
7,4,7,9.1,0,1,0,14,5
12,6,12,12.5,0,0,0,18,5
15,1,15,11.7,0,0,5,12,1
10,6,10,22.1,0,1,0,30,5
4,3,4,9.6,0,0,0,5,6
4,3,4,14.2,0,0,0,31,6
23,1,23,19.6,0,1,19,15,0
4,0,4,11.8,0,0,0,9,6
13,2,13,33.2,0,1,0,48,6
19,2,19,19.4,0,0,0,18,5
8,1,8,17.4,0,0,0,3,7
14,3,14,21.5,0,0,0,20,6
8,1,8,4.3,0,0,0,11,6
12,6,12,13.2,0,0,0,18,5
13,2,13,10.2,0,0,0,3,5
12,0,12,25.9,0,0,0,6,7
13,5,13,25.3,0,0,10,22,11
4,3,4,14.3,0,0,0,31,6
4,6,4,10.2,0,0,0,13,5
13,6,13,31.5,0,0,0,20,5
9,4,9,12.6,0,0,21,3,5
10,4,10,20.9,0,1,0,29,6
16,1,16,12.3,0,0,0,5,6
2,1,2,4.5,0,0,2,2,2
14,3,14,25.9,0,0,25,51,22
13,0,13,11.9,0,0,0,3,5
5,1,5,17.9,0,0,4,5,5
14,3,14,24.9,0,0,0,20,6
15,5,15,21.1,0,0,0,5,6
10,5,10,21.4,0,0,5,10,4
7,4,7,10.8,0,1,0,10,5
4,4,4,13.6,0,0,0,10,5
4,6,4,15.8,0,0,0,23,5
15,1,15,32.6,0,1,0,44,5
13,1,13,27.6,0,1,0,20,6
5,0,5,10.4,0,0,4,31,4
8,5,8,5.9,0,0,0,69,0
17,6,17,16.0,0,0,5,12,1
7,3,7,6.4,0,0,4,9,1
1,0,1,11.5,0,0,0,1,7
18,4,18,29.5,0,0,0,12,6
14,3,14,23.3,0,0,20,7,15
14,1,14,10.7,0,0,13,6,6
22,3,22,17.8,0,0,10,38,10
16,2,16,34.4,0,0,0,13,5
21,3,21,10.4,0,0,4,9,4
12,1,12,10.6,0,0,0,12,6
1,0,1,16.1,0,0,20,19,15
23,5,23,17.5,0,1,17,33,15
17,2,17,27.3,0,1,0,28,5
4,3,4,12.8,0,0,0,26,6
8,1,8,10.6,0,1,4,13,4
0,3,0,7.4,0,0,5,6,1
6,4,6,14.2,0,0,1,56,14
8,5,8,19.1,0,0,4,20,4
14,1,14,11.6,1,2,13,6,6
4,4,4,1.2,0,0,0,8,5
4,0,4,11.7,0,0,0,5,6
14,0,14,22.0,0,0,0,41,5
11,3,11,19.0,0,1,0,9,6
3,3,3,14.5,0,0,2,2,2
10,2,10,8.3,0,0,5,14,1
8,5,8,-0.9,0,0,0,20,6
10,0,10,21.2,0,0,8,19,10
6,2,6,4.1,0,0,0,9,6
5,1,5,10.7,0,0,0,8,6
5,2,5,12.6,0,0,2,2,8
0,0,0,16.2,0,0,0,19,0
17,1,17,28.8,0,1,13,6,6
17,1,17,29.3,0,1,0,31,5
18,0,18,18.9,0,0,0,29,6
10,4,10,9.0,0,0,5,10,1
13,5,13,29.6,0,1,0,8,6
12,6,12,13.7,0,0,5,10,1
15,4,15,27.8,0,0,4,10,1
14,1,14,26.1,0,0,14,19,16
4,4,4,7.0,0,0,0,8,6
21,1,21,21.2,0,1,21,3,5
12,1,12,16.0,0,0,4,54,1
21,3,21,14.7,0,0,0,26,6
22,1,22,11.1,0,0,58,1,5
7,6,7,19.4,0,0,0,83,5
18,1,18,12.9,0,0,13,5,4
22,3,22,10.9,0,0,16,32,14
3,0,3,6.2,0,0,3,3,3
10,4,10,19.8,0,0,30,19,15
6,4,6,13.5,0,1,21,3,14
7,2,7,14.9,0,1,0,11,6
16,1,16,20.7,0,0,0,7,6
17,3,17,13.7,0,0,0,31,6
16,6,16,23.4,0,0,0,1,7
0,0,0,11.3,0,0,4,29,1
18,4,18,10.8,0,0,4,9,1
5,3,5,14.1,0,0,4,23,5
23,0,23,8.8,0,0,5,6,1
10,0,10,20.6,0,1,0,12,6
22,5,22,17.6,0,1,15,19,7
18,2,18,22.7,0,0,0,25,6
7,0,7,9.3,0,0,0,29,6
11,6,11,23.6,0,0,0,29,6
18,3,18,24.3,0,0,0,12,5
12,6,12,24.4,0,0,0,5,5
23,2,23,6.6,0,0,0,15,7
14,1,14,12.0,0,0,0,6,6
20,3,20,27.4,0,1,20,19,15
0,0,0,11.3,0,0,1,1,1
7,4,7,0.5,0,0,4,18,5
14,4,14,29.6,0,1,0,3,5
11,5,11,15.8,0,0,0,9,6
2,5,2,16.4,0,0,1,1,1
7,4,7,0.7,0,0,22,19,15
4,3,4,14.3,0,0,7,10,20
16,6,16,29.4,0,1,5,5,5
12,4,12,13.0,0,0,0,12,6
6,6,6,13.9,0,1,4,3,4
3,2,3,12.5,0,0,2,2,2
18,2,18,13.3,0,0,13,6,4
10,4,10,9.4,0,0,0,30,5
12,0,12,23.1,0,0,0,12,6
17,4,17,19.9,0,0,0,1,7
11,2,11,8.6,0,0,0,12,6
13,1,13,28.5,0,1,10,22,11
6,3,6,14.8,0,1,5,7,5
12,3,12,12.8,0,0,0,29,5
8,4,8,11.9,0,0,14,19,12
1,5,1,8.1,0,0,14,19,12
7,6,7,12.6,0,0,0,7,5
18,0,18,26.5,0,1,14,19,12
12,2,12,10.9,0,0,5,10,4
23,3,23,20.6,0,0,0,10,6
12,0,12,23.1,0,0,5,41,1
3,0,3,10.3,0,0,1,39,1
10,6,10,26.6,0,0,0,23,5
16,3,16,17.8,0,0,0,5,6
12,5,12,28.3,0,0,9,21,11
15,1,15,28.6,0,1,4,31,4
11,2,11,17.7,0,1,0,10,6
7,6,7,16.3,0,0,0,20,6
8,5,8,16.6,0,0,0,4,5
15,2,15,10.9,0,0,21,71,5
6,1,6,7.9,0,0,1,1,7
15,5,15,13.7,0,0,13,4,5
10,6,10,23.9,0,1,0,12,6
8,4,8,1.2,0,0,0,12,5
16,3,16,27.5,0,0,0,5,0
19,2,19,8.2,0,0,0,22,0
13,0,13,21.8,0,0,2,2,2
18,4,18,26.3,0,0,11,60,3
18,1,18,15.6,0,0,0,31,6
8,1,8,12.4,0,0,0,25,6
11,5,11,14.0,0,0,5,14,1
18,4,18,12.1,0,0,0,20,5
19,2,19,8.9,0,0,5,18,4
0,5,0,18.2,0,0,0,36,0
23,0,23,15.0,0,0,10,22,11
14,3,14,13.3,0,0,13,99,5
16,0,16,15.7,0,0,4,64,4
16,5,16,29.2,0,1,0,8,6
17,6,17,14.4,0,0,4,45,1
22,2,22,22.2,0,1,17,33,15
23,2,23,6.3,0,0,0,19,0
6,5,6,8.4,0,0,13,6,6
7,2,7,1.7,0,0,0,7,6
1,1,1,13.1,0,0,0,1,5
11,3,11,12.5,0,0,5,24,1
6,5,6,9.3,0,0,0,13,5
7,6,7,9.2,0,0,0,25,6
11,5,11,18.4,0,0,20,19,15
11,3,11,13.7,0,0,0,6,0
21,2,21,21.1,0,1,0,7,5
0,0,0,13.7,0,0,7,29,24
22,4,22,8.0,0,0,0,8,6
11,3,11,19.2,0,0,0,24,5
15,5,15,25.8,0,0,1,1,1
13,6,13,28.7,0,1,0,12,5
3,4,3,16.2,0,0,24,7,15
2,4,2,5.7,0,0,0,7,5
23,4,23,9.0,0,0,0,35,7
14,4,14,16.2,0,0,4,6,4
16,2,16,11.9,0,0,0,1,7
12,3,12,13.7,0,0,0,29,5
9,5,9,20.2,0,1,0,41,5
22,4,22,14.8,0,0,8,19,35
21,4,21,8.5,0,0,0,10,6
16,5,16,30.3,0,1,0,14,5
12,5,12,24.2,0,0,4,18,1
1,4,1,18.9,0,0,0,0,0
23,5,23,19.9,0,1,18,34,11
15,2,15,18.6,0,0,0,13,6
10,2,10,16.3,0,1,0,8,5
15,5,15,15.1,0,0,13,4,5
12,1,12,14.6,0,0,0,13,6
17,4,17,21.4,0,0,21,3,5
23,3,23,17.4,0,0,7,8,18
7,1,7,10.1,0,1,4,18,5
8,2,8,14.7,0,1,0,4,5
16,6,16,32.3,0,0,14,19,16
0,4,0,8.7,0,0,1,1,1
11,0,11,10.0,0,0,0,19,7
3,3,3,14.6,0,0,14,19,12
19,4,19,26.3,0,0,20,19,15
3,2,3,12.5,0,0,2,2,2
6,4,6,16.4,0,0,4,29,1
1,2,1,12.1,0,0,2,2,8
12,5,12,21.7,0,1,0,6,5
4,0,4,11.7,0,0,1,1,1
13,5,13,27.9,0,1,10,22,11
7,0,7,3.9,0,0,0,29,6
12,6,12,13.3,0,0,2,2,2
20,6,20,23.8,0,1,4,10,5
12,3,12,26.4,0,1,0,6,5
9,5,9,20.2,0,0,0,14,5
2,4,2,12.8,0,0,0,46,0
13,6,13,9.8,0,0,0,9,6
6,1,6,10.9,0,0,0,29,6
15,6,15,16.5,0,0,4,13,1
4,6,4,10.6,0,0,5,5,4
4,6,4,18.6,0,0,0,31,6
15,6,15,28.8,0,1,0,5,5
11,5,11,8.6,0,0,5,20,1
19,4,19,25.8,0,1,13,6,6
11,3,11,13.6,0,0,0,9,6
16,2,16,21.0,0,0,0,14,5
8,0,8,8.6,0,0,4,9,5
21,4,21,20.1,0,0,0,31,5
13,6,13,19.9,0,0,0,9,6
0,0,0,18.2,0,0,6,18,27
6,3,6,1.9,0,0,4,5,5
14,5,14,24.6,0,1,20,19,15
17,0,17,15.8,0,0,4,31,4
9,2,9,16.2,0,0,0,16,7
12,3,12,22.9,0,0,20,19,15
11,6,11,27.2,0,0,0,8,6
19,2,19,25.7,0,0,5,26,4
22,1,22,9.6,1,2,0,18,5
7,2,7,11.6,0,0,5,10,4
5,1,5,5.1,0,0,13,6,4
6,5,6,1.8,0,0,21,3,14
23,4,23,20.9,0,1,18,34,11
7,0,7,7.4,0,0,0,9,5
16,3,16,24.7,0,1,0,7,6
5,2,5,11.0,0,0,4,9,4
15,1,15,18.3,0,0,0,13,5
8,6,8,6.6,0,0,29,3,30
4,3,4,4.0,0,0,0,26,6
10,6,10,19.4,0,0,0,20,6
5,1,5,5.1,0,0,21,3,5
1,0,1,8.8,0,0,0,46,0
5,6,5,15.3,0,0,4,4,4
8,5,8,6.7,0,0,0,6,6
10,2,10,11.5,0,0,0,8,6
5,0,5,12.7,0,0,0,13,6
14,6,14,18.5,0,0,5,6,1
4,3,4,11.8,0,0,0,8,6
14,1,14,20.1,0,0,4,31,1
9,5,9,19.9,0,0,0,6,6
8,4,8,6.9,0,0,0,13,6
8,3,8,7.4,0,0,21,3,5
23,4,23,6.6,1,2,5,3,1
21,5,21,13.0,0,0,15,19,7
0,2,0,9.4,0,0,1,1,14
0,6,0,14.9,0,0,5,6,1
20,3,20,19.7,0,0,0,8,5
6,2,6,9.6,0,0,0,6,7
16,3,16,27.9,0,0,0,14,5
20,1,20,7.1,0,0,0,26,6
9,6,9,16.8,0,0,0,16,0
15,3,15,13.5,0,0,0,5,6
13,1,13,16.4,0,0,5,23,1
22,4,22,5.4,0,0,6,7,17
18,0,18,27.6,0,1,0,29,6
8,6,8,15.8,0,1,5,11,4
8,6,8,6.6,0,0,5,10,1
4,6,4,12.0,0,0,0,5,5
10,6,10,23.1,0,1,0,12,5
4,0,4,3.3,0,0,0,26,6
13,4,13,23.9,0,0,5,10,1
2,6,2,13.3,0,0,0,27,0
8,0,8,19.4,0,1,0,5,6
1,4,1,11.5,0,0,2,2,8
11,1,11,13.3,0,0,0,29,6
15,3,15,27.4,0,0,0,31,5
13,0,13,27.5,0,1,0,12,5
14,0,14,16.4,0,0,0,6,6
11,1,11,13.4,0,0,0,6,6
5,2,5,5.8,0,0,5,5,4
9,0,9,12.1,0,0,0,16,0
7,6,7,14.9,0,0,8,1,10
17,1,17,10.7,1,2,4,13,4
7,6,7,15.2,0,1,0,7,5
18,0,18,27.1,0,0,4,9,4
8,2,8,7.3,0,0,22,19,15
6,3,6,1.9,0,0,13,6,6
5,0,5,7.7,0,0,4,13,1
8,4,8,1.2,0,0,21,3,5
11,2,11,8.7,0,0,10,22,11
5,6,5,4.2,0,0,0,13,6
6,6,6,11.6,0,1,0,10,5
18,2,18,22.9,0,1,0,29,6
19,0,19,26.9,0,0,0,26,6
1,2,1,11.7,0,0,13,6,6
7,5,7,14.9,0,1,0,17,5
7,2,7,12.2,0,0,0,12,6
16,2,16,11.0,0,0,21,3,0
5,5,5,2.7,0,0,4,6,4
11,5,11,11.5,0,0,0,8,6
13,3,13,24.0,0,0,0,18,5
10,6,10,16.8,0,0,5,10,4
15,4,15,16.2,0,0,13,4,5
15,2,15,19.6,0,0,21,71,5
11,5,11,24.9,0,0,8,19,10
11,4,11,12.2,0,0,0,12,6
18,6,18,32.9,0,1,0,12,5
11,0,11,24.6,0,1,0,29,6
1,3,1,10.9,0,0,8,19,10
1,4,1,15.3,0,0,1,1,14
16,4,16,13.4,0,0,0,12,6
13,6,13,27.6,0,1,0,8,6
23,0,23,13.6,0,0,0,8,6
8,1,8,12.2,0,0,0,8,5
17,1,17,29.1,0,1,4,45,4
0,2,0,17.0,0,0,0,3,6
6,0,6,10.9,0,1,0,29,6
8,5,8,12.0,0,0,0,28,5
13,6,13,21.0,0,0,4,5,1
17,6,17,16.4,0,0,4,45,1
16,2,16,25.0,0,0,0,44,5
6,1,6,0.4,0,0,5,6,1
4,6,4,12.5,0,0,0,9,6
15,6,15,31.5,0,1,0,24,5
22,0,22,17.4,0,0,13,6,6
16,1,16,30.4,0,1,4,23,4
19,0,19,24.2,0,1,0,8,6
12,5,12,26.5,0,0,0,8,5
15,1,15,12.1,0,0,13,6,6
15,1,15,28.6,0,0,13,99,5
22,3,22,14.6,0,0,0,3,6
22,3,22,20.8,0,1,0,8,6
6,3,6,7.1,0,0,4,5,1
18,3,18,17.1,0,0,0,25,6
13,5,13,8.4,0,0,4,12,1
5,1,5,4.3,0,0,21,3,5
12,3,12,20.3,0,0,20,7,15
15,3,15,18.6,0,0,0,6,6
17,4,17,27.7,0,0,0,29,5
13,1,13,13.8,0,0,0,14,5
21,1,21,11.2,0,0,18,34,11
11,3,11,12.8,0,0,0,9,6
8,5,8,5.2,0,0,22,2,15
23,5,23,16.0,0,0,0,35,7
5,1,5,0.7,0,0,4,4,5
9,4,9,7.6,0,0,21,3,5
22,6,22,8.4,0,0,0,8,6
23,0,23,11.0,0,0,0,35,7
3,0,3,15.4,0,0,3,3,3
20,1,20,19.8,0,0,14,19,16
19,4,19,10.8,0,0,0,31,6
10,1,10,20.9,0,1,0,24,5
2,3,2,8.2,0,0,2,2,2
22,3,22,6.2,0,0,6,18,8
0,4,0,8.3,0,0,16,32,14
10,6,10,15.8,0,0,0,31,6
14,3,14,22.0,0,0,4,13,1
22,3,22,19.1,0,1,17,33,15
9,2,9,11.0,0,0,0,30,5
19,5,19,23.6,0,0,6,18,19
7,5,7,10.3,0,0,13,6,4
15,5,15,31.0,0,0,5,12,4
7,2,7,7.7,0,0,0,25,6
17,1,17,16.1,0,0,0,30,5
23,6,23,5.7,0,0,0,35,7
18,0,18,25.9,0,0,0,3,0
13,4,13,16.3,0,0,0,3,5
4,1,4,15.0,0,0,0,26,6
7,3,7,14.1,0,1,0,11,5
15,5,15,30.8,0,1,0,5,5
6,3,6,12.0,0,1,0,29,5
16,3,16,10.3,0,0,5,9,1
6,1,6,0.0,0,0,4,18,1
4,4,4,14.9,0,0,3,3,3
8,2,8,13.1,0,0,4,12,1
19,3,19,29.7,0,0,5,18,1
0,1,0,4.0,0,0,2,2,8
10,4,10,20.9,0,0,0,8,6
15,4,15,22.6,0,0,13,6,6
13,1,13,9.6,1,2,0,13,6
2,2,2,9.3,0,0,20,19,15
17,3,17,27.1,0,1,11,60,3
19,0,19,8.1,0,0,0,20,5
5,5,5,9.0,0,0,5,5,4
17,1,17,18.3,0,0,0,25,6
18,4,18,29.0,0,0,5,23,4
5,5,5,15.3,0,0,2,2,8
4,6,4,6.8,0,0,0,9,6
18,3,18,31.8,0,1,0,12,5
15,3,15,24.9,0,0,13,6,6
5,4,5,8.4,0,0,21,3,5
8,1,8,17.6,0,0,0,25,6
19,2,19,12.5,0,0,0,9,6
15,3,15,27.6,0,0,13,6,6
12,2,12,19.2,0,0,0,31,6
1,4,1,3.1,0,0,8,1,10
11,0,11,9.7,0,0,2,2,2
3,4,3,5.7,0,0,3,3,3
20,3,20,9.4,0,0,5,3,4
11,3,11,20.9,0,0,0,24,5
10,3,10,7.5,0,0,5,12,4
19,4,19,21.2,0,0,0,8,6
3,5,3,12.6,0,0,2,2,2
19,1,19,5.8,0,0,4,13,1
21,3,21,18.2,0,1,0,22,0
10,0,10,11.1,0,0,5,14,1
4,4,4,16.4,0,0,8,1,10
12,0,12,9.8,0,0,0,13,6
20,6,20,17.0,0,0,0,26,6
15,0,15,16.2,0,0,20,19,15
22,4,22,7.2,1,2,4,30,1
20,4,20,6.7,0,0,0,31,6
18,6,18,28.5,0,1,0,29,6
22,3,22,14.2,0,0,15,19,7
12,0,12,27.9,0,0,5,5,5
22,4,22,7.9,0,0,13,6,4
15,1,15,25.1,0,0,0,20,5
16,3,16,26.5,0,0,0,3,6
11,3,11,11.6,0,0,0,16,7
8,0,8,16.1,0,1,0,8,6
1,5,1,10.0,0,0,12,27,0
4,4,4,10.8,0,0,0,9,5
12,0,12,8.8,0,0,0,13,6
23,1,23,14.6,0,0,19,15,7
23,1,23,5.6,0,0,0,15,7
12,0,12,15.3,0,0,20,19,15
18,1,18,18.4,0,0,0,3,6
15,1,15,11.3,0,0,0,6,6
10,5,10,9.8,0,0,0,41,5
15,5,15,29.9,0,1,13,6,6
8,4,8,7.0,0,0,4,20,4
22,3,22,9.4,1,2,0,20,6
1,3,1,10.9,0,0,2,2,8
1,5,1,5.0,0,0,0,0,0
4,2,4,11.0,0,0,0,31,6
9,4,9,8.0,0,0,5,10,1
5,0,5,1.8,0,0,4,9,5
4,3,4,16.2,0,0,0,10,6
5,5,5,13.0,0,0,4,5,4
1,2,1,11.3,0,0,0,6,5
9,6,9,2.3,0,0,0,18,5
0,3,0,17.6,0,0,15,37,7
17,5,17,16.3,0,0,0,18,5
10,1,10,14.4,0,0,0,6,0
12,4,12,30.2,0,1,5,5,5
16,3,16,9.3,1,2,4,13,5
14,1,14,12.6,0,0,0,6,6
8,4,8,8.4,0,0,0,14,5
5,2,5,11.5,0,0,0,9,6
1,4,1,16.5,0,0,0,46,0
14,4,14,21.6,0,1,0,20,6
23,3,23,14.1,0,0,0,19,7
11,5,11,12.9,0,0,5,10,4
7,4,7,16.0,0,1,0,24,5
7,2,7,13.9,0,1,4,31,4
14,2,14,11.3,0,0,13,6,6
12,5,12,16.0,0,0,0,24,5
14,5,14,14.1,0,0,0,30,6
15,1,15,18.4,0,0,4,13,1
9,1,9,10.9,0,0,7,12,62
11,5,11,25.9,0,0,5,10,1
14,5,14,29.0,0,1,0,8,6
15,6,15,16.7,0,0,5,30,1
9,5,9,20.4,0,1,0,69,0
5,4,5,4.0,0,0,13,6,6
23,2,23,16.0,0,1,18,34,11
22,1,22,8.8,0,0,6,18,8
21,0,21,22.2,0,0,26,58,7
10,4,10,9.6,0,0,0,23,5
14,6,14,14.7,0,0,0,3,6
13,0,13,27.0,0,1,0,11,6
15,6,15,21.6,0,0,1,1,1
3,4,3,8.4,1,2,4,31,4
20,4,20,19.8,0,0,5,18,1
15,6,15,20.1,0,0,13,6,6
12,4,12,9.9,0,0,5,10,4
5,2,5,13.4,0,0,4,5,4
7,3,7,14.6,0,1,0,7,5
5,4,5,12.5,0,0,3,3,3
6,0,6,14.9,0,1,25,51,22
1,5,1,13.7,0,0,0,1,7
9,5,9,15.0,0,0,6,18,8
2,6,2,10.8,0,0,0,0,0
23,4,23,4.5,0,0,5,6,1
5,3,5,12.9,0,0,5,5,4
10,1,10,11.2,0,0,0,20,6
10,5,10,14.7,0,0,0,12,5
19,2,19,23.2,0,1,5,18,5
21,0,21,22.1,0,0,0,26,5
20,4,20,15.0,0,0,0,7,6
18,0,18,26.0,0,0,21,3,7
14,6,14,23.1,0,0,0,11,6
11,1,11,19.0,0,0,10,22,11
1,2,1,10.0,0,0,0,46,0
17,6,17,17.4,0,0,13,5,5
16,5,16,29.1,0,0,5,12,1
0,0,0,14.2,0,0,0,0,0
0,6,0,19.7,0,0,15,37,7
16,1,16,11.0,1,2,0,3,6
13,0,13,18.4,0,0,4,13,1
4,0,4,9.5,0,0,0,26,6
7,5,7,15.3,0,0,5,10,1
14,6,14,29.9,0,1,0,20,5
7,1,7,11.2,0,1,0,29,6
8,2,8,2.8,0,0,0,20,5
8,6,8,15.9,0,1,0,4,5
3,3,3,3.2,0,0,20,7,15
4,2,4,12.9,0,0,0,31,5
9,1,9,9.0,0,0,21,3,5
9,5,9,8.2,0,0,0,18,5
16,3,16,27.5,0,0,0,12,6
10,5,10,17.2,0,0,7,9,24
17,3,17,17.9,0,0,0,12,6
19,1,19,8.3,0,0,4,18,5
12,0,12,8.8,0,0,0,10,6
7,3,7,15.4,0,1,20,19,15
8,6,8,10.1,0,0,5,10,4
18,2,18,27.0,0,0,21,3,0
16,5,16,15.4,0,0,0,14,5
1,0,1,17.6,0,0,0,46,0
17,1,17,22.5,0,0,0,12,5
21,5,21,25.7,0,0,5,23,1
7,0,7,15.3,0,0,0,12,6
16,1,16,30.2,0,0,0,44,6
12,0,12,20.7,0,0,7,83,54
11,4,11,21.8,0,0,0,31,6
0,1,0,17.7,0,0,16,32,14
9,5,9,19.9,0,0,0,17,5
6,2,6,6.1,0,0,0,13,6
18,5,18,27.3,0,0,0,9,6
6,4,6,14.0,0,1,0,17,5
5,0,5,5.3,0,0,0,13,5
22,5,22,9.1,0,0,16,32,14
9,4,9,17.6,0,1,0,4,5
5,5,5,13.0,0,0,4,4,4
6,3,6,3.7,0,0,14,19,16
0,2,0,8.9,0,0,10,22,11
1,2,1,12.8,0,0,13,6,6
19,3,19,9.3,0,0,0,10,6
13,0,13,9.0,0,0,0,23,5
10,1,10,12.7,0,0,0,14,5
13,4,13,18.8,0,0,0,3,5
2,2,2,14.5,0,0,2,2,8
16,5,16,18.0,0,0,0,7,5
13,6,13,16.0,0,0,0,23,6
5,6,5,4.6,0,0,21,3,5
0,6,0,8.8,0,0,0,0,0
9,5,9,18.2,0,0,0,17,5
9,4,9,10.3,0,0,0,29,6
11,0,11,12.7,0,0,0,13,6
21,4,21,14.0,0,0,0,26,5
21,5,21,14.9,0,0,21,3,5
7,0,7,11.0,0,1,0,20,5
16,2,16,7.6,0,0,0,29,6
21,3,21,20.2,0,1,0,8,5
17,0,17,26.5,0,0,4,45,4
5,3,5,16.9,0,0,0,17,5
20,6,20,13.1,0,0,0,7,5
15,6,15,17.3,0,0,0,13,6
18,6,18,27.4,0,0,13,5,4
15,5,15,19.9,0,0,0,44,5
14,4,14,19.8,0,0,0,24,5
0,3,0,13.8,0,0,15,37,7
18,1,18,24.8,0,0,5,23,4
9,5,9,10.9,0,1,0,29,5
8,2,8,17.9,0,0,0,69,7
5,0,5,6.3,0,0,21,3,5
6,6,6,7.8,0,0,0,29,6
15,6,15,22.7,0,0,13,6,6
1,0,1,7.4,0,0,0,0,0
19,6,19,25.0,0,1,5,18,5
5,1,5,5.4,0,0,0,31,6
7,4,7,15.1,0,0,0,29,5
16,2,16,34.5,0,0,5,5,5
0,6,0,22.3,0,0,5,6,1
23,5,23,11.6,0,0,10,22,11
18,0,18,26.3,0,0,21,3,0
15,6,15,17.6,0,0,0,25,5
12,1,12,22.6,0,1,9,21,13
10,5,10,21.8,0,0,20,19,15
0,5,0,4.7,0,0,16,32,14
11,6,11,19.8,0,0,0,12,5
13,4,13,15.6,0,0,4,10,1
4,0,4,12.7,0,0,0,13,5
22,1,22,9.9,0,0,5,10,1
11,1,11,24.1,0,0,0,24,6
12,1,12,23.9,0,1,28,7,0
17,5,17,17.7,0,0,0,22,7
8,2,8,9.5,0,0,0,20,6
6,1,6,14.8,0,1,0,10,5
8,0,8,5.0,0,0,0,4,5
5,3,5,14.7,0,0,0,8,6
7,6,7,12.0,0,1,0,7,6
1,5,1,14.8,0,0,0,6,5
4,6,4,10.3,0,0,0,3,1
12,5,12,20.4,0,0,2,2,2
9,5,9,12.8,0,0,0,9,6
4,5,4,9.1,0,0,0,26,5
19,4,19,10.7,0,0,5,30,1
14,5,14,23.2,0,0,4,12,5
16,3,16,27.0,0,0,0,1,7
8,2,8,11.9,0,1,0,41,5
17,3,17,27.2,0,1,0,10,5
7,6,7,11.6,0,0,5,10,4
10,2,10,13.0,0,0,0,18,5
12,3,12,14.9,0,0,0,31,6
13,1,13,16.3,0,0,0,48,6
13,3,13,16.9,0,0,0,9,6
13,1,13,13.8,0,0,4,9,4
11,2,11,19.5,0,0,0,14,5
4,0,4,13.3,0,0,0,9,5
7,0,7,9.4,0,0,0,13,6
7,6,7,13.0,0,0,39,19,12
12,6,12,17.2,0,0,0,24,5
8,0,8,17.9,0,1,0,12,5
4,4,4,8.3,0,0,0,5,6
4,1,4,15.3,0,0,0,10,6
23,2,23,6.7,0,0,0,35,7
8,2,8,9.3,0,0,0,30,5
4,6,4,16.2,0,0,0,8,6
1,4,1,8.5,0,0,5,7,4
14,2,14,23.4,0,0,43,62,8
8,3,8,10.9,0,0,0,12,5
5,1,5,13.2,0,0,0,13,6
15,1,15,13.2,0,0,0,3,5
1,3,1,20.2,0,0,0,0,0
16,2,16,36.4,0,1,0,8,6
12,2,12,21.3,0,0,0,31,6
11,4,11,13.4,0,0,0,12,6
8,6,8,17.3,0,0,0,18,6
12,5,12,14.9,0,0,0,5,6
13,4,13,28.8,0,1,23,43,0
19,0,19,15.9,1,2,5,12,4
19,5,19,13.2,0,0,0,26,6
9,6,9,18.5,0,0,0,3,6
9,2,9,14.6,0,1,0,20,5
4,4,4,8.4,1,2,13,6,6
5,1,5,8.9,0,0,13,6,6
7,5,7,12.9,0,0,0,55,5
23,3,23,5.2,0,0,7,29,18
6,3,6,3.9,0,0,4,6,4
14,1,14,15.0,0,0,0,48,6
10,4,10,23.0,0,0,5,12,1
12,6,12,25.9,0,1,0,7,5
11,3,11,12.7,0,0,0,12,6
22,2,22,20.4,0,1,17,33,15
4,6,4,1.8,0,0,2,2,8
13,1,13,11.7,1,2,0,1,7
15,2,15,24.6,0,0,13,6,6
5,5,5,15.5,0,0,21,3,5
8,5,8,12.6,0,0,0,5,5
23,6,23,10.6,0,0,6,18,8
14,4,14,11.6,0,0,0,3,5
16,2,16,20.6,0,0,4,9,1
16,2,16,19.3,0,0,4,10,1
11,5,11,15.4,0,0,5,12,4
15,5,15,31.1,1,3,0,44,5
7,3,7,15.2,0,0,5,17,1
16,5,16,30.9,0,0,4,5,4
20,2,20,16.3,0,0,0,20,6
19,6,19,21.3,0,0,5,9,1
11,2,11,19.9,0,0,0,6,5
11,3,11,23.8,0,1,0,12,6
11,5,11,12.4,0,0,20,19,15
22,3,22,6.8,0,0,6,18,8
18,2,18,13.0,0,0,0,12,6
7,1,7,9.2,0,0,4,6,4
10,0,10,11.0,0,0,0,16,0
15,3,15,13.3,0,0,5,14,1
6,2,6,13.8,0,1,21,3,5
11,1,11,7.3,0,0,0,16,0
15,4,15,15.7,0,0,0,6,6
12,2,12,13.2,0,0,0,12,6
0,5,0,14.6,0,0,0,15,7
22,6,22,20.4,0,1,17,33,15
8,2,8,3.8,0,0,0,31,6
10,4,10,8.5,0,0,5,12,4
16,5,16,25.9,0,0,4,13,1
5,1,5,5.6,0,0,4,4,5
1,0,1,14.6,0,0,17,33,15
18,3,18,9.5,0,0,0,8,5
6,2,6,4.2,0,0,0,31,6
13,0,13,20.4,0,0,9,21,11
5,1,5,8.5,0,0,0,26,6
21,1,21,13.4,0,0,4,29,1
18,2,18,21.6,0,0,13,5,5
20,0,20,25.2,0,1,0,8,6
1,3,1,5.7,0,0,0,6,6
0,6,0,4.4,0,0,0,1,5
14,0,14,14.8,0,0,0,3,6
16,1,16,26.6,0,0,0,14,5
4,2,4,12.7,0,0,0,5,6
6,0,6,13.6,0,0,0,9,6
17,5,17,31.3,0,1,0,20,6
13,2,13,22.0,0,0,5,13,1
13,5,13,29.1,0,0,10,22,11
9,6,9,14.1,0,0,0,17,5
15,0,15,18.1,0,0,0,31,6
18,3,18,25.9,0,0,0,31,6
21,3,21,6.9,0,0,10,38,10
10,3,10,11.4,0,0,0,9,6
20,3,20,9.3,0,0,0,7,5
13,6,13,29.4,0,1,13,6,6
13,5,13,12.2,0,0,0,30,5
19,5,19,25.3,0,1,0,9,6
16,4,16,16.0,0,0,0,12,6
21,2,21,8.3,0,0,11,60,3
14,3,14,18.6,1,2,0,18,5
18,1,18,25.3,0,0,0,12,6
19,2,19,18.8,0,0,13,5,1
22,5,22,17.4,0,1,17,33,15
11,0,11,10.4,0,0,5,14,1
6,3,6,15.5,0,0,0,13,5
7,2,7,12.9,0,1,20,19,15
19,6,19,9.6,0,0,0,22,0
1,4,1,7.8,0,0,13,6,6
1,4,1,16.3,0,0,10,22,11
7,4,7,10.0,0,0,0,29,5
13,0,13,22.6,0,0,0,48,6
0,2,0,17.5,0,0,5,6,1
16,4,16,7.5,0,0,0,5,6
22,4,22,19.5,0,1,15,19,13
8,5,8,9.2,0,0,0,18,5
8,3,8,7.6,0,0,0,29,5
14,0,14,21.7,0,0,5,6,1
23,0,23,15.6,0,0,0,19,0
1,2,1,11.8,0,0,13,6,6
0,1,0,8.5,0,0,16,32,14
11,5,11,10.0,0,0,0,89,7
15,1,15,19.7,0,0,21,71,5
9,6,9,9.4,0,0,0,61,0
0,4,0,9.9,0,0,2,2,8
22,4,22,11.2,0,0,13,6,5
13,6,13,28.8,0,1,0,23,5
19,5,19,9.9,0,0,0,29,5
19,4,19,11.3,0,0,13,6,6
5,1,5,10.9,0,0,0,10,6
14,0,14,22.6,0,0,4,6,4
14,4,14,24.9,0,0,0,10,6
11,5,11,10.8,0,0,0,6,6
15,1,15,12.5,0,0,4,13,1
13,1,13,25.0,0,1,5,5,5
19,4,19,13.3,0,0,0,22,0
10,2,10,22.6,0,1,0,8,5
0,0,0,5.3,0,0,0,0,0
8,0,8,21.7,0,0,0,18,6
2,3,2,10.7,0,0,20,19,15
13,2,13,11.7,0,0,0,3,5
12,4,12,20.8,0,0,0,20,5
18,1,18,27.9,0,0,0,30,5
4,0,4,8.5,0,0,0,8,6
7,0,7,9.3,0,0,0,13,6
14,1,14,29.5,0,0,74,3,0
6,6,6,6.6,0,0,15,19,6
11,4,11,25.0,0,0,0,31,5
21,3,21,13.0,0,0,0,26,5
22,2,22,11.3,1,2,5,9,4
22,3,22,15.7,0,0,10,38,10
23,6,23,13.2,0,0,0,36,7
14,5,14,29.9,0,0,0,3,5
7,6,7,15.1,0,1,0,11,5
10,6,10,7.3,0,0,5,12,1
3,2,3,10.0,0,0,5,5,4
21,3,21,14.5,0,0,10,38,10
16,6,16,14.9,0,0,7,9,24
23,6,23,15.6,0,0,19,15,7
4,4,4,9.1,0,0,2,2,8
1,4,1,13.3,0,0,2,2,8
8,4,8,4.1,0,0,0,13,6
18,3,18,24.7,0,0,0,10,6
16,4,16,17.9,0,0,0,9,6
5,1,5,9.0,0,0,0,10,5
12,4,12,19.9,0,0,0,12,6
19,3,19,9.2,0,0,0,22,0
11,0,11,15.4,0,0,0,10,6
19,4,19,11.3,0,0,5,30,1
8,5,8,13.2,0,0,4,10,1
6,0,6,1.6,0,0,0,13,6
0,0,0,7.4,0,0,21,3,5
1,1,1,12.2,0,0,2,2,8
14,5,14,14.8,0,0,4,13,4
5,6,5,0.6,0,0,20,19,15
16,3,16,11.4,0,0,0,1,7
2,5,2,15.0,0,0,2,2,8
3,5,3,12.0,0,0,7,8,18
13,2,13,17.2,0,0,5,7,1
12,0,12,24.2,0,0,0,24,5
4,2,4,9.5,0,0,20,19,15
19,3,19,8.9,0,0,0,20,6
15,6,15,10.9,0,0,5,62,1
14,1,14,17.0,0,0,0,12,6
15,2,15,19.7,0,0,0,6,6
16,3,16,22.5,0,0,0,31,5
16,3,16,12.9,0,0,0,44,6
13,1,13,29.9,0,1,5,7,5
5,5,5,14.5,0,0,5,5,1
6,0,6,8.3,0,0,0,13,6
13,1,13,29.1,0,1,0,7,5
18,0,18,8.3,0,0,0,25,6
19,3,19,20.9,0,0,4,9,4
14,3,14,15.2,0,0,13,6,6
12,4,12,9.3,0,0,5,10,4
14,2,14,13.6,0,0,4,9,5
15,2,15,13.7,0,0,4,31,1
8,4,8,7.2,0,0,0,20,6
15,4,15,30.6,0,0,0,31,5
16,2,16,11.4,0,0,0,29,6
10,3,10,26.1,0,1,26,58,0
23,2,23,6.6,0,0,0,35,7
7,2,7,12.0,0,0,21,3,14
4,1,4,12.7,0,0,0,5,5
9,0,9,10.1,0,0,6,18,8
17,6,17,24.3,0,0,43,29,8
5,5,5,0.9,0,0,21,3,5
8,2,8,17.0,0,1,0,20,6
21,1,21,15.6,0,0,13,6,6
6,3,6,7.2,0,0,21,3,5
7,0,7,9.8,0,0,25,51,21
19,2,19,27.2,0,1,0,29,5
14,3,14,12.5,0,0,0,3,6
0,6,0,10.1,0,0,1,1,5
8,6,8,15.7,0,1,0,20,5
0,0,0,7.1,0,0,16,32,14
16,0,16,8.2,0,0,0,12,5
8,0,8,6.1,0,0,0,25,6
4,4,4,2.0,0,0,21,3,14
12,1,12,24.5,0,0,6,18,8
7,6,7,12.2,0,1,13,6,6
3,5,3,12.9,0,0,2,2,2
15,0,15,8.3,0,0,0,9,5
2,4,2,8.3,0,0,13,6,6
11,5,11,9.6,0,0,0,6,7
5,1,5,16.5,0,0,21,3,5
14,2,14,18.7,0,0,0,10,6
8,1,8,18.6,0,1,0,7,5
1,2,1,9.8,0,0,0,6,5
19,2,19,29.8,0,1,0,10,5
9,5,9,7.4,0,0,0,41,5
9,6,9,10.3,0,0,0,20,6
4,0,4,7.8,0,0,0,13,6
12,5,12,24.3,0,0,0,12,6
5,4,5,6.3,0,0,0,6,7
8,0,8,10.2,0,0,5,10,1
21,3,21,18.7,0,0,18,34,11
21,1,21,12.2,0,0,10,38,10
13,2,13,15.7,0,0,0,10,6
4,5,4,13.1,0,0,0,10,5
15,3,15,27.1,0,1,0,3,5
23,1,23,19.6,0,0,0,31,6
7,2,7,11.5,0,0,0,41,5
10,5,10,21.5,0,1,0,8,6
4,0,4,10.6,0,0,0,23,5
11,0,11,26.6,0,0,5,10,1
14,0,14,18.0,0,0,13,6,6
9,5,9,9.1,0,0,0,11,5
15,0,15,18.6,0,0,5,20,4
20,6,20,8.4,0,0,0,31,5
14,2,14,27.3,0,1,0,48,5
5,3,5,7.8,0,0,0,31,5
12,2,12,10.5,0,0,0,13,6
5,0,5,13.5,0,0,0,17,5
20,6,20,26.4,0,0,4,64,1
7,0,7,11.1,0,0,0,13,6
6,6,6,13.0,0,0,4,5,4
4,2,4,15.7,0,0,0,13,5
5,6,5,10.6,0,0,0,55,5
10,3,10,18.5,0,0,5,31,1
3,3,3,10.0,0,0,1,39,5
14,1,14,11.3,0,0,0,31,6
22,0,22,20.7,0,1,6,18,8
18,0,18,25.0,0,1,0,10,5
1,2,1,11.5,0,0,10,38,10
10,6,10,16.0,0,0,0,61,7
20,6,20,12.8,0,0,0,22,0
3,1,3,17.3,0,0,2,2,2
18,6,18,14.5,0,0,5,20,1
5,6,5,11.8,0,0,2,2,8
16,1,16,13.7,0,0,0,48,6
10,6,10,9.1,0,0,0,6,7
5,1,5,13.8,0,0,0,26,5
15,6,15,31.7,0,1,0,12,6
7,5,7,19.1,0,0,4,9,4
9,3,9,17.0,0,0,0,15,7
7,4,7,12.7,0,0,0,29,6
6,3,6,3.9,0,0,0,55,5
7,0,7,14.7,0,1,0,9,5
9,5,9,18.0,0,1,21,3,5
13,6,13,18.5,0,1,0,29,5
8,5,8,6.3,0,0,0,3,6
22,6,22,7.8,0,0,6,18,8
15,0,15,24.9,0,1,21,3,5
14,5,14,11.7,0,0,20,19,15
16,4,16,17.9,0,0,0,18,5
5,2,5,13.3,0,0,4,23,5
19,4,19,10.7,0,0,0,25,6
8,4,8,5.0,0,0,0,18,5
17,5,17,28.7,0,0,0,6,0
8,6,8,6.7,0,0,4,10,4
16,0,16,21.1,0,0,0,1,7
6,1,6,11.4,0,0,0,31,6
8,2,8,18.1,0,1,0,18,5
2,1,2,10.8,0,0,0,27,0
10,6,10,16.3,0,0,5,17,4
9,1,9,11.7,0,0,0,13,6
6,4,6,10.4,0,0,4,18,1
14,2,14,27.8,0,1,4,17,5
7,5,7,9.9,0,0,0,25,6
8,2,8,11.9,0,0,0,20,5
0,2,0,2.9,0,0,1,1,1
16,0,16,16.0,0,0,0,23,6
15,6,15,25.1,0,0,5,14,1
6,1,6,14.9,0,0,4,5,4
0,6,0,14.2,0,0,0,1,10
13,0,13,23.5,0,0,5,20,1
17,1,17,10.0,0,0,0,29,5
22,3,22,23.4,0,0,0,1,5
11,2,11,12.8,0,0,0,8,6
13,1,13,18.4,0,0,9,21,11
18,6,18,26.8,0,1,0,3,0
20,4,20,9.8,0,0,4,31,1
16,6,16,28.5,0,0,0,25,5
0,4,0,14.4,0,0,0,36,10
20,5,20,6.3,0,0,0,7,6
17,0,17,28.1,0,0,5,12,1
18,3,18,32.9,0,1,0,12,5
7,2,7,11.7,0,1,13,6,6
20,4,20,8.8,0,0,5,10,4
17,2,17,12.3,0,0,0,18,5
10,2,10,13.4,0,0,0,25,6
1,0,1,6.1,0,0,13,6,6
16,3,16,13.7,0,0,21,3,0
14,3,14,11.9,0,0,13,6,6
12,5,12,18.0,0,0,5,24,1
20,2,20,15.1,0,0,4,9,4
8,4,8,8.0,0,0,0,12,6
16,6,16,18.7,0,0,14,19,16
13,4,13,15.2,0,0,20,19,15
18,2,18,29.3,0,1,0,10,5
9,1,9,17.2,0,1,0,16,0
19,6,19,23.6,0,0,5,26,4
18,6,18,15.2,0,0,0,12,6
6,3,6,11.9,0,0,0,9,6
4,0,4,6.7,0,0,5,5,4
13,0,13,27.3,0,1,0,13,6
8,2,8,5.1,0,0,0,18,5
8,5,8,16.7,0,1,0,18,5
10,1,10,11.7,1,0,53,53,31
13,3,13,30.4,0,1,9,21,13
13,6,13,15.9,0,0,0,23,5
19,0,19,14.4,0,0,13,6,6
15,5,15,21.3,0,0,6,18,8
6,6,6,16.2,0,0,0,17,5
1,4,1,11.9,0,0,2,2,8
19,3,19,8.8,0,0,20,19,15
8,2,8,17.4,0,0,0,12,6
4,0,4,8.5,0,0,0,13,5
9,6,9,1.8,0,0,0,12,5
13,0,13,14.7,0,0,0,24,5
18,6,18,11.8,0,0,0,10,6
9,0,9,14.0,0,0,14,19,15
1,2,1,5.5,0,0,2,2,8
18,1,18,18.8,0,1,0,12,5
19,1,19,25.8,0,1,0,7,6
17,6,17,29.3,0,1,4,64,5
15,3,15,17.2,0,0,0,44,5
7,5,7,9.7,0,0,0,25,6
6,3,6,10.8,0,0,21,3,5
7,5,7,1.2,0,0,0,20,5
4,5,4,1.1,0,0,5,5,4
22,0,22,8.8,0,0,15,19,7
12,1,12,14.0,0,0,5,24,4
9,3,9,6.3,0,0,0,18,5
15,4,15,26.5,0,1,0,29,6
16,4,16,12.7,0,0,0,28,6
5,2,5,9.0,0,0,4,5,4
0,3,0,8.9,0,0,0,6,6
4,4,4,12.8,0,0,0,5,6
11,5,11,8.9,0,0,10,22,11
13,2,13,16.7,0,1,28,7,0
15,4,15,26.8,0,0,13,4,5
12,5,12,17.6,0,0,0,31,6
8,1,8,14.5,0,1,0,9,6
5,6,5,4.1,0,0,13,6,5
16,5,16,24.3,0,0,13,6,5
20,5,20,22.9,0,1,0,7,6
21,2,21,18.2,0,1,0,7,5
14,5,14,12.0,0,0,13,99,1
15,3,15,29.2,0,1,0,5,5
23,2,23,19.7,0,0,19,15,0
7,1,7,15.4,0,1,4,31,1
4,4,4,12.6,0,0,0,26,6
8,5,8,17.7,0,0,5,10,1
13,0,13,22.2,0,0,0,41,5
16,5,16,10.9,0,0,0,6,7
19,5,19,28.0,0,0,0,29,6
0,5,0,4.6,0,0,0,1,7
18,4,18,29.7,0,1,0,12,6
16,4,16,30.4,0,0,5,62,1
12,5,12,12.7,0,0,0,9,6
11,0,11,16.4,0,0,0,6,5
12,0,12,16.9,0,0,0,3,6
12,4,12,17.8,0,0,4,54,1
5,2,5,10.1,0,0,0,9,6
6,0,6,13.6,0,1,5,7,5
17,5,17,21.0,0,0,0,12,6
16,3,16,34.1,0,1,5,5,5
13,0,13,29.1,0,1,5,7,5
5,2,5,13.2,0,0,4,23,4
13,1,13,26.3,0,1,0,24,5
8,1,8,5.8,0,0,0,9,6
10,4,10,17.8,0,0,0,23,6
11,0,11,15.2,0,0,0,25,6
8,0,8,2.5,0,0,6,18,8
22,3,22,8.1,0,0,15,19,7
12,4,12,20.6,0,0,13,6,6
8,5,8,18.3,0,0,0,16,0
13,4,13,24.2,0,0,0,41,5
16,4,16,25.2,0,0,0,4,6
19,2,19,19.3,0,0,5,30,1
15,1,15,28.3,0,0,0,13,6
5,0,5,13.1,0,1,4,13,4
13,3,13,27.8,0,1,10,22,11
10,2,10,10.9,0,0,0,12,6
15,4,15,31.0,0,1,20,19,15
12,6,12,20.5,0,0,0,24,6
8,3,8,8.8,0,0,6,18,8
0,1,0,14.6,0,0,10,22,11
1,0,1,8.8,0,0,0,0,0
12,6,12,21.8,0,0,31,63,12
3,6,3,7.9,1,2,1,1,1
15,3,15,26.0,0,0,21,3,5
18,4,18,29.2,0,0,5,23,4
5,4,5,0.3,0,0,0,31,6
4,0,4,10.7,0,0,0,13,6
15,0,15,24.3,0,0,0,44,6
13,3,13,23.7,0,0,5,7,1
21,2,21,11.3,1,2,0,20,6
7,2,7,9.1,0,0,0,25,5
9,4,9,20.0,0,1,0,12,5
12,3,12,28.7,0,0,0,29,5
23,2,23,16.6,0,0,18,34,11
3,2,3,11.0,0,0,2,2,2
22,6,22,4.8,0,0,11,60,3
14,6,14,16.0,0,0,0,14,5
14,4,14,10.1,1,2,4,31,4
21,1,21,14.0,0,0,0,3,6
10,6,10,10.9,0,0,0,20,6
16,6,16,25.0,0,0,4,64,4
13,4,13,16.3,0,0,9,21,11
9,5,9,18.9,0,0,6,18,8
7,4,7,15.8,0,0,0,14,5
7,1,7,13.2,0,1,0,11,6
23,2,23,7.8,0,0,0,35,7
21,5,21,15.5,0,0,18,34,11
23,2,23,10.5,0,0,15,19,7
4,1,4,4.8,0,0,0,9,5
12,5,12,15.7,0,0,0,12,6
18,3,18,9.6,0,0,0,29,5
21,3,21,17.8,0,0,21,3,5
13,6,13,27.0,0,1,5,5,5
1,3,1,9.5,0,0,13,6,6
15,2,15,34.0,0,1,11,19,3
16,4,16,17.9,0,0,5,5,4
8,0,8,14.8,0,0,0,3,10
0,6,0,9.7,0,0,0,19,0
1,2,1,5.0,0,0,20,19,15
23,0,23,11.0,0,0,0,15,7
5,6,5,8.4,0,0,0,8,6
11,5,11,20.5,0,0,0,28,5
8,3,8,9.2,0,0,0,12,6
18,6,18,33.3,0,0,0,18,5
12,0,12,26.1,0,0,0,5,5
16,5,16,7.8,0,0,0,12,5
10,2,10,11.6,0,0,0,13,5
9,6,9,9.5,0,0,20,7,15
16,2,16,15.9,0,0,0,14,5
5,0,5,9.4,0,0,0,26,6
4,3,4,15.2,0,0,0,10,6
17,3,17,30.4,0,1,6,18,8
12,6,12,14.0,0,0,9,21,11
14,5,14,25.6,0,0,0,12,5
13,3,13,23.0,0,0,6,18,8
12,3,12,14.2,0,0,0,10,6
5,0,5,13.5,0,0,4,5,1
16,5,16,25.6,0,0,0,9,6
21,0,21,14.4,1,2,4,13,4
19,3,19,9.4,0,0,0,20,6
21,5,21,22.1,0,1,15,19,7
23,2,23,15.1,0,1,15,19,7
9,3,9,5.7,0,0,63,104,65
16,0,16,16.6,0,0,4,9,5
13,3,13,28.0,0,1,13,5,5
22,4,22,7.2,1,2,2,2,8
14,6,14,23.7,0,0,25,59,23
19,4,19,26.4,0,1,27,96,38
9,1,9,10.4,0,0,0,30,5
14,3,14,10.9,0,0,5,14,1
15,3,15,30.7,0,1,0,4,5
5,0,5,14.1,0,0,4,5,4
18,5,18,21.9,0,0,4,18,1
6,6,6,11.6,0,1,21,3,5
11,6,11,23.7,0,1,0,31,5
18,4,18,15.7,0,0,0,12,5
8,0,8,20.3,0,1,14,19,16
11,5,11,12.7,0,0,0,19,7
18,0,18,32.0,0,1,0,7,5
5,3,5,8.2,0,0,0,13,6
18,6,18,23.1,0,0,5,26,4
23,6,23,17.2,0,1,19,15,0
12,5,12,24.3,0,0,5,10,4
8,3,8,8.5,0,0,11,60,3
10,3,10,20.3,0,1,0,12,6
23,4,23,7.7,0,0,0,19,0
16,5,16,31.4,0,1,0,24,5
16,4,16,16.3,0,0,0,12,6
4,5,4,15.6,0,0,0,8,6
15,6,15,28.1,0,1,0,49,5
22,3,22,10.3,0,0,0,3,6
9,4,9,14.1,0,1,22,19,15
11,4,11,19.5,0,0,0,9,6
12,1,12,10.9,0,0,0,20,5
15,5,15,26.5,0,0,0,23,6
19,6,19,12.9,0,0,0,25,5
7,4,7,13.8,0,0,0,12,6
11,2,11,26.5,0,1,0,6,0
18,3,18,31.9,0,1,0,18,5
21,6,21,21.4,0,1,0,31,6
9,0,9,12.2,0,0,21,3,5
10,0,10,19.8,0,0,0,8,5
9,3,9,18.5,0,0,0,15,7
15,0,15,16.3,0,0,5,24,4
11,3,11,24.3,0,0,0,9,6
9,1,9,7.4,0,0,4,13,1
9,4,9,12.3,0,0,0,25,5
17,6,17,32.3,0,1,0,12,6
19,1,19,13.6,0,0,0,20,5
17,2,17,20.2,0,0,4,45,4
19,6,19,8.3,0,0,0,22,0
0,1,0,9.0,0,0,13,6,6
19,2,19,26.4,0,1,0,8,6
18,2,18,24.5,0,0,5,23,1
5,4,5,3.8,0,0,21,3,14
13,0,13,21.5,0,0,7,31,24
17,0,17,24.8,0,0,0,10,5
13,2,13,25.5,0,0,28,7,0
15,4,15,22.7,0,1,0,49,5
5,5,5,1.8,0,0,0,5,6
5,1,5,11.3,0,0,0,26,6
16,3,16,16.4,0,0,0,6,7
13,6,13,15.1,0,0,0,9,6
8,0,8,5.2,0,0,0,11,6
6,6,6,6.7,0,0,0,13,5
7,6,7,10.6,0,0,0,29,5
19,3,19,22.3,0,1,5,30,1
10,5,10,23.0,0,1,6,18,8
6,4,6,14.1,0,1,21,3,5
6,3,6,4.3,0,0,13,6,6
10,2,10,11.3,0,0,28,7,0
11,1,11,13.8,0,0,5,10,4
15,4,15,15.7,0,0,5,12,1
12,1,12,23.8,0,0,0,9,6
16,5,16,33.5,0,1,5,5,5
22,2,22,18.1,0,1,20,6,15
10,5,10,5.3,0,0,5,10,4
22,6,22,12.2,0,0,6,18,8
10,5,10,14.7,0,0,14,19,16
5,3,5,16.9,0,0,0,13,6
13,0,13,26.4,0,1,13,5,5
16,1,16,13.7,0,0,0,10,5
11,2,11,10.0,0,0,0,24,5
16,5,16,30.1,0,0,0,26,6
10,1,10,12.4,0,0,4,29,1
11,4,11,11.7,0,0,0,24,5
14,6,14,33.5,0,0,0,31,6
0,4,0,17.3,0,0,5,6,1
9,1,9,10.9,0,0,30,19,15
5,0,5,13.4,0,0,21,3,5
13,1,13,28.1,0,1,0,7,5
8,1,8,9.2,0,0,0,3,6
10,4,10,22.6,0,0,7,8,18
8,4,8,7.6,0,0,5,10,1
8,4,8,8.4,0,0,5,12,1
4,5,4,8.7,1,2,5,30,1
4,3,4,9.3,0,0,0,5,6
4,1,4,13.2,0,0,0,13,5
23,0,23,8.7,0,0,0,36,0
19,4,19,18.5,0,0,0,29,5
19,3,19,9.0,0,0,0,22,0
6,0,6,0.4,0,0,0,13,6
19,3,19,16.1,0,0,5,18,1
22,6,22,15.2,0,0,4,10,4
8,2,8,5.2,0,0,5,10,1
20,6,20,8.5,0,0,0,6,6
15,1,15,28.0,0,1,0,44,5
20,2,20,9.1,0,0,0,7,5
1,2,1,12.4,0,0,16,32,14
15,4,15,29.4,0,0,0,29,6
16,0,16,29.8,0,1,0,12,5
13,0,13,23.0,0,0,5,10,1
0,5,0,18.2,0,0,36,60,3
19,5,19,9.9,0,0,0,22,0
5,0,5,11.5,0,0,5,5,4
13,5,13,28.8,0,0,28,7,0
16,6,16,24.2,0,0,0,5,6
6,6,6,1.8,0,0,1,1,7
12,5,12,28.0,0,0,5,10,4
16,1,16,16.3,0,0,4,20,1
22,1,22,6.4,0,0,16,32,14
12,5,12,27.5,0,1,0,29,6
18,6,18,27.9,0,1,0,13,6
2,4,2,12.3,0,0,2,2,8
9,3,9,14.1,0,0,0,16,0
9,1,9,20.0,0,1,0,20,5
11,5,11,9.6,0,0,5,10,1
18,3,18,14.8,0,0,0,13,6
19,6,19,12.5,0,0,0,22,0
16,3,16,32.9,0,0,1,1,1
10,0,10,18.1,0,1,0,10,6
19,2,19,7.0,0,0,0,22,0
17,6,17,18.6,0,0,0,25,6
10,5,10,14.3,0,0,0,30,5
21,3,21,10.7,0,0,0,7,6
9,6,9,19.5,0,1,0,16,0
11,0,11,11.2,0,0,5,10,4
13,6,13,15.7,0,0,12,27,0
5,1,5,0.7,0,0,21,3,14
3,5,3,12.8,0,0,13,6,4
4,3,4,7.2,0,0,2,2,8
16,6,16,25.1,0,0,23,43,0
10,5,10,9.4,0,0,0,9,6
18,4,18,12.6,0,0,0,6,5
16,0,16,27.4,0,0,0,20,6
11,3,11,16.2,0,0,0,31,5
12,0,12,24.1,0,0,0,6,6
18,6,18,29.5,0,1,4,64,4
8,6,8,7.9,0,0,4,39,1
1,6,1,6.4,0,0,0,0,0
18,2,18,13.3,0,0,4,18,1
17,2,17,15.8,0,0,0,12,5
19,2,19,26.3,0,1,6,18,17
11,1,11,23.3,0,1,0,17,5
19,0,19,9.9,0,0,5,18,1
19,1,19,12.6,0,0,0,10,5
20,3,20,8.5,0,0,21,3,5
16,3,16,26.6,0,0,13,6,6
16,0,16,17.7,0,0,0,18,5
19,0,19,10.1,0,0,5,18,1
15,5,15,17.8,0,0,0,6,6
8,2,8,10.9,0,0,21,3,5
17,1,17,13.6,0,0,20,19,15
12,5,12,12.4,0,0,0,5,6
6,6,6,13.4,0,1,1,56,14
8,5,8,11.5,0,0,0,10,5
8,0,8,7.7,0,0,0,25,5
16,4,16,23.8,0,1,0,44,5
5,2,5,16.2,0,0,4,4,4
16,5,16,17.7,0,0,6,18,17
20,5,20,20.5,0,0,5,6,1
8,6,8,15.8,0,1,4,12,4
16,3,16,16.3,0,0,20,19,15
16,1,16,30.1,0,0,0,13,5
6,4,6,16.1,0,0,0,55,5
10,4,10,16.7,0,0,5,14,1
22,0,22,8.9,0,0,16,32,14
12,0,12,29.3,0,0,4,5,4
12,2,12,10.3,0,0,0,24,5
15,5,15,17.7,0,0,0,3,6
6,1,6,16.2,0,0,0,14,5
14,5,14,25.7,0,0,0,20,5
5,2,5,9.6,0,0,5,31,4
10,4,10,19.3,0,1,0,29,5
6,6,6,5.8,0,0,0,31,6
8,2,8,6.5,0,0,5,10,1
14,6,14,11.1,0,0,4,44,4
15,3,15,10.6,0,0,0,23,6
7,5,7,8.5,0,0,5,25,4
3,2,3,10.0,0,0,7,25,24
10,1,10,13.0,0,0,0,8,6
6,4,6,15.3,0,1,0,10,5
4,3,4,13.8,0,0,7,10,36
0,6,0,7.7,0,0,30,19,15
1,0,1,6.8,0,0,0,6,5
20,3,20,6.3,0,0,0,7,5
19,1,19,27.8,0,1,13,6,6
17,0,17,34.1,0,1,6,18,8
16,1,16,19.3,0,0,4,20,4
7,0,7,10.7,0,0,5,25,1
11,0,11,19.8,0,0,28,7,0
1,3,1,10.6,0,0,4,29,1
5,1,5,16.5,0,0,0,13,6
15,3,15,13.6,0,0,0,44,5
21,6,21,6.1,0,0,0,26,5
16,2,16,11.7,0,0,0,1,7
0,4,0,19.2,0,0,0,1,7
19,5,19,29.7,0,1,0,8,5
10,1,10,22.7,0,1,0,30,5
14,5,14,17.0,0,0,1,1,1
5,4,5,9.7,0,0,4,4,4
19,3,19,23.0,0,1,0,48,5
11,1,11,13.0,0,0,5,10,4
5,6,5,4.2,0,0,4,4,4
2,4,2,12.4,0,0,0,8,6
12,5,12,28.4,0,0,0,18,5
14,1,14,19.7,0,0,4,6,1
12,0,12,14.7,0,0,0,10,6
18,2,18,36.3,0,1,0,8,6
5,3,5,15.4,0,0,0,9,5
18,2,18,12.6,0,0,4,45,4
10,0,10,23.1,0,0,0,9,5
15,6,15,15.3,0,0,5,12,1
23,4,23,7.0,0,0,13,6,6
9,6,9,7.3,0,0,0,13,6
22,6,22,15.6,0,0,0,19,7
1,5,1,10.9,0,0,0,0,0
23,3,23,6.2,0,0,0,35,7
17,2,17,7.3,0,0,0,30,5
13,4,13,24.7,0,1,7,17,56
5,3,5,0.6,0,0,21,3,5
4,0,4,8.8,0,0,0,13,5
6,0,6,9.8,0,1,0,29,5
12,6,12,12.9,0,0,0,18,5
11,4,11,24.2,0,1,0,30,6
12,1,12,14.8,0,0,0,31,6
0,3,0,23.5,0,0,15,37,7
11,6,11,18.6,0,1,0,24,5
18,2,18,25.0,0,0,21,3,0
11,6,11,24.1,0,1,6,30,19
9,2,9,13.2,0,0,0,12,5
5,2,5,7.9,0,0,0,7,6
5,0,5,1.6,0,0,4,6,1
23,4,23,4.4,0,0,0,36,7
0,6,0,20.0,0,0,19,15,7
8,6,8,5.5,0,0,5,10,1
15,5,15,31.2,0,0,5,3,1
4,2,4,9.9,0,0,0,13,6
12,1,12,19.1,0,0,28,7,0
17,6,17,28.8,0,1,0,10,5
5,1,5,0.7,0,0,0,10,6
0,3,0,18.8,0,0,0,1,7
17,1,17,28.0,0,1,0,20,5
10,3,10,7.9,0,0,0,8,6
9,6,9,14.0,0,1,0,29,6
21,2,21,21.5,0,0,0,26,5
9,2,9,9.1,0,0,0,4,5
7,0,7,10.5,0,0,1,1,1
14,6,14,29.5,0,1,0,11,5
9,1,9,9.5,0,0,0,18,5
7,5,7,13.5,0,1,0,14,5
8,5,8,6.0,0,0,4,10,1
11,0,11,18.4,0,1,0,12,6
6,6,6,16.3,0,1,0,8,5
11,1,11,15.0,0,0,0,16,0
16,4,16,12.8,0,0,0,7,6
5,0,5,4.8,0,0,4,9,1
12,1,12,26.7,0,0,9,21,11
7,6,7,13.0,0,0,5,12,1
19,3,19,16.3,0,0,0,20,5
5,1,5,14.8,0,0,39,7,12
23,4,23,19.1,0,0,10,38,10
8,4,8,11.4,0,0,0,3,0
22,4,22,12.9,0,0,15,19,7
15,6,15,31.6,0,1,13,4,6
8,6,8,5.1,0,0,5,10,1
14,4,14,17.4,0,0,0,12,6
10,3,10,18.0,0,0,0,24,5
8,3,8,2.1,0,0,0,20,5
19,5,19,8.6,0,0,13,6,6
10,5,10,22.5,0,1,0,23,5
7,4,7,16.3,0,1,0,31,6
9,5,9,5.3,0,0,0,29,6
1,0,1,16.2,0,0,0,46,0
7,5,7,17.6,0,0,0,24,5
13,1,13,25.4,0,0,5,7,1
13,6,13,16.1,0,0,0,41,5
12,6,12,20.4,0,0,10,22,11
10,5,10,14.8,0,0,0,13,6
13,2,13,14.2,0,0,4,13,1
23,5,23,11.3,0,0,0,15,7
7,3,7,10.0,0,0,0,9,6
17,1,17,13.1,0,0,0,20,6
11,6,11,25.0,0,1,0,12,6
21,3,21,23.3,0,0,0,31,5
15,3,15,18.4,0,0,0,9,6
5,6,5,15.9,0,0,0,13,5
22,1,22,10.1,0,0,15,19,7
16,1,16,31.1,0,1,5,5,5
7,5,7,1.0,0,0,0,12,5
0,3,0,17.5,0,0,0,36,7
15,1,15,20.6,0,0,12,27,0
11,0,11,8.1,0,0,0,12,6
22,6,22,13.9,0,0,6,18,8
20,3,20,26.1,0,0,4,18,4
7,2,7,2.3,0,0,5,9,4
4,2,4,8.2,0,0,0,13,5
16,2,16,28.2,0,1,0,28,6
14,4,14,23.4,0,0,14,63,16
19,3,19,12.3,0,0,0,22,0
18,1,18,17.1,0,0,5,26,1
0,4,0,16.9,0,0,15,37,7
21,0,21,7.2,0,0,20,19,15
18,1,18,11.1,1,2,0,23,5
10,3,10,19.6,0,1,0,30,5
7,2,7,4.1,0,0,0,12,6
11,0,11,18.9,0,0,0,13,6
11,3,11,26.4,0,1,0,28,5
16,1,16,18.7,0,0,21,3,0
0,3,0,14.6,0,0,19,15,7
19,0,19,8.7,0,0,5,30,1
9,5,9,19.1,0,1,0,11,5
10,5,10,20.2,0,0,0,30,5
15,2,15,24.7,0,0,4,29,1
18,2,18,31.4,0,1,0,12,5
4,2,4,5.0,0,0,0,13,6
11,2,11,8.2,0,0,0,23,5
17,5,17,12.1,0,0,30,19,15
20,6,20,7.1,0,0,21,3,5
19,2,19,8.2,0,0,4,13,1
21,6,21,8.9,0,0,14,19,16
16,6,16,25.3,0,0,31,63,12
15,2,15,13.7,0,0,5,14,1
14,4,14,27.4,0,1,0,3,5
17,3,17,25.8,0,0,13,5,6
8,3,8,9.4,0,0,0,3,5
15,6,15,24.8,0,0,0,9,6
23,5,23,9.8,0,0,0,15,7
1,4,1,15.7,0,0,0,1,0
1,6,1,17.8,0,0,1,1,1
8,2,8,18.0,0,1,0,20,6
18,6,18,14.6,0,0,6,18,27
17,1,17,21.3,0,0,0,5,6
6,1,6,4.6,0,0,1,1,7
15,2,15,12.2,0,0,0,44,6
22,3,22,17.1,0,0,0,8,6
21,3,21,9.0,0,0,10,38,10
8,2,8,9.7,0,0,0,3,7
8,5,8,11.8,0,0,0,10,6
9,4,9,12.2,0,0,5,14,1
20,1,20,18.3,0,0,7,41,18
12,1,12,25.5,0,1,9,21,26
13,6,13,29.4,0,1,10,22,11
0,1,0,15.2,0,0,0,1,10
6,0,6,12.0,0,1,0,10,5
16,5,16,16.7,0,0,0,5,6
1,2,1,9.6,0,0,2,2,8
9,3,9,14.7,0,0,6,18,8
11,5,11,9.6,0,0,0,41,5
10,3,10,7.9,0,0,0,29,6
10,1,10,9.8,0,0,0,6,7
7,6,7,12.7,0,0,0,13,6
1,1,1,18.8,0,0,1,1,1
5,6,5,10.9,0,0,0,13,5
18,3,18,26.1,0,0,5,12,1
19,5,19,17.2,0,1,27,66,40
21,2,21,23.6,0,1,0,22,0
9,1,9,12.6,0,0,0,3,6
4,2,4,10.3,0,0,0,10,6
10,4,10,20.8,0,0,0,9,6
8,6,8,12.1,0,0,4,13,1
18,0,18,26.8,0,0,0,18,5
7,5,7,14.5,0,0,0,23,6
13,6,13,19.4,0,0,4,5,5
5,2,5,13.5,0,0,5,5,5
7,3,7,11.0,0,0,5,17,1
14,3,14,24.8,0,0,0,12,5
8,3,8,2.6,0,0,5,10,4
5,4,5,4.7,0,0,4,6,4
12,6,12,25.8,0,0,5,10,1
12,2,12,20.7,0,0,10,38,10
14,4,14,26.3,0,1,5,41,1
13,1,13,28.4,0,1,0,24,5
18,0,18,24.6,0,1,0,29,6
19,3,19,17.2,0,0,25,25,22
1,4,1,8.9,0,0,2,2,2
6,6,6,-0.2,0,0,1,1,7
8,6,8,11.2,0,0,0,25,6
19,3,19,25.0,0,0,5,30,1
7,1,7,13.6,0,0,0,13,6
8,2,8,11.9,0,0,0,4,5
8,3,8,13.3,0,0,0,5,6
0,0,0,9.1,0,0,16,32,14
8,6,8,17.6,0,1,0,5,5
11,0,11,20.3,0,0,10,22,11
15,2,15,14.3,0,0,21,71,5
1,2,1,17.1,0,0,0,0,0
20,4,20,7.8,1,2,16,32,14
7,1,7,3.4,0,0,4,12,1
5,1,5,12.0,0,0,13,6,6
17,4,17,21.1,0,0,0,23,6
16,4,16,28.4,0,1,1,1,1
12,3,12,22.8,0,0,20,19,15
22,2,22,7.1,0,0,21,3,5
15,0,15,29.4,0,1,13,6,6
1,3,1,13.0,0,0,0,8,6
5,4,5,1.7,0,0,4,5,4
11,5,11,19.4,0,1,0,20,6
16,3,16,12.4,0,0,0,24,5
11,0,11,9.1,0,0,5,10,4
8,0,8,7.6,0,0,22,19,15
12,0,12,23.8,0,0,4,5,4
10,4,10,14.4,0,0,5,12,1
10,1,10,20.1,0,0,0,31,5
9,6,9,14.9,0,0,0,29,5
21,2,21,10.4,0,0,21,3,5
12,4,12,18.9,0,0,9,21,11
17,1,17,16.1,0,0,21,3,0
5,5,5,16.7,0,0,0,5,5
10,5,10,19.3,0,0,5,10,4
11,0,11,19.5,0,0,0,14,5
21,6,21,10.8,0,0,15,19,7
21,3,21,23.5,0,0,0,26,6
16,6,16,17.0,0,0,0,9,5
5,2,5,13.3,0,0,4,13,4
13,1,13,28.4,0,1,23,43,0
5,4,5,14.4,0,0,2,2,8
17,2,17,21.7,0,0,4,45,1
16,6,16,16.1,0,0,0,29,6
21,2,21,11.8,0,0,0,30,6
0,2,0,18.9,0,0,0,8,5
10,1,10,14.6,0,0,5,10,1
16,5,16,30.0,0,0,0,7,5
10,6,10,10.2,0,0,0,16,0
21,6,21,12.3,0,0,0,26,5
20,6,20,8.7,0,0,18,34,11
13,1,13,11.1,0,0,0,48,6
22,0,22,4.9,0,0,22,19,15
11,4,11,11.0,0,0,0,8,6
18,4,18,34.9,0,1,0,12,6
10,0,10,10.3,0,0,0,10,6
23,0,23,17.0,0,1,10,38,10
5,5,5,11.5,0,0,4,4,4
11,2,11,10.7,0,0,0,41,5
16,5,16,15.4,0,0,0,44,6
0,2,0,14.8,0,0,15,37,7
16,0,16,30.1,0,0,0,7,6
5,0,5,12.0,0,0,0,9,5
12,3,12,10.8,0,0,0,9,6
4,1,4,9.9,0,0,0,23,5
7,2,7,15.1,0,1,0,7,5
2,1,2,8.7,0,0,2,2,2
16,0,16,11.8,0,0,5,20,1
12,0,12,16.9,0,1,0,11,6
12,5,12,27.4,0,0,5,29,4
6,4,6,12.5,0,0,0,6,5
7,5,7,9.7,0,0,0,55,5
15,2,15,28.7,0,0,13,4,6
5,2,5,3.9,0,0,5,3,4
10,3,10,8.0,0,0,0,31,5
21,3,21,17.0,0,0,0,26,5
12,6,12,13.8,0,0,0,5,6
20,2,20,8.6,0,0,18,34,11
10,6,10,15.8,0,0,0,31,6
14,1,14,25.8,0,0,12,27,0
10,6,10,22.3,0,1,0,13,5
16,1,16,19.3,0,0,0,5,6
11,5,11,18.0,0,0,0,19,0
7,2,7,12.9,0,1,0,11,5
23,0,23,14.9,0,0,0,19,0
19,0,19,21.9,0,0,13,6,4
12,0,12,24.5,0,0,2,2,2
13,0,13,27.2,0,1,13,5,5
9,0,9,12.2,0,0,0,3,6
8,6,8,8.2,0,0,0,30,6
18,3,18,10.4,0,0,0,18,5
6,6,6,11.8,0,0,4,13,1
4,5,4,6.5,0,0,0,8,5
23,5,23,16.1,0,0,15,19,13
9,4,9,6.7,0,0,0,29,5
17,6,17,29.3,0,0,44,4,44
1,1,1,16.0,0,0,0,0,0
12,1,12,23.8,0,1,0,12,6
14,3,14,17.5,0,0,4,6,5
1,2,1,15.6,0,0,0,46,0
0,0,0,5.4,0,0,1,1,14
9,6,9,20.1,0,1,0,18,5
15,4,15,16.2,0,0,21,71,5
21,4,21,22.8,0,1,0,7,5
7,6,7,16.9,0,0,0,7,6
6,4,6,12.4,0,0,5,4,1
10,5,10,17.7,0,0,5,14,1
21,0,21,24.5,0,1,5,23,1
11,1,11,9.6,0,0,10,22,11
13,6,13,26.9,0,1,0,23,5
5,3,5,7.8,0,0,4,9,1
1,2,1,9.7,0,0,0,46,0
2,2,2,15.6,0,0,24,72,15
12,5,12,26.5,0,0,0,6,6
5,3,5,2.2,0,0,21,3,5
8,5,8,3.9,0,0,0,29,5
15,5,15,16.9,0,0,0,6,6
5,4,5,14.9,0,0,5,4,1
19,2,19,25.5,0,0,0,20,6
5,6,5,2.1,0,0,8,19,10
9,0,9,20.4,0,0,5,14,1
7,0,7,5.1,0,0,0,13,6
4,1,4,6.6,0,0,0,31,5
18,4,18,8.0,1,2,4,12,5
12,6,12,26.5,0,1,0,5,6
14,3,14,15.9,0,0,25,51,22
17,2,17,21.7,0,0,21,3,0
15,0,15,31.3,0,1,4,9,4
6,0,6,10.9,0,0,1,1,7
12,2,12,20.7,0,0,7,24,55
11,0,11,15.3,0,0,0,29,6
7,3,7,13.0,0,1,0,12,5
12,1,12,22.4,0,1,5,10,4
16,0,16,31.0,0,1,5,5,5
10,6,10,16.8,0,0,5,10,4
2,4,2,17.2,0,0,0,46,0
6,4,6,6.8,0,0,4,13,4
11,3,11,14.1,0,0,0,12,5
13,5,13,24.9,0,0,9,21,11
12,5,12,20.0,0,0,0,31,6
19,4,19,13.8,0,0,0,20,5
12,6,12,26.9,0,1,0,6,6
5,2,5,10.1,0,0,0,26,6
8,3,8,8.2,0,0,0,16,7
13,1,13,13.9,0,0,13,6,6
22,4,22,12.1,0,1,15,19,7
21,3,21,20.0,0,0,21,3,5
6,0,6,0.1,0,0,0,9,6
8,5,8,-0.9,0,0,4,30,4
10,4,10,10.8,0,0,5,24,1
22,1,22,9.7,1,2,5,25,1
8,4,8,11.3,0,0,0,4,5
12,2,12,26.4,0,0,0,31,6
11,4,11,23.4,0,0,0,19,0
16,4,16,19.8,0,0,0,9,5
20,0,20,22.0,0,0,0,10,5
14,6,14,16.7,0,0,0,3,6
19,3,19,22.4,0,0,13,6,4
0,6,0,16.4,0,0,20,7,15
20,0,20,21.7,0,0,26,58,0
11,1,11,25.4,0,1,0,30,5
14,6,14,15.5,0,0,5,6,1
5,2,5,15.1,0,0,0,5,6
8,5,8,2.1,0,0,0,28,6
23,0,23,15.0,0,0,0,22,0
15,0,15,29.1,0,1,0,14,5
12,4,12,10.0,0,0,0,24,5
6,3,6,14.1,0,1,0,17,5
12,0,12,21.3,0,0,0,5,6
7,0,7,5.3,0,0,0,25,6
18,4,18,12.5,0,0,13,6,6
0,4,0,17.3,0,0,5,6,1
13,1,13,13.7,0,0,5,7,1
17,6,17,25.5,0,0,0,22,0
15,6,15,16.6,0,0,0,10,6
19,6,19,31.5,0,0,0,10,6
18,1,18,14.0,0,0,0,20,5
13,2,13,27.2,0,1,0,9,5
10,6,10,20.4,0,1,0,10,5
15,6,15,14.4,0,0,0,10,5
16,0,16,15.9,0,0,0,25,6
15,5,15,32.2,0,1,0,22,7
10,3,10,20.3,0,0,26,58,0
12,3,12,22.6,0,0,0,28,6
17,5,17,27.6,0,0,0,5,6
18,2,18,33.1,0,1,0,8,5
21,3,21,10.6,0,0,10,38,10
22,6,22,18.2,0,1,17,33,15
20,6,20,25.9,0,0,0,8,6
10,5,10,7.3,0,0,5,10,1
22,5,22,7.7,0,0,10,22,11
23,3,23,15.8,0,0,0,19,0
15,1,15,30.2,0,1,0,8,5
22,1,22,9.6,1,2,5,13,4
11,0,11,9.2,0,0,10,22,11
10,6,10,7.8,0,0,0,29,6
7,3,7,8.2,0,0,0,9,6
4,0,4,9.4,0,0,5,5,4
1,6,1,11.7,0,0,14,19,12
21,5,21,11.7,0,0,18,34,11
14,3,14,19.3,1,2,0,23,6
9,4,9,8.0,0,0,0,29,6
8,0,8,1.3,0,0,0,7,6
4,0,4,7.8,0,0,0,23,5
0,5,0,7.7,0,0,2,2,8
19,5,19,29.3,0,1,5,18,5
16,3,16,23.0,0,0,0,31,6
6,6,6,13.6,0,1,5,7,5
16,0,16,29.5,0,1,4,5,1
8,1,8,21.9,0,0,0,16,7
7,4,7,11.2,0,0,22,19,15
4,5,4,2.3,0,0,21,3,14
23,1,23,10.7,0,0,10,22,11
9,4,9,22.2,0,0,5,41,1
19,2,19,25.9,0,1,0,29,5
10,2,10,15.3,0,0,0,25,5
16,1,16,26.7,0,0,0,14,5
13,1,13,10.9,0,0,0,18,5
4,5,4,5.6,0,0,5,5,4
1,4,1,11.5,0,0,13,6,5
18,6,18,29.6,0,1,0,10,5
14,0,14,30.2,0,1,12,27,0
21,5,21,19.6,0,0,0,3,6
5,4,5,12.4,0,0,5,29,4
16,4,16,28.9,0,1,0,4,5
5,2,5,3.7,0,0,5,3,4
9,1,9,20.4,0,0,0,8,6
17,4,17,30.7,0,0,0,6,0
5,0,5,13.4,0,0,0,13,5
2,1,2,12.0,0,0,0,0,0
1,3,1,18.1,0,0,0,8,6
12,4,12,19.9,0,1,0,6,6
16,3,16,26.5,0,0,0,7,6
16,5,16,17.0,0,0,4,23,4
13,2,13,27.4,0,0,9,21,11
7,3,7,8.2,0,0,5,10,4
0,4,0,8.3,0,0,0,1,7
9,3,9,8.7,0,0,0,14,5
12,1,12,25.8,0,1,5,5,5
16,6,16,16.3,0,0,0,18,5
8,6,8,6.3,0,0,0,18,5
13,4,13,7.5,0,0,5,25,1
5,6,5,15.2,0,0,4,5,5
6,3,6,5.5,0,0,0,31,6
8,2,8,14.4,0,1,4,12,5
16,5,16,31.2,0,0,0,24,5
13,6,13,13.1,0,0,0,3,5
16,0,16,24.1,0,0,0,20,6
15,3,15,14.6,0,0,5,14,1
13,5,13,23.4,0,1,10,22,11
4,3,4,1.7,0,0,21,3,5
4,0,4,6.5,0,0,0,13,5
10,3,10,19.7,0,0,0,25,5
19,4,19,11.7,0,0,0,7,5
13,6,13,20.4,0,0,0,3,5
20,3,20,20.4,0,1,20,19,15
16,0,16,33.0,0,1,0,4,5
3,2,3,14.4,0,0,24,7,15
21,3,21,8.0,0,0,15,19,7
6,1,6,10.7,0,0,0,13,6
19,4,19,9.9,0,0,5,25,1
13,6,13,14.1,0,0,5,99,1
1,0,1,10.6,0,0,0,46,0
16,5,16,30.8,0,0,20,19,15
13,0,13,22.8,0,0,4,13,1
8,4,8,4.1,0,0,0,25,6
14,0,14,30.5,0,1,5,13,1
9,1,9,17.3,0,1,25,8,21
12,4,12,17.7,0,0,5,10,4
12,2,12,13.8,0,0,9,21,11
11,6,11,20.6,0,0,0,20,6
19,6,19,31.6,0,0,6,18,8
8,4,8,7.6,0,0,4,13,1
13,3,13,27.8,0,1,0,31,5
15,5,15,8.0,0,0,0,31,6
23,3,23,8.2,0,0,0,15,7
17,0,17,29.7,0,1,4,5,5
8,6,8,6.0,0,0,5,12,1
13,6,13,26.2,0,0,12,27,0
1,3,1,15.4,0,0,2,2,8
1,0,1,10.1,0,0,2,2,8
15,4,15,8.9,1,2,0,11,6
0,0,0,16.6,0,0,0,1,7
20,6,20,29.4,0,1,13,6,6
18,4,18,27.9,0,1,0,12,5
23,6,23,8.9,0,0,0,35,7
5,0,5,4.3,0,0,4,5,4
3,2,3,10.6,0,0,20,63,15
15,3,15,24.7,0,0,43,62,8
15,3,15,26.6,0,0,20,3,15
14,4,14,18.2,0,0,5,99,1
21,0,21,23.4,0,1,4,7,4
5,3,5,11.9,0,0,0,13,6
10,6,10,18.5,0,0,0,31,6
5,3,5,18.9,0,0,0,17,5
7,4,7,10.0,0,0,0,29,5
8,3,8,12.7,0,0,0,3,5
5,4,5,5.2,0,0,8,1,10
1,2,1,16.5,0,0,0,1,7
10,5,10,5.4,0,0,0,13,6
12,5,12,14.1,0,0,0,10,6
2,3,2,10.9,0,0,14,19,12
12,0,12,21.2,0,0,27,53,24
13,3,13,17.9,0,0,0,3,5
9,6,9,20.6,0,1,0,15,7
3,3,3,12.9,0,0,13,6,6
7,5,7,7.5,0,0,13,6,6
22,2,22,11.0,0,0,13,6,6
11,4,11,17.9,0,0,5,11,1
16,3,16,12.5,0,0,0,6,0
12,1,12,15.0,0,0,6,18,27
14,0,14,10.2,0,0,0,20,6
15,4,15,19.2,0,0,13,99,1
9,4,9,17.5,0,1,0,16,0
8,4,8,18.3,0,1,0,4,6
9,4,9,15.9,0,1,5,12,1
14,1,14,11.4,0,0,13,99,1
14,6,14,18.7,0,0,71,64,69
14,4,14,27.1,0,1,0,3,5
7,6,7,12.8,0,0,0,12,6
17,3,17,26.2,0,1,0,12,6
4,5,4,5.7,0,0,0,26,6
5,0,5,14.4,0,0,0,31,6
17,0,17,15.6,0,0,0,10,6
0,0,0,11.0,0,0,2,2,8
23,4,23,21.0,0,1,6,18,8
23,2,23,13.2,0,0,15,19,7
7,3,7,15.5,0,1,0,14,5
5,0,5,11.9,0,0,3,3,3
13,6,13,21.1,0,0,0,12,6
14,3,14,28.6,0,1,0,3,5
10,1,10,19.6,0,1,0,30,5
1,0,1,3.4,0,0,0,0,0
18,1,18,11.9,0,0,4,20,4
20,2,20,12.3,0,0,0,7,5
2,0,2,6.1,0,0,2,2,2
11,3,11,10.2,0,0,0,20,6
22,3,22,18.1,0,0,0,8,5
15,6,15,20.8,0,0,0,23,5
2,2,2,8.3,0,0,2,2,2
0,1,0,16.1,0,0,0,1,7
12,5,12,15.6,0,0,4,18,1
9,1,9,9.4,0,0,15,19,7
5,2,5,14.5,0,0,4,1,1
14,0,14,15.2,0,0,0,12,5
7,5,7,15.5,0,1,0,11,5
18,0,18,8.6,0,0,7,10,24
16,0,16,26.6,0,1,6,18,17
23,2,23,9.6,0,0,0,35,7
8,3,8,7.7,0,0,0,28,5
2,5,2,8.4,0,0,2,2,2
23,6,23,4.0,0,0,0,8,5
1,6,1,17.4,0,0,0,0,0
4,1,4,6.2,0,0,5,4,1
19,4,19,13.5,0,0,5,26,1
16,4,16,28.4,0,1,0,7,6
23,1,23,8.1,0,0,5,6,1
6,3,6,6.9,0,0,4,6,4
23,1,23,14.9,0,0,17,33,15
9,5,9,16.4,0,1,0,18,5
21,0,21,17.5,0,0,43,7,8
11,5,11,10.1,0,0,5,10,4
21,4,21,27.1,0,0,24,7,15
17,3,17,27.7,0,0,20,19,15
17,3,17,16.8,0,0,20,3,15
10,6,10,21.8,0,1,20,7,15
10,2,10,24.6,0,1,0,29,5
4,0,4,13.2,0,0,8,19,10
12,5,12,26.3,0,0,2,2,2
21,2,21,4.4,0,0,0,9,6
12,1,12,17.2,0,0,9,21,11
20,2,20,25.6,0,0,5,6,1
13,4,13,26.0,0,0,0,6,6
15,0,15,31.7,0,1,1,1,14
4,5,4,12.4,0,0,14,19,15
16,6,16,20.6,0,0,0,28,5
18,0,18,18.8,0,0,13,6,4
5,4,5,3.4,0,0,0,10,6
6,3,6,13.2,0,0,8,1,10
8,4,8,7.0,0,0,0,12,5
12,6,12,14.2,0,0,0,5,6
16,2,16,29.9,0,1,0,28,5
20,5,20,9.5,0,0,21,3,5
1,6,1,11.9,0,0,0,0,0
17,5,17,25.8,0,0,0,9,5
4,4,4,1.2,0,0,8,19,10
5,4,5,6.8,0,0,4,5,4
4,2,4,12.5,0,0,0,31,6
20,2,20,7.8,0,0,4,9,4
11,1,11,26.2,0,0,0,11,6
11,2,11,14.2,0,0,10,22,11
15,3,15,9.8,0,0,25,51,21
12,3,12,25.9,0,0,9,21,11
10,6,10,14.7,0,0,0,12,6
19,1,19,7.2,0,0,0,22,0
8,4,8,5.5,0,0,0,18,5
11,3,11,14.1,0,0,0,29,6
19,5,19,10.8,0,0,5,18,1
14,4,14,28.9,0,0,4,12,1
0,4,0,16.8,0,0,20,6,15
6,6,6,16.5,0,1,4,9,4
20,5,20,11.1,0,0,0,26,6
5,3,5,9.2,0,0,5,5,4
15,3,15,12.6,0,0,0,25,6
15,2,15,21.1,0,0,0,23,6
5,1,5,11.2,0,0,0,8,6
18,6,18,24.1,0,0,0,20,5
9,6,9,15.2,0,0,0,8,6
9,1,9,17.5,0,1,0,4,5
15,5,15,25.3,0,1,4,10,5
11,0,11,27.2,0,0,8,19,10
14,3,14,26.0,0,0,20,19,15
20,1,20,7.3,0,0,0,7,5
8,4,8,4.8,0,0,0,31,6
0,4,0,14.5,0,0,0,19,0
5,6,5,0.5,0,0,8,19,10
11,3,11,23.4,0,1,0,30,5
18,1,18,29.7,0,1,0,12,5
0,1,0,9.2,0,0,0,9,6
19,1,19,26.7,0,1,5,18,5
4,2,4,12.1,0,0,0,5,6
21,0,21,14.7,1,2,0,7,6
23,3,23,9.3,0,0,20,19,15
10,4,10,9.5,0,0,0,9,6
16,5,16,24.1,0,0,0,26,5
15,6,15,31.8,0,1,0,5,6
16,0,16,27.1,0,1,0,10,5
14,3,14,28.4,0,1,25,51,22
6,3,6,1.0,0,0,21,3,14
14,1,14,14.0,0,0,1,1,1
5,4,5,13.3,0,0,4,5,4
8,3,8,4.1,0,0,0,30,5
15,2,15,24.8,0,0,4,31,4
22,6,22,13.7,0,0,0,8,6
18,4,18,12.0,0,0,4,9,5
17,0,17,24.8,0,0,0,31,5
8,0,8,13.5,0,1,0,11,5
5,5,5,6.0,0,0,13,6,6
4,0,4,13.7,0,0,4,1,1
19,5,19,14.0,0,0,4,31,1
12,5,12,16.8,0,0,5,48,4
2,1,2,13.6,0,0,0,27,0
6,0,6,13.1,0,0,8,1,10
17,4,17,11.2,0,0,0,6,6
21,0,21,21.5,0,1,0,7,5
8,0,8,7.1,0,0,6,18,27
6,4,6,4.3,0,0,1,1,7
7,6,7,12.6,0,0,0,25,6
9,1,9,7.0,0,0,0,16,7
13,5,13,22.7,0,0,4,5,4
14,0,14,23.0,0,0,13,99,5
15,2,15,32.0,0,1,0,4,5
5,1,5,11.2,0,0,0,40,5
12,5,12,12.4,0,0,0,5,6
10,0,10,20.3,0,0,5,10,1
8,4,8,10.4,0,1,25,25,21
17,2,17,26.9,0,1,0,6,0
12,1,12,15.7,0,0,10,22,11
11,3,11,12.5,0,0,0,16,0
15,6,15,28.7,0,1,0,49,6
11,0,11,15.5,0,0,0,8,6
19,1,19,7.2,0,0,4,18,1
12,2,12,9.4,0,0,0,20,5
6,4,6,0.4,0,0,5,6,1
6,4,6,8.0,0,0,4,18,5
16,3,16,18.0,0,0,4,10,4
12,0,12,15.9,0,0,20,19,15
18,0,18,12.1,0,0,13,5,1
19,6,19,25.0,0,1,0,29,6
10,5,10,20.5,0,0,7,8,18
20,6,20,13.1,0,0,0,7,6
5,4,5,8.9,0,0,21,3,5
16,0,16,30.3,0,0,0,20,6
7,0,7,5.2,0,0,0,29,6
16,2,16,25.2,0,0,0,31,6
16,0,16,24.2,0,0,0,14,5
23,3,23,7.7,0,0,0,26,6
12,3,12,13.4,0,0,0,12,5
5,0,5,6.9,0,0,0,29,6
20,1,20,11.2,0,0,5,26,4
14,6,14,28.4,0,1,0,29,5
1,1,1,15.5,0,0,0,6,5
7,0,7,15.4,0,0,0,29,6
5,0,5,7.7,0,0,4,6,5
10,3,10,16.9,0,0,0,13,6
0,3,0,19.5,0,0,5,6,1
15,2,15,12.1,0,0,0,6,5
12,6,12,24.7,0,0,2,2,2
7,4,7,10.4,0,0,1,1,1
5,6,5,0.4,0,0,21,3,5
13,1,13,27.6,0,1,23,43,0
5,2,5,12.3,0,0,4,13,4
10,2,10,19.9,0,0,0,25,6
10,5,10,22.0,0,1,0,12,6
13,3,13,27.5,0,1,23,43,0
16,6,16,25.0,0,0,21,71,5
2,4,2,15.3,0,0,0,0,0
14,4,14,20.0,0,0,0,29,6
4,1,4,5.2,0,0,0,13,5
2,0,2,17.1,0,0,2,2,8
11,5,11,15.4,0,0,13,6,6
9,6,9,8.6,0,0,0,16,0
14,4,14,14.7,0,1,0,12,6
10,2,10,21.6,0,0,0,8,6
6,1,6,5.2,0,0,0,29,6
9,2,9,16.8,0,1,4,4,4
10,4,10,17.9,0,1,0,23,5
21,2,21,16.9,0,0,13,6,5
14,6,14,22.0,0,1,14,19,16
13,2,13,17.0,0,1,5,20,1
13,1,13,24.6,0,0,12,27,0
8,4,8,6.8,0,0,0,4,5
1,6,1,15.5,0,0,1,1,14
0,0,0,10.6,0,0,0,19,0
5,4,5,8.4,0,0,0,18,5
15,5,15,30.3,0,0,0,3,5
3,4,3,10.6,0,0,24,7,15
10,0,10,15.6,0,0,0,31,6
13,2,13,25.9,0,1,4,13,4
10,3,10,19.8,0,0,7,31,18
1,6,1,12.9,0,0,2,2,8
15,4,15,18.6,0,0,0,12,6
0,2,0,11.9,0,0,0,15,7
21,2,21,21.1,0,1,0,8,6
17,1,17,31.7,0,0,0,9,5
16,0,16,8.2,0,0,5,12,1
19,6,19,8.9,0,0,13,6,6
4,6,4,10.2,0,0,0,8,5
22,3,22,16.7,0,1,17,33,15
11,5,11,12.6,0,0,10,22,11
0,0,0,20.3,0,0,4,30,5
12,0,12,24.5,0,0,0,18,5
15,2,15,12.5,0,0,0,6,5
9,5,9,13.2,0,1,22,2,15
11,4,11,18.6,0,0,0,12,5
16,1,16,24.9,0,0,0,31,5
0,4,0,13.9,0,0,0,1,7
9,2,9,21.1,0,1,6,18,8
16,1,16,5.1,0,0,13,6,6
8,0,8,4.6,0,0,7,78,36
9,5,9,8.0,0,0,0,29,6
1,1,1,11.9,0,0,0,1,7
15,3,15,32.3,0,1,0,5,6
18,4,18,25.6,0,1,5,23,4
2,0,2,9.5,0,0,2,2,2
5,2,5,15.7,0,0,0,26,6
6,6,6,16.2,0,1,0,8,6
6,5,6,4.8,0,0,4,9,5
7,5,7,6.4,0,0,4,6,4
6,6,6,11.5,0,0,4,3,4
10,4,10,21.2,0,1,0,8,6
17,6,17,18.5,0,0,0,44,5
13,5,13,19.2,0,0,0,20,5
9,3,9,16.5,0,1,5,12,4
7,2,7,12.7,0,0,4,12,1
8,4,8,3.5,0,0,5,12,1
22,0,22,6.5,0,0,10,22,11
4,3,4,3.6,0,0,0,10,6
22,0,22,9.0,0,0,0,8,5
13,3,13,25.1,0,1,10,22,11
6,4,6,7.9,0,0,0,6,7
17,4,17,19.7,0,0,14,63,16
3,2,3,8.5,0,0,5,7,4
9,4,9,17.9,0,0,0,30,6
7,0,7,12.3,0,0,0,12,6
13,6,13,19.9,0,0,9,21,11
12,2,12,23.1,0,0,0,12,5
9,1,9,12.9,0,0,0,8,5
19,1,19,13.0,0,0,0,22,0
7,4,7,13.5,0,1,0,11,5
15,0,15,14.1,0,0,0,5,6
3,3,3,12.7,0,0,2,2,2
11,3,11,9.0,0,0,0,16,0
6,0,6,2.6,0,0,25,51,22
2,1,2,15.9,0,0,2,2,8
9,4,9,7.1,0,0,0,13,6
1,5,1,9.1,0,0,0,0,0
12,0,12,24.1,0,0,9,21,11
12,6,12,19.7,0,0,0,9,6
4,2,4,12.6,0,0,0,26,6
10,0,10,15.4,0,0,0,31,5
10,6,10,7.5,0,0,0,25,5
18,0,18,12.7,0,0,30,19,15
15,6,15,23.4,0,0,0,13,6
8,6,8,-0.2,0,0,21,3,5
23,3,23,8.8,0,0,0,15,7
16,2,16,27.9,0,0,5,12,1
12,4,12,13.5,0,0,0,5,6
7,0,7,13.1,0,1,0,11,5
17,2,17,29.3,0,0,0,23,6
8,0,8,4.5,0,0,0,10,5
2,6,2,17.0,0,0,2,2,8
18,6,18,15.1,0,0,0,10,6
1,6,1,6.4,0,0,5,7,4
14,6,14,15.1,0,0,21,71,5
23,1,23,10.4,0,0,0,36,7
12,6,12,11.4,0,0,10,22,11
1,4,1,11.7,0,0,0,0,0
12,1,12,10.8,0,0,9,21,11
20,0,20,15.4,0,0,0,31,5
11,4,11,9.8,0,0,0,13,6
6,3,6,12.0,0,0,0,14,5
15,6,15,27.6,0,0,20,19,15
9,4,9,8.1,0,0,6,18,8
9,4,9,8.4,0,0,0,30,5
2,4,2,12.0,0,0,13,6,6
18,2,18,27.5,0,0,0,29,6
5,4,5,1.0,0,0,0,31,6
12,0,12,26.7,0,1,10,38,10
18,0,18,11.2,0,0,0,10,6
7,2,7,4.0,0,0,0,12,5
23,1,23,16.9,0,0,15,19,7
8,0,8,4.6,0,0,13,6,6
19,2,19,17.8,0,0,0,48,5
7,6,7,8.6,0,0,5,10,1
16,1,16,19.2,0,0,0,25,6
5,2,5,13.1,0,0,0,26,6
5,2,5,16.7,0,0,5,5,5
13,2,13,24.7,0,1,5,7,5
16,3,16,17.6,0,0,0,44,5
9,0,9,5.5,0,0,0,3,6
13,5,13,13.4,0,0,0,10,6
13,6,13,22.6,0,0,0,14,5
11,3,11,22.3,0,1,4,12,4
18,0,18,7.9,0,0,13,6,4
1,4,1,12.6,0,0,16,32,14
14,5,14,24.7,0,1,13,6,6
16,4,16,11.3,0,0,0,12,5
8,5,8,1.5,0,0,0,6,7
18,1,18,26.1,0,1,0,31,6
11,2,11,13.3,0,0,13,6,6
11,6,11,22.2,0,0,18,34,51
20,0,20,28.4,0,1,0,10,5
16,1,16,26.0,0,0,0,31,6
18,4,18,29.5,0,0,5,12,1
12,5,12,19.9,0,0,13,6,6
16,6,16,20.3,0,0,4,64,4
11,3,11,14.2,0,0,5,9,1
4,5,4,11.1,0,0,5,5,4
21,1,21,13.2,0,0,21,3,5
17,3,17,32.8,0,0,30,19,15
7,1,7,16.7,0,1,0,11,5
18,0,18,15.7,0,0,0,13,6
23,4,23,4.5,0,0,0,8,5
8,3,8,2.5,0,0,0,25,5
14,1,14,28.2,0,0,0,11,6
17,6,17,24.4,0,0,4,45,1
7,6,7,7.1,0,0,0,3,7
10,2,10,9.6,0,0,0,20,6
18,6,18,11.4,0,0,4,18,5
7,3,7,13.2,0,0,0,14,5
20,2,20,4.6,0,0,0,26,6
13,1,13,22.9,0,0,0,9,6
8,2,8,1.3,0,0,4,31,5
11,4,11,7.3,0,0,0,24,5
10,5,10,21.2,0,1,4,12,5
14,1,14,28.1,0,1,23,43,0
6,3,6,1.0,0,0,5,6,1
11,2,11,10.7,0,0,0,31,5
19,1,19,11.1,0,0,0,9,6
9,6,9,14.2,0,0,0,6,6
11,5,11,8.6,0,0,0,13,6
4,4,4,10.0,0,0,3,3,3
22,0,22,17.9,0,1,17,33,15
2,4,2,8.2,0,0,2,2,2
20,6,20,19.4,0,0,0,26,6
20,0,20,19.8,0,0,4,18,1
17,5,17,30.0,0,0,0,30,5
20,0,20,26.1,0,1,20,19,15
17,5,17,30.5,0,1,0,30,5
18,3,18,21.9,0,0,0,9,5
16,0,16,24.5,0,0,0,7,6
8,6,8,7.2,0,0,4,13,1
6,0,6,10.3,0,0,0,29,5
21,0,21,7.4,0,1,7,12,24
11,6,11,18.9,0,0,0,13,6
8,2,8,5.0,0,0,0,4,5
14,1,14,25.7,0,1,0,12,5
18,5,18,28.3,0,1,0,12,6
5,5,5,12.9,0,0,4,4,4
20,0,20,27.2,0,1,0,10,5
11,1,11,12.9,0,0,0,16,0
18,4,18,11.9,0,0,4,18,5
7,0,7,13.3,0,1,0,7,5
15,6,15,16.0,0,0,4,39,1
14,0,14,30.7,0,0,0,20,5
14,1,14,27.1,0,1,0,20,5
12,2,12,16.4,0,0,0,31,6
20,2,20,11.6,0,0,13,6,6
5,4,5,9.9,0,0,4,4,4
4,4,4,9.1,0,0,0,9,5
14,0,14,23.4,0,0,4,13,5
13,3,13,23.4,0,0,10,22,11
5,3,5,9.0,0,0,0,23,5
18,3,18,9.4,0,0,0,31,6
4,5,4,11.6,0,0,0,31,6
14,1,14,11.5,0,0,4,6,4
0,6,0,14.4,0,0,0,1,7
23,2,23,11.6,1,2,5,9,1
15,6,15,18.6,0,0,4,6,4
0,1,0,19.1,0,0,18,34,11
9,0,9,16.1,0,1,4,4,5
21,0,21,18.0,0,0,4,13,1
13,0,13,25.0,0,0,0,9,6
7,0,7,0.6,0,0,0,12,6
10,6,10,10.0,0,0,28,7,0
5,0,5,11.9,0,0,0,31,6
11,0,11,24.0,0,1,0,19,0
16,5,16,16.8,0,0,0,13,6
7,5,7,15.7,0,1,5,18,7
14,3,14,18.4,0,0,0,3,6
22,3,22,9.5,1,2,0,5,6
8,3,8,10.8,1,2,5,29,1
14,4,14,29.3,0,0,5,14,1
1,2,1,13.5,0,0,2,2,8
20,3,20,18.3,0,0,0,48,5
6,0,6,9.8,0,0,20,6,15
13,5,13,12.1,0,0,5,29,4
6,3,6,6.9,0,0,4,64,4
12,3,12,14.4,0,0,0,23,5
9,5,9,19.6,0,0,5,10,4
1,0,1,3.8,0,0,0,46,0
4,2,4,9.5,0,0,21,3,5
23,3,23,8.7,0,0,0,35,0
18,1,18,28.6,0,1,0,12,6
15,0,15,16.7,0,0,0,5,5
5,1,5,1.0,0,0,0,7,6
4,5,4,13.3,0,0,68,63,15
18,0,18,25.0,0,1,4,9,4
0,5,0,12.6,0,0,1,1,1
4,3,4,14.6,0,0,0,31,5
5,4,5,12.6,0,0,0,5,6
5,5,5,11.5,0,0,0,31,5
9,5,9,9.2,0,0,7,67,24
2,2,2,12.8,0,0,0,46,0
17,6,17,12.1,0,0,0,18,5
7,0,7,13.7,0,0,0,41,5
15,3,15,18.6,0,0,5,12,1
14,5,14,20.6,0,0,13,99,5
15,2,15,34.2,0,1,0,49,5
21,6,21,17.2,0,0,13,6,6
10,0,10,22.6,0,1,4,10,4
6,2,6,12.5,0,1,13,6,6
20,6,20,11.6,0,0,18,34,11
17,0,17,26.2,0,1,4,45,4
16,5,16,30.9,0,0,0,7,5
4,4,4,6.9,0,0,0,5,6
4,6,4,2.1,0,0,21,3,5
10,2,10,17.2,0,0,0,10,5
16,4,16,29.0,0,1,0,28,5
22,1,22,9.9,0,0,0,26,5
17,6,17,27.0,0,1,0,6,0
11,2,11,8.8,0,0,10,22,11
8,2,8,8.0,0,0,0,4,5
12,6,12,14.0,0,0,5,12,1
19,6,19,12.6,0,0,0,22,0
11,5,11,14.7,0,0,0,89,7
17,2,17,12.7,0,0,0,30,5
10,4,10,25.7,0,1,0,17,5
20,6,20,15.4,0,0,5,10,4
13,5,13,24.7,0,0,0,13,6
0,3,0,12.4,0,0,0,36,7
5,2,5,10.9,0,0,21,3,5
6,5,6,11.7,0,1,4,5,4
7,4,7,13.3,0,1,0,7,5
11,3,11,11.1,0,0,0,10,6
16,3,16,11.4,0,0,0,18,5
10,2,10,7.3,0,0,28,7,0
10,4,10,12.7,0,0,0,23,5
16,4,16,20.2,0,0,0,4,6
5,1,5,5.1,0,0,4,13,1
9,2,9,19.0,0,1,5,14,1
18,2,18,14.1,0,0,13,5,4
6,2,6,3.6,0,0,5,7,1
5,5,5,20.1,0,0,4,18,1
23,1,23,9.9,0,0,0,35,0
6,1,6,5.3,0,0,5,6,1
13,0,13,21.3,0,0,0,13,5
18,4,18,19.6,0,0,5,20,4
8,4,8,14.9,0,0,0,9,6
9,5,9,8.7,0,0,0,6,5
6,0,6,1.6,0,0,5,6,1
12,3,12,14.2,0,0,6,30,19
12,2,12,16.3,0,0,7,80,24
14,2,14,16.0,0,0,0,3,6
12,5,12,18.4,0,0,0,8,6
22,0,22,17.0,0,0,11,60,3
12,1,12,23.8,0,1,0,29,5
17,6,17,24.4,0,0,0,20,6
11,5,11,24.8,0,0,5,12,1
6,1,6,17.7,0,1,5,7,5
15,4,15,29.1,0,0,4,10,4
7,1,7,9.0,0,0,0,7,6
13,3,13,27.6,0,1,0,23,5
5,3,5,7.1,0,0,0,55,5
12,3,12,11.4,0,0,0,6,6
9,0,9,9.1,0,0,21,3,5
15,3,15,15.7,0,0,0,20,5
0,5,0,18.9,0,0,15,37,7
21,2,21,6.8,0,0,0,9,6
4,5,4,5.9,0,0,5,5,4
5,1,5,5.0,0,0,21,3,5
12,0,12,29.9,0,0,9,21,13
12,0,12,11.7,0,0,4,13,4
18,5,18,29.9,0,1,0,8,6
21,2,21,4.0,0,0,0,13,6
4,4,4,9.5,0,0,0,3,5
22,2,22,14.3,0,0,0,9,6
15,0,15,15.7,0,0,13,6,6
4,0,4,3.1,0,0,0,23,6
0,3,0,8.4,0,0,0,1,7
15,5,15,11.8,0,0,0,29,6
1,2,1,10.9,0,0,0,1,0
21,3,21,17.2,0,0,26,58,7
0,3,0,15.9,0,0,4,29,1
15,1,15,29.0,0,1,43,68,8
11,3,11,10.6,0,0,4,54,5
9,6,9,21.6,0,1,0,3,6
16,6,16,17.8,0,0,0,28,6
23,2,23,14.6,0,0,18,34,11
10,0,10,12.6,0,0,28,7,0
4,6,4,5.5,0,0,0,13,6
2,4,2,12.6,0,0,68,63,15
6,6,6,12.3,0,0,13,6,4
21,2,21,14.8,0,0,0,31,5
23,4,23,12.2,0,0,13,6,5
12,6,12,24.4,0,1,0,5,6
8,2,8,19.1,0,1,4,12,5
17,0,17,13.2,0,0,4,10,5
5,0,5,7.9,0,0,0,31,6
13,1,13,12.0,0,0,0,48,6
17,5,17,29.6,0,0,0,6,0
20,2,20,16.2,0,0,0,7,5
0,5,0,8.7,0,0,2,2,8
18,0,18,28.8,0,0,13,5,5
17,2,17,29.8,0,1,0,30,5
19,5,19,26.4,0,1,0,29,6
6,3,6,3.7,0,0,0,31,5
15,2,15,29.9,0,1,0,4,5
4,3,4,3.3,0,0,0,8,6
12,1,12,19.1,0,0,0,8,6
13,6,13,22.0,0,1,0,12,5
9,3,9,13.7,0,0,0,29,5
11,3,11,12.1,0,0,0,19,7
19,2,19,26.7,0,1,5,18,5
9,6,9,19.3,0,1,4,39,1
16,0,16,20.2,0,0,5,12,4
8,1,8,10.1,0,0,0,12,6
19,1,19,17.0,0,0,0,20,5
9,5,9,7.5,0,0,0,13,6
15,6,15,23.6,0,0,1,1,1
12,5,12,23.9,0,0,0,28,6
11,2,11,10.9,0,0,5,10,4
7,5,7,6.3,0,0,0,26,6
5,3,5,5.7,0,0,0,9,6
8,0,8,16.4,0,0,0,20,6
1,6,1,17.8,0,0,20,6,15
23,2,23,9.7,0,0,5,6,1
1,1,1,11.0,0,0,2,2,8
14,6,14,18.2,0,0,0,31,5
8,1,8,9.7,0,0,20,7,15
20,0,20,8.5,0,0,0,7,5
9,3,9,14.2,0,0,6,18,8
10,4,10,18.7,0,0,0,12,6
23,0,23,19.4,0,1,19,15,0
20,5,20,11.7,0,0,4,13,1
1,6,1,16.0,0,0,0,0,0
11,2,11,18.2,0,0,0,31,6
17,0,17,31.3,0,1,0,31,5
10,0,10,7.4,0,0,0,20,5
7,0,7,0.4,0,0,1,1,7
17,1,17,29.3,0,1,0,18,5
18,0,18,12.4,0,0,13,6,1
5,2,5,4.3,0,0,4,6,4
23,2,23,24.6,0,1,17,33,15
1,5,1,10.1,0,0,1,1,1
16,6,16,28.8,0,1,4,5,4
4,0,4,5.6,0,0,2,2,8
21,1,21,20.1,0,1,0,22,0
23,1,23,16.5,0,1,19,15,0
15,6,15,17.1,0,0,0,44,6
15,1,15,14.7,0,0,0,10,6
5,2,5,10.5,0,0,0,26,6
5,0,5,8.4,0,0,0,31,5
1,6,1,5.0,0,0,0,0,0
16,5,16,32.9,0,0,4,20,4
11,1,11,14.7,0,0,0,6,6
18,5,18,11.4,0,0,13,6,6
11,3,11,10.2,0,0,10,22,11
8,0,8,19.3,0,0,0,18,5
18,2,18,13.4,0,0,0,12,6
17,6,17,26.7,0,1,0,30,5
20,4,20,7.1,0,0,0,26,6
13,3,13,10.8,0,0,0,29,6
4,1,4,11.7,0,0,0,9,5
18,6,18,27.3,0,1,0,30,5
7,2,7,12.6,0,1,0,11,6
17,0,17,21.2,0,0,5,25,1
12,4,12,17.4,0,0,0,5,6
6,4,6,8.3,0,0,4,18,1
20,2,20,14.8,0,0,0,8,5
16,5,16,27.6,0,0,0,9,6
15,4,15,11.5,0,0,5,14,1
15,5,15,30.2,0,0,0,23,6
7,3,7,15.6,0,1,0,11,5
19,4,19,22.8,0,2,0,31,5
14,5,14,27.6,0,0,0,29,6
23,1,23,9.9,0,0,0,19,7
16,6,16,10.2,0,0,4,64,4
12,6,12,13.6,0,0,0,18,5
8,4,8,18.3,0,0,4,13,1
8,0,8,16.1,0,1,5,14,1
13,3,13,23.2,0,0,6,18,17
12,1,12,12.1,0,0,0,18,5
13,1,13,10.8,0,0,5,7,1
0,5,0,6.8,1,2,0,31,6
5,1,5,4.5,0,0,0,7,5
7,1,7,4.4,0,0,0,11,5
4,2,4,9.1,0,0,0,13,6
11,6,11,21.9,0,0,0,29,6
23,4,23,9.3,0,0,0,35,0
13,4,13,16.7,0,0,0,3,5
11,6,11,22.9,0,1,6,30,19
19,1,19,26.7,0,1,5,12,4
11,3,11,18.1,0,0,7,14,18
13,2,13,16.3,0,0,9,21,11
9,2,9,11.1,0,0,0,3,5
1,1,1,10.5,0,0,2,2,8
15,0,15,33.8,0,0,1,1,1
0,0,0,5.9,0,0,2,2,8
8,1,8,9.2,0,0,0,4,5
13,5,13,28.4,0,1,0,7,5
11,6,11,12.8,0,0,0,8,6
14,3,14,24.6,0,0,25,51,21
23,1,23,14.9,0,1,15,37,7
23,6,23,12.6,0,0,0,36,7
20,3,20,11.0,0,0,4,18,5
19,6,19,23.9,0,0,0,29,6
8,0,8,17.8,0,0,0,20,6
15,5,15,15.2,0,0,0,6,6
18,1,18,26.0,0,1,0,12,5
1,4,1,16.1,0,0,2,2,8
21,5,21,15.5,0,0,21,3,5
16,0,16,18.6,0,0,14,19,16
13,5,13,25.3,0,0,4,18,1
1,2,1,6.4,0,0,13,6,6
17,4,17,30.4,0,0,13,5,5
1,3,1,14.0,0,0,16,32,14
8,0,8,10.0,0,0,0,3,5
10,6,10,15.5,0,0,5,10,4
1,1,1,17.2,0,0,0,6,5
11,3,11,11.9,0,0,0,6,6
7,1,7,5.7,0,0,4,6,4
14,5,14,19.3,0,0,0,11,6
16,2,16,24.9,0,0,0,1,10
21,4,21,20.8,0,1,0,10,5
7,3,7,17.9,0,0,0,29,5
22,4,22,20.6,0,0,15,19,13
16,5,16,30.9,0,0,0,31,5
14,6,14,14.7,0,0,6,30,19
9,6,9,12.9,0,0,0,17,5
16,6,16,32.6,0,1,14,19,16
0,3,0,7.2,0,0,0,1,0
4,6,4,9.3,0,0,5,1,1
6,1,6,11.0,0,1,5,10,1
16,6,16,16.6,0,0,4,20,1
8,6,8,17.0,0,0,0,20,6
9,5,9,18.1,0,0,0,30,5
5,5,5,7.3,0,0,4,4,4
8,2,8,3.3,0,0,0,4,5
18,4,18,20.9,0,0,21,3,0
23,6,23,14.5,0,0,18,34,11
7,4,7,0.4,0,0,0,3,7
10,1,10,10.9,0,0,5,14,1
16,0,16,17.0,0,0,0,20,6
11,1,11,22.1,0,1,4,12,4
8,4,8,8.0,0,0,4,39,1
7,6,7,17.0,0,0,0,12,6
12,6,12,11.7,0,0,5,14,1
14,2,14,13.5,0,0,13,6,6
1,4,1,18.0,0,0,10,22,11
15,6,15,17.1,0,0,0,3,6
8,4,8,12.2,0,0,0,3,7
6,3,6,10.5,0,0,4,23,4
13,4,13,24.4,0,1,12,27,0
9,3,9,5.6,0,0,0,28,6
14,2,14,13.6,0,0,0,6,6
23,2,23,3.4,0,0,0,31,6
6,2,6,7.6,0,0,5,9,4
7,1,7,8.6,0,0,0,7,6
21,0,21,14.2,0,0,0,3,5
12,3,12,21.4,0,0,2,2,2
1,4,1,8.1,0,0,2,2,8
5,1,5,11.6,0,0,4,4,4
5,6,5,8.7,0,0,4,1,1
15,1,15,30.3,0,1,0,5,6
7,4,7,15.2,0,1,0,11,5
15,5,15,15.8,0,0,0,22,0
12,5,12,26.4,0,0,0,31,5
4,2,4,13.1,0,0,0,9,5
14,1,14,27.4,0,1,6,18,8
11,1,11,21.7,0,1,28,7,0
5,5,5,13.1,0,0,4,23,5
16,4,16,29.5,0,1,5,8,4
11,5,11,12.7,0,0,10,22,11
0,4,0,3.4,0,0,1,1,1
4,4,4,11.2,0,0,0,31,6
12,1,12,10.2,0,0,0,20,6
11,5,11,15.4,0,0,0,8,6
10,6,10,21.2,0,1,0,3,6
13,4,13,16.5,0,0,0,9,6
5,0,5,14.3,0,0,4,1,1
18,6,18,31.9,0,0,0,48,5
6,0,6,4.3,0,0,25,51,21
16,0,16,27.1,0,0,0,12,5
1,2,1,9.2,0,0,0,0,0
13,3,13,10.1,1,2,0,12,6
7,4,7,8.5,0,0,0,29,6
11,6,11,11.5,0,0,5,14,1
6,1,6,9.3,0,0,5,3,4
10,3,10,17.7,0,0,0,24,6
16,0,16,15.5,0,0,0,20,6
6,5,6,10.5,0,0,5,18,1
5,1,5,4.8,0,0,0,9,5
8,5,8,14.6,0,0,0,12,6
7,0,7,11.0,0,0,0,9,6
7,1,7,11.1,0,0,0,11,5
9,2,9,17.6,0,0,5,14,1
14,6,14,27.9,0,1,12,27,0
17,2,17,36.6,0,1,4,20,4
17,3,17,25.9,0,0,13,6,6
15,5,15,34.9,0,1,0,31,5
12,1,12,26.8,0,1,0,29,6
12,3,12,14.2,0,0,0,10,6
23,6,23,14.3,0,0,20,19,15
10,5,10,22.3,0,1,0,12,6
21,0,21,8.4,0,0,0,26,6
1,3,1,13.1,0,0,0,0,0
14,6,14,17.3,0,0,20,7,15
15,2,15,18.7,0,0,4,30,5
18,0,18,34.3,0,1,0,3,0
12,3,12,21.3,0,0,20,19,15
5,6,5,16.3,0,0,21,3,5
17,5,17,23.8,0,0,0,13,6
19,4,19,24.3,0,0,5,30,1
0,3,0,8.6,0,0,13,6,5
10,0,10,18.0,0,1,0,8,5
9,5,9,15.8,0,1,0,29,5
4,1,4,11.9,0,0,0,31,6
8,0,8,16.5,0,0,0,18,5
14,0,14,23.8,0,0,0,41,5
8,0,8,6.3,0,0,0,29,6
12,2,12,24.5,0,1,0,5,6
5,4,5,10.9,0,0,4,6,4
10,4,10,20.0,0,1,0,30,5
14,0,14,10.0,0,0,0,12,5
4,5,4,2.5,0,0,0,5,6
8,4,8,16.8,0,0,20,19,15
12,3,12,19.4,0,0,0,5,5
20,0,20,9.3,0,0,5,13,4
13,3,13,20.8,0,0,0,3,5
8,1,8,4.6,0,0,0,20,5
8,5,8,17.5,0,0,5,10,1
13,6,13,27.2,0,1,23,43,0
14,6,14,23.1,0,0,0,12,6
11,0,11,10.1,0,0,0,10,6
5,0,5,15.9,0,0,4,6,4
0,6,0,20.7,0,0,4,29,1
2,4,2,15.0,0,0,13,6,5
20,5,20,9.2,1,2,0,7,6
4,1,4,9.9,0,0,0,26,6
13,6,13,12.4,0,0,0,11,6
6,1,6,13.5,0,0,0,40,5
12,4,12,26.7,0,0,7,8,18
7,5,7,5.1,0,0,0,10,5
18,0,18,10.9,0,0,13,5,1
15,3,15,15.4,0,0,20,19,15
21,4,21,8.5,0,0,4,29,1
5,4,5,9.3,0,0,4,5,4
21,1,21,17.6,0,0,26,58,7
18,2,18,8.3,0,0,0,10,6
11,2,11,14.8,0,0,0,24,5
13,6,13,27.2,0,1,0,11,5
9,5,9,16.4,0,1,0,29,5
5,2,5,13.5,0,0,5,5,4
23,6,23,22.0,0,1,6,18,8
6,5,6,8.4,0,0,4,6,1
5,2,5,13.4,0,0,22,19,15
10,5,10,23.6,0,0,0,29,6
6,5,6,13.5,0,1,4,6,4
19,1,19,11.0,0,0,0,20,6
5,1,5,11.2,0,0,21,3,5
16,3,16,26.4,0,0,0,29,5
21,0,21,7.6,0,1,0,10,5
8,1,8,5.5,0,0,5,10,1
17,6,17,24.0,0,0,0,8,6
13,1,13,23.0,0,1,9,21,13
17,6,17,32.4,0,1,0,30,5
11,5,11,23.7,0,0,0,31,5
10,1,10,20.3,0,0,0,29,6
12,5,12,26.3,0,1,9,21,13
5,1,5,9.5,0,0,0,13,6
21,1,21,3.6,0,0,0,9,5
14,4,14,15.6,0,0,0,6,6
21,4,21,19.1,0,1,0,26,5
18,3,18,31.3,0,0,0,31,6
22,0,22,4.6,0,0,16,32,14
13,6,13,28.7,0,1,23,43,0
16,6,16,24.1,0,0,0,29,6
1,6,1,6.2,0,0,14,19,12
7,4,7,3.4,0,0,0,3,7
1,2,1,11.2,0,0,0,46,0
20,6,20,20.1,0,0,0,31,6
14,6,14,28.5,0,1,0,6,5
13,6,13,12.3,0,0,9,21,11
15,2,15,18.1,0,0,1,1,1
8,5,8,17.9,0,1,0,18,5
1,3,1,9.8,0,0,1,1,1
12,5,12,18.4,0,0,5,25,1
15,5,15,31.0,0,0,5,14,1
0,0,0,18.3,0,0,24,7,15
15,5,15,17.2,0,0,21,71,5
18,3,18,27.3,0,0,0,12,6
6,1,6,5.7,0,0,4,9,5
16,3,16,15.2,0,1,0,10,5
11,3,11,25.8,0,1,0,31,5
0,2,0,10.2,0,0,2,2,8
7,0,7,9.7,0,0,21,3,14
20,6,20,10.6,0,0,0,7,6
8,0,8,10.0,0,0,4,39,1
15,4,15,14.9,0,0,1,1,1
7,2,7,10.6,0,0,0,11,6
4,2,4,4.3,0,0,0,31,5
2,0,2,12.7,0,0,13,6,6
0,0,0,3.3,0,0,13,6,6
18,6,18,23.2,0,0,0,25,5
9,3,9,14.5,0,0,4,31,4
14,5,14,29.7,0,0,0,12,6
19,4,19,9.5,0,0,13,6,6
8,6,8,15.2,0,1,0,42,5
17,2,17,34.5,0,1,0,12,6
20,4,20,31.7,0,1,0,10,5
9,5,9,15.5,0,0,0,3,5
19,3,19,21.4,0,1,0,6,5
22,0,22,12.4,0,0,15,19,7
3,4,3,10.9,0,0,3,3,3
14,2,14,33.1,0,1,0,10,6
22,0,22,7.3,0,0,6,18,8
8,0,8,2.3,0,0,0,20,5
1,2,1,9.7,0,0,0,46,0
19,2,19,23.1,0,1,0,29,5
1,2,1,12.0,0,0,1,1,1
5,3,5,10.7,0,0,4,13,1
14,6,14,12.5,0,0,0,20,5
23,4,23,7.9,0,0,0,36,0
5,5,5,14.3,0,0,4,1,1
16,2,16,22.0,0,0,21,71,5
15,2,15,27.7,0,1,0,10,6
4,1,4,5.6,0,0,14,19,12
16,1,16,19.4,0,0,0,13,6
9,2,9,21.4,0,1,0,12,5
5,0,5,6.0,0,0,0,13,6
4,5,4,12.2,0,0,0,10,5
17,2,17,21.7,0,0,5,7,1
13,5,13,27.8,0,0,10,22,11
3,3,3,15.9,0,0,2,2,2
8,0,8,10.1,0,0,6,18,27
18,6,18,14.6,0,0,4,20,5
12,5,12,20.0,0,1,0,24,5
13,6,13,18.9,0,0,0,18,6
20,1,20,15.2,0,0,25,25,22
13,3,13,16.8,0,0,5,7,1
13,0,13,7.7,0,0,20,19,15
23,1,23,17.6,0,0,0,8,5
7,0,7,14.4,0,1,0,13,5
19,2,19,9.0,0,0,0,9,6
5,2,5,13.3,1,3,4,1,1
22,4,22,21.7,0,0,0,7,1
21,3,21,5.4,0,0,10,38,10
6,3,6,2.4,0,0,0,31,6
16,3,16,22.4,0,0,0,13,5
6,4,6,5.0,0,0,0,9,6
8,4,8,11.2,0,0,0,25,6
5,0,5,13.3,0,0,4,5,4
20,1,20,10.6,0,0,0,26,6
13,1,13,14.2,0,0,0,3,5
8,1,8,11.6,0,0,0,31,6
20,2,20,9.1,0,0,4,13,1
1,2,1,8.9,0,0,2,2,8
13,3,13,21.0,0,0,13,6,5
3,5,3,13.8,0,0,1,39,1
17,5,17,8.9,0,0,0,30,5
6,2,6,14.8,0,0,14,19,16
16,4,16,29.1,0,1,0,28,5
23,5,23,18.9,0,0,15,19,7
4,4,4,11.7,0,0,0,3,5
13,2,13,18.3,0,1,9,21,13
15,0,15,19.9,0,0,5,24,1
13,1,13,16.7,0,0,0,3,5
11,5,11,15.6,0,0,13,6,6
18,3,18,29.5,0,1,0,31,6
20,1,20,22.6,0,1,0,29,5
18,2,18,20.7,0,0,5,20,1
17,5,17,20.7,0,0,0,13,6
8,1,8,9.7,0,0,0,29,5
18,0,18,30.0,0,1,0,8,5
0,2,0,9.9,0,0,5,6,1
13,0,13,25.5,0,0,12,27,0
8,5,8,19.0,0,1,0,18,5
15,2,15,12.2,0,0,0,18,5
14,4,14,20.1,0,0,6,18,8
2,3,2,10.9,0,0,13,6,6
17,6,17,24.5,0,0,4,45,1
15,2,15,29.8,0,1,0,49,5
10,2,10,17.4,0,1,0,23,5
12,1,12,27.1,0,1,0,8,6
10,4,10,7.6,0,0,0,20,6
5,1,5,6.4,0,0,5,5,4
5,4,5,2.2,0,0,4,23,4
10,1,10,6.7,0,0,0,6,0
23,5,23,15.9,0,0,0,36,7
11,2,11,22.8,0,1,0,24,6
12,6,12,27.7,0,1,2,2,2
23,3,23,8.7,0,0,0,36,7
12,1,12,20.2,0,0,5,10,4
23,6,23,12.1,0,0,13,6,6
13,6,13,21.8,0,0,0,12,6
17,2,17,15.7,0,0,4,9,4
18,0,18,29.8,0,1,0,30,5
19,2,19,26.2,0,1,4,10,4
5,5,5,8.9,0,0,4,5,4
4,2,4,10.4,0,0,0,13,6
12,1,12,13.2,0,0,4,54,5
11,4,11,10.4,0,0,31,63,12
0,5,0,19.6,0,0,6,18,8
12,6,12,25.2,0,1,9,21,1
19,1,19,27.3,0,1,0,31,6
23,5,23,8.1,0,0,0,35,7
18,1,18,14.0,0,0,0,25,5
18,5,18,31.0,0,1,0,7,5
17,1,17,24.5,0,1,0,10,6
13,4,13,21.4,0,0,23,43,0
10,4,10,15.0,0,0,28,7,0
11,6,11,10.5,0,0,0,8,6
21,5,21,9.1,0,0,15,19,7
5,0,5,6.5,0,0,4,5,4
20,0,20,24.1,0,0,4,18,4
19,5,19,21.1,0,0,6,18,8
12,6,12,14.9,0,0,9,21,11
7,5,7,-0.6,0,0,25,51,22
13,0,13,11.9,0,0,0,41,5
16,4,16,27.5,0,0,0,9,5
18,1,18,30.1,0,1,0,12,5
17,1,17,17.0,0,0,0,9,6
16,1,16,30.9,0,1,4,12,5
16,1,16,18.4,0,0,0,25,6
14,4,14,18.3,0,0,13,99,1
12,2,12,9.6,0,0,0,20,6
15,2,15,26.8,0,0,20,19,15
16,6,16,29.1,0,1,0,29,6
2,2,2,5.4,0,0,2,2,2
8,6,8,20.0,0,1,0,18,5
19,4,19,14.6,0,1,0,31,5
17,6,17,17.0,0,0,4,45,1
12,3,12,14.7,0,0,0,9,6
20,4,20,16.0,0,0,20,19,15
8,0,8,9.5,0,0,0,25,6
11,4,11,19.7,0,0,0,4,5
5,1,5,5.8,0,0,4,4,5
5,5,5,8.8,0,0,4,18,1
18,0,18,13.0,0,0,20,19,15
18,5,18,7.3,0,0,4,29,5
9,5,9,8.9,0,0,4,20,5
4,3,4,1.1,0,0,5,5,4
16,6,16,24.4,0,0,0,25,6
16,4,16,17.1,0,0,0,1,7
11,4,11,7.3,0,0,0,25,6
21,3,21,17.3,0,0,0,31,6
15,4,15,30.3,0,0,20,75,15
17,0,17,11.8,0,0,4,64,4
23,4,23,25.6,0,1,10,38,10
12,3,12,28.2,0,0,5,9,1
19,3,19,18.0,0,0,6,18,8
9,6,9,16.1,0,1,0,4,5
21,1,21,17.1,0,0,13,5,1
9,3,9,14.6,0,0,5,10,4
8,3,8,13.1,0,0,0,18,5
12,6,12,16.4,0,0,13,6,6
16,1,16,30.6,0,1,0,6,6
15,6,15,15.9,0,0,13,4,5
8,1,8,13.1,0,0,0,29,6
16,5,16,28.0,0,0,0,7,5
14,4,14,16.9,0,0,12,27,0
13,1,13,12.0,0,0,0,9,6
18,4,18,28.9,0,1,21,3,0
13,5,13,19.5,0,0,4,5,1
2,1,2,8.9,0,0,2,2,2
5,3,5,5.8,0,0,5,5,4
11,3,11,27.7,0,0,0,25,6
19,4,19,23.5,0,0,14,19,12
7,6,7,11.0,0,0,0,8,5
18,5,18,24.9,0,0,7,65,9
14,3,14,26.6,0,0,4,13,4
12,2,12,16.5,0,0,13,6,6
12,0,12,25.9,0,1,0,12,5
6,4,6,13.0,0,0,4,31,5
18,2,18,18.9,0,0,5,26,4
19,5,19,15.1,0,0,5,30,1
7,6,7,6.5,0,0,4,39,1
0,0,0,6.9,0,0,0,0,0
4,6,4,5.8,0,0,5,4,1
22,0,22,18.3,0,1,16,32,14
8,2,8,4.4,0,0,5,10,1
14,4,14,18.4,0,0,21,3,5
10,5,10,13.7,0,0,28,7,0
14,0,14,25.0,0,0,30,19,15
10,4,10,12.6,0,0,0,23,5
19,6,19,22.2,0,0,0,20,6
5,4,5,4.8,0,0,0,9,6
7,5,7,16.2,0,0,21,3,5
12,6,12,14.4,0,0,0,18,5
4,4,4,1.9,0,0,3,3,3
6,3,6,15.5,0,0,0,14,5
18,6,18,25.8,0,0,0,48,5
4,2,4,12.1,0,0,5,9,1
5,6,5,16.0,0,0,4,4,1
16,6,16,11.0,0,0,0,25,6
8,4,8,12.4,0,0,4,39,1
16,6,16,28.4,0,1,20,19,15
3,3,3,13.2,0,0,8,19,10
5,3,5,13.4,0,0,5,5,5
5,4,5,8.1,0,0,0,26,6
18,5,18,13.8,0,0,0,10,6
17,5,17,29.5,0,1,0,12,5
17,1,17,13.7,0,0,0,31,6
8,4,8,15.5,0,1,0,8,5
19,4,19,15.8,0,0,4,9,5
16,3,16,14.2,0,0,14,19,12
21,3,21,8.7,0,0,8,39,10
13,6,13,15.3,0,0,6,30,19
13,6,13,14.1,0,0,5,6,1
20,5,20,14.5,0,0,0,3,6
20,4,20,19.2,0,0,0,26,5
8,1,8,6.9,0,0,4,20,4
23,5,23,17.4,0,0,19,15,0
12,5,12,11.0,0,0,0,18,5
12,0,12,15.6,0,0,0,5,6
7,3,7,14.6,0,1,0,8,5
10,4,10,8.7,0,0,25,51,22
18,2,18,28.9,0,1,0,12,5
11,2,11,9.6,0,0,2,2,2
14,6,14,15.4,0,0,13,6,6
19,0,19,28.2,0,0,0,13,6
22,5,22,10.4,0,0,16,32,14
12,1,12,22.8,0,0,5,10,4
10,0,10,7.9,0,0,0,31,6
11,0,11,23.4,0,1,0,20,5
10,3,10,10.6,0,0,0,20,6
18,5,18,30.6,0,1,0,7,5
1,5,1,18.4,0,0,0,0,0
18,3,18,21.4,0,0,5,23,4
7,6,7,14.6,0,1,0,11,6
18,4,18,15.4,0,0,13,5,5
18,0,18,7.7,0,0,4,64,4
22,4,22,12.2,0,1,6,18,8
19,0,19,12.0,0,0,5,30,1
10,5,10,17.5,0,1,11,60,3
22,4,22,18.9,0,0,0,31,6
8,1,8,6.4,0,0,4,9,4
12,0,12,27.0,0,1,20,19,15
22,4,22,6.8,0,0,6,7,8
14,4,14,14.6,0,0,21,71,5
21,5,21,6.0,0,0,0,8,5
21,6,21,25.4,0,1,0,22,0
14,6,14,23.6,0,0,0,31,6
0,2,0,19.4,0,0,0,36,0
0,6,0,7.0,0,0,0,1,7
6,1,6,9.0,0,0,25,52,23
15,6,15,24.9,0,0,0,13,6
7,0,7,13.0,0,1,0,29,6
16,0,16,30.4,0,0,0,10,5
6,3,6,13.1,0,1,21,3,5
5,5,5,4.9,0,0,4,5,4
17,4,17,25.9,0,0,0,30,5
0,2,0,12.4,0,0,0,1,7
20,5,20,15.2,0,0,18,34,11
14,0,14,23.6,0,0,4,13,4
0,0,0,9.0,0,0,1,1,1
7,5,7,5.5,0,0,4,5,4
14,3,14,12.5,0,0,20,19,15
13,1,13,26.8,0,0,28,7,0
7,5,7,15.9,0,0,0,25,6
2,3,2,17.4,0,0,10,38,10
10,2,10,10.5,0,0,0,12,6
7,5,7,12.5,0,0,5,17,1
1,4,1,15.3,0,0,0,0,7
5,6,5,7.7,0,0,5,13,1
5,2,5,9.5,0,0,5,9,4
1,5,1,9.6,0,0,13,6,6
17,1,17,19.7,0,0,0,5,6
13,3,13,11.8,0,0,0,13,6
9,1,9,13.8,0,0,20,19,15
2,6,2,12.9,0,0,13,6,6
23,1,23,8.9,0,0,5,6,1
15,6,15,28.6,0,0,0,44,6
9,2,9,14.6,0,1,4,12,4
6,0,6,2.4,0,0,0,13,6
11,4,11,24.3,0,0,20,6,15
17,1,17,15.6,0,0,0,18,5
15,2,15,19.0,0,0,0,10,6
10,4,10,17.2,0,1,0,11,5
4,6,4,12.3,0,0,0,5,6
8,0,8,14.3,0,0,0,29,6
12,6,12,11.8,0,0,13,6,6
12,5,12,17.0,0,0,0,13,5
21,2,21,23.0,0,0,26,58,7
16,5,16,14.9,0,0,21,3,0
10,6,10,16.9,0,0,5,14,1
8,3,8,4.4,0,0,0,4,5
7,2,7,11.5,0,0,0,11,6
19,2,19,7.0,0,0,5,18,1
15,3,15,13.5,0,0,5,12,1
11,0,11,9.4,0,0,0,19,7
14,6,14,18.5,0,0,13,99,5
19,3,19,7.7,0,0,0,22,0
11,5,11,18.5,0,1,0,10,5
8,0,8,12.0,0,0,5,12,4
12,3,12,21.2,0,0,7,66,24
10,6,10,9.7,0,0,7,13,24
7,0,7,9.0,0,1,0,12,6
5,3,5,12.9,0,0,2,2,8
8,5,8,16.7,0,0,0,10,6
13,0,13,8.0,0,0,0,20,6
4,3,4,9.5,0,0,0,26,6
10,2,10,11.7,0,0,42,84,41
22,0,22,9.2,0,0,15,19,13
5,0,5,6.5,0,0,0,9,6
13,4,13,15.9,0,0,12,27,0
12,3,12,13.8,0,0,20,19,15
13,6,13,26.2,0,0,4,18,1
6,2,6,11.2,0,0,0,14,5
9,1,9,12.4,0,0,22,19,15
5,1,5,0.0,0,0,0,10,5
6,0,6,8.6,0,0,25,52,22
5,1,5,8.7,0,0,0,40,5
15,6,15,21.0,0,0,0,23,6
18,6,18,22.1,0,0,5,18,1
8,5,8,4.4,0,0,0,26,6
19,3,19,24.3,0,0,6,18,8
5,5,5,6.8,0,0,0,18,5
6,6,6,4.8,0,0,0,9,6
17,4,17,26.3,0,0,0,23,5
19,2,19,21.3,0,1,0,30,6
7,1,7,14.0,0,0,0,10,6
11,2,11,10.3,0,0,0,31,5
16,2,16,7.5,0,0,4,13,1
13,0,13,25.2,0,0,5,7,1
13,5,13,26.8,0,0,28,7,13
17,6,17,24.5,0,0,0,1,10
16,3,16,26.4,0,0,4,20,4
14,2,14,33.2,0,1,0,9,6
0,0,0,14.3,0,0,0,15,7
6,1,6,0.0,0,1,13,6,6
22,0,22,11.3,0,0,6,18,27
9,5,9,23.6,0,0,0,12,5
5,1,5,10.6,0,0,5,4,1
13,1,13,11.8,1,2,0,0,0
1,4,1,7.8,0,0,0,0,0
4,2,4,12.3,0,0,0,26,6
19,3,19,13.3,0,0,5,30,1
4,0,4,11.5,0,0,4,4,1
5,4,5,12.3,0,0,0,26,6
16,6,16,30.9,0,1,0,7,5
8,6,8,13.4,0,0,0,3,5
12,2,12,9.4,0,0,11,60,3
8,2,8,13.3,0,1,0,24,5
10,0,10,8.4,0,0,0,8,5
18,6,18,15.2,0,0,0,22,0
5,5,5,20.3,0,0,4,5,4
0,4,0,17.4,0,0,0,1,7
8,3,8,8.3,0,0,0,4,5
13,5,13,25.3,0,1,0,18,5
6,4,6,6.3,0,0,0,13,5
19,3,19,8.7,1,2,4,10,4
16,3,16,17.8,0,0,0,24,5
14,3,14,18.8,1,2,0,36,0
13,0,13,29.6,0,1,0,23,5
10,5,10,6.9,0,0,0,10,6
16,3,16,29.1,0,1,0,4,5
12,5,12,14.1,0,0,0,5,6
9,5,9,9.3,0,0,0,28,6
16,0,16,11.9,0,0,5,12,4
0,6,0,7.3,0,0,0,6,5
14,2,14,18.9,0,0,1,1,1
15,1,15,17.2,0,0,0,44,5
11,5,11,12.4,0,0,10,22,11
0,3,0,12.7,0,0,0,1,10
9,5,9,19.0,0,1,0,30,6
14,1,14,19.6,0,0,0,6,6
12,2,12,16.5,0,0,0,13,6
16,2,16,29.0,0,1,6,18,19
22,4,22,7.2,1,2,4,20,5
5,5,5,5.8,0,0,21,3,5
20,2,20,12.5,0,0,0,30,6
19,1,19,13.8,0,0,0,20,5
23,3,23,8.6,0,0,20,19,15
7,6,7,18.6,0,0,5,10,4
13,3,13,16.7,0,0,10,22,11
16,0,16,21.5,0,0,0,18,5
11,5,11,12.7,0,0,0,9,6
1,4,1,8.1,0,0,0,0,0
11,2,11,12.8,0,0,0,31,5
16,6,16,23.1,0,0,13,6,6
11,4,11,19.2,0,0,0,19,7
1,0,1,17.0,0,0,18,34,11
18,1,18,28.2,0,1,4,7,1
0,6,0,20.6,0,0,15,37,7
12,6,12,21.5,0,0,9,21,11
12,0,12,19.9,0,0,10,22,11
7,0,7,11.3,0,0,0,11,6
5,0,5,10.7,0,0,0,9,5
14,2,14,27.5,0,1,12,27,0
5,4,5,14.6,0,0,0,10,6
6,1,6,4.3,0,0,4,6,1
18,1,18,10.6,1,2,5,7,1
22,4,22,20.1,0,1,15,19,7
16,1,16,21.4,0,0,14,19,16
17,4,17,8.2,1,2,0,15,7
19,4,19,14.2,0,0,0,22,0
17,5,17,25.7,0,1,0,13,6
15,5,15,7.9,0,0,13,4,5
7,1,7,13.5,0,1,0,7,6
1,0,1,15.2,0,0,2,2,8
8,6,8,13.9,0,0,0,3,5
13,6,13,21.9,0,1,6,30,19
20,0,20,24.3,0,1,0,8,6
10,5,10,8.0,0,0,0,25,6
10,4,10,10.9,0,0,0,9,6
22,2,22,5.6,0,0,6,7,8
13,1,13,18.5,0,0,0,41,5
15,6,15,34.6,0,0,5,30,1
0,5,0,15.8,0,0,0,19,0
5,1,5,11.2,0,0,0,9,6
10,3,10,19.9,0,0,0,19,7
10,5,10,11.6,0,0,5,14,1
13,0,13,28.9,0,1,0,23,5
4,4,4,2.0,0,0,5,5,4
13,2,13,21.2,0,0,24,63,15
12,1,12,15.6,0,1,0,4,5
4,2,4,9.2,0,0,0,31,6
6,6,6,6.6,0,0,0,29,6
15,3,15,13.7,0,0,13,4,5
13,2,13,11.5,0,0,0,31,5
17,4,17,32.4,0,1,0,30,5
13,4,13,26.3,0,1,12,27,0
14,1,14,18.3,0,0,0,10,6
16,1,16,26.4,0,0,0,5,6
5,0,5,9.6,0,0,4,5,4
5,4,5,12.4,0,0,5,106,1
1,2,1,5.8,0,0,2,2,2
11,2,11,18.8,0,1,0,19,0
4,0,4,15.1,0,0,3,3,3
12,5,12,26.5,0,1,5,5,5
6,2,6,14.0,0,1,0,31,5
9,2,9,12.5,0,0,5,12,4
19,3,19,13.0,0,0,4,9,4
13,6,13,14.4,0,0,12,27,0
5,3,5,4.0,0,0,21,3,14
15,1,15,25.0,0,0,0,44,5
9,2,9,20.5,0,0,7,29,21
23,1,23,16.5,0,0,5,6,1
8,5,8,9.6,0,0,0,20,6
23,6,23,14.1,0,0,17,33,15
11,4,11,24.8,0,1,0,14,5
11,1,11,20.9,0,1,4,12,5
18,6,18,23.3,0,1,4,18,5
1,5,1,13.6,0,0,0,15,7
5,4,5,8.5,0,0,0,13,5
23,4,23,14.9,0,0,0,36,0
1,0,1,10.6,0,0,0,0,0
10,3,10,15.5,0,0,0,12,6
5,2,5,3.5,0,0,21,3,5
21,0,21,7.2,0,0,0,3,5
13,2,13,14.8,0,0,4,13,1
7,4,7,13.1,0,0,0,14,5
15,5,15,24.7,0,0,5,12,1
18,0,18,10.9,0,0,4,10,1
10,4,10,20.8,0,1,0,12,5
16,5,16,18.0,0,0,0,31,6
7,5,7,12.6,0,0,1,1,7
13,3,13,29.7,0,1,0,29,5
8,6,8,7.2,0,0,0,41,5
10,4,10,8.1,0,0,0,29,6
4,4,4,4.6,0,0,5,5,4
11,5,11,13.2,0,0,0,41,5
14,5,14,31.4,0,0,20,19,15
13,3,13,21.2,0,0,0,18,5
9,4,9,11.7,0,0,6,18,8
0,1,0,7.9,0,0,2,2,8
9,4,9,11.9,0,0,0,41,5
15,0,15,30.1,0,0,5,14,1
8,2,8,18.4,0,0,4,12,1
5,2,5,5.7,0,0,0,9,5
4,2,4,8.1,0,0,0,26,6
8,3,8,14.6,0,0,0,4,5
21,6,21,22.7,0,1,18,34,11
21,4,21,20.1,0,0,4,9,1
21,1,21,16.8,0,1,6,18,17
4,1,4,8.7,0,0,0,5,6
3,5,3,13.9,0,0,13,6,6
13,3,13,22.8,0,0,10,22,11
15,3,15,27.8,0,0,20,75,15
13,3,13,13.2,0,0,5,7,1
8,6,8,16.9,0,1,4,12,4
10,1,10,11.4,0,0,0,6,0
10,6,10,20.9,0,0,0,24,5
1,4,1,8.4,0,0,0,0,0
4,0,4,12.1,0,0,0,26,6
19,2,19,10.4,0,0,0,29,5
16,5,16,15.4,0,0,13,4,5
13,4,13,16.0,0,0,0,3,5
17,2,17,19.9,0,0,0,6,6
8,5,8,9.5,0,0,5,10,4
9,3,9,18.6,0,0,5,17,1
18,3,18,31.2,0,0,5,30,1
21,0,21,7.5,0,0,0,3,6
15,2,15,19.1,0,0,13,4,5
15,6,15,19.4,0,0,0,44,5
9,1,9,6.4,0,0,0,8,5
1,2,1,16.6,0,0,0,0,0
15,4,15,21.2,0,0,13,6,6
15,2,15,13.6,0,0,4,13,1
16,6,16,15.3,0,0,0,29,6
6,5,6,4.9,0,0,13,6,6
7,2,7,12.7,0,1,0,41,5
23,3,23,16.7,0,0,6,7,8
7,6,7,16.4,0,1,0,24,6
16,3,16,13.7,0,0,0,12,6
8,5,8,7.6,0,0,5,10,1
14,3,14,14.8,0,0,0,6,6
16,1,16,12.7,0,0,0,31,6
20,1,20,24.7,0,1,0,31,5
7,0,7,3.6,0,0,25,51,22
5,2,5,4.6,0,0,4,31,4
12,6,12,26.3,0,1,0,12,6
15,5,15,16.8,0,0,13,6,6
18,5,18,16.1,0,1,0,8,5
6,1,6,5.3,0,0,0,13,5
19,6,19,16.6,0,0,0,20,6
6,4,6,14.0,0,0,21,3,5
9,5,9,8.8,0,0,0,11,6
6,6,6,17.0,0,0,0,13,6
13,0,13,23.2,0,0,0,20,6
8,4,8,3.4,0,1,0,18,5
7,4,7,9.5,0,0,1,1,7
4,4,4,1.9,0,0,5,4,1
6,5,6,3.2,0,0,0,8,5
15,0,15,16.6,0,0,0,23,6
13,1,13,9.7,1,2,21,71,5
7,1,7,14.6,0,1,0,29,5
20,3,20,15.7,0,0,0,10,5
14,5,14,16.8,0,0,5,62,1
10,3,10,11.1,1,2,0,13,6
9,2,9,11.0,0,0,13,6,6
14,5,14,27.9,0,1,20,19,15
11,1,11,25.7,0,1,0,30,6
19,3,19,24.8,0,0,0,20,6
10,2,10,22.3,0,1,0,23,5
22,5,22,7.1,0,0,10,22,11
6,3,6,8.2,0,0,21,3,5
16,6,16,15.8,0,0,21,3,0
5,0,5,5.9,0,0,4,4,4
19,5,19,28.3,0,0,7,47,24
15,5,15,21.5,0,0,6,18,27
21,6,21,25.5,0,1,0,31,6
22,2,22,12.2,0,0,15,19,7
20,4,20,21.4,0,0,0,26,6
12,5,12,25.0,0,0,9,21,11
1,5,1,7.4,0,0,2,2,8
20,4,20,14.2,0,0,0,26,6
17,1,17,26.1,0,0,0,20,6
21,1,21,18.2,0,0,0,29,6
11,1,11,16.7,0,0,0,6,6
22,6,22,23.9,0,0,5,3,4
15,2,15,19.7,0,0,4,13,4
9,4,9,15.9,0,1,0,15,7
22,3,22,11.5,0,0,15,19,7
7,5,7,13.6,0,0,1,1,7
18,0,18,10.8,0,0,0,30,5
8,4,8,15.3,0,1,81,72,12
16,2,16,30.3,0,0,13,4,6
6,4,6,4.4,0,0,0,8,6
5,5,5,7.0,0,0,5,5,4
16,4,16,25.0,0,0,4,20,1
19,4,19,18.0,0,0,5,10,4
11,6,11,19.2,0,0,0,12,5
6,1,6,5.4,0,0,4,31,1
16,2,16,25.2,0,0,0,9,6
22,6,22,5.7,0,0,4,30,1
16,2,16,11.7,0,0,0,31,6
5,1,5,0.7,0,0,4,6,4
22,4,22,9.1,0,0,6,7,8
5,3,5,3.5,0,0,21,3,5
9,4,9,11.8,0,0,0,17,5
12,0,12,20.9,0,0,0,13,6
12,1,12,28.4,0,1,5,5,5
12,4,12,19.7,0,0,2,2,2
12,2,12,11.2,0,0,0,20,6
10,5,10,5.6,0,0,5,41,1
10,0,10,22.3,0,0,11,60,3
17,0,17,13.0,0,0,0,30,6
11,4,11,7.3,0,0,2,2,2
23,5,23,8.3,0,0,0,36,7
19,5,19,23.4,0,1,0,10,6
13,1,13,29.7,0,0,25,51,21
14,0,14,27.6,0,0,13,6,6
5,4,5,10.6,0,0,0,13,5
9,0,9,23.6,0,1,0,31,5
0,5,0,16.9,0,0,5,7,1
0,0,0,11.5,0,0,0,1,7
14,3,14,28.9,0,1,0,12,5
14,3,14,17.2,0,0,13,99,1
19,1,19,8.1,0,0,5,18,1
21,0,21,21.9,0,0,4,13,1
23,2,23,8.7,0,0,0,19,0
19,4,19,11.1,0,0,4,9,1
6,3,6,3.8,0,0,5,6,1
5,2,5,11.3,0,0,0,26,5
1,3,1,6.6,0,0,0,6,5
7,1,7,4.1,0,0,0,29,6
23,3,23,7.7,0,0,5,6,1
7,2,7,8.8,0,0,0,26,6
5,4,5,4.1,0,0,4,6,1
8,6,8,17.8,0,1,0,12,6
8,5,8,3.6,0,0,4,30,4
19,1,19,27.2,0,1,5,12,4
5,0,5,11.9,0,0,0,31,5
15,4,15,23.8,0,0,5,23,1
4,1,4,11.5,0,0,2,2,2
9,6,9,10.8,0,0,0,61,0
14,4,14,22.4,0,0,12,27,0
13,3,13,12.4,0,0,0,29,6
7,2,7,8.1,0,0,11,60,3
18,5,18,26.5,0,0,21,3,0
8,4,8,8.6,0,0,0,29,6
13,2,13,31.0,0,1,0,23,5
21,0,21,23.2,0,1,0,9,5
2,0,2,11.5,0,0,13,6,4
19,6,19,12.8,0,0,0,29,5
15,2,15,11.3,0,0,5,13,1
1,6,1,12.0,0,0,0,0,0
17,3,17,25.0,0,0,0,23,6
15,4,15,34.0,0,1,0,4,5
5,2,5,15.2,0,0,0,26,6
11,2,11,18.2,0,1,0,31,5
12,5,12,20.1,0,0,10,22,11
12,6,12,21.2,0,0,28,7,0
5,4,5,15.1,0,0,4,45,4
23,3,23,7.5,0,0,5,6,1
7,6,7,15.2,0,1,0,24,5
14,4,14,16.6,0,0,4,10,1
3,4,3,14.3,0,0,2,2,2
19,4,19,27.5,0,1,13,6,6
20,0,20,21.7,0,0,0,31,5
18,3,18,17.0,0,0,4,18,1
22,1,22,11.1,0,0,6,18,8
4,0,4,3.2,0,0,0,31,6
9,1,9,17.4,0,0,5,14,1
14,4,14,26.9,0,0,0,3,5
23,4,23,18.9,0,0,15,37,7
14,0,14,24.3,0,1,13,6,5
23,5,23,9.9,0,0,0,36,7
6,3,6,5.9,0,0,0,55,5
11,3,11,16.2,0,0,0,29,6
8,3,8,17.4,0,0,0,29,5
5,0,5,12.6,0,0,2,2,8
2,1,2,13.3,0,0,6,7,8
10,6,10,9.8,0,0,5,10,4
19,2,19,25.3,0,0,0,20,5
17,1,17,31.1,0,1,13,6,6
5,4,5,8.3,0,0,4,4,4
13,3,13,24.2,0,0,0,29,6
13,5,13,14.7,0,0,0,3,6
5,0,5,17.3,0,0,0,13,6
22,2,22,12.4,0,0,0,26,6
19,5,19,27.3,0,0,0,26,6
0,0,0,7.4,0,0,2,2,8
16,1,16,31.2,0,0,0,8,6
5,0,5,8.1,0,0,4,4,5
10,1,10,12.0,1,0,53,53,31
21,1,21,19.7,0,1,0,7,5
7,4,7,6.9,0,0,8,19,10
13,0,13,22.8,0,0,0,20,6
8,4,8,9.1,0,0,0,13,5
15,2,15,30.1,0,0,21,71,5
7,2,7,15.7,0,1,0,41,5
8,1,8,4.4,0,0,0,13,5
9,0,9,22.9,0,0,5,24,4
16,2,16,29.4,0,0,0,12,6
12,0,12,22.3,0,0,9,21,11
5,1,5,14.8,0,0,0,31,6
18,5,18,16.3,0,0,0,13,6
11,5,11,12.5,0,0,13,6,6
11,4,11,19.8,0,0,40,3,46
12,5,12,25.5,0,1,0,11,6
17,6,17,25.6,0,0,13,6,6
3,0,3,3.8,0,0,3,3,3
23,6,23,16.4,0,0,0,8,6
7,2,7,11.5,0,0,0,11,6
8,2,8,6.5,0,0,0,11,5
4,5,4,1.4,0,0,0,5,6
14,0,14,15.6,0,0,0,48,6
7,1,7,13.1,0,1,0,11,6
9,3,9,19.7,0,1,5,10,4
19,2,19,21.4,0,0,5,31,4
14,1,14,30.6,0,1,25,59,22
9,5,9,15.5,0,0,0,30,5
16,5,16,26.5,0,0,0,14,5
8,0,8,18.1,0,0,0,10,6
10,0,10,11.9,0,0,8,19,10
11,0,11,18.1,0,0,0,24,5
7,6,7,5.3,0,0,0,13,6
4,4,4,9.0,0,0,0,31,6
14,1,14,19.2,0,0,0,48,6
21,4,21,7.2,1,2,0,28,5
6,1,6,13.0,0,1,4,6,4
5,0,5,10.0,0,0,0,13,5
18,5,18,25.6,0,0,21,3,0
0,0,0,16.4,0,0,17,33,15
4,1,4,1.8,0,0,0,9,6
13,5,13,29.1,0,0,0,6,5
8,1,8,8.9,0,0,5,10,4
12,2,12,13.9,0,0,0,20,6
4,0,4,2.0,0,0,2,2,8
7,6,7,21.3,0,0,0,44,6
9,0,9,14.0,0,1,21,3,5
4,0,4,13.1,0,0,0,13,5
16,2,16,11.8,0,0,0,28,6
9,3,9,13.9,0,0,5,10,4
22,3,22,12.3,0,0,13,6,4
12,0,12,28.2,0,1,5,5,5
17,0,17,14.0,0,0,0,29,6
8,5,8,6.3,0,0,0,12,6
19,6,19,26.2,0,1,6,18,8
1,0,1,9.2,0,0,0,0,0
22,4,22,9.9,0,0,6,7,17
11,0,11,22.3,0,0,0,12,6
20,3,20,17.1,0,0,5,29,4
7,5,7,12.0,0,0,0,14,5
19,0,19,14.4,0,0,0,29,6
12,3,12,9.2,0,0,9,21,11
20,6,20,27.0,0,0,0,13,6
16,5,16,30.1,0,1,0,13,6
8,6,8,5.2,0,0,5,10,1
4,1,4,8.8,0,0,5,4,1
8,1,8,17.3,0,1,0,4,5
17,5,17,24.7,0,0,0,23,6
0,4,0,11.7,1,2,0,6,6
10,4,10,16.7,0,0,0,13,6
13,6,13,14.1,0,0,7,67,24
6,1,6,4.7,0,0,5,7,4
8,2,8,10.7,0,0,0,20,5
5,3,5,15.0,0,0,5,5,5
18,6,18,27.9,0,0,0,23,5
15,2,15,11.0,1,0,20,53,15
15,1,15,29.1,0,0,0,44,5
13,1,13,15.7,0,0,5,7,1
4,0,4,13.5,0,0,0,9,5
9,6,9,21.5,0,1,4,4,4
18,4,18,12.0,0,0,13,6,6
19,4,19,7.4,0,0,0,20,5
23,4,23,13.4,0,0,15,19,7
6,3,6,17.0,0,0,4,5,1
11,2,11,16.9,0,0,13,6,6
5,1,5,3.8,0,0,0,9,6
13,0,13,30.6,0,0,5,41,1
6,4,6,4.3,0,0,4,18,1
12,4,12,30.0,0,1,0,10,5
0,6,0,13.2,0,0,5,6,1
14,2,14,14.8,0,0,12,27,0
11,6,11,11.4,0,0,0,25,6
1,4,1,10.5,0,0,0,46,0
4,3,4,11.0,0,0,5,26,1
18,4,18,30.1,0,0,0,12,6
14,1,14,11.3,0,0,0,12,6
16,3,16,25.8,0,0,0,1,7
11,5,11,25.0,0,0,0,24,6
8,5,8,6.6,0,0,0,69,0
11,3,11,22.3,0,1,0,30,6
7,6,7,0.9,0,0,0,12,6
16,4,16,26.4,0,0,4,3,4
0,0,0,21.4,0,0,20,19,15
13,1,13,16.3,0,0,5,48,1
6,0,6,7.9,0,0,0,29,5
20,1,20,22.5,0,0,0,31,5
17,5,17,25.8,0,0,0,12,5
5,4,5,8.2,0,0,4,31,4
10,3,10,20.6,0,0,25,51,21
5,0,5,14.7,0,0,25,51,23
5,4,5,10.1,0,0,0,26,6
16,4,16,29.3,0,1,0,7,5
15,6,15,21.7,0,0,6,18,8
15,1,15,20.2,0,0,0,13,6
12,3,12,14.8,0,0,0,5,5
21,3,21,20.2,0,0,4,18,4
23,5,23,18.6,0,0,10,22,11
11,3,11,10.0,0,0,2,2,2
0,5,0,3.5,0,0,0,6,5
21,3,21,17.2,0,1,0,7,5
22,3,22,14.1,0,0,6,18,17
22,0,22,11.2,0,0,6,18,8
4,4,4,3.0,0,0,8,19,10
0,1,0,14.5,0,0,14,19,16
15,0,15,30.2,0,0,0,3,5
12,1,12,24.2,0,1,0,12,5
4,4,4,11.2,0,0,0,9,5
4,4,4,8.0,0,0,21,3,5
10,1,10,7.0,0,0,28,7,0
8,5,8,19.3,0,1,0,11,5
7,4,7,14.3,0,1,0,7,5
4,0,4,1.4,0,0,0,23,6
12,5,12,28.4,0,0,0,5,5
8,4,8,1.3,0,0,6,18,8
15,6,15,15.4,0,0,31,63,12
4,0,4,6.5,0,0,0,26,6
16,1,16,20.7,0,0,5,12,1
17,2,17,10.9,0,0,0,28,6
14,3,14,13.1,0,0,21,3,5
14,1,14,19.7,0,0,4,6,4
18,2,18,8.0,0,0,0,48,5
10,2,10,17.4,0,0,0,16,0
19,2,19,12.1,0,0,5,30,1
0,5,0,17.0,0,0,5,6,1
6,2,6,3.1,0,0,0,13,6
7,5,7,6.0,0,0,0,20,5
7,0,7,16.6,0,0,0,9,5
5,3,5,9.5,0,0,0,31,6
23,3,23,8.6,0,0,0,15,7
16,1,16,18.3,0,0,0,22,7
15,2,15,18.8,0,0,5,20,1
16,1,16,19.2,0,0,0,13,5
22,4,22,9.6,0,0,5,29,4
1,0,1,13.5,0,0,0,46,0
13,1,13,27.0,0,1,0,24,5
7,5,7,14.1,0,0,5,8,4
12,0,12,25.5,0,1,0,6,6
7,5,7,10.7,0,0,5,17,1
22,2,22,12.1,0,0,0,8,6
8,2,8,8.4,0,0,20,19,15
1,0,1,13.9,0,0,2,2,8
4,5,4,15.9,0,0,0,10,5
11,3,11,26.9,0,1,0,30,6
16,2,16,10.8,0,0,4,13,4
10,4,10,18.7,0,1,0,11,5
9,3,9,7.3,0,0,22,19,15
16,2,16,19.9,0,0,0,7,6
18,4,18,10.2,0,0,14,19,16
8,6,8,15.4,0,1,0,31,6
4,6,4,2.1,0,0,0,8,5
18,0,18,28.4,0,1,0,12,5
16,5,16,22.2,0,0,0,22,7
8,0,8,12.5,0,1,44,68,44
12,1,12,21.6,0,0,0,20,5
4,5,4,13.2,0,0,0,8,5
21,2,21,20.7,0,1,4,64,4
13,0,13,28.2,0,0,5,7,1
23,6,23,7.3,0,0,5,6,1
14,4,14,14.9,0,0,13,99,1
18,3,18,23.2,0,0,0,25,6
19,6,19,23.2,0,0,6,18,8
12,6,12,11.3,0,0,0,12,6
13,2,13,27.4,0,1,0,29,6
21,0,21,15.0,0,0,0,13,6
10,2,10,21.1,0,1,5,10,4
16,4,16,18.4,0,0,4,44,1
13,1,13,22.6,0,0,20,63,15
4,0,4,14.2,0,0,0,10,5
8,1,8,13.7,0,0,6,18,8
8,6,8,7.6,0,0,8,19,10
8,1,8,11.4,0,0,4,13,1
6,1,6,16.5,0,0,0,9,6
10,0,10,22.1,0,1,0,8,6
21,4,21,13.7,0,0,21,3,5
6,4,6,14.6,0,1,4,23,4
12,4,12,14.4,0,0,0,24,5
15,6,15,31.2,0,1,0,12,6
20,3,20,26.1,0,1,0,6,5
7,0,7,7.2,0,0,0,12,6
0,5,0,11.2,0,0,0,26,6
16,0,16,28.0,0,1,0,12,5
4,6,4,0.3,0,0,0,26,6
12,0,12,14.2,0,0,0,18,5
19,1,19,7.6,0,0,0,25,5
7,3,7,10.7,1,2,0,36,0
15,5,15,17.3,0,0,13,4,6
5,5,5,15.0,0,0,5,5,5
18,1,18,24.5,0,1,0,12,6
4,6,4,10.3,0,0,0,10,6
13,3,13,11.9,0,0,0,12,6
1,0,1,5.6,0,0,0,0,0
16,3,16,30.6,0,1,0,6,6
5,1,5,7.7,0,0,21,3,14
7,1,7,11.1,0,0,0,20,6
0,4,0,7.4,0,0,0,6,5
8,2,8,21.6,0,1,0,18,5
19,0,19,24.3,1,1,0,28,5
13,6,13,15.2,0,0,0,3,5
6,3,6,0.9,0,0,0,31,6
17,1,17,30.7,0,0,0,10,6
23,4,23,7.8,0,0,0,19,0
4,5,4,4.6,0,0,0,5,6
11,1,11,22.1,0,1,0,30,5
5,0,5,11.9,0,0,4,13,4
17,4,17,29.0,0,1,20,32,15
12,4,12,21.1,0,0,37,75,51
21,6,21,12.4,0,0,0,31,6
6,4,6,4.2,0,0,4,9,4
10,1,10,19.8,0,1,0,28,5
14,6,14,28.3,0,0,4,13,5
11,5,11,16.5,0,0,0,41,5
11,3,11,12.6,0,0,0,20,6
7,0,7,10.6,0,0,0,11,6
15,6,15,24.2,0,0,5,30,1
14,2,14,14.6,0,0,0,3,6
14,5,14,33.4,0,1,0,8,6
9,6,9,20.6,0,1,0,8,6
11,3,11,20.2,0,0,0,29,6
3,6,3,7.5,1,2,21,3,5
5,1,5,5.0,0,0,0,13,6
9,6,9,8.2,0,0,5,41,1
2,6,2,7.7,1,2,0,26,6
12,1,12,17.9,0,0,0,9,6
7,2,7,11.7,0,0,5,10,4
17,6,17,25.3,0,0,5,5,4
1,1,1,16.4,0,0,1,1,14
6,0,6,8.6,0,0,25,51,21
20,4,20,9.4,0,0,0,7,6
17,5,17,25.8,0,0,0,6,0
1,6,1,14.1,0,0,13,6,6
11,0,11,16.3,0,0,0,12,6
23,3,23,9.4,0,0,6,18,8
13,0,13,22.2,0,0,5,7,1
18,2,18,23.4,0,0,0,23,6
0,1,0,21.9,0,0,0,1,7
1,6,1,4.5,0,0,2,2,8
11,4,11,17.8,0,0,5,24,1
8,2,8,15.4,0,0,0,42,5
10,3,10,20.7,0,0,0,11,6
15,2,15,7.7,0,0,5,14,1
12,6,12,27.4,0,0,0,20,6
11,5,11,10.2,0,0,13,6,6
0,0,0,13.9,0,0,15,37,7
19,3,19,16.4,0,0,20,19,15
6,2,6,3.7,0,0,21,3,5
19,3,19,9.1,0,0,5,18,1
20,2,20,22.5,0,1,0,8,6
5,1,5,5.8,0,0,0,29,6
15,5,15,16.7,0,0,13,4,5
6,4,6,8.5,1,2,15,19,7
11,2,11,19.0,0,0,0,29,6
1,6,1,11.7,0,0,0,0,0
12,4,12,23.6,0,0,5,10,1
14,1,14,11.3,0,0,21,3,5
16,6,16,25.3,0,0,4,18,1
8,4,8,7.6,0,0,0,30,6
8,5,8,6.0,0,0,0,10,6
18,0,18,18.3,0,0,13,6,4
6,5,6,11.6,0,0,5,18,1
5,4,5,15.4,0,0,4,5,4
8,6,8,7.1,0,0,0,18,5
10,6,10,9.6,0,0,4,3,5
5,6,5,10.4,0,0,14,19,16
1,4,1,10.5,0,0,0,0,0
16,4,16,34.7,0,1,0,49,6
22,1,22,16.5,0,0,21,3,5
12,1,12,19.1,0,0,0,24,5
17,2,17,29.4,0,1,0,28,5
13,3,13,16.1,0,1,0,18,5
18,1,18,4.0,0,0,0,12,5
2,2,2,3.9,0,0,4,9,5
8,2,8,4.2,0,0,0,9,5
13,0,13,13.6,0,0,20,3,15
14,5,14,16.1,0,0,0,20,6
4,3,4,5.7,0,0,21,3,5
17,4,17,24.6,0,0,0,10,5
14,0,14,28.5,0,1,4,9,4
16,0,16,27.4,0,0,0,13,6
12,5,12,12.8,0,0,0,12,6
4,0,4,14.6,0,0,0,26,6
8,6,8,17.0,0,0,0,3,5
8,4,8,13.1,0,0,0,7,5
13,3,13,11.5,0,0,0,12,6
7,5,7,11.4,0,1,0,11,6
12,1,12,12.2,0,0,0,41,5
13,6,13,20.1,0,0,0,14,5
22,4,22,4.7,0,0,0,26,6
19,3,19,8.5,0,0,0,20,6
13,4,13,16.0,0,0,0,48,6
3,1,3,12.2,0,0,2,2,2
10,3,10,19.8,0,1,0,8,5
4,6,4,8.3,1,2,5,3,1
8,3,8,12.2,0,0,0,29,6
4,2,4,10.2,0,0,21,3,5
8,1,8,5.9,0,0,4,6,5
18,0,18,16.4,1,2,25,25,22
11,3,11,9.7,0,0,0,29,6
1,4,1,14.5,0,0,0,46,0
4,3,4,0.9,0,0,0,9,5
21,5,21,5.0,0,0,18,34,11
0,0,0,7.1,0,0,13,6,5
23,2,23,7.1,0,0,0,15,7
11,2,11,10.1,0,0,0,9,6
5,0,5,6.7,0,0,13,6,6
18,3,18,8.8,1,2,7,52,58
9,4,9,21.9,0,0,4,9,1
16,5,16,27.3,0,0,5,12,1
8,1,8,11.7,0,0,0,12,5
9,2,9,14.9,0,1,26,58,0
16,3,16,25.5,0,0,20,6,15
10,0,10,10.7,0,0,5,14,1
17,1,17,31.2,0,1,0,9,6
8,5,8,14.3,0,0,0,24,5
13,3,13,25.0,0,1,4,20,4
19,1,19,23.2,0,0,6,18,8
0,3,0,7.0,0,0,1,1,14
13,2,13,23.2,0,0,5,7,1
23,0,23,15.1,0,0,17,33,15
18,0,18,11.0,0,0,0,25,5
12,2,12,21.3,0,1,9,21,13
1,2,1,4.5,0,0,0,0,0
4,2,4,7.5,0,0,5,5,4
10,1,10,12.0,0,0,5,10,4
5,3,5,8.9,0,0,5,29,1
12,3,12,11.7,0,0,9,21,11
16,4,16,24.3,0,0,0,1,7
7,0,7,14.4,0,1,0,16,0
8,4,8,6.1,0,0,0,11,6
13,1,13,28.6,0,1,4,12,5
15,5,15,18.2,0,0,0,5,6
13,6,13,31.5,0,0,12,27,0
14,4,14,23.2,0,0,5,30,1
15,5,15,20.1,0,0,13,4,5
4,2,4,14.2,0,0,0,13,5
20,4,20,26.3,0,1,0,29,5
5,0,5,12.3,0,0,4,4,5
10,6,10,15.4,0,0,0,9,6
14,3,14,11.7,0,0,6,18,8
9,5,9,13.7,0,0,4,20,5
16,6,16,23.8,0,0,0,28,5
0,4,0,19.8,0,0,0,9,6
18,0,18,27.0,0,0,5,18,1
19,6,19,25.4,0,1,5,31,1
16,6,16,20.1,0,0,0,28,6
14,1,14,29.1,0,1,0,11,5
10,0,10,7.2,0,0,0,9,6
13,6,13,10.8,0,0,0,20,6
3,1,3,11.6,0,0,13,6,6
6,6,6,11.4,0,1,4,23,4
8,0,8,16.6,0,0,5,13,1
10,4,10,19.1,0,1,4,10,5
12,1,12,25.9,0,0,0,13,6
11,5,11,8.4,0,0,22,2,15
1,2,1,2.5,0,0,2,2,8
14,5,14,13.8,0,0,4,31,4
22,5,22,17.2,0,0,20,7,15
5,1,5,2.1,0,0,5,13,1
14,3,14,25.2,0,0,13,6,6
0,3,0,15.6,0,0,0,8,5
10,1,10,19.7,0,0,0,9,6
16,5,16,18.1,0,0,0,44,5
13,6,13,16.7,0,0,6,30,19
16,3,16,27.2,0,1,0,4,5
22,5,22,9.8,0,0,13,6,4
19,2,19,11.1,0,0,0,22,0
11,6,11,11.7,0,0,5,10,1
8,2,8,20.6,0,1,4,12,1
4,3,4,12.1,0,0,0,10,6
14,1,14,11.6,0,0,0,41,5
1,4,1,3.7,0,0,13,6,6
15,3,15,18.2,1,2,5,5,4
5,2,5,8.7,0,0,5,5,4
16,3,16,21.9,0,0,0,6,0
4,6,4,11.0,0,0,0,9,6
8,0,8,6.9,0,0,4,39,1
5,1,5,13.6,0,0,2,2,8
4,1,4,9.8,0,0,0,10,5
7,0,7,9.0,0,0,0,9,5
5,5,5,8.9,0,0,4,4,4
15,6,15,14.6,0,0,0,3,6
3,0,3,7.7,0,0,3,3,3
15,5,15,17.8,0,0,13,4,1
22,3,22,6.0,0,0,7,10,24
3,1,3,10.2,0,0,0,100,6
11,1,11,7.7,0,0,10,22,11
19,5,19,13.1,0,0,5,10,1
5,3,5,16.9,0,0,2,2,8
12,2,12,11.1,0,0,9,21,11
23,2,23,13.8,0,0,4,9,4
15,2,15,35.1,0,1,0,5,6
12,0,12,24.1,0,0,0,25,5
13,1,13,23.6,0,0,5,7,1
7,4,7,4.6,0,0,22,19,15
13,2,13,17.7,0,0,5,7,1
9,5,9,13.5,0,0,0,5,6
5,3,5,10.2,0,0,0,8,5
5,0,5,14.2,0,0,5,5,5
23,5,23,13.7,0,0,0,35,7
13,3,13,20.7,0,0,6,18,27
23,0,23,5.0,0,0,0,15,7
16,5,16,32.2,0,0,20,19,15
10,0,10,15.5,0,0,0,14,5
22,3,22,10.3,0,0,5,3,4
19,3,19,25.5,0,1,4,64,1
12,2,12,11.1,0,0,0,12,5
8,1,8,0.5,0,0,0,16,7
11,2,11,13.0,0,0,0,6,0
22,2,22,21.5,0,0,5,3,4
11,1,11,20.3,0,0,0,16,7
11,0,11,12.8,0,0,0,6,6
10,6,10,9.2,0,0,29,3,30
5,2,5,9.4,0,0,0,10,6
8,6,8,8.9,0,0,29,3,30
16,6,16,10.5,0,0,0,1,7
17,1,17,13.1,0,0,13,6,6
1,2,1,5.8,0,0,0,0,0
15,3,15,25.4,0,0,5,14,1
13,4,13,23.5,0,1,4,10,4
17,3,17,16.7,0,0,20,19,15
12,5,12,13.6,0,0,20,19,15
6,4,6,0.4,0,0,0,29,6
17,5,17,28.4,0,0,0,23,6
5,3,5,0.8,0,0,13,6,4
5,3,5,5.3,0,0,0,9,6
18,1,18,3.9,0,0,13,6,6
1,1,1,10.3,0,0,2,2,8
4,3,4,4.8,0,0,0,13,6
12,5,12,28.0,0,0,4,54,1
14,4,14,26.1,0,0,5,23,1
10,3,10,21.3,0,0,0,13,6
6,3,6,3.5,0,0,4,64,1
12,3,12,10.2,0,0,4,54,5
15,0,15,25.7,0,0,4,13,1
21,0,21,18.7,0,0,0,13,6
3,2,3,10.8,0,0,14,19,15
3,2,3,8.9,0,0,0,30,6
9,3,9,7.8,0,0,0,8,6
9,5,9,24.6,0,1,7,67,24
23,0,23,12.8,0,0,15,19,7
14,4,14,23.3,0,0,5,30,1
17,0,17,27.8,0,0,0,6,0
18,5,18,17.4,0,0,0,25,5
17,3,17,24.6,0,1,0,23,6
10,2,10,9.7,0,0,0,12,6
18,4,18,26.6,0,1,0,7,5
23,6,23,10.5,0,0,18,34,11
7,3,7,14.4,0,1,0,12,5
23,1,23,9.6,0,0,0,35,7
18,2,18,12.2,0,0,5,9,1
20,2,20,9.5,0,0,0,13,5
21,1,21,4.1,0,0,18,34,11
4,4,4,8.8,0,0,0,8,6
21,6,21,7.0,0,0,0,26,6
13,0,13,15.2,0,0,5,7,1
12,5,12,21.1,0,0,0,24,5
22,3,22,7.1,0,0,5,6,1
12,1,12,9.1,0,0,0,31,5
8,3,8,7.5,0,0,6,18,19
13,1,13,19.9,0,0,0,20,5
16,2,16,13.8,0,0,0,18,5
2,3,2,10.5,0,0,13,6,6
7,0,7,0.3,0,0,0,7,6
23,2,23,9.8,0,0,15,19,7
23,0,23,8.7,0,0,0,35,0
0,5,0,7.5,0,0,0,1,7
8,3,8,7.5,0,0,0,5,6
5,0,5,6.1,0,0,4,13,4
19,3,19,24.7,0,0,0,48,5
4,5,4,1.0,0,0,0,26,6
14,6,14,20.6,0,0,0,31,6
14,0,14,28.1,0,1,0,29,6
20,3,20,21.9,0,0,0,13,5
11,4,11,27.7,0,1,0,12,5
6,5,6,13.1,0,1,5,18,5
8,2,8,11.8,0,1,26,58,0
23,0,23,16.9,0,0,6,18,8
5,0,5,8.0,0,0,8,19,10
5,6,5,7.9,0,0,4,4,4
16,2,16,19.8,0,0,13,6,6
13,2,13,27.2,0,1,10,22,11
5,2,5,8.7,0,0,5,3,4
11,5,11,10.3,0,0,5,10,4
12,3,12,27.2,0,1,0,8,6
15,0,15,16.8,0,0,4,13,1
15,0,15,22.9,0,0,0,6,6
8,5,8,1.5,0,0,0,3,6
15,3,15,27.4,0,0,0,14,5
6,0,6,2.3,0,0,5,106,1
8,0,8,5.2,0,0,0,3,5
15,4,15,23.5,0,0,12,27,0
18,6,18,24.1,0,0,5,26,4
8,6,8,13.8,0,1,29,3,25
14,4,14,11.6,0,0,20,19,15
5,5,5,8.8,0,0,4,4,4
10,3,10,16.3,0,0,0,13,6
7,6,7,8.4,0,0,4,12,1
11,6,11,15.1,0,0,0,8,6
17,6,17,18.3,0,0,21,3,0
8,2,8,18.1,0,1,4,13,4
13,5,13,15.3,0,0,5,7,1
5,1,5,9.8,0,0,0,3,5
5,2,5,13.2,0,0,0,31,6
13,0,13,20.0,0,0,0,13,6
4,2,4,4.2,0,0,21,3,5
8,0,8,1.1,0,0,0,31,5
2,4,2,16.7,0,0,0,6,6
7,2,7,7.9,0,0,0,11,5
11,1,11,17.9,0,0,0,29,6
16,3,16,22.5,0,0,0,7,5
0,6,0,15.6,0,0,0,36,7
10,1,10,7.1,1,0,27,53,24
8,3,8,8.3,0,0,5,10,1
18,0,18,11.8,0,0,0,13,5
10,4,10,26.1,0,1,0,30,5
5,3,5,7.2,0,0,0,26,6
18,4,18,12.9,0,0,0,30,5
19,6,19,12.5,0,0,5,30,1
16,2,16,34.4,0,0,5,20,1
6,2,6,1.6,0,0,0,29,6
5,3,5,14.8,0,0,4,10,5
15,5,15,7.9,0,0,0,5,6
6,2,6,4.6,0,0,0,29,6
23,2,23,13.1,0,0,0,19,0
4,2,4,16.7,0,0,68,63,15
12,0,12,15.4,0,0,9,21,11
6,4,6,12.2,0,0,0,6,6
1,4,1,15.0,0,0,16,32,5
4,2,4,14.6,0,0,0,9,5
14,4,14,29.4,0,1,12,27,0
2,1,2,11.8,0,0,0,27,0
1,4,1,7.4,0,0,5,7,4
6,2,6,12.8,0,0,0,31,5
18,2,18,10.9,0,0,13,6,6
23,4,23,9.1,0,0,0,15,7
19,4,19,10.1,0,0,0,25,5
2,6,2,13.3,0,0,13,6,6
12,0,12,15.3,0,0,0,10,6
23,2,23,23.8,0,1,19,15,0
15,5,15,29.4,0,1,6,18,19
9,5,9,8.1,0,0,5,41,1
8,5,8,3.4,0,0,0,5,6
4,5,4,3.9,0,0,5,5,4
5,3,5,2.2,0,0,21,3,5
12,6,12,22.6,0,0,20,19,15
10,3,10,10.7,0,0,28,7,0
22,3,22,12.2,0,0,0,22,0
1,3,1,15.2,0,0,11,60,3
8,1,8,10.6,0,0,0,4,5
16,4,16,16.3,0,0,0,5,6
19,3,19,9.3,0,0,4,29,1
10,1,10,16.7,0,1,28,7,0
6,1,6,9.6,0,0,5,13,1
14,3,14,22.6,0,0,0,25,5
17,6,17,30.0,0,1,0,12,6
8,4,8,5.2,0,0,6,18,8
23,3,23,4.8,0,0,10,22,11
16,1,16,26.4,0,0,5,20,4
0,6,0,21.3,0,0,14,19,16
15,3,15,29.7,0,1,0,4,5
0,0,0,10.1,0,0,2,2,8
16,2,16,7.5,0,0,0,1,7
23,6,23,14.3,0,0,0,36,7
9,0,9,15.0,0,0,0,3,6
15,1,15,17.6,0,0,0,12,5
12,3,12,31.4,0,1,9,21,13
4,6,4,9.2,0,0,0,9,6
1,4,1,13.5,0,0,2,2,8
9,0,9,17.2,0,0,0,17,5
7,5,7,12.7,0,0,1,1,7
13,6,13,16.3,0,0,5,7,1
16,6,16,28.7,0,0,20,7,15
16,2,16,28.7,0,1,0,7,6
10,5,10,6.6,0,0,0,10,6
16,6,16,33.1,0,1,0,28,5
2,5,2,6.3,1,2,5,7,1
10,3,10,17.0,0,0,0,8,6
23,6,23,11.6,0,0,0,15,7
2,3,2,16.6,0,0,2,2,8
0,2,0,8.7,0,0,16,32,14
4,1,4,8.6,0,0,14,19,12
6,0,6,12.7,0,1,13,6,1
16,6,16,15.6,0,0,0,1,7
16,4,16,18.4,0,0,0,1,7
16,1,16,15.1,0,0,0,12,6
8,1,8,3.8,0,0,0,12,6
18,1,18,28.7,0,1,5,23,1
7,5,7,6.0,0,0,22,2,15
20,2,20,7.6,0,0,18,34,11
8,0,8,6.9,0,0,21,3,5
16,0,16,29.2,0,1,0,6,5
17,0,17,15.0,0,0,5,10,1
9,4,9,16.2,0,1,0,8,6
4,4,4,5.4,0,0,5,5,4
10,2,10,21.9,0,1,0,23,5
10,3,10,22.1,0,0,5,10,1
16,6,16,25.0,0,0,0,24,5
15,3,15,26.5,0,0,25,51,22
21,0,21,20.6,0,1,0,8,5
1,6,1,13.1,0,0,0,0,0
5,2,5,8.4,0,0,5,5,4
9,1,9,18.8,0,0,0,31,6
5,1,5,9.5,0,0,4,4,5
4,6,4,18.1,0,0,0,26,6
5,2,5,5.8,0,0,0,9,6
18,0,18,28.0,0,0,13,6,6
8,5,8,2.1,0,0,6,18,27
19,2,19,25.5,0,0,0,9,5
15,0,15,22.0,0,0,0,44,5
21,1,21,11.5,0,0,0,26,5
8,0,8,9.8,0,0,0,3,6
7,3,7,9.4,0,0,0,25,6
8,0,8,18.2,0,0,0,4,5
4,4,4,12.7,0,0,0,10,5
13,5,13,28.6,0,0,0,31,6
6,6,6,6.9,0,0,4,23,5
9,0,9,12.6,0,0,0,16,7
8,1,8,6.7,0,0,0,18,5
12,6,12,15.9,0,0,0,12,6
10,6,10,17.1,0,0,0,29,5
11,4,11,14.4,0,1,10,22,11
21,0,21,7.4,0,0,0,31,6
7,6,7,7.6,0,0,0,7,6
22,1,22,10.0,0,0,10,22,11
7,2,7,9.0,0,0,5,10,4
17,5,17,14.2,0,0,4,18,1
5,6,5,16.0,0,0,0,10,5
6,0,6,13.2,0,1,0,10,5
14,3,14,15.1,0,0,0,20,6
16,6,16,18.2,0,0,5,5,4
20,6,20,15.3,0,0,4,13,4
12,0,12,23.7,0,0,10,38,10
16,0,16,18.8,0,0,0,12,5
16,4,16,16.1,0,0,0,1,7
6,4,6,4.7,0,0,4,5,4
11,0,11,23.5,0,0,0,29,6
18,3,18,24.4,0,0,13,5,6
22,6,22,22.8,0,0,0,8,6
12,5,12,12.5,0,0,0,18,5
4,5,4,15.2,0,0,0,26,6
12,4,12,9.4,0,0,0,5,6
7,6,7,5.9,0,1,0,31,5
7,2,7,8.4,0,0,5,10,4
4,1,4,8.3,0,0,0,9,6
5,5,5,1.6,0,0,0,31,6
7,3,7,9.5,0,0,5,10,1
15,0,15,27.1,0,0,0,13,6
3,6,3,11.1,0,0,2,2,2
4,0,4,10.0,0,0,0,26,6
0,6,0,8.4,0,0,5,23,4
9,3,9,8.5,0,0,0,12,5
15,4,15,32.3,0,1,0,5,5
14,1,14,19.1,0,1,0,24,5
15,6,15,21.5,0,0,0,23,6
4,1,4,11.4,0,0,5,5,4
6,0,6,10.3,0,0,4,18,5
23,2,23,9.6,0,0,0,19,0
20,5,20,14.5,0,0,0,7,6
12,3,12,10.4,0,0,4,54,1
2,4,2,17.8,0,0,2,2,8
5,0,5,2.4,0,0,0,23,5
8,0,8,2.2,0,0,0,28,6
17,2,17,19.2,0,0,21,3,0
18,5,18,29.6,0,0,0,7,5
13,0,13,14.6,0,0,0,13,6
5,0,5,13.6,0,0,0,13,5
10,0,10,12.4,0,0,0,13,6
14,4,14,7.3,0,0,0,3,7
11,1,11,14.0,0,0,0,9,6
3,3,3,1.7,0,0,20,7,15
22,1,22,8.2,0,0,20,19,15
9,0,9,11.9,0,0,0,18,5
10,6,10,9.7,0,1,4,12,1
23,2,23,16.2,0,0,14,19,16
21,0,21,14.6,0,0,0,31,5
18,5,18,35.3,0,1,0,10,6
8,2,8,20.7,0,1,0,11,6
19,5,19,13.9,0,0,5,30,1
13,3,13,20.9,0,0,5,7,1
12,6,12,15.3,0,0,5,10,1
4,4,4,1.6,0,0,21,3,5
9,0,9,16.5,0,0,0,6,6
1,2,1,4.7,0,0,0,46,0
13,0,13,17.9,0,0,4,6,4
19,4,19,10.7,0,0,5,13,1
8,4,8,1.8,0,0,13,6,6
1,5,1,14.9,0,0,0,0,0
4,0,4,9.9,0,0,0,23,5
12,6,12,12.6,0,0,5,20,1
13,1,13,10.6,0,0,5,9,4
23,6,23,10.4,0,0,19,15,0
9,2,9,18.4,0,0,0,6,6
10,6,10,19.2,0,0,28,7,0
12,4,12,14.2,0,0,20,19,15
11,5,11,13.8,0,0,0,19,7
11,5,11,20.9,0,0,0,6,7
17,2,17,26.0,0,0,0,29,6
3,6,3,10.7,0,0,8,19,10
11,5,11,22.7,0,0,0,29,6
7,4,7,13.4,0,0,20,7,15
15,6,15,10.7,0,0,6,18,8
19,0,19,9.9,0,0,0,8,5
8,3,8,6.8,0,0,21,3,5
17,3,17,31.9,0,1,25,51,21
1,3,1,11.7,0,0,0,1,0
17,2,17,29.4,0,1,0,12,5
21,1,21,22.6,0,1,5,18,5
10,6,10,15.8,0,0,0,24,5
12,5,12,24.6,0,1,0,11,6
8,6,8,8.3,0,0,0,18,5
10,4,10,17.9,0,0,6,18,8
23,3,23,20.4,0,1,18,34,11
8,4,8,8.0,0,0,5,10,1
1,4,1,2.8,0,0,0,0,0
5,5,5,5.8,0,0,21,3,5
19,1,19,15.4,0,0,5,30,1
4,3,4,12.7,0,0,0,31,6
8,6,8,4.6,0,0,6,18,8
10,2,10,6.3,0,0,0,6,7
10,6,10,7.3,0,0,0,11,5
16,4,16,21.3,0,0,5,12,1
19,6,19,16.2,0,0,0,20,6
7,5,7,11.6,0,0,0,12,6
15,6,15,13.4,0,0,12,0,0
4,6,4,1.8,0,0,0,26,6
8,6,8,17.3,0,1,5,4,1
12,3,12,14.5,0,0,7,20,24
6,5,6,3.6,0,0,5,18,1
8,6,8,4.7,0,0,0,3,5
5,1,5,8.3,0,0,0,40,5
8,4,8,8.6,0,0,0,3,5
7,5,7,15.9,0,1,0,11,6
7,3,7,0.8,0,0,20,19,15
5,3,5,0.8,0,0,0,13,5
0,3,0,15.7,0,0,73,120,3
4,4,4,14.4,0,0,3,3,3
18,5,18,32.6,0,1,13,6,6
15,6,15,28.3,0,0,0,10,5
0,2,0,5.2,0,0,13,6,6
2,6,2,13.4,0,0,1,1,1
14,4,14,26.9,0,1,0,12,5
9,1,9,7.1,0,0,4,9,1
4,6,4,6.8,0,0,0,10,6
7,6,7,4.0,0,0,0,12,6
23,4,23,8.2,0,0,0,19,0
0,1,0,9.1,0,0,1,1,1
16,1,16,11.0,1,2,0,12,6
4,4,4,13.5,0,0,0,31,6
5,3,5,15.4,0,0,0,13,6
18,6,18,23.5,0,0,21,3,7
7,6,7,7.4,0,0,29,3,25
11,6,11,11.5,0,0,5,14,1
4,3,4,15.6,0,0,0,9,6
5,1,5,12.0,0,0,0,31,6
13,2,13,18.2,0,0,5,99,1
12,1,12,23.5,0,0,6,18,8
5,4,5,1.6,0,0,4,31,4
16,3,16,17.7,0,0,0,31,6
9,6,9,11.0,0,0,0,29,5
10,6,10,15.4,0,0,0,31,6
5,1,5,4.6,0,0,0,26,5
6,1,6,0.1,0,0,4,31,4
13,2,13,18.3,0,0,4,13,1
7,0,7,12.9,0,1,0,12,6
18,4,18,8.0,1,2,0,24,5
16,5,16,20.4,0,0,0,23,6
18,4,18,26.0,0,0,0,12,6
10,1,10,20.3,0,0,0,11,6
9,2,9,10.3,0,0,0,14,5
19,4,19,30.5,0,1,13,6,6
13,6,13,11.4,0,0,0,9,6
5,4,5,8.2,0,0,0,9,6
6,6,6,8.3,1,2,0,7,5
12,1,12,14.8,0,0,10,22,11
17,0,17,26.3,0,1,0,7,5
0,3,0,13.2,1,2,1,1,1
16,2,16,28.0,0,1,0,7,5
19,6,19,20.2,0,0,0,8,6
6,2,6,14.3,0,0,4,6,4
13,6,13,18.5,0,0,0,18,5
9,4,9,12.6,0,0,6,18,8
7,4,7,9.5,0,0,0,14,5
1,5,1,16.7,0,0,1,1,1
12,5,12,17.4,0,0,0,7,6
9,1,9,13.7,0,1,0,11,5
23,3,23,8.0,0,0,0,36,0
12,2,12,8.9,0,0,0,29,6
13,1,13,16.1,0,0,12,27,0
9,6,9,5.6,0,0,0,16,7
2,1,2,5.7,0,0,2,2,2
10,6,10,21.7,0,1,0,25,5
13,5,13,24.6,0,0,0,18,5
3,5,3,6.4,1,2,4,5,4
23,1,23,5.5,0,0,5,6,1
5,2,5,9.4,0,0,13,6,6
9,0,9,18.5,0,1,0,18,5
13,2,13,28.4,0,0,5,11,1
16,5,16,16.9,0,0,13,6,6
14,1,14,15.1,0,0,1,1,14
15,1,15,6.9,1,2,4,6,1
9,6,9,17.8,0,0,6,18,8
7,4,7,6.8,0,0,0,11,5
22,5,22,23.6,0,1,21,3,5
19,0,19,24.0,0,1,13,6,4
21,0,21,19.9,0,1,0,7,5
18,6,18,17.6,0,0,0,18,5
12,3,12,13.4,0,0,0,29,5
5,3,5,9.6,0,0,4,4,1
14,0,14,15.0,0,0,4,20,5
6,0,6,11.7,0,1,25,52,23
10,6,10,10.5,0,0,0,6,7
18,2,18,22.1,0,0,0,29,6
8,1,8,21.4,0,0,5,10,4
10,6,10,11.1,0,0,0,61,0
19,0,19,12.2,0,0,0,20,5
12,1,12,25.8,0,1,0,6,6
1,3,1,8.7,0,0,0,1,0
13,6,13,28.9,0,1,20,19,15
7,1,7,5.2,0,0,5,10,4
9,6,9,10.8,0,0,0,20,6
23,2,23,17.7,0,0,13,6,6
19,1,19,11.1,0,0,13,6,6
6,2,6,12.6,0,1,4,31,4
23,1,23,9.8,0,0,0,36,0
12,2,12,22.8,0,0,0,18,5
19,3,19,20.3,0,0,5,10,1
5,0,5,7.8,0,0,4,5,4
7,2,7,11.5,0,0,0,25,6
5,4,5,12.4,0,0,0,6,0
18,0,18,24.4,0,0,0,25,5
4,2,4,4.3,0,0,0,31,6
5,1,5,7.4,0,0,5,29,1
11,4,11,20.7,0,1,0,12,6
14,5,14,17.0,0,0,0,3,6
15,6,15,16.6,0,0,4,18,5
19,3,19,19.6,0,0,13,6,5
8,3,8,17.9,0,0,25,51,21
17,3,17,25.0,0,0,13,6,6
21,6,21,19.9,0,1,0,8,5
10,2,10,12.3,0,0,4,44,1
5,4,5,14.6,0,0,4,4,4
7,2,7,12.3,0,0,5,10,4
16,2,16,19.9,0,0,0,30,5
10,0,10,17.9,0,0,0,3,7
7,2,7,9.3,0,0,0,41,5
7,1,7,11.1,0,0,5,30,1
6,2,6,10.6,0,0,0,31,6
7,4,7,10.4,0,0,0,7,5
4,3,4,1.8,0,0,0,26,6
11,3,11,12.1,0,0,0,6,5
16,1,16,26.6,0,0,0,13,5
11,5,11,15.5,0,0,2,2,2
5,4,5,14.4,0,0,0,55,5
5,1,5,5.5,0,0,4,5,4
0,4,0,19.4,0,0,42,86,41
15,0,15,26.8,0,0,0,3,5
5,2,5,1.1,0,0,0,13,5
16,3,16,22.2,0,0,0,31,6
16,3,16,30.4,0,1,0,4,5
11,6,11,12.5,0,0,20,19,15
8,1,8,14.3,0,1,0,4,5
21,5,21,15.1,0,0,0,3,5
8,3,8,3.3,0,0,0,16,0
13,5,13,12.6,0,0,6,18,8
7,2,7,15.2,0,1,0,12,6
15,4,15,28.8,0,1,0,3,5
16,2,16,30.6,0,0,1,1,1
5,5,5,15.0,0,0,0,31,6
20,2,20,11.9,0,0,0,13,5
15,2,15,13.7,0,0,4,10,4
11,3,11,18.4,0,0,0,6,0
6,3,6,7.5,0,0,0,13,5
11,1,11,18.3,0,0,10,22,11
13,6,13,22.0,0,0,0,18,5
7,4,7,13.3,0,0,8,19,10
15,1,15,17.5,0,0,0,5,6
10,3,10,20.6,0,0,0,3,6
9,5,9,15.6,0,0,21,3,5
7,0,7,1.2,0,0,0,10,6
8,4,8,1.1,0,0,5,10,1
11,6,11,25.2,0,1,0,12,5
16,4,16,16.1,0,0,5,13,1
19,0,19,28.3,0,1,0,25,5
6,2,6,13.2,0,1,4,1,1
16,6,16,15.6,0,1,0,18,5
20,4,20,13.9,0,0,0,10,5
8,3,8,2.6,0,0,0,20,5
16,6,16,34.9,0,0,0,1,10
5,1,5,4.9,0,0,0,26,6
23,1,23,12.9,0,0,0,35,7
7,2,7,1.1,0,0,0,31,5
8,0,8,7.4,0,0,14,19,16
15,3,15,13.3,0,0,13,4,1
15,3,15,14.6,0,0,13,4,5
11,6,11,14.1,0,0,20,19,15
7,1,7,13.7,0,0,0,10,6
8,2,8,8.4,0,0,0,4,5
14,2,14,28.5,0,1,0,20,5
4,3,4,3.7,0,0,5,5,4
7,1,7,4.1,0,0,25,51,21
2,3,2,6.7,0,0,2,2,2
22,1,22,10.1,0,0,0,26,6
4,5,4,14.2,0,0,0,5,6
23,1,23,7.4,0,0,0,15,7
5,3,5,15.4,0,0,0,26,6
5,1,5,10.0,0,0,4,31,1
8,2,8,4.9,0,0,5,10,1
9,6,9,11.9,0,0,0,3,5
8,5,8,3.7,0,0,25,51,21
23,0,23,8.7,0,0,0,9,6
8,1,8,4.6,0,0,4,12,1
11,5,11,12.7,0,0,0,13,6
5,0,5,16.0,0,0,2,2,8
15,6,15,15.9,0,0,23,43,0
17,3,17,22.2,0,0,0,6,0
14,5,14,14.5,0,0,44,3,44
9,5,9,19.9,0,0,0,15,7
11,3,11,18.3,0,0,5,9,1
9,6,9,19.4,0,1,26,58,0
20,4,20,20.6,0,1,0,29,6
13,6,13,20.1,0,0,12,27,0
8,1,8,10.2,0,0,5,10,4
8,4,8,11.4,0,0,22,19,15
5,3,5,4.6,0,0,0,26,6
7,0,7,8.9,0,0,0,29,6
7,5,7,5.9,0,0,0,20,5
21,0,21,21.6,0,0,0,22,0
20,6,20,17.2,0,0,0,10,6
19,0,19,7.5,0,0,25,25,22
9,1,9,6.9,0,0,0,30,6
21,2,21,13.6,0,0,0,3,5
5,5,5,21.1,0,0,0,8,6
5,1,5,6.4,0,0,0,10,6
3,2,3,13.4,0,0,0,1,5
5,4,5,12.1,0,0,4,31,4
11,3,11,19.7,0,0,0,8,6
12,2,12,23.6,0,0,24,63,15
14,0,14,15.9,0,0,0,3,6
15,6,15,15.6,0,0,21,71,5
23,0,23,19.1,0,0,8,19,10
5,5,5,2.5,0,0,21,3,14
5,2,5,5.2,0,0,0,9,6
5,3,5,11.4,0,0,4,4,4
9,1,9,15.5,0,0,0,12,5
20,4,20,20.5,0,0,5,10,1
13,0,13,14.6,0,0,0,25,5
1,2,1,14.3,0,0,2,2,8
16,6,16,15.5,0,0,4,13,1
23,1,23,12.4,0,0,22,19,15
23,4,23,17.5,0,0,6,18,8
13,4,13,21.3,0,0,0,18,5
13,0,13,27.5,0,1,0,31,6
4,1,4,11.5,0,0,0,23,5
6,1,6,8.9,0,0,4,31,4
3,3,3,9.7,1,2,0,8,6
21,4,21,17.8,0,1,0,10,5
15,2,15,30.0,0,1,4,12,4
6,3,6,15.4,0,1,4,5,4
15,5,15,15.3,0,0,4,10,1
20,0,20,19.8,0,1,5,18,1
20,3,20,8.2,1,2,27,12,40
7,2,7,2.9,0,0,4,23,5
11,4,11,16.9,0,0,0,31,6
18,1,18,19.5,0,0,0,12,6
23,3,23,4.7,0,0,5,6,1
11,3,11,28.5,0,1,0,8,6
13,0,13,29.0,0,1,0,23,5
12,4,12,9.0,0,0,0,4,5
5,0,5,8.0,0,0,0,31,5
14,2,14,28.5,0,1,0,12,5
9,0,9,19.5,0,0,6,18,8
19,1,19,18.0,0,0,0,20,5
19,4,19,8.2,0,0,5,30,1
1,3,1,13.0,0,0,1,1,1
0,3,0,8.6,0,0,2,2,8
15,1,15,19.1,0,0,0,20,6
1,4,1,15.4,0,0,20,19,15
1,6,1,7.6,0,0,0,0,0
11,3,11,13.0,0,0,0,20,6
4,1,4,5.3,0,0,0,10,5
10,5,10,20.9,0,0,7,67,24
14,1,14,22.6,0,1,13,6,5
9,6,9,17.4,0,0,13,6,6
12,1,12,9.9,0,0,0,6,6
14,3,14,11.6,0,0,5,6,1
3,6,3,13.0,0,0,0,26,5
21,2,21,6.3,0,0,0,26,5
21,6,21,11.2,0,0,4,29,1
6,6,6,12.5,0,0,0,13,6
10,4,10,13.6,0,0,0,20,6
20,0,20,8.9,0,0,5,30,1
22,2,22,11.6,0,0,15,19,7
16,2,16,19.6,0,0,5,12,1
18,5,18,8.6,0,0,0,13,6
17,5,17,26.6,0,1,0,10,6
8,3,8,17.4,0,1,5,10,1
8,1,8,17.6,0,1,0,18,5
4,3,4,15.3,0,0,4,1,1
13,2,13,12.1,0,0,4,5,4
10,3,10,11.0,1,2,5,9,1
5,3,5,12.8,0,0,21,3,5
4,1,4,19.2,0,0,0,26,5
14,3,14,24.7,0,1,0,41,5
13,2,13,24.5,0,0,0,48,6
5,0,5,13.4,0,0,0,9,6
0,3,0,10.4,0,0,2,2,8
2,4,2,16.2,1,2,7,10,24
6,5,6,9.4,0,0,0,8,5
10,2,10,25.4,0,1,20,19,15
1,6,1,16.9,0,0,13,6,6
7,3,7,7.9,0,0,0,12,6
20,6,20,24.1,0,0,0,31,5
15,6,15,24.3,0,0,4,13,4
22,6,22,16.7,0,0,4,10,4
0,4,0,16.0,0,0,0,8,5
17,4,17,25.7,0,0,5,20,1
5,1,5,14.8,0,0,5,4,1
15,2,15,19.1,0,0,0,5,6
15,3,15,13.5,0,0,5,12,1
23,3,23,8.8,0,0,0,19,0
8,4,8,4.9,0,0,0,4,5
14,0,14,28.5,0,0,10,22,11
17,5,17,31.3,0,0,4,12,5
17,6,17,29.8,0,1,0,30,5
7,1,7,5.4,0,0,0,25,5
13,2,13,11.0,0,0,0,3,5
17,6,17,22.1,0,0,0,31,6
15,4,15,26.4,0,0,5,3,1
4,5,4,12.3,0,0,0,26,6
5,1,5,14.3,0,0,0,10,5
7,0,7,13.6,0,1,13,6,6
9,1,9,7.6,0,0,0,3,5
11,2,11,8.2,0,0,5,10,4
10,4,10,25.1,0,1,0,3,6
19,2,19,7.0,0,0,0,26,6
12,3,12,13.8,0,1,7,24,9
11,4,11,9.4,0,0,10,22,11
11,5,11,16.8,0,0,0,6,6
13,0,13,11.9,0,0,0,9,6
4,3,4,15.7,0,0,0,9,5
7,2,7,16.8,0,1,0,11,5
21,6,21,19.4,0,1,21,3,5
9,3,9,3.8,0,0,0,11,6
6,6,6,13.5,0,1,5,5,5
17,3,17,20.8,0,0,0,9,6
18,0,18,23.4,0,0,13,5,5
12,5,12,11.0,0,0,9,21,11
5,1,5,13.7,0,0,4,10,1
7,0,7,12.8,0,0,1,1,7
23,2,23,18.3,0,0,19,15,0
7,2,7,13.5,0,1,0,11,6
7,1,7,9.3,0,0,0,11,6
16,1,16,20.4,0,0,14,19,16
23,1,23,6.1,0,0,0,8,6
12,6,12,15.1,0,0,0,9,6
23,0,23,20.1,0,0,17,33,15
16,6,16,34.4,0,0,0,31,6
5,0,5,3.4,0,0,13,6,1
5,0,5,15.9,0,0,0,17,5
16,6,16,16.4,0,0,5,12,1
10,3,10,12.4,0,0,0,8,6
13,4,13,16.2,0,0,0,48,6
1,3,1,15.8,0,0,0,8,6
6,0,6,4.5,0,0,1,1,7
22,2,22,13.9,0,0,13,6,6
15,1,15,29.3,0,0,0,25,6
10,6,10,10.1,0,0,0,29,6
12,0,12,16.3,0,0,0,31,6
4,3,4,9.1,0,0,0,9,6
18,2,18,10.0,0,0,0,12,5
21,2,21,15.3,0,0,13,6,5
2,3,2,14.1,0,0,0,27,0
12,0,12,11.1,0,0,0,9,6
6,0,6,7.8,0,0,0,89,7
8,4,8,14.6,0,0,0,3,6
4,1,4,10.2,0,0,0,26,6
17,0,17,25.1,0,1,0,29,6
3,1,3,17.1,0,0,1,39,1
9,5,9,8.2,0,0,0,16,0
14,2,14,28.3,0,1,4,17,1
16,1,16,24.3,0,1,0,6,5
20,6,20,11.9,0,0,0,7,6
5,3,5,10.7,1,2,0,1,7
5,6,5,15.6,0,0,5,4,1
22,5,22,13.0,0,0,0,1,5
12,6,12,25.4,0,0,5,5,1
1,3,1,5.6,0,0,2,2,8
7,4,7,7.9,0,0,0,7,6
1,4,1,11.4,0,0,0,1,0
16,1,16,17.0,0,0,0,5,5
0,0,0,8.9,0,0,0,1,0
11,1,11,19.2,0,1,0,16,0
5,6,5,11.8,0,0,4,4,1
22,3,22,22.1,0,0,0,8,5
22,0,22,13.2,0,0,13,6,4
18,1,18,26.8,0,1,0,10,6
1,3,1,13.0,0,0,16,32,14
17,1,17,10.9,1,2,0,15,7
4,0,4,9.4,0,0,5,5,4
4,2,4,9.4,0,0,0,46,0
1,4,1,12.5,0,0,1,1,1
8,5,8,11.3,0,0,0,29,5
9,3,9,19.7,0,0,0,6,5
15,5,15,30.5,0,0,13,6,6
10,6,10,15.6,0,0,0,19,0
10,0,10,16.7,0,1,0,17,5
11,2,11,9.0,0,0,4,10,4
23,3,23,14.5,0,0,18,34,11
14,1,14,22.8,0,1,0,12,5
9,2,9,14.6,0,0,21,3,5
11,3,11,27.5,0,0,0,8,6
22,2,22,17.9,0,1,6,18,8
15,3,15,14.9,0,0,0,6,6
8,4,8,10.8,0,0,5,10,4
11,5,11,25.5,0,0,0,31,5
10,4,10,11.1,0,0,0,13,6
10,2,10,13.2,0,0,0,41,5
16,3,16,16.4,0,0,5,14,1
16,6,16,18.8,0,0,0,23,6
11,1,11,25.1,0,1,0,6,0
14,1,14,16.4,0,0,13,99,4
19,4,19,27.2,0,1,0,8,5
11,0,11,17.4,0,0,0,6,0
2,1,2,8.5,0,0,0,0,0
16,2,16,19.5,0,0,4,9,4
4,5,4,6.8,0,0,0,26,6
11,3,11,10.0,0,0,0,29,5
6,6,6,3.1,0,0,0,9,6
14,3,14,17.8,0,0,0,3,5
12,2,12,21.1,0,1,5,5,1
13,1,13,16.0,0,0,0,11,6
7,6,7,13.2,0,1,1,1,7
21,3,21,8.0,0,0,0,9,6
6,4,6,13.6,0,0,0,29,5
12,6,12,19.8,0,1,0,12,5
6,4,6,9.3,0,0,0,3,5
1,4,1,4.1,0,0,5,10,1
15,4,15,29.7,0,0,0,29,6
12,6,12,21.0,0,0,5,5,1
14,3,14,17.7,0,1,0,12,5
16,4,16,13.3,0,0,0,5,6
5,0,5,5.3,0,0,0,5,6
5,3,5,2.0,0,0,4,31,4
23,2,23,11.5,1,2,5,9,1
0,4,0,16.0,0,0,20,6,15
17,3,17,16.8,0,0,5,12,4
13,5,13,29.2,0,1,0,29,5
17,4,17,30.1,0,0,0,23,5
5,3,5,5.2,0,0,39,19,12
16,3,16,27.7,0,0,23,43,0
1,2,1,12.2,0,0,20,19,15
19,4,19,11.7,0,0,0,22,0
7,1,7,6.9,0,0,4,6,4
11,4,11,28.0,0,1,0,31,6
18,0,18,10.9,0,0,0,10,6
2,2,2,12.1,0,0,13,6,6
23,6,23,15.4,0,0,17,33,15
21,3,21,9.7,1,2,0,3,5
22,1,22,21.9,0,0,16,32,14
6,2,6,3.9,0,0,4,5,1
14,4,14,32.5,0,1,25,59,22
22,2,22,21.6,0,0,13,6,6
15,5,15,25.9,0,0,13,4,6
8,6,8,1.1,0,0,4,31,4
22,1,22,6.9,0,0,6,18,27
15,3,15,25.3,0,0,13,99,4
22,2,22,12.3,0,0,15,19,7
12,0,12,28.3,0,1,0,6,6
14,6,14,26.5,0,0,0,11,6
21,3,21,10.5,0,0,5,10,1
11,0,11,25.7,0,1,0,31,6
12,2,12,26.3,0,1,0,10,5
16,5,16,15.4,0,0,0,29,6
21,6,21,21.1,0,1,0,8,6
9,3,9,8.2,0,0,0,20,6
14,3,14,13.3,0,0,0,6,6
13,4,13,19.7,0,0,0,48,6
19,1,19,15.1,0,0,13,6,4
19,3,19,16.7,0,0,5,30,1
8,2,8,4.8,0,0,0,30,5
13,4,13,28.5,0,1,0,12,6
9,1,9,7.8,0,0,0,29,6
23,5,23,20.8,0,0,7,10,24
11,4,11,13.4,0,0,5,11,1
18,3,18,25.9,0,0,0,12,5
15,0,15,27.9,0,0,6,18,17
16,1,16,30.7,0,0,0,20,5
20,6,20,24.5,0,1,0,29,6
13,6,13,17.0,0,0,4,5,1
14,1,14,20.4,0,0,4,6,4
2,0,2,15.7,0,0,14,19,12
12,1,12,15.7,0,0,0,31,6
15,4,15,11.5,0,0,20,19,15
23,6,23,15.4,0,0,0,19,7
9,5,9,22.8,0,1,0,11,5
0,3,0,11.0,0,0,5,6,1
20,1,20,13.3,0,0,0,7,6
5,4,5,10.8,0,0,0,26,5
1,6,1,13.5,0,0,2,2,8
9,5,9,11.5,0,0,0,6,6
19,3,19,19.8,0,1,0,29,5
21,1,21,9.4,1,2,0,31,6
4,3,4,7.8,0,0,2,2,8
5,2,5,3.9,0,0,0,5,6
3,5,3,15.2,0,0,10,38,10
20,2,20,20.1,0,1,0,8,5
23,1,23,9.1,0,0,0,10,5
4,4,4,8.9,1,2,13,6,4
8,6,8,19.1,0,1,0,4,5
9,1,9,20.3,0,1,0,16,0
10,6,10,10.0,0,0,0,12,6
23,1,23,12.3,0,0,0,8,6
19,2,19,0.0,0,1,0,8,6
7,0,7,8.8,0,0,8,1,10
23,0,23,7.2,0,0,0,15,7
22,4,22,12.5,0,0,4,10,4
17,5,17,11.0,0,0,0,9,6
6,4,6,8.8,0,0,0,6,6
13,3,13,30.2,0,1,28,7,0
9,4,9,9.0,0,0,5,12,4
16,2,16,16.6,0,0,0,28,6
6,4,6,15.3,0,1,0,17,5
4,5,4,2.8,0,0,2,2,8
23,4,23,10.3,0,0,6,7,17
7,5,7,16.4,0,1,0,12,5
16,1,16,26.0,0,0,1,1,1
15,2,15,11.1,0,0,0,13,6
12,1,12,13.6,0,0,0,12,6
8,0,8,10.7,0,0,6,18,27
1,2,1,8.8,0,0,0,0,0
8,5,8,14.1,0,0,4,29,1
17,1,17,31.3,0,1,0,7,5
16,4,16,27.7,0,1,0,30,5
5,0,5,15.5,0,0,4,23,4
7,4,7,9.4,0,0,0,12,6
6,0,6,3.2,0,0,0,13,6
7,3,7,7.8,0,0,0,20,6
21,0,21,12.3,0,0,0,31,6
8,4,8,7.6,0,0,0,100,6
19,6,19,8.4,0,0,5,10,1
11,3,11,13.7,0,0,5,10,4
13,3,13,16.6,0,0,20,19,15
17,1,17,19.0,0,0,5,23,4
16,3,16,15.9,0,0,0,5,5
18,1,18,14.0,0,0,13,6,4
9,6,9,8.4,0,0,0,13,5
12,3,12,10.1,1,2,0,8,6
4,3,4,12.7,0,0,0,9,6
7,6,7,4.9,0,0,29,3,30
7,0,7,12.9,0,1,0,11,5
0,3,0,21.3,0,0,0,1,5
8,1,8,3.7,0,0,22,19,15
10,1,10,19.1,0,0,0,11,5
12,0,12,21.3,0,0,10,22,11
1,0,1,11.2,0,0,13,6,6
5,0,5,7.9,0,0,0,26,6
8,0,8,1.6,0,0,0,25,5
1,5,1,16.6,0,0,0,6,5
8,6,8,7.2,0,0,5,10,4
13,2,13,16.8,0,0,0,31,5
7,6,7,-0.5,0,0,4,12,5
3,4,3,12.0,0,0,8,1,10
8,3,8,16.4,0,0,0,24,5
23,1,23,19.3,0,1,17,33,15
17,6,17,10.6,0,0,13,5,1
18,2,18,28.1,0,1,0,12,5
20,5,20,8.9,0,0,0,26,5
15,1,15,18.6,0,0,0,3,6
17,5,17,26.7,0,1,0,6,0
20,6,20,20.1,0,0,4,18,1
16,6,16,29.6,0,1,31,63,12
5,4,5,10.6,0,0,0,13,6
10,3,10,17.1,0,0,0,13,6
13,6,13,27.5,0,1,10,22,11
21,1,21,16.3,0,0,5,10,1
6,5,6,5.5,0,0,5,6,1
4,2,4,4.4,0,0,0,13,6
1,6,1,18.4,0,0,2,2,8
6,2,6,3.0,0,0,0,9,6
5,4,5,9.4,0,0,8,19,10
9,6,9,9.8,0,0,0,13,6
14,1,14,19.1,0,0,13,6,6
9,0,9,18.2,0,1,21,3,5
13,4,13,16.7,0,0,5,7,1
0,3,0,16.0,0,0,5,10,1
18,4,18,15.2,0,0,5,23,4
8,1,8,3.9,0,0,6,18,8
3,4,3,11.8,0,0,2,2,2
15,0,15,19.8,0,0,0,12,5
15,1,15,20.3,0,0,0,3,6
14,3,14,14.6,0,0,4,13,1
7,5,7,15.2,0,1,0,11,5
17,3,17,26.8,0,0,0,9,6
19,2,19,7.0,0,0,0,9,5
12,1,12,22.7,0,0,0,4,5
13,4,13,28.4,0,1,5,7,5
8,1,8,1.7,0,0,0,13,5
4,0,4,9.0,0,0,3,3,3
13,6,13,16.6,0,0,0,9,6
12,1,12,11.1,0,0,0,12,6
20,5,20,13.9,0,0,18,34,11
15,2,15,28.9,0,1,4,13,4
23,4,23,10.8,0,0,5,6,1
8,1,8,13.9,0,0,0,9,6
6,3,6,14.1,0,1,13,6,6
18,2,18,8.1,0,0,0,12,6
8,6,8,8.7,0,0,0,13,6
21,1,21,12.1,0,0,0,26,6
19,0,19,23.3,0,0,5,30,1
17,0,17,31.8,0,0,5,23,1
18,0,18,7.8,0,0,4,18,5
13,3,13,23.7,0,0,9,21,11
6,2,6,15.4,0,0,0,29,5
22,3,22,9.2,1,2,10,22,11
21,2,21,16.3,0,1,0,7,5
9,0,9,19.8,0,1,19,15,0
0,1,0,8.3,0,0,13,6,6
13,0,13,16.9,0,0,0,9,5
17,5,17,31.0,0,0,0,10,6
14,3,14,27.5,0,0,0,25,5
6,3,6,7.4,0,0,0,29,5
10,3,10,23.9,0,1,0,30,5
12,0,12,15.0,1,0,0,5,6
13,1,13,26.0,0,1,0,9,5
9,1,9,19.4,0,1,0,20,6
1,1,1,17.3,0,0,0,1,7
4,4,4,15.1,0,0,0,8,6
5,5,5,5.0,0,0,4,23,5
11,3,11,10.8,0,0,0,29,5
19,6,19,28.6,0,1,0,10,5
11,6,11,10.1,0,0,13,6,5
19,4,19,24.8,0,1,0,29,5
16,1,16,20.4,0,0,0,25,5
13,1,13,23.0,0,0,0,25,5
17,1,17,20.4,0,0,0,28,6
13,4,13,26.5,0,1,0,18,5
16,0,16,8.1,0,0,0,24,5
19,3,19,8.7,1,2,25,51,21
13,6,13,26.2,0,1,5,7,5
5,4,5,8.0,0,0,0,8,6
1,3,1,14.7,0,0,0,1,7
19,0,19,30.3,0,1,13,6,6
17,3,17,26.7,0,0,0,31,6
20,3,20,12.9,0,0,0,13,6
18,0,18,23.9,0,0,0,12,5
21,6,21,17.6,0,1,0,8,5
19,2,19,12.0,0,0,0,22,0
5,4,5,12.3,0,0,0,31,6
9,1,9,24.9,0,0,0,15,7
10,3,10,11.6,0,0,0,12,6
11,4,11,21.8,0,0,0,9,5
8,1,8,16.3,0,0,4,13,1
12,3,12,20.4,0,0,0,12,5
14,2,14,30.6,0,1,6,18,8
11,1,11,24.1,0,1,14,19,16
19,1,19,18.6,0,0,5,18,1
10,1,10,18.3,0,0,7,24,55
10,3,10,19.5,0,0,5,14,1
6,2,6,13.3,0,1,0,17,5
21,3,21,10.2,0,0,0,3,6
8,5,8,5.3,0,0,0,3,5
11,4,11,10.2,0,0,0,19,7
10,4,10,21.7,0,1,0,23,5
11,3,11,17.1,0,0,0,24,5
0,5,0,16.5,0,0,19,15,0
15,6,15,14.6,0,0,0,9,6
15,5,15,7.9,0,0,5,62,1
1,0,1,16.9,0,0,0,0,0
6,1,6,15.3,0,1,0,8,5
13,4,13,19.8,0,0,7,20,55
2,2,2,11.2,0,0,10,38,10
15,3,15,19.2,0,0,0,44,5
15,6,15,23.1,0,0,20,1,15
1,6,1,11.9,0,0,8,19,10
13,6,13,31.1,0,1,12,27,0
12,1,12,23.3,0,0,4,54,1
12,2,12,9.4,0,0,9,21,11
13,1,13,28.7,0,1,0,24,5
0,6,0,6.4,0,0,0,1,7
15,5,15,15.3,0,0,0,44,5
9,6,9,8.4,0,0,0,6,6
15,6,15,21.4,0,0,14,19,16
11,0,11,9.0,0,0,0,12,6
11,1,11,9.8,0,0,0,19,0
15,0,15,23.8,0,0,0,3,5
14,0,14,31.0,0,0,4,17,5
23,0,23,19.0,0,0,15,37,7
6,5,6,13.6,0,1,4,18,5
11,0,11,19.9,0,1,0,11,5
10,3,10,18.0,0,0,73,120,3
23,2,23,17.1,0,0,0,19,0
17,4,17,11.3,0,0,4,45,1
13,0,13,18.9,0,0,6,18,17
4,6,4,8.6,0,0,0,10,6
19,6,19,9.9,0,0,5,18,1
15,5,15,24.9,0,0,0,3,6
15,5,15,23.8,0,1,4,20,1
11,6,11,10.7,0,0,0,30,5
20,3,20,21.0,0,1,0,10,6
18,0,18,21.1,0,0,0,10,6
13,4,13,16.3,0,0,0,9,6
6,3,6,7.5,0,0,4,9,4
8,6,8,12.0,0,0,0,4,5
12,2,12,10.8,0,0,5,41,1
12,2,12,9.3,0,0,0,13,6
5,5,5,2.5,0,0,4,23,1
14,4,14,29.2,0,0,0,11,6
8,0,8,5.6,0,0,0,3,5
8,6,8,15.4,0,1,0,30,5
17,4,17,29.5,0,1,0,29,6
15,5,15,16.3,0,0,5,12,1
13,0,13,14.4,0,0,5,12,4
11,2,11,15.3,0,1,0,10,6
18,2,18,9.7,0,0,0,31,6
5,6,5,11.5,0,0,4,13,5
12,2,12,25.9,0,1,0,10,6
11,4,11,22.1,0,0,0,6,0
20,3,20,23.9,0,1,0,10,6
7,5,7,9.5,0,0,0,12,6
11,6,11,25.8,0,1,0,24,5
5,0,5,11.1,0,0,4,13,4
5,4,5,6.4,0,0,0,10,5
0,1,0,18.1,0,0,0,36,0
18,3,18,15.0,0,1,21,3,0
10,0,10,15.2,0,0,4,29,5
19,6,19,23.0,0,0,0,31,5
15,5,15,29.4,0,1,0,49,5
15,2,15,14.0,0,0,0,31,6
10,0,10,5.7,0,0,0,13,6
12,5,12,14.3,0,0,0,13,6
2,2,2,13.9,0,0,0,0,0
5,5,5,5.7,0,0,0,5,6
20,3,20,6.7,0,0,0,31,6
11,3,11,25.1,0,1,0,28,5
5,1,5,16.8,0,0,0,40,5
5,2,5,16.4,0,0,4,23,4
11,1,11,10.2,0,0,0,31,6
15,2,15,29.7,0,1,0,49,5
11,2,11,24.2,0,1,0,14,5
16,6,16,16.5,0,0,0,29,6
8,2,8,14.2,0,1,0,5,5
16,5,16,16.7,0,0,0,7,5
23,0,23,7.9,0,0,16,32,5
11,0,11,10.8,0,0,10,22,11
16,2,16,13.5,0,0,0,18,5
9,6,9,3.0,0,0,0,16,7
18,5,18,22.4,0,0,0,12,6
22,6,22,19.6,0,1,16,32,14
5,5,5,2.3,0,0,5,3,4
13,0,13,24.8,0,0,28,7,0
12,5,12,26.5,0,1,0,5,5
0,4,0,7.0,0,0,0,1,7
18,5,18,22.2,0,0,5,23,4
0,1,0,3.7,0,0,0,26,6
14,3,14,13.4,0,0,1,1,1
5,4,5,13.9,0,0,4,5,4
19,0,19,28.7,0,0,0,10,6
7,1,7,13.5,0,0,0,31,5
12,6,12,14.3,0,0,0,31,6
4,1,4,9.5,0,0,0,40,5
5,1,5,14.8,0,0,5,4,1
15,0,15,32.0,0,1,20,19,15
10,1,10,11.7,0,0,0,8,6
16,5,16,31.3,0,1,6,18,8
17,3,17,16.9,0,0,0,5,6
17,2,17,25.4,0,0,0,6,7
16,4,16,16.2,0,0,4,13,1
6,2,6,9.0,0,0,0,29,6
8,4,8,5.5,0,0,0,3,5
15,2,15,18.3,0,0,7,14,18
7,3,7,4.2,0,0,0,9,6
16,5,16,15.6,0,0,0,23,5
9,6,9,8.1,0,0,0,13,6
9,2,9,5.2,0,0,0,3,6
11,5,11,11.7,0,0,10,22,11
15,2,15,21.4,0,0,0,31,6
16,6,16,10.9,0,0,5,30,1
4,6,4,10.6,0,0,0,13,5
15,5,15,24.1,0,0,0,10,6
7,0,7,11.9,0,0,0,29,6
20,1,20,7.4,0,0,0,3,5
9,5,9,18.5,0,0,5,6,1
4,6,4,6.4,0,0,0,10,6
17,6,17,29.6,0,1,14,19,16
10,2,10,10.0,0,0,0,23,5
8,6,8,4.7,0,0,4,39,1
7,4,7,8.5,0,1,0,9,6
15,5,15,24.8,0,0,6,18,8
16,5,16,21.2,0,0,0,12,5
6,2,6,13.4,0,1,4,5,4
13,2,13,25.2,0,1,28,7,0
15,5,15,25.2,0,0,0,31,6
5,2,5,4.8,0,0,0,26,6
10,2,10,10.7,0,0,5,14,1
14,6,14,28.0,0,1,0,12,5
16,0,16,26.2,0,1,0,7,6
11,6,11,11.5,0,0,0,8,6
15,3,15,19.3,0,0,0,9,6
12,6,12,20.8,0,0,0,20,5
8,4,8,9.3,0,0,0,31,6
16,5,16,32.4,0,0,5,20,1
16,0,16,30.9,0,1,5,30,1
23,4,23,8.3,0,0,18,34,11
8,6,8,15.0,0,1,0,4,5
21,2,21,13.9,0,0,21,3,5
14,4,14,18.5,0,0,0,24,5
15,3,15,30.4,0,1,0,12,6
17,6,17,22.1,0,0,4,64,1
12,4,12,30.3,0,1,9,21,13
6,0,6,1.7,0,0,0,31,5
12,5,12,12.6,0,0,4,29,5
10,2,10,11.4,0,0,0,20,5
18,1,18,14.6,0,0,52,40,57
23,0,23,16.6,0,0,18,34,11
5,6,5,15.6,0,0,4,5,5
13,4,13,11.3,0,0,0,48,6
15,4,15,7.8,0,0,0,23,6
20,1,20,10.3,0,0,0,18,5
14,3,14,33.1,0,1,0,11,6
18,3,18,12.8,0,0,13,6,6
0,0,0,22.0,0,1,19,15,7
18,0,18,10.5,0,0,5,23,4
17,1,17,12.0,0,0,4,5,4
19,4,19,7.8,1,2,4,30,1
0,6,0,19.4,0,0,5,6,1
5,6,5,13.8,0,0,0,13,5
17,1,17,29.0,0,0,0,28,6
11,1,11,13.3,0,0,0,10,6
4,4,4,10.8,0,0,5,5,4
5,6,5,17.6,0,0,4,4,4
16,2,16,16.6,0,0,0,13,6
23,1,23,16.9,0,0,0,35,0
7,6,7,9.7,0,0,0,12,6
11,1,11,13.4,0,0,10,22,11
14,1,14,30.4,0,1,0,24,5
17,2,17,11.6,0,0,0,31,6
15,4,15,29.6,0,0,5,12,1
19,3,19,23.6,0,1,0,20,5
5,0,5,13.5,0,0,0,10,6
12,4,12,26.6,0,0,28,7,0
17,1,17,29.2,0,1,0,12,6
10,0,10,10.3,0,0,4,29,5
4,5,4,7.4,0,0,0,5,6
10,3,10,11.0,0,0,5,10,4
14,0,14,10.1,0,0,0,3,6
10,0,10,21.3,0,0,0,12,5
13,0,13,28.9,0,0,0,3,5
13,3,13,24.5,0,0,0,18,5
18,3,18,17.3,0,0,0,12,5
23,3,23,8.9,0,0,5,6,1
14,4,14,16.3,0,0,13,99,5
13,6,13,31.0,0,1,10,22,11
19,5,19,11.0,0,0,0,22,0
9,3,9,14.5,0,0,5,10,1
12,0,12,30.1,0,1,0,7,5
10,6,10,10.6,0,0,0,61,0
15,1,15,25.4,0,0,0,12,6
16,3,16,33.1,0,0,0,7,5
19,2,19,26.5,0,1,0,10,5
0,4,0,16.4,0,0,10,22,11
5,4,5,3.7,0,0,20,19,15
15,1,15,18.3,0,0,5,25,1
1,1,1,12.0,0,0,0,8,6
12,5,12,27.8,0,0,5,10,4
0,6,0,15.1,0,0,15,37,7
13,5,13,15.1,0,0,0,3,5
13,3,13,14.8,0,0,0,48,6
17,6,17,34.4,0,0,0,20,6
11,3,11,11.2,0,0,0,19,0
12,5,12,23.8,0,0,14,19,12
11,1,11,20.3,0,1,4,12,5
15,0,15,15.5,0,0,4,13,1
16,5,16,32.0,0,1,4,23,4
21,1,21,12.3,0,0,0,29,6
2,6,2,11.8,0,0,13,6,6
10,3,10,19.3,0,1,0,16,0
8,1,8,11.8,0,1,20,19,15
9,5,9,16.8,0,0,6,18,8
0,2,0,7.1,0,0,5,6,1
9,3,9,11.7,0,0,0,28,6
5,5,5,4.3,0,0,4,5,4
17,2,17,18.0,0,1,4,10,4
14,4,14,17.9,0,0,0,12,6
0,5,0,14.7,0,0,5,6,1
12,1,12,26.2,0,1,5,5,5
5,6,5,12.0,0,0,5,5,4
9,6,9,17.1,0,0,6,18,8
8,3,8,12.0,0,1,0,7,6
20,1,20,12.9,0,0,5,18,1
7,4,7,11.3,0,0,5,25,1
21,3,21,20.5,0,1,15,19,7
8,5,8,12.2,0,1,0,5,5
10,5,10,11.2,0,0,14,19,12
5,3,5,9.3,0,0,4,4,4
16,1,16,15.6,0,0,4,9,5
18,6,18,32.7,0,1,0,18,5
5,1,5,9.9,0,0,2,2,8
10,1,10,17.7,0,1,0,16,0
18,0,18,26.8,0,0,0,12,6
5,6,5,13.5,0,0,0,17,5
12,5,12,14.0,0,0,0,5,6
16,4,16,15.3,0,0,0,7,5
0,1,0,17.7,0,0,0,36,7
7,3,7,15.2,0,1,0,11,5
5,0,5,9.5,0,0,0,9,6
11,3,11,24.2,0,1,20,19,15
12,3,12,19.2,0,0,9,21,11
5,0,5,9.4,0,0,0,13,6
20,4,20,8.9,0,0,0,7,6
1,3,1,6.8,0,0,0,0,0
9,3,9,9.2,0,0,0,14,5
16,3,16,31.2,0,0,0,9,6
22,3,22,8.6,0,0,0,8,5
16,4,16,29.0,0,1,0,4,5
17,6,17,25.8,0,0,0,1,7
9,0,9,9.8,0,0,28,7,0
16,2,16,29.2,0,1,0,12,5
5,2,5,9.2,0,0,0,13,6
3,4,3,9.7,0,0,8,19,10
10,3,10,9.1,0,0,0,29,5
10,6,10,11.7,0,0,0,11,6
8,0,8,6.7,0,0,0,29,5
8,5,8,4.6,0,0,0,20,5
16,3,16,26.2,0,0,4,20,4
18,1,18,13.6,0,0,0,30,5
4,1,4,16.0,0,0,0,31,6
4,4,4,8.0,0,0,0,5,6
23,5,23,15.6,0,0,0,36,0
8,1,8,13.1,0,1,0,12,5
9,0,9,10.1,0,0,21,3,5
18,1,18,33.9,0,1,4,20,4
13,5,13,13.7,0,0,4,10,1
4,2,4,2.1,0,0,5,5,4
5,0,5,9.5,0,0,0,9,6
11,3,11,19.0,0,0,0,19,0
6,1,6,5.5,0,0,0,6,7
13,1,13,16.2,0,0,9,21,11
7,0,7,9.6,0,0,1,1,1
11,3,11,11.6,0,0,10,22,11
5,6,5,9.5,0,0,4,4,4
8,5,8,1.9,0,0,21,3,5
11,5,11,17.8,0,0,5,10,4
23,5,23,9.6,0,0,0,19,0
20,2,20,16.5,0,1,18,34,11
10,4,10,10.4,0,0,0,25,6
15,1,15,20.5,0,0,5,62,1
20,0,20,13.6,0,0,21,3,5
4,0,4,15.3,0,0,0,9,5
15,3,15,28.4,0,0,0,25,5
12,6,12,18.6,0,0,5,20,1
15,3,15,22.6,0,0,0,3,5
17,6,17,30.7,0,1,0,12,5
17,3,17,17.9,0,0,0,5,5
22,6,22,20.5,0,1,0,8,5
23,0,23,14.7,0,0,0,19,0
18,4,18,17.2,0,0,0,20,5
4,2,4,8.7,0,0,0,3,5
23,3,23,4.8,0,0,0,15,7
16,6,16,25.7,0,0,4,64,1
14,6,14,15.6,0,0,0,9,6
17,4,17,22.8,0,1,6,18,19
8,5,8,2.6,0,0,0,18,5
13,4,13,25.5,0,1,10,22,11
1,1,1,16.5,0,0,1,1,14
17,2,17,20.8,0,0,0,31,6
14,3,14,13.7,0,0,0,10,6
15,4,15,21.2,0,0,4,30,5
7,0,7,13.3,0,1,0,12,5
22,5,22,10.5,0,0,10,22,11
12,5,12,25.8,0,0,0,28,6
8,5,8,7.9,0,0,0,4,5
13,3,13,29.7,0,1,23,43,0
12,3,12,16.6,1,2,20,9,15
22,2,22,9.6,0,0,0,8,6
5,5,5,9.5,0,0,21,3,5
0,3,0,20.9,0,0,0,1,7
10,6,10,12.4,0,0,0,61,0
7,0,7,5.2,0,0,25,51,22
17,0,17,33.0,0,1,0,6,0
23,6,23,13.1,0,0,0,15,7
13,3,13,24.8,0,0,0,3,5
9,6,9,15.3,0,0,0,12,5
19,5,19,11.8,0,0,0,29,6
6,5,6,10.6,0,0,13,6,6
8,6,8,6.5,0,0,0,30,5
5,6,5,7.7,0,0,5,3,4
5,3,5,14.1,0,0,4,1,1
13,1,13,16.2,0,0,0,25,6
13,5,13,28.5,0,0,2,2,2
16,3,16,29.2,0,1,20,19,15
4,3,4,14.1,0,0,0,31,6
6,6,6,6.7,0,0,8,19,10
13,1,13,27.0,0,1,0,23,5
13,0,13,8.7,0,0,0,3,5
16,0,16,26.9,0,0,0,1,7
0,4,0,16.0,0,0,20,19,15
13,6,13,25.7,0,0,10,22,11
14,5,14,15.2,0,0,0,3,6
13,6,13,13.8,0,0,0,29,6
10,0,10,12.5,0,0,0,20,5
12,3,12,25.6,0,1,28,7,0
23,2,23,6.7,0,0,0,15,7
16,3,16,28.0,0,0,0,44,5
15,5,15,29.1,0,0,5,12,4
11,6,11,13.1,0,0,0,11,5
13,0,13,7.7,0,0,0,28,6
20,2,20,18.2,0,0,0,3,6
4,6,4,0.3,0,0,0,9,6
12,1,12,11.0,0,0,0,13,6
10,0,10,12.4,0,0,53,10,31
19,5,19,23.1,0,1,5,10,4
8,4,8,11.8,0,0,0,16,0
16,6,16,20.5,0,0,0,25,6
5,2,5,6.4,0,0,0,31,6
22,6,22,16.6,0,0,0,19,7
8,4,8,18.6,0,1,8,1,10
17,3,17,26.5,0,0,4,13,4
6,1,6,11.3,0,0,4,9,1
8,5,8,6.5,0,0,22,2,15
6,2,6,9.5,0,0,20,19,15
9,6,9,8.3,0,0,4,9,4
1,2,1,13.0,0,0,0,0,0
12,5,12,26.6,0,0,0,18,5
7,1,7,12.9,0,0,4,13,4
15,5,15,32.1,0,1,0,44,5
9,0,9,24.8,0,1,4,10,5
5,1,5,10.9,0,0,0,9,5
10,2,10,20.5,0,0,0,8,5
4,6,4,12.7,0,0,0,8,6
18,3,18,8.7,1,2,5,9,1
16,0,16,11.9,0,0,0,18,5
16,5,16,17.6,0,0,0,22,0
12,3,12,23.6,0,0,0,9,6
20,1,20,23.0,0,0,0,7,6
18,5,18,12.4,0,0,0,48,6
17,3,17,17.1,0,0,0,10,6
7,0,7,7.9,0,0,4,13,1
12,2,12,18.7,0,1,0,12,6
14,0,14,26.1,0,0,43,62,8
0,4,0,14.2,0,0,5,6,1
9,3,9,11.0,0,0,5,14,1
14,0,14,14.1,0,0,14,19,16
14,1,14,11.3,0,0,0,41,5
11,5,11,8.8,0,0,2,2,2
15,1,15,29.2,0,1,0,5,6
10,6,10,21.9,0,1,14,19,12
14,4,14,26.8,0,1,5,7,5
15,0,15,30.2,0,1,4,13,4
21,1,21,11.8,0,0,0,3,5
13,4,13,31.5,0,1,23,43,0
11,3,11,14.4,0,0,0,24,5
21,3,21,5.6,1,0,5,10,1
13,6,13,20.8,0,0,0,18,5
5,2,5,2.3,0,0,0,31,5
6,0,6,6.1,0,0,5,106,1
6,1,6,2.1,0,0,0,13,6
11,6,11,8.5,0,0,0,8,6
12,5,12,15.5,0,0,0,12,6
22,3,22,9.1,1,2,0,10,6
8,5,8,-1.0,0,0,0,41,5
8,4,8,6.7,0,0,0,12,6
9,6,9,8.8,0,0,0,61,0
10,0,10,11.6,0,0,0,9,6
7,5,7,5.3,0,0,0,10,6
11,0,11,9.3,0,0,5,10,4
17,6,17,24.6,0,0,5,5,1
12,3,12,11.4,0,0,0,31,6
10,4,10,13.5,0,0,0,25,6
1,0,1,13.0,0,0,0,1,10
23,1,23,8.3,0,0,0,8,6
7,4,7,13.4,0,0,0,29,5
7,5,7,12.9,0,0,5,25,1
18,3,18,17.4,0,0,0,12,5
15,4,15,22.2,0,0,6,18,17
19,1,19,4.2,0,0,0,10,5
8,2,8,1.3,0,0,0,18,5
14,2,14,18.4,0,0,0,12,6
16,3,16,32.7,0,0,0,14,5
1,2,1,11.4,0,0,0,46,0
5,4,5,4.0,0,0,14,19,12
22,6,22,22.2,0,1,17,33,15
23,1,23,3.9,0,0,0,35,7
13,4,13,14.4,0,0,5,7,1
4,6,4,7.3,0,0,8,19,10
18,6,18,23.0,0,0,0,30,5
12,5,12,25.5,0,0,0,6,6
12,5,12,27.5,0,1,5,5,5
3,2,3,3.8,0,0,0,3,5
7,0,7,3.8,0,0,0,29,6
16,0,16,8.2,0,0,4,9,5
6,4,6,8.1,1,2,0,7,6
17,4,17,16.1,0,0,0,22,7
6,5,6,14.0,0,0,0,9,5
18,6,18,26.8,0,1,0,10,6
0,1,0,16.1,0,0,15,37,7
8,3,8,11.4,0,0,0,4,5
6,6,6,3.1,0,0,1,1,7
20,0,20,12.2,0,0,0,31,6
10,4,10,19.4,0,1,0,29,5
23,2,23,9.1,0,0,0,35,7
19,0,19,10.0,0,0,13,6,6
15,6,15,29.0,0,0,14,19,16
17,6,17,31.6,0,1,0,7,6
18,4,18,10.5,0,0,0,25,5
23,3,23,7.2,0,0,5,6,1
22,2,22,7.8,0,0,6,7,27
0,0,0,17.3,0,0,0,1,7
5,0,5,12.7,0,0,0,9,6
11,5,11,15.8,0,0,2,2,2
13,5,13,15.3,0,0,0,13,6
11,0,11,12.8,0,0,0,8,6
21,0,21,19.0,0,0,0,3,6
12,2,12,13.5,0,0,0,31,6
7,0,7,8.1,0,0,0,10,6
14,2,14,23.0,0,0,0,29,5
20,2,20,6.7,0,0,5,30,1
4,4,4,7.9,0,0,0,10,5
14,6,14,32.5,0,1,0,11,6
23,3,23,13.2,0,0,0,36,7
11,2,11,19.8,0,0,0,10,6
1,5,1,10.0,0,0,0,0,0
2,2,2,7.8,0,0,20,19,15
19,2,19,15.3,0,0,0,22,0
13,2,13,21.4,0,0,12,27,0
7,1,7,10.1,0,0,5,10,1
23,4,23,19.4,0,1,0,35,0
21,1,21,18.4,0,0,10,38,10
11,0,11,16.7,0,1,0,6,5
3,4,3,6.9,0,0,2,2,2
18,6,18,14.2,0,0,0,20,5
13,1,13,12.4,0,0,0,20,5
13,5,13,8.5,0,0,5,7,1
21,0,21,14.5,1,2,0,23,5
11,3,11,20.6,0,0,5,24,1
6,1,6,5.2,0,0,4,9,5
9,2,9,10.3,0,0,0,16,0
5,2,5,13.0,0,0,0,13,6
12,1,12,23.2,0,0,5,10,4
23,2,23,12.3,0,0,13,6,5
1,2,1,15.0,0,0,1,1,1
16,6,16,20.6,0,0,4,20,1
9,5,9,6.3,0,0,0,29,6
13,6,13,20.0,0,0,5,12,1
9,6,9,8.3,0,0,0,18,5
12,0,12,13.0,0,0,0,12,6
9,4,9,9.7,0,0,0,16,7
8,1,8,16.8,0,1,22,19,15
10,5,10,20.1,0,0,6,18,17
18,4,18,8.1,1,2,0,13,6
9,6,9,17.4,0,0,0,16,7
18,1,18,26.9,0,0,5,12,1
14,4,14,15.2,0,0,4,44,1
7,4,7,16.3,0,0,4,39,1
21,3,21,10.6,0,0,5,29,1
11,2,11,13.7,0,0,0,13,6
20,1,20,4.9,0,0,0,26,5
16,4,16,30.3,0,0,0,7,6
6,5,6,5.8,0,0,0,29,6
0,6,0,19.1,0,0,0,1,7
11,3,11,28.7,0,1,0,28,5
17,0,17,26.6,0,1,0,29,6
8,1,8,8.0,0,0,0,12,6
11,0,11,18.0,0,0,0,13,6
13,6,13,26.1,0,1,0,48,5
16,4,16,16.3,0,0,23,43,0
13,5,13,21.8,0,0,5,7,1
5,6,5,0.4,0,0,0,5,6
16,2,16,19.8,0,0,0,12,5
22,1,22,6.0,0,0,13,6,1
1,1,1,12.7,0,0,0,46,0
8,2,8,9.7,0,0,0,4,5
7,4,7,8.6,0,0,4,41,1
11,2,11,16.7,0,0,10,22,11
21,1,21,20.3,0,0,18,34,11
9,5,9,7.8,0,0,5,23,4
8,4,8,11.7,0,0,0,9,5
5,2,5,9.1,0,0,0,26,6
16,4,16,27.2,0,0,21,71,5
21,3,21,14.4,0,0,0,8,5
12,3,12,11.6,0,0,0,9,6
2,0,2,11.6,0,0,0,0,0
19,3,19,13.2,0,0,0,22,0
13,0,13,27.7,0,0,0,20,6
23,2,23,9.6,0,0,0,19,0
12,0,12,26.6,0,0,0,5,6
13,2,13,28.8,0,0,10,22,11
12,1,12,26.3,0,1,0,9,6
19,5,19,23.3,0,1,4,18,1
16,5,16,29.4,0,0,0,5,6
19,4,19,16.3,0,0,5,18,1
23,6,23,11.5,0,0,13,6,6
10,6,10,8.1,0,0,0,6,0
5,4,5,10.0,0,0,0,10,5
4,5,4,6.8,0,0,0,5,6
12,0,12,21.0,0,0,0,6,7
9,5,9,19.4,0,0,0,3,6
5,1,5,5.6,0,0,4,5,4
13,2,13,11.5,0,0,0,10,6
16,1,16,28.4,0,1,0,4,5
1,5,1,15.3,0,0,10,22,11
12,2,12,27.1,0,1,9,21,13
22,2,22,7.0,0,0,5,26,4
11,4,11,25.3,0,1,0,11,5
6,4,6,16.8,0,0,0,13,6
13,4,13,18.7,0,0,11,60,3
21,6,21,21.2,0,0,0,22,0
1,5,1,9.5,0,0,0,0,0
11,0,11,11.5,0,0,5,12,1
4,2,4,12.3,0,0,0,31,6
20,5,20,14.3,0,0,5,3,4
15,6,15,21.6,0,0,0,24,5
7,5,7,12.7,0,1,0,10,6
17,0,17,18.5,0,0,0,31,6
8,1,8,5.9,0,0,0,9,6
7,3,7,6.9,0,1,5,10,1
18,1,18,27.0,0,1,0,18,5
18,1,18,13.7,0,0,13,6,6
18,6,18,15.3,0,0,13,5,5
23,2,23,15.1,0,0,17,33,15
1,3,1,5.1,0,0,8,39,10
12,0,12,26.2,0,1,4,5,4
13,3,13,30.1,0,0,5,7,1
8,0,8,18.2,0,1,0,29,6
18,4,18,28.9,0,0,5,18,1
3,1,3,11.8,0,0,2,2,2
15,4,15,28.6,0,1,20,19,15
12,3,12,11.0,0,0,20,19,15
17,2,17,20.2,0,0,0,20,5
10,6,10,21.9,0,0,0,31,6
13,3,13,24.9,0,0,0,13,6
11,3,11,9.7,0,0,0,31,6
21,4,21,17.3,0,0,0,3,6
5,1,5,15.1,0,0,0,10,5
0,4,0,16.9,0,0,5,6,1
20,2,20,14.3,0,0,0,7,5
18,3,18,16.8,0,0,0,22,0
16,6,16,32.9,0,1,4,12,1
16,3,16,17.6,0,0,0,7,6
15,6,15,24.9,0,0,0,3,5
12,1,12,20.5,0,0,0,12,6
15,6,15,13.6,0,0,1,1,1
6,5,6,1.4,0,0,0,23,6
8,4,8,17.8,0,0,0,4,5
10,2,10,17.8,0,0,0,20,6
15,2,15,21.4,0,0,13,6,6
14,0,14,8.3,0,0,0,3,6
22,6,22,16.2,0,0,17,33,15
9,1,9,21.2,0,1,7,67,24
7,3,7,14.8,0,1,13,6,6
16,3,16,9.9,0,0,0,6,0
7,0,7,13.7,0,0,0,20,5
11,5,11,8.7,0,0,20,19,15
10,2,10,8.3,0,0,0,11,6
6,0,6,6.5,0,0,0,6,7
6,5,6,1.2,0,0,4,9,4
16,1,16,22.5,0,0,0,7,6
10,3,10,15.4,0,0,59,20,31
17,3,17,27.5,0,0,0,6,7
16,6,16,32.2,0,0,0,28,5
8,6,8,6.9,0,0,0,4,5
1,3,1,9.6,0,0,2,2,8
21,5,21,12.2,0,0,0,26,5
8,4,8,14.4,0,1,26,58,0
6,5,6,5.6,0,0,0,8,5
5,1,5,10.8,0,0,0,8,6
21,4,21,17.9,0,0,18,34,11
8,4,8,7.8,0,0,0,3,6
14,0,14,11.5,0,0,61,102,64
19,6,19,21.3,0,0,5,18,1
1,5,1,10.1,0,0,10,22,11
12,2,12,24.6,0,1,9,21,13
7,4,7,7.8,1,2,0,28,5
23,1,23,13.5,0,0,0,8,5
20,6,20,10.0,0,0,0,26,6
10,0,10,9.0,0,0,4,29,1
10,2,10,14.7,0,1,0,12,5
12,5,12,17.1,0,0,0,29,6
16,6,16,17.9,0,0,23,43,0
16,6,16,10.6,0,0,0,29,6
1,3,1,11.4,0,0,2,2,8
16,3,16,15.0,0,1,6,18,8
17,0,17,31.5,0,1,0,31,5
11,5,11,9.1,0,0,5,12,1
20,2,20,24.1,0,1,4,10,4
11,1,11,18.8,0,1,0,30,6
10,4,10,10.3,0,0,5,14,1
8,5,8,18.7,0,0,4,10,1
4,4,4,10.1,0,0,0,13,6
6,4,6,14.9,0,0,0,29,5
7,4,7,13.2,0,1,13,6,6
13,2,13,11.3,0,0,5,31,4
8,5,8,1.3,0,0,0,13,6
12,0,12,26.2,0,1,9,21,13
11,3,11,13.8,0,0,5,29,1
13,2,13,19.3,0,0,0,9,6
12,4,12,24.3,0,0,6,18,8
0,1,0,13.5,0,0,5,6,1
6,1,6,13.0,0,1,20,19,15
5,0,5,12.2,0,0,21,3,5
21,1,21,13.6,0,0,18,34,11
3,4,3,9.6,0,0,2,2,2
10,0,10,11.5,0,0,0,6,7
13,2,13,12.0,0,0,0,3,5
10,2,10,8.0,0,0,0,23,5
16,1,16,29.9,0,0,0,7,5
8,6,8,16.9,0,0,0,29,6
16,6,16,23.2,0,0,0,24,5
0,0,0,10.3,0,0,1,1,1
14,6,14,31.7,0,1,0,23,5
5,4,5,15.0,0,0,8,1,10
4,1,4,12.8,0,0,2,2,8
5,1,5,8.2,0,0,13,6,4
0,4,0,9.1,0,0,0,1,7
4,0,4,8.4,0,0,0,5,6
18,1,18,29.5,0,0,0,68,5
3,0,3,7.2,0,0,3,3,3
18,5,18,7.5,0,0,0,10,6
0,1,0,13.9,0,0,10,22,11
9,5,9,4.9,0,0,0,69,0
8,3,8,5.2,0,0,22,19,15
4,4,4,12.2,0,0,20,19,15
8,4,8,5.3,0,0,4,39,1
13,5,13,15.2,0,0,4,5,5
14,2,14,27.3,0,1,12,27,0
16,5,16,15.9,0,0,0,22,7
16,0,16,21.6,0,0,0,12,6
18,5,18,26.2,0,1,0,29,6
13,3,13,21.0,0,0,0,29,5
9,1,9,25.0,0,0,0,6,6
13,1,13,28.1,0,1,23,43,0
23,3,23,7.9,0,0,0,35,7
20,2,20,4.9,0,0,0,13,5
16,3,16,16.0,0,0,0,44,5
14,5,14,17.7,0,0,13,99,5
18,2,18,12.4,0,0,0,31,6
18,1,18,13.4,0,0,5,26,4
1,4,1,7.5,0,0,2,2,8
20,1,20,22.1,0,0,4,4,1
11,2,11,10.2,0,0,0,12,6
4,0,4,9.8,0,0,8,19,10
3,2,3,17.1,0,0,2,2,2
5,5,5,12.0,0,0,0,31,5
10,6,10,15.8,0,0,0,26,6
14,3,14,14.8,0,0,4,29,1
4,3,4,10.0,0,0,0,13,6
22,3,22,13.8,0,0,10,22,11
18,6,18,24.0,0,0,0,25,6
1,6,1,19.6,0,0,1,1,1
9,0,9,9.1,0,0,6,18,17
15,5,15,31.8,1,1,0,12,6
7,2,7,8.6,0,0,0,25,5
16,2,16,11.9,0,0,0,6,0
2,3,2,12.2,0,0,13,6,6
22,1,22,20.9,0,1,15,19,13
15,4,15,19.4,0,0,0,9,6
0,6,0,8.3,0,0,1,1,1
21,0,21,23.0,0,1,0,26,6
5,2,5,7.5,0,0,4,23,4
13,6,13,12.4,0,1,0,24,5
16,0,16,30.7,0,0,6,18,17
11,6,11,22.1,0,0,28,7,0
9,5,9,11.7,0,1,0,29,6
22,0,22,10.2,0,0,15,19,7
16,4,16,29.3,0,1,0,7,5
8,3,8,9.9,0,0,7,16,9
15,3,15,29.8,0,1,0,5,6
16,1,16,26.0,0,0,0,31,5
3,2,3,11.5,0,0,20,6,15
7,5,7,13.1,0,0,0,10,5
23,6,23,22.7,0,0,17,33,15
11,3,11,19.0,0,0,0,24,5
15,5,15,13.9,0,0,21,71,5
7,2,7,15.3,0,0,0,41,5
12,6,12,25.9,0,0,9,21,11
1,0,1,17.1,0,0,2,30,8
23,3,23,13.6,0,0,0,35,7
0,3,0,17.0,0,0,0,0,0
6,4,6,16.7,0,0,1,56,14
5,4,5,14.4,0,0,4,9,4
1,0,1,17.5,0,0,1,1,1
9,0,9,17.5,0,0,6,18,8
3,0,3,12.4,0,0,3,3,3
16,1,16,18.6,0,0,1,1,1
0,1,0,10.9,0,0,5,7,1
12,3,12,11.7,0,0,6,30,19
15,2,15,28.5,0,1,21,71,5
9,2,9,4.1,0,0,0,12,5
8,4,8,18.0,0,0,0,31,6
5,0,5,5.3,0,0,4,6,5
9,6,9,9.3,0,0,0,3,6
8,4,8,8.1,0,0,4,39,1
7,6,7,11.1,0,0,4,12,1
11,2,11,13.7,0,0,5,10,4
7,5,7,13.8,0,1,0,14,5
15,0,15,25.9,0,0,0,3,6
16,2,16,20.3,0,0,13,6,5
7,6,7,13.0,0,0,0,25,6
11,2,11,10.8,0,0,13,6,6
4,0,4,13.0,0,0,0,31,5
19,5,19,13.2,0,0,5,30,1
8,3,8,20.6,0,1,8,1,10
6,3,6,7.8,0,0,0,29,6
7,3,7,7.2,0,0,1,1,1
17,3,17,10.5,0,0,0,12,6
20,4,20,21.0,0,1,0,10,5
13,3,13,22.9,0,0,28,7,0
6,3,6,8.3,0,0,0,10,6
22,4,22,20.2,0,1,16,32,14
12,2,12,11.2,0,0,9,21,11
7,6,7,7.0,0,0,0,25,5
0,3,0,11.8,0,0,15,37,7
7,5,7,9.7,0,0,0,13,6
21,1,21,12.2,0,0,5,3,4
13,4,13,19.0,0,0,0,10,6
9,3,9,19.8,0,1,21,3,5
4,4,4,5.3,0,0,0,31,6
20,3,20,20.6,0,0,30,19,15
20,2,20,12.4,0,0,21,3,5
5,5,5,4.7,0,0,4,23,1
11,0,11,17.9,0,0,0,19,7
12,2,12,13.6,0,0,0,5,6
16,2,16,10.2,0,0,5,5,4
8,5,8,16.4,0,1,0,12,5
15,4,15,21.2,0,0,0,9,6
7,6,7,12.2,0,0,0,29,5
10,1,10,20.7,0,1,6,18,8
22,3,22,9.1,1,2,5,48,4
4,0,4,5.7,0,0,0,9,5
15,5,15,26.7,0,0,13,6,6
14,2,14,28.0,0,1,0,12,5
5,3,5,12.3,0,0,4,4,1
14,4,14,26.7,0,0,0,41,5
11,0,11,18.8,0,0,0,12,6
19,6,19,14.0,0,0,6,18,8
9,5,9,19.4,0,1,0,3,6
20,1,20,13.6,0,0,0,31,6
13,1,13,26.7,0,1,6,18,8
8,4,8,15.2,0,0,4,39,1
20,2,20,14.5,0,0,4,9,4
12,0,12,11.2,0,0,0,29,6
15,3,15,25.4,0,0,0,24,5
11,1,11,14.8,0,0,5,9,1
15,1,15,30.8,0,1,6,18,8
5,3,5,9.2,0,0,0,9,6
9,0,9,14.7,0,0,0,18,5
22,5,22,8.8,0,0,21,3,5
5,5,5,5.6,0,0,0,5,5
19,5,19,11.3,0,0,5,18,1
14,2,14,27.6,0,1,0,29,5
10,6,10,12.0,0,0,0,20,5
5,0,5,13.5,0,0,0,10,6
14,5,14,11.8,0,0,0,3,6
19,3,19,22.3,0,0,0,48,6
19,0,19,12.0,0,0,0,22,0
13,5,13,18.9,0,0,0,13,6
12,1,12,26.9,0,1,5,5,5
11,5,11,25.0,0,0,0,10,5
14,4,14,18.5,0,0,0,6,6
23,3,23,8.8,0,0,16,32,14
20,4,20,8.0,1,2,0,24,5
15,3,15,33.9,0,1,0,29,5
20,0,20,23.4,0,1,6,18,17
10,3,10,13.3,0,0,4,12,1
7,0,7,10.4,0,0,0,5,6
8,6,8,0.9,0,0,4,39,1
8,6,8,14.1,0,0,4,39,1
12,2,12,10.8,0,0,0,29,5
4,2,4,1.6,0,0,0,9,5
17,6,17,27.0,0,0,21,3,5
10,4,10,9.0,0,0,0,13,5
6,6,6,15.4,0,1,4,6,4
15,2,15,27.4,0,0,4,13,1
10,2,10,9.0,0,0,0,8,6
15,3,15,23.9,0,0,23,43,0
19,1,19,27.2,0,1,4,13,4
16,4,16,30.0,0,1,0,7,5
8,5,8,14.4,0,0,0,3,10
8,1,8,1.6,0,0,0,25,5
21,6,21,17.6,0,0,0,22,0
21,1,21,22.2,0,1,0,7,5
17,2,17,24.3,0,0,0,9,6
8,5,8,2.3,0,0,13,6,6
23,6,23,13.3,0,0,5,6,1
5,4,5,15.3,0,0,4,31,1
5,0,5,10.4,0,0,3,3,3
13,0,13,20.9,0,0,4,13,4
11,5,11,15.5,0,0,0,13,6
23,2,23,13.6,0,0,44,4,44
6,2,6,4.2,0,0,0,29,5
12,1,12,18.2,0,0,0,5,6
19,5,19,12.5,0,0,0,22,0
9,1,9,7.9,0,0,7,67,24
11,5,11,12.4,0,0,0,20,6
5,0,5,12.9,0,0,4,9,4
0,3,0,6.7,0,0,14,19,16
19,5,19,17.0,0,0,5,30,1
22,2,22,7.4,0,0,6,7,27
6,0,6,8.3,0,0,0,13,6
10,5,10,4.2,0,0,0,29,6
15,4,15,17.1,0,0,4,30,1
5,0,5,14.3,0,0,4,10,5
21,2,21,22.0,0,1,0,22,0
13,1,13,16.4,0,0,0,18,5
6,5,6,1.7,0,0,0,31,6
10,4,10,13.1,0,0,0,16,0
18,1,18,29.5,0,1,0,18,5
12,5,12,14.3,0,0,0,5,6
9,5,9,5.7,0,0,0,16,0
7,6,7,12.9,0,1,0,11,5
5,0,5,6.6,0,0,4,4,1
7,5,7,7.7,0,0,0,25,5
13,5,13,15.1,0,0,6,18,8
11,0,11,15.5,0,0,0,9,6
3,6,3,10.4,0,0,20,6,15
8,5,8,8.2,0,0,6,18,8
23,3,23,8.0,0,0,0,19,0
10,6,10,9.8,0,0,0,61,0
21,2,21,14.0,0,0,0,26,6
5,2,5,16.2,0,0,0,31,6
0,4,0,9.6,0,0,1,1,1
8,5,8,16.6,0,1,0,4,5
11,1,11,14.4,0,0,0,19,0
12,4,12,14.2,0,0,0,12,6
4,1,4,4.9,0,0,0,31,6
7,4,7,12.6,0,0,5,10,1
14,6,14,27.7,0,0,0,12,6
18,4,18,24.2,0,0,21,3,0
16,6,16,23.9,0,0,13,6,1
12,5,12,12.6,0,0,0,9,6
7,4,7,15.4,0,1,0,12,6
0,3,0,7.0,0,0,2,2,8
19,4,19,27.7,0,0,0,31,5
13,6,13,22.8,0,0,13,6,6
11,4,11,21.1,0,1,0,22,0
5,4,5,16.4,0,0,4,13,4
4,2,4,12.2,0,0,0,8,5
13,3,13,11.1,0,0,4,13,4
8,4,8,8.8,0,0,0,11,5
8,5,8,14.4,0,0,22,2,15
0,0,0,11.3,0,0,5,6,1
17,1,17,29.1,0,1,6,18,8
7,2,7,11.5,0,0,0,41,5
0,1,0,21.6,0,0,5,6,1
5,3,5,3.1,0,0,0,9,6
7,0,7,14.6,0,1,0,7,5
3,6,3,10.1,0,0,2,2,8
13,6,13,21.8,0,0,4,29,1
6,1,6,5.8,0,0,13,6,4
17,6,17,24.7,0,0,0,20,5
9,4,9,15.9,0,1,0,20,6
4,4,4,1.0,0,0,0,5,6
5,3,5,8.4,0,0,4,4,4
12,6,12,26.8,0,1,0,29,5
1,5,1,6.0,0,0,2,2,8
17,2,17,29.3,0,1,0,10,6
23,1,23,18.4,0,1,17,33,15
7,6,7,8.7,0,0,0,7,6
15,5,15,15.4,0,0,6,18,27
17,6,17,26.3,0,0,0,12,5
5,0,5,13.7,0,0,0,10,6
7,0,7,4.9,0,1,0,41,5
0,6,0,16.3,0,0,10,22,11
12,1,12,17.3,0,0,9,21,11
14,3,14,14.8,0,0,0,13,6
6,4,6,12.1,0,0,4,9,4
16,5,16,17.4,0,0,0,6,0
2,1,2,11.5,0,0,1,1,1
16,5,16,32.4,0,0,5,12,4
23,2,23,11.3,0,0,0,36,7
1,2,1,18.9,0,0,2,2,8
17,6,17,25.4,0,0,4,44,4
4,4,4,16.1,0,0,0,9,5
6,0,6,15.1,0,0,8,19,10
8,1,8,22.1,0,0,0,3,10
13,1,13,11.5,0,0,12,27,0
10,0,10,14.7,0,0,5,14,1
23,1,23,13.1,0,0,0,26,5
6,4,6,3.9,0,0,5,106,1
23,0,23,10.8,0,0,0,15,7
14,0,14,26.0,0,0,5,23,1
4,6,4,18.3,0,0,0,9,5
10,6,10,11.3,0,0,0,12,5
9,2,9,12.9,0,0,5,29,1
16,2,16,11.9,0,0,0,1,7
5,6,5,11.8,0,0,4,4,4
15,1,15,23.8,0,1,0,14,5
9,4,9,19.9,0,1,34,72,3
2,0,2,4.8,0,0,2,2,2
16,2,16,28.4,0,1,0,28,5
13,4,13,11.9,0,0,0,20,6
4,3,4,9.6,0,0,0,9,6
8,4,8,16.3,0,0,0,4,5
14,0,14,24.4,0,0,0,3,6
22,0,22,18.1,0,0,20,19,15
14,0,14,17.9,0,0,0,9,6
18,5,18,11.9,0,0,13,6,4
18,2,18,22.9,0,1,0,12,6
7,4,7,12.4,0,0,0,9,6
0,0,0,17.9,0,0,5,6,1
18,2,18,30.9,0,1,0,8,5
12,3,12,28.4,0,1,4,54,1
14,6,14,16.1,0,0,0,12,6
5,0,5,8.2,0,0,0,18,5
6,1,6,10.8,0,1,4,13,4
12,1,12,20.2,0,0,0,12,6
12,3,12,24.2,0,1,0,8,6
7,0,7,14.7,0,0,22,19,15
7,1,7,16.3,0,1,0,20,6
5,6,5,6.8,0,0,21,3,5
19,6,19,16.9,0,0,13,5,1
11,5,11,23.9,0,1,11,60,3
8,4,8,7.1,0,0,0,31,6
19,5,19,21.6,0,0,5,30,1
7,0,7,12.6,0,0,0,12,6
8,5,8,6.6,0,0,0,6,6
15,3,15,22.7,0,0,20,19,15
21,4,21,6.3,0,0,0,7,5
21,1,21,20.9,0,1,0,22,0
16,0,16,27.2,0,1,0,12,6
8,6,8,9.7,0,0,0,4,5
14,4,14,15.0,0,0,0,48,6
15,2,15,29.5,0,1,0,5,6
6,6,6,6.4,0,2,7,20,36
23,0,23,7.0,0,0,0,15,7
7,1,7,12.7,0,1,13,6,6
10,4,10,15.4,0,0,0,12,5
7,2,7,4.5,0,0,4,6,1
17,4,17,25.9,0,0,0,28,6
15,2,15,16.7,0,0,1,1,14
11,5,11,18.5,0,1,0,19,0
12,0,12,8.7,0,0,20,19,15
17,0,17,29.7,0,1,0,30,5
13,3,13,11.1,0,0,0,48,6
18,2,18,7.1,0,0,4,18,1
16,2,16,10.5,0,0,0,28,6
13,1,13,25.5,0,1,0,7,5
9,2,9,16.8,0,0,21,3,5
5,1,5,3.8,0,0,0,9,6
4,0,4,4.2,0,0,0,10,6
20,0,20,12.2,0,0,5,10,1
14,5,14,29.5,0,0,0,31,6
14,6,14,21.7,0,0,0,3,5
16,3,16,12.4,0,0,0,9,6
12,5,12,26.5,0,1,0,6,7
13,4,13,15.2,0,0,4,12,4
13,1,13,14.8,0,0,5,6,1
21,4,21,7.2,1,2,0,4,5
19,1,19,10.7,0,0,0,22,0
7,5,7,11.5,0,0,21,3,5
23,6,23,18.6,0,1,17,33,15
12,5,12,28.0,0,0,14,19,15
12,6,12,14.0,0,0,0,3,6
5,2,5,14.6,0,0,20,19,15
12,4,12,18.4,0,0,0,13,5
15,2,15,13.8,0,0,5,14,1
7,2,7,7.9,0,0,0,9,6
21,1,21,17.4,0,0,13,6,4
18,0,18,22.7,0,0,13,5,1
13,4,13,12.1,0,0,5,12,1
5,2,5,10.2,0,0,5,10,4
5,0,5,2.5,0,0,4,6,1
9,0,9,5.2,0,0,0,3,5
6,0,6,9.6,0,0,21,3,5
21,3,21,24.7,0,1,4,10,4
23,5,23,9.3,0,0,0,15,7
18,6,18,14.3,0,1,0,18,5
6,5,6,19.0,0,1,0,17,5
8,0,8,12.8,0,0,0,29,5
10,6,10,16.2,0,0,5,10,4
7,0,7,12.5,0,0,21,3,5
15,5,15,31.3,0,1,0,5,6
15,4,15,16.7,0,0,1,1,1
18,2,18,19.8,0,0,5,23,4
4,5,4,7.5,0,0,0,31,6
11,6,11,28.2,0,0,5,14,1
18,0,18,27.7,0,0,13,6,6
5,6,5,13.8,0,0,0,17,5
2,1,2,5.6,0,0,14,19,12
10,0,10,14.3,0,0,0,18,5
6,0,6,3.4,0,0,5,106,1
14,4,14,21.6,0,1,12,27,0
14,5,14,29.8,0,0,13,99,6
0,3,0,7.2,0,0,0,19,0
23,5,23,7.8,0,0,0,35,7
8,3,8,7.8,0,0,0,28,6
16,6,16,20.6,0,0,0,1,7
18,6,18,11.8,0,0,13,5,1
4,5,4,4.9,0,0,0,8,5
23,1,23,9.7,0,0,0,35,7
13,1,13,24.9,0,0,4,29,1
14,1,14,19.3,0,0,13,6,6
13,0,13,25.5,0,0,10,22,11
14,3,14,11.2,0,0,13,99,5
4,1,4,9.8,0,0,5,26,4
7,1,7,5.4,0,0,0,7,6
6,0,6,7.7,0,0,25,51,22
17,1,17,10.5,0,0,0,22,7
8,1,8,4.3,0,0,0,9,6
20,6,20,12.1,0,0,0,31,5
4,1,4,5.0,0,0,5,5,4
8,3,8,11.1,0,0,0,3,7
8,5,8,12.4,0,0,0,4,5
15,0,15,11.7,0,0,0,29,5
16,2,16,32.3,0,0,0,13,6
15,6,15,29.0,0,0,5,24,1
13,5,13,19.0,0,0,5,7,1
22,0,22,17.3,0,0,15,19,13
21,4,21,20.6,0,0,0,3,5
16,3,16,26.1,0,0,20,6,15
11,1,11,21.3,0,0,0,24,5
11,1,11,8.2,0,0,5,10,4
8,6,8,5.1,0,0,0,4,5
0,5,0,20.7,0,0,18,34,11
16,5,16,30.3,0,0,0,44,6
5,1,5,13.4,0,0,4,10,1
6,0,6,13.3,0,1,5,7,5
16,5,16,17.4,0,0,0,9,6
4,0,4,9.2,0,0,0,8,5
21,6,21,9.7,0,0,0,26,6
12,0,12,24.4,0,0,0,12,6
15,2,15,20.0,0,0,5,24,1
8,2,8,15.6,0,1,0,18,5
4,2,4,9.3,0,0,0,26,5
16,0,16,30.6,0,1,0,10,5
21,3,21,21.0,0,1,0,10,6
19,3,19,23.0,0,0,13,5,1
17,5,17,24.9,0,1,0,10,6
5,5,5,9.6,0,0,0,5,6
9,6,9,14.0,0,0,0,12,6
2,1,2,9.0,0,0,2,2,2
6,0,6,0.6,0,0,5,6,1
15,3,15,14.5,0,0,13,4,5
0,1,0,8.5,0,0,16,32,14
12,0,12,25.6,0,0,0,20,6
4,6,4,14.6,0,0,14,19,16
3,5,3,7.5,0,0,5,1,1
12,0,12,9.0,0,0,0,29,6
11,4,11,21.2,0,0,18,34,51
4,0,4,1.5,0,0,0,13,5
12,5,12,23.2,0,0,13,6,6
17,6,17,17.6,0,0,5,10,1
14,2,14,15.3,0,0,4,13,5
19,5,19,9.9,0,0,0,31,6
9,6,9,20.5,0,1,4,10,5
6,0,6,8.9,0,0,4,31,4
5,2,5,12.7,0,0,0,10,5
6,6,6,10.8,0,0,4,6,4
20,5,20,13.6,0,0,0,7,5
16,6,16,23.0,0,0,4,20,4
1,2,1,12.0,0,0,16,32,14
21,2,21,12.0,0,0,15,19,7
11,1,11,21.9,0,0,0,12,6
5,4,5,10.9,0,0,0,26,6
4,5,4,15.1,0,0,0,23,5
14,0,14,14.0,0,0,0,25,5
10,1,10,12.2,0,0,0,6,7
8,0,8,17.1,0,1,0,4,5
17,0,17,30.0,0,1,6,18,8
4,6,4,8.8,0,0,0,13,6
23,0,23,13.5,0,0,10,22,11
4,6,4,4.2,0,0,0,8,6
8,1,8,11.7,0,0,0,16,0
1,0,1,9.4,0,0,0,6,6
1,6,1,5.9,0,0,0,0,0
13,6,13,11.3,0,0,12,27,0
1,1,1,17.0,0,0,0,1,7
14,3,14,13.0,0,0,5,7,1
6,5,6,12.7,0,0,0,55,5
11,3,11,10.7,0,0,0,25,6
16,1,16,29.7,0,0,23,43,0
16,1,16,10.8,0,0,21,3,0
11,5,11,23.5,0,0,0,14,5
12,1,12,10.7,0,0,0,12,6
10,2,10,24.3,0,1,6,18,8
13,6,13,26.2,0,0,0,3,5
11,0,11,26.6,0,0,5,10,4
8,1,8,8.4,0,0,0,16,7
1,4,1,16.9,0,0,0,0,0
0,1,0,15.4,0,0,0,1,7
8,5,8,16.6,0,1,4,9,4
9,0,9,9.3,0,0,0,16,0
11,0,11,19.9,0,0,5,26,4
7,5,7,12.0,0,0,0,25,5
23,3,23,9.0,1,2,0,44,6
13,0,13,15.0,0,0,0,29,5
5,2,5,9.9,0,0,0,13,5
15,0,15,9.9,0,0,5,24,1
14,4,14,15.4,0,0,4,6,4
18,0,18,31.2,0,1,0,12,5
21,3,21,10.8,0,0,21,3,5
12,4,12,26.2,0,1,9,21,13
21,1,21,22.5,0,0,7,20,24
12,3,12,22.5,0,0,0,29,6
9,4,9,11.8,0,0,5,41,1
15,3,15,18.5,1,2,16,29,5
8,0,8,14.0,0,1,0,5,6
2,6,2,14.8,0,0,13,6,6
1,4,1,13.1,0,0,2,2,8
13,6,13,26.6,0,1,13,6,5
15,4,15,32.9,0,1,6,18,8
7,6,7,7.4,0,0,0,13,6
4,6,4,8.7,0,0,0,9,6
19,3,19,30.3,0,0,0,48,5
9,4,9,20.5,1,2,0,8,5
13,6,13,15.4,0,0,0,3,5
18,5,18,29.7,0,0,0,12,5
15,2,15,11.7,0,0,0,13,6
13,0,13,25.5,0,0,79,10,73
13,3,13,11.1,0,0,6,18,8
18,4,18,19.5,0,0,4,12,4
15,5,15,16.2,0,0,13,99,5
16,5,16,20.7,0,0,0,14,5
3,0,3,13.4,0,0,2,2,2
5,1,5,0.9,0,0,0,9,5
13,3,13,17.4,1,2,5,24,4
15,4,15,14.9,0,0,0,20,6
9,1,9,12.4,0,0,6,18,27
12,3,12,25.0,0,1,9,21,13
12,5,12,26.4,0,1,0,7,5
8,5,8,20.6,0,0,0,4,5
12,6,12,26.6,0,1,0,7,5
15,3,15,27.4,0,0,13,99,6
8,5,8,2.0,0,0,0,13,6
10,1,10,12.9,0,0,0,8,6
16,2,16,13.4,0,0,0,1,0
17,6,17,29.7,0,1,0,6,0
14,4,14,21.9,0,1,5,5,5
8,5,8,5.8,0,0,0,18,5
11,1,11,18.5,0,1,0,24,5
4,4,4,13.1,0,0,0,31,6
10,6,10,21.0,0,0,0,19,0
13,0,13,11.1,0,0,4,13,4
7,1,7,15.4,0,0,5,8,4
12,3,12,18.9,0,0,0,30,5
2,0,2,3.1,0,0,2,2,2
6,1,6,9.3,0,0,4,9,5
8,0,8,13.8,0,1,0,29,6
12,6,12,26.4,0,1,0,29,6
23,0,23,19.7,0,1,17,33,15
4,3,4,12.6,0,0,5,26,1
13,2,13,26.2,0,1,0,48,6
23,2,23,13.5,0,0,0,19,0
19,4,19,10.7,0,0,5,30,1
13,2,13,19.2,0,0,12,27,0
21,6,21,7.3,0,0,15,19,7
5,3,5,4.4,0,0,4,4,5
11,1,11,13.4,0,0,0,29,6
23,0,23,19.3,0,1,18,34,11
7,4,7,5.5,0,0,0,12,6
10,6,10,8.1,0,0,0,61,0
16,4,16,30.2,0,0,7,12,24
15,2,15,18.5,0,0,0,5,6
13,4,13,10.2,0,0,0,29,6
18,2,18,25.3,0,1,0,25,5
22,1,22,12.8,0,0,19,15,0
18,6,18,10.0,0,0,0,25,5
15,6,15,15.1,0,0,0,10,5
21,4,21,19.4,0,1,21,3,5
5,1,5,14.9,0,0,0,9,6
15,0,15,21.9,0,0,0,6,6
4,3,4,9.8,0,0,0,31,6
17,1,17,17.8,0,0,0,4,5
5,0,5,8.9,0,0,4,9,5
1,2,1,12.9,0,0,0,46,0
7,5,7,9.6,0,0,0,31,6
15,1,15,13.8,0,0,1,1,1
10,2,10,12.2,0,0,0,4,5
7,1,7,7.1,0,0,0,20,5
8,4,8,4.5,0,0,0,20,6
17,5,17,32.9,0,1,6,18,8
16,2,16,11.3,0,0,0,14,5
4,4,4,9.0,1,2,36,72,3
13,1,13,11.7,1,2,14,19,12
6,1,6,13.3,0,0,4,9,1
8,4,8,11.6,0,0,0,16,0
7,5,7,16.7,0,0,0,24,5
15,0,15,32.0,0,1,0,4,5
16,0,16,13.8,0,0,0,12,5
19,0,19,18.2,0,0,0,29,6
10,2,10,23.2,0,0,0,9,5
16,5,16,15.2,0,0,0,5,6
5,4,5,3.6,0,0,0,5,6
16,0,16,24.4,0,0,0,7,6
22,0,22,7.0,0,0,15,19,7
20,1,20,6.9,0,0,0,26,6
14,4,14,17.3,0,0,31,63,12
7,5,7,16.8,0,0,0,12,5
16,6,16,25.4,0,0,0,9,6
5,2,5,5.4,0,0,0,29,6
14,5,14,21.5,0,0,0,10,6
10,3,10,16.1,0,0,0,14,5
8,2,8,12.0,0,1,0,4,5
13,4,13,14.6,0,0,27,66,40
5,2,5,5.3,0,0,21,3,14
8,1,8,11.6,0,0,22,19,15
22,3,22,9.1,0,0,10,22,11
0,6,0,8.5,0,0,0,1,7
16,3,16,14.4,0,0,0,24,5
11,6,11,13.3,0,0,5,14,1
6,2,6,3.0,0,0,5,6,1
7,0,7,6.6,0,0,4,18,5
17,4,17,24.5,0,0,4,45,1
20,6,20,11.7,0,0,0,26,6
3,6,3,14.9,0,0,2,2,8
14,1,14,16.4,0,0,0,12,5
7,0,7,0.4,0,0,0,29,6
0,4,0,17.4,0,0,10,22,11
9,5,9,18.7,0,0,0,16,0
16,1,16,16.7,0,0,5,20,1
16,5,16,30.5,0,1,0,10,6
10,0,10,23.3,0,0,0,13,6
23,0,23,18.2,0,0,10,38,10
22,4,22,7.5,0,0,6,7,8
16,2,16,13.5,0,0,0,5,6
8,3,8,14.0,0,1,0,18,5
8,6,8,6.3,0,0,0,4,5
12,0,12,10.2,0,0,5,41,1
23,0,23,16.7,0,0,6,18,8
17,1,17,29.7,0,0,5,9,1
9,5,9,12.9,0,1,0,11,5
20,2,20,5.7,0,0,21,3,5
11,0,11,23.2,0,0,5,62,4
4,6,4,8.6,0,0,5,5,4
17,6,17,25.5,0,0,4,64,1
13,3,13,21.4,0,0,46,31,48
15,6,15,33.2,0,1,0,4,5
13,1,13,26.4,0,1,4,54,1
7,3,7,7.6,0,0,0,9,6
6,3,6,10.1,0,0,0,9,6
13,0,13,14.7,0,0,0,9,5
7,0,7,13.1,0,1,4,9,4
2,6,2,17.2,0,0,0,0,0
16,5,16,30.9,0,0,1,1,1
14,2,14,28.0,0,0,0,3,5
4,4,4,10.8,0,0,0,8,5
23,6,23,10.9,0,0,0,36,7
23,5,23,8.4,0,0,16,32,14
1,1,1,10.3,0,0,0,0,0
17,6,17,24.4,0,0,0,25,6
12,2,12,11.5,0,0,0,5,6
16,5,16,20.0,0,0,0,1,7
7,4,7,4.9,0,0,0,3,7
14,6,14,21.4,0,0,5,30,1
0,6,0,15.3,0,0,0,36,10
14,3,14,24.7,0,0,0,13,6
5,4,5,5.2,0,0,14,19,12
10,0,10,11.9,0,0,0,12,5
4,2,4,14.1,0,0,0,13,5
14,2,14,23.4,0,0,0,9,6
11,5,11,10.1,0,0,4,54,1
21,2,21,24.7,0,1,5,10,1
7,3,7,14.5,0,1,0,13,5
16,4,16,13.4,0,0,0,44,6
1,0,1,17.8,0,0,0,1,7
10,4,10,26.0,0,1,21,3,5
19,4,19,9.8,0,0,0,12,5
14,3,14,13.1,0,0,13,6,6
21,6,21,14.9,0,0,11,60,3
7,0,7,8.6,0,0,4,13,1
12,5,12,24.0,0,0,10,38,10
21,5,21,6.9,0,0,18,34,11
5,1,5,9.5,0,0,4,4,4
5,4,5,17.2,0,0,4,1,1
6,4,6,0.4,0,0,0,31,5
13,3,13,25.4,0,1,5,10,1
1,5,1,3.3,0,0,0,0,0
11,0,11,17.9,0,0,0,12,6
13,5,13,17.4,0,0,0,48,6
4,6,4,15.1,0,0,0,26,6
8,2,8,7.1,0,0,5,12,4
1,1,1,13.0,0,0,0,0,0
13,6,13,29.8,0,1,0,13,6
8,1,8,21.9,0,0,1,1,7
9,2,9,3.2,0,0,0,4,5
11,6,11,25.2,0,1,0,19,0
20,2,20,16.8,0,1,4,18,5
13,0,13,25.2,0,0,14,19,12
5,4,5,7.4,0,0,4,23,4
20,2,20,4.9,0,0,21,3,5
16,4,16,30.5,0,0,0,9,6
5,5,5,15.0,0,0,4,29,1
9,4,9,11.7,0,1,0,7,6
18,6,18,24.6,0,1,0,20,5
16,5,16,24.4,0,0,0,24,5
11,5,11,26.2,0,0,0,19,0
6,5,6,14.6,0,1,4,9,4
16,6,16,28.7,0,1,0,13,6
5,6,5,8.4,0,0,4,5,4
1,0,1,7.0,0,0,0,46,0
5,1,5,17.2,0,0,4,13,4
4,5,4,11.4,0,0,0,26,5
18,0,18,25.5,0,0,0,18,5
16,5,16,15.4,0,0,0,31,5
4,1,4,7.9,0,0,0,26,6
13,2,13,25.6,0,0,5,13,1
9,6,9,11.3,0,0,5,10,4
15,3,15,17.8,0,0,20,3,15
7,1,7,5.7,0,0,4,9,1
6,3,6,8.6,0,0,0,13,6
7,6,7,13.0,0,0,0,24,5
7,2,7,7.8,0,0,4,13,1
5,1,5,11.3,0,0,0,3,5
6,0,6,8.0,0,0,0,13,6
10,5,10,8.2,0,0,0,26,6
18,2,18,13.5,0,0,0,30,5
12,3,12,11.1,0,0,0,31,6
17,4,17,25.7,0,0,0,9,5
23,3,23,13.8,0,0,15,37,7
13,1,13,23.3,0,1,0,7,5
4,4,4,11.2,0,0,0,40,5
9,3,9,15.6,0,0,22,19,15
15,3,15,28.5,0,1,0,44,6
15,3,15,18.4,0,0,25,51,22
9,5,9,7.5,0,0,0,14,5
12,6,12,19.7,0,0,0,31,6
8,4,8,8.7,0,0,0,18,5
1,5,1,5.4,0,0,11,60,3
11,0,11,21.7,0,1,4,13,4
18,2,18,9.2,0,0,0,8,6
13,1,13,16.4,0,0,0,18,5
11,0,11,7.7,0,0,5,10,4
11,1,11,15.2,0,0,5,10,1
9,6,9,18.8,0,1,29,3,25
11,2,11,22.7,0,0,11,60,3
6,0,6,12.0,0,1,25,51,22
11,3,11,13.5,0,0,10,22,11
10,3,10,7.4,0,0,0,6,7
8,4,8,8.5,0,0,0,13,6
10,0,10,7.2,0,0,0,6,0
16,0,16,26.7,0,0,0,20,6
8,3,8,2.7,0,0,5,10,4
23,0,23,15.2,0,0,6,18,8
8,2,8,15.1,0,0,0,24,5
7,5,7,15.0,0,0,0,12,6
23,1,23,14.9,0,0,6,7,8
21,3,21,11.5,0,0,0,29,6
1,2,1,8.9,0,0,0,46,0
18,2,18,8.2,0,0,0,48,6
8,6,8,8.3,0,0,0,10,5
10,4,10,13.1,0,0,5,10,1
13,3,13,17.3,1,2,0,3,5
15,6,15,25.0,0,0,30,19,15
0,0,0,18.7,0,0,15,37,7
17,4,17,24.0,0,0,0,12,6
5,0,5,12.8,0,0,5,5,4
14,5,14,30.1,0,0,5,62,1
16,6,16,34.4,0,0,13,4,6
12,5,12,21.9,0,0,0,12,6
18,4,18,29.3,0,1,0,12,5
8,0,8,8.0,0,0,0,12,6
5,4,5,6.4,0,0,4,5,1
13,4,13,28.4,0,1,3,3,3
18,2,18,24.1,0,0,13,5,1
17,4,17,29.7,0,0,13,5,4
10,3,10,9.4,0,0,5,12,1
8,4,8,14.1,0,0,0,11,6
14,5,14,17.6,0,0,4,3,5
12,5,12,25.2,0,0,0,12,6
4,2,4,9.6,0,0,0,31,5
22,0,22,13.1,0,0,0,9,6
12,6,12,17.7,0,0,10,22,11
8,3,8,18.6,0,1,0,1,0
21,0,21,7.7,0,0,15,19,7
10,4,10,11.7,0,0,5,12,4
10,4,10,15.6,0,0,20,63,15
6,5,6,1.7,0,0,0,29,6
10,1,10,24.6,0,1,6,18,8
8,5,8,5.7,0,0,0,6,6
11,6,11,16.8,0,0,0,13,6
12,1,12,27.2,0,0,5,5,1
20,2,20,14.5,0,0,0,20,5
10,6,10,7.3,0,0,5,24,1
7,6,7,-0.1,0,0,0,7,5
15,6,15,23.5,0,0,6,30,19
13,0,13,14.4,0,0,0,48,6
11,2,11,15.1,0,1,0,19,7
15,2,15,18.1,0,0,0,24,5
13,5,13,25.7,0,1,0,41,5
18,4,18,29.9,0,0,21,3,0
13,4,13,24.6,0,0,10,22,11
12,2,12,14.6,0,0,0,5,6
6,5,6,20.4,0,1,4,6,1
8,1,8,9.1,0,0,20,3,15
8,5,8,8.6,0,0,22,2,15
5,0,5,7.3,0,0,4,4,5
14,5,14,19.1,0,1,0,29,5
5,1,5,9.5,0,0,0,9,6
9,1,9,18.9,0,0,0,16,7
17,4,17,22.9,0,1,0,25,5
7,3,7,13.4,0,1,0,29,5
6,5,6,4.9,0,0,4,6,1
4,0,4,15.3,0,0,0,26,5
23,6,23,11.1,0,0,0,19,7
13,2,13,16.8,0,0,0,11,6
5,4,5,8.3,0,0,4,23,1
13,6,13,26.9,0,1,5,7,5
21,5,21,13.2,0,0,10,38,10
13,3,13,28.9,0,1,28,7,0
9,1,9,11.9,0,0,0,18,5
18,6,18,24.2,0,0,0,18,5
23,4,23,6.5,0,0,0,36,0
22,4,22,7.1,1,2,0,4,5
16,4,16,15.0,0,0,21,3,0
5,4,5,10.1,0,0,0,9,6
8,4,8,15.2,0,1,0,5,5
8,4,8,7.7,0,0,4,39,1
11,1,11,11.5,0,0,4,54,1
19,3,19,9.6,0,0,5,18,1
12,5,12,20.8,0,0,10,22,11
3,3,3,11.0,0,0,2,2,2
18,0,18,25.8,0,1,0,12,6
12,1,12,10.5,0,0,5,48,4
8,6,8,8.6,0,0,0,18,5
10,5,10,17.5,0,1,0,41,5
6,4,6,7.8,0,0,4,5,4
18,2,18,25.1,0,0,4,31,4
14,2,14,19.5,0,0,0,25,6
9,5,9,9.6,0,0,0,13,6
7,0,7,5.6,0,0,0,9,6
11,4,11,25.4,0,1,0,8,6
17,1,17,18.3,0,0,0,7,6
20,0,20,18.9,0,0,13,6,4
20,4,20,25.7,0,0,0,10,6
13,4,13,7.1,0,0,5,7,1
11,6,11,28.2,0,0,27,66,32
5,3,5,7.3,0,0,8,19,10
18,6,18,12.8,0,0,4,13,5
4,2,4,15.5,0,0,0,8,5
11,1,11,10.2,0,0,5,14,1
18,0,18,26.3,0,1,0,7,5
0,2,0,19.3,0,0,15,37,7
10,3,10,11.0,1,2,6,30,19
8,4,8,7.0,0,0,0,14,5
12,3,12,10.6,0,0,5,10,1
22,2,22,8.8,0,0,0,8,6
5,1,5,4.3,0,0,5,3,4
5,2,5,12.3,0,0,4,13,1
13,0,13,28.9,0,0,0,25,6
6,3,6,6.9,0,0,5,3,4
8,5,8,20.0,0,0,13,6,1
6,1,6,8.6,0,0,1,1,1
16,1,16,19.0,0,0,0,18,5
8,6,8,7.1,0,0,0,29,5
13,3,13,14.8,0,0,5,17,4
11,5,11,25.8,0,1,0,24,5
18,6,18,23.9,0,0,0,23,6
14,6,14,31.3,0,1,4,12,1
19,0,19,25.2,0,1,0,10,6
9,1,9,11.5,0,0,0,13,6
18,1,18,4.0,0,0,0,13,6
3,5,3,13.7,0,0,2,2,2
5,3,5,12.9,0,0,2,2,8
18,6,18,17.8,0,0,4,9,1
8,4,8,14.8,0,1,0,29,6
5,3,5,12.9,0,0,2,2,8
16,5,16,16.6,0,0,21,3,0
18,2,18,27.2,0,0,0,12,6
14,4,14,16.6,0,0,13,6,6
9,5,9,14.3,0,0,0,16,0
18,6,18,29.7,0,1,21,3,0
17,0,17,31.8,0,1,0,12,6
5,3,5,3.6,0,0,0,18,5
15,1,15,13.6,0,0,13,4,6
23,3,23,8.9,1,2,0,3,5
0,4,0,4.1,0,0,2,2,8
13,6,13,12.8,0,0,5,14,1
20,4,20,20.8,0,1,0,7,6
13,0,13,26.6,0,0,43,125,8
2,4,2,2.3,0,0,14,19,12
23,6,23,12.2,0,0,0,19,0
21,2,21,13.8,0,0,0,3,5
13,3,13,12.7,0,0,4,5,5
10,3,10,10.4,0,0,0,8,6
10,5,10,8.1,0,0,0,25,5
13,4,13,27.9,0,1,0,29,5
16,0,16,29.7,0,1,11,19,3
20,6,20,13.4,0,0,0,26,5
23,6,23,16.1,0,0,6,7,8
15,0,15,33.6,0,0,0,9,6
8,3,8,9.3,0,0,0,4,5
5,6,5,10.6,0,0,2,2,8
4,6,4,13.5,0,0,0,23,5
23,2,23,13.3,0,0,18,34,11
15,5,15,17.8,0,0,5,3,1
8,4,8,14.0,0,1,0,8,5
18,6,18,27.2,0,0,0,29,5
10,1,10,8.7,0,0,0,6,0
14,0,14,17.3,0,0,0,29,5
8,3,8,7.3,0,0,22,19,15
9,6,9,18.0,0,0,0,4,5
23,0,23,16.8,0,1,6,18,8
8,2,8,13.9,0,1,0,29,6
13,3,13,16.6,0,0,43,62,8
11,6,11,12.1,0,0,10,22,11
5,0,5,8.4,0,0,0,9,5
10,5,10,13.8,0,0,0,24,5
2,1,2,20.6,0,0,0,6,5
1,2,1,16.4,0,0,0,46,0
9,2,9,9.5,0,0,5,12,1
4,3,4,7.8,0,0,0,10,6
10,2,10,13.0,0,0,0,29,6
8,6,8,7.5,0,0,0,31,5
15,6,15,21.2,0,0,0,20,5
16,6,16,10.3,0,0,0,9,6
8,5,8,16.3,0,1,0,10,5
11,1,11,9.2,0,0,5,24,1
8,1,8,2.0,0,0,0,9,6
0,0,0,5.3,0,0,0,1,7
22,2,22,7.7,0,0,0,8,6
4,2,4,4.8,0,0,21,3,5
8,1,8,4.5,0,0,0,16,0
12,5,12,24.6,0,0,0,28,6
17,5,17,26.8,0,0,0,10,5
23,5,23,22.3,0,0,19,15,0
17,2,17,28.3,0,0,0,12,5
16,0,16,25.4,0,0,0,6,5
6,1,6,5.5,0,0,0,31,6
12,5,12,20.3,0,0,0,5,5
4,5,4,7.6,0,0,0,8,6
20,3,20,9.5,0,0,0,7,5
9,5,9,9.1,0,0,0,69,0
13,5,13,27.1,0,0,10,22,11
7,6,7,9.2,0,0,5,10,1
8,2,8,17.1,0,1,0,4,5
20,0,20,18.5,0,0,4,29,1
7,5,7,4.9,0,0,0,11,6
14,1,14,14.8,0,0,0,6,6
9,5,9,19.0,0,0,0,69,7
0,3,0,10.8,0,0,0,1,7
14,5,14,26.5,0,0,0,3,5
19,6,19,32.1,0,0,14,19,12
18,6,18,11.2,0,0,0,12,6
13,5,13,24.0,0,0,0,12,6
5,2,5,4.3,0,0,0,13,6
5,0,5,10.9,0,0,0,13,6
19,0,19,28.4,0,0,0,29,6
17,3,17,26.5,0,0,0,1,7
9,2,9,14.3,0,0,22,19,15
9,6,9,9.4,0,0,0,41,5
12,5,12,22.5,0,0,10,22,11
0,1,0,10.6,0,0,0,6,6
0,3,0,19.5,0,1,30,19,15
12,1,12,16.6,0,0,0,41,5
11,2,11,25.4,0,0,20,19,15
20,2,20,10.4,0,0,0,3,5
11,6,11,11.9,0,0,0,29,6
10,0,10,16.2,0,0,20,19,15
0,1,0,17.2,0,0,30,19,15
7,6,7,11.1,0,0,0,11,6
14,2,14,24.1,0,0,25,51,23
9,6,9,9.0,0,0,4,12,1
19,0,19,28.5,0,1,5,18,5
14,0,14,14.9,0,0,4,6,4
15,6,15,20.1,0,0,0,13,6
8,1,8,8.6,0,0,5,10,1
23,4,23,16.3,0,0,0,35,0
6,4,6,0.7,0,0,4,31,4
7,5,7,4.1,0,0,4,6,4
18,3,18,30.8,0,0,0,18,5
22,6,22,10.1,0,0,21,3,5
9,5,9,8.8,0,0,0,14,5
13,3,13,11.1,0,0,5,7,4
7,1,7,12.9,0,1,1,1,7
19,3,19,26.3,0,1,13,6,6
11,2,11,8.7,0,0,0,13,6
12,3,12,20.1,0,0,0,13,6
13,6,13,14.6,0,0,0,25,6
14,1,14,16.0,0,0,39,19,12
9,3,9,16.3,0,0,0,16,0
17,0,17,24.4,0,0,13,6,5
14,4,14,26.2,0,1,5,30,1
8,6,8,9.7,0,0,0,13,5
1,5,1,14.4,0,0,1,1,1
18,6,18,11.1,0,0,13,6,1
19,3,19,13.2,0,0,13,6,6
0,3,0,8.6,0,0,1,1,1
10,6,10,21.8,0,1,0,14,5
2,2,2,9.9,0,0,0,0,0
20,0,20,8.5,0,0,5,12,1
11,5,11,26.3,0,0,5,12,1
11,1,11,21.2,0,0,0,31,6
11,0,11,9.6,0,0,10,22,11
14,4,14,31.2,0,1,20,19,15
15,4,15,21.0,0,0,0,44,5
1,4,1,17.8,0,0,0,6,6
18,5,18,31.0,0,0,0,12,5
11,0,11,8.6,0,0,10,22,11
4,0,4,14.0,0,0,0,10,6
15,3,15,13.2,0,0,13,4,5
13,0,13,25.2,0,0,0,18,6
4,1,4,4.9,0,0,2,2,8
16,5,16,19.7,0,0,4,6,5
14,2,14,17.2,0,1,13,6,5
21,4,21,18.3,0,0,0,29,6
1,5,1,6.1,0,0,13,6,6
20,2,20,23.5,0,0,0,8,6
8,4,8,15.9,0,1,0,18,5
12,5,12,12.9,0,0,0,5,6
15,5,15,26.0,0,0,0,5,6
8,0,8,1.1,0,0,21,3,5
5,2,5,3.7,0,0,0,31,6
8,0,8,17.4,0,0,0,3,10
7,4,7,14.2,0,1,4,12,1
9,0,9,21.3,0,1,0,18,5
16,4,16,16.7,0,0,5,5,4
12,2,12,16.6,0,0,10,22,11
10,3,10,19.8,0,1,0,8,5
10,3,10,15.0,0,0,28,7,0
5,3,5,5.4,0,0,4,5,4
19,5,19,15.0,0,0,0,22,0
19,5,19,26.7,0,1,13,5,5
19,5,19,7.3,0,0,5,26,1
8,4,8,5.9,0,0,0,30,6
5,3,5,9.2,0,0,4,4,4
19,0,19,11.9,0,0,20,19,15
22,6,22,14.2,0,1,6,18,8
13,1,13,24.6,0,0,0,3,5
7,5,7,12.4,0,0,5,10,1
9,1,9,4.3,0,0,0,18,5
14,5,14,25.8,0,0,4,18,4
11,2,11,10.7,0,0,0,29,6
11,5,11,12.8,0,0,4,54,1
13,4,13,24.4,0,0,0,13,6
10,2,10,11.6,0,0,0,11,6
16,6,16,19.9,0,0,0,6,6
13,0,13,24.8,0,0,10,22,11
13,3,13,29.8,0,1,10,22,11
18,3,18,16.8,0,0,0,23,6
11,2,11,18.2,0,0,5,41,1
7,3,7,7.0,0,0,0,25,5
13,1,13,11.6,0,0,12,27,0
7,5,7,5.5,0,0,5,23,4
7,2,7,3.5,0,0,0,12,5
13,3,13,25.4,0,1,0,29,5
7,0,7,6.5,0,0,0,25,5
4,2,4,10.5,0,0,0,5,6
21,6,21,6.0,0,0,0,13,6
8,1,8,10.3,0,0,0,18,5
3,2,3,15.6,0,0,2,2,8
13,3,13,27.6,0,1,5,7,5
10,1,10,12.2,0,0,0,24,5
20,4,20,22.0,0,0,5,18,1
8,4,8,2.2,0,0,4,39,1
5,0,5,16.8,0,0,4,4,5
11,0,11,15.9,0,0,5,10,4
20,5,20,23.4,0,0,0,3,6
21,0,21,19.9,0,1,0,7,5
10,5,10,12.8,0,1,0,41,5
4,6,4,1.8,0,0,0,9,6
12,4,12,15.2,0,1,0,12,5
20,4,20,10.3,0,0,0,26,5
13,0,13,14.0,0,0,0,24,5
15,0,15,24.3,0,0,4,10,1
13,0,13,23.2,0,0,0,6,6
14,5,14,13.6,0,0,13,6,6
3,2,3,14.1,0,0,2,2,2
13,6,13,23.8,0,0,0,3,5
4,3,4,12.4,0,0,20,7,15
11,6,11,10.9,0,0,0,20,6
6,1,6,13.2,0,0,0,29,5
6,0,6,4.4,0,0,5,6,1
5,0,5,14.2,0,0,2,2,8
17,2,17,21.2,0,0,5,25,1
14,1,14,29.9,0,0,23,43,0
10,3,10,10.9,0,0,0,8,5
15,6,15,15.8,0,0,23,43,0
7,5,7,14.4,0,1,0,7,5
20,2,20,21.2,0,1,4,10,4
16,4,16,15.8,0,0,0,31,6
7,2,7,13.1,0,1,0,8,5
5,5,5,12.8,0,0,5,4,1
22,4,22,19.6,0,1,16,32,14
13,2,13,25.0,0,0,0,25,6
21,5,21,23.1,0,1,0,26,5
9,5,9,17.1,0,0,4,39,1
6,4,6,14.3,0,1,0,17,5
10,4,10,20.7,1,1,0,20,5
16,2,16,19.5,0,1,0,24,5
10,2,10,10.0,0,0,0,16,0
6,5,6,12.1,0,0,0,9,6
11,2,11,8.8,0,0,10,22,11
3,2,3,11.1,0,0,68,63,15
9,0,9,16.1,0,0,0,4,5
4,2,4,10.3,0,0,0,13,6
11,5,11,20.7,0,0,5,12,4
0,3,0,14.9,0,0,0,15,7
4,4,4,5.3,0,0,2,2,8
0,2,0,0.0,0,0,0,36,0
14,2,14,23.6,0,0,0,9,6
22,3,22,16.0,0,0,18,34,11
8,4,8,10.7,0,0,0,14,5
17,5,17,26.7,0,0,0,9,6
9,1,9,5.3,0,0,0,4,5
4,0,4,15.9,0,0,3,3,3
5,1,5,10.6,0,0,0,26,6
15,1,15,27.3,0,0,0,3,5
16,1,16,11.7,0,0,0,22,7
8,6,8,8.9,0,0,0,7,6
18,3,18,25.1,0,0,0,12,5
18,6,18,13.3,0,0,13,5,1
3,5,3,23.0,0,0,0,22,0
19,0,19,26.2,0,0,5,9,4
7,0,7,12.9,0,0,0,13,6
14,3,14,12.7,0,0,0,13,6
13,3,13,23.5,0,0,28,7,0
4,6,4,6.6,0,0,0,13,6
7,1,7,11.4,0,1,0,14,5
14,5,14,28.2,0,0,5,23,1
6,6,6,10.8,0,0,0,29,6
6,2,6,13.8,0,0,1,1,1
21,6,21,17.2,0,0,0,8,6
10,6,10,6.2,0,0,0,20,6
19,3,19,9.2,0,0,5,30,1
15,3,15,28.3,0,0,0,3,6
5,3,5,2.8,0,0,0,31,6
1,6,1,11.9,0,0,0,1,7
17,0,17,11.0,0,0,0,7,6
4,2,4,13.2,0,0,0,10,5
2,1,2,11.8,0,0,2,2,2
15,1,15,25.1,0,0,0,3,6
16,6,16,32.4,0,1,0,8,6
19,0,19,16.6,0,0,5,10,1
8,2,8,10.9,0,0,0,20,5
2,0,2,15.3,0,0,17,33,15
16,0,16,16.6,0,0,5,12,4
6,6,6,16.9,0,0,5,18,1
23,2,23,6.7,0,0,0,3,5
6,2,6,1.6,0,0,0,10,6
14,2,14,26.9,0,1,0,3,5
5,6,5,11.0,0,0,0,8,5
11,3,11,16.9,0,0,0,29,6
12,0,12,17.7,0,1,0,9,6
9,5,9,18.2,0,0,6,18,8
5,3,5,10.6,0,0,0,13,6
6,1,6,9.6,0,0,4,6,5
7,4,7,0.6,0,0,0,9,6
13,4,13,31.6,0,1,10,22,11
13,4,13,16.2,0,0,0,41,5
1,4,1,7.1,0,0,0,19,0
16,4,16,12.9,0,0,21,3,0
14,0,14,16.0,0,0,0,20,5
20,6,20,12.9,0,0,5,9,1
11,4,11,19.7,0,0,0,14,5
16,0,16,31.0,0,1,0,28,5
22,6,22,23.3,0,0,0,8,5
15,1,15,20.5,0,0,0,12,6
7,6,7,6.7,0,0,0,23,6
14,3,14,24.9,0,0,4,9,4
2,1,2,11.7,0,0,13,6,6
15,6,15,20.4,0,0,5,14,1
2,5,2,17.9,0,0,0,36,0
12,1,12,20.3,0,0,0,18,5
21,5,21,22.8,0,1,0,22,0
12,0,12,10.9,0,0,0,31,6
9,0,9,14.6,0,0,0,16,0
11,2,11,23.4,0,1,11,19,3
13,0,13,22.3,0,1,5,23,1
7,4,7,6.5,0,0,22,19,15
15,0,15,24.0,0,0,0,3,6
21,0,21,22.1,0,1,0,22,0
1,2,1,16.3,0,0,15,19,7
15,1,15,20.7,0,0,23,43,0
8,6,8,18.4,0,0,0,31,6
15,2,15,28.0,0,1,0,49,6
10,6,10,11.8,0,0,0,13,6
13,0,13,18.7,0,0,5,12,4
1,1,1,9.0,0,0,16,32,14
19,4,19,13.0,0,0,0,10,6
5,2,5,7.9,0,0,0,31,6
23,6,23,11.2,0,0,0,35,7
4,3,4,8.6,0,0,0,5,6
17,0,17,30.0,0,0,4,23,4
16,2,16,28.1,0,1,0,7,5
0,1,0,13.2,0,0,13,6,5
4,0,4,13.8,0,0,0,8,5
16,6,16,20.5,0,0,5,5,4
7,3,7,12.0,0,1,0,14,5
2,1,2,5.4,0,0,2,2,2
16,0,16,18.9,0,0,0,1,7
23,6,23,12.6,0,0,15,19,7
13,4,13,30.5,0,1,0,6,0
6,0,6,4.5,0,0,0,13,6
7,5,7,14.9,0,1,0,7,5
13,2,13,12.7,0,0,0,3,5
23,3,23,14.4,0,0,0,19,0
15,4,15,16.4,0,0,4,44,5
11,4,11,20.8,0,1,0,14,5
17,2,17,32.4,0,0,7,81,24
6,2,6,12.0,0,1,13,6,6
13,6,13,15.4,0,0,0,20,5
14,5,14,25.8,0,0,5,10,1
8,3,8,7.2,0,0,6,18,17
23,6,23,14.8,0,0,15,19,7
17,2,17,17.3,0,1,0,12,5
5,2,5,1.1,0,0,4,23,4
8,1,8,9.3,0,0,0,4,5
9,2,9,10.0,0,0,0,9,6
21,4,21,10.9,0,0,18,34,11
7,4,7,0.5,0,0,0,29,6
16,2,16,24.8,0,0,0,12,6
18,0,18,26.7,0,1,0,10,5
13,0,13,7.7,0,0,0,9,6
12,1,12,16.6,0,0,5,48,4
13,0,13,15.0,0,0,0,3,5
8,2,8,4.0,0,0,0,12,6
14,3,14,10.9,0,0,0,14,5
0,2,0,8.8,0,0,5,6,1
6,5,6,13.8,0,0,21,3,5
18,4,18,27.9,0,0,14,19,12
21,6,21,8.7,0,0,21,3,5
5,4,5,12.0,0,0,0,29,5
22,0,22,15.7,0,0,15,19,13
10,6,10,26.1,0,1,0,3,5
8,6,8,13.2,0,1,0,18,5
14,6,14,21.4,0,0,0,29,6
19,4,19,27.9,0,1,0,12,5
0,2,0,14.7,0,0,0,1,10
5,4,5,14.5,0,0,5,5,1
7,2,7,15.7,0,1,0,29,5
13,5,13,29.5,0,0,12,27,0
7,2,7,14.6,0,1,0,11,6
12,1,12,9.3,1,2,0,6,59
14,6,14,17.2,0,0,0,18,5
4,5,4,9.1,1,2,2,2,2
8,5,8,17.4,0,0,0,12,6
17,6,17,27.0,0,0,0,20,5
23,3,23,12.0,0,0,0,35,0
17,1,17,28.3,0,0,0,6,0
23,5,23,9.9,0,0,0,36,7
7,1,7,11.4,0,0,0,13,6
15,3,15,13.4,0,0,0,12,6
9,5,9,9.9,0,0,0,16,0
4,1,4,6.0,0,0,5,4,1
8,4,8,14.9,0,1,0,10,6
8,3,8,12.6,0,1,0,4,5
15,2,15,19.9,0,0,0,3,6
5,5,5,15.0,0,0,4,5,4
8,6,8,12.6,0,0,0,8,6
18,4,18,32.0,0,1,5,29,1
18,1,18,22.4,0,1,0,25,5
19,3,19,13.1,0,0,4,10,5
13,2,13,13.0,0,0,12,27,0
5,1,5,16.6,0,0,4,4,4
18,0,18,11.7,0,0,0,23,5
21,5,21,14.2,0,0,26,58,7
23,0,23,12.1,0,0,0,19,0
8,4,8,1.1,0,0,4,6,1
8,2,8,21.0,0,1,0,4,5
13,1,13,27.1,0,1,0,23,5
15,2,15,28.1,0,0,0,29,5
8,0,8,1.3,0,0,0,31,6
12,0,12,24.2,0,0,5,5,1
8,3,8,17.9,0,0,0,18,5
19,0,19,23.7,0,0,5,29,4
8,0,8,14.7,0,0,0,18,5
7,4,7,5.5,0,0,4,12,1
19,6,19,22.0,0,0,0,26,6
8,6,8,8.8,0,0,5,10,4
16,1,16,31.3,0,1,0,7,5
16,6,16,21.2,0,0,23,43,0
13,1,13,28.8,0,0,0,12,6
15,6,15,17.0,0,0,20,19,15
12,5,12,17.6,0,0,0,9,5
8,0,8,17.9,0,0,5,10,1
21,2,21,18.6,0,0,21,3,5
12,2,12,9.6,0,0,0,29,6
19,5,19,11.6,0,0,4,10,1
5,1,5,12.2,0,0,0,26,5
18,3,18,26.8,0,0,5,23,4
8,3,8,4.8,0,0,13,6,6
20,2,20,14.7,0,0,5,18,1
6,2,6,9.6,0,0,0,13,6
13,2,13,28.9,0,0,13,6,6
12,0,12,11.0,0,0,9,21,11
9,1,9,14.3,0,0,0,6,5
8,4,8,12.6,0,1,22,19,15
6,4,6,6.9,0,0,0,9,6
0,3,0,23.1,0,0,14,19,12
12,2,12,20.9,0,0,5,5,1
0,0,0,10.1,0,0,16,32,14
4,1,4,1.8,0,0,0,13,6
16,4,16,16.0,0,0,0,20,5
16,0,16,16.5,0,0,0,1,7
8,1,8,9.1,0,0,0,18,5
14,2,14,23.6,0,0,21,71,5
11,3,11,11.1,0,0,10,22,11
13,2,13,12.7,0,0,0,12,6
17,4,17,29.6,0,0,14,19,16
5,1,5,14.8,0,0,4,31,5
16,6,16,33.0,0,0,0,10,5
22,0,22,10.5,0,0,0,3,5
16,3,16,9.8,0,0,0,5,6
19,1,19,13.7,0,0,0,12,5
6,5,6,20.3,0,1,0,9,6
23,6,23,7.4,0,0,5,6,1
10,2,10,17.0,0,0,0,23,5
19,0,19,15.6,0,1,0,8,6
15,3,15,27.2,0,0,5,14,1
9,0,9,6.2,0,0,0,28,6
13,1,13,19.7,0,0,0,12,5
16,3,16,14.3,0,0,0,12,5
11,4,11,25.9,0,0,0,10,5
8,3,8,7.9,0,0,4,31,5
8,2,8,10.0,0,0,22,19,15
6,1,6,4.3,0,0,0,10,5
5,4,5,14.5,0,0,4,3,4
4,0,4,3.3,0,0,0,13,6
15,4,15,13.2,0,0,0,9,6
5,2,5,2.5,0,0,4,31,4
19,0,19,29.8,0,1,4,45,4
16,6,16,20.1,0,0,4,64,4
10,2,10,9.5,0,0,0,13,5
9,0,9,16.7,0,1,40,68,46
12,6,12,25.7,0,1,0,12,5
17,2,17,29.3,0,0,0,29,5
23,5,23,19.6,0,1,0,19,0
5,3,5,17.8,0,0,0,9,6
20,0,20,20.2,0,0,5,10,1
1,6,1,17.3,0,0,0,6,5
13,6,13,28.3,0,1,0,7,5
18,4,18,15.7,0,0,0,18,5
23,4,23,17.6,0,0,18,34,11
16,1,16,30.3,0,1,4,23,4
5,2,5,8.4,0,0,4,23,4
8,4,8,14.4,0,0,0,12,6
6,6,6,12.9,0,1,0,8,6
21,5,21,18.9,0,0,21,3,5
14,4,14,22.8,0,0,0,12,6
7,5,7,11.8,0,0,0,13,6
14,3,14,10.9,0,0,13,6,6
9,3,9,11.5,0,0,0,3,5
12,6,12,21.2,0,0,0,11,5
5,6,5,11.8,0,0,5,4,1
0,5,0,16.3,0,0,15,37,7
18,0,18,17.9,0,0,13,5,6
7,0,7,4.7,0,0,0,9,6
11,5,11,8.6,0,0,0,19,7
15,3,15,30.0,0,0,20,19,15
15,3,15,30.7,0,1,0,12,5
6,3,6,7.2,0,0,4,64,1
23,5,23,21.4,0,1,19,15,7
14,4,14,26.8,0,0,4,12,1
6,3,6,10.6,1,2,0,22,0
1,4,1,17.8,0,0,2,2,8
6,6,6,13.0,0,0,0,31,6
14,2,14,18.9,0,0,5,13,1
13,6,13,28.7,0,1,0,48,5
14,0,14,28.3,0,1,6,18,8
6,5,6,4.3,0,0,4,6,4
18,2,18,28.8,0,1,0,13,5
6,2,6,3.1,0,0,0,29,5
6,3,6,5.5,0,0,0,29,6
11,5,11,12.2,0,0,0,6,6
8,3,8,7.3,0,0,5,13,1
5,4,5,15.2,0,0,0,9,6
9,1,9,10.2,0,0,4,6,4
17,1,17,23.9,0,0,4,9,4
15,4,15,27.9,0,1,0,49,6
3,5,3,4.4,0,0,7,10,18
19,1,19,17.9,0,0,0,20,6
13,3,13,10.9,0,0,5,24,1
13,5,13,13.5,0,0,13,6,6
16,6,16,11.0,0,0,0,28,5
19,3,19,8.9,0,0,5,26,1
13,5,13,29.3,0,0,4,12,4
12,6,12,22.8,0,0,0,29,6
6,4,6,4.8,0,0,4,5,5
6,4,6,8.0,1,2,23,43,0
13,1,13,24.3,0,0,0,12,6
19,5,19,20.9,0,0,6,18,27
17,6,17,14.3,0,0,0,30,5
16,1,16,13.1,0,0,4,9,4
1,5,1,15.4,0,0,2,2,8
15,4,15,23.6,0,0,13,6,6
15,0,15,19.9,0,0,0,29,5
12,4,12,14.4,0,0,0,18,5
16,0,16,8.2,0,0,5,14,1
4,1,4,11.2,0,0,0,13,6
17,2,17,21.1,0,0,0,6,7
16,0,16,19.9,0,1,0,10,6
15,1,15,31.0,0,0,7,8,18
12,2,12,18.8,0,0,0,25,6
2,0,2,7.7,0,0,13,6,6
6,0,6,6.7,0,0,4,13,4
8,1,8,18.1,0,0,0,3,10
12,3,12,28.8,0,0,0,9,5
12,1,12,10.7,0,0,0,29,6
18,3,18,14.0,0,0,0,25,6
14,3,14,14.7,0,0,0,3,6
10,5,10,23.3,0,1,4,31,4
14,6,14,30.1,0,1,0,12,5
11,4,11,12.5,0,0,0,19,0
7,1,7,10.0,0,0,21,3,5
12,2,12,9.1,0,0,0,5,6
5,6,5,3.9,0,0,0,55,5
16,6,16,30.6,0,0,14,19,16
22,6,22,9.5,0,0,16,32,14
4,4,4,13.2,0,0,0,31,6
16,0,16,27.1,0,1,4,30,1
17,2,17,34.2,0,1,0,30,5
16,0,16,25.7,0,1,0,28,5
18,4,18,11.8,0,0,0,31,6
4,4,4,14.7,0,0,0,31,6
17,2,17,11.2,0,0,0,9,6
1,0,1,14.4,0,0,2,2,8
16,6,16,15.9,0,0,4,18,1
16,6,16,16.1,0,0,13,4,5
21,5,21,5.8,0,0,0,3,6
8,6,8,12.7,0,0,0,16,7
9,5,9,15.6,0,0,0,6,6
13,6,13,31.5,0,0,5,7,1
2,1,2,20.4,0,0,5,18,5
4,6,4,14.4,0,0,0,9,5
5,1,5,10.3,0,0,4,4,4
5,4,5,10.2,0,0,3,3,3
8,4,8,7.0,0,0,0,20,6
5,3,5,7.8,0,0,5,3,4
9,1,9,15.3,0,1,0,30,5
22,3,22,8.8,1,2,0,8,6
7,1,7,5.8,0,0,4,12,5
15,6,15,30.2,0,1,0,5,6
21,4,21,19.3,0,1,0,7,5
23,0,23,14.5,0,0,6,18,8
16,6,16,31.0,0,0,4,13,4
7,5,7,11.8,0,1,0,10,5
5,1,5,2.2,0,0,0,31,5
16,2,16,14.7,0,0,4,26,1
14,6,14,21.5,0,0,0,9,5
23,3,23,14.0,0,0,19,15,7
4,1,4,4.8,0,0,5,5,4
23,5,23,11.9,0,0,6,7,8
14,3,14,27.5,0,1,0,29,5
9,5,9,6.2,0,0,5,10,1
7,5,7,1.0,0,0,4,18,1
21,0,21,11.9,0,0,0,10,6
17,0,17,21.2,0,0,0,13,6
11,4,11,24.3,0,0,5,10,4
6,5,6,11.5,0,0,13,6,6
23,2,23,6.6,0,0,0,19,0
1,2,1,14.5,0,0,2,2,2
9,2,9,14.3,0,1,0,16,7
15,5,15,31.6,0,0,5,24,1
12,1,12,27.8,0,0,2,2,2
16,6,16,20.8,0,0,5,12,4
10,1,10,12.3,0,0,0,3,6
17,6,17,34.2,0,0,0,3,5
15,5,15,13.0,0,0,0,44,5
17,2,17,30.0,0,1,0,12,5
5,1,5,10.2,0,0,5,4,1
8,6,8,5.9,0,0,4,10,1
7,4,7,15.7,0,0,5,8,4
23,5,23,14.8,0,0,18,34,11
4,5,4,15.0,0,0,0,8,6
12,0,12,17.7,0,0,5,10,4
17,5,17,12.8,0,0,0,18,5
13,5,13,29.4,0,0,0,3,5
19,5,19,24.5,0,0,0,9,6
6,4,6,2.1,0,0,21,3,5
16,0,16,21.7,0,0,0,13,5
14,0,14,29.5,0,0,0,12,6
6,5,6,9.7,0,0,0,3,5
11,3,11,30.0,0,1,4,12,5
23,4,23,6.6,1,2,5,13,1
7,5,7,5.5,0,0,4,13,5
16,3,16,23.4,0,0,7,29,18
18,5,18,26.8,0,0,0,12,6
16,1,16,27.8,0,1,0,44,5
7,0,7,12.8,0,1,0,41,5
4,1,4,5.7,0,0,21,3,5
22,5,22,8.2,0,0,10,22,11
9,6,9,10.5,0,0,0,16,0
12,6,12,21.8,0,0,0,14,5
15,3,15,27.0,0,1,0,7,6
12,3,12,24.6,0,1,4,54,1
9,6,9,19.3,0,1,0,17,5
15,0,15,26.3,0,0,0,44,5
8,0,8,14.1,0,0,0,28,6
9,5,9,8.1,0,0,0,9,6
14,2,14,10.2,0,0,0,25,5
2,2,2,5.5,0,0,2,2,2
14,6,14,30.1,0,0,31,63,12
22,6,22,19.8,0,1,15,19,13
4,2,4,4.4,0,0,5,5,4
10,1,10,25.3,0,1,0,28,5
23,6,23,9.3,0,0,0,15,7
7,2,7,11.8,0,1,0,29,5
15,6,15,28.9,0,0,1,1,1
15,6,15,24.9,0,0,23,43,0
13,1,13,27.2,0,1,10,22,11
20,6,20,20.0,0,0,5,6,1
1,2,1,12.2,0,0,2,2,8
16,6,16,17.5,0,0,0,19,7
8,1,8,5.0,0,0,4,13,1
7,0,7,11.3,0,0,0,9,5
9,0,9,13.1,0,1,0,16,7
13,0,13,28.6,0,0,28,7,0
1,2,1,15.8,0,0,2,2,8
10,2,10,14.9,0,0,0,29,6
9,5,9,9.5,0,0,0,14,5
8,0,8,4.5,0,0,0,3,6
11,2,11,14.6,0,0,0,6,0
18,3,18,21.7,0,0,5,23,4
10,2,10,7.7,0,0,0,23,5
7,1,7,9.4,0,0,21,3,5
23,0,23,16.2,0,0,18,34,11
8,6,8,16.1,0,0,4,39,1
3,1,3,2.1,0,0,13,6,6
20,0,20,29.5,0,1,0,8,5
19,5,19,17.2,0,0,30,19,15
7,4,7,8.6,0,0,0,7,6
14,1,14,26.0,0,0,0,13,6
16,5,16,27.8,0,0,0,23,6
2,2,2,13.0,0,0,22,19,15
9,0,9,9.5,0,0,0,25,6
11,3,11,20.4,0,0,0,31,6
7,0,7,13.1,0,1,0,7,5
5,3,5,7.4,0,0,4,5,4
19,5,19,24.1,0,1,0,12,6
16,0,16,8.2,0,0,0,1,7
18,0,18,18.6,0,0,0,48,5
4,4,4,7.4,0,0,0,26,6
4,6,4,7.7,0,0,0,3,5
15,5,15,20.9,0,0,0,44,5
16,0,16,25.4,0,0,0,1,7
7,3,7,0.6,0,0,0,12,6
11,1,11,25.1,0,0,5,10,1
16,4,16,17.9,0,0,0,22,7
14,2,14,29.3,0,0,0,9,6
5,0,5,5.5,0,0,0,23,6
13,0,13,30.1,0,1,0,12,6
16,5,16,26.2,0,0,13,4,6
10,1,10,18.9,0,0,0,8,6
12,3,12,24.5,0,0,0,28,6
13,2,13,14.8,0,0,0,3,5
5,6,5,15.2,0,0,0,17,5
17,0,17,8.4,0,0,5,23,1
20,0,20,13.1,0,0,0,13,6
12,0,12,10.7,0,0,0,24,5
1,6,1,8.6,0,0,13,6,6
22,5,22,11.5,0,0,15,19,7
14,0,14,14.5,0,0,0,11,5
7,5,7,4.1,0,0,0,25,5
19,3,19,7.4,0,0,0,22,0
11,5,11,17.3,0,0,0,9,6
7,4,7,10.2,0,0,0,20,6
4,6,4,3.1,0,0,0,26,6
16,2,16,28.4,0,0,4,9,4
18,3,18,30.8,0,0,5,23,1
9,6,9,14.6,0,0,25,8,23
9,0,9,6.0,0,0,0,28,6
15,3,15,26.7,0,0,13,6,6
16,0,16,8.3,0,0,0,44,6
16,1,16,16.0,0,0,0,30,5
23,1,23,12.7,0,0,0,36,0
17,6,17,18.7,0,0,4,45,1
10,4,10,18.1,0,0,0,17,5
6,0,6,2.9,0,0,4,31,4
17,5,17,32.4,0,0,0,1,10
16,2,16,24.9,0,0,0,5,6
13,5,13,28.2,0,0,9,21,11
8,1,8,12.7,0,0,0,16,7
0,5,0,8.1,0,0,0,1,7
15,1,15,16.9,0,0,23,43,0
20,0,20,13.1,0,0,0,22,0
5,4,5,16.3,0,0,0,10,5
16,3,16,25.1,0,1,0,24,5
13,2,13,18.6,0,0,0,3,5
5,0,5,13.7,0,0,0,31,5
15,4,15,16.3,0,0,4,30,5
8,0,8,10.2,0,0,5,29,1
15,2,15,20.4,0,0,6,18,8
9,3,9,13.6,0,0,0,25,6
11,3,11,10.5,0,0,0,12,5
5,0,5,4.2,0,0,0,18,5
1,1,1,12.0,0,0,2,2,8
3,3,3,16.0,0,0,8,19,10
23,3,23,15.4,0,0,15,19,7
4,6,4,1.3,0,0,2,2,8
16,6,16,16.1,0,0,0,5,6
9,6,9,14.1,0,0,1,1,1
19,6,19,8.5,0,0,0,8,6
6,4,6,13.5,0,0,7,9,20
2,1,2,15.5,0,0,0,27,0
5,2,5,9.6,0,0,4,9,1
10,3,10,9.3,0,0,28,7,0
18,2,18,29.6,0,0,4,13,4
11,3,11,10.1,0,0,0,12,6
13,4,13,10.1,0,0,4,5,4
9,1,9,15.1,0,0,0,15,7
12,0,12,8.5,0,0,9,21,11
8,4,8,9.3,0,0,0,4,5
8,1,8,5.2,0,0,0,18,5
22,4,22,7.4,0,0,6,7,27
16,4,16,7.5,0,0,13,6,4
22,6,22,9.1,0,0,16,32,5
13,3,13,10.9,0,0,7,14,18
14,5,14,21.4,0,0,0,6,6
2,1,2,14.0,0,0,13,6,6
15,5,15,11.6,0,0,4,6,4
6,6,6,12.0,0,1,0,31,6
13,2,13,15.2,0,0,0,25,5
23,0,23,18.9,0,1,18,34,11
1,2,1,11.9,0,0,10,22,11
12,0,12,11.2,0,0,0,10,6
13,5,13,13.9,0,0,4,29,1
10,4,10,22.9,0,1,5,14,1
3,5,3,12.6,0,0,20,19,15
5,5,5,13.8,0,0,5,5,5
21,3,21,7.8,0,0,10,38,10
7,1,7,13.8,0,0,0,7,6
5,2,5,16.2,0,0,4,29,1
8,1,8,12.1,0,0,4,9,1
7,6,7,6.6,0,0,0,29,6
12,0,12,21.6,0,1,0,12,5
9,4,9,12.9,0,0,0,6,6
17,0,17,21.5,0,0,4,9,4
6,0,6,8.0,0,0,0,9,6
16,5,16,11.1,0,0,20,32,15
16,4,16,16.4,0,0,0,28,5
15,2,15,12.4,0,0,4,13,4
8,2,8,1.1,0,0,0,25,6
22,1,22,19.3,0,1,6,18,8
22,2,22,8.8,0,0,7,20,18
18,2,18,29.1,0,1,0,12,6
6,3,6,10.0,0,0,5,10,1
16,0,16,20.4,0,0,0,12,6
19,6,19,9.7,0,0,0,10,6
19,3,19,23.3,0,0,0,20,6
7,5,7,5.5,0,0,0,29,5
17,2,17,26.1,0,0,0,7,6
12,3,12,12.8,0,0,2,2,2
9,1,9,20.4,0,0,0,17,5
4,0,4,15.1,0,0,0,9,5
10,1,10,12.2,0,0,0,30,6
17,5,17,12.7,0,0,0,20,6
17,1,17,22.5,0,0,0,25,6
9,3,9,23.6,0,1,22,19,15
4,0,4,12.1,0,0,0,8,6
11,4,11,12.7,0,0,10,22,11
11,5,11,22.6,0,0,0,13,5
11,3,11,10.8,1,2,0,46,0
9,1,9,9.7,0,0,0,12,5
5,0,5,10.9,0,0,0,9,5
5,6,5,13.2,0,0,0,5,6
9,6,9,19.9,0,1,0,15,7
12,3,12,22.2,0,0,7,78,39
20,4,20,11.2,0,0,5,24,4
10,3,10,11.1,0,0,0,6,0
19,3,19,24.5,0,1,5,18,5
16,0,16,30.6,0,0,4,13,4
8,1,8,16.9,0,1,0,5,5
23,0,23,5.0,0,0,0,8,6
9,1,9,16.2,0,0,21,3,5
13,2,13,18.1,0,0,0,9,5
23,3,23,15.4,0,1,0,35,7
15,2,15,11.8,0,0,5,13,1
8,6,8,15.6,0,0,0,4,5
11,3,11,23.2,0,1,0,8,6
15,6,15,25.0,0,0,4,10,1
20,4,20,6.8,0,0,5,9,4
5,3,5,0.7,0,0,0,13,5
15,1,15,11.2,1,2,4,5,4
2,5,2,9.7,0,0,13,6,6
10,5,10,7.4,0,0,0,23,5
18,5,18,26.9,0,0,5,23,4
10,4,10,9.7,0,0,0,18,5
3,5,3,6.3,1,2,0,29,6
19,2,19,16.8,0,0,5,30,1
17,2,17,24.7,0,0,0,6,0
8,6,8,12.5,0,1,26,58,0
17,3,17,26.6,0,1,6,18,17
8,1,8,11.3,0,0,0,3,6
8,2,8,3.5,0,0,0,6,6
7,4,7,13.3,0,0,0,14,5
8,1,8,5.5,0,0,0,18,5
14,6,14,16.8,0,0,0,6,6
4,0,4,14.9,0,0,0,10,5
10,2,10,6.1,0,0,0,29,6
15,3,15,26.4,0,0,0,31,6
17,3,17,26.5,0,1,13,6,6
18,0,18,15.6,1,2,0,14,5
5,1,5,11.8,0,0,4,31,5
19,5,19,13.5,0,0,0,29,6
6,2,6,9.4,0,0,0,29,6
19,3,19,11.4,0,0,0,20,6
0,3,0,10.7,0,0,5,6,1
21,4,21,9.1,0,0,0,3,5
5,4,5,8.3,0,0,0,9,6
17,5,17,28.5,0,0,0,20,6
11,2,11,10.3,0,0,0,20,6
10,6,10,19.8,0,0,0,31,5
22,0,22,9.2,0,0,0,8,6
20,0,20,23.5,0,1,5,10,1
1,4,1,14.0,0,0,16,32,14
9,3,9,2.4,0,0,0,4,5
12,1,12,28.1,0,0,5,10,4
16,5,16,15.1,0,0,0,44,6
16,1,16,12.6,0,0,4,31,4
8,1,8,9.4,0,0,0,25,6
6,6,6,16.4,0,1,4,23,4
16,2,16,25.4,0,0,0,28,6
12,1,12,13.2,0,0,0,12,5
10,5,10,20.3,0,0,0,9,6
14,1,14,23.1,0,0,5,12,4
8,2,8,4.2,0,0,21,3,5
13,3,13,22.8,0,0,0,11,6
1,3,1,16.3,0,0,0,8,6
22,6,22,20.3,0,1,16,32,14
15,2,15,11.7,0,0,5,12,1
8,1,8,11.4,0,0,0,20,6
11,6,11,13.3,0,0,0,19,7
11,5,11,25.1,0,1,0,10,6
17,5,17,7.8,0,0,0,18,5
9,0,9,20.5,0,1,0,12,6
23,5,23,7.0,0,0,0,35,0
1,5,1,8.1,0,0,0,0,0
4,6,4,8.5,0,0,0,8,6
1,6,1,13.3,0,0,0,0,0
2,5,2,12.5,0,0,0,27,0
8,6,8,11.1,0,0,0,12,6
18,5,18,30.7,0,1,0,7,5
8,0,8,8.6,0,0,6,18,27
5,3,5,12.5,0,0,0,3,5
5,6,5,12.3,0,0,5,106,1
5,1,5,12.1,0,0,4,5,4
16,1,16,22.3,0,0,13,6,6
10,3,10,9.5,0,0,28,7,0
12,1,12,23.2,0,0,2,2,2
8,3,8,18.6,0,1,0,4,5
4,5,4,9.2,0,0,0,5,6
8,3,8,9.8,0,0,5,10,1
10,2,10,10.1,0,0,0,6,0
15,1,15,13.8,0,0,0,13,5
3,5,3,12.3,0,0,2,2,2
7,6,7,4.9,0,0,4,6,4
6,2,6,13.9,0,0,4,6,4
5,3,5,3.6,0,0,4,4,4
13,6,13,22.6,0,0,0,14,5
15,1,15,21.0,0,0,13,6,6
7,0,7,16.8,0,0,0,25,5
15,4,15,17.0,0,0,14,63,16
1,5,1,15.9,0,0,10,22,11
13,2,13,10.7,0,0,4,13,1
13,1,13,15.8,0,0,4,29,1
0,3,0,3.5,0,0,5,6,1
16,1,16,21.7,0,1,13,6,6
5,1,5,8.3,0,0,0,31,5
9,0,9,9.4,0,0,0,20,6
22,2,22,18.2,0,1,6,18,8
21,2,21,6.2,0,0,0,31,6
6,2,6,15.7,0,1,1,56,14
9,0,9,22.0,0,1,0,20,5
10,3,10,8.7,0,0,0,29,6
4,6,4,12.6,0,0,0,26,6
14,4,14,15.1,0,0,0,6,6
3,5,3,11.9,0,0,2,2,2
16,0,16,24.9,0,0,0,23,6
18,4,18,11.0,0,0,0,29,5
16,0,16,32.2,0,1,0,6,6
8,0,8,0.8,0,0,0,12,6
15,4,15,27.5,0,1,0,29,5
7,2,7,12.1,0,0,0,29,5
5,4,5,8.3,1,2,0,8,6
4,0,4,9.0,0,0,0,23,6
5,2,5,12.5,0,0,0,9,5
12,5,12,26.3,0,1,9,21,13
17,4,17,25.6,0,0,13,6,6
15,0,15,8.4,0,0,0,14,5
16,2,16,29.4,0,1,0,6,5
5,4,5,11.6,0,0,0,13,6
2,1,2,17.2,0,0,2,2,8
17,0,17,22.1,0,0,0,9,6
14,3,14,13.0,0,0,13,6,6
8,1,8,5.8,0,0,0,4,5
7,0,7,11.6,0,0,0,25,6
23,3,23,12.2,0,0,0,36,0
13,2,13,8.7,0,0,0,14,5
15,6,15,16.5,0,0,21,71,5
4,1,4,15.6,0,0,0,9,5
18,1,18,15.7,0,0,0,9,5
10,3,10,10.0,0,0,0,25,6
18,5,18,7.2,0,0,0,12,6
6,5,6,4.1,0,0,0,6,7
8,2,8,20.7,0,0,5,29,1
10,4,10,11.4,0,0,0,12,5
13,4,13,26.0,0,0,9,21,11
12,4,12,24.6,0,1,0,20,5
5,1,5,13.6,0,0,21,3,5
17,5,17,25.8,0,0,0,6,0
22,4,22,8.1,0,0,6,7,27
6,1,6,16.5,0,1,4,23,4
23,6,23,13.8,0,0,15,19,7
13,0,13,27.3,0,1,10,22,11
18,5,18,8.7,0,0,0,48,6
5,5,5,1.7,0,0,1,1,7
9,5,9,20.1,0,1,0,17,5
6,3,6,4.4,0,0,4,64,4
13,6,13,14.7,0,0,12,27,0
10,3,10,8.9,0,0,0,6,0
5,0,5,16.0,0,0,4,5,1
5,6,5,10.6,0,0,13,6,5
12,3,12,16.6,1,2,0,30,5
9,0,9,19.1,0,1,0,16,7
12,3,12,28.6,0,0,0,28,5
12,6,12,15.8,0,0,0,5,6
5,1,5,9.5,0,0,0,3,5
21,5,21,8.6,0,0,0,8,5
12,4,12,17.5,0,0,9,21,11
18,3,18,26.3,0,0,5,12,1
13,5,13,19.2,0,0,4,12,5
15,1,15,17.4,0,0,0,10,6
23,6,23,14.4,0,0,13,6,6
18,3,18,10.5,0,0,4,9,4
14,3,14,16.7,0,0,0,12,6
14,5,14,15.9,0,0,20,19,15
22,4,22,12.0,0,0,6,18,8
13,4,13,28.8,0,1,0,48,5
12,6,12,21.4,0,0,0,5,5
16,3,16,33.0,0,1,5,5,5
5,0,5,6.4,0,0,20,19,15
5,6,5,13.8,0,0,21,3,5
10,0,10,21.9,0,1,0,23,5
16,3,16,15.6,0,0,21,3,0
0,1,0,8.6,0,0,2,2,8
18,3,18,9.2,0,0,0,48,6
13,6,13,28.3,0,1,9,21,13
4,3,4,5.3,0,0,0,26,6
11,2,11,14.1,0,0,0,12,6
18,5,18,28.4,0,0,0,12,5
19,0,19,14.1,0,0,5,30,1
18,2,18,25.6,0,1,0,10,5
7,0,7,14.8,0,0,5,10,4
6,1,6,9.6,0,0,0,13,5
6,4,6,5.1,0,0,4,6,1
14,2,14,23.1,0,0,0,20,6
23,5,23,15.5,0,0,0,35,0
20,6,20,15.8,0,0,0,29,6
17,6,17,29.6,0,1,0,6,0
5,1,5,11.3,0,0,0,3,5
16,3,16,21.8,0,0,0,3,0
15,1,15,12.6,0,0,0,44,6
9,5,9,14.5,0,0,5,10,4
16,5,16,7.8,0,0,4,6,4
13,6,13,14.5,0,0,0,11,6
2,0,2,15.8,0,0,2,2,8
7,5,7,12.2,0,1,0,8,5
14,4,14,28.9,0,0,5,31,1
13,4,13,21.0,0,0,0,9,6
1,2,1,13.9,0,0,0,46,0
0,5,0,15.8,0,0,15,37,7
23,1,23,10.0,0,0,0,36,0
11,4,11,14.1,0,0,0,9,5
0,4,0,13.5,0,0,0,8,5
6,6,6,4.6,0,0,0,26,5
9,5,9,3.8,0,0,0,69,0
13,5,13,26.8,0,0,0,9,5
5,5,5,7.3,0,0,4,5,4
20,1,20,16.4,0,0,0,3,6
16,1,16,30.9,0,1,0,12,5
5,6,5,13.1,0,0,0,9,6
18,2,18,28.8,0,1,0,7,5
15,0,15,18.3,0,0,5,20,1
8,1,8,17.5,0,1,0,12,5
16,3,16,19.4,0,0,0,18,5
16,5,16,16.3,0,0,0,10,5
15,3,15,18.7,0,0,13,99,4
23,2,23,17.2,0,0,17,33,15
9,1,9,17.2,0,0,0,17,5
9,1,9,9.5,0,0,0,12,5
12,2,12,26.1,0,0,2,2,2
15,2,15,14.5,0,0,0,18,5
20,6,20,22.7,0,0,42,86,41
9,3,9,11.9,0,0,0,17,5
18,3,18,24.1,0,0,0,9,6
5,3,5,15.2,0,0,0,26,6
9,5,9,19.9,0,0,0,15,7
7,6,7,6.5,0,0,0,11,6
16,5,16,24.2,0,0,0,14,5
0,1,0,16.7,0,0,5,6,1
16,5,16,30.7,0,0,0,1,10
6,6,6,11.1,0,0,0,55,5
16,1,16,13.7,0,0,0,25,6
18,3,18,22.5,0,0,4,18,1
2,5,2,2.6,0,0,2,2,2
16,3,16,15.4,0,1,0,22,0
8,3,8,12.1,0,0,0,28,6
1,0,1,17.0,0,0,0,6,5
12,1,12,27.8,0,1,0,10,5
15,4,15,13.3,0,0,20,19,15
6,6,6,15.5,0,0,8,19,10
6,1,6,8.9,0,0,0,9,6
16,5,16,13.2,0,0,0,18,5
15,5,15,26.2,0,1,0,31,6
16,5,16,31.1,0,0,0,7,6
6,5,6,13.3,0,1,4,6,5
0,0,0,16.3,0,0,24,7,15
15,6,15,15.8,0,0,0,44,6
17,6,17,18.9,0,0,0,28,5
15,3,15,18.1,0,0,20,19,15
18,6,18,25.6,0,1,13,6,6
23,2,23,10.8,0,0,0,36,7
19,0,19,9.5,0,0,0,22,0
14,3,14,10.9,0,0,4,6,4
19,3,19,21.5,0,0,5,10,1
12,6,12,16.4,0,0,9,21,11
5,2,5,9.0,0,0,0,26,6
12,3,12,26.4,0,0,5,13,1
14,6,14,16.7,0,0,21,71,5
11,3,11,11.6,0,0,10,22,11
5,4,5,14.6,0,0,0,55,5
14,4,14,31.4,0,1,0,7,5
6,1,6,9.6,0,0,0,9,6
4,3,4,12.5,0,0,0,31,6
16,0,16,32.8,0,1,0,7,5
16,1,16,26.6,0,0,4,23,4
12,0,12,20.7,0,0,7,77,24
7,4,7,11.0,0,0,0,29,5
18,6,18,11.5,0,0,13,5,5
1,0,1,12.6,0,0,13,6,6
5,1,5,3.9,0,0,4,4,4
4,0,4,13.9,0,0,0,26,5
14,4,14,29.1,0,1,6,18,8
16,2,16,29.6,0,0,5,5,5
5,4,5,6.4,0,0,0,9,6
8,3,8,20.2,0,0,4,13,1
15,4,15,26.8,0,1,0,3,5
5,6,5,17.7,0,0,5,5,4
23,1,23,17.0,0,1,19,15,0
7,4,7,7.0,0,0,22,19,15
4,0,4,1.6,0,0,0,31,5
21,1,21,15.7,0,0,13,6,4
12,3,12,21.6,0,0,10,22,11
8,3,8,17.9,0,0,0,29,5
13,5,13,18.7,0,0,5,7,1
9,0,9,9.8,0,0,0,29,5
5,6,5,12.1,0,0,21,3,5
16,2,16,14.6,0,0,0,28,6
16,6,16,16.7,0,0,0,30,5
14,2,14,13.6,0,0,0,3,6
14,0,14,15.5,0,0,4,9,4
1,3,1,2.5,0,0,2,2,8
8,0,8,2.7,0,0,0,29,5
7,3,7,10.1,0,0,0,12,6
21,5,21,21.4,0,0,4,31,4
7,6,7,12.3,0,0,0,11,6
8,1,8,15.3,1,0,0,10,6
10,4,10,14.9,0,0,0,8,6
15,6,15,15.4,0,0,0,20,5
23,0,23,15.8,0,0,0,35,0
20,1,20,11.3,0,0,0,7,6
9,2,9,16.7,0,1,4,4,4
16,0,16,9.1,0,0,21,3,0
5,2,5,7.1,0,0,0,9,6
5,6,5,16.0,0,0,0,5,6
19,6,19,8.4,0,0,0,22,0
16,0,16,30.1,0,1,0,12,5
18,3,18,27.4,0,0,0,12,6
18,1,18,13.9,0,0,0,10,5
10,0,10,20.2,0,0,0,19,7
20,6,20,10.6,0,0,5,18,1
4,5,4,11.6,0,0,0,9,6
12,2,12,25.9,0,1,0,5,5
23,2,23,19.8,0,1,19,15,0
5,4,5,5.2,0,0,4,6,5
5,2,5,10.4,0,0,4,23,5
18,4,18,11.5,0,0,0,30,5
20,6,20,20.5,0,0,0,7,6
13,0,13,15.0,0,0,0,20,6
15,2,15,13.5,0,0,13,4,5
19,5,19,10.3,0,0,5,26,1
13,3,13,20.6,0,0,0,9,6
16,4,16,25.7,0,0,4,13,4
22,4,22,7.1,1,2,0,9,6
18,1,18,31.1,0,1,0,12,6
21,3,21,15.6,0,0,0,22,0
10,5,10,20.2,0,0,5,14,1
18,5,18,29.5,0,1,0,12,6
16,1,16,30.8,0,0,0,44,6
16,3,16,13.8,0,0,0,22,0
8,5,8,1.2,0,0,6,18,27
2,6,2,11.8,0,0,0,1,0
23,1,23,17.1,0,1,15,19,7
8,0,8,3.2,0,0,21,3,5
16,3,16,12.4,0,0,0,18,5
13,4,13,24.2,0,0,0,6,6
18,4,18,13.1,0,0,0,12,5
6,4,6,9.7,0,1,13,6,6
20,4,20,21.5,0,0,0,20,6
5,5,5,5.0,0,0,4,5,4
9,0,9,20.3,0,1,0,9,6
10,4,10,15.2,0,0,0,24,5
11,2,11,14.4,0,0,0,20,6
16,6,16,20.1,0,0,0,31,6
17,6,17,22.9,0,0,5,5,4
11,0,11,9.6,0,0,0,8,6
0,0,0,21.8,0,0,15,37,7
20,5,20,10.1,0,0,18,34,11
14,0,14,8.1,0,0,5,12,1
18,2,18,12.6,0,0,0,12,6
1,3,1,12.6,0,0,0,0,0
9,0,9,22.4,0,1,0,11,5
13,0,13,15.0,0,0,4,6,4
17,1,17,15.2,0,0,5,23,4
14,4,14,27.6,0,0,0,11,6
7,5,7,10.0,0,0,0,31,6
17,5,17,25.1,0,1,4,45,4
8,5,8,2.2,0,0,0,20,5
5,3,5,9.0,0,0,4,4,1
4,6,4,16.0,0,0,0,13,5
12,4,12,30.1,0,1,0,12,5
8,0,8,7.0,0,0,1,1,7
11,0,11,18.9,0,0,0,6,6
14,0,14,19.8,0,0,0,3,6
10,2,10,15.5,0,0,0,20,6
7,2,7,13.9,0,1,0,7,5
12,3,12,9.1,0,0,5,10,1
19,4,19,25.4,0,1,0,10,6
1,4,1,15.6,0,0,0,0,0
0,6,0,9.4,0,0,10,38,10
14,6,14,15.8,0,0,4,44,4
16,0,16,19.6,0,0,4,64,4
5,2,5,10.3,0,0,0,13,6
16,1,16,24.4,0,1,4,7,4
10,2,10,9.0,0,0,5,14,1
13,5,13,9.0,0,0,5,48,1
16,6,16,16.2,0,0,0,26,6
15,5,15,31.0,0,0,0,20,5
8,1,8,5.8,0,0,6,18,27
10,3,10,26.8,0,1,0,3,5
9,3,9,9.1,0,0,0,16,0
12,1,12,17.2,0,0,4,54,5
19,1,19,27.0,0,1,5,18,5
17,2,17,29.3,0,0,4,13,1
12,4,12,23.0,0,1,0,18,5
12,3,12,19.0,0,1,6,30,19
22,2,22,8.9,0,0,14,19,16
19,0,19,11.1,0,0,5,9,4
11,4,11,14.3,0,1,0,29,6
4,6,4,8.2,1,2,2,2,2
16,5,16,16.7,0,0,5,3,4
9,0,9,21.9,0,1,0,12,5
19,0,19,29.1,0,1,5,18,5
16,2,16,24.8,0,0,1,1,1
8,1,8,5.8,0,0,5,10,4
8,6,8,5.1,0,0,0,18,5
15,3,15,18.2,0,0,0,44,5
8,3,8,12.7,0,0,0,16,7
6,4,6,7.8,1,2,0,36,7
10,3,10,11.3,0,0,0,12,6
14,4,14,16.3,0,0,12,27,0
21,1,21,22.3,0,1,0,7,5
19,4,19,10.4,0,0,14,19,16
8,6,8,18.7,0,0,41,3,29
9,1,9,16.5,0,0,0,18,5
4,1,4,8.9,0,0,5,5,4
14,3,14,9.5,0,0,13,6,6
8,0,8,9.8,0,0,4,39,1
16,5,16,29.4,0,1,6,18,8
14,2,14,18.6,0,0,0,30,5
2,3,2,16.0,0,0,2,2,8
14,2,14,26.9,0,0,0,20,5
1,5,1,6.9,0,0,0,0,0
13,5,13,19.1,0,0,4,10,1
8,0,8,3.5,0,0,0,13,6
10,4,10,17.5,0,0,0,41,5
6,2,6,9.4,0,0,0,31,6
13,5,13,19.3,0,0,4,31,4
12,1,12,18.2,0,0,0,5,5
10,5,10,9.3,0,0,0,13,6
6,1,6,2.1,0,0,21,3,5
4,2,4,6.1,0,0,5,13,1
4,2,4,11.0,0,0,0,13,6
18,5,18,12.5,0,0,0,12,6
7,0,7,14.6,0,0,5,10,1
14,0,14,18.6,0,0,0,13,6
17,2,17,36.7,0,1,20,19,15
6,5,6,11.1,0,0,0,29,6
5,5,5,1.6,0,0,0,13,6
18,1,18,12.9,0,0,0,25,6
11,0,11,17.8,0,0,0,16,0
4,4,4,13.0,0,0,0,10,5
23,0,23,8.7,0,0,5,6,1
19,4,19,27.2,0,1,5,18,5
19,1,19,26.4,0,1,0,7,6
5,3,5,13.8,0,0,0,17,5
18,0,18,32.0,0,1,0,8,5
10,5,10,21.3,0,0,0,19,7
20,0,20,18.2,0,0,4,18,1
7,0,7,15.2,0,0,5,29,1
5,4,5,14.5,0,0,2,2,8
7,1,7,11.6,0,0,20,19,15
14,2,14,20.4,0,0,0,11,6
5,1,5,4.1,0,0,21,3,5
18,2,18,12.9,0,0,0,20,6
11,6,11,24.9,0,0,5,24,4
23,6,23,7.1,0,0,0,35,7
13,3,13,26.3,0,1,10,22,11
5,3,5,1.6,0,0,0,5,6
4,3,4,9.6,0,0,21,3,5
22,2,22,7.1,0,0,6,7,8
16,2,16,12.0,0,0,0,28,5
13,1,13,27.5,0,1,0,11,5
15,0,15,11.8,0,0,5,9,4
2,3,2,10.7,0,0,2,2,8
16,5,16,24.6,0,0,0,23,6
16,2,16,13.4,0,0,4,20,4
11,3,11,17.7,0,0,22,19,15
7,5,7,11.0,0,0,0,12,6
11,5,11,11.2,0,0,0,19,0
21,0,21,21.9,0,0,0,22,0
12,1,12,26.2,0,1,0,10,5
14,1,14,26.8,0,1,0,8,6
2,6,2,16.8,0,0,2,2,8
10,5,10,16.3,0,1,0,41,5
8,5,8,19.2,0,0,0,18,5
22,3,22,7.0,0,0,0,26,6
10,3,10,15.4,0,1,7,80,24
16,3,16,13.1,0,0,0,25,6
14,1,14,28.4,0,1,0,29,6
20,2,20,9.7,0,0,21,3,5
15,0,15,8.2,0,0,5,25,1
12,6,12,27.1,0,1,0,29,5
13,6,13,28.5,0,1,0,48,5
7,5,7,0.9,0,0,0,25,5
10,6,10,16.1,0,0,0,29,6
5,6,5,7.7,0,0,4,13,1
17,6,17,24.5,0,0,0,12,6
7,6,7,2.8,0,0,4,9,1
19,4,19,7.8,1,2,15,19,7
5,1,5,13.7,0,0,4,4,5
9,0,9,8.1,0,0,5,10,1
1,6,1,8.7,0,0,13,6,5
0,6,0,21.2,0,0,0,0,0
11,2,11,14.8,0,1,0,13,5
6,6,6,16.9,0,0,0,55,5
22,0,22,21.8,1,0,0,53,7
11,0,11,24.8,0,1,0,12,5
22,2,22,11.8,0,0,0,26,5
8,6,8,8.6,0,0,0,11,6
18,5,18,11.5,0,0,0,12,5
17,3,17,26.6,0,0,5,23,4
18,3,18,26.1,0,0,0,31,6
3,6,3,18.7,0,0,0,36,7
16,2,16,36.8,0,1,0,28,5
15,1,15,17.3,0,0,13,6,6
1,3,1,12.1,0,0,1,1,1
16,3,16,29.7,0,1,20,19,15
6,2,6,16.2,0,1,1,56,14
9,5,9,14.5,0,0,0,6,6
8,0,8,4.8,0,0,4,39,1
16,1,16,31.2,0,1,0,9,6
9,2,9,23.0,0,1,20,19,15
11,1,11,9.8,0,0,0,16,0
21,5,21,8.9,0,0,10,38,10
11,6,11,10.0,0,0,5,24,4
15,2,15,30.4,0,0,0,13,5
23,4,23,8.5,0,0,0,15,7
4,1,4,16.8,0,0,0,8,6
13,2,13,18.2,0,0,14,19,15
8,5,8,1.3,0,0,21,3,5
0,2,0,9.0,0,0,4,29,1
18,1,18,24.7,0,0,13,6,6
12,6,12,20.3,0,0,9,21,11
9,5,9,22.3,0,1,0,41,5
16,6,16,32.2,0,1,0,4,5
15,6,15,29.0,0,1,0,12,6
10,0,10,23.3,0,1,0,17,5
8,0,8,13.2,0,0,5,10,1
14,4,14,20.2,0,0,12,27,0
15,0,15,19.8,0,0,4,13,1
23,1,23,21.9,0,0,5,18,1
19,3,19,8.7,1,2,0,29,5
19,6,19,26.8,0,0,7,31,24
21,0,21,14.4,1,2,4,39,1
14,1,14,23.5,0,0,0,11,6
10,0,10,22.3,0,1,0,13,6
19,2,19,12.1,0,0,5,18,1
