Hour,DayOfWeek,Hour,Temp,A/D,Runway,Airline,From/To,Aircraft Type
18,1,18,23.9,0,0,0,13,5
13,6,13,28.4,0,0,4,5,5
8,4,8,11.4,0,0,2,16,2
9,0,9,9.6,0,0,0,9,8
10,2,10,14.2,0,0,0,33,8
7,2,7,3.4,0,0,0,7,8
4,2,4,9.8,0,0,2,6,3
18,4,18,11.2,0,0,16,11,3
10,5,10,11.2,0,0,0,21,14
7,2,7,16.2,0,0,2,16,3
16,4,16,30.7,0,0,2,3,2
15,0,15,16.9,0,0,0,7,8
7,1,7,7.6,0,0,4,21,2
16,5,16,28.3,0,0,16,10,8
13,0,13,24.1,0,0,2,16,3
1,6,1,18.9,0,0,1,2,1
1,3,1,8.6,0,0,16,21,8
4,4,4,16.5,0,0,0,3,8
17,3,17,13.9,0,0,4,44,2
5,2,5,6.8,0,0,2,9,2
13,6,13,22.5,0,0,0,16,8
23,4,23,18.6,0,0,0,0,0
14,6,14,11.6,0,0,6,93,5
9,0,9,9.4,0,0,0,5,8
1,6,1,17.5,0,0,0,21,5
4,1,4,10.1,0,0,0,11,8
10,4,10,18.3,0,0,0,13,8
4,5,4,12.8,0,0,0,4,8
0,0,0,7.1,0,0,0,6,14
19,0,19,17.2,0,0,0,5,8
13,2,13,18.9,0,0,2,12,3
8,5,8,2.4,0,0,0,7,8
9,1,9,15.3,0,0,0,9,0
1,4,1,6.6,0,0,1,2,6
18,5,18,22.5,0,0,0,32,5
15,0,15,27.1,0,0,0,7,5
19,4,19,22.9,0,0,0,44,8
3,4,3,16.6,0,0,21,36,7
16,0,16,29.8,0,0,9,0,10
12,0,12,21.7,0,0,0,3,8
6,3,6,8.4,0,0,4,7,5
7,0,7,3.9,0,0,0,8,8
9,5,9,5.8,0,0,16,21,8
13,4,13,12.3,0,0,2,36,2
8,4,8,2.2,0,0,10,128,43
5,3,5,7.9,0,0,4,11,2
21,0,21,19.7,0,0,0,4,5
1,4,1,18.2,0,0,1,2,6
19,5,19,26.2,0,0,2,12,2
16,6,16,29.5,0,0,0,8,8
12,3,12,21.7,0,0,2,45,3
5,2,5,10.1,0,0,80,26,7
6,5,6,3.8,0,0,6,9,5
14,6,14,15.0,0,0,2,33,3
17,1,17,7.9,0,0,0,13,8
5,6,5,12.6,0,0,0,11,8
0,1,0,8.3,0,0,15,6,3
10,1,10,21.0,0,0,0,13,5
12,2,12,24.3,0,0,0,34,5
3,6,3,15.6,0,0,2,6,3
7,2,7,6.9,0,0,0,44,8
16,1,16,10.9,0,0,0,6,14
7,0,7,8.3,0,0,0,25,8
8,6,8,7.5,0,0,0,9,14
20,0,20,12.0,0,0,2,9,3
17,3,17,10.1,0,0,0,34,5
21,0,21,9.0,0,0,2,8,3
13,4,13,10.6,0,0,2,36,3
16,2,16,20.2,0,0,2,44,3
12,5,12,17.5,0,0,1,2,1
4,2,4,4.9,0,0,7,0,7
17,0,17,17.0,0,0,4,38,3
6,2,6,8.0,0,0,7,0,7
17,3,17,26.6,1,0,16,21,8
10,2,10,13.5,0,0,0,44,8
13,0,13,25.9,0,0,0,13,5
23,1,23,12.5,0,0,0,25,8
15,3,15,27.2,0,0,0,34,5
21,3,21,6.8,0,0,0,8,8
23,3,23,7.8,0,0,2,21,3
16,1,16,30.2,0,0,4,44,2
14,3,14,25.3,0,0,0,8,8
0,0,0,13.0,0,0,0,22,0
8,2,8,3.5,0,0,18,32,33
7,0,7,13.7,0,0,0,16,5
15,5,15,20.6,0,0,0,16,5
16,2,16,20.5,0,0,0,6,14
3,5,3,13.6,0,0,15,14,3
3,1,3,6.1,0,0,7,26,7
5,1,5,16.7,0,0,0,4,5
23,2,23,9.3,0,0,2,21,3
18,3,18,31.4,0,0,0,16,5
22,5,22,10.1,0,0,0,9,5
8,4,8,18.0,0,0,0,32,5
9,1,9,9.4,0,0,2,3,3
2,0,2,8.7,0,0,1,2,1
12,1,12,24.4,0,0,49,84,49
5,4,5,13.4,0,0,4,5,5
6,5,6,3.3,0,0,4,12,2
18,6,18,14.0,0,0,7,0,7
16,1,16,11.7,0,0,0,3,8
6,0,6,8.3,0,0,0,7,8
5,1,5,10.9,0,0,2,9,2
14,6,14,16.6,0,0,0,30,5
12,0,12,29.9,0,0,2,44,2
6,3,6,12.0,0,0,4,50,2
21,4,21,21.8,0,1,2,12,3
16,1,16,27.0,0,0,0,7,5
7,0,7,9.1,0,0,10,82,16
5,6,5,11.8,0,0,2,9,2
6,0,6,0.7,0,0,0,7,8
20,6,20,18.0,0,0,2,32,3
4,3,4,12.3,0,0,0,5,8
1,2,1,11.9,0,0,0,1,0
14,6,14,33.4,0,0,0,3,8
6,6,6,12.6,0,0,2,16,3
5,2,5,13.8,0,0,0,4,5
19,4,19,14.6,0,0,0,7,8
15,2,15,20.5,0,0,6,93,5
3,2,3,6.5,0,0,1,2,1
14,5,14,28.6,0,0,2,12,3
16,1,16,19.8,0,0,4,5,2
6,4,6,12.9,0,0,2,11,2
18,1,18,25.3,0,1,0,44,5
5,2,5,16.0,0,0,4,6,3
23,2,23,8.9,0,0,0,22,14
1,0,1,20.1,0,0,8,6,9
4,6,4,17.3,0,0,9,0,18
6,5,6,11.9,0,0,4,11,2
7,4,7,4.7,0,0,19,87,70
16,6,16,25.1,0,0,0,33,8
15,3,15,10.7,0,0,0,78,8
14,3,14,17.8,0,0,0,13,8
11,3,11,10.0,0,0,7,0,7
6,4,6,8.0,0,0,2,119,3
12,1,12,15.2,0,0,4,63,5
8,0,8,3.6,0,0,18,32,26
6,1,6,14.5,0,0,0,27,5
21,6,21,8.4,0,0,0,4,8
20,4,20,8.5,0,0,0,7,5
18,1,18,7.1,0,0,16,21,8
16,2,16,16.6,0,0,2,44,2
6,1,6,10.5,0,0,0,3,8
5,4,5,18.3,0,0,0,5,8
4,2,4,6.7,0,0,0,16,5
21,6,21,20.1,0,0,0,21,0
9,3,9,16.1,0,0,0,54,8
19,6,19,14.3,0,0,16,11,8
10,2,10,12.2,0,0,0,33,8
10,2,10,15.1,0,0,0,8,8
12,2,12,11.1,0,0,2,34,3
6,4,6,12.8,0,0,6,9,15
21,4,21,24.0,0,1,0,36,8
19,4,19,10.6,0,0,2,7,3
8,1,8,5.3,0,0,6,9,5
6,0,6,14.9,0,0,10,28,16
5,5,5,9.2,0,0,6,89,8
1,4,1,10.0,0,0,0,21,8
5,2,5,3.7,0,0,2,9,2
15,2,15,21.0,0,0,0,16,8
18,4,18,26.3,0,0,0,13,8
2,4,2,13.6,0,0,80,26,7
14,5,14,13.6,0,0,15,6,3
16,6,16,10.5,0,0,2,8,3
16,6,16,33.6,0,0,2,9,3
15,5,15,30.5,0,0,10,51,17
1,0,1,5.5,0,0,1,2,6
0,0,0,14.9,0,0,0,22,9
14,4,14,11.7,0,0,16,110,8
19,2,19,26.2,0,1,4,32,3
8,5,8,12.8,0,0,0,44,8
2,6,2,18.0,0,0,1,2,6
16,3,16,19.6,0,0,0,78,5
6,1,6,10.5,0,0,2,7,2
3,6,3,11.0,0,0,1,2,1
20,6,20,16.1,0,0,2,32,3
16,5,16,28.5,0,0,4,5,2
17,3,17,26.2,0,0,2,3,2
17,1,17,15.6,0,0,0,21,8
7,5,7,8.4,0,0,16,21,2
19,4,19,10.1,0,0,2,4,3
5,1,5,2.4,0,0,0,7,5
5,5,5,12.8,0,0,4,10,2
6,2,6,16.7,0,0,9,0,18
2,1,2,15.9,0,0,0,62,0
15,6,15,16.5,0,0,9,0,18
11,5,11,11.4,0,0,2,7,3
19,3,19,23.1,0,1,2,16,3
12,6,12,11.0,0,0,0,13,8
11,0,11,26.7,0,0,2,7,2
12,1,12,17.0,1,0,19,48,17
1,2,1,12.1,0,0,0,1,0
7,6,7,11.4,0,0,0,13,8
23,3,23,7.8,0,0,0,4,8
15,4,15,30.1,0,0,2,34,2
6,3,6,1.4,0,0,6,9,5
8,1,8,8.9,0,0,0,54,8
4,2,4,14.1,0,0,7,0,7
13,1,13,10.1,0,0,2,7,3
15,5,15,15.4,0,0,16,10,5
23,2,23,11.2,0,0,0,17,0
6,5,6,8.9,1,2,0,22,0
7,1,7,7.8,0,0,0,33,5
12,1,12,9.8,0,0,26,49,13
17,1,17,27.5,0,0,0,44,8
17,0,17,28.2,0,0,2,13,3
23,0,23,15.2,0,0,0,0,0
12,2,12,17.1,0,0,0,5,8
15,2,15,28.3,0,0,0,16,5
11,3,11,17.8,0,0,2,34,3
0,6,0,20.2,0,1,34,0,7
8,1,8,17.9,0,0,0,45,5
8,0,8,11.6,0,0,0,10,5
7,2,7,0.9,0,0,2,33,3
4,3,4,14.5,0,0,0,3,8
15,2,15,19.9,0,0,0,5,8
13,5,13,28.5,0,1,2,11,5
7,5,7,15.6,0,0,0,5,8
15,1,15,11.7,0,0,10,13,21
16,2,16,12.8,0,0,2,11,2
1,0,1,11.7,0,0,16,21,5
10,1,10,10.7,0,0,0,5,8
0,2,0,14.2,0,0,13,19,13
5,6,5,13.2,0,0,4,6,3
5,6,5,8.6,0,0,0,7,8
5,3,5,8.7,0,0,2,8,3
9,1,9,9.8,0,0,4,21,2
11,2,11,7.6,0,0,1,2,1
6,0,6,10.7,0,0,4,5,2
19,0,19,11.7,0,0,2,7,2
21,1,21,14.0,0,0,0,9,8
5,2,5,9.2,0,0,0,3,8
16,2,16,19.8,0,0,2,13,2
5,6,5,8.0,0,0,2,5,3
7,1,7,5.7,0,0,2,8,3
16,2,16,11.5,0,0,4,3,2
14,3,14,25.1,0,0,0,13,5
11,5,11,11.7,0,0,0,21,8
21,6,21,16.2,0,0,2,9,2
16,4,16,25.7,0,0,15,6,3
20,0,20,10.4,0,0,2,9,2
20,6,20,20.1,0,0,2,21,3
19,2,19,16.7,0,0,2,32,3
5,2,5,10.6,0,0,2,5,3
5,2,5,10.3,0,0,0,5,5
15,2,15,13.7,0,0,2,8,3
6,2,6,9.7,0,0,4,21,2
5,0,5,9.7,0,0,16,21,8
8,3,8,4.1,0,0,0,33,5
12,0,12,14.2,0,0,1,2,1
10,2,10,17.1,0,0,7,36,7
5,4,5,12.4,0,0,4,8,3
2,5,2,14.9,0,0,0,1,0
5,6,5,15.9,0,0,0,42,5
23,3,23,6.2,0,0,0,20,14
11,6,11,13.1,0,0,1,2,1
9,0,9,15.1,0,0,0,9,9
4,3,4,15.7,0,0,2,7,2
16,5,16,35.9,0,0,7,36,7
13,1,13,12.6,0,0,0,33,8
5,5,5,13.3,0,0,4,9,2
0,3,0,16.6,0,0,0,20,14
5,5,5,11.1,0,0,2,9,2
13,5,13,24.0,0,0,0,9,5
15,1,15,27.1,0,0,0,78,5
23,6,23,22.6,0,0,7,0,7
16,3,16,12.8,0,0,0,33,8
10,2,10,12.2,0,0,2,8,3
20,4,20,26.0,0,1,2,4,3
22,2,22,11.3,0,0,0,25,8
11,4,11,13.2,0,0,2,30,3
10,6,10,17.4,0,0,0,32,5
23,1,23,16.7,0,0,11,0,14
17,1,17,26.6,0,0,2,7,2
11,4,11,16.6,0,0,0,3,8
4,1,4,6.7,0,0,80,26,7
0,2,0,12.7,0,0,7,0,7
12,1,12,28.2,1,0,0,5,5
15,3,15,28.1,0,0,7,9,7
4,1,4,5.6,0,0,0,11,8
9,3,9,18.4,0,0,0,13,5
22,4,22,17.6,0,1,11,0,12
14,2,14,20.9,0,0,0,9,5
18,3,18,18.2,0,0,0,13,5
11,0,11,18.7,0,0,0,21,0
11,2,11,11.7,0,0,0,8,8
15,1,15,25.4,0,0,2,9,3
0,1,0,7.2,0,0,2,36,3
14,3,14,9.8,0,0,0,3,5
12,6,12,17.6,0,0,0,11,5
5,4,5,0.4,0,0,4,11,3
5,1,5,13.1,0,0,2,10,3
13,0,13,23.8,0,0,0,13,8
5,3,5,12.5,0,0,1,2,6
5,3,5,7.8,0,0,2,11,2
16,4,16,8.1,1,2,2,9,3
8,5,8,6.2,0,0,16,11,8
18,3,18,20.4,0,0,0,12,5
8,5,8,19.2,0,0,17,2,7
4,2,4,9.6,0,0,0,5,8
12,5,12,14.2,0,0,2,5,3
16,2,16,13.4,0,0,2,13,2
8,5,8,8.4,0,0,2,16,3
5,2,5,13.0,0,0,2,11,2
13,3,13,23.7,0,0,0,32,5
23,6,23,14.2,0,0,18,32,6
16,1,16,11.6,0,0,0,17,14
8,3,8,15.4,0,0,0,8,5
18,1,18,9.9,0,0,6,9,5
17,0,17,28.0,0,0,7,0,7
12,2,12,27.4,0,0,0,3,8
15,6,15,15.0,0,0,0,44,5
23,2,23,4.4,0,0,0,43,14
9,6,9,4.8,0,0,16,21,8
6,1,6,11.6,0,0,0,32,5
5,2,5,6.8,0,0,4,11,2
13,0,13,18.4,0,0,0,7,8
5,5,5,4.4,0,0,0,32,5
0,5,0,19.2,0,0,2,21,3
20,0,20,11.6,0,0,0,4,8
5,0,5,3.9,0,0,2,7,2
4,2,4,10.3,0,0,0,5,8
0,3,0,5.3,0,0,0,21,8
4,3,4,14.4,0,0,4,9,3
16,5,16,32.2,0,0,0,17,14
14,0,14,15.4,0,0,0,9,5
9,5,9,10.3,0,0,0,45,5
11,5,11,10.3,0,0,2,33,2
2,2,2,13.8,0,0,0,1,0
14,3,14,13.0,0,0,0,45,5
11,6,11,17.7,0,0,0,3,8
1,4,1,4.3,0,0,0,21,8
5,5,5,13.1,0,0,4,6,3
14,5,14,15.2,0,0,4,16,3
20,0,20,22.3,0,0,2,7,3
14,3,14,17.9,0,0,16,21,8
14,3,14,12.4,0,0,2,3,2
7,4,7,1.2,0,0,18,32,6
4,0,4,13.4,0,0,31,59,81
13,5,13,17.7,0,0,0,5,8
5,3,5,14.4,0,0,1,2,1
17,4,17,26.5,0,0,0,36,8
4,4,4,11.2,0,0,0,3,5
11,6,11,28.6,0,0,2,16,3
15,2,15,12.0,0,0,0,5,8
11,1,11,10.1,0,0,4,63,5
6,5,6,4.2,0,0,15,6,14
16,5,16,20.0,0,0,4,8,3
1,4,1,17.6,0,0,0,21,5
1,3,1,12.0,0,0,7,21,7
8,4,8,15.3,0,0,0,30,5
16,6,16,10.6,0,0,0,7,8
9,1,9,9.0,0,0,2,3,3
8,2,8,6.5,0,0,0,45,5
16,3,16,23.5,0,0,0,3,8
7,3,7,9.1,0,0,2,42,3
16,1,16,27.0,0,0,0,3,5
16,6,16,21.5,0,0,0,3,8
9,5,9,13.8,0,0,2,16,2
6,4,6,14.5,0,0,4,3,5
13,6,13,14.7,0,0,2,36,3
11,0,11,12.1,0,0,0,13,5
15,4,15,30.9,0,0,6,93,5
20,4,20,16.0,0,0,9,0,7
19,2,19,12.0,0,0,0,44,8
1,6,1,3.2,0,0,0,1,0
8,5,8,3.1,0,0,0,15,8
0,4,0,13.4,0,0,7,21,7
2,1,2,11.7,0,0,16,21,8
16,5,16,16.9,1,0,0,5,5
8,6,8,17.0,0,0,0,32,5
13,1,13,27.7,0,0,2,36,3
4,1,4,10.2,0,0,0,4,8
15,1,15,21.3,0,0,4,8,3
18,0,18,23.2,0,0,0,36,8
17,1,17,24.1,0,0,4,7,2
0,1,0,15.2,0,0,0,43,14
8,1,8,6.0,0,0,2,16,2
15,4,15,23.6,0,0,4,3,2
9,6,9,8.4,0,0,0,44,8
23,6,23,14.8,0,0,13,19,13
7,6,7,5.1,0,0,0,9,14
5,6,5,9.0,0,0,4,11,2
12,0,12,9.5,0,0,0,5,8
22,0,22,7.2,0,0,0,4,8
11,5,11,19.6,0,0,10,8,31
17,4,17,6.7,0,0,0,54,5
6,4,6,6.9,0,0,0,36,8
12,2,12,27.7,0,0,2,11,3
2,6,2,14.9,0,0,15,6,3
0,1,0,10.5,0,0,15,6,3
9,5,9,15.8,0,0,0,43,14
6,5,6,13.0,0,0,2,16,3
23,4,23,9.3,0,0,0,20,0
14,2,14,27.8,0,0,0,44,5
15,4,15,23.4,0,0,0,3,5
0,0,0,10.4,0,0,18,32,6
13,6,13,23.2,0,0,27,36,25
4,5,4,8.6,0,0,0,7,8
15,2,15,19.4,0,0,2,7,2
16,1,16,21.4,0,0,0,5,8
0,2,0,9.7,0,0,15,6,3
11,2,11,8.2,0,0,14,17,13
19,3,19,13.5,0,0,49,86,49
13,4,13,20.5,0,0,0,8,8
23,4,23,19.5,0,1,14,24,9
13,4,13,20.3,0,0,0,61,8
23,2,23,9.1,0,0,0,0,0
5,3,5,18.9,0,0,2,5,3
17,2,17,15.6,0,0,0,21,0
9,6,9,8.1,0,0,0,13,5
17,6,17,21.4,0,0,0,11,8
20,3,20,12.2,0,0,0,9,8
11,2,11,10.9,0,0,2,30,3
11,1,11,15.6,0,0,2,13,2
0,4,0,4.1,0,0,15,6,3
16,0,16,25.7,0,0,15,6,3
5,4,5,10.7,0,0,6,9,5
15,0,15,14.1,0,0,4,54,5
1,0,1,17.2,0,0,0,1,0
13,0,13,21.3,0,0,0,8,8
5,4,5,13.5,0,0,2,11,5
5,0,5,8.2,0,0,4,7,5
23,0,23,10.9,0,0,0,43,14
8,1,8,6.1,0,0,0,10,5
12,3,12,28.6,0,0,2,5,3
21,0,21,13.8,0,1,13,19,13
16,2,16,18.7,0,0,4,32,5
12,5,12,10.7,0,0,0,13,8
8,5,8,13.4,0,0,0,44,8
19,0,19,23.4,0,0,16,11,5
11,4,11,16.2,0,0,1,2,1
16,4,16,17.1,0,0,10,129,17
10,3,10,16.0,0,0,0,25,8
19,1,19,10.1,0,0,0,7,5
16,2,16,13.4,0,0,6,9,0
8,4,8,4.6,0,0,0,44,5
9,5,9,20.6,0,0,2,45,3
16,4,16,30.8,0,0,15,6,3
8,6,8,17.5,0,0,7,36,7
1,4,1,11.9,0,0,0,1,0
20,2,20,9.1,0,0,18,36,26
12,3,12,13.4,0,0,0,32,5
19,4,19,19.2,0,1,9,0,10
19,2,19,26.5,0,1,4,32,3
5,6,5,4.8,0,0,2,9,2
4,1,4,10.0,0,0,0,7,8
5,5,5,13.4,0,0,4,12,3
0,6,0,13.6,0,0,0,6,14
12,5,12,14.7,0,0,2,7,3
8,0,8,4.0,0,0,2,8,3
5,4,5,17.3,0,0,4,10,3
3,2,3,14.9,0,0,21,36,7
14,2,14,11.8,0,0,2,45,3
23,4,23,10.5,0,0,18,36,33
13,0,13,23.7,0,0,14,17,13
13,2,13,23.0,0,0,2,36,3
10,3,10,25.0,0,1,0,45,5
23,1,23,8.0,0,0,0,25,8
21,4,21,17.6,0,0,2,9,2
4,4,4,15.0,0,0,0,4,8
5,2,5,8.9,0,0,2,7,3
12,6,12,25.0,0,0,1,2,1
14,3,14,13.0,0,0,2,44,3
6,6,6,3.5,0,0,0,29,8
12,5,12,15.3,0,0,0,11,8
17,3,17,14.3,0,0,4,38,3
6,3,6,4.2,0,0,2,36,3
3,6,3,7.4,0,0,2,6,3
13,2,13,22.7,0,0,0,8,5
23,0,23,15.5,0,0,18,32,6
6,3,6,9.6,0,0,4,50,2
8,6,8,6.1,0,0,0,32,5
7,2,7,6.1,0,0,0,33,5
17,2,17,15.8,0,0,2,5,3
16,3,16,26.7,0,0,2,33,3
6,4,6,5.8,0,0,0,8,8
14,3,14,13.0,0,0,2,36,3
16,4,16,16.2,0,0,0,15,8
5,1,5,13.0,0,0,4,10,2
6,1,6,7.2,0,0,2,5,3
4,4,4,10.5,0,0,0,3,8
6,2,6,3.3,0,0,4,7,3
5,4,5,14.9,0,0,2,7,3
10,6,10,15.0,0,0,2,45,3
15,4,15,27.1,0,0,2,9,3
8,5,8,7.8,0,0,0,3,8
21,6,21,10.0,0,0,0,4,8
15,4,15,24.5,0,0,11,23,14
11,3,11,9.3,0,0,0,8,8
19,5,19,11.0,0,0,0,25,8
14,2,14,17.9,0,0,2,44,3
4,1,4,8.8,0,0,0,27,5
14,3,14,18.6,0,0,24,47,22
7,6,7,5.3,0,0,0,8,8
16,1,16,12.4,0,0,0,33,8
11,5,11,26.6,0,0,2,13,3
12,2,12,15.7,0,0,0,32,5
8,0,8,17.4,0,0,42,0,7
14,0,14,18.6,0,0,16,21,8
12,1,12,25.7,0,1,26,49,12
13,0,13,23.9,0,1,26,49,12
5,4,5,8.1,0,0,4,5,3
2,3,2,11.0,1,2,0,11,8
18,6,18,13.6,0,0,2,44,3
11,1,11,14.3,0,0,1,2,1
6,1,6,12.5,0,0,4,5,3
13,6,13,14.2,0,0,0,44,8
8,3,8,9.1,0,0,0,15,5
19,0,19,15.0,0,0,2,44,3
5,2,5,17.0,0,0,2,11,5
18,5,18,33.0,0,0,2,5,3
1,4,1,8.6,0,0,0,37,0
0,6,0,20.1,0,0,14,17,13
7,1,7,5.3,0,0,0,5,5
2,2,2,11.3,0,0,0,1,0
9,6,9,17.3,0,0,8,0,9
12,6,12,28.2,0,0,0,44,8
23,4,23,8.4,0,0,0,22,0
5,2,5,14.6,0,0,2,7,3
5,2,5,11.6,0,0,4,3,2
18,6,18,11.6,0,0,0,16,8
5,3,5,6.2,0,0,0,4,8
4,1,4,9.8,0,0,2,10,3
16,2,16,30.6,0,1,18,32,20
17,2,17,26.1,0,0,0,7,8
5,0,5,15.3,0,0,6,9,5
12,0,12,23.3,0,0,2,44,2
17,1,17,30.4,0,1,18,32,26
6,2,6,10.6,0,0,0,21,14
18,3,18,29.7,0,1,0,13,5
5,2,5,6.5,0,0,0,4,8
22,3,22,24.6,0,1,6,9,5
15,5,15,20.4,0,0,18,32,26
5,0,5,14.9,0,0,0,16,8
6,3,6,7.7,0,0,4,50,3
15,1,15,27.8,0,0,0,78,8
13,1,13,9.8,1,2,0,32,5
3,4,3,6.8,0,0,5,9,4
7,2,7,17.2,0,0,32,8,17
11,5,11,10.7,0,0,2,44,3
5,6,5,8.6,0,0,0,3,8
11,2,11,30.8,0,0,0,34,5
15,5,15,16.0,0,0,6,93,5
10,5,10,8.4,0,0,0,5,8
23,5,23,3.8,0,0,0,43,14
4,2,4,3.7,0,0,1,2,6
9,6,9,12.5,0,0,0,54,5
5,2,5,11.0,0,0,2,3,3
6,2,6,1.7,0,0,4,5,3
10,5,10,20.3,0,0,0,13,8
7,5,7,13.1,0,0,0,8,5
18,4,18,6.5,0,0,4,38,3
5,6,5,14.3,0,0,0,5,8
14,3,14,15.3,0,0,4,5,3
15,1,15,18.2,0,0,16,21,8
18,3,18,12.7,0,0,0,13,8
20,0,20,13.8,0,0,2,32,3
13,5,13,23.0,0,0,26,49,13
8,2,8,21.6,0,0,2,16,3
9,5,9,20.0,0,0,18,32,6
7,0,7,15.6,0,0,0,8,8
7,0,7,8.3,0,0,0,8,8
3,1,3,13.1,0,0,1,2,1
15,6,15,22.5,0,0,16,21,8
6,3,6,9.9,0,0,0,7,8
14,0,14,26.0,0,0,4,44,2
6,4,6,11.0,0,0,4,5,3
19,0,19,16.8,1,2,1,2,1
15,6,15,22.9,0,0,0,44,5
11,3,11,19.2,0,0,0,33,5
10,4,10,17.4,0,0,0,7,8
11,2,11,14.9,0,0,19,48,29
8,0,8,11.5,0,0,0,21,0
13,6,13,16.7,0,0,0,29,5
19,5,19,27.1,0,0,2,5,3
16,4,16,15.4,0,0,0,11,8
5,2,5,11.6,0,0,0,7,5
4,1,4,10.0,0,0,2,11,2
12,5,12,17.8,0,0,14,17,13
5,5,5,11.2,0,0,4,10,5
8,6,8,11.8,0,0,7,21,7
18,4,18,14.6,0,0,0,13,8
12,3,12,20.7,0,0,0,34,5
12,0,12,23.2,0,0,0,13,8
10,2,10,11.9,0,0,2,34,3
20,2,20,20.2,0,0,2,33,3
19,4,19,11.0,0,0,4,7,3
16,0,16,35.0,0,0,4,44,2
19,6,19,8.9,0,0,2,54,3
6,5,6,12.5,0,0,0,12,8
12,3,12,11.5,0,0,0,32,5
17,2,17,19.8,0,0,0,44,5
11,3,11,13.4,0,0,0,66,14
3,3,3,12.0,0,0,8,0,9
3,5,3,13.6,0,0,1,2,1
10,5,10,20.9,0,0,0,8,5
7,0,7,10.1,0,0,0,8,8
18,6,18,12.1,0,0,0,21,8
18,6,18,23.1,0,0,20,0,7
11,4,11,13.0,0,0,0,21,8
16,3,16,20.4,0,0,0,34,5
22,5,22,13.4,0,1,9,0,10
17,1,17,27.4,0,0,2,44,2
14,0,14,16.6,0,0,0,9,8
4,5,4,8.4,1,2,2,54,3
15,5,15,20.1,0,0,0,21,8
4,6,4,10.9,0,0,0,4,8
5,1,5,4.6,0,0,4,21,2
7,3,7,14.9,0,0,16,21,5
7,2,7,3.3,0,0,4,21,2
18,1,18,4.0,0,0,0,13,5
23,0,23,12.0,0,0,0,20,14
12,0,12,8.3,0,0,0,5,8
12,0,12,11.0,0,0,0,34,5
11,0,11,10.3,0,0,1,2,1
9,4,9,8.5,0,0,0,8,8
13,0,13,19.0,0,0,0,5,8
23,2,23,10.3,0,0,0,43,14
13,1,13,19.7,0,0,2,36,3
14,5,14,15.4,0,0,0,9,8
10,0,10,11.4,0,0,0,21,14
21,0,21,22.9,0,0,16,21,8
14,3,14,31.5,0,0,0,8,5
13,0,13,12.9,0,0,2,36,2
18,0,18,7.6,0,0,0,61,5
5,0,5,3.6,0,0,4,7,3
6,4,6,8.8,0,0,0,12,8
15,0,15,14.9,0,0,16,10,3
14,4,14,20.6,0,0,29,26,10
8,6,8,10.5,0,0,0,10,5
15,6,15,11.2,0,0,0,78,8
4,4,4,13.2,0,0,2,5,3
5,4,5,5.8,0,0,2,11,2
15,0,15,20.0,0,0,2,13,3
5,0,5,1.9,0,0,10,28,16
15,5,15,27.5,0,0,0,9,8
16,0,16,24.9,0,0,2,44,3
6,6,6,6.4,0,0,0,12,8
20,0,20,10.4,0,0,13,19,13
6,4,6,1.4,0,0,0,68,8
6,2,6,3.4,0,0,2,8,3
16,0,16,25.5,0,0,0,5,8
7,1,7,3.4,0,0,4,13,5
6,0,6,11.9,0,0,5,9,4
12,6,12,12.4,0,0,0,3,8
5,1,5,6.0,0,0,6,9,5
5,1,5,7.7,0,0,2,3,3
5,3,5,10.2,0,0,0,36,8
4,5,4,14.2,0,0,2,4,2
17,2,17,10.4,0,0,0,12,8
8,4,8,2.2,0,0,2,16,3
13,1,13,13.4,0,0,18,32,26
0,0,0,18.3,0,0,18,36,6
10,4,10,10.2,0,0,0,21,0
6,3,6,9.4,0,0,4,3,2
7,1,7,13.8,0,1,0,13,5
6,4,6,4.5,0,0,0,21,14
4,3,4,8.5,0,0,0,5,8
4,2,4,14.6,0,0,0,4,5
9,6,9,8.2,0,0,4,13,5
19,4,19,23.7,0,2,0,3,5
13,1,13,24.6,0,0,0,45,5
12,0,12,12.4,0,0,0,8,5
10,0,10,13.9,0,0,19,13,19
11,5,11,11.3,0,0,1,2,1
5,4,5,14.5,0,0,4,6,3
6,5,6,15.3,0,0,4,21,2
18,4,18,26.3,0,0,0,32,5
17,1,17,13.6,0,0,0,3,8
7,4,7,14.3,0,0,0,13,8
8,3,8,17.1,0,1,17,0,7
12,2,12,22.3,0,0,4,11,2
11,3,11,14.9,0,0,27,36,0
15,0,15,16.9,0,0,0,33,5
23,0,23,9.0,0,0,0,20,14
14,0,14,26.7,0,0,10,51,17
5,2,5,6.8,0,0,4,3,2
16,2,16,21.3,0,0,4,44,3
22,1,22,15.7,0,0,11,0,12
15,1,15,21.7,0,0,0,9,0
13,6,13,19.0,0,0,0,44,8
19,1,19,14.0,0,0,2,54,3
1,1,1,8.5,0,0,1,2,6
8,4,8,4.5,0,0,17,0,7
6,3,6,10.4,1,2,20,7,7
13,6,13,15.3,0,0,7,0,7
12,0,12,22.5,0,0,14,24,9
14,1,14,30.3,0,0,33,62,0
20,5,20,13.2,0,0,0,9,8
11,4,11,12.7,0,0,0,21,8
11,1,11,25.1,1,0,0,3,5
6,5,6,6.6,0,0,0,16,8
5,4,5,8.6,0,0,0,7,5
16,0,16,11.7,0,0,7,0,7
6,5,6,11.9,0,0,2,32,3
19,0,19,11.9,0,0,6,9,5
21,5,21,9.1,0,0,13,19,13
8,2,8,15.9,0,1,17,0,7
7,6,7,15.5,0,1,22,56,4
16,0,16,15.3,0,0,0,33,8
13,5,13,19.9,0,0,4,3,2
12,4,12,14.6,0,0,0,33,8
4,6,4,14.2,0,0,0,11,5
12,2,12,16.7,0,0,0,3,8
15,0,15,23.5,0,0,2,9,3
0,4,0,20.2,0,0,11,23,14
5,4,5,15.4,0,0,4,9,2
8,4,8,4.8,0,0,2,16,3
11,1,11,15.4,0,0,4,8,3
15,6,15,25.7,0,0,0,12,5
19,5,19,28.9,0,0,2,5,3
20,4,20,6.6,0,0,0,36,5
13,6,13,21.1,0,0,4,11,3
9,5,9,15.1,0,0,0,15,5
14,3,14,27.4,0,0,2,13,2
7,6,7,8.1,0,0,0,9,14
23,0,23,10.4,0,0,0,0,0
5,5,5,21.4,0,0,1,2,6
1,1,1,17.7,0,0,15,6,5
5,1,5,12.3,0,0,0,25,8
15,4,15,25.2,0,0,2,12,3
19,6,19,14.2,0,0,18,32,6
5,3,5,16.0,0,0,6,9,15
6,0,6,9.5,0,0,0,3,8
17,1,17,21.2,0,0,4,44,2
13,5,13,19.2,0,0,0,5,8
6,0,6,11.5,0,0,16,21,8
10,2,10,19.9,0,1,2,5,3
5,6,5,18.6,0,0,1,2,6
16,2,16,36.0,0,0,0,5,5
4,1,4,14.1,0,0,2,5,3
14,2,14,29.9,0,0,2,54,3
14,1,14,12.0,0,0,2,33,3
1,6,1,9.3,0,0,23,41,15
4,5,4,13.2,0,0,9,0,7
4,0,4,11.8,0,0,2,5,3
0,4,0,14.2,0,0,23,41,15
12,0,12,22.3,0,0,2,5,3
9,6,9,11.7,0,0,0,53,0
19,6,19,15.5,0,1,2,33,3
5,6,5,5.6,0,0,4,3,2
8,1,8,7.8,0,0,0,10,5
17,2,17,15.4,0,0,16,11,5
4,4,4,9.6,0,0,2,11,2
3,6,3,10.6,0,0,1,2,1
1,6,1,17.7,0,0,1,2,6
15,6,15,16.1,0,0,0,11,8
4,6,4,13.1,0,0,0,11,8
19,2,19,26.7,0,1,2,8,3
3,5,3,6.1,1,2,15,6,14
17,2,17,11.9,0,0,2,7,3
17,3,17,12.0,0,0,0,11,8
4,2,4,10.6,0,0,0,11,8
16,5,16,19.0,0,0,0,21,0
1,3,1,15.9,0,0,1,2,6
19,1,19,21.2,0,0,18,32,26
13,4,13,19.7,0,0,2,36,2
15,6,15,33.3,0,0,29,26,10
12,0,12,26.7,0,0,0,11,5
8,5,8,5.5,0,0,6,9,5
15,1,15,13.9,0,0,0,5,5
11,4,11,13.8,0,0,0,3,8
5,1,5,10.3,0,0,0,3,8
19,1,19,18.0,0,0,2,5,2
19,4,19,24.8,0,0,2,54,3
1,3,1,8.6,0,0,0,1,0
20,0,20,19.6,0,0,2,54,3
6,6,6,11.1,0,0,2,9,2
9,1,9,19.5,0,0,0,53,0
4,2,4,14.6,0,0,2,3,2
16,2,16,14.9,0,0,0,6,14
9,6,9,10.7,0,0,2,7,3
12,1,12,29.1,0,1,26,49,12
0,2,0,12.4,0,0,0,43,14
11,5,11,15.5,0,0,16,21,8
18,1,18,26.3,0,0,10,44,17
21,2,21,6.6,0,0,2,3,2
12,3,12,10.7,0,0,26,49,13
11,2,11,18.2,0,0,17,0,7
16,5,16,21.0,0,0,0,8,8
9,4,9,12.3,0,0,19,111,17
17,0,17,31.9,0,0,7,9,7
18,2,18,10.5,0,0,4,32,3
8,1,8,12.3,0,0,0,44,5
9,5,9,4.5,0,0,10,3,36
21,2,21,12.6,0,0,0,7,8
11,0,11,11.0,0,0,0,0,14
10,0,10,12.4,0,0,0,7,8
19,1,19,5.3,0,0,2,8,3
6,2,6,14.2,0,0,4,11,3
11,2,11,10.4,0,0,0,8,8
11,5,11,14.9,1,0,0,48,7
1,3,1,19.2,0,0,0,25,8
9,4,9,6.5,0,0,0,53,14
12,4,12,11.3,0,0,2,30,3
22,1,22,7.6,0,0,23,41,15
18,1,18,16.8,0,0,0,17,14
12,4,12,20.1,0,0,1,2,1
15,2,15,19.5,0,0,2,45,3
9,5,9,6.9,0,0,2,16,3
6,2,6,11.8,0,0,0,7,8
5,4,5,8.1,0,0,0,27,5
21,5,21,19.5,0,0,2,9,2
4,1,4,11.4,0,0,0,4,8
18,6,18,30.1,0,0,6,9,0
11,6,11,14.1,0,0,2,16,2
17,4,17,15.9,0,0,0,32,5
6,5,6,12.8,0,0,0,8,8
1,5,1,11.9,0,0,0,1,0
15,0,15,13.8,0,0,24,33,23
13,2,13,10.8,0,0,2,36,3
18,6,18,11.9,0,0,0,13,8
4,4,4,8.1,0,0,2,4,2
15,6,15,19.7,0,0,0,44,5
22,2,22,11.3,0,0,11,0,14
20,0,20,14.0,0,0,0,3,5
4,5,4,12.2,0,0,0,11,8
5,3,5,12.6,0,0,1,2,6
23,3,23,17.3,0,0,0,0,14
23,6,23,7.9,0,0,0,20,0
23,5,23,7.8,0,0,0,43,14
11,3,11,19.1,0,0,0,53,0
4,3,4,1.5,0,0,0,7,8
7,3,7,3.7,0,0,7,36,7
4,0,4,14.5,0,0,2,4,3
8,2,8,4.4,0,0,4,5,3
16,2,16,16.9,0,0,6,9,0
7,2,7,6.3,0,0,4,7,3
9,6,9,12.0,0,0,0,9,5
12,3,12,11.2,0,0,2,16,3
7,3,7,9.1,0,0,6,9,15
19,3,19,25.5,0,0,0,61,5
19,1,19,26.1,0,0,0,44,8
5,3,5,12.9,0,0,0,5,8
13,1,13,30.0,0,0,24,47,22
21,6,21,11.5,0,0,4,54,5
13,1,13,9.5,1,2,0,5,8
23,4,23,17.5,0,0,10,7,17
6,4,6,4.6,0,0,15,6,14
20,0,20,14.1,0,0,2,9,2
2,5,2,14.5,0,0,0,1,0
23,0,23,5.4,0,0,0,0,0
1,4,1,17.1,0,0,14,17,13
11,0,11,24.8,0,1,0,16,5
9,2,9,5.9,0,0,0,44,5
23,6,23,11.5,0,0,0,0,0
6,3,6,8.0,0,0,4,7,2
13,1,13,19.9,0,0,0,61,8
5,4,5,11.8,0,0,1,2,6
21,5,21,9.1,0,0,14,24,9
11,3,11,10.6,0,0,0,21,8
6,3,6,9.1,0,0,2,5,3
11,5,11,16.6,0,0,0,21,5
8,6,8,7.9,0,0,0,32,5
20,3,20,18.9,0,0,2,7,3
4,1,4,11.2,0,0,0,16,8
13,6,13,21.7,0,0,0,16,8
6,2,6,12.3,0,0,0,8,5
15,2,15,19.3,0,0,0,5,8
11,1,11,13.6,0,0,0,21,8
11,0,11,11.0,0,0,0,29,8
5,4,5,12.6,0,0,0,9,3
5,1,5,6.4,0,0,2,11,2
5,5,5,15.8,0,0,2,11,5
12,5,12,18.2,0,0,2,33,3
20,3,20,22.4,0,0,0,36,8
4,3,4,12.4,0,0,2,7,3
18,6,18,31.4,0,0,0,33,8
15,5,15,32.0,0,0,2,34,3
14,5,14,27.0,0,0,2,58,3
11,2,11,25.3,0,0,44,48,58
9,0,9,8.5,0,0,18,32,6
11,3,11,25.0,0,0,0,7,8
7,6,7,15.9,0,0,8,6,9
22,3,22,9.5,0,0,11,0,14
18,6,18,10.2,0,0,4,44,5
13,4,13,11.1,0,0,2,54,3
7,1,7,9.1,0,0,0,33,5
12,5,12,25.8,0,0,0,11,8
20,6,20,13.3,0,0,13,19,13
19,4,19,14.7,0,0,6,93,5
0,0,0,19.2,0,0,0,20,14
14,4,14,14.8,0,2,55,48,52
5,6,5,9.7,0,0,4,5,3
17,3,17,27.3,0,0,4,5,2
0,5,0,3.4,0,0,15,6,3
17,6,17,18.3,0,0,0,78,5
22,6,22,17.9,0,0,0,25,8
11,2,11,16.5,0,0,0,25,8
7,3,7,9.8,0,0,0,7,8
5,1,5,11.2,0,0,16,21,8
6,5,6,12.3,0,0,2,9,2
11,3,11,28.3,0,0,0,13,5
7,6,7,19.6,0,0,2,33,2
8,1,8,13.1,0,0,0,29,8
15,6,15,24.8,0,2,0,5,5
17,1,17,27.3,0,0,0,6,9
7,5,7,12.5,0,0,0,5,8
4,0,4,7.3,0,0,0,3,8
11,3,11,18.8,0,1,13,19,54
6,1,6,8.9,0,0,0,8,8
20,5,20,9.2,0,0,0,36,5
7,1,7,11.1,0,0,6,9,5
18,3,18,27.0,0,0,0,16,8
16,5,16,29.9,0,0,2,9,3
17,3,17,13.6,0,0,0,33,5
12,1,12,11.0,0,0,0,34,5
8,1,8,12.5,0,0,0,44,8
8,0,8,16.9,0,0,2,5,3
12,2,12,21.6,0,0,18,32,6
17,6,17,13.4,0,0,0,12,5
10,1,10,20.9,0,0,0,8,8
22,2,22,4.0,0,0,16,21,3
16,5,16,31.5,0,0,4,44,3
6,6,6,8.7,0,0,2,9,2
19,3,19,14.1,0,0,2,5,3
12,5,12,24.5,0,1,0,11,5
6,6,6,12.5,0,0,4,21,2
1,2,1,18.9,0,0,0,37,0
7,2,7,4.4,0,0,0,36,8
5,6,5,10.7,0,0,4,32,3
11,5,11,9.8,0,0,7,0,7
7,3,7,14.7,0,0,0,30,5
22,3,22,9.7,1,2,0,21,8
17,3,17,10.1,0,0,0,3,8
10,1,10,13.4,0,0,4,8,3
16,6,16,26.0,0,0,9,0,18
23,0,23,8.8,0,0,0,20,0
7,6,7,12.2,0,1,30,9,24
4,2,4,2.2,0,0,2,11,2
19,6,19,8.8,0,0,0,17,0
17,3,17,27.4,0,0,2,3,2
12,5,12,27.3,0,0,0,3,5
6,5,6,11.3,0,0,4,12,5
21,2,21,11.2,1,2,0,44,8
6,0,6,0.5,0,0,0,5,8
11,1,11,15.6,0,0,0,7,8
9,6,9,8.4,0,0,0,4,8
11,0,11,15.9,0,0,2,8,3
4,0,4,9.8,0,0,0,3,8
9,4,9,11.9,0,0,2,45,3
13,6,13,15.5,0,0,2,44,2
10,3,10,9.5,0,0,2,13,3
11,3,11,12.2,0,0,14,17,13
17,6,17,18.3,0,0,2,11,3
17,3,17,19.4,0,0,0,33,5
21,4,21,6.8,0,0,0,16,8
15,4,15,23.0,0,0,0,8,5
4,1,4,12.3,0,0,0,27,5
8,3,8,8.3,0,0,0,54,8
18,0,18,12.8,0,0,2,5,3
13,6,13,22.1,0,0,4,5,2
12,1,12,11.0,0,0,0,21,8
5,3,5,15.4,0,0,4,12,5
0,5,0,19.7,0,0,0,6,14
2,4,2,11.6,0,0,1,2,6
20,2,20,25.5,0,0,0,9,8
15,3,15,13.4,0,0,10,83,43
4,5,4,11.7,0,0,0,4,8
3,2,3,15.1,0,0,10,16,11
1,4,1,8.9,0,0,0,1,0
9,6,9,18.7,0,0,0,10,5
0,0,0,14.4,0,0,0,6,14
13,2,13,22.9,0,0,0,61,5
8,3,8,8.4,0,0,2,16,3
7,6,7,17.1,0,0,0,29,5
4,0,4,8.7,0,0,2,4,3
14,3,14,12.9,0,0,7,0,7
15,5,15,32.4,0,0,15,6,3
5,3,5,14.5,0,0,0,5,8
14,4,14,28.0,0,0,4,13,3
5,3,5,18.5,0,0,0,4,8
8,2,8,22.2,0,0,2,33,3
11,2,11,21.4,0,0,0,7,5
6,0,6,11.5,0,0,0,7,5
18,6,18,14.5,0,0,0,32,5
14,1,14,11.2,1,2,6,9,0
5,6,5,5.5,0,0,4,8,3
4,2,4,3.6,0,0,0,25,8
13,6,13,28.3,0,1,18,54,20
6,2,6,12.8,0,0,4,21,2
9,2,9,5.9,0,0,2,13,3
14,6,14,17.1,0,0,4,7,2
6,6,6,9.9,0,0,0,7,5
22,0,22,18.2,0,1,12,18,7
22,6,22,15.1,0,0,4,54,2
21,6,21,17.6,0,0,2,9,2
8,6,8,8.8,0,0,7,21,7
4,0,4,13.1,0,0,2,5,3
23,3,23,8.9,0,0,0,43,14
13,0,13,26.9,0,0,45,147,6
5,1,5,2.4,0,0,2,5,3
12,3,12,32.6,0,1,26,49,12
14,6,14,25.2,0,0,4,21,2
8,0,8,7.2,0,0,0,15,8
17,5,17,27.0,0,0,0,16,5
9,5,9,8.8,0,0,0,32,5
19,3,19,13.2,0,0,0,44,5
17,6,17,14.2,0,0,0,33,5
1,4,1,8.1,0,0,16,21,8
17,2,17,26.3,0,0,0,25,8
13,3,13,17.6,0,0,7,0,7
14,4,14,24.5,0,0,0,5,8
11,0,11,21.8,0,0,0,3,5
18,5,18,14.1,0,0,16,21,3
14,0,14,27.6,0,0,4,7,3
10,3,10,16.1,0,0,0,44,8
13,0,13,25.6,0,0,0,7,8
4,6,4,8.6,0,0,0,25,8
14,2,14,28.3,0,0,2,12,2
15,5,15,31.6,0,0,2,45,3
16,3,16,21.7,0,0,0,9,0
8,6,8,18.0,0,0,2,13,3
0,0,0,6.9,0,0,15,6,15
18,5,18,17.3,0,0,0,33,8
7,2,7,12.5,0,0,0,7,8
5,1,5,13.0,0,0,1,2,6
19,5,19,26.9,0,0,16,21,5
14,1,14,11.8,0,0,0,9,8
10,6,10,17.9,0,0,0,34,5
5,5,5,16.4,0,0,4,10,2
7,1,7,10.0,0,0,0,13,5
11,3,11,15.0,0,0,0,21,0
17,1,17,13.5,0,0,0,44,5
4,4,4,12.4,0,0,0,16,8
8,0,8,8.7,0,0,0,8,8
5,1,5,11.0,0,0,2,8,2
19,0,19,14.0,0,0,0,44,8
16,2,16,11.6,0,0,10,3,17
8,2,8,10.2,0,0,0,44,5
1,2,1,8.5,0,0,15,6,3
14,3,14,12.5,0,0,0,8,8
19,4,19,6.3,0,0,0,8,5
16,4,16,15.8,0,1,40,0,10
15,6,15,25.6,0,0,0,78,5
11,5,11,12.1,0,0,0,16,8
5,0,5,16.8,0,0,4,11,2
13,6,13,22.8,0,0,0,13,8
6,4,6,13.4,0,0,1,2,6
17,6,17,32.9,0,0,0,8,5
10,5,10,13.4,0,0,9,0,18
23,0,23,4.5,0,0,0,20,14
21,2,21,10.7,0,0,2,3,3
14,2,14,20.5,0,0,0,33,8
11,6,11,16.2,0,0,2,16,3
4,0,4,9.9,0,0,0,16,8
6,6,6,7.6,0,0,0,7,8
1,0,1,9.1,0,0,1,2,6
1,3,1,8.5,0,0,0,21,8
17,6,17,20.9,0,0,0,15,8
15,3,15,13.0,0,0,7,9,7
19,1,19,9.7,0,0,2,54,3
11,0,11,24.1,0,0,2,58,2
1,3,1,8.6,0,0,15,6,3
16,6,16,26.0,0,0,2,45,3
6,5,6,9.1,0,0,0,9,5
6,3,6,16.9,0,0,4,32,3
15,2,15,19.0,0,0,4,54,3
21,2,21,7.7,0,0,2,9,2
13,1,13,19.9,0,0,33,62,0
9,5,9,10.8,0,0,0,7,8
0,6,0,9.4,0,0,15,6,3
3,6,3,15.5,0,0,1,2,1
18,3,18,17.8,0,0,0,13,5
5,3,5,2.6,0,0,4,7,5
23,4,23,16.6,0,0,0,0,0
18,3,18,15.8,0,0,0,13,5
11,3,11,10.4,0,0,2,16,3
12,5,12,8.5,0,0,2,7,3
14,0,14,27.2,0,0,4,44,3
13,5,13,29.2,0,0,14,17,13
1,0,1,14.7,0,0,0,1,0
10,4,10,20.7,0,0,0,5,8
11,0,11,14.8,0,0,2,34,3
14,1,14,18.3,0,0,0,34,5
18,0,18,17.2,1,2,0,48,14
5,6,5,14.7,0,0,4,6,3
15,5,15,14.4,0,0,2,7,2
16,6,16,33.6,0,0,0,16,8
5,4,5,9.9,0,0,4,5,2
7,1,7,13.2,0,0,0,44,8
11,6,11,13.0,0,0,1,2,1
5,0,5,16.9,0,0,0,7,5
15,6,15,28.9,0,0,2,58,3
6,2,6,6.4,0,0,2,21,3
14,2,14,11.9,0,0,0,9,5
12,2,12,16.4,0,0,0,13,8
7,6,7,8.3,0,0,4,13,3
14,1,14,24.0,0,0,4,8,3
22,1,22,16.3,0,0,0,21,8
7,0,7,12.8,0,0,0,13,8
22,2,22,18.4,0,1,12,18,7
13,4,13,20.0,0,0,4,13,2
6,4,6,8.1,0,0,2,3,3
6,2,6,8.1,0,0,0,5,8
7,5,7,7.1,0,0,0,4,5
5,4,5,9.5,0,0,4,11,2
19,2,19,23.2,0,0,0,3,5
6,3,6,11.0,0,0,0,8,8
11,0,11,26.4,0,0,0,44,8
4,0,4,11.7,0,0,0,7,5
7,4,7,4.5,0,0,4,5,3
8,5,8,5.4,0,0,0,9,5
16,5,16,30.3,0,0,0,78,8
21,1,21,12.5,0,0,13,19,13
19,6,19,13.6,0,0,0,17,14
20,5,20,11.9,0,0,2,8,3
8,6,8,6.8,0,0,2,5,3
15,0,15,25.3,0,0,0,3,8
15,1,15,17.6,0,0,2,3,3
15,4,15,21.4,0,0,2,13,2
13,6,13,19.8,0,0,26,49,13
4,2,4,9.7,0,0,0,12,8
17,3,17,27.1,0,0,0,8,8
6,2,6,9.5,0,0,0,8,8
6,1,6,11.0,0,0,7,26,7
6,5,6,9.2,0,0,0,3,5
20,3,20,20.5,0,0,0,44,8
23,2,23,18.0,0,1,12,18,7
11,0,11,9.7,0,0,14,17,13
10,2,10,9.5,0,0,1,2,1
23,4,23,12.6,0,0,11,0,14
21,4,21,23.7,0,1,2,9,2
6,3,6,12.2,0,0,2,9,3
5,1,5,8.3,0,0,0,27,5
20,5,20,9.6,0,0,4,8,3
17,6,17,13.8,0,0,18,32,6
17,2,17,6.8,1,0,0,5,8
6,0,6,12.0,0,0,0,5,8
12,6,12,30.6,0,0,26,49,13
23,1,23,4.1,0,0,0,0,0
12,4,12,10.1,0,0,0,32,5
11,0,11,22.0,0,0,0,5,8
11,6,11,19.0,0,0,4,9,5
19,3,19,21.5,0,0,4,7,2
20,0,20,21.6,0,0,0,3,8
18,6,18,24.7,0,0,2,33,2
12,0,12,11.0,0,0,0,3,8
10,4,10,11.1,0,0,0,13,8
7,2,7,6.5,0,0,17,0,7
17,2,17,26.3,0,0,0,21,0
13,6,13,26.5,0,0,14,17,13
11,0,11,15.5,0,0,2,16,2
10,1,10,23.2,0,1,0,34,5
6,2,6,5.8,0,0,0,5,8
13,1,13,11.3,0,0,0,13,8
4,2,4,12.2,0,0,0,4,8
18,1,18,27.9,0,0,2,4,2
7,6,7,12.9,0,0,0,36,8
21,1,21,14.3,0,0,2,5,3
21,2,21,15.3,0,0,63,61,26
17,1,17,27.8,0,0,0,12,8
6,0,6,13.2,0,0,4,5,2
18,2,18,6.6,0,0,16,21,5
23,1,23,18.3,0,0,13,19,13
13,2,13,22.5,0,0,0,8,5
5,3,5,8.5,0,0,2,9,2
8,6,8,5.3,0,0,2,16,3
17,1,17,11.1,1,2,2,13,3
19,1,19,7.3,0,0,2,32,3
1,5,1,14.3,0,0,0,1,0
16,4,16,16.0,0,0,4,44,3
7,2,7,15.3,0,0,0,7,8
0,0,0,15.1,0,0,0,43,14
1,2,1,18.5,0,0,15,6,3
18,4,18,15.3,0,0,0,33,5
5,6,5,7.7,0,0,4,7,3
17,6,17,16.9,0,0,2,12,3
21,6,21,9.1,0,0,0,25,5
10,0,10,11.3,0,0,0,7,8
15,2,15,14.3,0,0,10,74,31
4,6,4,4.4,0,0,0,5,8
12,5,12,17.8,0,0,0,30,5
10,1,10,11.0,0,0,2,34,3
17,5,17,17.2,0,0,0,11,8
5,1,5,13.2,0,0,0,3,8
9,2,9,10.0,0,0,0,29,8
12,3,12,20.6,0,0,0,8,8
23,0,23,12.7,0,0,7,26,7
7,3,7,7.3,0,0,2,3,2
17,4,17,31.5,0,0,2,5,2
6,2,6,6.2,0,0,2,5,3
1,5,1,7.0,0,0,0,1,0
9,6,9,19.1,0,0,10,51,17
20,6,20,9.3,0,0,6,9,5
6,4,6,16.5,0,0,0,12,8
14,6,14,17.3,0,0,15,6,3
16,3,16,18.0,0,0,0,11,8
7,1,7,7.7,0,0,0,36,8
0,1,0,15.0,0,0,0,43,14
7,6,7,11.8,0,0,0,25,8
9,4,9,8.4,0,0,10,129,17
4,1,4,11.1,0,0,2,3,3
5,3,5,11.3,0,0,0,52,5
13,3,13,22.5,0,0,4,16,3
12,4,12,21.6,0,0,26,49,13
5,6,5,7.1,0,0,2,3,3
6,2,6,9.5,0,0,0,5,8
8,0,8,8.7,0,0,18,32,26
12,3,12,23.8,0,0,0,7,8
16,2,16,21.6,0,0,16,21,5
23,3,23,6.2,0,0,0,0,14
15,0,15,23.2,0,0,2,33,2
7,6,7,7.7,0,0,0,36,5
1,6,1,13.9,0,0,0,1,0
6,4,6,14.6,0,0,2,8,3
23,2,23,20.5,0,0,13,19,13
6,0,6,6.8,0,0,4,3,3
6,1,6,9.1,0,0,4,7,5
16,4,16,17.2,0,0,6,93,5
17,0,17,25.8,0,0,2,16,3
21,6,21,10.6,0,0,0,4,5
13,4,13,17.7,0,0,0,32,5
11,3,11,30.4,0,0,0,33,8
0,0,0,7.3,0,0,0,6,14
23,6,23,9.5,0,0,0,22,14
8,2,8,14.9,0,1,7,0,7
8,3,8,9.3,0,0,0,53,14
7,3,7,12.6,0,0,0,13,8
5,0,5,11.6,0,0,4,12,5
18,2,18,23.8,0,0,0,33,8
2,0,2,2.1,0,0,8,0,9
7,5,7,16.0,0,0,0,45,5
13,4,13,14.3,0,0,0,61,8
10,6,10,6.1,0,0,10,33,17
19,3,19,8.9,0,0,0,17,0
9,2,9,16.6,0,0,0,8,5
22,2,22,4.3,0,0,11,0,14
15,5,15,17.4,0,0,15,6,3
6,5,6,11.9,0,0,1,2,6
21,2,21,18.0,0,0,0,3,8
16,3,16,32.0,0,0,2,3,2
6,1,6,8.3,0,0,2,9,2
13,4,13,16.5,0,0,2,36,3
5,2,5,4.5,0,0,0,3,8
9,3,9,22.0,0,0,0,43,14
18,4,18,12.0,0,0,0,15,5
21,4,21,9.2,0,0,13,19,13
10,3,10,9.3,0,0,10,59,55
21,2,21,27.7,0,1,0,25,8
1,0,1,11.6,0,0,1,2,1
12,5,12,13.8,0,0,2,3,3
5,5,5,5.1,0,0,4,11,2
8,4,8,13.9,0,0,0,9,0
11,0,11,27.3,0,0,0,44,5
16,6,16,25.8,0,0,0,8,8
13,2,13,16.1,0,0,2,3,3
17,1,17,26.1,0,0,0,5,8
3,2,3,10.7,0,0,1,2,1
12,4,12,13.9,0,0,0,13,8
5,5,5,16.0,0,0,0,11,8
13,4,13,21.5,0,0,28,55,0
7,1,7,6.6,0,0,2,7,2
17,4,17,13.7,0,0,4,32,3
15,2,15,14.4,0,0,4,5,3
11,3,11,21.7,0,0,2,34,3
16,2,16,19.5,0,0,2,44,3
17,3,17,10.9,0,0,0,33,5
15,1,15,28.8,0,0,0,5,8
22,2,22,7.4,0,0,0,36,5
4,6,4,16.8,0,0,0,12,5
8,0,8,5.8,0,0,0,33,5
9,1,9,9.7,0,0,2,7,3
7,1,7,13.3,0,1,0,13,5
0,6,0,18.6,0,0,0,6,14
21,5,21,11.5,0,0,0,9,8
14,5,14,28.4,0,0,88,98,87
11,5,11,22.4,0,0,0,7,8
1,5,1,11.5,0,0,23,41,5
6,1,6,10.9,0,0,0,3,8
9,3,9,7.8,0,0,0,8,8
5,2,5,11.0,0,0,0,5,5
11,6,11,11.5,0,0,14,17,13
5,5,5,1.2,0,0,0,3,8
1,0,1,15.4,0,0,1,2,6
2,0,2,10.6,0,0,1,2,1
18,1,18,11.8,0,0,16,11,8
17,4,17,15.0,0,0,2,34,3
2,0,2,16.4,0,0,9,0,10
10,5,10,14.2,0,0,2,16,2
5,4,5,7.0,0,0,6,9,5
10,3,10,9.5,0,0,2,13,2
5,3,5,16.9,0,0,9,0,10
1,1,1,8.9,0,0,23,41,15
21,2,21,8.5,0,0,11,0,14
12,1,12,11.5,0,0,16,21,8
19,3,19,8.8,0,0,0,8,8
14,4,14,29.0,1,0,0,48,7
5,1,5,12.2,0,0,4,10,2
4,5,4,12.3,0,0,0,25,5
11,5,11,17.6,0,0,2,13,2
10,6,10,22.4,0,1,7,0,7
7,6,7,9.4,0,0,0,8,5
11,6,11,22.5,0,0,0,5,8
13,5,13,22.8,0,0,4,36,3
6,5,6,11.7,0,0,0,8,8
5,6,5,16.7,0,0,0,11,8
0,1,0,17.0,0,0,11,23,14
5,6,5,8.8,0,0,4,11,2
10,0,10,8.6,0,0,0,13,5
20,5,20,12.3,0,0,2,9,2
16,4,16,20.4,0,0,19,35,44
7,6,7,4.8,0,0,30,9,35
5,4,5,15.2,0,0,0,42,5
17,1,17,15.4,0,0,0,13,8
13,2,13,17.7,0,1,0,61,5
21,1,21,13.2,0,0,0,4,8
5,1,5,16.2,0,0,0,3,5
4,6,4,10.7,0,0,9,0,18
18,0,18,10.9,0,0,4,16,3
10,3,10,8.8,0,0,2,16,2
18,1,18,13.6,0,0,16,21,8
4,5,4,8.4,0,0,2,6,3
14,3,14,15.2,0,0,16,21,5
5,1,5,11.2,0,0,4,3,3
5,2,5,7.1,0,0,0,12,8
13,2,13,14.4,0,0,2,36,3
16,6,16,35.3,0,0,2,151,3
19,2,19,12.9,0,0,2,4,3
16,1,16,11.1,1,2,0,44,8
16,5,16,18.2,0,0,0,17,0
10,0,10,11.7,0,0,2,34,3
13,2,13,15.3,0,0,0,3,5
6,2,6,9.4,0,0,2,32,3
8,4,8,9.8,0,0,0,11,8
6,2,6,12.3,0,0,0,45,5
20,3,20,9.9,0,0,2,4,2
5,0,5,16.7,0,0,10,28,16
8,1,8,13.1,0,0,2,16,3
1,2,1,16.7,0,0,1,2,6
17,6,17,15.3,0,0,0,25,8
15,2,15,25.4,0,0,16,21,8
17,5,17,12.7,0,0,0,44,8
21,2,21,14.9,0,0,13,19,13
18,2,18,9.2,0,0,0,13,8
8,2,8,8.9,0,0,0,9,8
14,2,14,30.0,0,1,0,9,5
0,4,0,14.5,0,0,2,21,3
20,5,20,9.8,1,2,0,36,8
7,4,7,3.7,0,0,0,8,8
0,3,0,8.9,0,0,1,2,6
21,4,21,19.4,1,0,4,5,2
16,5,16,16.3,0,0,0,3,8
21,6,21,16.0,0,0,0,54,5
21,3,21,14.6,0,0,0,3,8
7,1,7,14.0,0,0,0,21,0
20,3,20,7.2,0,0,0,5,5
8,3,8,13.7,0,0,0,8,8
19,3,19,10.0,0,0,2,5,3
15,3,15,33.0,0,0,0,9,5
6,5,6,10.6,0,0,0,8,8
6,2,6,9.7,0,0,0,12,8
13,3,13,29.4,0,1,26,49,12
0,6,0,9.4,0,0,2,21,3
23,1,23,7.2,0,0,2,21,3
5,0,5,13.2,0,0,4,10,2
8,1,8,9.1,0,0,2,11,2
11,4,11,7.2,0,0,0,34,5
5,4,5,13.1,0,0,0,7,8
6,3,6,8.4,0,0,16,21,8
13,4,13,16.6,0,0,4,13,3
18,6,18,31.3,0,0,0,8,8
1,4,1,9.0,0,0,0,6,14
16,6,16,29.4,0,0,16,21,8
21,1,21,14.9,0,0,6,9,5
4,6,4,8.0,0,0,1,2,1
20,6,20,21.1,0,0,4,32,3
1,0,1,8.3,0,0,0,21,8
11,0,11,22.0,0,1,7,26,7
2,0,2,13.4,0,0,1,2,6
5,2,5,9.7,0,0,0,5,8
13,4,13,21.9,0,0,2,5,2
4,4,4,12.2,0,0,0,11,8
11,1,11,28.5,0,0,2,34,3
13,5,13,27.6,0,0,0,7,5
16,5,16,31.6,0,0,0,12,8
21,2,21,15.2,0,0,0,17,0
17,5,17,10.1,0,0,2,4,3
13,5,13,15.9,0,0,0,61,8
15,3,15,15.9,1,0,0,30,5
19,3,19,22.5,0,0,0,32,5
7,4,7,14.3,0,0,0,7,8
18,3,18,12.5,0,0,0,8,8
23,0,23,14.9,0,0,0,20,14
9,0,9,11.6,0,0,9,0,18
13,4,13,17.6,0,0,0,7,8
16,5,16,26.6,0,0,0,6,14
12,1,12,23.5,0,0,18,32,6
20,4,20,10.8,0,0,2,4,3
21,6,21,8.3,0,0,3,6,4
5,5,5,14.7,0,0,4,11,2
8,5,8,13.0,0,0,0,44,8
8,3,8,8.3,0,0,18,32,6
7,2,7,7.6,0,0,0,16,8
16,4,16,27.4,0,0,2,33,2
8,2,8,12.9,0,0,0,10,5
16,6,16,29.7,0,0,0,11,8
14,4,14,27.5,0,0,10,21,34
11,5,11,19.1,0,0,0,7,8
6,3,6,0.9,0,0,4,7,2
6,0,6,9.5,0,0,0,16,8
14,2,14,24.5,0,0,15,6,3
4,6,4,7.5,0,0,2,11,2
13,6,13,18.4,0,0,7,0,7
8,1,8,6.1,0,0,0,33,5
5,4,5,8.2,0,0,6,9,5
1,1,1,13.0,0,0,0,37,0
11,1,11,14.6,0,0,4,3,3
10,6,10,17.6,0,0,2,45,3
6,0,6,7.5,0,0,4,7,2
23,0,23,8.5,0,0,0,43,14
23,4,23,16.5,0,0,0,22,0
16,5,16,14.9,0,0,0,32,5
8,3,8,6.2,0,0,17,0,7
5,2,5,4.7,0,0,0,4,5
8,2,8,20.9,0,0,2,8,3
16,4,16,20.1,0,0,2,8,3
8,5,8,13.3,0,0,2,13,3
10,3,10,9.3,0,0,0,25,8
9,4,9,7.6,0,0,2,3,3
7,1,7,13.1,0,0,24,47,30
13,2,13,28.0,0,0,14,24,9
5,3,5,12.0,0,0,2,11,2
16,3,16,32.2,0,1,7,41,7
5,0,5,3.4,0,0,0,7,8
12,4,12,14.4,0,0,0,11,8
8,2,8,15.3,0,0,0,10,5
13,2,13,19.0,0,0,0,25,8
22,6,22,10.0,0,0,2,16,3
15,1,15,27.8,0,0,2,13,3
12,0,12,23.1,0,0,20,0,7
0,0,0,13.6,0,0,15,6,3
8,4,8,16.0,0,0,7,0,7
0,4,0,14.7,0,0,10,8,11
5,6,5,5.4,0,0,4,21,3
21,4,21,10.2,0,0,0,3,8
20,5,20,14.7,0,0,2,8,3
18,6,18,19.6,0,0,0,44,8
4,1,4,5.5,0,0,2,7,3
12,0,12,16.1,0,0,0,7,8
4,2,4,15.6,0,0,0,4,8
16,0,16,21.9,0,0,0,44,8
5,4,5,8.5,0,0,0,7,8
22,5,22,6.6,0,0,14,17,13
5,5,5,13.1,0,0,9,0,7
9,5,9,9.4,0,0,2,16,2
4,3,4,9.1,0,0,2,11,2
5,5,5,12.7,0,0,2,11,2
5,3,5,0.7,0,0,4,7,5
17,2,17,21.3,0,0,2,33,3
18,0,18,25.7,0,0,0,13,5
4,3,4,3.3,0,0,1,2,6
12,3,12,26.2,0,1,18,54,20
19,0,19,13.4,0,0,2,3,3
20,1,20,7.5,0,0,0,3,8
9,3,9,12.4,0,0,0,7,5
2,1,2,16.5,0,0,0,62,0
12,4,12,13.8,0,0,0,32,5
17,6,17,24.9,0,0,2,44,2
0,6,0,8.8,0,0,0,1,0
9,3,9,23.2,0,0,0,10,5
1,5,1,15.2,0,0,1,2,6
9,1,9,12.1,0,0,0,9,8
6,3,6,5.7,0,0,0,7,5
22,6,22,4.6,0,0,18,32,6
19,0,19,10.0,0,0,2,32,3
13,6,13,27.3,0,1,28,55,0
8,6,8,2.0,0,0,6,9,5
16,5,16,27.4,0,0,2,7,3
20,3,20,20.2,0,0,0,25,5
7,3,7,10.3,0,0,2,16,3
7,5,7,6.3,0,0,0,16,8
15,6,15,21.0,0,0,0,45,5
16,2,16,11.7,0,0,4,5,2
1,1,1,13.8,0,0,23,41,15
8,1,8,12.0,0,0,0,33,5
5,5,5,12.7,0,0,0,4,8
5,1,5,13.6,0,0,4,6,3
8,1,8,13.0,0,0,0,10,5
7,4,7,12.0,0,0,10,53,34
10,0,10,14.1,0,0,0,7,8
5,2,5,8.2,0,0,4,7,2
8,4,8,16.0,0,1,0,25,5
20,3,20,16.8,0,1,2,4,3
11,2,11,21.2,0,0,0,21,5
9,5,9,9.6,0,0,27,36,0
17,6,17,24.8,0,0,0,44,5
9,2,9,10.0,0,0,0,53,0
11,0,11,10.3,0,0,0,5,8
19,2,19,11.9,0,0,0,8,8
7,3,7,7.4,0,0,4,5,3
11,3,11,11.7,0,0,0,29,8
4,2,4,12.0,0,0,2,7,3
16,0,16,19.0,0,0,9,0,18
12,0,12,18.1,0,0,0,32,5
13,3,13,13.8,0,0,0,5,8
19,1,19,27.4,0,0,0,32,5
5,2,5,10.2,0,0,1,2,6
16,0,16,9.9,0,0,0,32,5
7,5,7,14.7,0,0,0,13,8
5,6,5,16.0,0,0,2,7,3
6,1,6,9.5,0,0,6,9,5
7,0,7,9.8,0,0,0,7,5
14,6,14,33.1,0,0,0,13,8
7,0,7,7.5,0,0,4,14,3
13,2,13,29.5,0,0,2,5,2
22,6,22,8.2,0,0,16,21,2
22,3,22,21.9,0,1,12,18,7
5,0,5,4.9,0,0,0,7,8
21,4,21,6.1,0,0,11,0,14
10,1,10,24.7,0,0,0,44,8
8,3,8,9.6,0,0,0,10,5
1,2,1,8.7,0,0,0,37,0
7,4,7,7.7,0,0,0,29,8
5,0,5,9.2,0,0,1,2,6
1,2,1,16.5,0,0,0,37,0
15,0,15,12.2,0,0,0,5,8
17,0,17,24.4,0,0,2,12,2
13,5,13,16.7,0,0,7,0,7
6,2,6,15.2,0,0,0,25,8
11,6,11,13.3,0,0,14,17,13
14,0,14,18.9,0,1,0,33,5
19,4,19,24.6,0,0,2,4,2
15,4,15,15.5,0,0,6,93,5
17,3,17,25.5,0,0,0,32,5
6,5,6,5.3,0,0,16,21,8
8,4,8,15.3,0,0,0,32,5
10,0,10,16.3,0,0,10,85,19
5,1,5,6.5,0,0,4,3,3
5,3,5,14.9,0,0,2,11,5
14,1,14,27.1,0,0,20,0,7
12,5,12,12.2,0,0,0,32,5
6,4,6,6.9,0,0,16,21,2
21,1,21,12.8,0,0,2,9,2
3,6,3,13.6,0,0,1,2,1
13,0,13,29.3,0,0,2,36,3
0,0,0,5.7,0,0,1,2,6
7,0,7,7.6,0,0,0,7,8
16,2,16,11.5,0,0,0,8,5
8,1,8,5.4,0,0,4,21,5
12,1,12,15.9,0,0,52,48,53
4,1,4,1.7,0,0,2,8,3
9,5,9,18.6,0,0,0,53,0
4,1,4,10.3,0,0,10,5,11
9,1,9,6.4,0,0,0,25,8
6,4,6,7.5,0,0,16,21,2
15,0,15,28.1,0,0,10,41,16
5,0,5,5.7,0,0,0,7,8
13,6,13,32.1,0,0,33,62,0
12,4,12,26.4,0,0,1,2,1
5,1,5,11.1,0,0,4,10,2
7,2,7,5.3,0,0,0,44,8
1,6,1,16.0,0,0,0,1,0
16,2,16,7.2,0,0,4,44,2
21,3,21,18.4,0,0,25,46,14
5,6,5,7.4,0,0,1,2,6
16,2,16,13.4,0,0,0,8,5
5,6,5,11.1,0,0,2,11,2
15,2,15,31.4,0,0,2,3,2
6,1,6,8.9,0,0,4,21,3
2,6,2,18.7,0,0,1,2,6
4,2,4,16.3,0,0,0,7,5
0,3,0,11.5,0,0,15,6,3
14,3,14,30.2,0,1,9,0,18
12,1,12,21.2,0,0,26,49,13
9,6,9,8.2,0,0,4,13,3
9,1,9,21.0,0,0,0,9,5
17,6,17,15.7,0,0,0,33,5
11,5,11,14.0,0,0,4,63,3
5,4,5,8.5,0,0,2,7,3
19,3,19,10.9,0,0,0,17,0
13,6,13,22.3,0,0,0,44,8
17,4,17,6.9,0,0,0,21,8
7,6,7,5.3,0,0,0,7,8
18,0,18,8.4,0,0,2,44,3
12,5,12,27.7,0,0,0,21,8
17,6,17,12.4,0,0,6,9,0
15,3,15,27.2,0,0,6,9,5
22,0,22,22.1,1,0,0,48,14
16,1,16,19.8,0,0,0,11,8
19,5,19,12.4,0,0,16,21,8
15,4,15,12.2,0,0,0,21,8
5,1,5,13.8,0,0,4,3,5
22,3,22,19.0,0,0,2,9,2
7,3,7,11.2,0,0,0,8,5
9,2,9,17.4,0,0,2,5,3
10,2,10,7.8,0,0,2,5,3
14,1,14,16.2,0,0,4,3,3
17,5,17,12.0,0,0,0,44,8
13,0,13,12.8,0,0,0,13,5
19,0,19,15.9,0,0,4,32,5
14,1,14,19.1,0,0,2,44,3
21,5,21,11.7,0,0,14,24,9
14,2,14,16.5,0,0,2,44,3
7,0,7,6.6,0,0,15,6,14
20,0,20,22.8,0,0,0,36,8
8,6,8,15.8,0,0,2,13,3
1,3,1,11.8,0,0,16,21,8
11,3,11,14.1,0,0,0,13,8
4,1,4,10.0,0,0,0,12,8
15,1,15,14.3,0,0,2,44,3
6,1,6,6.0,0,0,15,6,14
19,0,19,17.6,0,0,0,44,5
22,0,22,11.5,0,0,2,9,2
7,2,7,12.4,0,0,0,7,8
7,5,7,9.9,0,0,0,13,8
15,4,15,30.7,0,0,15,6,3
5,4,5,16.2,0,0,4,11,2
13,6,13,14.5,0,0,0,29,8
18,5,18,25.1,0,0,16,21,5
9,6,9,15.8,0,0,0,21,8
23,6,23,13.8,0,0,2,21,3
6,6,6,6.7,0,0,15,6,14
13,0,13,15.3,0,0,7,26,7
12,4,12,11.7,0,0,0,5,5
17,5,17,31.7,0,0,0,16,8
16,1,16,4.7,0,0,4,7,3
23,2,23,13.4,0,0,35,43,14
13,3,13,14.7,0,0,2,5,2
17,4,17,21.4,0,0,2,44,3
8,5,8,7.1,0,0,0,21,8
19,3,19,23.8,0,0,2,54,3
18,3,18,11.7,0,0,0,21,5
15,2,15,25.7,0,0,0,78,5
18,6,18,24.2,0,0,0,33,5
15,3,15,28.0,0,0,10,5,17
12,1,12,15.2,0,0,0,13,8
7,1,7,5.6,0,0,4,7,3
5,6,5,8.8,0,0,0,4,8
8,3,8,15.1,0,0,10,130,34
0,5,0,9.8,0,0,1,2,6
16,2,16,22.7,0,0,4,7,5
16,5,16,26.6,0,0,0,7,8
8,3,8,18.4,0,1,0,32,5
11,3,11,13.0,0,0,0,53,14
17,3,17,20.4,0,0,2,3,3
7,5,7,6.7,0,0,2,30,3
10,0,10,18.9,0,0,0,3,8
16,5,16,18.7,0,0,0,45,5
21,1,21,20.6,0,0,2,8,3
0,6,0,18.5,0,0,0,6,14
23,3,23,15.3,0,0,16,21,8
9,3,9,8.7,0,0,10,45,16
8,1,8,5.4,0,0,16,21,8
17,3,17,22.5,0,0,7,9,7
21,0,21,18.1,0,0,2,7,2
21,3,21,20.1,0,0,2,8,3
1,0,1,9.3,0,0,0,1,0
5,5,5,5.2,0,0,0,52,5
7,5,7,8.4,0,0,2,16,3
8,0,8,4.7,0,0,0,33,5
8,5,8,3.2,0,0,0,13,5
0,5,0,4.7,0,0,0,22,0
23,5,23,14.9,0,0,12,18,7
18,3,18,32.2,0,0,2,54,3
12,0,12,19.4,0,0,1,2,1
8,4,8,12.4,0,0,0,44,5
9,2,9,5.8,0,0,0,53,0
10,1,10,12.7,0,0,0,7,8
8,2,8,2.4,0,0,0,5,8
14,3,14,15.3,0,0,2,5,2
23,4,23,13.5,0,0,0,20,14
8,4,8,7.4,0,0,0,3,8
14,2,14,14.4,0,0,16,21,8
21,4,21,6.7,0,0,0,8,5
13,2,13,17.9,0,0,0,9,5
20,2,20,6.7,0,0,2,5,3
8,5,8,18.2,0,0,0,73,5
5,0,5,13.2,0,0,2,3,3
11,2,11,14.6,0,0,2,30,3
6,4,6,8.4,1,2,11,0,14
5,3,5,9.3,0,0,0,5,8
13,0,13,23.9,0,0,0,7,8
19,2,19,8.7,0,0,0,7,8
16,6,16,21.6,0,0,0,21,8
7,5,7,12.4,0,0,2,16,3
17,2,17,30.6,0,0,4,5,2
16,6,16,10.3,0,0,4,50,5
13,3,13,22.8,0,0,2,33,3
5,0,5,10.7,0,0,0,5,8
7,0,7,11.9,0,1,15,6,14
9,2,9,14.2,0,0,16,21,8
6,0,6,7.0,0,0,0,7,5
5,5,5,12.1,0,0,2,11,2
0,2,0,8.6,0,0,0,25,5
5,2,5,12.8,0,0,0,7,8
6,2,6,9.7,0,0,0,8,8
5,0,5,16.1,0,0,1,2,6
21,0,21,15.0,0,0,0,3,5
12,5,12,25.0,0,0,0,11,5
12,3,12,14.0,0,0,0,8,8
5,3,5,8.5,0,0,4,11,2
15,6,15,15.4,0,0,4,14,3
15,3,15,24.6,0,0,16,10,3
13,0,13,18.1,0,0,2,36,3
16,2,16,21.9,0,0,0,21,0
4,4,4,13.8,0,0,0,16,5
16,3,16,17.0,0,0,0,17,14
14,3,14,26.1,0,0,2,13,2
10,0,10,10.7,0,0,17,0,7
11,0,11,21.1,0,0,2,30,3
14,1,14,14.6,0,0,4,7,3
14,6,14,25.1,0,0,0,9,8
12,3,12,23.0,0,0,1,2,1
2,1,2,14.4,0,0,16,21,8
17,3,17,27.2,0,0,0,3,8
21,3,21,11.3,0,0,2,8,2
21,2,21,18.2,0,0,0,5,5
15,2,15,21.3,0,0,2,5,3
0,5,0,20.1,0,0,13,19,13
8,5,8,12.7,0,0,0,13,8
0,6,0,16.3,0,0,0,6,9
18,5,18,16.1,0,0,0,25,5
5,5,5,5.0,0,0,0,11,5
16,0,16,17.8,0,0,0,44,5
6,2,6,4.6,0,0,24,3,22
15,6,15,11.3,0,0,28,55,0
7,1,7,9.8,0,0,10,100,57
19,5,19,28.9,0,0,10,39,17
17,0,17,17.7,0,0,2,12,2
6,1,6,5.1,0,0,15,6,3
15,2,15,14.9,0,0,0,78,5
11,5,11,15.8,0,0,14,17,13
23,5,23,13.0,0,0,14,17,13
1,4,1,8.4,0,0,0,6,14
6,0,6,5.9,0,0,24,47,23
7,6,7,11.0,0,0,0,7,8
5,4,5,15.2,0,0,0,25,5
6,2,6,15.1,0,0,0,42,5
7,0,7,14.1,0,0,0,8,8
18,5,18,13.7,0,0,0,33,8
13,3,13,17.4,0,0,0,5,8
19,4,19,15.1,0,0,9,26,18
16,6,16,25.8,0,0,29,26,10
14,0,14,12.1,0,0,16,21,8
16,1,16,16.4,0,0,0,17,14
18,2,18,14.3,0,0,4,32,3
12,0,12,25.7,0,0,0,44,8
19,3,19,23.6,0,0,2,16,2
11,2,11,15.3,0,0,0,34,5
18,5,18,17.1,0,0,16,11,3
19,2,19,24.3,0,0,4,5,3
11,1,11,13.6,0,0,2,16,2
4,3,4,8.3,0,0,0,4,8
8,0,8,4.3,0,0,10,100,28
23,1,23,12.6,0,0,0,22,14
16,1,16,16.5,0,0,4,5,2
20,2,20,10.9,0,0,0,9,5
8,4,8,9.3,0,0,2,16,3
1,0,1,19.3,0,0,0,37,0
15,1,15,12.2,0,0,2,58,3
17,5,17,13.7,0,0,16,21,2
16,1,16,10.4,0,0,0,17,14
20,5,20,24.4,0,0,0,9,8
8,1,8,18.2,0,0,0,32,5
7,0,7,6.7,0,0,0,13,5
11,5,11,13.2,0,0,0,7,5
21,0,21,5.8,0,0,2,4,2
14,2,14,19.3,0,0,4,21,2
13,0,13,23.4,0,0,2,7,3
18,1,18,11.1,0,0,4,44,2
15,2,15,29.0,0,0,0,44,5
20,6,20,23.3,0,0,0,25,8
7,3,7,9.0,0,0,0,44,8
18,2,18,17.1,0,0,0,61,5
11,1,11,13.1,0,0,0,0,0
11,5,11,20.8,0,0,0,5,5
10,3,10,24.9,0,0,2,34,3
7,1,7,5.7,0,0,17,0,7
7,6,7,5.3,0,0,4,13,3
5,0,5,8.4,0,0,6,9,5
1,4,1,8.6,0,0,1,2,6
13,4,13,22.7,0,0,14,17,13
6,5,6,7.8,0,0,2,9,2
8,1,8,5.2,0,0,4,5,3
1,1,1,16.9,0,0,0,21,5
7,4,7,12.3,0,0,0,45,5
16,0,16,30.6,0,0,16,10,8
21,6,21,11.5,0,0,2,7,2
11,1,11,11.2,0,0,0,53,14
16,6,16,35.5,0,0,0,33,5
14,2,14,24.0,0,0,0,7,8
4,3,4,14.0,0,0,2,5,3
15,1,15,30.5,0,0,0,33,8
9,3,9,11.3,0,0,0,15,8
9,6,9,12.2,0,0,7,0,7
1,2,1,5.0,0,0,4,7,5
14,5,14,16.1,0,0,18,32,6
11,2,11,11.0,0,0,1,2,1
5,1,5,14.6,0,0,4,11,3
23,6,23,8.7,0,0,2,21,3
6,5,6,12.4,0,0,20,21,7
10,5,10,7.5,0,0,2,16,3
4,0,4,10.9,0,0,0,5,8
15,2,15,28.6,0,0,0,9,8
14,1,14,21.2,0,0,0,34,5
21,0,21,19.3,0,0,0,17,0
7,4,7,10.0,0,0,10,34,17
11,3,11,9.3,0,0,0,3,8
6,5,6,10.8,0,0,0,25,5
1,4,1,20.1,0,0,14,17,13
7,3,7,3.9,0,0,0,8,8
5,4,5,13.6,0,0,6,9,15
4,0,4,6.7,0,0,0,5,5
19,2,19,19.2,0,0,2,54,3
15,1,15,27.6,0,0,2,33,3
15,5,15,21.9,0,0,0,11,8
10,1,10,20.2,0,0,0,25,8
12,2,12,21.6,0,0,0,11,5
19,1,19,10.4,0,0,16,21,8
7,4,7,4.4,0,0,0,5,8
7,1,7,7.4,0,0,0,36,8
9,2,9,14.2,0,0,0,9,8
11,3,11,22.1,0,0,0,5,5
9,4,9,21.2,0,1,0,13,5
6,3,6,8.8,0,0,2,3,3
15,2,15,13.7,0,0,2,44,3
21,2,21,15.6,0,0,0,17,0
9,1,9,7.1,0,0,0,8,5
2,5,2,14.6,0,0,7,21,7
5,5,5,13.1,0,0,4,6,3
9,4,9,20.7,0,0,0,21,8
6,0,6,5.1,0,0,0,3,5
5,3,5,8.7,0,0,9,0,10
9,3,9,20.5,0,0,0,42,5
7,4,7,8.8,0,0,0,8,8
19,1,19,25.8,0,0,4,44,3
7,3,7,13.6,0,1,0,45,5
20,3,20,12.6,0,0,0,17,0
23,1,23,7.0,0,0,0,43,14
17,1,17,19.0,0,0,2,3,3
22,2,22,6.8,0,0,2,21,3
5,4,5,7.1,0,0,4,21,2
8,1,8,12.5,0,0,10,150,17
9,5,9,15.7,0,1,17,2,7
13,1,13,25.0,0,0,26,49,13
19,0,19,15.9,0,0,0,61,5
6,4,6,4.6,0,0,4,5,2
16,2,16,30.6,0,0,2,11,5
6,2,6,5.4,0,0,10,5,17
9,1,9,10.3,0,0,17,0,7
11,3,11,9.3,0,0,0,7,8
22,2,22,8.7,0,0,0,3,5
18,5,18,13.5,0,0,0,10,5
1,0,1,15.4,0,0,12,18,7
6,0,6,8.7,0,0,0,3,8
7,0,7,9.9,0,0,4,5,2
7,2,7,9.9,0,0,0,9,14
3,5,3,13.6,0,0,7,0,7
4,4,4,8.3,0,0,0,4,8
19,0,19,12.1,0,0,0,17,0
9,0,9,3.9,0,0,0,53,14
10,5,10,24.2,0,1,22,56,4
15,2,15,20.2,0,0,0,5,8
8,6,8,18.8,1,0,0,16,5
6,2,6,13.0,0,0,0,7,8
5,1,5,8.1,0,0,2,5,3
5,2,5,8.1,0,0,0,16,5
15,2,15,12.0,0,0,2,44,2
17,0,17,7.8,0,0,2,12,3
4,6,4,10.8,0,0,2,4,3
16,2,16,29.8,0,0,0,36,5
13,2,13,21.3,0,0,0,32,5
13,1,13,11.5,0,0,0,13,5
15,1,15,18.1,0,0,0,32,5
10,5,10,17.6,0,1,10,51,17
21,0,21,20.4,0,0,2,3,3
23,3,23,12.6,0,0,0,20,14
11,2,11,24.7,0,0,0,21,14
14,5,14,17.9,0,0,0,13,8
20,4,20,14.4,0,0,0,4,8
6,4,6,10.6,0,0,4,12,2
9,0,9,13.2,0,0,0,16,5
2,3,2,12.7,0,0,16,21,8
3,5,3,7.9,1,2,4,11,2
11,2,11,27.9,0,0,2,44,3
7,5,7,7.0,0,0,16,21,8
1,5,1,17.1,0,0,14,17,13
4,3,4,1.0,0,0,0,3,8
6,1,6,13.2,0,0,2,8,2
5,0,5,12.5,0,0,0,7,5
4,1,4,4.9,0,0,0,27,5
8,6,8,8.4,0,0,16,21,8
3,6,3,17.2,0,0,2,6,3
8,0,8,13.9,0,0,0,8,8
8,1,8,13.7,0,0,0,33,5
13,0,13,21.8,0,0,10,3,17
21,3,21,8.2,0,0,14,24,9
1,2,1,11.8,0,0,1,2,6
5,6,5,7.0,0,0,2,9,3
4,2,4,4.4,0,0,1,2,6
13,4,13,29.2,0,1,0,21,15
18,6,18,14.2,0,0,0,8,5
23,4,23,17.4,0,0,0,0,0
18,2,18,20.1,0,0,0,13,8
22,0,22,9.5,0,0,16,21,3
5,2,5,14.6,0,0,0,5,5
16,3,16,9.8,0,0,0,32,5
15,1,15,20.1,0,0,4,5,3
19,1,19,10.9,0,0,51,16,55
5,4,5,8.7,0,0,0,21,14
9,0,9,7.9,0,0,2,25,3
21,0,21,21.2,0,1,4,16,5
16,6,16,18.4,0,0,0,36,8
8,3,8,9.1,0,0,2,7,3
5,1,5,9.4,0,0,0,5,8
5,4,5,5.0,0,0,4,21,5
13,2,13,10.4,0,0,4,5,3
1,2,1,12.9,0,0,23,41,15
8,1,8,6.0,0,0,2,16,3
11,4,11,21.4,0,0,0,7,8
8,4,8,3.1,0,0,2,13,3
14,3,14,25.8,0,0,0,44,8
1,6,1,17.8,0,0,0,21,5
4,0,4,7.8,0,0,0,3,8
15,6,15,28.9,0,0,2,34,3
12,4,12,16.0,0,0,2,3,3
22,1,22,13.0,0,0,23,41,15
5,2,5,12.4,0,0,4,5,3
5,5,5,13.2,0,0,0,3,5
12,0,12,31.5,0,0,0,11,8
4,4,4,9.1,0,0,2,4,2
10,4,10,19.2,0,0,2,33,2
7,2,7,3.2,0,0,4,7,3
0,5,0,19.3,0,0,0,22,14
23,1,23,13.5,0,0,18,32,6
14,4,14,7.3,0,0,0,21,8
8,3,8,7.2,0,0,0,32,5
18,4,18,15.9,0,0,0,8,5
3,2,3,10.7,0,0,10,33,17
14,3,14,25.2,0,0,0,9,5
19,4,19,20.4,0,0,2,32,3
6,2,6,6.6,0,0,0,30,5
13,0,13,18.4,0,0,16,21,5
6,2,6,11.4,0,0,0,8,8
6,5,6,4.6,0,0,4,32,5
11,1,11,17.7,0,0,2,45,3
4,2,4,4.1,0,0,2,11,2
13,4,13,14.8,0,0,0,16,8
7,3,7,6.4,0,0,0,13,8
7,6,7,5.1,0,0,0,36,5
17,0,17,12.6,0,0,0,36,8
6,0,6,11.3,0,0,0,5,8
15,0,15,27.6,0,0,0,9,5
5,3,5,15.6,0,0,2,5,3
13,2,13,19.3,0,0,4,8,3
7,6,7,5.0,0,0,8,0,9
22,4,22,6.9,1,2,0,7,8
13,2,13,10.3,0,0,2,33,3
19,6,19,10.8,0,0,2,4,2
11,0,11,8.7,0,0,2,16,2
11,0,11,24.2,0,0,9,0,18
20,3,20,8.8,0,0,2,7,3
6,6,6,11.1,0,0,0,9,5
14,2,14,8.0,0,0,2,3,3
12,6,12,20.5,0,0,26,49,13
7,1,7,9.2,0,0,2,5,3
22,5,22,16.1,0,0,0,0,0
4,4,4,17.6,0,0,2,4,3
22,2,22,7.7,0,0,9,0,10
16,1,16,19.8,0,0,0,5,8
13,4,13,12.6,0,0,0,9,8
15,3,15,13.6,0,0,0,33,5
12,0,12,15.9,0,0,2,16,2
6,5,6,10.8,0,0,0,7,8
10,6,10,28.5,0,0,7,0,7
12,1,12,19.1,0,0,2,44,3
19,0,19,12.7,0,0,0,17,0
12,5,12,24.5,0,0,2,16,2
8,4,8,11.9,0,0,4,14,3
7,4,7,7.2,0,0,0,29,8
12,5,12,11.4,0,0,26,49,13
18,0,18,27.9,0,0,6,9,0
12,4,12,18.9,0,0,0,5,5
11,0,11,17.9,0,0,0,5,8
23,1,23,7.0,0,0,2,21,3
11,0,11,20.3,0,0,0,13,8
16,4,16,17.7,0,0,28,55,0
14,6,14,22.5,0,0,0,13,8
16,3,16,15.8,0,0,0,33,5
21,6,21,12.9,0,0,4,16,2
12,5,12,21.0,0,0,2,11,3
11,3,11,22.5,0,0,2,33,2
1,3,1,6.4,0,0,1,2,6
19,0,19,28.2,0,0,0,4,8
7,4,7,0.9,0,0,17,0,7
6,3,6,7.9,0,0,4,50,2
17,6,17,15.4,0,0,16,21,8
7,5,7,5.4,0,0,4,5,5
9,3,9,18.4,0,0,0,43,14
12,0,12,30.5,0,0,4,11,2
9,4,9,8.1,0,0,4,13,3
19,5,19,25.2,0,0,2,54,3
13,3,13,16.4,0,0,18,32,6
16,1,16,20.7,0,0,0,12,8
13,1,13,11.8,1,2,4,44,3
12,3,12,16.8,0,0,8,0,9
13,5,13,16.6,0,0,0,9,5
6,1,6,6.0,0,0,0,5,8
11,4,11,22.8,0,0,0,33,8
11,6,11,11.7,0,0,0,21,8
13,4,13,16.6,0,0,4,16,3
6,0,6,6.8,0,0,0,5,8
7,0,7,4.6,0,0,0,33,5
19,0,19,28.6,0,0,0,8,8
8,3,8,6.6,0,0,0,32,5
15,3,15,12.8,0,0,0,78,8
10,4,10,11.1,0,0,2,30,3
8,2,8,16.8,0,0,0,44,8
2,4,2,17.9,0,0,1,2,6
13,5,13,23.2,0,0,0,13,8
20,6,20,16.1,0,0,0,5,5
12,1,12,16.7,0,0,0,8,8
10,1,10,11.1,0,0,2,16,3
17,2,17,30.5,0,0,0,21,0
5,6,5,15.4,0,0,2,5,3
15,4,15,11.9,0,0,0,21,8
20,2,20,6.3,0,0,4,7,2
17,3,17,17.8,0,0,2,12,2
7,4,7,0.6,0,0,0,3,8
18,1,18,30.8,0,1,9,0,18
4,3,4,9.2,0,0,2,4,3
16,2,16,15.2,0,0,2,44,2
20,0,20,13.8,0,0,13,19,13
13,1,13,17.5,0,0,0,45,5
8,1,8,2.4,0,0,10,104,16
14,5,14,29.2,0,0,4,5,3
21,1,21,17.1,0,1,0,36,5
19,3,19,26.4,0,1,2,8,3
13,0,13,21.8,0,0,2,21,3
4,1,4,11.9,0,0,7,0,7
13,6,13,19.1,0,0,2,44,3
15,4,15,18.7,0,0,0,44,5
5,1,5,1.9,0,0,2,8,3
12,1,12,10.6,0,0,0,8,8
4,1,4,6.6,0,0,2,5,3
7,6,7,2.2,0,0,0,9,14
18,6,18,24.3,0,0,0,13,5
1,4,1,15.7,0,0,0,1,14
13,0,13,29.5,0,0,14,17,13
16,5,16,18.7,0,0,0,3,8
15,4,15,13.3,0,0,2,13,3
7,2,7,3.2,0,0,17,0,7
17,6,17,15.8,0,0,4,44,3
7,1,7,12.2,0,0,9,0,10
3,3,3,2.2,0,0,7,36,7
7,3,7,8.9,0,0,0,3,8
5,1,5,10.0,0,0,2,5,3
8,2,8,11.0,0,0,4,14,3
12,5,12,14.9,0,0,0,25,8
21,6,21,10.8,0,0,0,4,8
4,1,4,10.0,0,0,2,11,2
5,1,5,14.6,0,0,4,8,5
8,6,8,17.4,0,1,30,9,24
6,2,6,10.1,0,0,0,5,5
7,1,7,5.5,0,0,0,33,5
20,2,20,20.4,0,0,2,12,2
5,4,5,11.7,0,0,0,5,8
8,2,8,6.8,0,0,0,21,8
18,0,18,19.5,0,0,16,11,2
21,5,21,27.5,0,0,25,46,14
4,0,4,4.3,0,0,6,9,5
13,0,13,22.8,0,0,0,45,5
5,2,5,12.8,0,0,0,4,8
7,2,7,10.2,0,0,0,29,5
20,1,20,13.3,0,0,2,8,2
5,6,5,9.1,0,0,0,32,5
9,2,9,9.4,0,0,0,29,8
13,6,13,11.0,0,0,0,8,8
14,3,14,25.2,0,0,2,58,3
5,6,5,5.0,0,0,4,11,2
7,5,7,3.8,0,0,0,3,8
4,1,4,10.0,0,0,6,9,5
10,6,10,14.5,0,0,2,30,3
22,6,22,8.7,0,0,11,0,14
6,6,6,0.6,0,0,15,6,14
0,4,0,13.9,0,0,0,43,14
5,4,5,12.4,0,0,2,7,3
14,5,14,17.3,0,0,0,5,5
22,1,22,13.2,0,0,11,0,14
7,3,7,5.6,0,0,0,36,8
6,0,6,8.3,0,0,15,6,14
11,5,11,13.7,0,0,0,3,8
20,5,20,8.2,0,0,0,36,8
11,1,11,19.3,0,0,17,0,7
6,6,6,8.6,0,0,16,21,2
5,1,5,8.9,0,0,2,5,3
8,2,8,8.7,0,0,2,13,2
11,5,11,21.5,0,0,2,13,2
19,0,19,15.0,0,0,2,54,3
5,1,5,16.5,0,0,4,16,3
6,0,6,9.6,0,0,24,47,22
11,3,11,12.7,0,0,4,63,5
14,2,14,17.7,0,1,0,3,5
14,6,14,22.6,0,0,9,18,7
16,5,16,26.7,0,0,0,45,5
18,0,18,16.8,1,2,0,45,5
11,1,11,8.8,0,0,1,2,1
10,6,10,16.8,0,0,2,16,2
16,1,16,11.6,0,0,6,9,0
5,1,5,8.8,0,0,0,25,8
7,0,7,14.5,0,0,2,8,3
1,2,1,12.3,0,0,1,2,6
16,5,16,28.8,0,0,0,36,5
6,0,6,9.5,0,0,0,5,8
21,3,21,17.5,0,0,2,21,3
11,6,11,20.9,0,0,0,13,8
16,4,16,27.3,0,0,0,10,8
5,0,5,5.8,0,0,0,8,8
17,3,17,28.6,0,0,4,38,3
18,6,18,32.1,0,0,0,32,5
7,5,7,12.8,0,0,0,13,8
6,4,6,4.5,0,0,4,11,5
7,2,7,8.3,0,0,0,13,8
5,2,5,4.8,0,0,0,16,8
15,1,15,20.1,0,0,0,32,5
20,4,20,14.7,0,0,4,44,2
16,0,16,18.2,0,0,43,3,46
21,4,21,18.2,0,0,20,0,7
5,1,5,9.8,0,0,2,9,2
6,6,6,8.7,0,0,4,6,3
14,6,14,25.1,0,0,0,7,8
7,0,7,10.9,0,0,0,4,5
5,5,5,15.4,0,0,4,11,2
19,2,19,8.5,0,0,2,44,3
18,5,18,8.7,0,0,0,5,8
4,4,4,9.0,0,0,2,11,2
5,1,5,3.8,0,0,2,3,3
8,5,8,0.2,0,0,2,33,3
7,4,7,15.6,0,1,22,56,4
0,6,0,18.6,0,0,14,17,13
6,2,6,9.1,0,0,0,8,8
23,1,23,8.6,0,0,2,21,3
18,3,18,26.8,0,0,0,13,8
0,3,0,11.0,1,2,19,7,60
6,6,6,0.2,0,0,4,10,2
5,3,5,8.7,0,0,4,3,2
8,3,8,5.3,0,0,0,54,5
11,5,11,9.9,0,0,7,0,7
15,1,15,24.0,0,0,0,13,8
5,6,5,13.7,0,0,4,6,3
6,5,6,3.5,0,0,0,16,8
16,2,16,16.7,0,0,0,6,14
7,0,7,3.1,0,0,9,0,10
7,6,7,-0.1,0,0,0,8,8
1,4,1,8.1,0,0,2,98,3
23,0,23,5.5,0,0,0,22,0
7,1,7,9.2,0,0,0,3,8
5,5,5,13.8,0,0,4,10,3
11,2,11,15.2,0,0,0,8,8
7,1,7,10.2,0,0,0,13,8
0,6,0,9.1,0,0,1,2,6
20,1,20,11.2,0,0,0,36,8
19,4,19,28.4,0,0,0,5,8
17,2,17,15.0,0,0,6,9,0
1,0,1,16.9,0,0,1,2,6
6,5,6,11.9,0,0,1,2,6
1,4,1,9.5,0,0,0,1,0
7,4,7,1.5,0,0,0,8,8
5,1,5,16.4,0,0,6,9,15
13,6,13,14.9,0,0,19,9,64
0,4,0,7.1,0,0,15,6,3
8,3,8,7.5,0,0,0,8,5
19,1,19,13.4,0,0,2,54,3
10,1,10,7.6,0,0,0,5,8
7,2,7,4.0,0,0,4,7,2
0,0,0,5.8,0,0,0,6,14
5,0,5,16.4,0,0,4,10,2
10,0,10,7.4,0,0,44,51,17
16,0,16,24.7,0,0,0,33,8
19,1,19,17.8,0,0,0,3,8
12,0,12,18.1,0,0,0,5,5
17,0,17,24.3,0,0,18,36,6
22,0,22,9.5,0,0,23,41,15
20,4,20,22.3,0,0,0,4,8
19,0,19,17.7,0,0,0,44,5
11,2,11,15.2,0,0,0,5,5
19,6,19,17.1,0,0,16,11,3
15,0,15,19.5,0,0,2,45,3
12,1,12,24.0,0,0,0,21,8
5,1,5,10.3,0,0,4,10,2
18,6,18,9.0,0,0,2,13,2
8,4,8,2.8,0,0,44,8,17
15,4,15,18.3,0,0,4,54,5
19,0,19,14.5,0,0,4,16,3
9,1,9,7.5,0,0,2,3,3
21,0,21,27.4,0,1,0,17,0
13,1,13,18.4,0,0,2,5,3
6,6,6,10.0,0,0,9,0,10
14,1,14,21.7,0,0,6,9,5
21,5,21,21.7,0,0,0,17,0
9,6,9,18.7,0,0,0,43,14
15,4,15,25.6,0,0,9,26,18
11,4,11,12.2,0,0,0,10,5
4,3,4,6.2,0,0,0,16,8
5,2,5,15.5,0,0,0,3,5
8,1,8,9.7,0,0,0,54,8
23,0,23,15.4,0,0,0,22,0
5,2,5,10.2,0,0,0,4,8
4,1,4,9.5,0,0,0,11,8
22,5,22,12.4,0,0,16,21,2
19,1,19,25.7,0,0,18,32,6
18,3,18,25.0,0,0,0,5,8
8,3,8,9.0,0,0,0,15,5
4,0,4,14.5,0,0,0,25,5
13,3,13,23.4,0,0,0,21,8
21,4,21,20.5,0,0,4,7,3
23,5,23,6.6,0,0,0,22,14
8,6,8,13.3,0,0,0,30,5
18,0,18,27.8,0,1,31,59,27
13,4,13,19.9,0,0,0,5,5
13,2,13,22.6,0,0,0,13,5
12,0,12,8.8,0,0,0,11,8
19,0,19,8.6,0,0,2,32,3
7,5,7,9.5,0,0,0,16,8
23,2,23,19.6,0,0,12,18,7
8,5,8,15.3,0,0,4,44,2
13,1,13,16.3,0,0,2,34,3
16,6,16,33.4,0,0,0,33,8
1,2,1,17.1,0,0,0,22,14
4,1,4,2.2,0,0,6,9,5
18,1,18,25.9,0,0,6,9,0
9,3,9,11.5,0,0,2,45,3
5,0,5,8.3,0,0,2,8,3
13,6,13,18.8,0,0,2,45,3
6,2,6,6.1,0,0,4,12,2
6,3,6,8.1,0,0,0,42,5
19,5,19,19.8,0,0,2,8,3
3,2,3,10.6,0,0,2,6,3
12,1,12,27.6,0,0,4,63,3
17,2,17,10.9,0,0,0,44,8
18,3,18,10.4,0,0,0,32,5
11,6,11,10.1,0,0,0,8,8
7,1,7,13.1,0,0,0,13,8
15,2,15,13.9,0,0,2,13,3
8,1,8,6.8,0,0,0,10,5
17,5,17,14.9,0,0,6,9,0
10,0,10,15.5,0,0,0,7,5
5,1,5,3.6,0,0,16,21,5
11,2,11,14.9,0,0,0,13,8
6,5,6,3.8,0,0,4,32,3
16,6,16,33.0,0,0,2,13,3
19,4,19,29.0,0,0,2,16,2
13,0,13,28.2,0,0,27,36,0
21,2,21,14.1,0,0,0,9,5
21,1,21,8.8,0,0,11,0,14
8,5,8,6.6,0,0,0,9,8
23,2,23,8.8,0,0,0,22,14
12,3,12,21.3,0,1,0,21,8
13,5,13,29.3,0,0,0,21,8
23,4,23,11.5,0,0,0,0,0
1,1,1,12.7,0,0,14,17,13
6,0,6,9.5,1,0,0,22,14
14,5,14,16.5,0,0,16,21,8
11,1,11,15.1,0,0,0,10,8
16,2,16,11.1,0,0,4,5,2
4,4,4,11.1,1,2,0,25,5
16,3,16,26.7,0,0,4,44,2
5,2,5,9.4,0,0,0,16,8
11,3,11,16.3,0,0,0,8,8
6,2,6,6.4,0,0,6,9,5
20,6,20,22.3,0,0,0,4,8
0,4,0,11.6,0,0,0,6,14
9,2,9,11.6,0,0,0,32,5
12,0,12,17.2,0,0,0,44,8
6,1,6,5.5,0,0,0,7,5
22,2,22,15.6,0,0,0,21,8
7,1,7,5.0,0,0,2,16,2
20,3,20,18.7,0,0,9,0,18
5,6,5,7.0,0,0,0,7,8
23,3,23,9.6,0,0,0,22,0
4,5,4,13.4,0,0,1,2,6
10,2,10,9.1,0,0,0,44,8
4,4,4,14.1,0,0,2,7,3
5,1,5,8.1,0,0,0,11,8
0,5,0,8.3,0,0,1,2,6
16,4,16,18.7,0,0,2,5,3
1,4,1,16.8,0,0,1,2,6
9,3,9,9.0,0,0,0,8,5
13,6,13,21.0,0,0,27,36,0
10,5,10,24.7,0,1,2,8,3
4,3,4,15.0,0,0,2,5,3
16,6,16,15.8,0,0,2,8,3
7,1,7,9.1,0,0,7,26,7
17,0,17,31.5,0,0,9,0,18
7,5,7,1.0,0,0,0,25,5
4,2,4,12.1,0,0,2,5,3
6,1,6,13.0,0,0,4,7,2
6,6,6,10.7,0,0,4,12,3
0,3,0,23.0,0,0,11,23,14
22,6,22,4.9,0,0,23,41,15
20,3,20,19.4,0,0,0,16,5
18,0,18,31.1,0,1,9,0,10
21,3,21,9.3,0,0,13,19,13
9,4,9,19.8,0,1,4,10,2
10,2,10,8.5,0,0,2,45,3
0,4,0,9.0,0,0,0,43,14
4,3,4,2.8,0,0,1,2,6
8,5,8,6.9,0,0,10,25,11
18,2,18,12.8,0,0,0,13,5
21,3,21,11.8,0,0,14,24,9
8,1,8,12.4,0,0,0,7,5
9,5,9,19.7,0,0,2,16,2
22,3,22,9.5,0,0,23,41,15
5,0,5,4.0,0,0,0,7,8
21,0,21,20.5,0,0,2,9,2
1,2,1,20.0,0,0,0,1,0
5,3,5,7.0,0,0,2,8,3
8,5,8,6.2,0,0,0,21,8
0,1,0,16.3,0,0,0,6,14
7,4,7,8.4,0,0,2,16,2
23,6,23,17.2,0,0,0,0,14
16,4,16,25.7,0,0,28,55,0
6,1,6,12.2,0,0,0,5,8
12,1,12,21.3,0,0,0,30,5
8,1,8,9.6,0,0,16,21,3
13,2,13,10.2,0,0,0,9,5
12,5,12,16.7,0,0,2,5,3
12,2,12,20.6,0,0,0,29,8
16,5,16,26.8,0,0,2,44,2
15,0,15,24.4,0,0,15,6,3
6,4,6,5.8,0,0,4,21,2
20,5,20,17.8,0,0,0,36,5
11,3,11,23.2,0,0,18,54,20
14,0,14,21.3,0,0,0,44,8
9,2,9,14.3,0,0,0,32,5
12,3,12,19.5,0,0,0,8,8
4,3,4,6.5,0,0,0,11,8
16,0,16,27.7,0,0,15,6,3
15,0,15,12.3,0,0,4,7,3
0,3,0,10.4,0,0,2,21,3
9,5,9,6.1,0,0,0,44,8
22,0,22,7.1,0,0,18,32,6
5,3,5,9.8,0,0,0,36,8
15,2,15,24.3,0,0,16,21,8
11,4,11,22.7,0,0,0,21,0
16,2,16,20.9,0,0,0,34,5
13,0,13,15.4,0,0,2,36,3
8,4,8,11.2,0,0,0,8,8
10,4,10,22.8,0,0,19,35,64
5,0,5,14.8,0,0,2,8,3
4,1,4,12.1,0,0,2,4,3
6,0,6,7.8,0,0,2,7,2
14,3,14,10.0,0,0,0,45,5
13,2,13,14.2,0,0,0,9,5
8,5,8,1.5,0,0,16,21,8
12,1,12,15.2,0,0,0,45,5
8,3,8,17.3,0,1,0,10,5
13,5,13,24.5,0,0,2,34,3
8,0,8,3.5,0,0,6,9,5
10,6,10,21.8,0,0,0,57,14
5,1,5,6.5,0,0,0,5,8
17,2,17,25.7,0,0,0,32,5
8,1,8,2.6,0,0,0,44,8
13,3,13,14.2,0,0,2,36,3
0,4,0,16.7,0,0,0,6,9
2,6,2,11.2,0,0,10,5,17
8,3,8,6.8,0,0,0,10,5
18,2,18,24.3,0,0,6,9,0
23,4,23,17.3,0,0,0,20,14
13,0,13,15.1,0,0,18,32,26
10,6,10,6.1,0,0,2,34,3
8,0,8,10.2,0,0,0,10,5
23,0,23,5.3,0,0,0,43,14
5,0,5,12.1,0,0,4,3,2
15,2,15,31.2,0,0,4,7,3
1,0,1,15.0,0,0,0,37,0
1,0,1,7.6,0,0,0,1,0
5,6,5,7.1,0,0,16,21,3
3,5,3,16.3,0,0,14,24,9
10,0,10,11.0,0,0,0,45,5
4,5,4,7.3,0,0,0,4,8
16,4,16,16.5,0,0,0,15,5
13,2,13,11.3,0,0,2,3,3
21,0,21,15.3,1,2,0,53,0
6,2,6,9.0,0,0,4,21,2
6,5,6,4.8,0,0,6,9,5
22,1,22,8.6,0,0,16,21,8
4,2,4,4.5,0,0,2,4,3
7,6,7,-0.1,0,0,0,9,14
13,0,13,31.4,0,0,14,17,13
20,6,20,27.9,0,0,0,36,8
16,4,16,30.0,0,0,6,9,7
10,4,10,22.8,0,0,0,34,5
4,1,4,13.7,0,0,0,11,5
13,3,13,10.9,0,0,4,16,3
16,4,16,20.2,0,0,2,9,3
14,5,14,26.7,0,1,0,29,8
8,2,8,9.3,0,0,0,10,5
4,4,4,9.6,0,0,7,0,7
5,5,5,5.7,0,0,0,11,8
4,5,4,3.9,0,0,2,11,2
6,2,6,5.8,0,0,0,8,8
23,4,23,7.8,0,0,13,19,13
13,1,13,16.5,0,0,0,61,8
18,2,18,19.2,0,0,2,5,3
18,0,18,17.3,0,0,4,5,3
17,1,17,21.3,0,0,0,5,8
13,1,13,25.3,0,0,27,36,0
20,5,20,7.2,0,0,0,36,8
21,0,21,9.0,0,0,13,19,13
6,2,6,4.5,0,0,0,8,8
4,0,4,17.3,0,0,0,4,5
21,0,21,19.3,0,0,25,46,14
23,2,23,4.1,0,0,2,21,3
9,0,9,9.1,0,0,0,7,8
20,3,20,12.4,0,0,2,32,3
15,3,15,13.7,0,0,2,44,2
5,5,5,15.5,0,0,4,16,5
7,4,7,11.2,0,0,0,29,5
12,2,12,9.1,0,0,0,11,8
6,1,6,5.6,0,0,4,7,5
4,3,4,8.2,0,0,1,2,6
7,1,7,12.7,0,0,2,16,3
17,2,17,20.3,0,0,4,7,2
17,2,17,10.6,0,0,2,12,3
21,3,21,15.4,0,0,47,10,47
11,4,11,13.5,0,0,0,13,8
6,1,6,11.0,0,0,0,7,5
19,1,19,26.5,0,0,2,3,2
10,6,10,16.7,0,0,0,3,8
15,4,15,7.7,0,0,6,93,5
5,0,5,8.2,0,0,2,9,2
17,1,17,9.6,0,0,0,7,8
7,2,7,11.3,0,0,0,42,5
6,4,6,5.8,0,0,4,5,3
5,2,5,11.6,0,0,4,7,2
23,2,23,19.1,0,0,18,32,26
18,1,18,13.4,0,0,2,12,3
5,1,5,12.9,0,0,80,26,7
20,1,20,10.2,1,2,23,41,15
12,2,12,11.0,0,0,0,8,5
17,2,17,20.0,0,0,2,44,3
5,4,5,12.6,0,0,1,2,1
18,4,18,27.5,0,0,0,13,8
23,0,23,10.0,0,0,2,21,3
10,5,10,23.7,0,0,4,5,3
15,3,15,29.1,0,0,7,75,7
20,2,20,16.2,0,0,0,25,5
16,1,16,12.8,0,0,0,6,14
19,3,19,23.2,0,0,0,8,8
8,3,8,12.6,0,0,17,0,7
4,2,4,9.2,0,0,2,11,2
4,5,4,9.9,0,0,0,3,5
13,3,13,11.8,0,0,0,11,8
18,3,18,26.3,0,0,0,16,5
5,0,5,9.2,0,0,4,7,5
15,1,15,15.1,0,0,0,11,5
6,4,6,8.1,0,0,2,32,3
8,5,8,11.7,0,0,0,13,8
4,1,4,16.4,0,0,2,5,3
3,4,3,14.1,0,0,9,0,18
16,6,16,19.2,0,0,0,6,14
22,3,22,11.4,0,0,18,32,6
2,6,2,14.8,0,0,16,21,8
21,4,21,20.1,0,0,0,17,14
9,5,9,22.5,0,0,0,9,8
3,1,3,15.0,0,0,9,0,10
8,6,8,10.0,0,0,2,16,2
6,1,6,8.1,0,0,16,21,5
22,5,22,18.6,0,0,0,9,5
8,3,8,18.3,0,1,17,0,7
17,5,17,30.7,0,0,0,3,8
16,6,16,28.9,0,0,0,36,5
10,5,10,8.0,0,0,0,30,5
12,0,12,17.5,0,0,0,30,5
4,2,4,4.4,0,0,0,3,5
12,3,12,9.3,0,0,2,61,2
5,6,5,5.7,0,0,2,3,3
11,2,11,12.6,0,0,17,0,7
6,5,6,13.5,0,0,2,9,2
11,5,11,11.3,0,0,0,44,8
9,2,9,4.4,0,0,10,51,17
8,6,8,9.9,0,0,0,44,8
8,0,8,4.2,0,0,19,7,19
8,5,8,-1.0,0,0,0,30,5
16,4,16,16.0,0,0,0,3,8
5,6,5,14.7,0,0,2,11,5
18,0,18,29.3,0,0,0,54,5
10,2,10,25.8,0,1,2,34,2
11,4,11,13.2,0,0,0,13,5
4,2,4,13.1,0,0,2,5,3
8,3,8,6.6,0,0,4,7,3
6,1,6,4.1,0,0,2,7,3
12,5,12,12.6,0,0,2,61,3
16,4,16,11.4,0,0,0,7,5
20,1,20,3.7,0,0,2,5,3
17,0,17,18.3,0,0,2,12,2
18,3,18,25.3,0,0,2,44,3
16,4,16,19.6,0,0,2,33,3
6,0,6,12.2,0,0,2,32,3
22,6,22,10.5,1,0,16,21,3
7,1,7,9.2,0,0,0,33,5
15,2,15,7.7,0,0,16,10,5
11,1,11,21.2,0,0,10,71,37
4,2,4,17.7,0,0,2,4,3
2,2,2,11.5,0,0,16,21,8
11,6,11,15.2,0,0,1,2,1
15,3,15,21.8,0,0,28,55,0
8,3,8,11.2,0,0,10,53,34
21,1,21,18.5,0,0,25,46,14
23,3,23,5.4,0,0,0,4,5
7,5,7,8.5,0,0,0,36,5
22,1,22,3.3,0,0,2,21,3
9,5,9,6.1,0,0,0,53,0
19,4,19,10.7,0,0,2,54,3
18,5,18,26.5,0,0,2,33,2
6,4,6,1.4,0,0,4,5,2
14,3,14,11.3,0,0,0,44,8
11,6,11,25.8,0,0,0,0,0
5,0,5,4.6,0,0,2,4,3
4,3,4,14.2,0,0,0,16,8
16,5,16,21.1,0,0,0,32,5
5,1,5,11.9,0,0,4,6,3
8,3,8,1.8,0,0,18,32,6
13,1,13,25.1,0,0,0,7,5
8,1,8,5.0,0,0,0,9,8
9,0,9,19.9,0,1,9,0,18
7,3,7,15.8,0,0,0,30,5
0,4,0,9.4,0,0,15,6,3
4,6,4,11.1,0,0,2,11,2
4,5,4,7.2,0,0,1,2,6
12,3,12,28.9,0,1,26,49,12
11,5,11,17.1,0,0,10,79,17
9,5,9,16.9,0,0,0,15,5
6,0,6,14.7,0,0,0,9,5
20,1,20,22.4,0,0,0,8,5
11,5,11,24.5,0,0,0,21,14
2,5,2,14.4,0,0,0,62,0
17,3,17,14.9,0,0,4,16,3
18,3,18,10.5,0,0,4,32,5
5,2,5,14.7,0,0,4,7,2
7,4,7,1.2,0,0,0,25,8
1,5,1,18.0,0,0,1,2,6
10,0,10,22.4,0,0,0,7,8
15,0,15,34.5,0,0,0,13,5
18,6,18,27.1,0,0,6,9,14
17,1,17,13.4,0,0,0,3,5
15,6,15,11.2,0,0,0,12,5
4,1,4,11.2,0,0,0,9,5
8,6,8,14.6,0,0,2,29,2
19,2,19,11.5,0,0,16,21,8
4,5,4,14.1,0,0,0,12,5
17,4,17,11.1,0,0,16,11,3
5,1,5,13.8,0,0,4,5,2
10,4,10,10.6,0,0,0,7,8
13,0,13,24.2,0,0,9,0,10
17,3,17,26.5,0,1,10,33,31
17,6,17,9.8,0,0,2,12,2
19,4,19,20.0,0,0,2,54,3
20,6,20,21.3,0,0,7,0,7
6,5,6,13.3,0,0,4,7,2
13,6,13,20.4,0,0,14,17,13
7,5,7,8.0,0,0,0,13,5
13,1,13,21.7,0,0,2,36,3
14,3,14,17.7,0,0,4,3,2
18,0,18,23.0,0,0,2,5,3
11,1,11,23.7,0,0,19,48,64
2,2,2,11.9,0,0,10,5,17
13,2,13,26.1,0,0,14,17,13
7,3,7,8.4,0,0,0,33,8
5,1,5,12.8,0,0,4,10,2
16,0,16,29.2,0,0,2,7,3
9,5,9,9.2,0,0,4,44,2
20,5,20,20.2,0,0,2,16,2
5,0,5,3.7,0,0,2,5,3
8,3,8,13.5,0,0,15,6,14
11,1,11,14.6,0,0,27,36,0
12,5,12,12.1,0,0,4,8,5
9,6,9,10.1,0,0,4,13,3
15,4,15,18.7,0,0,0,33,5
4,6,4,10.7,0,0,0,25,8
16,2,16,21.4,0,0,0,34,5
4,1,4,15.0,0,0,2,5,3
22,4,22,7.8,0,0,0,25,8
4,4,4,7.4,0,0,2,4,2
13,0,13,14.6,0,0,2,36,3
4,5,4,4.0,0,0,2,11,2
22,6,22,15.9,0,0,0,25,8
13,2,13,14.9,0,0,0,9,5
1,0,1,5.7,0,0,1,2,6
17,1,17,18.0,0,0,4,5,2
13,0,13,21.3,0,0,2,36,3
9,0,9,16.9,0,0,0,32,5
1,4,1,16.0,0,0,23,41,5
5,4,5,6.7,0,0,0,16,5
5,2,5,1.7,0,0,2,3,3
12,2,12,31.7,0,1,26,49,12
6,2,6,11.4,0,0,0,29,8
5,3,5,11.6,0,0,1,2,6
8,2,8,6.4,0,0,18,32,6
5,0,5,12.1,0,0,2,5,3
23,3,23,8.4,0,0,13,19,13
7,1,7,13.1,0,0,0,36,8
5,4,5,12.3,0,0,0,4,8
3,2,3,7.5,0,0,2,6,3
13,4,13,14.6,0,0,4,7,2
19,6,19,11.8,0,0,0,17,14
1,6,1,16.2,0,0,1,2,6
5,0,5,10.0,0,0,8,0,9
18,0,18,25.2,0,0,2,12,2
15,5,15,18.1,0,0,2,45,3
9,1,9,18.6,0,0,2,3,2
6,3,6,7.6,0,0,2,21,2
20,6,20,23.4,0,1,0,17,0
21,4,21,13.8,0,0,2,9,2
20,1,20,25.4,0,1,0,3,5
7,2,7,8.8,0,0,0,33,8
19,5,19,7.7,0,0,4,16,3
17,1,17,18.6,0,0,0,17,14
7,6,7,9.8,0,0,0,36,8
11,4,11,26.9,0,0,10,74,31
4,4,4,13.4,0,0,2,4,2
19,5,19,17.0,0,0,3,69,4
17,5,17,18.4,0,0,0,8,8
5,3,5,4.4,0,0,0,11,8
19,3,19,23.8,0,0,22,56,4
6,6,6,8.3,1,2,0,0,14
7,6,7,8.9,0,0,0,13,8
3,3,3,19.3,0,0,1,2,1
19,3,19,23.1,0,0,16,21,2
5,0,5,8.6,0,0,4,10,2
7,4,7,13.6,0,0,0,12,8
17,0,17,17.2,0,0,0,9,0
6,0,6,6.8,0,0,0,7,8
4,0,4,14.5,0,0,5,9,4
5,2,5,9.6,0,0,4,7,2
11,3,11,11.5,0,0,0,13,8
5,5,5,4.5,0,0,0,11,8
5,2,5,3.2,0,0,4,21,2
17,3,17,22.4,0,0,7,0,7
4,3,4,9.3,0,0,0,7,8
10,3,10,25.5,0,0,0,53,0
8,0,8,16.3,0,0,2,33,3
13,1,13,21.6,0,0,0,10,5
8,2,8,7.1,0,0,0,32,5
5,5,5,15.7,0,0,2,11,5
12,0,12,24.2,0,1,0,32,8
19,2,19,24.6,0,0,4,5,3
0,4,0,14.8,0,0,14,17,13
13,6,13,26.2,0,0,28,55,0
7,1,7,7.7,0,0,0,8,8
18,2,18,14.5,0,0,16,11,2
6,4,6,5.2,0,0,6,9,5
2,5,2,2.3,0,0,26,49,13
17,2,17,14.8,0,0,0,6,14
0,1,0,5.7,0,0,2,36,3
17,0,17,7.7,0,0,2,44,2
16,1,16,10.5,0,0,0,44,8
5,2,5,9.5,0,0,4,12,2
13,0,13,26.1,0,0,4,5,2
10,5,10,13.4,0,0,0,34,5
12,4,12,18.5,0,0,2,33,3
17,5,17,17.2,0,0,0,32,5
9,5,9,8.3,0,0,0,45,5
21,3,21,11.0,0,0,13,19,13
7,3,7,2.0,0,0,0,7,8
3,1,3,15.8,0,0,1,2,1
10,2,10,10.3,0,0,0,8,8
18,0,18,31.4,0,0,2,7,3
2,0,2,6.7,0,0,8,6,9
17,4,17,24.5,0,1,18,32,20
12,0,12,16.6,0,0,0,21,8
6,6,6,13.1,0,0,0,12,8
6,1,6,5.8,0,0,4,7,5
23,6,23,16.2,0,0,7,21,7
9,2,9,7.0,0,0,0,9,8
7,0,7,4.9,0,0,0,7,5
0,1,0,18.8,0,0,13,19,13
12,0,12,25.2,0,1,26,49,12
1,1,1,11.9,0,0,0,25,8
5,0,5,11.3,0,0,4,3,2
14,6,14,18.4,0,0,0,9,8
15,0,15,16.5,0,0,0,13,5
6,4,6,4.7,0,0,4,8,5
23,6,23,14.1,0,0,0,22,0
7,5,7,3.4,0,0,24,47,22
18,3,18,31.1,0,0,6,9,0
16,2,16,14.8,0,0,2,44,3
7,0,7,11.7,0,0,2,8,3
10,3,10,9.1,0,0,0,25,8
8,3,8,9.0,0,0,16,21,8
17,4,17,13.7,0,0,0,15,5
6,4,6,8.2,0,0,4,7,3
14,4,14,18.0,0,0,2,3,3
20,3,20,13.1,0,0,2,16,3
9,1,9,3.6,1,0,10,48,19
0,6,0,14.7,0,0,0,6,9
7,1,7,5.9,0,0,0,29,8
8,3,8,11.2,0,0,0,9,14
11,4,11,23.3,0,0,0,21,0
6,1,6,15.1,0,0,0,27,5
16,0,16,19.5,0,0,0,5,8
9,3,9,9.5,0,0,24,47,23
8,4,8,12.9,0,0,0,53,0
9,2,9,13.0,0,0,0,8,8
17,6,17,24.2,0,0,0,44,8
12,2,12,11.4,0,0,0,11,8
12,3,12,25.6,0,0,1,2,1
13,3,13,24.2,0,0,2,36,3
6,4,6,5.6,0,0,0,8,8
12,1,12,21.7,0,0,0,32,5
10,6,10,18.1,0,0,0,7,8
6,3,6,3.2,0,0,15,6,3
0,1,0,4.0,0,0,0,6,14
16,2,16,11.4,0,0,0,21,0
5,6,5,16.3,0,0,15,64,15
18,0,18,9.5,0,0,0,25,5
16,1,16,16.8,0,0,0,6,14
9,0,9,7.3,0,0,2,16,3
19,1,19,23.7,0,0,16,21,5
18,4,18,24.3,0,0,2,33,3
15,3,15,24.8,0,0,0,33,5
17,3,17,18.7,0,0,28,55,0
13,5,13,18.1,0,0,0,54,5
5,0,5,17.3,0,0,0,16,5
20,6,20,24.0,0,1,2,7,2
13,2,13,20.9,0,0,4,11,2
6,6,6,7.9,0,0,4,12,5
4,1,4,9.9,0,0,0,4,8
5,3,5,7.2,0,0,0,16,8
12,5,12,18.9,0,0,0,9,5
7,4,7,12.0,0,0,2,33,3
11,1,11,10.2,0,0,0,3,8
17,5,17,15.8,0,0,2,7,2
13,4,13,17.5,0,0,2,5,2
0,0,0,2.6,0,0,0,6,14
12,5,12,16.5,0,0,0,13,8
18,1,18,16.0,0,0,16,21,8
1,5,1,8.0,0,0,0,1,0
13,2,13,15.0,0,0,0,16,8
5,1,5,9.6,0,0,16,21,8
16,4,16,25.8,0,0,0,6,14
20,1,20,19.2,0,0,0,36,5
1,2,1,16.0,0,0,0,1,0
6,4,6,13.2,0,0,8,0,9
16,4,16,12.0,0,0,0,7,8
17,2,17,26.1,0,0,2,7,2
0,2,0,12.6,0,0,2,21,3
2,0,2,14.5,0,0,16,21,8
6,0,6,9.7,0,0,0,5,8
2,5,2,14.9,0,0,2,6,3
5,1,5,6.5,0,0,4,10,2
7,6,7,5.9,0,0,0,7,8
10,1,10,22.3,0,1,18,32,6
5,6,5,11.6,0,0,1,2,6
5,4,5,12.1,0,0,0,7,8
5,4,5,14.9,0,0,8,6,9
0,6,0,5.7,0,0,1,2,6
9,0,9,20.2,0,0,2,45,3
11,6,11,11.1,0,0,2,16,2
6,0,6,0.6,0,0,2,7,3
0,4,0,15.3,0,0,0,25,5
15,5,15,28.0,0,0,0,78,8
20,4,20,13.0,0,0,2,3,3
17,1,17,23.1,0,0,0,21,0
7,1,7,16.4,0,0,24,47,22
17,3,17,10.8,0,0,4,44,2
12,1,12,9.1,0,0,0,0,0
15,0,15,26.6,0,0,2,33,3
6,3,6,10.8,0,0,2,9,2
20,0,20,21.1,0,0,2,21,3
9,3,9,13.1,0,0,0,15,8
4,1,4,8.7,0,0,0,7,5
5,3,5,9.9,0,0,0,16,8
14,5,14,19.1,0,0,0,9,8
5,3,5,5.7,0,0,1,2,6
8,2,8,10.7,0,0,17,0,7
12,4,12,19.6,0,0,14,17,13
13,2,13,15.0,0,0,4,8,3
16,4,16,30.4,0,0,4,16,3
5,2,5,9.8,0,0,2,7,2
8,0,8,5.6,0,0,2,5,3
8,1,8,5.0,0,0,7,26,7
20,6,20,9.1,0,0,0,36,8
19,2,19,18.2,0,0,2,54,3
18,3,18,11.0,0,0,0,32,5
20,0,20,24.7,0,0,2,3,3
19,4,19,25.9,0,0,0,3,8
17,1,17,18.9,0,0,0,13,8
10,1,10,13.7,0,0,0,44,5
21,2,21,7.4,0,0,0,9,5
6,4,6,16.5,0,0,0,5,5
23,2,23,18.5,0,0,10,7,17
7,0,7,10.4,0,0,0,30,5
7,1,7,9.3,0,0,0,44,8
4,2,4,12.8,0,0,0,11,8
15,2,15,7.6,0,0,2,5,3
12,6,12,20.6,0,0,0,7,8
1,1,1,4.0,0,0,1,2,6
23,6,23,14.3,0,0,18,32,6
4,1,4,14.6,0,0,2,7,3
12,2,12,18.0,0,0,16,21,8
16,2,16,17.5,0,0,0,32,5
3,4,3,16.7,0,0,1,2,1
19,1,19,17.7,0,0,2,5,3
4,2,4,7.1,0,0,1,2,6
20,3,20,6.9,0,0,13,19,13
6,0,6,3.7,0,0,10,28,16
20,4,20,24.6,0,0,4,32,2
11,6,11,11.1,0,0,0,0,14
18,6,18,14.2,0,0,2,8,3
5,6,5,16.9,0,0,4,5,2
14,5,14,15.2,0,0,7,0,7
7,3,7,17.1,0,1,0,29,5
7,5,7,16.5,0,0,15,6,14
15,0,15,18.9,0,0,16,10,5
12,4,12,25.7,0,0,10,39,36
13,5,13,27.4,0,0,0,36,5
7,6,7,6.0,0,0,2,3,3
4,6,4,10.7,0,0,0,7,8
8,6,8,16.5,0,1,30,9,24
16,5,16,18.0,0,0,9,0,18
12,1,12,18.5,0,0,0,3,5
22,2,22,16.4,0,0,0,9,8
6,2,6,11.4,0,0,0,4,5
6,3,6,4.4,0,0,15,6,3
5,4,5,8.4,0,0,0,3,8
1,0,1,11.5,0,0,9,0,18
15,2,15,24.6,0,0,2,12,2
17,6,17,20.2,0,0,43,3,46
4,6,4,8.4,0,0,2,6,3
23,2,23,15.5,0,0,13,19,13
14,2,14,23.8,0,0,4,7,3
6,3,6,2.8,0,0,15,6,3
8,4,8,7.3,0,0,4,44,2
18,0,18,7.8,0,0,16,21,2
6,6,6,9.1,0,0,2,16,2
17,0,17,30.5,0,0,4,12,2
6,2,6,3.2,0,0,7,0,7
11,0,11,13.0,0,0,0,33,8
8,6,8,8.1,0,0,0,32,5
12,5,12,11.2,0,0,4,63,3
20,5,20,6.9,0,0,6,9,5
4,3,4,0.6,0,0,0,12,5
7,4,7,8.3,0,0,0,36,8
11,2,11,14.9,0,0,27,36,0
1,3,1,13.4,0,0,1,2,6
17,1,17,8.4,0,0,4,44,5
9,1,9,11.3,0,0,10,29,21
19,1,19,13.1,0,0,4,3,3
10,1,10,25.1,0,0,2,34,3
5,1,5,11.9,0,0,0,7,8
6,5,6,1.3,0,0,0,25,5
23,1,23,20.3,0,1,12,18,7
5,3,5,5.5,0,0,0,5,8
10,6,10,16.2,0,0,0,57,14
14,6,14,21.4,0,0,0,29,8
15,0,15,24.4,0,0,0,9,8
19,3,19,26.1,0,1,0,44,5
18,3,18,25.4,0,0,0,16,8
6,1,6,9.1,0,0,2,7,3
8,2,8,10.0,0,0,2,33,3
9,1,9,18.5,0,0,0,42,5
8,0,8,10.8,0,0,4,14,3
15,0,15,25.6,0,0,16,10,2
16,2,16,31.6,0,0,15,6,3
11,4,11,16.1,0,0,0,5,5
4,1,4,16.4,0,0,2,7,3
9,5,9,13.5,0,0,2,44,3
9,0,9,10.0,0,0,6,9,5
8,4,8,1.9,0,0,4,21,3
5,3,5,10.6,0,0,2,5,3
0,5,0,3.8,0,0,15,6,3
5,2,5,12.2,0,0,0,4,8
9,6,9,9.0,0,0,0,5,8
8,5,8,0.9,0,0,0,11,8
14,3,14,25.5,0,0,2,45,3
5,2,5,16.9,0,0,2,4,3
19,6,19,10.9,0,0,0,16,5
1,3,1,3.9,0,0,0,1,0
18,2,18,26.3,0,0,0,3,8
5,1,5,13.1,0,0,6,9,5
7,6,7,12.1,0,0,4,13,3
14,0,14,24.2,0,0,4,5,3
15,4,15,18.3,0,0,2,3,3
13,1,13,15.9,0,0,2,36,3
1,6,1,18.7,0,0,15,6,3
13,3,13,30.9,0,1,2,36,3
22,0,22,6.2,0,0,23,41,15
11,1,11,12.9,0,0,0,0,0
22,6,22,11.9,0,0,4,54,5
5,1,5,12.5,0,0,2,10,3
23,2,23,17.7,0,0,0,3,8
5,5,5,11.2,0,0,2,3,3
10,4,10,9.8,0,0,0,44,8
11,2,11,13.2,0,0,2,30,3
21,5,21,11.0,0,0,6,9,5
5,4,5,15.2,0,0,0,5,5
7,0,7,8.2,0,0,16,21,2
4,4,4,2.8,0,0,2,11,2
17,1,17,10.9,0,0,2,44,3
23,2,23,19.3,0,0,35,43,0
4,3,4,16.2,0,0,0,16,8
20,1,20,7.1,0,0,0,4,8
6,1,6,5.6,0,0,0,7,8
23,4,23,17.7,0,0,0,20,14
4,5,4,8.6,0,0,2,3,3
17,2,17,19.7,0,0,4,32,3
5,5,5,0.6,0,0,4,11,5
13,3,13,11.9,0,0,19,5,17
1,1,1,20.3,0,0,15,6,3
21,5,21,21.4,0,1,2,12,3
6,0,6,7.5,0,0,0,8,8
10,4,10,19.1,0,0,4,7,2
12,6,12,21.9,0,0,2,44,3
21,4,21,12.9,0,0,0,3,5
1,2,1,12.2,0,0,0,6,0
12,1,12,14.2,0,0,0,32,5
4,2,4,12.0,0,0,2,4,3
6,4,6,8.3,0,0,2,119,3
16,6,16,29.7,0,0,0,36,8
21,6,21,24.6,0,1,2,12,3
10,4,10,10.7,0,0,0,44,8
10,4,10,12.5,0,0,0,5,8
6,4,6,4.5,0,0,0,5,5
19,4,19,11.1,0,0,0,16,8
1,5,1,19.9,0,0,0,1,0
14,2,14,9.5,0,0,4,78,3
2,3,2,11.0,0,0,80,26,7
17,1,17,12.6,0,0,4,5,3
1,4,1,20.1,0,0,0,1,0
14,6,14,11.4,0,0,4,21,3
6,2,6,15.2,0,0,4,3,2
10,0,10,10.4,0,0,0,16,5
10,2,10,10.2,0,0,0,5,5
14,1,14,7.6,1,2,6,9,14
8,1,8,11.5,0,0,4,7,3
19,4,19,10.7,0,0,0,44,5
11,6,11,10.1,0,0,7,0,7
19,2,19,23.0,0,0,16,21,8
5,1,5,5.7,0,0,4,11,2
12,4,12,27.7,0,0,10,25,11
23,5,23,18.4,0,0,0,0,0
0,4,0,11.5,0,0,23,41,15
17,1,17,25.6,0,0,0,13,8
2,2,2,4.1,0,0,1,2,1
19,3,19,21.9,0,0,0,44,8
21,6,21,9.7,0,0,0,4,8
17,0,17,21.8,0,0,0,33,8
18,1,18,7.0,0,0,20,6,7
11,1,11,27.1,0,0,0,3,8
19,2,19,9.4,0,0,0,44,5
20,1,20,25.4,0,0,0,8,5
6,2,6,2.8,0,0,0,3,8
4,2,4,9.1,0,0,0,11,8
7,5,7,13.4,0,0,2,10,3
20,3,20,22.7,0,0,4,5,3
20,1,20,13.2,0,0,2,8,3
6,3,6,7.4,0,0,4,5,3
10,4,10,5.8,0,0,0,54,5
0,0,0,13.8,0,0,2,21,3
5,1,5,14.7,0,0,4,16,3
16,0,16,34.3,0,0,0,11,8
7,2,7,9.0,0,0,19,28,63
19,6,19,17.0,0,0,16,21,2
5,4,5,8.4,0,0,0,36,5
13,0,13,14.9,0,0,0,12,5
17,4,17,25.9,0,0,2,33,3
7,4,7,11.6,0,0,0,13,8
19,0,19,15.4,0,0,0,44,5
19,6,19,15.2,0,0,0,3,5
20,1,20,11.7,0,0,0,3,8
5,2,5,4.5,0,0,0,5,8
23,4,23,19.7,0,0,35,43,0
18,1,18,24.5,0,0,0,13,5
7,1,7,11.1,0,0,2,8,3
23,4,23,7.2,0,0,2,21,3
19,5,19,13.5,0,0,0,5,8
12,3,12,13.1,0,0,0,29,8
10,3,10,22.3,0,1,7,36,7
7,3,7,8.5,0,0,2,16,3
8,4,8,9.9,0,0,0,45,5
8,2,8,10.7,0,0,0,3,8
12,2,12,17.2,0,0,0,13,8
8,4,8,6.3,0,0,16,21,8
14,1,14,26.9,0,0,0,34,5
9,0,9,19.2,0,0,7,9,7
5,0,5,16.5,0,0,2,7,2
20,6,20,20.0,0,0,0,36,8
23,3,23,7.2,0,0,2,21,3
2,5,2,16.9,0,0,1,2,6
0,2,0,6.8,0,0,0,25,5
5,6,5,2.6,0,0,2,5,3
18,5,18,13.9,0,0,0,8,8
7,0,7,4.3,0,0,4,21,2
5,3,5,16.5,0,0,10,5,17
16,1,16,17.3,0,0,4,5,5
6,5,6,1.9,0,0,4,21,3
4,2,4,13.4,0,0,0,5,5
8,1,8,15.3,0,1,0,33,5
4,6,4,10.9,0,0,0,3,8
7,6,7,9.2,0,0,4,5,2
4,1,4,13.0,0,0,0,11,5
5,1,5,8.9,0,0,2,3,3
15,2,15,21.5,0,0,6,9,7
12,6,12,11.2,0,0,4,132,3
15,3,15,18.1,0,0,15,6,15
1,3,1,7.1,0,0,16,21,8
17,2,17,28.1,0,0,0,8,8
22,1,22,16.9,0,0,6,9,5
12,0,12,20.0,0,0,26,49,13
15,6,15,29.1,0,1,16,10,8
15,0,15,29.2,0,0,0,9,5
18,2,18,29.0,0,0,0,33,5
5,6,5,6.9,0,0,4,12,2
17,3,17,18.5,0,0,0,44,8
19,5,19,14.7,0,0,0,3,8
13,0,13,23.7,0,0,0,44,8
5,0,5,11.8,0,0,4,11,2
21,4,21,7.2,0,0,13,19,13
9,3,9,15.8,0,0,2,45,3
23,2,23,9.1,0,0,18,36,26
22,2,22,11.1,1,2,0,13,5
17,6,17,17.4,0,0,7,0,7
12,3,12,16.3,0,0,0,11,8
18,4,18,29.1,0,0,2,4,2
23,6,23,10.3,0,0,0,22,14
16,6,16,21.2,0,0,0,21,8
2,4,2,17.7,0,0,2,6,3
13,1,13,17.9,0,0,4,7,2
8,4,8,3.8,0,0,0,54,5
20,4,20,20.6,0,0,0,4,8
12,2,12,17.9,0,0,0,11,8
7,1,7,5.6,0,0,0,36,8
15,6,15,24.5,0,0,18,54,20
14,5,14,27.7,0,0,0,9,5
10,2,10,7.7,0,0,7,0,7
6,3,6,8.7,0,0,0,5,8
12,1,12,25.2,0,1,0,7,8
6,5,6,10.7,0,0,0,21,14
11,3,11,11.7,0,0,2,7,3
16,1,16,19.3,0,0,0,8,8
5,5,5,0.0,0,0,0,25,5
8,1,8,5.1,0,0,17,0,7
7,0,7,8.5,0,0,2,5,3
13,0,13,22.8,0,0,0,30,5
0,4,0,15.2,0,0,0,6,9
15,0,15,16.1,0,0,4,13,3
16,4,16,26.4,0,0,0,7,8
10,1,10,13.1,0,0,0,13,5
8,5,8,12.6,0,0,0,16,5
16,3,16,13.9,0,0,19,5,60
12,0,12,18.7,0,0,0,13,5
16,0,16,30.7,0,0,0,13,8
7,0,7,8.3,0,0,4,21,2
13,2,13,12.2,0,0,0,3,5
15,0,15,30.6,0,0,2,44,3
10,4,10,7.6,0,0,7,0,7
5,6,5,7.9,0,0,16,21,3
4,1,4,10.0,0,0,0,16,5
18,2,18,24.1,0,1,0,13,8
14,3,14,18.1,0,0,0,13,8
5,5,5,15.6,0,0,4,12,5
6,1,6,5.1,0,0,0,8,8
15,2,15,29.4,0,0,10,51,17
18,6,18,16.1,0,0,18,32,6
11,1,11,13.3,0,0,0,21,14
20,3,20,19.0,0,0,4,32,2
5,0,5,12.9,0,0,4,7,5
2,4,2,11.2,0,0,0,1,0
15,5,15,15.9,0,0,2,5,3
1,3,1,13.7,0,0,23,41,15
14,1,14,16.2,0,0,0,61,8
4,5,4,7.5,0,0,6,9,5
7,0,7,8.5,0,0,0,33,8
12,3,12,24.0,0,0,1,2,1
20,3,20,12.6,0,0,0,4,8
16,6,16,21.7,0,0,4,50,2
1,2,1,11.8,0,0,1,2,6
17,6,17,34.7,0,0,0,34,5
7,3,7,3.4,0,0,0,8,5
7,2,7,13.8,0,0,16,21,3
7,3,7,7.3,0,0,2,33,3
5,2,5,14.6,0,0,4,12,5
23,4,23,11.5,0,0,0,0,0
9,6,9,11.9,0,0,0,53,0
16,1,16,12.2,0,0,4,44,2
1,4,1,18.6,0,0,0,37,0
17,3,17,18.2,0,0,6,9,0
11,4,11,9.7,0,0,2,34,3
13,2,13,22.2,0,0,7,0,7
9,5,9,21.4,0,0,0,9,8
5,4,5,8.0,0,0,6,9,5
5,6,5,7.1,0,0,6,9,5
18,2,18,23.1,0,0,2,7,3
9,5,9,7.6,0,0,0,13,5
2,2,2,15.6,0,0,7,0,7
3,3,3,16.4,0,0,1,2,1
10,6,10,15.6,0,0,65,7,72
0,2,0,9.9,0,0,0,1,0
23,2,23,6.2,0,0,2,21,3
1,2,1,17.0,0,0,15,6,3
14,2,14,10.4,0,0,0,5,8
11,0,11,9.5,0,0,0,0,14
19,3,19,22.9,0,0,20,0,7
5,3,5,14.5,0,0,4,3,2
7,0,7,13.6,0,0,0,33,5
13,0,13,15.9,0,0,2,7,3
12,5,12,12.6,0,0,2,7,3
17,3,17,13.5,0,0,4,11,2
13,0,13,20.7,0,0,18,32,33
12,5,12,14.8,0,0,0,9,5
11,5,11,23.2,0,0,0,30,5
11,0,11,13.7,0,0,2,30,3
3,6,3,15.0,0,0,7,0,7
12,4,12,18.6,0,0,19,48,29
19,4,19,23.8,0,0,4,5,3
1,2,1,15.7,0,0,0,6,0
7,3,7,3.8,0,0,2,7,2
15,3,15,19.5,0,0,0,21,8
10,4,10,8.2,0,0,0,5,8
16,6,16,10.7,0,0,0,6,14
6,5,6,7.1,0,0,2,9,2
23,4,23,5.0,0,0,0,0,0
0,6,0,20.6,0,0,0,22,0
4,0,4,11.8,0,0,8,0,9
17,1,17,14.7,0,0,0,53,14
13,5,13,30.2,0,0,0,33,8
16,1,16,31.7,0,0,0,44,5
8,4,8,15.2,0,0,2,29,3
5,0,5,4.5,0,0,0,5,8
13,0,13,8.4,0,0,2,30,3
10,2,10,13.8,0,0,0,32,5
8,1,8,11.8,0,0,4,5,3
5,2,5,10.7,0,0,0,16,5
12,5,12,26.0,0,0,1,2,1
8,6,8,11.1,0,0,2,33,3
18,1,18,11.3,0,0,16,21,8
8,2,8,12.7,0,0,0,44,8
21,0,21,17.1,0,0,2,7,3
17,1,17,9.2,0,0,0,32,5
6,5,6,11.9,0,0,4,7,3
8,6,8,15.7,0,0,4,3,3
20,4,20,20.9,0,0,0,16,5
15,3,15,15.7,0,0,28,55,0
13,4,13,29.5,0,1,22,56,4
9,5,9,13.8,0,0,45,58,6
15,5,15,17.6,0,0,2,7,3
5,0,5,11.4,0,0,6,9,5
13,0,13,24.8,0,0,0,7,8
11,6,11,11.0,0,0,0,8,8
4,2,4,3.6,0,0,1,2,6
16,6,16,15.5,0,0,0,17,0
13,3,13,25.6,0,0,0,5,8
5,0,5,14.3,0,0,1,2,6
17,2,17,13.9,0,0,16,11,8
1,0,1,9.0,0,0,1,2,6
4,0,4,17.6,0,0,2,7,2
16,4,16,17.4,0,0,2,3,2
20,1,20,10.8,0,0,0,36,5
9,3,9,5.4,0,0,0,15,5
11,3,11,11.2,0,0,2,33,3
6,5,6,8.1,0,0,0,25,5
7,6,7,7.8,0,0,2,33,3
1,0,1,16.7,0,0,18,36,6
17,2,17,21.2,0,0,4,38,3
1,1,1,7.0,0,0,0,1,0
23,1,23,10.4,0,0,2,21,3
7,1,7,11.1,0,0,0,29,8
16,2,16,11.3,0,0,0,15,8
15,5,15,18.0,0,0,0,78,8
6,3,6,3.2,0,0,0,12,8
7,0,7,7.2,0,0,0,13,8
19,4,19,24.3,0,0,9,0,10
0,4,0,6.7,0,0,15,6,3
23,2,23,16.0,0,0,9,0,10
19,5,19,26.3,0,0,10,5,17
8,5,8,5.4,0,0,17,2,7
16,3,16,28.7,0,0,15,6,3
12,3,12,11.2,0,0,0,3,8
10,4,10,10.9,0,0,27,36,0
7,5,7,3.9,0,0,2,16,2
18,6,18,23.0,0,0,0,54,5
0,0,0,10.4,0,0,7,0,7
0,5,0,11.5,0,0,1,2,6
4,1,4,10.9,0,0,0,27,5
5,4,5,4.5,0,0,4,10,2
12,1,12,17.1,0,0,0,5,5
6,5,6,6.6,0,0,4,7,2
11,6,11,27.2,0,1,22,56,4
21,5,21,15.9,0,0,0,17,0
16,6,16,19.1,0,0,0,12,8
21,5,21,8.7,0,0,0,9,8
14,3,14,34.5,0,1,7,0,7
11,3,11,23.4,0,0,0,13,8
14,3,14,28.3,0,0,4,7,2
19,2,19,11.7,0,0,2,32,3
13,1,13,25.4,0,0,26,49,13
17,2,17,11.1,0,0,4,7,3
6,3,6,8.2,0,0,0,8,8
22,0,22,12.4,0,0,0,7,8
5,1,5,12.1,0,0,4,5,3
18,4,18,8.0,1,2,0,34,5
7,5,7,5.7,0,0,0,44,5
15,3,15,25.6,0,0,0,9,5
5,3,5,8.4,0,0,4,3,2
9,6,9,18.5,0,0,0,25,8
7,2,7,6.1,0,0,4,7,2
23,0,23,23.2,0,1,12,18,7
1,6,1,12.4,0,0,0,6,14
0,5,0,17.2,0,0,11,23,14
21,4,21,14.4,0,0,0,36,5
20,6,20,14.6,0,0,0,5,8
6,3,6,3.2,0,0,15,6,3
16,5,16,16.7,0,0,0,3,8
0,6,0,14.5,0,0,11,23,14
3,0,3,7.2,0,0,5,9,4
11,3,11,13.4,0,0,4,63,3
11,2,11,8.5,0,0,0,13,8
4,5,4,13.3,0,0,0,11,8
22,2,22,11.3,0,0,49,141,49
17,0,17,27.2,0,0,0,3,8
8,6,8,3.0,0,0,2,16,3
5,0,5,15.0,0,0,0,3,8
10,4,10,8.2,0,0,0,44,8
14,6,14,24.4,0,0,24,136,30
15,6,15,15.5,0,0,29,26,10
7,6,7,9.6,0,0,0,3,8
23,6,23,22.6,0,0,18,32,26
6,5,6,3.5,0,0,0,21,14
16,2,16,17.9,0,0,0,6,14
19,0,19,12.3,0,0,7,0,7
19,3,19,20.2,0,0,45,58,6
11,3,11,19.9,0,0,0,0,0
16,2,16,35.7,0,0,4,3,3
7,5,7,10.1,0,0,0,13,8
12,2,12,16.4,0,0,1,2,1
10,4,10,9.7,0,0,0,21,0
16,3,16,15.3,0,0,10,81,17
20,3,20,22.1,0,1,4,5,2
1,4,1,16.7,0,0,1,2,1
21,4,21,8.6,0,0,13,19,13
3,2,3,9.4,0,0,2,6,3
12,6,12,21.3,0,0,2,30,3
15,6,15,21.4,0,0,0,9,8
16,5,16,18.4,0,0,2,3,2
15,4,15,15.8,0,0,0,78,5
13,3,13,14.9,0,0,2,5,2
18,1,18,12.3,0,0,0,12,5
4,1,4,17.1,0,0,0,7,5
13,3,13,13.7,0,0,4,11,3
15,0,15,13.7,0,0,0,7,8
6,0,6,1.8,0,0,4,3,2
6,5,6,9.5,0,0,4,8,7
17,5,17,18.5,0,0,2,44,3
8,4,8,12.9,0,0,0,10,5
23,6,23,9.7,0,0,35,43,0
7,2,7,11.5,0,0,0,7,8
5,3,5,10.6,0,0,0,89,5
11,0,11,11.9,0,0,0,0,14
8,1,8,12.8,0,0,0,33,8
7,4,7,14.4,0,0,16,21,8
12,2,12,15.4,0,0,0,13,5
21,3,21,12.5,0,0,13,19,13
21,3,21,9.1,0,0,0,61,8
5,2,5,9.9,0,0,80,26,7
22,5,22,13.3,0,0,0,6,5
5,6,5,16.1,0,0,0,7,8
11,1,11,8.1,0,0,0,13,8
18,0,18,16.9,1,2,0,9,5
15,6,15,34.8,0,0,0,16,5
1,6,1,4.8,0,0,2,36,2
15,5,15,16.0,0,0,0,7,8
20,5,20,9.7,0,0,2,9,2
6,2,6,10.2,0,0,0,7,8
4,1,4,5.0,0,0,0,5,5
16,2,16,28.6,0,0,4,7,2
5,3,5,8.9,0,0,8,0,9
12,1,12,20.5,0,0,0,8,5
2,3,2,12.5,0,0,15,6,3
9,3,9,16.1,0,0,2,13,3
22,3,22,21.0,0,1,34,0,7
6,2,6,3.3,0,0,6,9,5
9,5,9,7.8,0,0,0,8,8
3,1,3,15.0,0,0,1,2,1
13,4,13,14.4,0,0,10,103,21
7,4,7,9.8,0,0,6,9,15
0,4,0,19.6,0,0,14,17,13
16,3,16,33.6,0,0,2,5,2
7,1,7,8.9,0,0,0,5,5
8,6,8,7.6,0,0,4,7,5
1,0,1,9.8,0,0,0,37,0
7,5,7,1.3,0,0,0,8,8
20,4,20,22.4,0,0,0,25,8
14,2,14,19.7,0,0,15,6,3
1,0,1,11.7,0,0,15,6,3
12,0,12,18.3,0,0,0,29,5
5,6,5,14.7,0,0,4,5,3
20,1,20,9.5,0,0,4,5,2
7,6,7,6.7,0,0,0,13,8
7,0,7,3.4,0,0,0,8,8
5,2,5,13.0,0,0,4,5,3
15,5,15,21.9,0,0,19,42,64
0,3,0,10.4,0,0,0,43,14
2,2,2,9.5,0,0,16,21,8
13,4,13,16.7,0,0,33,62,0
5,2,5,13.0,0,0,0,7,8
8,1,8,5.7,0,0,0,54,5
23,4,23,12.7,0,0,0,0,0
7,0,7,5.4,0,0,4,21,2
11,2,11,13.1,0,0,0,44,8
5,1,5,6.5,0,0,0,16,8
5,2,5,15.1,0,0,2,4,3
11,3,11,11.7,0,0,0,34,5
3,6,3,6.5,0,0,2,6,3
16,0,16,25.3,0,0,0,11,8
6,0,6,7.8,0,0,4,5,2
12,4,12,20.7,0,0,0,8,5
1,2,1,11.6,0,0,16,21,5
6,6,6,12.7,0,0,4,7,2
23,3,23,15.1,0,0,13,19,13
8,0,8,12.2,0,0,18,32,26
11,1,11,10.4,0,0,2,3,3
7,1,7,16.4,0,0,0,29,5
6,0,6,12.0,0,0,2,36,3
5,6,5,12.6,0,0,2,3,3
12,2,12,19.4,0,0,0,5,5
18,6,18,23.3,0,0,0,32,5
5,6,5,12.8,0,0,6,9,5
6,6,6,13.4,0,0,1,2,6
8,0,8,20.6,0,0,2,8,3
12,1,12,28.6,0,1,22,56,4
18,1,18,16.4,0,0,0,16,5
17,4,17,11.4,0,0,6,9,0
13,5,13,17.4,0,0,14,17,13
23,1,23,3.1,0,0,0,25,8
10,3,10,17.3,0,0,9,0,18
11,1,11,15.8,0,0,14,17,13
19,2,19,11.0,0,0,0,17,0
12,1,12,15.4,0,0,2,44,3
15,6,15,22.0,0,0,2,58,3
5,4,5,16.2,0,0,0,16,8
7,1,7,13.3,0,0,0,3,5
22,0,22,10.3,0,0,18,32,6
5,4,5,8.4,0,0,4,12,2
1,6,1,17.8,0,0,15,6,15
1,6,1,13.9,0,0,23,41,15
5,2,5,4.6,0,0,0,7,5
5,2,5,3.0,0,0,16,21,2
5,6,5,7.2,0,0,0,32,5
15,1,15,13.3,0,0,0,11,8
18,1,18,13.5,0,0,0,3,8
16,1,16,20.8,0,0,0,6,14
20,0,20,26.7,0,0,2,3,3
14,0,14,21.7,0,0,16,110,5
14,4,14,24.5,0,0,0,29,8
6,5,6,3.9,0,0,4,7,3
5,1,5,9.4,0,0,4,10,2
17,4,17,31.1,0,0,0,33,5
7,2,7,13.8,0,0,2,33,3
15,5,15,27.3,0,0,6,93,5
9,6,9,14.1,0,0,0,13,8
4,1,4,11.2,0,0,2,5,3
7,3,7,1.6,0,0,17,0,7
7,4,7,0.6,0,0,0,36,8
12,2,12,15.2,0,0,0,8,8
13,5,13,14.1,0,0,2,36,3
10,6,10,14.6,0,0,0,3,8
4,1,4,7.8,0,0,2,5,3
22,2,22,7.2,0,0,18,36,26
14,1,14,11.8,0,0,0,13,5
16,5,16,21.8,0,0,0,32,5
6,4,6,8.9,0,0,0,5,5
20,1,20,23.6,0,1,2,7,3
0,0,0,18.8,0,0,18,32,26
11,6,11,20.9,0,0,0,25,8
5,0,5,3.5,0,0,10,28,16
18,1,18,13.8,0,0,0,7,5
12,4,12,14.7,0,0,0,13,8
15,3,15,27.0,0,0,0,44,5
11,2,11,8.7,0,0,0,12,5
2,5,2,7.8,0,0,10,33,11
15,4,15,24.8,0,0,7,75,7
16,2,16,20.7,0,0,0,3,8
23,4,23,18.5,0,0,2,16,3
11,6,11,10.8,0,0,0,29,5
2,5,2,15.2,0,0,0,1,0
14,0,14,16.0,0,0,4,7,2
15,3,15,25.0,0,0,16,21,8
13,3,13,29.9,0,0,28,55,0
13,3,13,23.9,0,0,27,36,0
4,1,4,12.3,0,0,0,3,8
7,4,7,3.6,0,0,0,5,8
0,0,0,8.5,0,0,0,1,0
23,1,23,14.6,0,0,0,22,9
8,6,8,3.8,0,0,4,16,2
10,6,10,17.1,0,0,2,16,2
13,5,13,13.6,0,0,4,8,3
8,2,8,9.4,0,0,2,8,3
8,6,8,23.4,0,0,0,53,14
5,4,5,18.2,0,0,2,10,3
18,4,18,11.5,0,0,0,13,8
7,5,7,15.1,0,0,6,9,5
1,0,1,18.3,0,0,0,0,0
8,0,8,10.7,0,0,2,16,2
0,2,0,13.5,0,0,0,6,0
10,3,10,9.2,0,0,10,100,57
19,0,19,7.4,0,0,2,4,3
10,3,10,8.3,0,0,27,36,0
6,2,6,3.5,0,0,4,12,2
9,0,9,14.3,0,0,0,5,8
18,3,18,8.6,1,2,2,7,3
8,0,8,5.2,0,0,2,16,2
4,1,4,14.3,0,0,1,2,1
5,6,5,14.8,0,0,0,16,5
12,2,12,26.7,0,1,26,49,12
9,6,9,20.6,0,0,0,13,8
19,1,19,14.3,0,0,10,30,11
12,6,12,14.5,0,0,0,30,5
16,3,16,22.9,0,0,7,9,7
5,2,5,8.9,0,0,0,36,8
8,2,8,5.3,0,0,4,5,3
6,1,6,10.0,0,0,0,16,8
12,2,12,21.8,0,0,14,24,9
7,6,7,17.5,0,0,4,13,3
12,0,12,11.1,0,0,2,7,3
6,5,6,12.7,0,0,4,32,3
0,4,0,12.0,0,0,1,2,6
5,6,5,7.1,0,0,4,21,5
4,0,4,11.4,0,0,0,5,5
1,2,1,15.9,0,0,0,37,0
16,2,16,18.6,0,1,0,10,5
5,4,5,6.8,0,0,4,7,2
13,1,13,21.8,0,0,0,33,5
10,5,10,21.6,0,0,0,42,5
6,0,6,1.6,0,0,24,47,22
8,0,8,16.1,0,0,0,8,8
12,5,12,24.8,0,1,26,49,12
11,0,11,22.7,0,0,0,44,5
23,3,23,20.8,0,1,34,0,7
0,3,0,19.0,0,0,9,0,18
6,0,6,9.7,0,0,2,5,3
5,2,5,15.4,0,0,2,3,2
7,6,7,0.5,0,0,0,8,8
13,5,13,28.5,0,0,26,49,13
21,2,21,15.6,0,0,13,19,13
23,3,23,11.1,0,0,2,21,3
19,3,19,29.7,0,0,2,33,2
12,4,12,14.0,0,0,0,32,5
18,5,18,17.8,0,0,0,13,8
10,6,10,11.1,0,0,2,45,3
20,6,20,15.8,0,0,4,5,2
9,5,9,8.7,0,0,10,81,17
16,4,16,7.3,0,0,0,6,14
8,3,8,12.9,0,0,73,117,78
0,3,0,8.8,0,0,1,2,6
9,6,9,12.7,0,0,2,8,3
6,0,6,4.5,0,0,2,7,2
12,0,12,18.3,0,0,0,16,8
4,1,4,10.7,0,0,0,9,5
8,3,8,9.3,0,0,0,10,5
13,4,13,21.2,0,0,26,49,13
4,2,4,13.7,0,0,2,3,2
12,3,12,11.2,0,0,16,21,8
7,0,7,12.0,0,0,16,21,8
9,0,9,22.6,0,0,7,21,7
13,3,13,9.7,0,0,10,45,16
14,1,14,14.2,0,0,2,13,2
12,1,12,20.4,0,0,26,49,13
5,3,5,8.9,0,0,2,8,3
6,2,6,0.5,0,0,15,6,3
7,6,7,17.1,0,0,0,8,8
11,5,11,23.8,0,0,4,5,2
12,0,12,27.4,0,0,2,8,3
13,5,13,15.9,0,0,2,44,3
16,6,16,29.1,0,0,0,6,9
20,2,20,5.3,0,0,16,21,8
11,5,11,9.4,0,0,14,17,13
5,5,5,10.0,0,0,4,10,2
18,2,18,25.7,0,0,2,13,2
6,0,6,7.7,0,0,4,32,3
12,5,12,19.7,0,0,1,2,1
18,1,18,19.5,0,0,0,21,8
8,0,8,5.5,0,0,2,16,3
16,2,16,7.2,0,0,0,7,8
4,1,4,8.5,0,0,0,7,8
0,3,0,11.5,0,0,2,21,3
21,5,21,19.6,0,0,6,9,5
19,2,19,12.5,0,0,0,17,0
11,0,11,13.0,0,0,2,34,3
15,0,15,18.9,0,0,9,0,18
5,0,5,8.0,0,0,4,10,2
8,5,8,7.0,0,0,0,15,8
13,3,13,12.7,0,0,2,36,3
20,2,20,15.3,0,0,0,25,5
17,5,17,15.7,0,0,0,7,8
23,0,23,9.7,0,0,0,20,14
16,3,16,27.9,0,0,6,9,7
12,5,12,11.8,0,0,2,7,3
12,4,12,12.5,0,0,0,7,8
22,0,22,10.6,0,0,11,0,14
8,5,8,6.7,0,0,4,54,3
12,3,12,12.2,0,0,0,34,5
9,5,9,9.8,0,0,10,51,17
15,2,15,28.9,0,0,2,11,3
2,1,2,13.7,1,2,0,25,5
2,4,2,10.9,0,0,21,36,7
13,1,13,30.1,0,0,0,44,5
11,5,11,16.3,0,0,14,17,13
20,0,20,7.5,0,0,6,9,5
7,2,7,3.5,0,0,0,8,5
18,5,18,22.6,0,0,0,13,8
7,1,7,14.4,0,0,0,13,5
15,1,15,11.9,0,0,0,78,8
3,3,3,16.2,0,0,15,14,3
17,2,17,16.9,0,0,0,33,5
6,3,6,7.5,0,0,17,0,7
10,1,10,13.4,0,0,0,45,5
5,4,5,15.5,0,0,4,38,2
17,0,17,25.1,0,0,0,8,8
6,5,6,3.7,0,0,0,25,5
1,2,1,5.2,0,0,0,1,0
8,6,8,9.0,0,0,0,36,8
8,5,8,2.4,0,0,6,9,5
3,1,3,20.7,0,0,1,2,1
1,2,1,9.6,0,0,0,6,14
12,1,12,15.1,0,0,18,32,26
9,1,9,11.0,0,0,0,54,5
22,6,22,17.3,0,0,49,113,49
14,2,14,16.0,0,0,0,3,8
7,3,7,8.5,0,0,0,7,5
7,3,7,8.5,0,0,17,0,7
13,3,13,19.3,0,0,0,29,8
13,0,13,23.8,0,0,4,5,3
16,4,16,30.5,0,0,0,21,14
20,1,20,21.1,0,0,2,32,3
10,6,10,10.9,0,0,0,44,8
13,0,13,25.2,0,0,0,13,8
1,2,1,13.2,0,0,0,1,0
8,5,8,4.7,0,0,4,44,2
13,3,13,12.5,0,0,0,13,8
12,5,12,14.3,0,0,4,8,2
14,6,14,24.7,0,0,0,9,5
13,3,13,10.9,0,0,18,32,6
5,0,5,10.0,0,0,2,11,2
14,2,14,9.5,0,0,0,44,8
9,1,9,6.7,0,0,4,7,3
17,3,17,27.1,0,0,0,33,8
19,3,19,13.3,0,0,4,5,3
23,6,23,11.4,0,0,0,20,14
8,1,8,17.3,0,0,0,8,5
11,0,11,21.3,0,0,0,21,5
21,3,21,17.8,0,1,0,3,5
16,5,16,28.6,0,0,0,6,14
14,3,14,23.9,0,0,16,110,5
4,3,4,1.1,0,0,2,4,3
15,2,15,16.7,0,0,2,5,3
1,4,1,19.2,0,0,0,1,0
10,1,10,13.8,0,0,0,3,8
16,0,16,30.8,1,0,2,6,5
22,0,22,7.1,0,0,16,21,5
18,6,18,14.3,0,0,17,0,7
23,2,23,10.7,0,0,0,22,0
22,5,22,10.7,0,0,14,17,13
3,5,3,16.6,0,0,1,2,1
9,5,9,7.8,0,0,0,32,5
16,0,16,24.9,0,0,0,36,8
16,0,16,30.4,0,0,0,36,8
22,3,22,14.5,0,0,12,18,7
19,3,19,24.0,0,1,0,16,8
5,4,5,15.3,0,0,2,5,3
12,1,12,14.3,0,0,2,7,3
0,3,0,6.3,0,0,0,1,0
12,1,12,10.8,1,0,9,21,18
6,2,6,15.1,0,0,2,7,2
3,2,3,9.7,0,0,1,2,1
4,5,4,15.8,0,0,2,16,3
10,5,10,16.4,0,0,10,39,43
9,1,9,8.8,0,0,19,15,29
5,1,5,11.1,0,0,2,10,3
5,0,5,11.4,0,0,2,11,2
1,5,1,6.5,1,2,2,32,3
17,0,17,18.1,0,0,2,13,3
14,4,14,9.9,1,2,2,21,3
12,6,12,27.2,0,1,26,49,12
5,1,5,5.8,0,0,2,3,3
17,4,17,26.3,0,0,0,15,8
10,0,10,11.6,0,0,0,8,5
8,0,8,11.5,0,0,2,16,3
14,1,14,11.4,0,0,4,21,5
11,4,11,19.2,0,0,0,5,5
7,4,7,7.0,0,0,0,13,5
21,4,21,23.1,0,0,0,8,8
14,4,14,12.0,0,0,0,13,8
6,2,6,2.9,0,0,2,36,3
6,1,6,9.4,0,0,4,21,2
18,0,18,30.8,0,0,0,32,5
10,5,10,12.8,0,0,2,45,3
1,2,1,12.2,0,0,15,6,3
7,4,7,13.0,0,0,0,13,8
18,0,18,23.8,0,0,4,12,2
0,6,0,6.1,0,0,0,0,0
4,4,4,10.8,0,0,0,4,5
21,5,21,7.4,0,0,14,24,9
14,4,14,15.0,0,0,0,21,8
6,5,6,10.7,0,0,0,3,5
10,6,10,14.9,0,0,27,36,0
15,0,15,34.2,0,0,0,9,0
6,3,6,1.4,0,0,0,8,8
1,0,1,8.8,0,0,0,21,8
18,0,18,15.4,0,0,16,11,5
21,0,21,7.3,0,0,13,19,13
11,3,11,17.1,0,0,0,53,0
18,2,18,27.6,0,0,0,8,8
4,5,4,2.4,0,0,1,2,6
17,6,17,25.7,0,0,0,5,5
6,4,6,4.5,0,0,4,5,2
8,3,8,6.7,0,0,4,5,3
6,3,6,10.6,0,0,0,12,5
20,2,20,8.9,0,0,0,36,8
12,6,12,17.7,0,0,0,3,8
11,2,11,9.8,0,0,1,2,1
5,3,5,15.0,0,0,0,5,5
5,0,5,9.2,0,0,4,7,5
7,0,7,13.7,0,0,15,6,14
17,1,17,10.7,0,0,0,33,8
4,2,4,11.7,0,0,0,4,8
13,3,13,13.3,0,0,18,32,6
7,0,7,9.9,0,0,15,6,3
23,4,23,17.1,0,0,11,23,14
6,1,6,5.8,0,0,16,21,5
12,2,12,13.2,0,0,0,11,8
19,3,19,14.5,0,0,0,44,8
15,1,15,15.5,0,0,28,55,0
9,0,9,13.2,0,0,0,8,5
12,3,12,23.7,0,0,0,7,8
10,6,10,17.2,0,0,0,44,8
12,1,12,21.6,0,0,2,11,3
1,3,1,12.9,0,0,1,2,6
17,1,17,15.2,0,0,0,36,8
20,1,20,18.6,0,0,2,5,3
8,0,8,8.4,0,0,18,32,26
22,3,22,15.0,0,1,9,0,10
23,3,23,18.5,0,1,34,0,7
0,5,0,11.4,0,0,0,6,14
5,2,5,7.0,0,0,2,7,2
6,6,6,11.2,0,0,0,12,8
23,5,23,4.1,0,0,0,22,14
4,6,4,1.5,0,0,0,11,8
14,3,14,26.3,0,0,24,47,23
4,2,4,14.7,0,0,0,5,5
20,2,20,10.2,0,0,0,4,8
10,4,10,12.2,0,0,2,16,3
5,2,5,11.9,0,0,2,5,3
16,6,16,13.4,0,0,28,55,0
16,1,16,12.3,0,0,79,127,82
6,4,6,5.6,1,0,18,32,6
13,5,13,12.4,0,0,2,36,3
21,1,21,17.9,0,0,9,0,18
23,3,23,4.5,0,0,0,22,0
18,5,18,26.0,0,0,0,33,8
13,4,13,16.2,0,0,4,3,3
6,5,6,8.7,0,0,17,2,7
1,0,1,7.8,0,0,4,8,3
23,3,23,16.6,0,0,0,0,0
16,1,16,16.0,0,0,0,5,8
14,5,14,8.5,0,0,16,110,5
22,2,22,14.2,0,0,16,21,8
0,1,0,16.2,0,0,11,23,14
8,0,8,10.6,0,0,2,8,3
1,6,1,8.4,0,0,1,2,6
5,2,5,3.6,0,0,4,12,5
13,5,13,23.3,0,0,2,5,2
12,0,12,23.8,0,0,26,49,13
3,0,3,10.5,0,0,1,2,1
6,0,6,7.5,0,0,0,5,8
15,4,15,11.9,0,0,4,78,3
8,0,8,9.4,0,0,0,21,8
12,0,12,25.1,0,0,2,44,2
1,1,1,23.2,0,0,14,17,13
17,2,17,25.8,0,0,0,21,14
1,0,1,10.5,0,0,1,2,6
15,5,15,31.6,0,0,9,0,18
5,1,5,8.6,0,0,2,9,2
9,2,9,11.4,0,0,22,56,4
20,3,20,7.5,0,0,6,9,5
13,4,13,17.3,0,0,0,61,8
7,5,7,9.7,0,0,0,3,8
16,3,16,9.9,0,0,2,3,3
1,2,1,6.0,0,0,7,0,7
5,1,5,12.3,0,0,0,11,5
16,0,16,27.6,0,0,0,13,5
3,0,3,10.4,0,0,15,14,3
6,0,6,5.0,0,0,2,7,3
7,6,7,7.1,0,0,4,3,2
5,5,5,5.0,0,0,2,12,3
14,4,14,18.2,0,0,0,7,8
11,3,11,14.5,0,0,0,66,14
1,2,1,18.3,0,0,1,2,6
1,6,1,12.4,0,0,0,1,0
18,1,18,13.5,0,0,16,11,2
17,4,17,15.6,0,0,2,44,3
13,4,13,16.5,0,0,18,32,33
11,1,11,18.7,0,0,0,13,5
5,0,5,15.6,0,0,4,12,2
7,2,7,14.2,0,0,0,45,5
7,6,7,3.1,0,0,4,3,2
6,6,6,5.0,0,0,6,9,5
9,0,9,10.5,0,0,0,15,8
5,2,5,14.7,0,0,7,26,7
19,3,19,10.3,0,0,0,44,5
1,1,1,7.7,0,0,1,2,6
15,2,15,19.8,0,0,16,10,8
14,1,14,19.7,0,0,4,8,3
13,1,13,18.6,0,0,2,7,3
14,2,14,20.7,0,0,15,6,3
9,1,9,7.2,0,0,0,45,5
11,5,11,27.1,0,0,2,16,3
10,0,10,9.2,0,0,27,36,25
19,3,19,10.0,0,0,2,32,3
17,0,17,18.3,0,1,0,44,5
23,4,23,8.0,0,0,0,43,14
7,0,7,9.0,0,0,2,33,3
2,0,2,11.8,0,0,16,21,2
14,6,14,16.0,0,0,16,21,8
0,4,0,6.6,0,0,0,4,5
4,6,4,13.6,0,0,0,4,8
19,5,19,30.9,0,0,4,16,2
14,6,14,18.7,0,0,2,34,3
11,0,11,16.7,0,0,1,2,1
8,5,8,12.0,0,0,0,10,5
4,0,4,9.4,0,0,6,9,5
20,3,20,19.7,0,0,0,16,8
11,1,11,8.1,0,0,14,17,13
5,2,5,14.2,0,0,4,11,2
12,2,12,15.9,0,0,0,11,8
16,0,16,27.6,0,0,2,13,3
13,3,13,17.0,0,0,4,16,2
12,2,12,24.3,0,0,0,7,8
11,6,11,17.0,0,0,0,44,5
10,6,10,9.1,0,0,27,36,0
12,0,12,30.8,0,0,26,49,13
5,1,5,11.2,0,0,0,11,8
13,2,13,23.3,0,0,27,36,0
23,0,23,10.4,0,0,18,32,6
17,0,17,18.7,1,2,0,33,5
17,0,17,14.1,0,0,4,38,3
14,3,14,13.7,0,0,4,21,2
8,5,8,3.1,0,0,18,32,26
18,4,18,28.3,0,0,2,32,3
13,4,13,25.2,0,0,14,17,13
8,0,8,17.8,0,0,0,10,5
12,0,12,14.4,0,0,0,7,8
8,1,8,3.9,0,0,2,16,2
13,6,13,32.4,0,1,7,0,7
19,5,19,16.7,0,0,0,8,5
15,6,15,11.3,0,0,4,7,2
11,3,11,23.6,0,0,10,51,17
19,1,19,22.3,0,0,0,44,8
16,5,16,17.3,0,0,0,6,14
8,0,8,13.4,0,0,7,0,7
9,1,9,12.0,0,0,2,16,2
16,4,16,30.4,0,0,2,13,3
17,1,17,27.7,0,0,0,5,8
12,5,12,14.6,0,0,24,47,23
16,5,16,22.0,0,0,10,39,11
11,0,11,23.5,0,0,2,16,2
11,3,11,11.4,0,0,2,16,3
18,6,18,19.7,0,0,0,13,8
10,2,10,9.7,0,0,0,44,8
12,3,12,15.5,0,0,42,36,61
7,4,7,10.3,0,0,0,13,8
14,1,14,26.9,0,0,2,12,2
4,0,4,14.9,0,0,0,25,5
14,1,14,17.5,0,0,33,62,0
8,2,8,14.2,0,0,2,16,3
5,4,5,13.5,0,0,0,5,8
6,5,6,8.4,0,0,0,8,8
1,4,1,14.3,0,0,0,1,0
15,5,15,17.8,0,0,0,78,8
4,0,4,13.0,0,0,2,4,3
6,0,6,8.6,0,0,0,8,8
17,6,17,26.1,0,0,4,38,3
10,2,10,7.5,0,0,0,12,5
4,4,4,12.5,0,0,5,9,4
4,2,4,9.1,0,0,0,11,8
16,3,16,24.6,0,0,4,5,2
20,1,20,10.4,0,0,13,19,13
6,0,6,0.7,0,0,15,6,14
3,3,3,11.8,0,0,1,2,1
5,1,5,13.5,0,0,2,5,3
6,0,6,7.7,0,0,0,7,8
15,2,15,11.9,0,0,16,10,5
0,1,0,14.2,0,0,0,6,14
11,6,11,18.0,0,0,0,7,8
10,4,10,19.1,0,0,18,32,20
16,0,16,30.5,0,0,2,8,3
10,3,10,17.4,0,0,0,45,5
4,5,4,17.4,0,0,0,12,3
10,5,10,6.4,0,0,17,2,7
10,0,10,20.3,0,0,0,42,5
10,2,10,14.3,0,0,0,21,0
12,3,12,21.7,0,1,0,7,8
22,3,22,9.2,0,0,23,41,15
23,0,23,15.9,0,0,9,0,10
5,5,5,16.5,0,0,2,5,3
23,3,23,12.0,0,0,0,0,0
17,3,17,17.9,0,0,0,7,5
6,0,6,8.2,0,0,24,28,30
13,5,13,29.4,1,0,0,48,14
15,2,15,19.7,0,0,0,21,8
0,0,0,20.9,0,0,8,6,9
7,1,7,10.1,0,0,4,21,2
11,1,11,17.1,0,0,14,17,13
8,2,8,6.9,0,0,2,5,3
9,0,9,6.8,0,0,0,13,5
11,3,11,14.6,0,0,0,33,5
17,2,17,16.3,0,0,2,13,3
16,1,16,30.5,0,1,6,9,7
5,0,5,12.9,0,0,4,5,2
7,4,7,6.4,0,0,16,21,8
6,2,6,15.1,0,0,0,7,5
5,2,5,14.3,0,0,4,6,3
6,1,6,5.4,0,0,2,21,3
13,5,13,15.3,0,0,4,13,3
8,1,8,2.4,0,0,0,3,8
17,6,17,10.3,0,0,16,11,3
12,5,12,12.5,0,0,0,45,5
5,5,5,12.4,0,0,4,10,2
7,1,7,7.5,0,0,0,44,5
19,1,19,4.3,0,0,0,33,5
8,5,8,7.6,0,0,0,10,5
11,1,11,15.2,0,0,0,45,5
15,0,15,23.4,0,0,15,6,3
11,4,11,13.2,0,0,0,33,8
7,6,7,9.7,0,0,0,36,5
0,5,0,4.4,0,0,1,2,6
15,6,15,11.8,0,0,0,8,8
5,0,5,11.4,0,0,4,10,2
4,2,4,14.7,0,0,0,5,5
8,5,8,11.8,0,0,0,9,14
5,0,5,9.1,0,0,10,28,16
22,2,22,8.6,0,0,18,36,26
8,3,8,9.0,0,0,0,7,8
17,0,17,27.9,0,0,0,54,5
5,1,5,11.1,0,0,0,25,8
17,5,17,19.2,0,1,0,7,5
6,1,6,10.1,0,0,0,8,5
15,3,15,31.4,0,0,0,8,5
8,1,8,10.4,0,0,2,3,3
9,1,9,6.6,0,0,0,36,8
4,2,4,14.8,0,0,2,5,3
17,6,17,25.3,0,0,0,21,0
11,3,11,9.3,0,0,2,8,3
7,4,7,7.6,0,0,2,8,3
23,1,23,9.9,0,0,0,20,0
16,6,16,33.4,0,1,9,0,18
0,4,0,10.3,0,0,15,6,15
3,3,3,16.4,0,0,2,6,3
23,4,23,5.5,0,0,0,20,0
10,4,10,10.2,0,0,0,33,8
8,4,8,15.4,0,0,4,13,2
11,6,11,13.5,0,0,0,13,8
4,4,4,12.8,0,0,2,10,3
5,0,5,14.0,0,0,4,12,5
8,6,8,14.4,0,0,2,45,3
4,1,4,16.7,0,0,2,3,2
22,6,22,7.8,0,0,23,41,15
0,6,0,9.7,0,0,15,6,5
6,2,6,12.3,0,0,4,21,3
5,6,5,5.8,0,0,2,9,3
17,2,17,19.5,0,0,0,11,8
10,2,10,7.9,0,0,0,12,5
17,3,17,15.3,0,0,7,9,7
5,5,5,12.4,0,0,1,2,6
10,6,10,9.2,0,0,0,44,8
7,5,7,15.6,0,0,0,8,8
4,6,4,1.5,0,0,1,2,6
8,4,8,8.4,0,0,0,8,8
18,6,18,9.7,0,0,4,44,3
7,5,7,12.7,0,0,0,29,5
14,4,14,27.8,0,0,2,54,3
6,5,6,10.8,0,0,4,32,5
16,0,16,28.1,0,0,0,6,14
21,2,21,13.1,0,0,0,3,5
7,3,7,9.7,0,0,6,9,15
16,2,16,15.3,0,0,4,4,3
20,1,20,14.7,0,0,0,36,5
15,2,15,24.5,0,0,0,11,8
12,1,12,25.8,0,1,26,49,25
19,5,19,14.6,0,0,0,8,8
6,6,6,11.1,0,0,0,7,5
5,1,5,11.1,0,0,2,10,3
7,1,7,4.2,0,0,0,33,5
23,2,23,6.0,0,0,2,21,3
0,5,0,7.5,0,0,0,6,14
8,5,8,5.8,0,0,0,13,8
5,0,5,12.2,0,0,2,11,5
10,6,10,16.9,0,0,0,3,8
16,5,16,24.5,0,0,2,5,3
14,5,14,16.8,0,0,18,32,26
6,0,6,9.9,0,0,2,9,2
5,4,5,16.0,0,0,1,2,6
15,3,15,16.6,0,0,16,10,5
20,2,20,19.4,0,0,0,48,7
10,0,10,25.1,1,1,44,48,11
19,1,19,8.0,0,0,2,32,3
4,5,4,14.2,0,0,4,8,5
10,5,10,15.1,0,0,0,13,5
11,2,11,11.0,0,0,2,16,2
4,0,4,9.9,0,0,0,5,8
0,2,0,12.2,0,0,0,25,8
8,2,8,7.1,0,0,0,29,8
20,6,20,12.1,0,0,13,19,13
20,4,20,6.7,0,0,0,9,5
13,6,13,25.0,0,0,18,54,20
12,6,12,18.4,0,0,0,21,8
13,2,13,16.1,0,0,4,5,3
6,2,6,11.0,0,0,0,5,8
15,4,15,19.3,0,0,4,21,2
4,0,4,9.5,0,0,2,3,3
6,0,6,8.6,0,0,4,12,3
15,2,15,20.3,0,0,6,93,5
7,5,7,8.2,0,0,0,16,8
16,1,16,27.7,0,1,9,0,18
16,0,16,26.8,0,0,0,21,5
11,5,11,27.3,0,0,0,3,5
22,0,22,8.8,0,0,0,25,5
16,0,16,27.5,0,0,18,32,33
12,0,12,16.8,0,0,0,8,8
17,3,17,15.0,0,0,0,78,8
4,3,4,4.2,0,0,1,2,6
5,5,5,9.1,0,0,4,11,2
13,0,13,21.4,0,0,7,0,7
23,2,23,21.4,0,0,2,21,3
21,3,21,15.4,0,0,0,17,0
6,5,6,6.5,0,0,4,32,3
8,2,8,13.6,0,0,2,16,3
8,5,8,20.2,0,0,0,8,8
18,2,18,26.4,0,0,16,11,5
13,1,13,19.2,0,0,18,32,33
9,5,9,22.4,0,0,2,45,3
21,6,21,13.8,0,0,0,16,8
2,0,2,12.2,0,0,0,1,0
22,3,22,12.9,0,0,11,0,12
19,4,19,10.9,0,0,2,4,3
16,4,16,27.6,0,0,10,5,11
4,1,4,13.8,0,0,0,12,8
5,4,5,0.8,0,0,0,3,8
23,5,23,17.7,0,0,13,19,13
12,0,12,8.6,1,0,19,48,17
20,5,20,13.2,0,0,0,4,8
13,1,13,16.3,0,0,18,32,26
18,5,18,15.7,0,0,0,33,8
16,2,16,11.9,0,0,2,44,3
5,1,5,11.1,0,0,0,3,8
11,3,11,16.1,0,0,0,30,5
15,3,15,10.2,0,0,15,6,3
17,2,17,19.1,0,0,6,9,0
7,5,7,8.7,0,0,2,33,3
5,5,5,9.3,0,0,2,5,3
5,3,5,2.8,0,0,0,32,5
4,4,4,8.7,0,0,0,16,5
19,0,19,11.5,0,0,2,8,3
7,1,7,13.4,0,0,0,13,5
20,6,20,29.8,0,0,4,44,2
5,0,5,8.6,0,0,2,11,2
18,4,18,21.1,0,0,2,12,2
20,1,20,13.6,0,0,6,9,5
4,6,4,11.0,0,0,2,4,3
10,4,10,19.2,0,0,0,44,5
5,4,5,13.1,0,0,0,16,8
6,2,6,11.7,0,1,0,8,5
12,5,12,25.9,0,0,2,11,3
13,6,13,14.9,0,0,18,54,20
16,6,16,29.7,0,0,0,3,8
12,2,12,24.7,0,1,7,0,7
7,4,7,8.5,0,0,2,8,3
8,2,8,18.9,0,0,0,7,8
17,2,17,11.5,0,0,4,38,3
19,3,19,8.9,1,2,4,13,5
5,4,5,14.9,0,0,4,38,3
4,1,4,11.3,0,0,0,5,5
7,0,7,10.3,0,0,6,9,15
5,6,5,8.6,0,0,2,7,3
11,4,11,9.6,0,0,14,17,13
10,0,10,22.3,0,0,0,3,8
13,0,13,21.8,0,0,26,49,13
15,3,15,20.3,0,0,16,110,2
11,3,11,18.8,0,0,0,0,0
15,1,15,19.2,0,0,16,110,8
8,1,8,8.3,0,0,4,44,2
8,1,8,14.4,0,0,4,3,2
18,4,18,15.7,0,0,0,7,8
7,4,7,7.1,0,0,0,36,5
23,2,23,9.0,0,0,0,0,0
7,3,7,8.7,0,0,0,9,5
6,4,6,8.4,1,2,0,0,0
17,0,17,25.1,0,0,0,11,8
11,2,11,23.8,0,0,2,16,2
7,1,7,9.0,0,0,0,7,8
19,5,19,31.8,0,0,0,7,8
5,5,5,15.4,0,0,4,6,3
1,6,1,15.0,0,0,16,21,8
2,3,2,7.4,0,0,15,14,3
11,2,11,20.1,0,0,2,44,3
10,5,10,8.3,0,0,2,34,3
15,5,15,14.6,0,0,0,11,8
6,1,6,8.9,0,0,4,3,2
11,4,11,11.3,0,0,7,0,7
5,6,5,5.1,0,0,0,5,5
7,2,7,8.1,0,0,2,16,3
19,1,19,22.1,0,0,9,0,10
4,1,4,8.0,0,0,0,3,8
9,5,9,19.7,0,1,0,76,0
5,0,5,9.5,0,0,4,10,3
14,2,14,18.3,0,0,0,16,8
16,0,16,18.1,0,0,76,122,31
5,1,5,18.6,0,0,4,8,3
6,0,6,5.9,0,0,10,28,16
0,4,0,8.5,0,0,0,1,0
12,4,12,26.8,0,0,18,32,6
7,5,7,1.3,0,0,4,21,2
15,5,15,30.2,0,0,7,0,7
14,3,14,19.6,1,2,0,11,8
7,2,7,12.5,0,0,2,5,3
3,4,3,8.9,1,2,6,9,5
15,6,15,16.1,0,0,28,55,0
15,3,15,28.8,0,0,2,58,3
18,0,18,8.1,0,0,0,36,8
12,4,12,10.4,0,0,0,10,5
12,3,12,11.9,0,0,1,2,1
17,5,17,33.2,0,0,0,16,8
0,1,0,5.5,0,0,0,6,14
23,0,23,19.9,0,0,12,18,7
12,0,12,19.9,0,0,0,21,8
17,1,17,13.8,0,0,2,44,3
21,4,21,6.2,0,0,0,3,8
6,5,6,11.8,0,0,4,32,3
7,1,7,17.5,0,0,0,8,8
13,1,13,20.2,0,0,0,44,5
13,5,13,15.6,0,0,4,13,5
14,0,14,19.4,0,0,15,6,3
7,0,7,10.7,0,0,2,33,3
11,6,11,11.6,0,0,14,17,13
6,2,6,15.1,0,0,4,7,5
13,1,13,22.5,0,0,0,11,8
12,5,12,27.5,0,0,4,7,2
19,2,19,19.1,0,0,16,11,5
5,2,5,8.9,0,0,4,7,2
16,2,16,31.0,0,0,4,3,2
11,2,11,8.9,0,0,0,7,8
9,6,9,16.5,0,0,0,21,8
21,6,21,14.3,0,0,40,36,10
6,4,6,5.3,0,0,2,8,2
1,1,1,12.5,0,0,16,21,8
8,2,8,9.9,0,0,0,44,8
4,5,4,0.2,0,0,0,4,8
4,3,4,6.3,0,0,0,11,8
17,5,17,29.5,0,0,0,13,5
1,4,1,11.4,0,0,16,21,5
19,0,19,12.3,0,0,2,7,3
17,2,17,14.4,0,0,0,54,5
4,5,4,13.3,0,0,0,16,5
0,5,0,19.6,0,0,11,23,14
23,4,23,17.9,0,0,0,17,0
14,6,14,11.4,0,0,2,33,3
6,1,6,4.4,0,0,4,7,3
16,6,16,16.3,0,0,0,32,5
5,6,5,16.8,0,0,4,5,3
9,0,9,9.8,0,0,0,8,5
11,3,11,9.8,0,0,14,17,13
18,6,18,14.4,0,0,18,32,6
17,6,17,16.5,0,0,0,32,5
12,3,12,18.1,1,2,0,36,8
15,1,15,21.9,0,0,2,58,3
6,1,6,9.6,0,0,4,21,5
7,4,7,13.2,0,0,0,44,5
6,3,6,8.7,0,0,4,7,3
14,4,14,28.3,0,0,4,8,3
17,0,17,26.2,0,0,7,0,7
13,6,13,22.8,0,0,20,6,7
1,1,1,14.6,0,0,1,2,6
12,5,12,17.4,0,0,27,36,0
21,2,21,10.3,0,0,11,0,14
3,6,3,8.5,0,0,1,2,1
11,3,11,18.8,0,0,2,16,3
11,4,11,19.9,0,0,7,0,7
12,0,12,12.4,0,0,0,5,8
16,6,16,24.0,0,0,4,3,2
17,3,17,28.3,0,0,0,21,0
5,6,5,7.5,0,0,2,9,2
9,6,9,12.6,0,0,2,16,2
23,4,23,5.6,0,0,0,25,8
1,5,1,10.4,0,0,0,1,0
11,5,11,11.0,0,0,0,3,8
10,6,10,9.8,0,0,4,9,5
4,2,4,17.2,0,0,2,4,3
10,2,10,21.2,0,1,0,44,8
8,1,8,6.0,0,0,0,21,8
20,6,20,15.6,0,0,0,4,8
14,5,14,18.8,0,0,4,9,5
5,5,5,2.5,0,0,6,9,15
10,6,10,10.1,0,0,27,36,0
7,1,7,10.6,0,0,0,5,5
12,4,12,14.4,0,0,4,8,3
16,3,16,16.5,0,0,7,0,7
23,6,23,7.9,0,0,0,22,0
9,4,9,8.1,0,0,0,33,5
10,3,10,17.2,0,0,0,5,8
20,1,20,14.8,0,0,0,3,8
6,2,6,9.1,0,0,0,12,8
21,6,21,23.6,0,0,0,17,0
5,4,5,8.8,0,0,16,21,2
5,3,5,2.8,0,0,0,7,8
10,0,10,18.4,0,0,0,8,5
6,2,6,12.9,0,0,2,32,3
15,6,15,25.5,0,0,0,5,8
16,5,16,32.5,0,0,0,34,5
5,3,5,14.4,0,0,4,3,2
18,3,18,25.0,0,0,10,35,17
7,0,7,9.9,0,0,5,9,4
10,3,10,9.0,0,0,2,16,3
7,0,7,0.8,0,0,2,7,2
16,2,16,24.6,0,0,16,10,2
21,3,21,9.6,0,0,4,5,3
21,0,21,9.9,0,0,13,19,13
2,6,2,13.0,0,0,0,62,0
5,4,5,8.5,0,0,0,3,8
6,4,6,2.3,0,0,7,0,7
20,6,20,20.3,0,0,0,5,5
0,0,0,7.0,0,0,23,41,15
11,2,11,10.5,0,0,1,2,1
6,2,6,9.6,0,0,2,7,2
1,1,1,18.1,0,0,0,6,14
15,2,15,14.2,0,0,0,78,5
13,4,13,14.2,0,0,18,32,6
15,6,15,21.0,0,0,0,5,8
18,5,18,31.9,0,1,4,3,5
13,1,13,13.0,0,0,0,61,8
20,1,20,10.7,0,0,2,9,3
10,6,10,10.1,0,0,0,57,0
18,6,18,25.4,0,0,0,13,8
14,3,14,24.1,0,0,2,7,3
18,5,18,25.6,0,0,2,33,3
2,5,2,10.2,0,0,9,0,10
5,1,5,13.1,0,0,0,3,8
8,4,8,5.3,0,0,18,32,26
1,3,1,11.9,0,0,1,2,1
16,1,16,16.8,0,0,0,6,14
11,6,11,19.3,0,0,2,30,3
6,0,6,3.4,0,0,0,21,14
22,5,22,11.2,0,0,13,19,13
12,6,12,16.4,0,1,26,49,13
4,5,4,22.7,0,0,0,16,5
16,1,16,13.8,0,0,28,55,0
20,4,20,7.6,1,2,23,41,15
15,1,15,13.4,0,0,44,48,58
9,5,9,10.2,0,0,0,76,0
5,4,5,5.9,0,0,4,11,2
1,6,1,9.0,0,0,0,1,0
14,2,14,16.1,0,0,24,47,22
19,2,19,8.3,0,0,0,21,5
9,6,9,6.1,0,0,0,5,8
10,1,10,20.7,0,0,0,29,8
11,2,11,7.1,0,0,14,17,13
14,1,14,15.1,0,0,4,7,3
23,0,23,11.9,0,0,0,43,14
15,1,15,22.2,0,0,2,3,3
15,5,15,27.8,0,0,0,9,8
19,6,19,10.2,0,0,0,17,0
4,4,4,0.9,0,0,0,11,8
12,1,12,29.0,0,1,26,49,12
11,5,11,23.9,0,0,0,7,5
14,3,14,14.2,0,0,0,7,8
6,0,6,3.3,0,0,2,36,3
8,6,8,8.2,0,0,6,9,5
11,1,11,8.4,0,0,0,21,8
5,0,5,11.5,0,0,9,0,7
6,3,6,4.1,0,0,4,7,3
15,3,15,19.3,1,2,0,3,8
12,1,12,24.9,0,0,0,10,5
16,2,16,28.3,0,0,0,11,8
10,0,10,7.7,0,0,0,7,8
18,6,18,11.1,0,0,0,33,5
5,0,5,13.8,0,0,2,11,5
16,1,16,23.3,0,0,0,44,5
16,5,16,15.9,0,0,0,21,14
5,3,5,8.8,0,0,1,2,6
23,4,23,16.4,0,0,0,20,0
4,6,4,8.7,0,0,2,4,2
10,0,10,19.8,0,1,4,14,3
17,4,17,15.1,0,0,16,21,8
21,5,21,12.6,0,0,11,0,14
17,3,17,26.3,0,0,6,9,0
13,0,13,19.0,0,0,0,9,5
9,6,9,5.6,0,0,2,16,2
21,2,21,7.4,0,0,0,5,5
1,2,1,14.6,0,0,1,2,6
22,6,22,11.8,0,0,23,41,15
5,6,5,17.4,0,0,4,5,5
8,5,8,7.9,0,0,4,5,2
1,6,1,9.5,0,0,16,21,5
22,0,22,8.8,0,0,6,9,5
19,6,19,9.0,0,0,2,32,3
5,6,5,4.8,0,0,4,10,2
14,3,14,13.1,0,0,0,5,8
17,5,17,24.9,0,0,0,36,5
0,1,0,3.7,0,0,0,6,14
9,3,9,12.8,0,0,0,8,5
5,3,5,10.8,0,0,2,7,3
10,6,10,17.5,0,1,7,36,7
19,4,19,7.9,1,2,11,0,14
8,5,8,2.8,0,0,6,9,5
2,5,2,5.6,0,0,15,14,3
16,3,16,18.4,0,0,16,10,5
15,4,15,16.8,0,0,0,21,8
6,1,6,9.9,0,0,9,69,10
0,5,0,14.7,0,0,0,1,0
6,4,6,8.2,0,0,2,119,3
18,0,18,16.8,1,2,2,16,2
19,0,19,15.0,0,0,2,4,3
0,5,0,17.2,0,0,0,0,0
11,2,11,9.1,0,0,1,2,1
22,3,22,21.9,0,0,0,25,8
11,0,11,17.5,0,0,27,36,0
7,1,7,13.2,0,0,0,5,5
19,1,19,14.9,0,0,16,21,2
17,2,17,14.5,0,0,2,5,3
5,4,5,12.2,0,0,0,5,5
12,0,12,21.6,0,0,14,17,13
4,4,4,8.1,0,0,0,7,8
8,1,8,16.0,0,0,0,11,5
11,5,11,25.6,0,0,2,16,3
18,3,18,16.6,0,0,2,44,3
4,0,4,3.7,0,0,5,9,4
8,0,8,3.1,0,0,0,8,5
0,6,0,9.7,0,0,0,0,0
17,6,17,12.7,0,0,0,54,5
8,4,8,7.5,0,0,4,14,3
6,3,6,15.0,0,0,1,2,6
4,4,4,11.9,0,0,2,4,2
15,5,15,21.5,0,0,2,58,3
5,4,5,4.2,0,0,6,9,5
5,3,5,14.5,0,0,2,11,5
18,5,18,7.4,0,0,16,21,5
6,0,6,11.5,0,0,24,47,22
1,5,1,6.1,1,2,2,8,2
6,0,6,11.8,0,0,10,28,16
21,1,21,22.1,0,1,12,18,7
6,1,6,10.6,0,0,0,8,8
5,2,5,2.8,0,0,0,4,5
7,3,7,8.4,0,0,0,13,8
1,5,1,18.0,0,0,0,1,0
17,6,17,26.9,0,0,0,12,8
5,6,5,10.8,0,0,2,4,3
17,4,17,13.2,0,0,0,8,5
19,5,19,10.7,0,0,2,3,3
5,4,5,16.7,0,0,2,11,5
6,6,6,6.7,0,0,0,5,8
8,0,8,12.0,0,0,18,32,6
8,1,8,10.9,0,0,0,44,8
9,3,9,10.1,0,0,0,13,8
18,0,18,14.9,0,0,4,8,3
5,6,5,16.3,0,0,1,2,6
15,4,15,19.3,0,0,16,21,8
5,2,5,12.2,0,0,6,9,15
16,4,16,17.3,0,0,2,9,3
17,6,17,13.0,0,0,2,44,3
5,0,5,3.0,0,0,4,11,2
12,1,12,24.1,0,0,2,16,2
16,3,16,25.1,0,0,4,8,3
6,3,6,8.0,0,0,2,36,3
8,0,8,8.6,0,0,0,9,8
5,3,5,8.8,0,0,0,32,5
1,6,1,9.6,0,0,1,2,6
6,2,6,9.4,0,0,4,11,2
9,1,9,20.7,0,0,0,43,14
18,4,18,15.1,0,0,2,8,3
8,4,8,2.2,0,0,0,32,5
1,3,1,9.9,0,0,1,2,6
11,6,11,10.2,0,0,2,34,2
5,3,5,9.6,0,0,2,3,2
14,1,14,11.2,1,2,0,12,5
9,3,9,12.2,0,0,4,16,3
5,2,5,16.6,0,0,4,7,5
17,5,17,20.2,0,0,2,44,3
6,5,6,6.1,0,0,0,12,8
13,5,13,14.1,0,0,4,16,3
8,3,8,5.7,0,0,0,13,8
0,2,0,5.7,0,0,15,6,3
13,5,13,15.3,0,0,18,32,6
0,3,0,16.6,0,0,0,6,14
5,4,5,12.5,0,0,3,26,4
8,3,8,9.4,0,0,2,8,3
1,3,1,9.5,0,0,0,6,14
14,6,14,19.8,0,0,29,26,10
9,3,9,16.8,0,0,17,0,7
16,5,16,25.2,0,0,4,12,2
9,6,9,9.9,0,0,0,44,8
0,1,0,16.8,0,0,14,17,13
19,6,19,14.3,0,0,0,44,8
11,5,11,12.8,0,0,0,7,8
16,5,16,18.2,0,0,0,34,5
10,0,10,14.1,0,0,0,25,5
8,3,8,10.5,0,0,0,13,8
22,6,22,8.1,0,0,3,6,4
19,3,19,24.5,0,0,0,13,5
6,0,6,9.8,0,0,0,5,8
1,5,1,7.4,0,0,0,1,0
16,0,16,16.4,0,0,0,5,8
19,6,19,8.9,0,0,0,25,8
15,3,15,25.8,0,0,2,3,3
6,2,6,16.8,0,0,0,8,5
5,1,5,9.2,0,0,2,7,3
14,2,14,11.8,0,0,6,93,5
18,4,18,25.5,0,0,6,9,0
6,4,6,15.5,0,0,34,0,7
9,3,9,16.2,0,0,2,16,2
6,6,6,8.2,0,0,2,7,2
4,1,4,8.8,0,0,6,9,5
5,2,5,12.3,0,0,4,5,3
20,0,20,8.5,0,0,2,9,3
19,3,19,14.1,0,0,16,21,8
17,0,17,17.8,0,0,4,38,3
16,6,16,19.8,0,0,2,9,2
4,5,4,14.0,0,0,2,7,3
14,5,14,16.3,0,0,0,29,8
13,6,13,11.0,0,0,0,3,8
22,2,22,22.4,0,1,12,18,7
7,0,7,7.6,0,0,4,5,3
22,1,22,14.2,0,0,14,24,9
21,5,21,6.6,0,0,4,5,3
1,2,1,14.4,0,0,1,2,6
23,1,23,10.2,0,0,0,0,0
7,5,7,13.9,0,0,0,45,5
0,4,0,9.2,0,0,15,6,3
4,6,4,7.5,0,0,2,10,3
16,2,16,11.7,0,0,4,44,3
9,2,9,16.6,0,1,6,9,5
19,1,19,5.5,0,0,4,32,5
17,0,17,13.1,0,0,10,38,16
23,3,23,9.4,0,0,23,41,15
22,0,22,20.9,0,0,7,6,7
22,1,22,3.2,0,0,18,32,26
11,4,11,17.5,0,0,27,36,0
5,4,5,16.3,0,0,4,5,5
4,3,4,9.5,0,0,7,36,7
19,0,19,12.4,0,0,0,17,0
13,3,13,22.5,0,0,2,8,2
23,1,23,10.2,0,0,10,8,17
6,0,6,9.8,0,0,4,5,2
22,5,22,18.4,0,0,4,8,3
9,2,9,9.4,0,0,0,10,5
13,1,13,14.7,0,0,33,62,0
13,6,13,19.6,0,0,0,12,5
12,5,12,28.4,0,0,2,16,3
14,3,14,25.3,0,0,0,44,5
12,2,12,10.1,0,0,10,48,17
5,0,5,9.2,0,0,0,5,8
19,3,19,21.0,0,0,16,21,8
15,5,15,17.7,0,0,2,13,3
3,4,3,15.7,0,0,1,2,1
9,6,9,6.8,0,0,2,7,3
15,6,15,25.8,0,0,15,6,3
19,0,19,8.9,0,0,2,8,3
13,4,13,14.4,0,0,4,13,2
8,2,8,2.9,0,0,17,0,7
12,3,12,14.1,0,0,2,61,2
23,1,23,14.8,0,0,4,8,3
16,3,16,17.9,0,0,7,9,7
5,1,5,11.3,0,0,0,7,5
7,4,7,5.7,0,0,2,8,3
6,1,6,9.0,0,0,0,21,14
3,4,3,8.9,0,0,5,9,4
13,5,13,14.4,0,0,2,8,3
17,4,17,27.3,0,0,24,25,30
22,6,22,7.9,0,0,11,0,14
16,1,16,17.0,0,0,0,21,8
16,6,16,17.6,0,0,2,44,3
22,6,22,7.6,0,0,4,54,5
4,6,4,5.7,0,0,0,4,8
12,4,12,26.4,0,0,4,63,3
14,3,14,17.7,0,0,7,9,7
16,1,16,28.9,0,0,0,8,5
15,1,15,32.6,0,0,10,25,11
21,3,21,15.6,0,0,0,9,5
15,3,15,27.8,0,0,16,10,3
15,1,15,20.3,0,0,0,33,8
0,1,0,10.2,0,0,1,2,6
16,4,16,30.9,0,0,0,45,5
15,4,15,18.0,0,0,2,12,3
1,0,1,11.5,0,0,0,37,0
5,0,5,7.2,0,0,2,5,3
17,5,17,29.6,0,0,0,7,8
7,4,7,10.9,0,0,0,36,8
11,1,11,12.7,0,0,2,16,3
13,1,13,14.2,0,0,4,7,2
6,0,6,6.9,0,0,2,7,3
23,2,23,16.2,0,0,0,20,14
18,5,18,16.8,0,0,0,33,8
15,3,15,19.1,0,0,2,45,3
15,0,15,23.5,0,0,0,9,0
15,3,15,26.8,0,0,16,110,8
21,6,21,12.9,0,0,0,5,8
20,2,20,6.9,0,0,2,54,3
5,4,5,12.9,0,0,4,11,2
16,4,16,13.2,0,0,0,11,8
8,2,8,2.8,0,0,4,5,3
22,0,22,12.7,0,0,11,0,14
19,6,19,14.3,0,0,0,6,14
19,0,19,15.1,0,0,4,32,5
15,3,15,14.6,0,0,28,55,0
10,0,10,14.1,0,0,0,42,5
7,3,7,3.2,0,0,0,7,8
6,2,6,9.3,0,0,0,3,8
9,5,9,14.2,0,0,0,9,5
15,3,15,16.0,0,0,4,5,2
15,0,15,28.6,0,0,24,25,30
21,5,21,22.4,0,0,6,9,5
10,6,10,11.3,0,0,27,36,0
5,0,5,5.9,0,0,16,21,2
5,0,5,9.5,0,0,2,9,2
15,5,15,21.0,0,0,0,11,8
12,6,12,28.2,0,1,1,2,6
0,3,0,15.8,0,0,0,6,9
18,6,18,16.7,0,0,0,16,8
5,6,5,5.8,0,0,4,12,5
21,0,21,21.9,0,0,6,9,5
20,0,20,23.6,0,0,0,25,8
23,4,23,21.1,0,0,14,24,9
2,0,2,18.6,0,0,10,8,11
11,4,11,10.4,0,0,0,25,8
17,6,17,10.6,0,0,0,54,5
8,2,8,5.7,0,0,6,9,5
0,1,0,10.8,0,0,1,2,6
20,4,20,15.4,0,0,2,21,3
13,0,13,24.0,0,0,4,5,2
16,2,16,21.6,0,0,4,44,3
11,6,11,12.9,0,0,0,13,8
8,5,8,0.9,0,0,0,30,5
5,1,5,11.3,0,0,4,3,3
6,4,6,4.7,0,0,0,21,14
12,1,12,17.2,0,0,2,61,2
12,1,12,29.0,0,0,4,63,3
8,1,8,9.4,0,0,0,10,5
22,5,22,6.6,0,0,11,0,14
9,6,9,8.3,0,0,0,30,5
15,5,15,27.6,0,0,10,51,17
16,3,16,17.8,0,0,0,78,5
21,4,21,19.0,0,0,0,8,8
10,4,10,14.4,0,0,2,13,3
6,4,6,8.1,0,0,0,12,8
2,5,2,6.2,1,2,4,3,5
2,4,2,1.9,0,0,9,0,10
2,3,2,12.6,0,0,80,26,7
7,3,7,7.2,0,0,15,6,3
9,1,9,12.6,0,0,0,36,8
13,5,13,18.8,0,0,4,13,5
17,0,17,13.1,0,0,4,38,3
0,3,0,8.8,0,0,0,21,8
6,0,6,12.2,0,0,10,28,34
10,4,10,8.8,0,0,2,13,3
18,5,18,28.4,0,0,2,12,2
14,2,14,21.5,0,0,18,36,6
13,3,13,26.4,0,0,0,7,8
11,0,11,22.0,0,0,2,13,2
0,3,0,10.2,0,0,0,25,8
23,0,23,5.3,0,0,0,20,0
9,0,9,14.8,0,0,2,45,3
1,4,1,6.6,0,0,0,1,0
15,3,15,11.2,0,0,0,78,8
14,3,14,14.2,0,0,0,12,5
1,4,1,15.8,0,0,7,0,7
20,3,20,10.7,0,0,4,5,3
1,4,1,8.9,0,0,1,2,6
11,6,11,14.3,0,0,2,7,3
0,0,0,16.8,0,0,2,21,3
5,2,5,12.8,0,0,4,7,3
0,6,0,16.7,0,0,0,22,0
1,2,1,10.5,0,0,2,36,2
14,4,14,16.5,0,0,15,6,3
7,2,7,6.1,0,0,0,5,8
22,1,22,10.3,0,0,11,0,14
23,5,23,9.1,0,0,0,20,0
1,6,1,16.5,0,0,0,1,0
13,3,13,23.6,0,0,2,7,2
23,6,23,13.6,0,0,13,19,13
18,3,18,26.7,0,0,2,4,3
17,5,17,29.5,0,0,0,32,5
5,1,5,8.6,0,0,0,68,8
11,0,11,16.5,0,0,0,0,14
23,6,23,11.3,0,0,4,8,3
18,1,18,8.1,0,0,0,8,8
22,0,22,14.4,1,2,2,54,3
9,5,9,16.0,0,0,0,11,8
5,5,5,12.8,0,0,2,7,2
6,6,6,6.6,0,0,15,6,3
14,1,14,27.4,0,0,2,12,3
23,1,23,8.3,0,0,0,22,0
20,0,20,15.8,1,2,0,8,8
12,3,12,10.0,0,2,0,44,8
17,0,17,14.8,0,0,4,50,2
22,4,22,22.0,0,0,0,17,0
9,2,9,9.5,0,0,0,53,14
7,1,7,11.3,0,0,2,16,2
6,4,6,8.4,0,0,15,6,14
9,5,9,20.1,0,0,0,76,14
5,1,5,12.6,0,0,6,9,5
13,6,13,15.6,0,0,0,44,5
8,1,8,10.5,0,0,0,32,5
6,0,6,2.6,0,0,10,28,16
5,3,5,4.4,0,0,0,8,8
5,0,5,13.4,0,0,20,6,7
12,1,12,25.1,0,0,0,45,5
6,1,6,14.5,0,0,4,11,2
9,0,9,11.5,0,0,0,54,5
17,4,17,16.8,0,0,4,78,2
6,0,6,9.7,0,0,0,5,8
15,4,15,29.6,0,0,0,5,5
12,3,12,11.2,0,0,0,3,8
5,3,5,9.5,0,0,0,5,8
12,6,12,30.7,0,0,1,2,1
21,6,21,17.7,0,0,4,16,2
1,4,1,2.0,0,0,0,1,0
23,5,23,10.2,0,0,0,0,14
19,3,19,15.3,0,0,0,61,8
19,0,19,13.6,0,0,0,5,8
14,1,14,20.5,0,0,4,21,2
18,4,18,15.1,0,1,0,44,5
7,1,7,11.5,0,0,0,29,8
11,2,11,10.2,0,0,0,3,5
7,0,7,-0.1,0,0,2,3,2
6,2,6,6.5,0,0,4,11,5
5,1,5,14.5,0,0,0,16,8
10,1,10,12.0,0,0,0,21,0
14,1,14,12.1,0,0,16,110,5
10,3,10,13.1,0,0,0,3,8
23,5,23,6.5,0,0,0,43,14
6,1,6,11.1,0,0,2,9,2
17,5,17,21.0,0,0,0,13,8
4,2,4,1.4,0,0,0,5,5
18,3,18,14.7,0,0,8,14,9
12,4,12,14.0,0,0,0,11,8
6,1,6,8.9,0,0,10,28,16
12,1,12,24.8,0,0,0,25,8
4,4,4,15.9,0,0,0,16,5
8,0,8,6.7,0,0,0,8,5
9,0,9,10.4,0,0,2,7,3
8,3,8,7.3,0,0,2,16,2
11,3,11,10.5,0,0,27,36,0
15,1,15,25.4,0,0,0,9,5
4,5,4,5.0,0,0,1,2,6
22,1,22,9.9,0,0,11,0,14
4,6,4,12.5,0,0,0,5,8
17,0,17,24.5,0,0,18,36,6
12,3,12,10.8,0,0,4,63,5
10,2,10,6.4,0,0,2,34,2
16,6,16,15.3,0,0,0,6,14
5,6,5,18.6,0,0,4,3,3
8,0,8,4.6,0,0,2,8,2
8,4,8,7.3,0,0,0,45,5
4,6,4,7.7,0,0,2,10,3
6,1,6,9.9,0,0,4,5,3
12,5,12,28.3,0,1,4,63,3
1,6,1,20.5,0,0,1,2,6
17,1,17,27.5,0,0,9,0,18
17,0,17,8.8,0,0,0,21,8
7,0,7,8.3,0,0,0,7,8
5,1,5,11.5,0,0,0,9,3
1,1,1,14.9,0,0,15,6,3
20,3,20,23.1,0,1,4,16,5
18,5,18,26.0,0,0,2,12,2
7,6,7,12.3,0,0,0,3,5
6,6,6,13.0,0,0,16,21,2
8,4,8,7.4,0,0,0,9,14
1,5,1,10.9,0,0,15,6,3
12,0,12,18.5,0,0,2,44,3
5,0,5,9.8,0,0,0,36,8
12,5,12,12.9,0,0,0,32,5
18,1,18,14.3,0,0,2,7,3
20,1,20,13.7,0,0,2,16,3
5,5,5,13.5,0,0,0,11,5
18,2,18,12.2,0,0,4,8,3
4,4,4,11.7,0,0,0,7,8
10,4,10,8.4,0,0,2,45,3
15,5,15,32.1,0,0,2,9,3
5,4,5,8.1,0,0,4,21,3
14,4,14,17.8,0,0,2,33,3
14,0,14,16.6,0,0,15,6,3
4,6,4,12.8,0,0,0,25,5
11,2,11,10.4,0,0,0,21,8
9,5,9,11.7,0,0,0,7,8
5,1,5,5.5,0,0,24,47,23
13,2,13,15.2,0,0,4,8,3
3,6,3,5.1,0,0,2,6,3
12,3,12,11.6,0,0,26,49,13
4,6,4,13.6,0,0,0,25,8
23,6,23,7.7,0,0,0,20,14
15,3,15,14.8,0,0,2,44,3
19,6,19,27.4,0,0,0,7,8
12,2,12,15.0,0,0,0,3,8
11,3,11,14.1,0,0,2,5,3
16,3,16,16.4,0,0,0,32,5
20,4,20,9.9,0,0,6,9,5
0,5,0,11.5,0,0,0,43,14
18,6,18,20.6,0,0,16,21,8
6,1,6,9.0,0,0,0,8,8
4,6,4,11.0,0,0,0,7,8
4,2,4,9.9,0,0,0,4,8
7,3,7,5.4,0,0,7,26,7
7,1,7,11.0,0,0,0,5,5
6,4,6,6.9,0,0,4,5,2
6,6,6,0.8,0,0,2,21,3
21,2,21,12.0,0,0,77,46,80
8,5,8,6.7,0,0,0,76,0
17,2,17,29.6,0,0,0,44,5
20,4,20,13.8,0,0,0,16,5
4,2,4,1.6,0,0,0,4,5
16,1,16,19.2,0,0,28,55,0
16,0,16,11.9,0,0,2,44,3
5,1,5,9.6,0,0,0,3,8
9,1,9,11.9,0,0,2,45,3
20,6,20,10.0,0,0,4,5,2
8,6,8,8.2,0,0,2,16,2
19,0,19,11.8,0,0,4,32,2
0,2,0,9.8,0,0,2,21,3
7,6,7,6.4,0,0,0,36,8
22,0,22,22.2,0,0,2,9,2
11,6,11,10.1,0,0,0,7,8
19,2,19,11.8,0,0,2,4,3
15,1,15,21.0,0,0,10,134,43
22,2,22,19.8,0,0,16,11,3
1,6,1,15.6,0,0,15,6,3
1,2,1,11.8,0,0,1,2,6
1,6,1,17.5,0,0,1,2,6
2,4,2,17.3,0,0,0,17,0
11,5,11,10.8,0,0,0,0,0
5,0,5,17.0,0,0,5,9,4
20,3,20,22.5,0,1,0,4,5
5,0,5,16.9,0,0,2,11,2
7,1,7,4.9,0,0,0,33,5
18,1,18,19.3,0,0,16,21,8
19,1,19,8.1,0,0,2,4,3
6,5,6,11.2,0,1,0,5,5
4,3,4,17.1,0,0,0,16,8
6,0,6,1.7,0,0,15,6,14
16,2,16,25.8,0,0,4,7,2
6,4,6,12.5,0,1,16,21,8
9,6,9,8.8,0,0,4,16,3
14,3,14,11.2,0,0,4,8,3
13,3,13,10.9,0,0,0,9,5
4,2,4,14.8,0,0,0,5,8
4,5,4,9.3,0,0,0,9,3
23,3,23,7.8,0,0,0,0,0
8,5,8,15.4,0,0,2,16,3
21,2,21,12.1,0,0,0,7,5
8,5,8,2.2,0,0,4,54,5
20,1,20,12.8,0,0,0,4,5
4,4,4,11.0,0,0,0,25,8
11,5,11,24.9,0,0,0,30,5
13,6,13,23.4,0,0,0,61,8
15,3,15,32.5,0,0,4,3,3
1,1,1,12.9,0,0,15,6,3
5,2,5,10.0,0,0,4,11,2
14,3,14,25.3,0,0,0,44,8
4,4,4,12.8,0,0,2,5,3
8,3,8,10.5,0,0,0,15,8
21,3,21,15.4,0,0,16,21,8
20,0,20,8.8,0,0,0,8,5
4,4,4,5.6,0,0,0,16,8
23,6,23,15.4,0,0,18,32,6
9,2,9,11.4,0,0,0,32,5
16,0,16,24.9,0,0,0,54,5
3,4,3,3.5,0,0,2,11,2
5,2,5,9.1,0,0,0,7,8
5,4,5,16.3,0,0,5,9,4
13,3,13,18.6,0,1,28,55,0
17,4,17,30.8,0,0,6,9,5
10,3,10,14.1,0,0,0,25,8
5,0,5,3.6,0,0,2,7,2
5,6,5,15.3,0,0,4,11,5
6,2,6,8.9,0,0,4,11,5
1,3,1,15.8,0,0,15,6,3
0,1,0,9.3,0,0,0,22,0
4,2,4,3.2,0,0,0,7,8
19,0,19,14.6,0,0,2,8,3
15,3,15,29.0,0,0,2,12,3
19,6,19,10.9,0,0,2,32,3
16,1,16,29.4,0,0,6,93,5
12,1,12,9.4,0,0,26,49,13
19,5,19,12.8,0,0,0,16,8
23,0,23,7.3,0,0,2,21,3
1,5,1,15.3,0,0,0,21,8
17,5,17,7.5,0,0,0,44,8
5,5,5,9.9,0,0,2,5,3
8,4,8,11.1,0,0,0,10,5
0,0,0,11.8,0,0,4,5,3
13,3,13,22.4,0,0,2,36,3
9,5,9,8.8,0,0,9,26,18
9,1,9,6.5,0,0,0,16,8
15,5,15,22.2,0,0,0,21,8
6,2,6,11.9,0,0,4,21,2
23,1,23,6.1,0,0,0,22,0
13,5,13,27.0,0,0,0,9,5
1,1,1,8.9,0,0,0,21,8
16,2,16,13.5,0,0,0,6,14
8,4,8,15.3,0,1,0,7,5
21,2,21,10.7,0,0,13,19,13
1,5,1,11.9,0,0,33,62,0
18,1,18,28.9,0,0,6,9,0
15,6,15,29.1,0,0,0,11,8
8,3,8,9.0,0,0,4,3,2
0,1,0,10.4,0,0,0,6,14
17,3,17,8.8,1,2,2,34,3
4,6,4,17.1,0,0,0,4,5
7,3,7,12.1,0,0,0,3,8
6,2,6,9.1,0,0,0,5,8
13,1,13,25.7,0,0,0,9,5
12,3,12,20.9,0,0,1,2,1
23,5,23,13.3,0,0,0,0,0
11,5,11,15.0,0,0,2,7,2
11,5,11,13.4,0,0,7,0,7
4,2,4,10.0,0,0,0,4,8
16,1,16,19.6,0,0,0,5,8
4,5,4,14.3,0,0,0,3,8
21,1,21,12.9,0,0,6,9,5
14,1,14,19.7,0,0,4,8,3
5,3,5,8.8,0,0,0,7,8
23,0,23,14.6,0,0,0,9,5
21,4,21,8.2,0,0,2,9,2
17,3,17,27.3,0,0,0,21,0
11,5,11,18.1,0,0,0,0,0
4,1,4,9.6,0,0,2,4,2
16,5,16,18.2,0,0,0,12,8
8,0,8,14.1,0,0,0,16,8
5,1,5,11.3,0,0,0,3,8
23,4,23,12.6,0,0,18,36,33
1,3,1,18.8,0,0,0,25,8
15,3,15,19.2,0,0,0,7,8
5,1,5,19.6,0,0,0,5,8
21,0,21,23.3,0,0,0,17,0
9,2,9,5.0,0,0,2,8,3
4,4,4,13.4,0,0,2,5,3
6,6,6,12.5,0,0,9,0,18
11,3,11,21.4,0,0,2,25,2
17,2,17,13.9,0,0,0,48,14
5,4,5,13.3,0,0,16,124,3
20,6,20,17.9,0,0,0,36,5
4,2,4,10.5,0,0,0,3,8
5,3,5,8.3,0,0,0,7,8
22,2,22,11.6,0,0,18,36,6
22,3,22,9.7,1,2,0,16,8
11,3,11,20.7,0,0,7,36,7
5,2,5,13.7,0,0,0,5,5
12,3,12,10.2,0,0,4,63,3
23,4,23,16.4,0,0,13,19,13
14,6,14,23.3,0,0,0,9,5
6,6,6,6.6,0,0,2,7,2
7,5,7,7.9,0,0,0,3,8
1,1,1,17.0,0,0,0,37,0
0,5,0,8.3,0,0,0,6,14
18,2,18,26.2,0,0,16,11,8
4,5,4,6.4,0,0,0,3,8
12,6,12,11.0,0,0,0,13,8
12,3,12,14.0,0,0,2,8,3
16,4,16,31.4,0,0,2,11,2
5,2,5,13.7,0,0,4,11,2
6,6,6,17.3,0,0,8,0,9
8,3,8,17.1,0,0,4,5,2
15,3,15,10.8,0,0,6,9,5
14,1,14,16.7,0,0,16,21,8
11,3,11,19.0,0,0,0,53,0
7,3,7,3.7,0,0,0,3,8
13,5,13,29.7,0,0,0,58,5
5,3,5,7.4,0,0,2,9,2
14,2,14,15.6,0,0,15,6,3
13,4,13,14.2,0,0,7,0,7
5,0,5,15.3,0,0,2,3,2
18,4,18,15.5,0,0,4,32,5
13,3,13,21.3,0,0,4,16,2
17,3,17,11.6,0,0,0,11,8
5,2,5,1.0,0,0,4,7,2
4,3,4,12.9,0,0,2,5,3
12,4,12,18.4,0,0,0,34,5
12,6,12,14.4,0,0,26,49,13
21,0,21,18.2,0,0,2,9,2
10,6,10,21.4,0,0,2,45,3
5,4,5,13.5,0,0,4,11,2
12,6,12,24.5,0,0,0,11,5
23,0,23,16.8,0,0,0,0,0
5,2,5,12.4,0,0,4,5,2
18,2,18,17.9,0,1,0,13,5
7,4,7,10.8,0,0,2,32,3
22,6,22,12.8,0,0,0,25,8
9,2,9,13.1,0,0,16,21,8
17,6,17,18.4,0,0,0,13,8
23,6,23,14.8,0,0,11,0,14
6,6,6,0.4,0,0,15,6,14
18,4,18,21.6,0,0,0,13,8
19,1,19,13.7,0,0,16,11,8
7,1,7,4.0,0,0,4,7,3
3,5,3,13.9,0,0,80,26,7
20,3,20,8.8,0,0,2,9,3
14,2,14,11.8,0,0,15,6,3
6,1,6,4.3,0,0,19,92,60
19,4,19,15.1,0,0,7,21,7
8,1,8,16.8,0,0,2,16,2
17,0,17,18.7,0,0,0,8,8
19,0,19,15.9,0,0,2,54,3
16,5,16,17.0,0,0,0,36,5
14,2,14,28.8,0,0,0,9,5
6,3,6,8.7,0,0,0,8,5
5,1,5,15.0,0,0,2,5,3
12,5,12,16.8,0,0,7,0,7
22,2,22,18.2,0,0,18,32,12
10,0,10,16.2,0,1,0,25,5
5,1,5,16.7,0,0,0,7,8
20,2,20,24.7,0,0,10,5,17
18,6,18,19.2,0,0,0,13,8
13,4,13,26.5,0,0,0,32,5
6,5,6,7.1,0,0,0,52,5
13,6,13,15.9,0,0,4,5,2
21,1,21,10.9,0,0,11,0,14
14,4,14,18.2,0,0,20,6,7
6,3,6,8.6,0,0,0,8,5
9,5,9,10.2,0,0,0,10,5
12,6,12,12.0,0,0,1,2,1
23,4,23,17.9,0,0,0,0,0
15,0,15,26.1,0,0,0,29,8
7,6,7,6.5,0,0,0,5,8
10,0,10,7.4,0,0,4,8,3
9,5,9,11.9,0,0,7,0,7
11,1,11,24.1,0,0,0,0,14
6,5,6,6.3,0,0,0,5,8
22,0,22,18.1,0,0,12,18,7
18,6,18,25.6,0,0,0,16,8
13,5,13,25.5,0,0,14,17,13
19,2,19,13.0,0,0,2,4,3
20,2,20,22.0,0,0,0,44,5
21,1,21,9.9,1,2,0,33,8
7,6,7,11.2,0,0,0,29,5
12,0,12,19.7,0,0,2,11,3
4,0,4,10.0,0,0,0,25,8
5,0,5,10.3,0,0,4,8,3
4,4,4,8.3,0,0,9,0,10
13,4,13,14.3,0,0,7,0,7
19,0,19,24.0,0,1,2,32,3
0,4,0,20.4,0,0,0,22,14
6,6,6,12.5,0,0,0,52,5
4,3,4,0.8,0,0,0,25,8
13,2,13,15.9,0,0,4,7,5
9,5,9,21.9,0,0,4,44,3
11,1,11,25.8,0,0,0,3,8
7,1,7,11.2,0,0,0,13,8
23,3,23,8.6,0,0,0,22,0
12,0,12,24.8,0,0,2,44,2
7,6,7,4.8,0,0,0,5,5
17,1,17,10.7,1,2,0,33,8
19,5,19,7.9,0,0,0,32,5
23,4,23,17.7,0,0,0,0,0
1,0,1,16.9,0,0,1,2,6
5,4,5,2.1,0,0,2,9,2
14,6,14,22.1,1,0,2,9,2
3,0,3,14.8,0,0,1,2,1
16,0,16,20.9,0,0,6,9,0
19,3,19,21.0,0,0,0,61,5
17,4,17,8.1,1,2,0,43,14
19,3,19,8.2,0,0,2,32,3
16,5,16,15.6,0,0,0,44,5
6,6,6,10.7,0,0,0,52,5
19,1,19,13.6,0,0,0,4,5
7,4,7,0.6,0,0,0,9,14
21,4,21,20.2,0,0,0,16,5
15,4,15,18.0,0,0,2,9,3
22,2,22,8.7,0,0,23,41,15
19,0,19,11.7,0,0,2,4,3
9,6,9,16.9,0,0,9,0,18
22,1,22,14.2,0,0,35,43,0
5,5,5,13.6,0,0,2,4,2
10,2,10,25.2,0,0,6,9,5
16,1,16,20.9,0,0,4,7,3
5,4,5,6.8,0,0,5,9,4
6,6,6,9.7,0,0,2,9,2
14,6,14,15.2,1,0,4,44,2
16,5,16,32.6,0,0,6,93,5
19,6,19,16.9,0,1,0,17,0
6,6,6,13.1,0,0,4,21,3
19,0,19,12.9,0,0,2,8,3
7,1,7,11.6,0,0,0,33,5
5,1,5,8.4,0,0,0,3,8
3,4,3,15.8,0,0,8,0,9
7,0,7,3.2,0,0,0,36,5
6,4,6,8.2,0,0,8,0,9
10,0,10,11.3,1,2,10,100,28
23,5,23,20.0,0,1,13,19,13
4,6,4,3.0,0,0,1,2,6
17,4,17,29.1,0,0,2,8,3
21,2,21,12.3,0,0,0,3,8
0,6,0,22.1,0,0,0,6,0
16,3,16,28.7,0,0,0,11,8
7,2,7,8.9,0,0,0,13,8
21,0,21,22.6,0,0,2,12,3
6,2,6,7.8,0,0,0,12,8
13,4,13,23.1,0,0,2,5,2
15,0,15,23.3,0,0,0,78,5
4,1,4,4.6,0,0,0,3,8
6,3,6,10.9,0,0,0,8,5
11,6,11,18.6,0,0,2,34,3
16,6,16,30.6,0,0,9,0,18
2,4,2,7.2,0,0,1,2,1
9,2,9,9.1,0,0,2,13,2
10,6,10,16.6,0,0,2,42,2
23,6,23,7.3,0,0,0,20,14
6,2,6,4.6,0,0,0,16,5
15,5,15,12.7,0,0,6,93,5
20,4,20,20.5,0,0,0,5,8
20,0,20,12.1,0,0,4,36,2
14,6,14,27.3,1,0,2,36,3
14,3,14,13.1,0,0,24,47,22
4,3,4,15.5,0,0,2,5,3
7,0,7,10.6,0,0,0,36,8
3,2,3,17.2,0,0,21,36,7
5,6,5,9.1,0,0,15,6,3
22,2,22,11.2,0,0,23,41,15
4,2,4,10.7,0,0,0,4,5
17,6,17,16.1,0,0,2,33,3
13,5,13,13.2,0,0,2,33,3
11,0,11,11.6,0,0,2,13,3
10,3,10,16.4,0,0,0,54,5
5,4,5,13.4,0,0,8,6,9
17,2,17,10.7,0,0,2,33,3
13,0,13,23.4,0,0,0,13,5
15,0,15,20.6,0,0,2,34,3
16,0,16,35.1,0,0,0,45,5
7,1,7,9.9,0,0,15,6,3
23,5,23,17.4,0,0,11,23,14
9,6,9,19.5,0,0,7,0,7
5,4,5,11.7,0,0,2,16,3
19,0,19,12.6,0,0,2,32,3
20,6,20,9.8,0,0,4,5,2
5,6,5,6.7,0,0,4,10,2
8,2,8,11.9,0,0,2,5,3
8,3,8,15.8,0,1,7,36,7
3,4,3,16.4,0,0,1,2,1
5,1,5,13.5,0,0,2,7,3
8,1,8,17.7,0,1,0,30,5
14,0,14,23.4,0,0,0,9,8
8,2,8,4.8,0,0,0,54,5
2,1,2,20.2,0,0,1,2,6
6,3,6,9.4,0,0,0,16,8
6,1,6,10.0,0,0,0,8,8
14,1,14,11.8,0,0,4,21,2
23,2,23,15.7,0,0,0,20,0
16,0,16,14.5,0,0,0,16,5
4,4,4,2.4,0,0,0,4,5
22,0,22,17.4,0,0,16,21,8
19,2,19,21.8,0,0,0,7,8
9,3,9,13.8,0,0,22,56,4
14,5,14,23.2,0,0,0,29,8
10,5,10,23.9,0,0,2,13,2
18,5,18,24.4,0,0,0,13,8
20,1,20,11.2,0,0,2,5,3
5,6,5,12.6,0,0,2,5,3
17,0,17,25.9,0,0,0,6,14
17,6,17,22.6,0,0,0,33,8
14,6,14,25.1,0,0,0,13,8
16,6,16,23.7,0,0,0,7,5
4,0,4,9.5,0,0,2,5,3
6,2,6,9.1,0,0,0,7,8
12,4,12,21.6,0,0,0,34,5
16,6,16,19.8,0,0,6,93,5
6,0,6,12.2,0,0,24,47,22
7,5,7,8.2,0,0,0,29,8
5,5,5,4.3,0,0,2,9,2
8,5,8,8.4,0,0,17,2,7
1,1,1,15.0,0,0,0,6,0
5,0,5,11.9,0,0,6,9,15
7,6,7,11.4,0,0,2,16,2
17,1,17,16.1,0,0,0,44,8
8,0,8,8.7,0,0,0,8,8
12,0,12,16.2,1,0,0,11,8
7,0,7,5.4,0,0,10,8,11
19,5,19,29.3,0,1,2,7,3
11,6,11,12.0,0,0,0,8,8
7,3,7,1.7,0,0,0,3,8
7,4,7,1.6,0,0,0,9,14
13,4,13,28.2,0,0,4,16,2
20,1,20,13.3,0,0,0,17,0
5,1,5,10.2,0,0,0,7,8
19,0,19,11.9,0,0,0,8,8
4,0,4,4.2,0,0,0,5,5
6,5,6,12.4,0,0,16,21,8
4,4,4,12.9,0,0,2,4,3
4,2,4,17.4,0,0,2,7,2
18,5,18,26.3,0,0,6,9,0
5,5,5,7.5,0,0,4,10,3
18,6,18,17.7,0,1,2,44,3
21,3,21,10.7,0,0,6,9,5
7,1,7,5.6,0,0,0,13,8
5,1,5,14.9,0,0,2,10,3
12,5,12,28.2,0,0,0,13,8
5,2,5,10.8,0,0,4,11,2
15,5,15,20.3,0,0,4,5,2
12,0,12,17.0,0,0,0,32,5
4,4,4,12.8,0,0,0,4,8
16,5,16,32.0,0,0,45,58,6
13,0,13,8.1,0,0,18,32,33
9,0,9,7.1,0,2,10,90,36
5,4,5,13.7,0,0,0,3,8
15,2,15,25.8,0,0,15,6,3
22,2,22,13.8,0,0,0,25,8
15,0,15,27.5,0,0,16,21,8
21,5,21,21.3,0,0,0,17,0
5,1,5,4.8,0,0,0,25,5
6,0,6,8.7,0,0,24,47,23
8,5,8,3.4,0,0,0,13,5
10,1,10,19.5,0,0,0,29,5
5,2,5,16.0,0,0,4,12,2
16,1,16,16.3,0,0,0,33,8
9,6,9,11.3,0,0,2,30,3
21,4,21,23.0,1,0,4,42,5
9,3,9,16.3,0,0,2,34,2
6,5,6,16.3,0,0,2,5,3
7,6,7,12.1,0,0,0,30,5
10,6,10,20.4,0,0,0,54,5
9,3,9,14.5,0,0,2,16,2
4,3,4,12.2,0,0,0,4,5
12,6,12,29.7,0,0,0,7,8
16,1,16,29.1,0,0,6,93,5
1,3,1,15.1,0,0,16,21,5
20,6,20,11.1,0,0,2,9,3
13,2,13,25.1,0,0,0,33,8
23,1,23,8.8,0,0,0,25,8
20,3,20,24.8,0,0,4,5,3
16,1,16,27.6,0,0,4,7,3
19,2,19,22.8,0,0,2,4,2
4,5,4,13.1,0,0,2,4,3
19,4,19,19.6,0,0,0,8,5
19,2,19,12.7,0,0,0,61,8
12,6,12,13.8,0,0,7,0,7
6,1,6,12.9,0,0,1,2,1
5,6,5,19.0,0,0,4,10,2
5,1,5,10.0,0,0,4,10,5
13,0,13,27.7,0,1,8,6,9
7,4,7,9.6,0,0,0,8,5
15,0,15,31.6,0,0,0,3,5
14,3,14,26.3,0,0,4,3,2
9,6,9,10.4,0,0,0,3,8
17,2,17,10.7,0,0,0,3,8
7,0,7,12.1,0,0,15,6,14
4,1,4,5.5,0,0,2,8,3
22,4,22,7.4,0,0,18,36,26
12,4,12,16.3,0,0,14,17,13
15,3,15,32.1,0,0,24,47,22
22,6,22,7.7,0,0,18,32,6
1,0,1,17.2,0,0,15,6,3
18,5,18,29.7,0,0,0,13,8
8,0,8,17.1,0,0,4,13,5
19,6,19,11.2,0,0,16,21,8
18,1,18,25.7,0,0,0,13,8
20,1,20,13.0,0,0,0,8,8
6,3,6,8.1,0,0,0,7,8
17,1,17,28.3,0,0,0,7,5
23,6,23,9.4,0,0,0,43,14
20,4,20,10.8,0,0,2,7,2
12,5,12,20.6,0,0,4,63,3
4,0,4,10.1,0,0,0,5,5
19,2,19,12.9,0,0,0,44,5
12,6,12,25.6,0,0,1,2,1
16,6,16,20.1,0,0,2,8,2
7,2,7,6.1,0,0,4,5,2
16,4,16,17.5,0,0,0,45,5
4,5,4,12.3,0,0,0,4,8
6,1,6,5.8,0,0,0,7,8
12,1,12,11.2,0,0,6,9,5
4,1,4,9.7,0,0,0,16,5
20,4,20,15.3,0,0,2,8,3
6,5,6,5.1,0,0,15,6,3
16,3,16,17.8,0,0,0,34,5
16,1,16,14.6,0,0,4,5,2
13,4,13,15.5,0,0,0,32,5
9,6,9,9.3,0,0,0,33,5
5,3,5,5.4,0,0,0,25,5
9,4,9,20.8,0,0,0,42,5
15,0,15,12.1,0,0,0,8,5
14,5,14,14.9,0,0,2,34,3
17,5,17,15.8,0,0,0,13,5
13,0,13,24.3,0,0,1,2,1
5,0,5,13.7,0,0,4,5,3
1,1,1,18.4,0,0,1,2,6
23,2,23,17.4,0,0,0,0,0
12,3,12,10.0,1,2,4,44,2
6,0,6,5.6,0,0,4,7,5
4,5,4,16.5,0,0,0,12,5
20,0,20,12.1,0,0,2,16,2
10,3,10,8.9,0,0,0,13,8
16,1,16,18.0,0,0,0,44,8
18,5,18,25.3,0,0,4,16,5
16,5,16,26.8,0,0,0,7,8
1,1,1,7.0,0,0,0,1,0
5,6,5,13.3,0,0,34,0,7
5,3,5,2.3,0,0,2,3,3
2,5,2,3.9,0,0,1,2,1
5,3,5,14.9,0,0,2,11,2
5,2,5,9.4,0,0,2,3,3
7,6,7,17.3,0,0,0,13,8
9,1,9,19.1,0,0,19,48,64
17,6,17,32.8,0,0,0,13,5
23,0,23,20.1,0,0,0,0,14
8,6,8,7.9,0,0,30,9,24
5,4,5,2.7,0,0,0,7,8
18,3,18,29.7,0,1,2,8,3
5,1,5,7.5,0,0,16,21,2
16,4,16,13.4,0,0,4,44,5
15,0,15,23.3,0,0,15,6,3
17,0,17,31.5,0,0,0,54,8
5,6,5,16.7,0,0,2,11,5
5,0,5,8.2,0,0,0,5,8
11,4,11,11.5,0,0,0,33,5
8,2,8,12.4,0,0,0,10,5
5,6,5,8.8,0,0,4,12,5
11,5,11,13.2,0,0,14,17,13
13,3,13,18.6,1,2,0,15,8
17,5,17,10.8,0,0,2,5,3
8,1,8,15.7,0,0,0,9,9
1,6,1,8.5,0,0,1,2,6
7,1,7,13.3,0,0,4,7,2
11,2,11,9.9,0,0,0,0,14
12,0,12,15.6,0,0,0,11,8
8,6,8,7.3,0,0,4,14,3
10,2,10,15.4,0,0,0,5,8
5,0,5,8.3,0,0,4,11,2
5,0,5,14.3,0,0,2,11,5
15,6,15,24.1,0,0,2,45,3
22,1,22,20.2,0,0,20,0,7
6,5,6,10.2,0,0,0,52,5
6,1,6,10.5,0,0,2,32,3
5,4,5,11.8,0,0,4,3,2
7,3,7,12.7,0,0,0,36,8
6,6,6,0.3,0,0,4,32,3
4,1,4,2.1,0,0,0,4,5
12,2,12,11.2,0,0,2,7,3
14,6,14,27.7,0,0,0,29,8
8,5,8,5.2,0,0,0,8,8
23,1,23,19.0,0,0,13,19,13
19,3,19,13.8,0,0,0,8,5
16,6,16,24.7,0,0,0,6,14
11,0,11,26.5,0,0,10,81,17
5,1,5,11.7,0,0,1,2,6
5,6,5,16.5,0,0,2,10,3
6,2,6,13.7,0,0,1,2,6
15,0,15,16.6,0,0,2,44,3
16,0,16,29.4,0,0,10,81,17
21,3,21,9.4,0,0,0,4,5
1,0,1,15.1,0,0,23,41,15
11,2,11,13.5,0,0,2,16,2
12,6,12,21.0,0,0,0,44,5
5,4,5,17.1,0,0,2,119,3
5,1,5,4.7,0,0,0,7,8
9,2,9,10.2,0,0,2,5,3
6,5,6,1.8,0,0,6,9,5
22,1,22,9.8,1,2,0,32,5
5,1,5,0.9,0,0,4,21,2
10,1,10,7.2,0,0,0,21,0
4,6,4,12.8,0,0,0,6,14
20,0,20,6.2,0,0,13,19,13
14,5,14,26.1,0,1,33,62,0
20,4,20,8.9,0,0,6,9,5
13,0,13,21.6,0,0,0,32,5
12,3,12,28.7,0,0,91,21,25
13,3,13,18.7,1,2,2,34,2
6,6,6,9.8,0,0,0,3,8
1,1,1,14.7,0,0,1,2,6
5,5,5,13.5,0,0,2,10,3
18,6,18,20.3,0,0,2,4,2
5,2,5,9.4,0,0,2,16,2
12,6,12,20.5,0,0,0,21,8
19,5,19,13.6,0,0,0,4,8
5,6,5,15.4,0,0,4,6,3
12,0,12,8.3,0,0,0,16,8
17,1,17,17.6,0,0,2,12,2
8,5,8,3.0,0,0,18,32,26
11,3,11,27.3,0,1,0,21,8
5,5,5,12.8,0,0,2,11,2
6,3,6,8.1,0,0,4,7,3
22,6,22,11.9,0,0,0,25,8
20,6,20,7.6,0,0,4,5,2
13,0,13,25.4,0,0,4,5,3
6,6,6,6.5,0,0,0,5,8
12,5,12,27.9,0,0,2,7,3
7,5,7,4.6,0,0,2,33,3
11,5,11,21.7,0,0,2,13,2
10,1,10,10.0,0,0,24,47,23
4,0,4,9.8,0,0,2,7,3
19,1,19,11.4,0,0,0,44,8
13,0,13,14.9,0,0,0,33,5
11,6,11,10.7,0,0,2,45,3
14,5,14,16.1,0,0,6,93,5
23,2,23,13.7,0,0,12,18,7
13,5,13,29.5,0,0,0,9,5
1,2,1,4.7,0,0,0,37,0
5,1,5,11.1,0,0,0,7,5
4,3,4,7.0,0,0,0,7,5
5,0,5,7.0,0,0,2,119,3
12,2,12,16.0,0,0,16,21,8
3,3,3,8.3,0,0,1,2,1
1,4,1,15.1,0,0,0,37,0
18,5,18,27.3,0,0,2,8,2
8,5,8,5.5,0,0,2,16,3
4,2,4,9.1,0,0,0,25,8
17,1,17,18.0,0,0,4,3,2
23,3,23,8.6,0,0,0,43,14
16,3,16,27.7,0,0,0,8,5
5,6,5,8.8,0,0,4,21,2
18,3,18,9.7,0,0,0,61,8
18,3,18,17.8,0,0,4,7,3
15,4,15,20.9,0,0,4,54,5
16,3,16,14.4,0,0,0,33,5
14,1,14,12.1,0,0,16,21,8
5,0,5,13.4,0,0,0,5,5
11,2,11,14.1,0,0,0,33,8
15,1,15,11.8,1,2,4,11,2
4,6,4,7.1,0,0,2,10,3
10,0,10,10.8,0,0,11,0,14
18,2,18,8.2,0,0,0,6,14
7,6,7,9.6,0,0,0,8,5
1,3,1,10.0,0,0,0,1,0
14,4,14,26.1,0,0,0,5,8
14,1,14,12.7,0,0,4,7,3
22,4,22,12.2,0,0,18,32,6
5,1,5,1.0,0,0,0,7,5
9,1,9,26.4,0,1,17,0,7
0,2,0,12.2,0,0,0,43,14
13,1,13,12.5,0,0,0,13,5
4,4,4,15.5,0,0,0,25,8
11,5,11,15.0,0,0,2,34,3
13,3,13,10.0,1,2,0,1,0
4,6,4,16.8,0,0,2,7,3
12,3,12,19.2,0,0,2,45,3
2,3,2,4.0,0,0,15,14,3
11,2,11,19.9,0,0,2,7,3
11,0,11,15.3,0,0,0,16,8
13,2,13,12.5,0,0,0,13,8
20,3,20,21.0,0,1,7,0,7
8,0,8,10.7,0,0,0,9,8
14,0,14,27.7,0,0,16,21,8
7,0,7,9.9,0,0,0,5,8
13,5,13,12.5,0,0,4,11,5
15,1,15,20.3,0,0,6,9,7
15,6,15,21.8,0,0,9,0,18
8,6,8,8.4,0,0,0,10,5
7,1,7,17.0,0,0,2,7,2
15,1,15,21.6,0,0,28,55,0
20,3,20,8.5,1,2,0,8,5
16,2,16,16.8,0,0,0,15,8
15,3,15,26.7,0,0,4,7,2
11,1,11,8.1,0,0,0,44,5
21,6,21,7.6,0,0,0,5,5
16,2,16,29.8,0,0,4,3,3
17,2,17,29.5,0,1,0,54,5
12,5,12,14.2,0,0,2,8,3
5,0,5,15.6,0,0,4,11,3
5,3,5,17.4,0,0,0,5,5
6,2,6,15.9,0,0,4,32,5
4,0,4,7.3,0,0,2,7,3
21,0,21,19.4,0,0,0,17,0
10,1,10,6.9,0,0,0,5,8
15,0,15,18.6,0,0,0,78,8
16,5,16,16.2,0,0,2,7,2
9,2,9,18.5,0,0,2,8,3
5,3,5,3.7,0,0,0,11,8
4,1,4,14.6,0,0,2,4,3
13,1,13,24.6,0,0,27,36,0
4,0,4,13.7,0,0,0,3,8
6,0,6,10.3,0,0,0,7,8
13,5,13,8.7,0,0,4,13,3
5,6,5,17.0,0,0,2,16,3
23,0,23,19.2,0,0,16,21,2
5,6,5,12.5,0,0,0,9,5
21,2,21,23.3,0,0,2,12,3
5,3,5,5.9,0,0,1,2,1
8,3,8,4.5,0,0,2,16,3
21,3,21,20.7,0,1,0,36,5
2,4,2,16.5,0,0,2,6,3
16,4,16,13.0,0,0,6,9,0
5,2,5,12.4,0,0,0,5,8
14,1,14,30.0,0,0,2,8,3
10,0,10,9.8,0,0,0,44,5
20,0,20,24.1,0,1,2,16,3
14,6,14,28.4,0,0,0,3,5
8,4,8,8.1,0,0,10,44,21
13,3,13,24.6,0,0,4,8,3
18,1,18,7.2,0,0,0,16,8
10,3,10,23.7,0,0,19,48,17
6,5,6,9.1,0,0,16,21,2
13,0,13,13.1,0,0,7,9,7
13,5,13,15.9,0,0,16,110,5
2,5,2,1.9,0,0,4,5,3
5,6,5,16.8,0,0,0,12,5
5,5,5,21.0,0,0,4,6,3
23,2,23,8.6,0,0,2,21,3
10,5,10,5.1,0,0,0,16,8
10,2,10,7.6,0,0,2,5,3
9,5,9,14.2,0,0,2,16,2
5,5,5,1.3,0,0,4,12,3
14,4,14,16.4,0,0,0,9,8
5,0,5,8.4,0,0,4,11,2
5,3,5,16.4,0,0,1,2,1
14,4,14,11.8,0,0,19,35,19
6,4,6,8.5,0,0,4,32,3
15,3,15,14.6,0,0,4,5,2
15,5,15,14.7,0,0,2,7,3
8,2,8,13.9,0,0,0,5,5
5,0,5,13.7,0,0,2,5,3
22,1,22,5.7,0,0,16,21,3
17,1,17,12.3,0,0,4,3,5
23,3,23,16.7,0,0,14,17,13
10,3,10,20.7,0,0,0,34,5
17,6,17,16.6,0,0,2,12,3
11,6,11,10.9,0,0,0,44,8
5,6,5,10.7,0,0,2,119,3
10,1,10,23.1,0,0,0,25,8
16,4,16,16.3,0,0,0,45,5
7,0,7,9.5,0,0,0,29,5
19,5,19,19.6,0,0,0,44,5
23,3,23,21.4,0,0,2,4,3
5,1,5,13.1,0,0,4,10,2
5,4,5,16.9,0,0,0,4,8
10,3,10,11.9,0,0,0,21,0
15,5,15,17.8,0,0,0,12,5
22,3,22,4.9,0,0,14,17,13
18,0,18,11.1,0,0,0,25,8
10,3,10,26.3,0,1,25,46,0
11,2,11,15.1,0,0,16,21,8
7,1,7,5.6,0,0,24,47,23
18,2,18,27.6,0,0,16,11,3
15,1,15,12.3,0,0,2,13,2
14,2,14,13.5,0,0,16,21,8
9,2,9,4.1,0,0,0,13,5
3,3,3,16.2,0,0,80,26,7
10,3,10,21.4,0,0,2,45,3
10,0,10,11.4,0,0,0,5,5
5,3,5,6.6,0,0,2,8,3
12,1,12,13.6,0,0,14,17,13
3,4,3,13.3,0,0,5,9,4
12,2,12,18.8,0,0,26,49,13
8,5,8,10.1,0,0,4,5,2
19,6,19,16.7,0,0,0,25,8
9,5,9,19.3,0,0,0,32,5
9,1,9,7.3,0,0,0,45,5
10,5,10,14.8,0,0,0,54,5
10,1,10,10.0,0,0,0,25,8
21,0,21,13.0,0,0,0,25,5
15,1,15,25.0,0,1,16,21,5
5,4,5,13.4,0,0,2,7,3
0,4,0,17.6,0,0,0,0,0
6,0,6,1.8,0,0,0,3,5
0,1,0,10.6,0,0,2,36,3
10,2,10,10.1,0,0,0,33,8
7,5,7,5.9,0,0,0,36,8
19,6,19,30.9,0,0,18,32,6
1,6,1,18.5,0,0,11,0,12
8,1,8,6.9,0,0,0,29,8
15,2,15,10.5,0,0,0,11,8
5,5,5,12.8,0,0,4,10,2
4,6,4,11.2,0,0,2,10,3
5,4,5,16.3,0,0,2,5,3
6,1,6,9.8,0,0,0,3,8
15,0,15,24.5,0,0,0,21,5
16,2,16,20.6,0,0,2,3,2
9,6,9,12.8,0,0,4,13,2
9,0,9,5.9,0,0,0,29,8
6,0,6,11.5,0,0,24,28,30
15,6,15,24.8,0,0,0,21,5
4,4,4,14.0,0,0,0,7,8
7,1,7,8.9,0,0,2,5,3
17,3,17,17.6,0,0,2,12,2
18,6,18,18.1,0,0,2,8,3
15,5,15,21.9,0,0,16,10,5
6,2,6,9.4,0,0,0,12,8
18,2,18,20.4,0,0,6,9,0
8,3,8,7.3,0,0,0,53,14
19,6,19,18.5,0,0,2,33,3
0,1,0,16.5,0,0,2,21,3
4,3,4,1.2,0,0,1,2,6
7,0,7,9.9,0,0,2,21,2
18,3,18,15.8,0,0,0,5,8
9,4,9,8.2,0,0,8,6,9
8,4,8,17.0,0,0,0,7,5
9,0,9,7.0,0,0,0,32,5
6,1,6,6.2,0,0,4,7,3
5,1,5,13.3,0,0,1,2,6
22,1,22,6.9,0,0,11,0,14
13,6,13,25.9,0,0,0,16,8
18,5,18,10.9,1,0,1,2,1
8,2,8,14.3,0,0,4,5,3
6,2,6,9.0,0,0,4,21,2
14,0,14,15.2,0,0,16,21,8
5,5,5,13.6,0,0,4,8,2
18,5,18,28.9,0,0,10,5,17
14,2,14,18.9,0,0,15,6,3
18,1,18,15.7,0,0,2,13,3
16,2,16,17.2,0,0,0,5,8
3,2,3,10.9,0,0,2,6,3
8,1,8,16.4,0,0,0,32,5
15,3,15,10.7,0,0,16,10,5
4,4,4,3.6,0,0,1,2,6
12,2,12,8.7,0,0,0,44,8
8,1,8,9.7,0,0,0,32,5
6,6,6,5.2,0,0,0,16,8
8,1,8,5.0,0,0,0,33,8
6,1,6,8.9,0,0,4,7,5
4,0,4,14.8,0,0,2,3,2
1,4,1,18.0,0,0,0,37,0
15,2,15,13.5,0,0,0,78,8
5,4,5,14.7,0,0,4,11,2
21,2,21,20.1,0,0,2,3,3
20,1,20,16.3,0,1,2,5,3
7,0,7,8.4,0,0,0,7,5
12,5,12,22.3,0,1,0,44,5
4,3,4,6.5,0,0,0,5,8
16,1,16,4.8,0,0,40,0,10
15,2,15,22.6,0,0,2,5,3
9,0,9,17.6,0,0,0,43,14
11,6,11,18.0,0,0,0,5,8
14,6,14,18.9,0,0,2,110,3
13,3,13,23.5,0,0,4,32,3
3,2,3,16.9,0,0,1,2,1
0,2,0,17.9,0,0,0,1,0
18,4,18,21.0,0,0,0,13,8
1,1,1,7.2,0,0,0,1,0
16,5,16,31.2,0,0,0,16,5
19,0,19,27.2,0,1,0,44,5
19,5,19,7.9,0,0,0,8,8
7,2,7,10.6,0,0,0,29,5
23,5,23,13.5,0,0,16,21,3
14,6,14,17.6,0,0,0,8,8
15,2,15,13.4,0,0,2,3,2
15,5,15,18.4,0,0,6,93,5
1,6,1,6.4,0,0,22,56,4
13,5,13,25.0,0,0,0,21,8
5,4,5,14.4,0,0,0,52,5
21,1,21,11.1,0,0,0,7,8
9,0,9,20.3,0,0,18,32,6
6,6,6,12.8,0,0,4,11,2
8,4,8,12.7,0,0,0,9,5
7,4,7,7.5,0,0,4,5,2
9,5,9,10.1,0,0,0,53,0
7,3,7,5.8,0,0,0,36,8
17,3,17,27.6,0,0,0,9,5
7,5,7,5.4,0,0,0,3,8
11,5,11,15.1,0,0,2,34,3
4,4,4,10.5,0,0,9,21,10
3,3,3,16.2,0,0,1,2,1
6,3,6,9.6,0,0,4,7,3
5,4,5,0.8,0,0,2,7,2
20,3,20,8.5,1,2,0,7,8
14,2,14,19.9,0,0,0,13,8
14,5,14,13.6,0,0,16,21,8
4,4,4,8.8,0,0,0,3,8
9,5,9,6.3,0,0,9,0,18
16,3,16,24.8,0,0,0,6,14
5,3,5,16.4,0,0,0,4,8
6,0,6,13.2,0,0,24,28,30
15,2,15,20.4,0,0,0,9,8
13,0,13,22.2,0,0,2,12,3
19,6,19,20.4,0,0,16,21,2
1,1,1,5.7,0,0,1,2,6
5,1,5,11.8,0,0,2,11,5
16,2,16,14.4,0,0,0,6,14
9,5,9,3.8,0,0,0,76,0
10,5,10,9.1,0,0,2,45,3
8,0,8,10.0,0,0,9,0,18
8,0,8,15.2,0,0,96,9,24
16,2,16,16.8,0,0,6,9,0
15,2,15,19.3,0,0,16,10,5
8,6,8,7.6,0,0,0,54,5
4,6,4,8.0,0,0,0,25,8
5,6,5,10.5,0,0,4,5,5
1,3,1,14.7,0,0,0,1,0
13,2,13,25.9,0,0,0,33,8
15,6,15,34.2,0,0,0,44,5
5,3,5,16.4,0,0,2,8,3
10,3,10,22.0,0,0,25,46,0
5,2,5,10.8,0,0,0,36,8
10,6,10,6.1,0,0,0,8,8
8,0,8,16.0,0,0,0,9,9
16,1,16,19.0,0,0,4,44,5
7,3,7,9.8,0,0,4,5,2
12,4,12,24.2,0,0,26,49,13
0,5,0,18.6,0,0,0,6,14
16,5,16,18.6,0,0,0,7,8
15,2,15,21.0,0,0,0,21,8
21,6,21,19.7,0,0,6,9,5
13,0,13,17.5,0,0,4,5,3
12,2,12,16.9,0,0,14,17,13
1,4,1,6.0,0,0,0,1,0
7,3,7,5.7,0,0,0,33,8
20,4,20,9.8,0,0,2,9,2
6,1,6,5.9,0,0,2,7,3
11,3,11,22.9,0,0,0,7,8
5,3,5,18.5,0,0,0,7,8
11,4,11,11.2,0,0,0,44,8
23,0,23,10.4,0,0,0,20,14
16,5,16,7.5,0,0,0,3,8
5,4,5,15.5,0,0,0,42,5
0,3,0,4.9,0,0,15,6,3
15,4,15,24.3,0,0,16,21,8
6,6,6,5.2,0,0,2,21,2
16,3,16,22.8,0,0,0,5,5
15,2,15,31.1,0,0,2,16,3
16,1,16,23.3,0,0,4,44,2
5,3,5,6.4,0,0,4,10,5
13,1,13,18.5,0,0,0,30,5
5,0,5,6.3,0,0,0,7,8
7,4,7,8.5,0,0,0,36,5
16,3,16,28.2,0,0,0,45,5
12,1,12,23.7,0,0,0,29,5
8,1,8,9.2,0,0,2,5,3
8,2,8,7.9,0,0,0,5,8
20,4,20,15.2,0,0,4,32,3
13,4,13,15.9,0,0,7,0,7
1,0,1,19.1,0,0,15,6,3
12,5,12,14.2,0,1,26,49,13
15,0,15,31.1,0,0,10,31,17
0,3,0,16.8,0,0,23,41,15
10,0,10,22.2,0,1,17,0,7
16,1,16,19.5,0,0,0,12,8
23,0,23,14.1,0,0,11,23,14
7,6,7,20.1,0,0,0,21,0
12,3,12,28.6,0,0,0,3,5
20,2,20,7.6,0,0,13,19,13
13,2,13,11.7,0,0,0,33,5
6,0,6,3.3,0,0,0,3,8
15,4,15,24.2,0,0,33,62,0
23,4,23,7.8,0,0,0,0,0
14,4,14,26.7,0,0,2,13,3
7,2,7,9.8,0,0,4,5,2
22,4,22,5.8,0,0,4,8,3
23,3,23,7.7,0,0,16,21,8
16,1,16,11.2,1,2,0,13,8
14,3,14,26.5,0,0,0,13,5
6,3,6,12.2,0,0,0,45,5
5,0,5,1.0,0,0,0,5,8
8,5,8,6.5,0,0,4,16,3
13,0,13,26.5,0,0,0,9,5
17,5,17,30.4,0,0,0,7,8
15,2,15,33.6,0,0,0,16,8
0,1,0,10.9,0,0,1,2,6
5,0,5,3.9,0,0,0,7,8
17,4,17,25.8,0,1,4,44,2
4,2,4,12.9,0,0,0,25,5
17,1,17,19.2,0,0,0,8,8
9,5,9,21.6,0,0,18,32,6
11,3,11,12.9,0,0,16,21,8
14,3,14,13.5,0,0,4,8,3
6,3,6,3.5,0,0,4,50,2
4,1,4,14.0,0,0,2,7,3
15,4,15,21.5,0,0,2,13,2
4,1,4,11.3,0,0,2,11,2
5,6,5,17.2,0,0,2,10,3
20,3,20,11.6,0,0,2,54,2
2,2,2,12.9,0,0,0,21,5
14,2,14,22.8,0,0,0,45,5
1,5,1,11.3,0,0,1,2,6
5,5,5,12.6,0,0,1,2,6
12,0,12,11.4,0,0,0,3,8
5,4,5,0.8,0,0,4,10,2
18,3,18,20.0,0,0,0,16,8
22,0,22,10.0,0,0,2,7,3
22,2,22,10.5,0,0,18,36,26
2,4,2,12.9,0,0,16,21,8
19,3,19,8.9,1,2,2,16,2
5,0,5,16.9,0,0,6,9,5
5,1,5,11.8,0,0,0,5,8
0,1,0,15.8,0,0,2,21,3
8,1,8,1.0,0,0,6,9,5
6,6,6,17.3,0,0,0,5,8
11,1,11,13.5,0,0,10,33,21
10,0,10,10.3,0,0,2,45,3
1,0,1,14.2,0,0,0,37,0
16,0,16,24.6,0,0,0,21,8
9,5,9,13.9,0,0,0,9,5
22,3,22,7.5,0,0,23,41,15
13,6,13,21.2,0,0,0,32,5
15,0,15,23.0,0,0,2,9,3
15,3,15,15.2,0,0,2,13,3
6,4,6,0.0,0,0,16,21,8
9,5,9,13.5,0,0,0,76,14
6,0,6,3.4,0,0,2,3,3
5,6,5,17.1,0,0,0,3,8
13,1,13,17.0,0,0,4,7,3
8,0,8,15.0,0,0,0,9,14
8,0,8,6.6,0,0,0,8,8
7,1,7,10.7,0,0,15,6,3
9,3,9,18.5,0,0,0,32,5
17,5,17,31.6,0,0,4,13,5
19,1,19,15.0,0,0,0,13,5
15,5,15,17.5,0,0,0,21,8
8,5,8,3.5,0,0,4,54,3
16,6,16,29.2,0,0,16,10,8
16,1,16,22.8,0,0,16,21,8
11,3,11,11.0,0,0,2,16,3
10,3,10,11.0,0,0,2,34,3
20,6,20,15.7,0,0,0,7,5
5,6,5,16.3,0,0,2,11,5
2,3,2,6.1,0,0,8,0,9
5,3,5,14.5,0,0,4,16,2
0,4,0,17.2,0,0,0,22,14
9,3,9,4.9,0,0,0,54,5
0,1,0,14.6,0,0,18,32,6
5,3,5,8.5,0,0,2,11,2
16,4,16,16.2,0,0,4,7,2
0,2,0,12.8,0,0,16,21,5
14,0,14,27.2,0,1,2,5,3
8,6,8,12.6,0,0,0,10,5
5,1,5,11.9,0,0,0,36,8
10,1,10,9.1,0,0,0,3,8
19,0,19,19.7,0,0,16,11,3
6,1,6,16.7,0,0,6,9,5
5,5,5,7.8,0,0,2,5,3
20,2,20,7.9,0,0,2,9,2
7,4,7,5.8,0,0,2,33,3
13,2,13,15.3,0,0,0,61,8
3,1,3,10.0,0,0,7,26,7
20,5,20,16.7,0,0,0,17,0
22,1,22,8.4,0,0,16,21,3
15,2,15,20.0,0,0,2,7,2
8,2,8,9.1,0,0,67,108,33
11,1,11,13.3,0,0,0,53,0
12,3,12,9.3,0,0,2,16,3
12,2,12,27.1,0,0,0,29,8
10,4,10,10.3,0,0,0,8,8
5,1,5,9.2,0,0,4,10,2
9,1,9,12.3,0,0,2,33,3
6,3,6,8.9,0,0,6,9,5
1,0,1,16.6,0,0,0,37,0
16,2,16,26.0,0,0,4,44,3
13,5,13,21.4,0,0,2,12,3
5,1,5,9.8,0,0,4,21,5
7,3,7,11.2,0,0,15,6,3
16,6,16,29.1,0,0,6,93,5
1,2,1,13.2,0,0,0,9,5
22,0,22,17.0,0,0,0,9,5
14,0,14,21.4,0,0,7,0,7
18,0,18,23.1,0,0,2,12,2
22,3,22,15.8,0,0,12,18,7
12,4,12,17.0,0,0,18,32,6
16,1,16,20.4,0,0,4,7,3
2,3,2,10.6,0,0,0,62,0
19,5,19,31.8,0,0,0,4,5
12,1,12,23.9,0,0,4,5,2
8,6,8,1.8,0,0,2,10,3
13,1,13,9.6,1,2,40,0,10
16,2,16,25.4,0,0,0,36,8
14,3,14,12.9,0,0,0,3,8
5,6,5,13.7,0,0,2,10,3
14,2,14,14.7,0,0,0,3,8
13,4,13,12.3,0,0,19,48,60
16,2,16,28.5,0,0,0,13,8
11,3,11,27.3,0,0,2,8,3
5,1,5,6.5,0,0,0,3,8
10,6,10,28.3,0,0,9,0,10
15,6,15,19.2,0,0,2,5,3
1,2,1,9.1,0,0,15,6,15
8,3,8,6.7,0,0,2,16,3
7,2,7,12.0,0,0,0,29,5
13,5,13,21.6,0,0,0,32,5
23,4,23,13.1,0,0,0,20,0
6,6,6,4.9,0,0,2,7,2
21,4,21,9.4,0,0,0,9,5
13,0,13,15.4,0,0,0,13,8
8,4,8,10.8,0,0,0,10,5
1,2,1,11.8,0,0,0,37,0
6,2,6,11.4,0,0,0,5,8
10,4,10,11.4,0,0,2,30,3
0,0,0,8.1,0,0,6,9,5
13,2,13,22.6,0,0,0,33,8
7,0,7,9.5,0,0,6,9,5
8,6,8,7.5,0,0,0,44,5
22,0,22,11.0,0,0,18,32,6
8,1,8,14.6,0,0,7,26,7
6,0,6,11.5,0,0,0,25,8
13,6,13,14.6,0,0,2,30,3
9,5,9,6.3,0,0,2,30,3
4,0,4,6.6,0,0,0,3,8
15,1,15,18.3,0,0,0,78,8
14,4,14,17.7,0,0,0,13,5
8,3,8,11.6,0,0,15,6,14
15,3,15,26.9,0,0,2,13,3
5,4,5,15.3,0,0,0,7,8
13,0,13,29.1,0,0,2,36,5
21,2,21,11.4,1,2,2,5,3
7,0,7,8.3,0,0,0,3,8
11,5,11,8.4,0,0,2,44,3
10,3,10,19.2,0,0,0,0,0
9,3,9,18.3,0,0,18,32,6
18,2,18,29.5,0,1,0,33,5
15,3,15,24.9,0,0,2,3,3
6,0,6,3.7,0,0,4,12,3
12,1,12,23.9,0,0,0,7,8
12,1,12,11.0,0,0,0,7,8
9,3,9,20.1,0,0,0,42,5
11,3,11,17.8,0,0,27,36,0
12,6,12,19.5,0,0,2,8,3
4,6,4,13.9,0,0,9,0,7
16,3,16,28.3,0,0,0,6,14
0,4,0,7.1,0,0,0,6,14
13,3,13,15.2,0,0,4,16,2
17,3,17,11.4,0,0,2,12,2
9,1,9,13.1,0,0,17,0,7
20,1,20,13.1,0,0,0,36,8
8,3,8,10.2,0,0,2,16,3
11,3,11,19.2,0,0,0,16,8
2,0,2,18.4,0,0,1,2,6
22,6,22,10.1,0,0,16,21,8
12,2,12,24.7,0,0,10,30,16
5,5,5,9.3,0,0,4,10,3
11,0,11,15.8,0,0,2,5,3
8,1,8,5.3,0,0,0,5,8
5,2,5,16.0,0,0,4,21,5
23,0,23,9.8,0,0,0,20,14
18,1,18,28.0,0,0,4,7,5
17,0,17,19.5,0,0,0,21,8
12,2,12,11.0,0,0,0,5,8
9,5,9,7.6,0,0,0,5,8
19,5,19,10.7,0,0,2,54,3
21,6,21,8.0,0,0,2,5,3
0,2,0,9.6,0,0,0,6,14
11,3,11,8.1,0,0,18,54,20
8,2,8,8.3,0,0,17,0,7
23,4,23,15.8,0,0,11,0,14
4,1,4,11.4,0,0,2,5,3
4,2,4,18.1,0,0,0,3,8
19,4,19,10.2,0,0,2,44,3
12,2,12,20.4,0,0,0,13,8
23,1,23,8.7,0,0,0,22,14
9,0,9,13.4,0,0,0,45,5
14,3,14,26.4,0,0,2,34,3
11,5,11,15.8,0,0,0,0,0
19,0,19,13.8,0,0,0,16,8
11,2,11,10.5,0,0,2,34,2
15,2,15,13.7,0,0,0,12,8
5,5,5,4.3,0,0,4,21,2
21,3,21,10.9,0,0,0,9,5
0,5,0,4.6,0,0,0,20,14
12,3,12,12.4,0,0,2,8,2
5,4,5,9.9,0,0,2,11,2
12,5,12,15.0,0,0,26,49,13
17,6,17,29.1,0,0,2,4,3
16,4,16,7.5,0,0,0,3,5
19,6,19,9.4,0,0,2,4,2
2,1,2,5.9,0,0,9,0,18
16,4,16,16.8,0,0,16,21,8
10,0,10,12.9,0,0,0,3,8
14,5,14,20.4,0,0,0,13,8
11,3,11,11.1,0,0,0,16,8
23,5,23,11.0,0,0,0,20,0
1,3,1,4.1,0,0,8,14,9
8,3,8,18.5,0,0,0,32,5
4,4,4,8.8,0,0,0,7,5
14,0,14,24.5,0,0,2,5,3
21,3,21,9.7,1,2,0,21,0
1,0,1,20.0,0,0,15,6,3
15,3,15,12.9,0,0,15,6,3
19,0,19,27.4,0,0,0,44,8
2,4,2,6.9,0,0,1,2,1
6,5,6,5.5,0,0,0,7,8
20,2,20,25.2,0,0,0,36,8
10,0,10,14.8,0,0,4,8,5
4,3,4,3.9,0,0,0,3,8
19,2,19,10.9,0,0,2,4,2
1,5,1,19.0,0,0,0,1,0
0,3,0,15.9,0,0,0,25,5
6,6,6,0.5,0,0,4,32,3
6,5,6,12.6,0,0,16,21,5
6,0,6,3.4,0,0,24,47,22
3,2,3,11.1,0,0,80,26,7
0,4,0,12.2,0,0,0,1,0
6,2,6,8.0,0,0,4,3,2
20,4,20,9.9,0,0,2,16,3
10,3,10,23.4,0,1,0,15,5
20,5,20,12.1,0,0,0,36,8
7,4,7,17.1,0,0,0,13,5
12,4,12,13.0,0,0,0,3,8
11,6,11,11.2,0,0,0,5,5
5,2,5,17.3,0,0,0,3,8
7,0,7,0.5,0,0,0,33,5
8,2,8,13.9,0,1,17,0,7
7,6,7,6.9,0,0,0,33,5
17,2,17,26.0,0,0,0,7,8
12,3,12,21.1,0,0,4,7,3
19,5,19,24.8,0,0,2,32,3
14,1,14,17.5,0,0,0,44,8
11,2,11,15.0,0,0,0,7,8
5,5,5,20.8,0,0,4,12,5
15,3,15,28.9,0,1,7,0,7
7,4,7,10.0,0,0,0,8,5
20,2,20,7.5,0,0,0,4,8
20,2,20,11.7,0,0,0,5,5
13,1,13,11.2,0,0,0,5,8
5,4,5,12.9,0,0,0,11,8
5,3,5,5.5,0,0,2,7,3
0,4,0,19.3,0,0,0,1,0
12,1,12,12.2,0,0,0,32,5
11,6,11,24.7,0,1,18,54,20
16,4,16,26.0,1,0,0,10,5
11,3,11,24.2,0,0,0,25,8
18,2,18,11.9,0,0,2,5,2
10,4,10,22.7,0,0,10,51,17
12,0,12,15.2,0,0,2,13,3
22,4,22,8.9,0,0,2,21,3
5,5,5,11.3,0,0,4,10,2
18,1,18,12.6,0,0,2,44,2
18,3,18,9.6,0,0,2,44,3
17,0,17,15.7,0,0,16,21,8
5,6,5,4.7,0,0,2,3,3
5,3,5,8.4,0,0,0,36,8
12,4,12,13.9,0,0,0,5,8
14,1,14,28.1,0,1,2,33,3
11,4,11,12.9,0,0,0,0,0
5,4,5,5.0,0,0,4,11,2
9,2,9,23.3,0,1,25,46,0
3,4,3,11.7,0,0,1,2,1
5,0,5,17.3,0,0,0,4,8
7,1,7,11.2,0,0,0,36,5
8,6,8,15.3,0,0,0,30,5
12,0,12,14.5,0,0,0,8,8
14,4,14,27.9,0,0,33,62,0
15,0,15,15.4,0,0,24,33,23
12,6,12,25.5,0,0,0,11,5
16,3,16,10.1,0,0,0,34,5
22,5,22,9.1,0,0,11,0,14
23,3,23,12.6,0,0,0,22,14
12,3,12,13.2,0,0,0,44,8
18,6,18,30.1,0,0,18,32,6
17,6,17,15.4,0,0,0,16,5
8,0,8,8.5,0,0,0,13,8
16,1,16,25.4,0,0,0,6,14
9,3,9,15.8,0,0,0,43,14
0,0,0,17.9,0,0,8,6,9
5,6,5,4.6,0,0,6,9,5
13,2,13,17.3,0,1,0,8,8
19,6,19,10.4,0,0,2,32,3
7,1,7,10.4,0,0,0,8,8
0,3,0,11.7,0,0,0,43,14
20,4,20,21.0,0,0,0,44,5
0,0,0,18.3,0,0,0,0,14
0,2,0,20.8,0,0,0,6,5
7,5,7,0.9,0,0,0,13,8
16,3,16,17.9,0,0,28,55,0
9,3,9,17.3,0,1,0,8,5
3,3,3,14.9,0,0,1,2,1
5,4,5,14.9,0,0,0,5,8
19,1,19,6.9,0,0,2,4,3
17,1,17,14.8,0,0,0,8,8
3,1,3,7.7,0,0,9,0,10
9,6,9,18.2,0,0,0,7,5
0,1,0,14.8,0,0,2,21,3
4,5,4,5.0,0,0,1,2,6
10,1,10,11.1,0,0,2,44,2
14,3,14,26.4,0,0,0,33,5
10,5,10,15.9,0,0,0,5,8
4,3,4,20.0,0,0,2,7,3
6,0,6,13.4,0,0,0,5,5
4,0,4,10.1,0,0,2,5,3
18,1,18,15.2,0,0,2,7,3
20,2,20,8.3,0,0,2,4,3
12,5,12,18.3,0,0,0,11,8
16,1,16,12.8,0,0,0,17,14
12,5,12,18.5,0,0,4,8,3
17,6,17,15.2,0,0,4,32,3
8,5,8,1.6,0,0,0,76,0
11,5,11,16.2,0,0,1,2,1
12,5,12,26.4,0,0,0,9,5
19,0,19,7.4,0,0,0,44,5
18,2,18,24.6,0,0,7,0,7
17,5,17,18.0,0,0,0,21,0
20,2,20,17.0,0,0,0,4,5
16,1,16,19.0,0,0,16,21,2
9,4,9,13.5,0,0,0,45,5
12,3,12,16.7,0,0,26,49,13
12,3,12,11.0,0,0,2,3,3
6,6,6,12.6,0,0,2,32,3
21,6,21,27.0,0,1,0,17,0
8,5,8,7.6,0,0,0,15,8
6,6,6,10.5,0,0,0,12,8
11,4,11,7.2,0,0,18,32,33
11,5,11,15.9,0,0,0,5,8
7,5,7,1.2,0,0,0,36,5
16,1,16,19.7,0,0,4,44,2
12,1,12,17.0,0,0,0,0,0
16,3,16,22.6,0,0,0,45,5
14,3,14,13.0,0,0,2,5,3
20,3,20,9.5,0,0,2,16,2
9,3,9,11.9,0,0,17,0,7
1,6,1,9.1,0,0,2,36,2
9,5,9,21.4,0,0,4,5,3
8,4,8,11.4,0,0,0,13,8
1,4,1,9.3,0,0,0,21,8
5,0,5,1.3,0,0,2,5,3
1,0,1,11.7,0,0,0,1,0
16,1,16,20.8,0,0,2,7,3
10,0,10,23.4,0,0,22,56,4
13,3,13,30.5,0,0,14,17,13
7,1,7,8.9,0,0,0,8,8
5,2,5,4.5,0,0,6,9,5
16,0,16,18.3,0,0,0,11,8
9,2,9,9.8,0,0,2,5,2
17,0,17,14.4,0,0,0,13,8
13,1,13,18.1,0,0,0,36,5
10,6,10,7.2,0,0,2,13,3
7,3,7,14.5,0,0,0,5,8
12,1,12,18.1,0,0,0,5,8
21,2,21,21.1,0,0,4,7,3
16,5,16,20.6,0,0,0,4,8
14,5,14,21.7,0,0,0,21,8
5,4,5,8.1,0,0,4,10,5
3,0,3,17.7,0,0,1,2,1
8,2,8,8.9,0,0,0,29,8
7,4,7,8.7,0,0,0,36,8
14,2,14,29.7,0,0,45,36,6
13,6,13,18.5,0,0,0,32,5
8,6,8,3.3,0,0,2,13,3
10,6,10,6.3,0,0,27,36,0
8,3,8,2.0,0,0,16,21,8
11,6,11,11.1,0,0,2,3,3
17,4,17,21.9,0,0,6,9,5
16,0,16,18.1,0,0,0,32,5
14,3,14,18.0,0,0,16,110,5
5,0,5,15.5,0,0,2,5,3
15,1,15,20.4,0,0,2,8,2
18,3,18,9.2,0,0,0,13,8
4,6,4,5.8,0,0,0,7,8
7,0,7,13.6,0,0,2,8,3
7,0,7,11.0,0,0,0,16,5
6,1,6,13.1,0,0,0,8,8
2,5,2,9.4,0,0,16,21,8
14,3,14,10.8,0,0,4,5,5
8,1,8,9.6,0,0,0,10,5
15,6,15,14.8,0,0,2,45,3
16,5,16,15.3,0,0,16,10,5
15,0,15,10.5,1,0,24,33,22
12,3,12,29.4,0,0,1,2,1
22,1,22,11.6,0,0,2,8,2
11,6,11,23.8,0,0,2,16,2
13,0,13,20.4,0,0,0,44,5
23,0,23,10.2,0,0,4,5,3
8,3,8,4.5,0,0,18,32,6
9,0,9,10.2,0,0,4,5,3
9,4,9,12.1,0,0,2,13,2
9,5,9,18.3,0,0,18,32,6
12,6,12,14.3,0,0,0,32,5
19,0,19,25.1,0,0,2,54,3
23,3,23,17.1,0,0,0,7,5
1,6,1,6.1,0,0,1,2,6
7,6,7,1.0,0,0,0,33,5
17,6,17,19.1,0,0,0,54,5
7,1,7,7.7,0,0,0,21,5
16,0,16,12.0,0,0,0,8,8
10,5,10,9.2,0,0,0,30,5
5,0,5,10.0,0,0,0,3,5
16,5,16,16.6,0,0,0,32,5
16,6,16,31.5,0,0,2,33,2
21,2,21,6.6,0,0,13,19,13
19,2,19,28.4,0,1,2,4,3
1,6,1,15.9,0,0,14,17,13
9,5,9,14.4,0,0,0,15,5
4,6,4,15.9,0,0,0,4,8
5,4,5,13.4,0,0,4,10,2
18,0,18,16.3,0,0,0,21,5
10,0,10,24.1,0,0,0,42,5
11,6,11,19.8,0,0,0,5,8
16,0,16,24.9,0,0,0,32,5
0,3,0,10.4,0,0,0,0,0
12,5,12,28.7,0,0,1,2,1
4,2,4,12.0,0,0,0,16,8
23,0,23,20.6,0,0,0,0,0
14,4,14,11.8,0,0,6,9,5
21,6,21,20.7,0,0,2,9,2
4,3,4,8.5,0,0,0,5,8
7,3,7,16.7,0,0,0,8,5
4,2,4,4.8,0,0,1,2,6
4,4,4,12.9,0,0,0,7,8
15,6,15,32.2,0,0,9,0,18
21,6,21,18.7,0,0,0,9,5
11,2,11,10.9,0,0,19,13,19
16,0,16,16.7,0,0,16,21,2
4,1,4,10.7,0,0,2,8,3
4,3,4,9.2,0,0,4,32,3
18,5,18,7.4,0,0,0,33,5
9,5,9,7.8,0,0,4,54,3
8,3,8,18.4,0,0,0,32,5
12,5,12,8.4,0,0,2,3,2
16,0,16,20.1,0,0,0,13,8
21,1,21,26.7,0,1,2,9,2
0,2,0,9.8,0,0,0,1,0
14,3,14,18.0,0,0,2,5,3
23,0,23,8.7,0,0,0,22,14
13,2,13,18.0,0,0,4,11,2
10,3,10,14.6,0,0,0,13,8
16,3,16,15.0,0,0,10,100,28
5,6,5,2.4,0,0,4,21,5
5,0,5,6.3,0,0,0,8,8
9,0,9,20.1,0,0,6,9,5
12,2,12,26.8,0,1,1,2,6
8,5,8,3.4,0,0,0,10,5
1,4,1,18.4,0,0,14,17,13
10,0,10,14.0,0,0,2,36,3
9,3,9,19.7,0,0,24,47,30
5,3,5,8.7,0,0,4,6,3
15,3,15,19.2,1,2,0,27,5
12,2,12,13.4,0,0,4,5,2
5,3,5,3.1,0,0,4,11,2
10,2,10,16.8,0,0,0,44,8
17,4,17,16.5,0,0,4,32,5
13,3,13,18.0,0,0,0,5,8
11,3,11,10.7,0,0,4,63,5
5,6,5,8.7,0,0,4,5,3
18,5,18,7.5,0,0,0,16,8
18,3,18,9.7,0,0,2,16,3
22,5,22,7.1,0,0,23,41,15
10,0,10,7.4,0,0,0,21,0
1,4,1,9.1,0,0,1,2,1
11,1,11,26.2,0,0,7,9,7
20,5,20,23.5,0,0,4,5,3
12,4,12,24.9,0,0,18,32,6
2,0,2,10.8,0,0,0,1,0
15,5,15,30.7,0,0,2,8,3
15,2,15,28.6,0,1,7,0,7
11,0,11,10.4,0,0,0,0,14
8,1,8,9.9,0,0,0,32,5
3,5,3,14.1,0,0,16,21,8
9,1,9,12.1,0,0,2,3,2
8,2,8,5.2,0,0,0,10,5
3,2,3,9.4,0,0,2,6,3
17,5,17,26.5,0,0,0,13,8
5,4,5,4.4,0,0,9,0,10
6,3,6,10.9,0,0,4,3,3
15,6,15,11.9,0,0,0,33,8
23,3,23,12.6,0,0,14,17,13
16,0,16,16.6,0,0,0,6,14
13,1,13,17.6,0,0,0,45,5
20,6,20,26.2,0,0,2,16,3
12,5,12,14.8,0,0,2,3,2
15,6,15,16.7,0,0,1,54,6
7,2,7,12.3,0,0,0,8,5
16,1,16,14.5,0,0,0,13,8
11,1,11,22.4,0,0,0,29,8
8,5,8,7.7,0,0,0,21,8
4,1,4,8.0,0,0,0,27,5
12,5,12,27.5,0,0,1,2,1
5,4,5,8.5,0,0,0,25,8
4,0,4,12.6,0,0,0,3,8
18,4,18,16.9,0,0,4,3,3
10,5,10,11.4,0,0,0,21,0
18,1,18,28.1,0,0,16,21,8
22,4,22,6.9,1,2,1,2,6
16,6,16,33.4,0,0,29,26,10
18,6,18,14.3,0,0,0,54,5
16,6,16,16.1,0,0,2,11,2
18,4,18,21.2,0,0,0,16,8
14,2,14,31.0,0,0,10,7,21
22,3,22,18.9,0,0,2,9,2
11,5,11,23.6,0,0,21,26,7
0,2,0,9.0,0,0,4,5,3
5,6,5,4.9,0,0,6,9,5
23,4,23,9.4,0,0,0,43,14
15,6,15,21.5,0,0,16,10,5
18,4,18,12.2,0,0,0,13,8
14,2,14,20.9,0,0,4,11,2
9,1,9,18.3,0,0,0,43,14
15,0,15,23.2,0,0,0,33,5
14,6,14,28.6,0,0,0,13,8
22,1,22,11.4,0,0,16,21,5
9,5,9,7.7,0,0,0,16,8
5,3,5,8.8,0,0,0,25,8
9,0,9,20.7,0,0,0,3,8
23,5,23,3.8,0,0,0,20,0
22,6,22,14.6,0,0,0,0,14
0,0,0,16.4,0,0,0,0,0
20,3,20,7.3,0,0,0,4,8
1,0,1,12.2,0,0,0,37,0
10,4,10,15.0,0,0,10,71,37
19,2,19,13.0,0,0,0,33,5
6,1,6,9.5,0,0,16,21,8
19,2,19,16.2,0,0,0,7,5
13,1,13,14.7,0,0,2,5,3
6,3,6,8.7,0,0,0,29,8
14,3,14,18.2,0,0,0,9,14
19,5,19,23.1,0,0,2,54,3
17,0,17,16.0,0,0,0,7,8
12,3,12,9.3,0,0,2,34,3
6,5,6,8.4,0,0,4,7,5
4,3,4,12.8,0,0,0,16,8
14,1,14,24.0,0,0,0,44,5
12,1,12,12.2,0,0,2,33,3
3,0,3,15.1,0,0,1,2,1
9,2,9,15.1,0,0,0,21,8
23,0,23,14.9,0,0,0,20,14
22,6,22,12.3,0,0,3,6,4
15,6,15,17.7,0,0,4,7,2
2,3,2,7.9,0,0,1,2,1
15,2,15,16.9,0,0,2,45,3
19,2,19,13.1,0,0,0,17,0
21,4,21,13.1,0,0,0,5,5
10,1,10,13.6,0,0,2,13,2
5,1,5,6.0,0,0,0,3,8
12,3,12,11.1,0,0,1,2,1
8,0,8,12.9,0,0,0,44,5
1,6,1,5.9,0,0,8,0,9
5,3,5,10.3,1,2,0,20,14
5,6,5,13.3,0,0,2,7,3
5,5,5,15.6,0,0,0,5,8
23,3,23,8.8,0,0,2,21,3
6,0,6,10.0,0,0,15,6,14
1,3,1,15.0,0,0,18,36,6
16,0,16,8.3,0,0,0,6,14
0,3,0,10.0,0,0,2,5,3
6,3,6,4.1,0,0,0,3,8
10,1,10,10.9,0,0,2,45,3
12,0,12,25.7,0,0,0,11,5
22,3,22,16.3,0,0,11,0,12
13,0,13,29.6,0,1,26,49,12
14,0,14,24.2,0,0,0,21,8
15,4,15,19.2,0,0,0,78,8
6,6,6,6.8,0,0,2,21,3
8,4,8,9.9,0,0,15,6,3
19,0,19,34.1,0,0,2,12,3
18,4,18,8.1,1,2,7,36,7
13,5,13,8.6,0,0,0,9,5
17,4,17,18.5,0,0,0,33,5
13,1,13,20.0,0,0,4,7,2
11,3,11,10.1,1,2,0,7,8
15,6,15,16.5,0,0,0,34,5
23,2,23,16.7,0,1,12,18,7
1,1,1,12.8,0,0,0,1,0
14,1,14,11.2,0,0,16,110,3
5,4,5,12.6,0,0,2,10,3
0,2,0,12.0,0,0,7,0,7
9,6,9,10.2,0,0,4,5,3
7,2,7,3.5,0,0,17,0,7
5,0,5,1.3,0,0,2,8,3
15,0,15,26.4,0,0,4,54,5
20,4,20,21.1,0,0,0,25,8
16,5,16,12.1,0,0,0,11,8
4,4,4,8.0,1,2,6,9,5
7,6,7,19.2,0,0,0,91,5
19,0,19,24.0,0,0,0,8,5
15,3,15,10.0,0,0,0,33,8
7,4,7,5.0,0,0,0,13,5
6,2,6,2.8,0,0,6,9,5
23,3,23,12.6,0,0,0,22,0
0,1,0,9.6,0,0,1,2,6
3,6,3,13.7,0,0,1,2,1
1,3,1,18.2,0,0,0,1,0
0,5,0,17.3,0,0,2,21,3
9,2,9,23.7,0,0,2,29,3
16,2,16,21.3,0,0,0,44,5
14,4,14,20.9,0,0,4,21,2
17,4,17,8.1,1,2,0,13,8
8,5,8,15.4,0,0,0,16,8
12,3,12,10.9,0,0,0,32,5
18,5,18,24.4,0,0,0,33,5
14,6,14,33.1,0,0,0,58,5
5,2,5,14.5,0,0,4,11,5
17,0,17,12.1,0,0,0,45,5
13,2,13,14.6,0,0,0,33,5
7,6,7,8.5,0,0,2,3,3
8,4,8,15.7,0,0,8,0,9
17,5,17,30.3,0,0,0,25,8
10,0,10,19.4,0,0,7,9,7
9,6,9,14.5,0,0,0,21,8
6,5,6,5.9,0,0,0,7,8
16,6,16,18.4,0,0,0,6,14
12,4,12,13.6,0,0,2,8,3
7,4,7,8.6,0,0,17,0,7
5,1,5,1.0,0,0,2,9,2
6,0,6,6.8,0,0,4,21,2
16,3,16,27.9,0,0,2,33,3
14,2,14,28.0,1,0,19,48,17
10,2,10,22.3,0,0,2,5,3
20,2,20,12.5,0,0,0,4,5
18,4,18,15.4,0,0,4,32,5
18,6,18,25.9,0,0,6,9,0
3,2,3,12.4,0,0,1,2,1
15,6,15,21.3,0,0,0,9,0
5,4,5,0.9,0,0,0,5,5
15,4,15,17.7,0,0,9,26,18
7,6,7,1.5,0,0,4,13,5
8,6,8,3.3,0,0,0,9,8
5,1,5,1.0,0,0,16,21,2
17,3,17,26.9,0,0,6,9,0
9,0,9,14.7,0,0,0,21,8
11,3,11,20.6,0,0,0,45,5
18,5,18,27.1,0,0,6,9,0
18,5,18,23.8,0,0,2,12,2
16,3,16,28.5,0,0,2,3,2
1,4,1,20.0,0,0,1,2,6
22,5,22,18.7,0,0,11,0,12
11,2,11,19.0,0,0,0,53,14
14,4,14,20.7,0,0,0,13,5
23,5,23,11.3,0,0,14,17,13
11,2,11,10.9,0,0,0,44,8
10,1,10,11.0,0,0,0,12,5
12,6,12,21.4,0,0,0,11,8
16,3,16,32.2,0,0,6,9,7
11,2,11,26.4,0,1,0,3,8
4,5,4,3.5,0,0,1,2,6
23,2,23,8.6,0,0,0,22,14
0,4,0,20.5,0,0,0,22,14
5,5,5,8.2,0,0,9,0,10
14,3,14,10.8,0,0,4,8,3
7,3,7,8.0,0,0,0,36,8
4,2,4,14.4,0,0,0,7,5
10,6,10,13.1,0,0,0,34,5
5,0,5,0.5,0,0,10,28,34
9,0,9,16.9,0,0,0,53,14
6,1,6,9.0,0,0,0,5,8
16,2,16,21.1,0,0,16,21,3
23,0,23,7.1,0,0,69,6,5
3,6,3,8.1,0,0,9,0,18
5,1,5,14.6,0,0,4,5,3
19,1,19,8.3,0,0,0,17,0
13,1,13,11.6,0,0,2,7,3
10,4,10,9.4,0,0,2,45,3
6,4,6,12.3,0,0,4,7,2
20,0,20,20.6,0,1,2,8,2
11,2,11,12.0,0,0,2,16,2
17,4,17,26.1,0,0,0,13,8
11,5,11,26.0,0,0,0,25,8
16,2,16,25.9,0,0,0,25,8
6,6,6,7.4,0,0,15,6,14
20,5,20,13.8,0,0,0,36,5
13,3,13,24.2,0,0,16,21,8
4,2,4,12.3,0,0,2,5,3
13,4,13,20.2,0,0,2,36,3
8,2,8,7.9,0,0,0,8,8
4,4,4,5.7,0,0,0,16,8
16,4,16,17.9,0,0,2,11,2
17,5,17,27.0,0,0,0,7,8
11,6,11,12.6,0,0,0,13,8
19,4,19,14.0,0,0,2,33,3
11,3,11,10.8,0,0,1,2,1
15,6,15,11.2,0,0,2,9,2
22,4,22,20.5,0,0,0,0,0
11,5,11,19.7,0,0,0,5,8
5,6,5,7.5,0,0,0,3,8
4,5,4,3.5,0,0,1,2,6
7,3,7,5.4,0,0,17,0,7
10,0,10,13.6,0,0,0,13,5
5,4,5,6.9,0,0,0,11,8
21,6,21,22.3,0,1,6,9,5
11,3,11,17.8,0,0,0,21,8
4,1,4,12.3,0,0,0,7,5
5,6,5,15.3,0,0,1,2,6
5,4,5,16.8,0,0,2,5,3
7,3,7,9.3,0,0,0,44,8
16,4,16,20.4,0,0,0,6,14
6,4,6,11.4,0,0,2,9,2
5,0,5,12.4,0,0,4,7,3
20,6,20,13.4,0,0,2,54,3
9,2,9,10.4,0,0,4,13,5
18,1,18,25.6,0,0,2,5,3
15,3,15,13.8,0,0,4,3,2
5,0,5,16.2,0,0,0,16,8
4,2,4,9.8,0,0,0,7,8
5,1,5,2.2,0,0,4,11,5
7,3,7,10.2,0,0,0,33,8
11,0,11,18.3,0,0,0,3,8
20,6,20,24.2,0,0,0,5,8
18,6,18,10.7,0,0,0,16,8
22,2,22,8.7,0,0,9,0,18
22,3,22,10.0,0,0,11,0,14
4,4,4,15.2,0,0,2,3,3
8,1,8,12.0,0,0,0,13,5
5,1,5,10.3,0,0,2,10,3
21,2,21,21.1,1,0,0,9,5
5,5,5,11.2,0,0,0,4,8
11,2,11,8.5,0,0,0,5,8
5,4,5,13.8,0,0,4,10,2
1,2,1,16.9,0,0,15,6,3
5,2,5,12.4,0,0,0,7,5
18,0,18,27.7,0,0,2,44,3
9,5,9,13.3,0,0,19,85,17
18,1,18,27.6,0,0,10,7,17
8,5,8,6.0,0,0,2,16,3
8,0,8,5.9,0,0,0,21,8
7,1,7,9.3,0,0,0,29,8
15,2,15,14.1,0,0,2,110,3
16,2,16,7.1,0,0,0,3,8
6,2,6,10.9,0,0,4,21,2
13,0,13,22.1,0,0,0,13,8
15,2,15,14.9,0,0,6,93,5
23,5,23,6.6,0,0,0,0,14
18,5,18,23.4,0,0,4,16,3
5,4,5,1.9,0,0,4,10,2
9,5,9,19.5,0,0,0,43,14
17,6,17,20.4,0,0,4,38,3
6,3,6,2.9,0,0,0,5,8
4,4,4,7.6,0,0,2,10,3
7,2,7,8.0,0,0,0,29,8
6,2,6,12.4,0,0,0,12,5
7,2,7,9.8,0,0,0,25,8
15,6,15,25.6,0,0,2,9,2
14,0,14,30.7,0,0,2,33,3
14,2,14,14.4,0,0,4,5,5
6,0,6,2.5,0,0,2,3,2
16,4,16,30.6,0,0,4,5,2
12,3,12,27.9,0,0,0,44,8
23,5,23,9.0,0,0,0,20,0
7,3,7,10.7,0,0,0,29,8
12,1,12,27.7,0,0,27,36,0
1,2,1,12.2,0,0,1,2,6
16,2,16,7.2,0,0,0,15,8
0,5,0,16.5,0,0,11,23,14
5,1,5,8.7,0,0,6,9,5
15,4,15,28.6,0,0,7,0,7
18,1,18,21.7,0,0,52,16,55
19,3,19,10.0,0,0,2,54,3
14,6,14,28.1,0,0,7,0,7
13,4,13,17.9,0,0,4,44,3
8,2,8,9.4,0,0,0,54,5
9,5,9,13.7,0,0,0,11,8
10,4,10,14.9,0,0,27,36,0
23,4,23,15.7,0,0,0,20,14
13,6,13,12.8,0,0,0,61,8
11,3,11,24.7,0,1,0,45,5
15,6,15,11.4,0,0,0,34,5
10,5,10,19.3,0,1,7,0,7
11,1,11,16.1,0,0,2,16,3
14,4,14,27.2,0,0,0,9,5
21,4,21,6.8,1,2,0,21,8
9,5,9,10.3,0,0,2,33,3
5,0,5,6.5,0,0,2,9,2
8,5,8,4.9,0,2,10,31,36
23,3,23,6.1,0,0,18,32,26
12,6,12,14.5,0,0,0,11,8
17,6,17,16.3,0,0,2,44,3
19,0,19,8.6,0,0,2,16,2
4,4,4,13.1,0,0,8,6,9
5,3,5,16.4,0,0,4,10,2
19,4,19,7.2,0,0,2,8,3
23,6,23,16.4,0,0,9,0,18
9,3,9,10.7,1,2,0,5,5
11,4,11,24.6,0,0,0,10,5
4,2,4,15.8,0,0,0,5,5
5,3,5,8.3,0,0,4,10,2
5,4,5,12.9,0,0,0,32,5
11,2,11,23.5,0,0,0,16,5
5,0,5,13.0,0,0,4,7,3
6,6,6,8.2,0,0,4,32,5
8,4,8,7.4,0,0,0,13,8
20,2,20,13.0,0,0,0,36,5
15,3,15,14.8,0,0,0,78,5
12,3,12,16.4,0,0,0,32,5
4,4,4,9.0,0,0,2,5,3
14,4,14,14.8,0,0,0,5,8
20,6,20,8.8,0,0,2,9,3
8,0,8,9.6,0,0,4,44,5
23,3,23,9.6,1,2,0,9,5
1,0,1,11.6,0,0,1,2,6
23,1,23,12.9,0,0,0,0,0
16,2,16,14.8,0,0,4,78,5
6,4,6,8.8,0,0,4,11,5
11,2,11,21.0,0,0,0,7,8
0,3,0,11.3,0,0,15,6,3
3,5,3,13.2,0,0,9,0,10
5,0,5,15.0,0,0,2,5,3
7,3,7,12.0,0,0,0,7,5
4,1,4,13.0,0,0,2,4,3
8,6,8,1.8,0,0,0,29,8
15,3,15,27.3,0,0,7,9,7
9,6,9,10.4,0,0,4,13,5
11,5,11,23.5,0,0,0,8,8
0,6,0,16.0,0,0,0,22,14
5,2,5,11.1,0,0,4,5,3
5,2,5,14.6,0,0,4,9,2
14,1,14,24.5,0,0,2,13,2
17,0,17,20.1,0,0,0,13,8
6,4,6,9.4,0,0,2,32,3
15,3,15,19.5,0,0,0,78,5
10,5,10,24.5,0,0,2,44,3
5,4,5,2.3,0,0,2,8,3
16,2,16,12.2,0,0,0,21,0
16,5,16,26.0,0,0,0,7,8
18,1,18,26.8,0,0,2,12,2
6,5,6,2.1,0,0,4,32,3
11,5,11,15.0,0,0,16,21,8
16,5,16,30.6,0,0,0,36,5
20,0,20,12.9,0,0,0,5,8
11,2,11,25.0,0,0,2,16,3
13,3,13,21.0,0,0,7,0,7
5,2,5,10.1,0,0,4,12,2
8,4,8,8.2,0,0,0,9,8
8,5,8,2.5,0,0,0,30,5
13,6,13,32.1,0,0,28,55,0
3,4,3,11.7,0,0,7,0,7
6,0,6,8.3,0,0,10,12,44
13,1,13,25.8,0,0,0,13,5
11,4,11,25.6,0,0,0,3,5
17,0,17,18.3,0,0,2,12,2
11,3,11,21.2,0,0,2,16,2
12,6,12,24.8,0,0,0,34,5
20,0,20,16.1,0,0,4,8,3
6,1,6,9.3,0,0,2,9,2
20,2,20,11.2,0,0,0,7,8
5,5,5,6.4,0,0,10,41,34
1,5,1,15.5,0,0,0,1,0
12,1,12,24.1,0,1,26,49,12
22,3,22,7.9,0,0,14,17,13
0,1,0,19.1,0,0,0,22,14
12,0,12,22.0,0,0,0,11,8
11,5,11,12.7,0,0,0,8,8
12,5,12,28.1,0,1,4,63,5
6,1,6,5.6,0,0,4,3,3
4,4,4,10.5,0,0,0,5,5
10,2,10,12.4,0,0,0,5,8
3,5,3,5.0,0,0,2,6,3
15,2,15,14.1,0,0,6,93,5
18,3,18,22.2,0,0,0,32,5
0,5,0,4.4,0,0,1,2,6
14,3,14,27.3,0,0,2,45,3
11,0,11,8.8,0,0,14,17,13
15,3,15,21.9,0,0,15,6,3
16,3,16,29.5,0,0,4,44,2
4,1,4,5.4,0,0,2,10,3
19,2,19,12.8,0,0,0,17,0
5,1,5,9.5,0,0,4,10,3
14,3,14,13.8,0,0,0,21,8
10,3,10,14.0,0,0,4,13,3
7,1,7,5.1,0,0,2,8,3
18,2,18,7.7,0,0,0,13,5
14,3,14,12.7,0,0,4,11,2
12,2,12,21.2,0,0,0,29,8
5,2,5,14.5,0,0,1,2,6
6,5,6,12.6,0,0,0,52,5
19,3,19,16.4,0,0,2,4,3
19,0,19,26.5,0,0,2,7,2
5,2,5,1.0,0,0,16,21,8
5,1,5,9.5,0,0,4,11,3
5,2,5,14.4,0,0,0,3,8
13,1,13,15.5,0,0,2,8,3
6,1,6,11.1,0,0,4,21,5
0,1,0,8.8,0,0,0,6,14
1,5,1,14.7,0,0,1,2,6
19,6,19,10.3,0,0,2,54,3
19,1,19,10.7,1,2,14,24,9
21,5,21,8.4,0,0,9,0,10
8,6,8,11.2,0,0,2,44,3
18,2,18,20.8,0,0,10,8,11
17,6,17,16.1,0,0,4,38,3
3,2,3,18.3,0,0,0,37,0
4,2,4,10.6,0,0,2,11,2
0,4,0,13.7,0,0,2,21,3
8,2,8,6.9,0,0,0,5,5
18,5,18,12.5,0,0,0,32,5
9,4,9,8.1,0,0,2,30,3
8,1,8,12.3,0,0,4,5,5
6,5,6,11.9,0,0,6,9,5
7,5,7,12.8,0,0,7,21,7
4,0,4,8.1,0,0,1,2,6
9,1,9,21.2,0,0,7,26,7
4,4,4,16.5,0,0,2,5,3
0,6,0,20.7,0,0,11,23,14
0,1,0,7.2,0,0,1,2,6
6,4,6,9.2,0,0,2,9,2
6,0,6,13.1,0,0,0,7,8
15,2,15,28.5,0,0,6,93,5
4,0,4,4.7,0,0,1,2,6
7,4,7,4.4,0,0,0,36,8
1,2,1,13.6,0,0,15,6,3
5,3,5,7.7,0,0,1,2,6
18,1,18,25.1,0,0,0,7,5
0,2,0,12.5,0,0,2,21,3
9,5,9,8.8,0,0,0,15,5
16,1,16,19.5,0,0,0,17,14
15,1,15,14.0,0,0,0,9,8
6,5,6,5.0,0,0,4,7,3
5,3,5,3.5,0,0,0,52,5
13,5,13,23.5,0,0,4,11,2
4,3,4,16.5,0,0,2,4,3
21,1,21,19.9,0,0,0,9,8
11,1,11,11.4,0,0,0,0,14
17,4,17,16.6,0,0,0,15,8
1,2,1,18.3,0,0,2,9,2
14,6,14,18.2,0,0,0,44,8
15,6,15,25.7,0,0,10,39,17
7,4,7,15.5,0,1,0,3,8
2,1,2,20.1,0,0,0,21,5
6,1,6,8.8,0,0,4,11,2
17,5,17,26.3,0,0,0,17,0
13,4,13,15.2,0,0,2,36,3
19,3,19,24.2,0,0,16,21,3
23,4,23,17.2,0,0,4,8,3
5,1,5,18.3,0,0,6,9,5
12,3,12,15.6,0,0,7,0,7
14,6,14,18.9,0,0,0,29,5
5,5,5,11.8,0,0,4,32,3
18,1,18,18.4,0,0,0,7,8
19,6,19,25.2,0,0,0,44,5
10,5,10,20.1,0,0,2,45,3
5,4,5,15.3,0,0,4,6,3
17,1,17,18.9,0,0,0,21,8
8,4,8,11.7,0,0,0,44,8
13,5,13,13.1,0,0,4,13,3
21,3,21,24.5,0,0,25,46,14
12,3,12,10.2,0,0,0,11,8
13,3,13,14.7,0,0,2,36,3
5,1,5,12.3,0,0,4,7,5
16,2,16,18.0,0,0,0,6,14
5,3,5,13.1,0,0,0,3,5
19,0,19,25.5,0,0,16,11,5
5,2,5,9.7,0,0,0,7,8
11,5,11,13.3,0,0,0,44,8
18,0,18,19.9,0,0,0,54,5
16,2,16,25.9,0,0,0,11,8
4,2,4,14.7,0,0,0,25,8
4,2,4,14.7,0,0,0,4,5
5,6,5,7.0,0,0,4,11,2
11,0,11,7.8,0,0,2,16,2
20,4,20,14.5,0,0,0,3,8
5,2,5,4.1,0,0,0,7,8
23,4,23,17.3,0,0,11,0,14
10,1,10,6.8,0,0,2,16,2
10,3,10,9.2,0,0,2,25,3
19,6,19,17.1,0,0,2,4,3
10,4,10,23.4,0,0,2,16,2
19,6,19,11.2,0,0,0,44,8
14,6,14,14.7,0,0,0,30,5
11,1,11,20.5,0,0,0,44,8
1,1,1,10.3,0,0,1,2,6
4,6,4,11.8,0,0,0,11,5
8,0,8,8.5,0,0,2,16,3
13,3,13,22.5,0,0,2,16,3
5,3,5,8.7,0,0,16,21,2
9,2,9,20.3,0,0,10,8,22
13,3,13,9.5,0,0,0,34,5
14,2,14,13.3,0,0,2,33,3
20,4,20,10.1,0,0,0,8,8
9,2,9,20.2,0,1,17,0,7
5,3,5,13.6,0,0,0,3,8
16,2,16,26.0,0,0,2,3,2
6,6,6,7.7,0,0,4,21,3
21,3,21,6.4,0,0,2,8,3
5,6,5,7.0,0,0,10,103,17
7,3,7,13.4,0,1,0,13,8
15,6,15,17.0,0,0,2,34,3
23,5,23,11.6,0,0,0,0,0
11,3,11,14.1,0,0,0,0,14
23,6,23,14.1,0,0,0,0,0
5,2,5,14.8,0,0,4,11,3
16,0,16,16.9,0,0,16,21,8
5,1,5,12.1,0,0,80,26,7
6,5,6,14.0,0,0,2,32,3
15,2,15,20.7,0,0,2,44,3
5,5,5,21.7,0,0,0,25,8
12,5,12,21.5,0,0,0,34,5
8,1,8,1.9,0,0,0,8,8
8,6,8,3.2,0,0,6,9,5
11,4,11,12.2,0,0,1,2,1
15,3,15,11.2,0,0,0,32,5
16,2,16,13.5,0,0,0,33,8
20,5,20,6.7,0,0,2,4,3
20,3,20,11.1,0,0,0,16,5
19,6,19,13.1,0,0,0,13,5
0,6,0,15.4,0,0,15,6,3
15,3,15,10.2,0,0,0,7,8
18,1,18,28.8,0,0,0,32,5
12,2,12,22.1,0,0,0,29,8
1,0,1,16.1,0,0,0,37,0
12,0,12,13.4,0,0,0,32,5
10,0,10,9.0,0,0,10,100,28
18,3,18,32.0,0,0,2,3,3
11,4,11,11.6,0,0,2,3,3
20,2,20,8.3,0,0,10,44,17
14,0,14,14.3,0,0,15,6,3
6,4,6,12.3,0,0,0,21,8
6,6,6,6.4,0,0,2,21,2
6,1,6,2.5,0,0,15,6,14
15,6,15,17.1,0,0,6,93,5
1,2,1,2.8,0,0,2,36,2
15,6,15,25.7,0,0,2,58,3
13,6,13,15.6,0,0,33,62,0
16,4,16,27.7,0,0,0,16,5
5,4,5,10.4,0,0,0,7,8
1,2,1,9.9,0,0,1,2,6
15,5,15,12.7,0,0,2,7,3
13,1,13,21.7,0,1,7,0,7
21,3,21,9.0,0,0,2,8,3
0,3,0,20.8,0,0,2,21,3
17,3,17,9.9,0,0,0,13,8
13,2,13,19.0,0,0,4,25,3
19,3,19,9.9,0,0,2,5,3
12,3,12,21.1,0,0,10,28,16
4,1,4,10.1,0,0,0,11,8
22,1,22,19.8,0,1,12,18,7
3,5,3,15.2,0,0,1,2,1
13,2,13,8.8,0,0,4,11,2
15,1,15,18.2,0,0,16,110,3
19,0,19,24.4,0,0,0,8,8
5,1,5,10.9,0,0,0,11,8
11,0,11,12.4,0,0,0,44,8
9,2,9,9.2,0,0,27,36,0
6,1,6,5.6,0,0,15,6,14
13,6,13,23.5,0,0,0,45,5
2,6,2,7.9,0,0,1,2,1
4,6,4,2.7,0,0,0,6,14
9,1,9,17.6,0,0,2,45,3
7,5,7,10.3,0,0,0,5,5
5,4,5,5.4,0,0,0,7,8
6,3,6,9.6,0,0,0,3,8
4,6,4,2.8,0,0,6,9,5
9,6,9,8.3,0,0,10,71,17
8,2,8,15.6,0,0,0,13,8
0,3,0,13.2,0,0,91,144,4
4,1,4,11.0,0,0,0,25,5
23,2,23,17.2,0,0,0,0,0
13,1,13,20.8,0,0,14,17,13
8,5,8,5.4,0,0,2,16,3
19,3,19,8.7,1,2,0,8,5
18,0,18,13.0,0,0,2,44,3
9,6,9,21.0,0,1,25,46,0
7,3,7,6.4,0,0,7,36,7
21,1,21,16.2,0,0,2,9,2
1,5,1,9.5,0,0,16,21,5
3,1,3,11.5,0,0,1,2,1
18,0,18,11.4,0,0,4,5,3
5,5,5,13.0,0,0,2,4,2
11,0,11,27.5,0,0,0,25,5
17,0,17,28.2,0,0,0,12,8
9,1,9,6.2,0,0,2,8,3
11,1,11,7.9,0,0,0,53,0
6,6,6,12.5,0,0,16,21,2
10,4,10,14.8,0,0,0,8,8
8,6,8,6.2,0,0,2,16,3
19,0,19,15.9,0,0,2,32,3
15,2,15,31.6,0,0,0,9,5
13,4,13,11.2,0,0,0,9,5
16,5,16,16.8,0,0,0,21,14
17,1,17,21.3,0,0,2,7,2
4,1,4,11.3,0,0,2,4,3
5,2,5,12.3,0,0,4,3,2
4,5,4,9.5,1,2,7,0,7
8,3,8,5.7,0,0,0,53,14
20,1,20,14.4,0,0,18,32,6
15,1,15,17.6,0,0,6,93,5
19,6,19,8.8,0,0,0,13,5
13,1,13,25.6,0,0,0,32,5
11,1,11,17.6,0,0,0,53,0
15,2,15,17.4,0,1,0,9,5
20,6,20,12.6,0,0,0,16,8
18,4,18,27.1,0,0,6,9,0
15,3,15,19.1,0,0,0,78,5
5,0,5,4.3,0,0,4,7,3
11,0,11,13.0,0,0,0,25,8
6,1,6,7.4,0,0,0,7,8
10,1,10,7.1,0,0,0,21,0
19,1,19,25.1,0,0,9,0,10
18,5,18,14.1,0,0,4,16,3
20,4,20,13.7,0,0,0,36,8
17,5,17,18.0,0,0,0,5,8
12,0,12,25.8,0,0,0,0,0
5,6,5,18.0,0,0,4,5,3
0,6,0,16.9,0,0,0,20,0
19,3,19,20.3,0,0,0,13,5
11,4,11,10.7,0,0,2,16,3
15,3,15,13.5,0,0,0,21,8
14,0,14,10.5,0,0,4,5,3
20,5,20,22.8,0,0,0,36,5
2,2,2,15.9,0,0,1,2,6
9,6,9,20.2,0,0,2,45,3
2,0,2,16.9,0,0,1,2,6
14,3,14,18.7,0,0,18,32,26
12,0,12,19.8,0,0,14,17,13
12,5,12,24.9,0,0,26,49,13
23,6,23,9.9,0,0,13,19,13
20,4,20,7.2,0,0,2,5,3
18,1,18,24.7,0,0,16,11,5
21,2,21,24.6,0,1,0,3,5
4,3,4,15.0,0,0,4,6,3
3,5,3,7.9,1,2,6,9,5
18,4,18,10.1,0,0,16,21,8
12,5,12,18.2,0,0,2,8,3
18,5,18,28.2,0,0,10,129,17
13,5,13,21.8,0,0,2,36,3
15,5,15,25.1,0,0,2,58,3
4,5,4,9.1,0,0,2,6,3
6,0,6,6.8,0,0,0,32,5
21,4,21,22.3,0,0,4,7,3
13,4,13,27.8,0,0,14,17,13
19,4,19,11.3,0,0,2,54,3
0,5,0,12.6,0,0,0,4,8
6,1,6,16.7,0,0,2,32,3
9,6,9,22.6,0,1,0,16,8
7,2,7,9.6,0,0,2,16,3
6,0,6,12.0,0,0,1,2,6
12,5,12,14.1,0,0,2,34,3
2,0,2,8.6,0,0,15,14,3
15,1,15,15.4,0,0,2,3,2
8,3,8,5.7,0,0,10,72,43
9,4,9,10.4,0,0,2,16,3
7,0,7,17.3,0,0,0,5,8
12,6,12,20.5,0,0,0,34,5
20,2,20,16.7,0,0,0,7,8
6,1,6,4.9,0,0,0,5,8
6,4,6,18.0,0,0,4,8,3
8,3,8,14.0,0,0,0,13,8
13,1,13,16.5,0,0,16,21,8
6,2,6,6.6,0,0,2,36,3
22,5,22,23.8,0,0,0,6,5
0,5,0,16.7,0,0,0,22,14
16,0,16,8.1,0,0,2,45,3
6,2,6,8.4,0,0,0,16,5
13,1,13,25.7,0,0,2,5,3
12,5,12,19.5,0,0,0,11,8
13,1,13,12.4,0,0,2,5,2
19,6,19,17.0,0,0,0,17,0
22,3,22,19.1,0,0,2,8,3
23,6,23,11.3,0,0,0,22,0
3,4,3,13.4,0,0,1,2,1
16,1,16,17.1,0,0,4,7,2
7,5,7,4.8,0,0,17,2,7
15,0,15,24.0,0,0,0,9,5
10,5,10,12.7,0,2,10,118,77
11,3,11,15.2,0,0,0,21,0
23,1,23,6.4,0,0,0,20,0
5,5,5,14.4,0,0,1,2,6
10,4,10,25.0,0,1,18,32,33
1,4,1,12.9,0,0,0,17,0
18,0,18,11.6,0,0,4,3,2
21,5,21,8.4,0,0,0,25,5
6,6,6,13.1,0,0,8,6,9
15,4,15,11.8,0,0,4,54,5
16,6,16,23.8,0,0,4,44,2
11,5,11,17.6,0,0,2,13,2
16,4,16,18.3,0,0,4,44,5
0,5,0,16.0,0,0,11,23,14
12,3,12,13.9,0,0,26,49,13
13,4,13,20.4,0,0,18,32,6
5,6,5,5.0,0,0,4,5,3
14,6,14,24.6,0,0,0,13,8
18,4,18,26.9,0,0,16,21,8
0,3,0,8.1,0,0,15,6,3
20,2,20,15.8,0,0,4,7,2
19,3,19,8.2,0,0,2,7,3
12,0,12,14.0,0,0,17,0,7
3,1,3,10.8,0,0,9,0,10
4,5,4,13.5,0,0,2,5,3
4,2,4,16.8,0,0,0,16,8
15,3,15,14.7,0,0,0,21,5
7,2,7,1.1,0,0,0,36,8
23,6,23,22.5,0,0,0,20,0
18,0,18,17.2,1,2,0,42,5
17,4,17,8.0,1,2,0,7,8
19,3,19,12.7,0,0,2,7,2
19,2,19,11.2,0,0,0,44,5
1,0,1,13.3,0,0,16,21,5
0,5,0,10.3,0,0,15,6,3
19,1,19,17.2,0,0,0,17,0
13,1,13,19.1,0,0,26,49,13
9,6,9,13.1,0,0,0,8,5
8,3,8,7.5,0,0,0,10,5
15,2,15,24.6,0,0,0,5,8
10,5,10,21.0,0,0,2,44,3
5,5,5,0.9,0,0,4,21,2
22,1,22,9.5,0,0,0,4,8
15,2,15,19.7,0,0,0,11,8
15,5,15,16.1,0,0,2,44,3
23,3,23,11.2,0,0,0,25,5
0,6,0,17.3,0,0,0,6,14
0,0,0,18.4,0,0,11,23,14
16,1,16,19.7,0,0,0,32,5
17,2,17,16.4,0,0,0,44,5
5,1,5,4.1,0,0,0,16,5
18,3,18,16.3,0,0,4,32,3
7,4,7,1.3,0,0,8,0,9
1,1,1,17.3,0,0,1,2,6
23,6,23,9.7,0,0,0,43,14
7,1,7,5.4,0,0,0,33,5
7,6,7,3.3,0,0,4,7,3
7,6,7,9.8,0,0,0,13,8
16,4,16,20.9,0,0,0,11,8
9,2,9,13.4,0,0,0,54,5
23,3,23,7.1,0,0,0,22,0
7,5,7,12.8,0,0,0,25,5
5,1,5,19.4,0,0,4,6,3
8,2,8,3.5,0,0,0,44,5
23,0,23,9.8,0,0,10,99,31
19,3,19,12.7,0,0,2,3,3
9,5,9,10.3,0,0,17,2,7
14,5,14,21.1,0,0,0,9,8
12,5,12,29.0,0,0,26,49,13
5,5,5,14.8,0,0,2,7,2
12,2,12,14.5,0,0,2,33,3
17,6,17,10.3,0,0,7,21,7
9,1,9,6.1,0,0,0,54,5
23,2,23,13.5,0,0,13,19,13
22,5,22,16.9,0,0,11,0,14
9,4,9,7.7,0,0,2,30,3
17,6,17,25.6,0,0,6,9,0
4,0,4,14.4,0,0,0,25,5
20,1,20,10.5,0,0,2,9,3
19,6,19,10.8,0,0,2,8,3
20,6,20,8.0,0,0,2,7,3
5,1,5,9.7,0,0,0,5,8
11,6,11,10.9,0,0,1,2,1
12,1,12,14.9,0,0,26,49,13
9,1,9,11.6,1,0,19,48,64
11,1,11,15.6,0,0,52,48,53
1,1,1,6.5,0,0,1,2,6
5,0,5,12.6,0,0,0,5,5
23,0,23,11.0,0,0,0,20,14
4,1,4,15.5,0,0,0,5,5
5,2,5,13.6,0,0,6,9,5
9,2,9,11.6,0,0,2,13,2
17,2,17,12.5,0,0,2,12,3
7,5,7,8.4,0,0,2,16,3
5,6,5,7.8,0,0,4,5,3
6,6,6,5.6,0,0,0,5,8
21,0,21,19.6,0,0,0,9,8
12,4,12,24.2,0,0,1,2,1
16,6,16,24.6,0,0,16,21,2
5,1,5,11.1,0,0,4,5,2
21,6,21,17.1,0,0,2,9,2
18,1,18,16.2,0,0,0,8,8
4,3,4,15.0,0,0,0,16,5
6,0,6,5.5,0,0,24,47,23
19,1,19,18.0,0,0,16,21,8
12,6,12,26.7,0,0,1,2,1
16,3,16,15.4,0,1,7,36,7
8,1,8,10.6,0,0,0,5,8
12,2,12,26.6,0,0,2,44,3
13,6,13,29.6,0,1,0,36,5
5,1,5,9.0,0,0,2,3,3
5,4,5,15.4,0,0,4,11,3
22,3,22,10.4,0,0,2,9,2
16,4,16,17.6,0,0,0,10,8
6,6,6,8.6,0,0,0,5,8
5,6,5,8.7,0,0,4,10,2
5,1,5,11.1,0,0,0,32,5
19,3,19,13.9,0,0,2,54,3
16,4,16,11.8,0,0,6,9,0
8,4,8,9.5,0,0,0,32,5
5,2,5,3.4,0,0,7,26,7
12,5,12,28.0,0,0,21,26,7
12,1,12,24.9,0,0,0,7,8
4,3,4,14.6,0,0,2,4,3
10,0,10,9.5,0,0,0,7,8
17,1,17,13.9,0,0,2,12,3
11,0,11,11.4,0,0,0,13,8
17,6,17,29.6,0,0,0,13,8
6,3,6,13.5,0,0,2,32,3
5,1,5,8.5,0,0,4,11,3
16,4,16,18.8,0,0,0,7,8
6,1,6,11.0,0,0,0,9,5
12,1,12,12.0,0,0,2,7,3
17,0,17,16.2,0,0,0,12,5
15,5,15,16.1,0,0,0,8,5
14,0,14,19.3,0,0,0,33,5
14,4,14,16.8,0,0,33,62,0
9,6,9,14.1,0,0,0,25,8
6,3,6,8.4,0,0,0,12,8
8,3,8,15.3,0,0,18,32,6
9,4,9,7.3,0,0,0,5,8
18,1,18,16.8,0,0,6,9,0
2,2,2,13.0,0,0,7,21,7
16,4,16,20.2,0,0,4,7,2
7,6,7,9.2,0,0,16,21,8
14,2,14,13.4,0,0,6,9,5
7,6,7,13.5,0,0,0,21,0
8,5,8,12.6,0,0,0,33,5
14,1,14,11.9,0,0,0,61,8
8,4,8,8.1,0,0,2,33,3
3,6,3,7.3,1,2,15,6,3
19,3,19,23.7,0,0,0,61,8
17,1,17,16.2,0,0,2,12,3
16,6,16,30.3,0,1,29,26,10
7,5,7,14.8,0,0,2,33,3
6,4,6,16.5,0,0,0,7,5
9,1,9,18.4,0,0,17,0,7
17,5,17,11.9,0,0,0,16,8
15,4,15,21.7,0,0,0,9,5
8,6,8,17.4,0,0,7,0,7
15,5,15,21.7,0,0,0,13,8
12,0,12,30.6,0,0,1,2,1
8,3,8,4.4,0,0,6,9,5
19,3,19,23.9,0,1,0,61,5
7,5,7,12.0,0,0,2,16,3
17,6,17,9.6,0,0,0,32,5
16,0,16,25.4,0,0,18,32,33
17,3,17,18.1,0,0,0,21,14
5,2,5,4.2,0,0,4,11,2
0,3,0,23.6,0,0,0,0,14
17,0,17,18.7,0,0,4,13,2
7,3,7,12.9,0,0,6,9,15
8,3,8,7.5,0,0,4,5,3
14,6,14,13.3,0,0,0,7,8
19,5,19,12.8,0,0,0,8,8
6,5,6,7.1,0,0,4,21,5
19,2,19,7.3,0,0,0,17,0
12,0,12,19.8,0,0,16,21,8
10,3,10,23.4,0,0,4,16,3
19,5,19,23.6,0,0,0,8,5
12,2,12,10.9,0,0,2,16,2
5,0,5,13.5,0,0,0,25,8
14,4,14,17.6,0,0,0,29,8
15,2,15,18.6,0,0,4,5,2
6,5,6,12.1,0,0,4,7,3
19,3,19,11.8,0,0,2,54,3
18,2,18,25.9,0,0,6,9,0
22,5,22,19.2,0,0,11,0,12
4,2,4,4.7,0,0,6,9,5
11,2,11,20.7,0,0,2,30,3
17,3,17,11.0,0,0,4,7,3
10,5,10,21.9,0,0,0,3,5
13,6,13,14.3,0,0,6,9,5
23,2,23,15.8,0,0,2,21,3
11,3,11,23.0,0,0,2,16,3
6,0,6,12.2,0,0,2,7,3
8,1,8,3.9,0,0,6,9,5
22,2,22,20.8,0,1,12,18,7
14,1,14,12.1,0,0,0,21,8
21,2,21,21.3,0,0,0,21,5
6,1,6,9.4,0,0,0,3,8
0,6,0,15.5,0,0,0,22,9
9,1,9,16.1,0,0,0,13,5
5,5,5,11.2,0,0,4,11,2
12,3,12,14.4,0,0,0,32,5
15,4,15,29.1,0,0,0,8,5
4,6,4,9.6,0,0,2,5,3
10,4,10,10.8,0,0,0,12,8
12,6,12,17.9,0,0,2,44,2
19,0,19,11.8,0,0,10,59,55
18,5,18,13.4,0,0,0,12,5
10,1,10,12.9,0,0,2,16,2
8,2,8,14.6,0,1,0,32,5
10,4,10,15.5,0,0,2,34,3
10,5,10,11.1,0,0,0,76,0
22,5,22,10.1,0,0,16,21,2
6,1,6,9.8,0,0,2,32,3
1,6,1,14.7,0,0,0,1,0
12,1,12,16.9,0,0,2,44,3
13,6,13,16.0,0,0,0,44,5
16,5,16,15.8,0,0,0,32,5
6,5,6,10.3,0,0,0,9,5
18,1,18,9.5,0,0,16,21,8
9,4,9,8.2,0,0,0,8,8
6,0,6,13.6,0,0,0,9,5
5,3,5,2.5,0,0,2,5,3
9,0,9,18.0,0,0,0,42,5
13,6,13,20.9,0,3,0,34,5
11,4,11,21.5,0,0,2,16,3
19,3,19,12.5,0,0,2,4,3
15,1,15,12.4,0,0,16,10,2
16,6,16,29.0,0,0,0,3,8
0,1,0,18.2,0,0,0,22,14
16,5,16,32.7,0,0,2,9,3
11,0,11,11.7,0,0,0,21,8
17,1,17,30.7,0,0,0,5,8
19,5,19,15.6,0,0,2,33,3
8,3,8,4.6,0,0,2,16,2
8,1,8,6.6,0,0,0,5,8
7,1,7,15.5,0,0,15,6,14
14,6,14,29.2,0,0,4,5,5
7,2,7,8.1,0,0,2,33,2
16,6,16,35.5,0,0,0,11,8
9,1,9,14.7,0,0,19,67,29
7,5,7,10.3,0,0,0,29,8
6,0,6,3.3,0,0,24,47,23
12,1,12,24.4,0,0,2,16,2
12,1,12,28.8,0,0,21,26,7
1,3,1,16.4,0,0,15,6,3
7,1,7,9.5,0,0,0,8,8
5,0,5,7.2,0,0,4,5,3
21,0,21,10.9,0,0,4,8,3
2,5,2,16.8,0,0,16,21,2
12,6,12,22.2,0,0,2,11,3
12,5,12,24.4,0,0,0,3,8
13,0,13,23.6,0,0,2,36,3
1,5,1,16.1,0,0,23,41,15
11,4,11,17.6,0,0,10,48,34
16,2,16,21.4,0,0,4,5,2
1,1,1,14.4,0,0,0,62,0
16,4,16,19.8,0,0,4,44,3
7,4,7,10.6,0,0,9,0,10
18,6,18,14.3,0,0,16,11,3
2,5,2,18.3,0,0,0,22,0
23,2,23,11.1,1,2,2,7,3
8,2,8,9.4,0,0,0,11,8
22,2,22,11.5,0,0,0,25,8
6,0,6,3.2,0,0,0,7,8
8,1,8,12.1,0,0,0,8,8
7,5,7,13.8,0,0,0,45,5
4,0,4,8.2,0,0,2,11,2
20,6,20,8.3,0,0,13,19,13
5,4,5,2.5,0,0,4,21,3
14,0,14,27.2,0,0,0,9,5
14,1,14,11.9,0,0,0,44,5
5,6,5,10.8,0,0,4,5,2
18,0,18,25.9,0,0,2,32,3
13,0,13,9.7,0,0,0,33,5
20,1,20,16.0,0,0,24,33,23
20,5,20,11.6,0,0,13,19,13
11,5,11,10.2,0,0,14,17,13
2,6,2,4.4,0,0,7,36,7
22,3,22,9.4,0,0,0,4,8
14,3,14,22.4,0,0,24,47,23
8,2,8,9.1,0,0,0,32,5
4,4,4,6.1,0,0,0,16,5
8,4,8,0.3,0,0,0,44,8
15,3,15,13.5,0,0,15,6,3
16,0,16,28.2,0,0,4,54,2
19,1,19,10.1,0,0,0,17,0
5,6,5,16.9,0,0,0,7,8
5,5,5,11.8,0,0,2,7,2
5,1,5,13.3,0,0,4,3,3
4,6,4,17.4,0,0,0,5,5
18,6,18,12.2,0,0,0,33,5
16,1,16,18.8,0,0,0,7,8
16,6,16,25.9,0,0,0,15,5
18,4,18,19.9,0,0,0,16,8
12,0,12,24.4,0,0,0,13,8
13,6,13,17.0,0,0,0,12,5
15,2,15,15.5,0,0,2,33,3
14,5,14,15.8,0,0,2,44,3
7,5,7,12.7,0,0,2,33,3
4,0,4,9.1,0,0,5,9,4
9,2,9,8.0,0,0,0,5,8
19,4,19,11.2,0,0,0,8,8
15,3,15,27.1,0,0,0,7,8
13,3,13,17.4,0,0,26,49,13
17,1,17,13.2,0,0,0,13,8
6,6,6,2.2,0,0,4,21,3
1,5,1,15.5,0,0,0,6,9
6,4,6,11.4,0,0,20,21,7
6,4,6,0.6,0,0,4,3,2
17,1,17,4.8,0,0,0,17,14
15,6,15,19.4,0,0,2,45,3
4,4,4,9.3,0,0,0,5,8
17,4,17,18.4,0,0,4,8,3
9,3,9,15.2,0,0,6,9,5
5,1,5,13.0,0,0,2,11,2
4,1,4,12.5,0,0,0,25,5
21,0,21,23.0,0,1,2,9,2
17,1,17,11.8,0,0,0,32,5
4,2,4,4.1,0,0,6,9,5
6,3,6,9.0,0,0,4,3,2
16,3,16,12.4,0,0,0,44,8
5,4,5,5.8,0,0,4,7,2
18,2,18,17.0,0,0,0,13,8
16,2,16,17.1,0,0,2,33,2
16,3,16,15.8,0,0,0,17,0
6,0,6,2.0,0,0,4,32,3
23,3,23,20.9,0,0,0,20,0
18,6,18,29.7,0,0,0,54,5
19,3,19,8.0,0,0,2,54,3
11,5,11,10.7,0,0,2,16,2
7,4,7,11.4,0,0,0,36,8
19,3,19,8.8,1,2,2,16,3
20,4,20,9.1,0,0,0,36,8
5,2,5,7.1,0,0,0,7,8
23,2,23,12.1,0,0,0,22,14
16,3,16,13.9,0,0,0,32,5
17,5,17,14.2,0,0,0,7,8
19,4,19,25.0,0,0,0,21,5
2,6,2,11.9,0,0,1,2,1
11,4,11,7.2,0,0,14,17,13
13,1,13,24.9,0,1,26,49,12
7,4,7,0.7,0,0,0,8,8
13,0,13,22.7,0,0,2,8,3
14,5,14,28.2,0,0,0,44,8
17,5,17,12.3,0,0,0,21,0
19,1,19,15.9,0,1,2,54,3
17,1,17,10.2,1,2,0,32,5
2,5,2,14.1,0,0,10,5,17
10,4,10,21.5,0,1,0,21,0
23,0,23,20.1,0,0,0,20,0
4,6,4,1.4,0,0,0,7,8
9,1,9,8.1,0,0,2,3,3
11,5,11,17.7,0,0,10,45,16
6,4,6,10.6,0,0,4,5,3
5,2,5,6.6,0,0,2,3,3
21,3,21,17.4,0,0,8,0,9
19,4,19,11.3,0,0,2,33,3
13,0,13,14.1,0,0,2,34,2
6,6,6,11.1,0,0,0,7,8
2,3,2,11.4,0,0,1,2,6
7,1,7,9.1,0,0,0,7,8
21,0,21,22.8,0,1,9,0,7
11,2,11,10.1,0,0,0,34,5
8,1,8,9.3,0,0,17,0,7
18,5,18,26.1,0,0,2,4,3
9,1,9,7.6,0,0,0,8,8
11,2,11,12.8,0,0,14,17,13
11,5,11,9.8,0,0,0,0,0
16,6,16,25.7,0,0,0,34,5
11,1,11,16.6,0,0,2,16,3
16,5,16,15.0,0,0,0,21,0
13,2,13,18.1,0,0,0,25,8
7,3,7,8.2,0,0,0,13,8
6,6,6,8.9,0,0,0,8,8
15,2,15,13.8,0,0,16,10,5
4,6,4,5.8,0,0,0,5,8
20,5,20,21.8,0,0,2,21,3
1,1,1,8.9,0,0,0,1,0
12,5,12,11.9,0,0,0,32,5
14,5,14,15.8,0,0,6,93,5
16,5,16,18.6,0,0,0,3,5
11,2,11,10.6,0,0,19,33,38
8,5,8,14.0,0,0,15,6,3
17,1,17,17.1,0,0,0,11,8
19,0,19,7.7,0,0,20,0,7
20,3,20,22.8,0,0,2,21,3
14,0,14,19.1,0,0,0,34,5
16,6,16,15.4,0,0,2,8,3
22,3,22,6.0,0,0,10,16,17
7,3,7,14.5,0,0,2,16,3
10,4,10,18.8,0,1,3,26,4
7,2,7,8.2,0,0,0,44,8
5,0,5,17.0,0,0,2,3,2
10,6,10,17.1,0,0,8,0,9
6,4,6,4.7,0,0,4,32,3
12,1,12,18.0,0,0,0,9,5
3,4,3,14.8,0,0,8,0,9
4,4,4,8.7,0,0,6,9,5
11,6,11,28.9,0,0,19,35,64
16,5,16,11.2,0,0,4,32,3
3,5,3,15.1,0,0,14,17,13
7,3,7,10.9,0,0,0,36,8
19,2,19,17.1,0,1,0,7,8
23,0,23,9.8,0,0,0,20,0
8,5,8,12.9,0,0,4,16,5
19,1,19,15.1,0,0,2,33,3
9,4,9,12.8,0,0,0,53,0
19,1,19,11.2,0,0,0,7,8
5,1,5,11.6,0,0,2,5,3
20,2,20,30.4,0,0,10,45,11
5,4,5,9.5,0,0,4,12,5
6,2,6,11.5,0,1,16,21,8
7,5,7,4.1,0,0,0,16,8
17,0,17,20.7,0,0,7,21,7
5,6,5,7.0,0,0,2,4,3
19,0,19,12.4,0,0,4,32,5
3,3,3,10.1,1,2,0,25,8
9,1,9,17.2,0,0,0,13,8
6,3,6,0.8,0,0,0,16,5
4,4,4,10.9,0,0,0,7,5
8,4,8,12.9,0,0,0,44,5
9,5,9,5.1,0,0,27,36,0
19,1,19,23.7,0,0,0,44,8
18,0,18,19.7,0,0,9,0,18
18,5,18,12.9,0,0,0,33,8
7,2,7,8.8,0,0,4,13,5
23,5,23,16.2,0,0,11,0,12
19,3,19,9.4,0,0,2,4,3
19,6,19,8.5,0,0,2,7,2
15,1,15,21.3,0,0,0,33,8
15,0,15,26.4,0,0,2,44,3
10,3,10,11.2,1,2,0,21,0
16,3,16,27.8,0,0,0,6,14
11,5,11,11.1,0,0,0,66,14
14,6,14,20.3,0,0,18,54,20
5,6,5,10.9,0,0,4,12,3
5,0,5,4.5,0,0,0,4,8
15,3,15,15.4,0,0,2,3,2
21,4,21,6.9,1,2,2,44,2
5,3,5,3.0,0,0,4,3,3
13,4,13,26.5,0,0,2,8,3
4,2,4,12.0,0,0,0,5,5
7,0,7,0.8,0,0,0,36,8
10,0,10,10.4,0,0,0,7,8
15,4,15,11.7,0,0,2,13,3
6,2,6,8.2,0,0,15,6,3
6,4,6,11.3,0,0,0,12,8
5,4,5,10.8,0,0,4,3,2
6,0,6,16.7,0,0,0,7,8
8,3,8,8.7,0,0,0,5,8
10,0,10,13.8,0,0,0,21,14
12,2,12,28.1,0,0,0,53,0
6,2,6,8.8,0,0,0,5,8
23,0,23,5.4,0,0,0,0,14
1,2,1,8.7,0,0,2,36,2
18,6,18,24.6,0,0,2,44,2
8,4,8,9.6,0,0,0,30,5
9,2,9,14.2,0,0,0,9,9
18,2,18,14.2,0,0,16,21,5
10,3,10,10.5,0,0,2,16,3
0,1,0,12.8,0,0,0,6,14
5,3,5,15.2,0,0,4,10,2
4,4,4,15.3,0,0,2,5,3
8,2,8,4.1,0,0,2,8,3
12,2,12,16.8,0,0,2,30,3
7,1,7,11.2,0,0,15,6,14
23,3,23,14.9,0,1,12,18,7
6,2,6,9.1,0,0,4,7,3
7,2,7,4.3,0,0,0,9,14
15,6,15,17.0,0,0,7,0,7
6,3,6,13.0,0,0,16,21,5
12,0,12,21.4,1,0,0,34,5
5,5,5,15.9,0,0,6,9,5
6,0,6,3.2,0,0,2,3,2
9,3,9,18.2,0,0,0,42,5
1,4,1,15.9,0,0,0,1,0
13,5,13,20.2,0,0,19,35,29
8,6,8,17.3,0,0,0,9,5
18,1,18,24.9,0,0,0,16,5
16,5,16,36.0,0,0,0,36,5
1,4,1,4.2,0,0,0,1,0
10,1,10,15.5,0,0,2,16,3
7,5,7,13.7,0,0,0,13,8
16,1,16,21.6,0,0,0,10,8
14,5,14,15.3,0,0,16,21,8
19,3,19,11.5,0,0,2,32,3
11,0,11,15.4,0,0,0,0,14
10,3,10,6.0,0,0,0,25,8
9,0,9,11.7,0,0,0,32,5
1,2,1,9.6,0,0,0,0,0
4,1,4,4.9,0,0,0,5,8
12,1,12,15.4,0,0,0,7,8
14,3,14,20.2,0,0,0,33,5
1,6,1,9.6,0,0,0,1,0
4,6,4,7.5,0,0,1,2,6
9,6,9,14.3,0,0,0,25,8
3,0,3,8.2,0,0,5,9,4
10,0,10,19.6,0,0,0,33,5
18,1,18,7.6,0,0,16,11,2
7,6,7,0.3,0,0,6,9,5
5,2,5,14.6,0,0,4,6,3
17,0,17,30.5,0,0,0,33,8
22,1,22,9.8,1,2,2,33,3
15,0,15,8.1,0,0,2,44,2
8,5,8,12.8,0,0,0,8,8
5,3,5,14.4,0,0,1,2,6
19,6,19,8.8,0,0,0,25,8
4,0,4,15.5,0,0,4,6,3
1,6,1,17.8,0,0,16,21,8
0,6,0,12.8,0,0,0,20,0
4,2,4,11.8,0,0,0,9,5
6,4,6,8.4,0,0,4,21,3
17,1,17,26.5,0,0,0,6,9
14,0,14,15.4,0,0,0,21,8
11,3,11,19.7,0,0,0,3,8
23,0,23,19.4,0,0,10,33,17
6,4,6,14.6,0,0,0,52,5
12,5,12,16.0,0,0,16,21,8
16,6,16,13.4,0,0,0,33,8
10,2,10,12.0,0,0,0,13,8
9,5,9,18.5,0,0,0,16,5
15,6,15,20.0,0,0,0,9,8
7,0,7,13.6,0,0,0,13,8
20,0,20,15.1,0,0,2,16,3
0,2,0,17.9,0,0,0,6,14
16,1,16,11.3,0,0,2,3,2
7,3,7,9.4,0,0,0,29,8
7,1,7,10.1,0,0,0,8,8
15,2,15,28.7,0,0,4,5,2
6,5,6,13.3,0,0,4,21,3
5,4,5,12.6,0,0,2,8,2
23,2,23,9.4,0,0,0,0,0
13,5,13,14.9,0,0,4,8,3
7,1,7,5.8,0,0,0,16,8
17,0,17,14.9,0,0,0,5,8
15,2,15,19.3,0,0,15,6,3
1,3,1,18.3,0,0,15,6,3
13,0,13,31.0,0,0,2,30,3
13,1,13,15.8,0,0,0,8,8
1,4,1,13.4,0,0,23,41,15
11,0,11,9.3,0,0,2,5,2
23,5,23,8.9,0,0,0,22,14
15,3,15,27.8,0,0,15,6,3
20,0,20,20.2,0,0,0,4,5
10,0,10,13.8,0,0,2,45,3
5,1,5,16.1,0,0,4,6,3
5,3,5,14.7,0,0,1,2,6
0,3,0,11.7,0,0,0,25,5
4,2,4,10.3,0,0,0,9,5
6,0,6,9.9,0,0,0,7,5
20,4,20,13.6,0,0,6,9,5
5,1,5,11.1,0,0,0,3,8
14,3,14,14.3,0,0,16,110,3
13,2,13,10.3,0,0,4,16,2
8,6,8,9.8,0,0,0,21,8
16,6,16,21.4,0,0,0,6,14
15,5,15,20.3,0,0,0,7,8
0,2,0,7.1,0,0,2,21,3
9,4,9,17.6,0,0,43,9,46
12,5,12,24.0,0,1,14,24,9
12,0,12,19.9,0,0,2,33,3
14,5,14,14.3,0,0,16,110,5
15,5,15,27.9,0,0,0,21,8
14,0,14,15.6,0,0,0,30,5
23,2,23,13.3,0,0,0,0,0
12,4,12,25.2,0,0,1,2,1
4,0,4,14.1,0,0,2,4,3
9,4,9,9.0,0,0,2,13,2
6,2,6,11.7,0,0,0,3,8
19,2,19,10.4,0,0,0,17,0
20,0,20,20.5,0,0,22,56,4
8,2,8,14.6,0,0,0,44,5
14,4,14,20.7,0,0,15,6,3
12,0,12,21.5,0,0,0,11,8
5,4,5,12.8,0,0,0,4,5
6,2,6,9.6,0,0,2,9,3
10,5,10,12.4,0,0,0,21,14
4,0,4,10.0,0,0,5,9,4
17,6,17,13.0,0,0,4,38,3
17,6,17,20.8,0,0,0,34,5
8,5,8,7.7,0,0,18,32,6
18,1,18,13.8,0,0,0,16,5
23,6,23,9.4,0,0,23,41,5
21,2,21,11.4,1,2,0,9,0
5,1,5,18.7,0,0,4,5,2
23,6,23,5.0,0,0,4,8,5
12,3,12,10.7,0,0,2,61,2
8,4,8,7.1,0,0,0,8,8
5,3,5,5.3,0,0,4,11,2
15,4,15,17.9,0,0,2,9,3
13,6,13,22.6,0,0,7,6,7
9,0,9,10.5,0,0,10,100,74
10,4,10,19.0,0,0,0,9,8
12,6,12,17.9,0,0,1,2,1
9,2,9,14.4,0,0,0,54,5
13,5,13,28.1,0,0,7,0,7
2,5,2,15.5,0,0,16,21,8
23,2,23,10.5,0,0,0,22,14
10,0,10,12.1,0,0,0,25,5
17,6,17,26.8,0,0,0,44,8
13,6,13,24.6,0,0,33,62,0
18,1,18,11.8,0,0,0,33,8
9,2,9,6.0,0,0,0,53,0
9,5,9,21.0,0,0,0,42,5
6,2,6,5.1,0,0,0,8,8
10,4,10,14.3,0,0,0,13,5
6,6,6,6.3,0,0,4,11,3
11,4,11,14.5,1,0,10,48,55
12,1,12,19.2,0,0,0,25,8
8,2,8,18.6,0,0,4,14,3
7,6,7,12.2,0,0,4,13,3
19,4,19,11.4,0,0,2,4,3
9,4,9,21.2,0,0,0,44,8
10,2,10,9.2,0,0,2,45,3
15,2,15,10.4,0,0,2,44,3
12,5,12,27.6,0,0,2,30,3
17,0,17,28.2,0,0,0,12,8
17,4,17,22.0,0,0,0,12,8
1,2,1,20.2,0,0,0,6,14
17,5,17,32.9,0,0,0,7,8
6,2,6,12.9,0,0,16,21,8
11,3,11,24.8,0,0,0,44,5
15,5,15,17.3,0,0,16,10,5
9,6,9,12.7,0,0,2,44,3
16,4,16,20.4,0,0,0,8,5
8,2,8,8.9,0,0,7,0,7
6,4,6,13.9,0,0,6,9,5
23,5,23,9.4,0,0,11,0,14
9,6,9,14.4,0,0,18,32,26
8,3,8,5.8,0,0,0,15,8
12,0,12,21.7,0,0,0,45,5
4,3,4,9.6,0,0,0,4,8
18,3,18,27.4,0,0,2,44,3
18,3,18,15.8,0,0,4,32,3
8,3,8,7.1,0,0,0,11,8
14,3,14,19.3,0,0,7,0,7
6,2,6,8.6,0,0,6,9,5
20,4,20,23.8,0,0,0,8,8
13,6,13,15.9,0,0,2,36,3
7,4,7,4.6,0,0,4,13,2
20,6,20,10.1,0,0,13,19,13
15,4,15,18.9,0,0,0,8,8
3,2,3,10.7,0,0,7,26,7
16,5,16,28.2,0,0,0,7,8
8,2,8,5.3,0,0,0,54,5
17,1,17,24.3,0,1,0,3,5
6,5,6,8.9,0,0,4,12,3
13,2,13,23.8,0,0,10,80,43
9,5,9,21.4,0,0,0,25,5
10,5,10,13.2,0,0,27,36,0
18,3,18,8.7,1,2,14,24,9
5,2,5,3.3,0,0,2,8,3
11,3,11,10.2,1,2,0,7,8
6,6,6,13.0,0,0,4,9,2
8,2,8,5.0,0,0,18,32,26
3,6,3,12.0,0,0,1,2,1
6,3,6,8.8,0,0,6,9,15
23,6,23,16.4,0,0,0,20,14
9,4,9,8.4,0,0,0,53,0
10,3,10,14.2,0,0,2,5,3
14,6,14,18.1,0,0,0,3,5
16,2,16,21.9,0,0,0,36,5
19,4,19,6.3,0,0,0,17,0
14,1,14,12.1,0,0,0,3,8
6,6,6,13.3,0,0,2,4,3
15,6,15,14.6,0,0,2,45,3
20,1,20,10.5,0,0,0,4,5
10,3,10,14.9,0,0,44,33,58
6,4,6,8.0,0,0,2,7,3
8,0,8,10.5,0,0,4,14,3
12,5,12,15.0,0,0,0,5,8
8,0,8,0.9,0,0,0,13,8
16,3,16,22.4,0,0,0,6,14
10,4,10,9.1,0,0,0,25,8
11,3,11,11.2,0,0,0,13,5
10,2,10,15.3,0,0,10,9,73
10,4,10,14.4,0,0,24,47,23
7,6,7,13.9,0,0,0,13,5
1,4,1,8.1,0,0,16,21,8
9,3,9,18.3,0,0,2,16,3
7,5,7,13.4,0,0,0,5,8
11,6,11,17.7,0,0,0,3,8
17,3,17,14.0,0,0,4,5,2
16,1,16,24.5,0,0,0,9,0
14,5,14,30.1,0,0,4,8,3
8,3,8,10.7,0,0,0,9,8
11,4,11,13.4,0,0,0,5,8
6,1,6,5.2,0,0,16,21,8
19,5,19,17.0,0,0,20,0,7
3,4,3,7.7,0,0,3,26,4
18,2,18,21.4,0,0,2,12,2
16,6,16,21.9,0,0,4,7,3
21,5,21,10.6,0,0,4,8,3
7,0,7,12.6,0,1,22,56,4
19,6,19,13.7,0,0,2,32,3
6,5,6,2.4,0,0,7,9,7
10,0,10,15.9,0,0,0,25,8
11,2,11,24.7,0,0,22,56,4
11,0,11,11.5,0,0,1,2,1
14,0,14,24.4,0,0,0,13,5
18,1,18,12.2,0,0,16,21,8
15,6,15,22.9,0,0,18,32,6
11,2,11,8.0,0,0,0,13,8
6,5,6,1.5,0,0,0,16,8
6,6,6,0.0,0,0,4,11,3
11,3,11,14.5,0,0,0,44,8
15,1,15,12.2,0,0,16,21,8
4,6,4,7.0,0,0,0,4,8
7,1,7,0.5,0,0,4,21,2
22,3,22,9.0,0,0,0,25,5
14,6,14,23.4,0,0,2,110,3
5,4,5,14.4,0,0,4,5,2
4,3,4,3.2,0,0,2,8,3
4,6,4,12.7,0,0,2,11,2
11,2,11,17.7,0,0,0,8,8
14,4,14,15.1,0,0,6,93,5
12,0,12,17.8,0,0,0,3,5
19,2,19,18.0,0,0,4,5,3
22,2,22,9.7,0,0,2,9,2
0,3,0,10.0,0,0,15,6,3
11,2,11,21.3,0,0,2,16,2
10,3,10,12.3,0,0,24,28,30
5,1,5,1.0,0,0,4,11,5
0,2,0,8.9,0,0,0,6,14
15,2,15,20.3,0,0,0,5,5
12,1,12,11.3,0,0,0,13,8
9,4,9,12.7,0,0,6,9,5
11,0,11,16.9,0,1,10,33,57
5,4,5,10.7,0,0,2,3,2
6,3,6,9.4,0,0,2,16,3
6,6,6,5.1,0,0,4,32,3
15,4,15,15.7,0,0,2,8,2
8,6,8,5.8,0,0,2,13,3
22,2,22,20.9,0,0,11,0,12
10,5,10,9.8,0,0,0,8,8
14,0,14,24.0,0,0,6,9,5
14,0,14,29.3,0,0,14,17,13
1,5,1,11.8,0,0,0,6,14
17,2,17,17.7,0,1,0,33,8
16,5,16,20.7,0,0,0,6,14
7,5,7,13.1,0,0,0,16,5
16,1,16,24.5,0,0,0,3,5
14,0,14,15.4,0,0,4,5,3
5,0,5,12.8,0,0,2,7,3
14,3,14,17.9,0,0,24,47,23
5,3,5,15.2,0,0,4,5,2
16,0,16,22.7,0,0,0,36,8
11,3,11,19.4,0,0,0,53,0
11,2,11,9.7,0,0,1,2,1
17,4,17,30.2,0,1,9,0,18
10,3,10,9.5,0,0,0,33,5
17,1,17,27.6,0,0,0,5,8
15,1,15,21.1,0,0,24,47,23
9,5,9,19.0,0,0,0,76,0
16,1,16,27.1,0,0,6,93,5
9,5,9,3.2,0,0,0,32,5
16,2,16,19.8,0,0,0,21,0
20,6,20,23.1,0,0,2,5,3
16,6,16,29.3,0,0,0,11,8
19,6,19,10.5,0,0,2,32,3
4,4,4,10.9,0,0,0,25,5
0,6,0,18.5,0,0,14,17,13
18,1,18,16.7,0,0,0,44,5
16,5,16,27.0,0,0,0,34,5
18,4,18,27.6,0,1,0,3,8
18,4,18,25.8,0,0,0,13,5
14,4,14,16.5,0,0,16,110,5
4,4,4,7.7,0,0,2,4,3
8,4,8,1.7,0,0,18,32,6
4,4,4,14.0,0,0,0,7,5
1,5,1,13.7,0,0,0,6,0
6,0,6,4.9,0,0,0,5,5
12,2,12,21.8,0,0,4,11,2
21,5,21,5.7,0,0,10,13,11
5,4,5,13.4,0,0,0,5,5
7,4,7,7.5,1,2,0,22,14
7,0,7,10.1,0,0,0,8,8
4,4,4,7.4,0,0,0,4,8
20,0,20,13.2,0,0,0,36,5
0,0,0,8.5,0,0,15,6,3
18,4,18,8.1,1,2,0,32,5
11,3,11,16.1,0,0,0,8,5
14,0,14,11.4,0,0,2,16,3
20,6,20,21.1,0,0,2,21,3
7,4,7,8.3,0,0,0,16,8
22,3,22,16.8,0,0,0,25,5
12,5,12,22.7,0,1,26,49,12
8,2,8,9.5,0,0,0,10,5
4,6,4,10.3,0,0,0,7,8
7,3,7,3.7,0,0,2,33,3
6,4,6,10.6,0,0,0,12,8
10,4,10,10.6,0,0,2,45,3
4,5,4,7.3,0,0,0,4,8
19,3,19,10.0,0,0,0,16,8
23,3,23,14.7,0,0,7,75,7
2,0,2,12.9,0,0,1,2,1
1,0,1,14.4,0,0,1,2,6
8,5,8,22.5,0,1,2,13,3
7,0,7,3.2,0,0,17,0,7
6,3,6,9.8,0,0,4,7,3
7,3,7,7.3,0,0,4,21,2
2,0,2,14.5,0,0,1,2,6
19,5,19,23.1,0,0,2,8,3
20,4,20,8.3,0,0,0,36,8
13,0,13,11.6,0,0,4,11,2
5,0,5,9.9,0,0,0,16,5
6,3,6,1.3,0,0,0,5,5
16,6,16,15.1,0,0,2,8,2
1,1,1,13.0,0,0,15,6,15
13,1,13,17.4,0,0,0,32,5
13,4,13,10.7,0,0,0,5,5
5,1,5,5.9,0,0,0,5,8
0,6,0,7.2,0,0,0,6,14
23,4,23,17.2,0,0,35,43,0
9,3,9,12.6,0,0,0,9,5
17,5,17,11.7,0,0,0,7,8
7,5,7,15.4,0,0,0,52,5
12,0,12,18.4,0,0,0,32,5
10,0,10,14.9,0,0,0,8,5
4,1,4,15.9,0,0,0,7,8
16,0,16,18.5,0,0,0,21,8
8,0,8,8.5,0,0,0,29,8
3,5,3,15.4,0,0,2,6,3
5,1,5,4.9,0,0,2,3,3
10,5,10,13.4,0,0,0,12,5
4,5,4,6.5,0,0,0,4,8
23,0,23,16.7,0,0,35,43,0
20,4,20,24.6,0,0,2,4,2
21,3,21,10.7,0,0,2,8,3
19,5,19,12.9,0,0,2,4,3
10,6,10,9.3,0,0,0,8,8
0,6,0,15.0,0,0,13,19,13
10,0,10,15.3,0,0,0,7,5
5,0,5,12.8,0,0,0,5,5
4,4,4,15.1,0,0,5,9,4
4,1,4,2.4,0,0,0,27,5
4,3,4,6.6,0,0,0,25,8
7,3,7,7.3,0,0,16,21,2
17,6,17,32.9,0,0,0,12,8
7,6,7,8.3,0,0,0,30,5
10,5,10,17.3,0,0,0,7,8
19,3,19,24.7,0,0,16,11,5
11,5,11,10.5,0,0,0,0,0
7,4,7,12.0,0,0,16,21,8
11,0,11,19.4,0,0,2,16,2
17,1,17,23.6,0,0,2,12,3
13,1,13,17.9,0,0,0,33,5
8,2,8,13.0,0,0,4,13,3
8,2,8,5.0,0,0,0,9,8
9,0,9,12.0,0,0,2,8,3
18,1,18,30.5,0,1,2,54,3
14,0,14,15.1,0,0,2,44,3
23,4,23,16.3,0,0,18,32,26
9,2,9,5.8,0,0,0,10,5
7,4,7,8.4,0,0,2,8,3
21,6,21,16.4,0,0,0,17,0
6,1,6,8.1,0,0,2,5,3
2,0,2,16.5,0,0,1,2,6
8,4,8,14.5,0,0,0,45,5
1,4,1,20.0,0,0,1,2,6
5,3,5,7.7,0,0,4,3,5
5,2,5,9.3,0,0,0,4,8
12,0,12,22.0,0,0,0,13,8
1,1,1,10.7,0,0,16,21,5
7,4,7,1.5,0,0,0,36,8
15,5,15,31.7,0,0,0,12,8
7,6,7,12.1,0,1,30,9,24
16,1,16,19.7,0,0,4,44,2
15,1,15,20.3,0,0,0,11,8
15,5,15,29.4,0,0,7,0,7
23,1,23,7.0,0,0,0,43,14
17,5,17,9.1,0,0,0,54,5
22,6,22,15.6,0,0,4,16,2
5,2,5,15.4,0,0,4,11,2
12,5,12,27.3,0,1,26,49,12
3,1,3,16.0,0,0,1,2,1
21,3,21,9.7,1,2,2,54,3
7,1,7,11.1,0,0,0,33,5
5,4,5,13.6,0,0,2,4,3
13,2,13,18.9,0,0,2,5,3
22,3,22,13.1,0,0,0,17,0
23,3,23,15.9,0,0,18,32,33
16,3,16,28.0,0,0,0,13,8
12,3,12,11.1,0,0,2,5,2
5,6,5,9.6,0,0,4,32,5
17,4,17,15.7,0,1,4,38,2
6,5,6,10.9,0,0,0,5,8
5,1,5,12.1,0,0,2,5,3
5,5,5,6.8,0,0,0,52,5
4,1,4,13.2,0,0,0,3,8
16,5,16,17.8,0,0,0,7,5
19,5,19,13.2,0,0,0,4,8
11,2,11,11.0,0,0,0,3,5
18,1,18,25.1,0,0,4,5,3
6,6,6,1.5,0,0,0,8,5
1,2,1,1.7,0,0,0,37,0
16,2,16,11.5,0,0,0,3,5
20,5,20,11.7,0,0,2,32,3
8,6,8,8.3,0,0,0,11,8
12,4,12,7.2,0,0,0,8,8
9,6,9,15.1,0,0,0,54,8
11,3,11,12.7,0,0,2,34,3
14,6,14,15.7,0,0,0,13,8
6,6,6,15.9,0,1,2,8,3
13,2,13,18.2,0,0,2,36,3
0,5,0,19.2,0,0,0,22,14
4,1,4,5.8,0,0,0,3,5
16,2,16,25.7,0,0,0,3,8
18,0,18,12.4,0,0,4,32,3
3,2,3,4.2,0,0,2,6,3
5,1,5,4.6,0,0,2,10,3
10,1,10,6.6,0,0,0,25,8
1,0,1,15.3,0,0,1,2,6
15,3,15,10.1,0,0,28,55,0
12,3,12,11.3,0,0,0,7,8
14,2,14,18.9,0,0,0,7,8
6,4,6,13.2,0,0,2,9,2
20,4,20,12.6,0,0,13,19,13
6,3,6,5.6,0,0,0,3,8
8,6,8,13.8,0,0,0,4,8
16,4,16,17.0,0,0,0,78,8
23,0,23,19.0,0,0,0,20,14
18,1,18,20.1,0,0,2,4,3
16,1,16,12.9,0,0,10,8,17
17,2,17,20.8,0,0,0,13,8
5,0,5,14.0,0,0,4,16,5
11,4,11,18.7,0,0,2,34,3
0,6,0,14.1,0,0,7,26,7
5,0,5,9.2,0,0,1,2,6
5,6,5,2.4,0,0,4,3,2
17,6,17,33.7,0,0,0,21,0
21,0,21,17.0,0,0,2,16,3
3,0,3,13.8,0,0,1,2,1
5,1,5,11.0,0,0,6,9,5
7,3,7,15.2,0,0,0,29,5
18,4,18,26.1,0,0,16,21,2
9,3,9,22.9,0,1,7,0,7
20,1,20,20.0,0,0,2,7,3
9,2,9,11.6,0,0,0,53,0
22,4,22,12.7,0,0,7,9,7
15,3,15,16.5,0,0,4,3,2
7,1,7,5.1,0,0,0,5,8
16,5,16,21.5,0,0,2,11,3
4,1,4,4.5,0,0,2,7,3
12,4,12,26.7,0,0,2,11,3
16,6,16,19.2,0,0,9,0,18
0,4,0,20.9,0,0,13,19,13
5,6,5,12.3,0,0,2,4,3
0,3,0,17.4,0,0,2,21,3
13,1,13,25.9,0,0,2,5,3
2,2,2,8.4,0,0,1,2,1
8,4,8,7.0,0,0,0,13,5
22,4,22,7.2,0,0,22,56,4
13,6,13,19.8,0,0,2,36,3
9,1,9,10.6,0,0,2,16,3
18,0,18,15.3,0,0,2,5,3
2,6,2,11.9,0,0,8,0,9
19,3,19,14.6,0,0,2,5,3
16,0,16,20.8,0,0,2,44,3
19,0,19,12.2,0,0,0,44,8
13,0,13,23.9,0,0,0,32,5
7,2,7,10.2,0,0,0,34,5
3,5,3,13.2,0,0,1,2,1
7,3,7,8.5,0,0,0,7,5
13,1,13,10.6,0,0,4,11,3
11,0,11,12.1,0,0,0,21,14
10,1,10,13.3,0,0,2,45,3
15,1,15,25.4,0,0,9,0,18
7,1,7,15.3,0,0,2,42,3
23,1,23,19.7,0,0,11,0,12
16,6,16,15.9,0,0,0,17,0
8,5,8,9.6,0,0,17,2,7
19,6,19,26.3,0,0,4,38,3
8,3,8,21.5,0,0,0,73,5
16,6,16,24.1,0,0,2,12,3
7,2,7,13.8,0,0,0,8,5
6,4,6,0.3,0,0,2,36,3
22,2,22,19.0,0,0,11,0,12
19,3,19,8.2,0,0,2,32,3
1,2,1,6.5,0,0,9,0,10
13,1,13,19.7,0,0,2,8,3
6,3,6,11.0,0,0,80,26,7
20,5,20,15.4,0,0,0,17,0
7,1,7,5.3,0,0,0,8,8
5,6,5,14.0,0,0,2,11,5
17,0,17,17.7,1,2,4,44,3
1,1,1,17.9,0,0,14,24,9
13,0,13,14.8,0,0,0,44,8
19,4,19,14.9,0,0,2,54,3
13,3,13,11.4,0,0,0,5,8
12,2,12,14.9,0,0,0,11,8
2,4,2,13.9,0,0,8,0,9
9,6,9,2.3,0,0,2,36,3
9,6,9,8.9,0,0,0,21,5
6,6,6,7.5,0,0,4,12,5
17,6,17,14.1,0,0,0,13,8
12,5,12,18.2,0,0,0,5,8
22,5,22,11.5,0,0,14,24,9
14,2,14,28.5,0,0,10,3,11
5,3,5,4.5,0,0,6,9,5
6,5,6,12.7,0,0,0,16,8
4,0,4,15.6,0,0,0,3,8
14,0,14,15.2,0,0,0,9,8
4,1,4,9.7,0,0,0,7,8
9,4,9,16.4,0,0,0,21,8
4,4,4,12.5,0,0,0,7,5
5,2,5,14.5,0,0,4,38,3
8,6,8,17.2,0,0,0,32,8
6,0,6,16.7,0,0,24,47,22
20,5,20,11.6,0,0,0,4,5
14,6,14,18.8,0,0,4,54,5
21,1,21,18.6,0,0,2,9,2
22,0,22,23.5,0,0,23,41,15
6,1,6,3.6,0,0,2,21,2
18,2,18,29.9,0,0,0,32,5
17,4,17,27.0,0,0,0,21,0
7,0,7,9.8,0,0,0,7,8
21,3,21,24.1,0,0,0,3,5
8,6,8,6.8,0,0,0,9,8
8,5,8,2.9,0,0,18,32,26
15,3,15,15.6,0,0,0,12,8
15,0,15,24.9,0,0,4,5,3
5,2,5,3.6,0,0,15,6,3
4,1,4,9.8,0,0,0,3,8
11,2,11,14.6,0,0,0,33,5
16,6,16,25.8,0,0,0,7,8
4,4,4,3.8,0,0,8,0,9
14,1,14,21.4,0,0,18,32,6
21,5,21,18.7,0,1,0,4,5
7,1,7,13.1,0,0,9,0,18
6,4,6,8.0,0,0,2,9,2
11,1,11,22.9,0,0,0,53,0
0,1,0,10.2,0,0,16,21,8
21,0,21,18.5,0,0,0,3,5
23,6,23,4.2,0,0,2,4,3
8,0,8,15.1,0,0,0,10,5
6,4,6,7.0,0,0,4,10,2
8,0,8,8.3,0,0,0,33,8
7,1,7,7.3,0,0,7,26,7
4,6,4,7.1,0,0,2,11,2
5,1,5,14.6,0,0,4,7,3
5,3,5,0.8,0,0,2,8,3
11,3,11,9.7,0,0,0,44,8
18,3,18,15.6,0,0,2,4,3
5,2,5,8.0,0,0,2,9,2
12,3,12,30.9,0,0,0,29,8
12,6,12,30.6,0,0,2,11,3
13,3,13,23.7,0,0,0,29,8
5,0,5,13.9,0,0,0,5,8
5,3,5,10.6,0,0,0,52,5
11,2,11,22.9,0,0,13,19,54
15,1,15,21.4,0,0,10,4,17
22,2,22,11.3,0,0,10,33,11
8,1,8,9.3,0,0,0,33,8
13,2,13,26.3,0,0,0,61,5
10,5,10,11.4,0,0,0,33,8
0,3,0,10.7,0,0,0,25,5
22,6,22,9.4,0,0,18,32,6
13,4,13,25.2,0,0,4,16,3
13,5,13,17.6,0,0,2,4,2
5,2,5,16.4,0,0,4,8,3
5,5,5,15.9,0,0,2,4,2
4,1,4,5.9,0,0,0,5,5
7,5,7,4.6,0,0,0,13,8
15,4,15,16.5,0,0,20,0,7
21,3,21,17.7,0,0,0,3,5
15,6,15,11.9,0,0,2,13,2
15,0,15,27.1,0,0,15,6,3
16,0,16,25.7,0,0,0,78,8
5,6,5,3.7,0,0,4,11,2
11,4,11,20.4,0,0,2,16,2
17,2,17,28.5,0,0,0,21,0
8,1,8,9.1,0,0,10,16,28
15,2,15,19.8,0,0,16,21,8
4,6,4,8.3,0,0,2,6,3
9,4,9,21.6,0,0,2,16,2
17,1,17,4.7,0,0,2,3,2
7,2,7,9.3,0,0,0,9,14
20,1,20,13.6,0,0,2,7,3
21,3,21,16.8,0,0,2,4,3
11,4,11,22.6,0,1,0,34,5
6,0,6,4.5,0,0,4,21,2
0,2,0,12.1,0,0,0,43,14
6,5,6,12.6,0,0,0,12,8
11,3,11,9.7,0,0,2,8,3
5,4,5,8.3,1,2,0,6,14
8,5,8,12.6,0,0,0,13,8
1,0,1,10.5,0,0,1,2,6
18,0,18,14.2,0,0,0,54,5
0,6,0,7.3,0,0,1,2,6
7,0,7,6.9,0,0,0,36,5
10,6,10,14.2,0,0,0,57,0
8,6,8,10.0,0,0,0,54,5
7,1,7,9.0,0,0,2,8,3
18,1,18,10.1,1,2,2,16,2
7,0,7,12.0,0,0,0,5,8
5,6,5,10.8,0,0,2,10,3
23,5,23,16.3,0,0,0,22,14
8,0,8,10.3,0,0,0,16,8
15,3,15,21.6,0,0,0,11,5
22,6,22,17.1,0,0,4,32,2
9,3,9,4.5,0,0,0,54,5
15,0,15,28.9,0,0,0,44,5
17,0,17,13.3,0,0,0,21,8
5,1,5,11.0,0,0,4,10,5
6,3,6,16.9,0,0,0,4,8
0,1,0,18.7,0,0,0,6,14
17,2,17,27.8,0,0,0,36,8
0,4,0,13.0,0,0,23,41,15
10,3,10,22.7,0,1,17,0,7
7,0,7,17.3,0,0,0,3,8
6,3,6,8.3,0,0,2,21,2
17,2,17,13.5,0,0,0,8,5
9,6,9,8.2,0,0,0,45,5
5,2,5,14.6,0,0,2,11,5
4,6,4,8.3,0,0,0,12,8
1,0,1,8.4,0,0,0,37,0
0,2,0,8.8,0,0,15,6,3
16,2,16,17.5,0,0,0,7,8
7,0,7,11.4,0,0,0,29,8
13,5,13,28.3,0,0,2,12,3
13,1,13,11.7,0,0,4,3,3
9,5,9,17.3,0,0,0,54,5
5,1,5,18.4,0,0,0,5,8
7,1,7,5.9,0,0,4,13,5
12,4,12,21.1,0,0,16,21,8
11,1,11,15.1,0,0,0,21,8
12,2,12,13.4,0,0,0,5,8
16,0,16,26.0,0,0,2,44,3
13,2,13,17.8,0,0,2,3,2
14,2,14,30.1,0,0,2,33,3
7,4,7,8.5,0,0,4,21,2
5,3,5,8.9,0,0,2,11,2
11,5,11,16.6,0,0,0,3,8
5,1,5,4.8,0,0,0,3,8
23,1,23,10.8,0,0,0,22,0
16,0,16,29.6,0,0,0,44,8
15,5,15,16.3,0,0,4,21,2
11,1,11,11.9,0,0,16,21,8
17,5,17,26.3,0,0,0,21,0
6,6,6,9.9,0,0,15,6,14
7,3,7,8.4,0,0,15,6,3
6,3,6,5.5,0,0,4,5,3
15,1,15,30.8,0,0,2,13,3
17,6,17,17.2,0,0,0,44,8
0,0,0,7.8,0,0,1,2,6
16,5,16,31.3,0,0,0,36,5
5,0,5,8.2,0,0,0,4,8
15,2,15,20.6,0,0,4,16,2
11,2,11,15.5,0,0,0,13,8
12,6,12,15.0,0,0,2,30,3
11,1,11,15.9,0,0,0,5,8
20,4,20,20.8,0,0,0,44,5
18,3,18,8.8,1,2,0,32,5
19,1,19,8.1,0,0,0,17,0
4,0,4,14.5,0,0,0,7,5
14,5,14,16.8,0,0,0,9,8
17,0,17,13.7,0,0,4,44,5
7,6,7,2.5,0,0,9,0,10
14,3,14,13.2,0,0,10,5,11
18,4,18,8.9,0,0,0,13,5
10,5,10,8.0,0,0,0,21,0
6,5,6,2.0,0,0,4,7,2
11,0,11,17.0,0,0,2,7,3
13,1,13,12.4,0,0,0,7,8
23,0,23,20.6,0,1,12,18,7
19,2,19,13.0,0,0,2,12,3
20,4,20,13.8,0,0,2,7,3
7,1,7,3.5,0,0,2,3,3
11,5,11,10.8,0,0,1,2,1
20,1,20,13.5,0,0,0,17,0
21,6,21,19.4,0,0,4,7,3
5,2,5,9.3,0,0,2,4,3
4,4,4,8.8,0,0,3,26,4
10,4,10,13.1,0,0,2,34,3
17,2,17,30.0,0,0,4,38,2
0,4,0,13.5,0,0,0,7,8
1,4,1,17.5,0,0,0,6,14
15,2,15,16.7,0,0,15,6,15
16,2,16,14.3,0,0,0,7,8
9,3,9,8.8,0,0,2,3,3
5,2,5,4.0,0,0,2,7,2
9,4,9,14.5,0,0,0,5,8
11,2,11,6.9,0,0,19,48,58
12,1,12,21.6,0,0,0,21,8
5,5,5,1.3,0,0,4,11,5
11,1,11,27.8,0,0,91,21,13
11,0,11,18.1,0,0,2,34,3
11,1,11,10.4,0,0,4,63,5
20,1,20,12.1,0,0,0,36,8
13,3,13,24.3,0,0,2,36,3
5,6,5,13.1,0,0,6,9,5
19,1,19,13.6,0,0,2,32,3
14,6,14,28.6,0,1,7,0,7
16,5,16,34.2,0,0,0,13,8
1,4,1,10.0,0,0,0,37,0
13,6,13,20.1,0,0,28,55,0
16,6,16,14.9,0,0,33,62,0
14,0,14,10.6,0,0,0,44,8
20,0,20,9.2,0,0,2,16,2
14,0,14,19.4,0,0,0,13,8
17,4,17,11.4,0,0,0,33,8
9,3,9,2.5,0,0,0,10,5
4,2,4,18.1,0,0,2,7,3
10,1,10,20.0,0,0,0,25,8
22,5,22,12.8,0,0,0,6,5
7,6,7,10.7,0,0,0,8,5
9,0,9,19.4,0,0,2,45,3
16,5,16,27.4,0,0,0,3,8
21,0,21,15.0,0,0,2,3,3
18,3,18,26.7,0,0,2,3,3
15,3,15,23.4,0,0,0,11,8
2,5,2,24.3,0,0,0,21,8
16,6,16,10.5,0,0,0,15,5
8,3,8,12.5,0,0,4,5,2
6,3,6,8.8,0,0,0,3,8
20,5,20,17.6,0,0,2,32,3
4,0,4,9.9,0,0,0,4,8
6,0,6,13.4,0,0,24,47,23
22,0,22,8.7,0,0,14,17,13
18,0,18,15.5,0,0,0,13,8
21,0,21,11.4,0,0,2,16,3
1,6,1,14.7,0,0,1,2,6
11,0,11,15.9,0,0,0,7,8
0,6,0,13.9,0,0,15,6,3
18,0,18,17.4,0,0,2,3,3
11,3,11,18.8,0,0,17,0,7
4,2,4,3.6,0,0,0,12,8
13,3,13,12.3,0,0,0,9,5
5,6,5,16.7,0,0,2,3,2
10,1,10,11.5,0,0,2,3,3
11,3,11,19.5,0,0,0,0,0
14,0,14,16.6,0,0,4,44,3
16,1,16,12.2,0,0,4,21,2
10,0,10,10.2,0,0,0,5,8
20,4,20,24.0,0,0,0,8,5
23,2,23,11.0,1,2,0,3,8
9,5,9,9.0,0,0,4,44,2
23,4,23,11.2,0,0,13,19,13
19,5,19,26.3,0,0,4,5,3
7,3,7,13.5,0,0,2,16,2
15,3,15,32.9,0,1,16,10,5
4,1,4,5.8,0,0,2,11,2
10,1,10,9.3,0,0,27,36,0
14,6,14,17.1,0,0,33,62,0
14,6,14,11.2,0,0,29,26,10
12,3,12,21.3,0,0,0,7,8
11,3,11,23.3,0,0,0,5,8
0,4,0,18.3,0,0,14,17,13
4,6,4,4.4,0,0,0,25,8
13,0,13,23.1,0,0,16,21,8
22,3,22,13.2,0,0,18,32,33
19,3,19,23.5,0,0,2,16,3
4,5,4,4.0,0,0,0,12,5
8,1,8,1.0,0,0,4,13,2
5,1,5,3.8,0,0,16,21,2
1,2,1,16.8,0,0,0,1,0
10,3,10,21.5,0,0,0,33,5
6,2,6,12.4,0,0,0,12,8
9,0,9,6.4,0,0,0,8,5
5,1,5,11.3,0,0,4,11,3
11,4,11,22.2,0,0,0,0,0
5,1,5,7.1,0,0,4,21,2
5,3,5,1.4,0,0,4,10,2
18,6,18,27.0,0,0,0,54,5
19,2,19,11.3,0,0,0,7,8
8,2,8,17.9,0,0,4,13,3
16,5,16,24.5,0,0,2,33,2
19,1,19,13.7,0,0,2,44,3
11,5,11,25.6,0,0,2,13,3
13,5,13,28.8,0,0,1,2,1
5,4,5,3.5,0,0,4,21,3
21,4,21,13.9,0,0,6,9,5
5,0,5,9.2,0,0,0,7,8
6,1,6,5.6,0,0,2,8,3
17,5,17,31.4,0,0,0,5,5
12,6,12,21.6,0,0,7,69,7
11,6,11,18.1,0,0,0,13,5
3,6,3,16.0,0,0,2,6,3
7,0,7,6.8,0,0,2,8,2
17,1,17,12.1,0,0,0,3,8
10,6,10,15.9,0,0,0,3,8
14,4,14,22.5,0,0,0,5,8
5,1,5,10.0,0,0,0,16,5
17,3,17,28.9,0,0,16,21,8
8,4,8,18.6,0,0,0,32,5
8,3,8,7.5,0,0,0,13,8
12,5,12,12.3,0,0,0,16,8
18,0,18,29.7,0,0,0,13,5
14,5,14,21.2,0,0,0,29,8
0,2,0,8.5,0,0,15,6,3
23,1,23,19.4,0,0,2,21,3
9,5,9,6.3,0,0,0,16,5
1,0,1,16.3,0,0,0,21,5
14,6,14,15.6,0,0,0,29,8
5,2,5,8.5,0,0,0,4,8
3,4,3,19.2,0,0,34,0,7
12,3,12,21.3,0,0,10,28,16
15,2,15,25.7,0,0,4,5,2
13,4,13,19.6,0,0,2,36,3
4,2,4,18.1,0,0,0,4,5
9,0,9,10.3,0,0,0,15,8
15,1,15,20.4,0,0,4,7,2
5,4,5,11.9,0,0,2,3,2
10,3,10,10.9,1,2,0,4,8
6,1,6,5.1,0,0,15,6,14
0,5,0,8.0,0,0,23,41,15
16,6,16,15.5,0,0,0,21,5
16,6,16,17.4,0,0,0,34,5
6,1,6,18.2,0,0,9,0,18
16,4,16,15.4,0,0,0,13,8
15,6,15,17.2,0,0,0,16,5
8,1,8,8.7,0,0,6,9,5
12,1,12,24.6,0,0,2,5,2
17,4,17,25.3,0,0,0,16,5
15,5,15,18.0,0,0,16,10,3
5,6,5,13.1,0,0,4,11,2
15,1,15,23.0,0,0,0,5,8
1,5,1,14.1,0,0,16,21,5
13,1,13,28.4,0,0,7,0,7
6,3,6,7.4,0,0,0,16,5
11,4,11,15.7,0,0,2,33,2
7,2,7,3.2,0,0,0,8,5
13,4,13,16.4,0,0,33,62,0
4,4,4,15.4,0,0,0,3,8
16,4,16,29.9,0,1,2,13,3
1,0,1,5.8,0,0,0,21,5
7,4,7,3.8,0,0,4,7,3
5,2,5,7.2,0,0,0,5,5
17,3,17,26.9,0,0,4,5,2
18,6,18,28.8,0,0,0,54,5
11,4,11,15.2,0,0,2,5,3
4,6,4,11.9,0,0,9,0,10
15,3,15,13.6,0,0,0,3,8
18,3,18,31.6,0,0,0,7,5
15,6,15,16.7,0,0,28,55,0
14,3,14,26.6,0,0,2,7,3
11,6,11,12.1,0,0,0,3,8
20,0,20,19.4,0,0,16,21,2
17,6,17,28.1,0,0,0,12,8
10,6,10,11.5,0,0,0,57,0
17,0,17,18.8,0,0,2,44,2
5,1,5,9.8,0,0,4,5,3
5,5,5,12.9,0,0,6,9,5
15,4,15,17.0,0,0,0,45,5
0,6,0,18.9,0,0,14,17,13
16,6,16,17.0,0,0,0,8,8
13,3,13,19.0,0,0,2,8,2
15,5,15,27.6,0,0,2,44,3
4,1,4,10.0,0,0,0,4,8
22,0,22,11.2,0,0,0,9,8
1,6,1,22.0,0,0,0,6,0
22,1,22,6.8,0,0,18,32,26
8,6,8,8.5,0,0,4,5,3
23,0,23,14.5,0,0,0,0,0
23,0,23,16.4,0,0,11,0,12
16,4,16,15.3,0,0,2,33,2
16,6,16,15.8,0,0,2,33,3
8,2,8,9.9,0,0,0,45,5
19,6,19,17.0,0,0,0,44,8
4,2,4,3.2,0,0,0,16,8
22,6,22,11.9,0,0,18,32,6
16,5,16,27.5,0,0,2,13,3
6,3,6,3.2,0,0,0,16,8
15,5,15,21.6,0,0,18,32,6
11,1,11,20.9,0,0,0,3,8
0,3,0,23.7,0,0,11,23,14
13,3,13,24.5,0,0,2,5,2
16,4,16,18.3,0,0,4,44,2
14,3,14,24.9,0,0,4,5,2
15,1,15,27.2,0,0,0,78,5
7,2,7,5.9,0,0,4,3,2
13,3,13,23.1,0,0,2,5,2
13,1,13,14.8,0,0,0,13,5
7,2,7,9.8,0,0,2,33,3
5,5,5,15.6,0,0,2,11,5
17,1,17,23.7,0,0,0,32,5
18,0,18,15.9,0,0,16,21,3
17,5,17,18.2,0,0,2,12,2
10,4,10,9.5,0,0,2,13,3
10,2,10,18.7,0,0,0,44,8
3,0,3,2.0,0,0,5,9,4
19,1,19,11.7,0,0,4,32,5
1,0,1,19.3,0,0,0,37,0
18,3,18,30.9,0,0,0,32,5
11,0,11,14.8,0,0,2,16,3
6,0,6,7.5,0,0,24,47,23
10,5,10,23.3,0,0,2,44,3
14,3,14,13.1,0,0,0,9,8
5,5,5,14.4,0,0,2,3,3
18,6,18,23.0,0,0,0,13,8
5,3,5,8.7,0,0,2,5,3
15,1,15,21.4,0,0,33,62,0
18,4,18,27.8,0,0,6,9,0
16,5,16,16.8,0,0,0,6,14
4,0,4,1.5,0,0,1,2,6
2,3,2,11.6,0,0,0,1,0
17,3,17,10.2,0,0,0,21,0
6,4,6,5.5,0,0,2,119,3
11,6,11,23.6,0,0,18,54,20
1,2,1,12.9,0,0,1,2,6
20,4,20,14.2,0,0,0,5,5
18,3,18,18.3,0,0,4,16,5
12,0,12,22.3,0,0,0,25,8
10,4,10,9.6,0,0,0,7,8
2,4,2,15.0,0,0,16,21,5
23,0,23,11.0,0,0,0,43,14
12,0,12,21.9,0,0,10,79,17
8,2,8,13.7,0,0,0,21,0
19,4,19,11.0,0,0,0,17,14
9,2,9,23.6,0,0,0,32,5
5,3,5,9.1,0,0,0,3,5
18,4,18,29.5,0,0,2,33,3
19,3,19,14.5,0,0,2,32,3
10,5,10,21.2,0,0,0,8,8
4,4,4,10.4,0,0,0,5,5
15,2,15,30.8,0,0,2,13,3
5,0,5,14.7,0,0,4,10,3
5,6,5,15.8,0,0,4,11,5
0,4,0,19.3,0,0,2,21,3
6,3,6,10.9,0,0,2,5,3
9,6,9,11.8,0,0,0,45,5
5,4,5,7.3,0,0,16,21,8
2,5,2,17.1,0,0,2,6,3
23,4,23,12.2,0,0,0,22,14
1,1,1,4.3,0,0,1,2,6
16,4,16,30.9,0,0,0,36,8
21,0,21,21.8,0,1,6,9,5
11,4,11,12.4,0,0,0,5,5
5,5,5,15.9,0,0,4,16,5
11,3,11,9.5,0,0,0,8,8
11,5,11,24.2,0,0,0,0,0
6,2,6,14.2,0,0,0,25,8
22,1,22,5.0,0,0,6,9,5
2,2,2,13.9,0,0,0,22,0
20,1,20,15.2,0,0,13,19,13
11,6,11,13.7,0,0,0,30,5
19,1,19,13.4,0,0,0,17,0
6,0,6,7.6,0,0,0,3,8
5,1,5,2.3,0,0,0,5,8
14,2,14,23.5,0,0,0,8,5
13,4,13,11.1,0,0,0,8,8
12,0,12,27.1,0,0,26,49,12
13,5,13,14.2,0,0,0,3,8
9,1,9,9.1,0,0,0,25,8
5,0,5,16.5,0,0,2,11,5
11,5,11,10.4,0,0,4,63,3
23,0,23,9.0,0,0,23,41,5
17,5,17,21.6,0,0,0,7,5
3,1,3,10.8,0,0,1,2,1
12,6,12,17.6,0,0,0,16,8
16,3,16,27.0,0,0,7,21,7
22,3,22,9.5,0,0,14,17,13
19,4,19,23.3,0,0,4,32,3
11,6,11,17.8,0,0,0,25,8
10,4,10,10.8,0,0,24,47,23
22,5,22,8.2,0,0,14,17,13
13,3,13,12.6,0,0,0,9,0
19,5,19,13.8,0,0,0,7,5
5,6,5,9.6,0,0,2,11,2
18,6,18,14.2,0,0,2,4,2
19,6,19,12.3,0,0,0,17,0
12,5,12,27.7,0,1,0,11,8
2,4,2,6.6,0,0,1,2,1
5,4,5,9.1,0,0,0,7,8
20,0,20,13.9,0,0,0,9,5
2,5,2,15.1,0,0,2,6,3
19,6,19,8.2,0,0,2,4,3
5,3,5,8.4,0,0,0,5,8
16,0,16,25.9,0,0,0,36,8
9,2,9,10.9,0,0,14,17,13
0,1,0,15.5,0,0,0,6,14
7,3,7,13.4,0,0,0,36,8
15,2,15,11.5,0,0,0,3,8
15,5,15,20.2,0,0,0,78,5
17,1,17,15.5,0,0,0,3,8
5,6,5,13.3,0,0,0,7,8
19,6,19,14.3,0,0,18,32,6
15,1,15,17.6,0,0,0,13,5
13,3,13,11.5,0,0,18,32,6
19,6,19,8.9,0,0,4,8,3
18,5,18,15.9,0,0,0,13,8
5,4,5,13.7,0,0,0,4,8
16,1,16,26.8,0,0,4,12,2
4,0,4,12.1,0,0,0,5,5
17,5,17,18.6,0,0,0,44,8
11,0,11,14.6,0,0,0,0,0
1,4,1,10.0,0,0,2,36,2
0,6,0,20.9,0,0,0,20,14
5,4,5,15.4,0,0,3,26,4
4,6,4,14.9,0,0,2,3,2
18,0,18,17.2,0,0,0,13,8
5,4,5,4.7,0,0,0,3,5
0,6,0,20.7,0,0,0,43,14
6,6,6,13.2,0,0,0,3,8
17,6,17,14.7,0,0,2,8,3
15,2,15,11.2,0,0,0,12,8
17,0,17,23.5,0,0,0,21,8
7,2,7,9.7,0,0,0,33,5
15,1,15,11.5,0,0,16,21,8
5,4,5,15.3,0,0,4,10,2
14,6,14,24.0,0,2,33,62,0
8,1,8,15.6,0,0,0,8,5
4,1,4,11.0,0,0,0,7,5
15,6,15,29.5,0,0,0,7,8
11,0,11,12.8,0,0,0,25,8
9,4,9,12.1,0,0,0,9,8
6,3,6,1.2,0,0,2,36,3
4,0,4,17.4,1,2,0,11,5
6,4,6,11.7,0,0,1,2,1
6,3,6,8.8,0,0,0,8,5
13,6,13,21.0,0,0,2,16,3
16,3,16,9.2,1,2,23,41,5
2,2,2,13.4,0,0,1,2,6
9,3,9,15.9,0,0,0,32,5
5,0,5,6.5,0,0,16,21,2
4,1,4,5.3,0,0,2,7,3
16,5,16,14.6,0,0,6,9,0
10,6,10,18.2,0,0,2,16,2
14,4,14,21.3,0,0,15,6,3
16,5,16,30.6,0,1,0,6,9
13,3,13,23.9,0,0,0,44,8
15,0,15,29.3,0,0,0,3,8
5,2,5,1.1,0,0,0,4,8
4,1,4,5.1,0,0,0,11,8
20,3,20,20.7,0,0,8,0,9
5,2,5,14.7,0,0,0,25,8
1,6,1,11.6,0,0,0,1,0
6,2,6,12.8,0,0,2,8,3
18,6,18,32.3,0,0,2,5,3
12,5,12,12.7,0,0,0,16,8
5,1,5,10.0,0,0,6,9,5
0,6,0,14.1,0,0,0,6,9
16,0,16,16.7,0,0,0,33,8
15,1,15,17.9,0,1,0,32,5
8,0,8,15.4,0,0,0,8,5
6,1,6,9.9,0,0,2,9,2
22,1,22,19.7,0,0,0,25,8
17,6,17,25.0,0,0,10,13,11
5,4,5,8.1,0,0,4,11,2
1,4,1,8.2,0,0,1,2,6
14,2,14,8.2,0,0,2,34,3
19,1,19,23.1,0,0,9,0,18
8,0,8,2.3,0,0,0,36,8
22,2,22,18.4,0,0,12,18,7
19,5,19,9.4,0,0,0,3,8
8,1,8,2.4,0,0,0,5,5
21,5,21,10.6,0,0,0,17,0
6,5,6,3.5,0,0,0,52,5
7,3,7,8.8,0,0,2,5,3
15,6,15,25.9,0,0,0,7,8
16,1,16,30.8,0,0,16,21,8
6,4,6,13.2,0,0,0,5,5
17,4,17,18.4,0,0,0,33,8
14,0,14,16.2,0,0,0,9,8
8,2,8,1.2,0,0,2,8,3
9,2,9,14.9,0,0,0,45,5
11,3,11,8.8,0,0,2,8,3
16,6,16,20.9,0,0,4,5,3
10,5,10,7.8,0,0,0,33,8
23,3,23,9.8,1,2,4,3,3
3,1,3,16.7,0,0,35,43,0
16,6,16,21.8,0,0,0,32,5
11,1,11,25.5,0,1,19,35,19
17,2,17,20.1,0,0,0,3,8
5,1,5,9.6,0,0,2,7,3
20,1,20,22.9,0,1,2,32,5
20,2,20,8.2,0,0,6,9,5
5,6,5,13.1,0,0,4,5,3
13,6,13,15.0,0,0,0,29,8
7,4,7,6.6,0,0,15,6,3
11,2,11,12.9,0,0,1,2,1
9,6,9,19.7,0,0,4,5,2
10,6,10,19.2,0,0,0,0,14
0,0,0,16.6,0,0,0,6,9
8,4,8,1.8,0,0,4,14,3
12,1,12,27.4,0,0,0,11,8
5,4,5,15.3,0,0,0,16,5
15,6,15,19.7,0,0,18,32,6
2,1,2,18.6,0,0,0,62,0
15,6,15,30.1,0,0,2,34,3
2,0,2,16.5,0,0,2,6,3
17,2,17,14.5,0,0,4,38,2
12,1,12,25.1,0,1,26,49,12
17,3,17,19.1,0,0,0,33,8
6,6,6,10.9,0,0,4,11,2
10,1,10,22.8,0,1,0,15,5
3,5,3,8.5,0,0,1,2,1
20,2,20,9.6,0,0,0,36,5
10,4,10,11.1,0,0,0,25,8
12,2,12,17.7,0,0,16,21,8
14,1,14,11.7,0,0,33,62,0
15,4,15,16.8,0,0,4,78,2
0,3,0,10.0,0,0,1,2,6
16,0,16,18.2,0,0,0,33,8
5,0,5,12.5,0,0,0,7,5
23,2,23,9.0,0,0,0,20,14
12,2,12,19.3,0,0,0,42,5
11,1,11,7.4,0,0,0,21,0
5,1,5,5.7,0,0,4,3,2
11,5,11,18.2,0,0,0,3,8
2,1,2,14.4,0,0,16,21,8
3,5,3,4.2,0,0,10,16,11
19,6,19,22.2,0,0,16,11,3
7,1,7,12.1,0,0,0,29,8
1,6,1,11.6,0,0,0,6,14
7,3,7,10.2,0,0,0,36,5
18,0,18,24.3,0,0,0,13,8
10,1,10,12.9,0,0,0,7,5
14,4,14,29.2,0,0,19,72,64
5,1,5,11.9,0,0,2,10,3
18,2,18,10.3,0,0,16,11,5
7,2,7,5.2,0,0,10,29,34
15,6,15,20.3,0,0,2,5,3
16,2,16,12.3,0,0,6,9,0
14,0,14,16.3,0,0,18,32,33
5,5,5,13.8,0,0,10,5,17
5,5,5,21.2,0,0,2,5,3
10,2,10,14.9,0,0,10,96,21
20,6,20,13.0,0,0,4,5,3
16,0,16,34.3,0,1,2,7,3
6,6,6,6.5,0,0,0,8,8
23,4,23,5.9,0,0,2,21,3
7,0,7,5.4,0,0,0,16,8
6,2,6,12.7,0,0,0,25,5
15,2,15,25.6,0,0,15,6,3
6,1,6,11.3,0,0,1,2,6
10,4,10,22.9,0,0,0,44,5
15,0,15,20.4,0,0,16,10,8
22,1,22,10.1,0,0,18,32,6
1,2,1,10.5,0,0,0,21,5
14,0,14,15.3,0,0,4,44,5
9,6,9,17.0,0,0,0,43,14
16,3,16,26.3,0,0,2,33,3
6,0,6,16.7,0,0,4,5,2
5,1,5,4.1,0,0,4,21,2
6,3,6,9.8,0,0,0,16,5
5,3,5,12.2,0,0,2,8,3
22,2,22,17.1,0,1,11,0,12
16,5,16,17.3,0,0,0,12,8
19,4,19,8.2,0,0,2,32,3
0,2,0,13.9,0,0,0,6,9
2,5,2,7.7,0,0,1,2,1
7,0,7,8.4,0,0,0,5,8
12,5,12,12.7,0,0,24,47,22
14,0,14,16.7,0,0,15,6,3
5,3,5,2.9,0,0,6,9,5
9,5,9,10.5,0,0,4,44,2
17,0,17,22.2,0,0,16,21,8
1,4,1,10.0,0,0,16,21,8
16,1,16,31.3,0,0,0,36,8
23,5,23,6.4,0,0,0,43,14
13,0,13,19.1,0,1,0,13,8
20,1,20,19.7,0,0,4,7,2
5,4,5,8.0,0,0,4,10,2
14,3,14,26.0,0,0,4,7,2
0,5,0,16.7,0,0,11,23,14
18,4,18,13.2,0,0,0,21,5
16,1,16,31.0,0,0,0,44,8
4,0,4,9.9,0,0,0,6,0
10,2,10,25.6,0,0,0,53,14
9,3,9,22.0,0,0,4,3,5
21,1,21,4.1,0,0,13,19,13
7,4,7,6.9,0,0,4,32,5
4,1,4,11.4,0,0,0,11,8
7,6,7,12.4,0,0,0,29,8
19,4,19,24.7,0,0,2,33,3
3,2,3,12.8,0,0,7,21,7
11,4,11,24.1,0,0,13,19,54
16,2,16,17.5,0,0,0,21,0
18,4,18,29.8,0,0,2,33,3
2,6,2,14.7,0,0,16,21,8
6,6,6,7.9,0,0,0,3,5
5,0,5,6.5,0,0,6,9,5
23,1,23,22.6,0,0,0,20,0
14,5,14,15.7,0,0,15,6,3
11,1,11,10.0,0,0,0,53,0
4,2,4,1.4,0,0,1,2,6
0,4,0,4.1,0,0,0,22,0
12,5,12,15.9,0,0,57,48,57
15,1,15,21.8,0,0,6,9,7
8,3,8,5.3,0,0,0,53,0
12,3,12,13.1,0,0,4,63,5
11,0,11,18.6,0,0,0,33,8
4,3,4,16.0,0,0,0,16,8
1,4,1,18.3,0,0,0,21,8
9,3,9,20.6,0,0,0,54,8
4,3,4,7.7,0,0,0,4,5
8,5,8,7.7,0,0,18,32,6
20,5,20,20.4,0,0,0,36,5
0,2,0,16.4,0,0,11,23,14
15,2,15,20.6,0,0,0,9,8
2,6,2,14.7,0,0,1,2,6
15,0,15,29.2,0,0,0,78,8
22,2,22,10.8,0,0,18,36,6
4,1,4,10.2,0,0,0,3,8
14,5,14,15.9,0,0,18,32,6
16,4,16,7.5,0,0,0,7,8
7,2,7,13.7,0,1,0,45,5
8,1,8,6.1,0,0,0,32,5
8,5,8,4.6,0,0,4,5,3
6,0,6,11.0,0,0,0,5,8
10,4,10,13.5,0,0,4,7,5
13,4,13,26.5,0,0,0,11,8
15,4,15,23.5,0,0,0,7,8
1,1,1,11.9,0,0,1,2,6
10,1,10,7.7,0,0,0,8,5
11,5,11,13.6,0,0,0,30,5
14,2,14,11.4,0,0,0,33,8
4,0,4,10.1,0,0,0,12,8
21,4,21,10.0,0,0,0,9,5
7,0,7,9.4,0,0,0,36,8
11,1,11,17.7,0,0,2,3,3
1,0,1,12.7,0,0,1,2,6
8,6,8,4.1,0,0,6,9,5
2,0,2,4.9,0,0,15,14,3
15,3,15,24.6,0,0,28,55,0
11,2,11,27.1,0,0,2,13,2
9,6,9,17.0,0,0,2,44,3
20,1,20,3.7,0,0,6,9,5
12,2,12,13.1,0,0,10,30,16
16,5,16,25.5,0,0,0,13,8
12,5,12,18.3,0,0,0,32,5
8,0,8,8.4,0,0,2,33,3
7,1,7,12.9,0,1,0,29,5
7,2,7,8.8,0,0,2,7,3
13,1,13,11.8,1,2,6,93,5
12,1,12,17.7,0,0,0,11,8
2,4,2,12.9,0,0,1,2,1
6,6,6,8.5,0,0,2,9,2
8,6,8,8.2,0,0,0,44,8
15,6,15,29.4,0,0,15,6,3
2,0,2,8.3,0,0,16,21,8
0,1,0,11.0,0,0,1,2,6
5,1,5,9.1,0,0,4,7,3
5,3,5,11.1,0,0,4,7,3
11,4,11,7.2,0,0,0,5,8
5,0,5,7.9,0,0,4,12,3
16,1,16,23.3,0,0,0,3,8
13,1,13,17.9,0,0,16,21,5
10,6,10,21.2,0,0,0,44,8
8,3,8,15.1,0,0,0,32,5
17,5,17,30.7,0,0,4,13,2
11,4,11,27.9,0,1,0,3,8
12,2,12,11.2,1,0,0,5,8
12,1,12,14.5,0,0,0,5,8
5,0,5,13.7,0,0,2,11,2
12,2,12,25.6,0,0,0,21,8
7,2,7,9.8,0,0,4,21,3
11,4,11,23.3,0,0,0,10,5
21,4,21,11.7,0,0,11,0,14
15,3,15,25.4,0,0,16,21,8
4,2,4,8.5,0,0,0,7,8
6,2,6,12.8,0,0,4,8,3
18,6,18,32.0,0,0,2,12,2
9,2,9,15.1,0,0,0,9,5
19,3,19,10.7,0,0,2,5,3
12,3,12,23.3,0,0,0,25,8
15,1,15,21.3,0,0,0,5,8
15,3,15,26.6,0,0,2,45,3
5,2,5,9.6,0,0,2,3,3
19,4,19,11.2,0,0,0,4,5
18,5,18,11.7,0,0,0,13,8
0,0,0,19.3,0,0,11,23,14
12,3,12,28.7,0,1,2,44,2
8,6,8,14.1,0,0,2,44,3
1,2,1,15.5,0,0,7,0,7
0,3,0,11.2,0,0,0,6,14
4,6,4,16.2,0,0,0,25,8
10,4,10,11.5,0,0,44,48,58
20,1,20,18.7,0,0,0,4,8
17,3,17,14.7,0,0,0,7,8
17,4,17,17.6,0,0,2,5,3
0,0,0,20.4,0,0,23,41,15
22,2,22,11.4,1,2,4,3,3
6,1,6,9.9,0,0,0,16,8
4,3,4,10.3,0,0,0,16,5
4,1,4,8.4,0,0,0,25,5
16,6,16,25.8,0,0,6,93,5
4,4,4,14.9,0,0,2,5,3
1,1,1,15.7,0,0,0,21,5
15,3,15,21.4,0,0,2,3,2
0,1,0,7.0,0,0,15,6,3
18,3,18,10.1,0,0,4,32,3
23,4,23,12.3,0,0,0,20,14
17,2,17,10.9,0,0,0,32,5
8,1,8,6.0,0,0,0,7,8
10,3,10,21.5,0,0,0,32,5
6,2,6,4.6,0,0,2,21,3
7,4,7,17.0,0,0,0,45,5
20,6,20,27.3,0,1,2,5,3
15,3,15,13.6,0,0,0,3,8
23,4,23,13.3,0,0,18,36,6
18,5,18,26.1,0,0,0,13,8
18,3,18,26.9,0,0,6,9,14
5,0,5,1.9,0,0,6,9,5
4,5,4,8.5,1,2,15,6,3
18,2,18,9.1,0,0,0,61,8
0,3,0,10.9,0,0,0,1,0
13,2,13,18.2,0,0,26,49,13
11,3,11,10.2,0,0,0,44,8
6,4,6,12.4,0,1,0,7,5
6,1,6,12.1,0,0,2,32,3
15,5,15,25.1,0,0,2,13,3
10,2,10,6.3,0,0,0,8,8
6,3,6,8.4,0,0,15,6,14
4,2,4,18.1,0,0,0,5,5
21,0,21,14.1,0,0,0,9,5
7,5,7,13.0,0,0,0,29,8
5,0,5,9.2,0,0,4,10,3
0,3,0,10.3,0,0,23,41,15
15,5,15,31.5,0,0,0,16,8
2,5,2,5.0,0,0,15,14,3
15,4,15,18.4,0,0,80,26,7
6,4,6,8.5,0,0,16,21,2
5,4,5,6.8,0,0,0,27,5
5,5,5,9.5,0,0,0,3,8
12,5,12,24.5,0,1,2,16,2
19,0,19,19.6,0,0,0,8,8
15,3,15,24.3,0,0,0,21,8
20,3,20,17.2,0,0,0,25,5
21,3,21,14.1,0,0,6,9,5
11,0,11,15.7,0,0,14,17,13
9,5,9,15.6,0,0,0,76,0
10,2,10,12.0,0,0,10,100,28
8,6,8,10.2,0,0,30,9,35
12,6,12,30.2,0,0,0,29,8
17,5,17,31.2,0,0,0,33,5
6,4,6,15.2,0,0,8,0,9
16,1,16,25.4,0,0,2,44,2
22,3,22,14.1,0,0,11,0,12
18,4,18,15.3,0,1,16,21,8
19,1,19,18.3,0,0,4,3,3
15,3,15,20.7,0,0,16,21,8
21,5,21,8.9,0,0,0,25,5
5,0,5,9.6,0,0,0,5,8
21,6,21,8.8,0,0,0,4,8
21,4,21,9.9,0,0,0,3,5
5,6,5,12.2,0,0,4,5,3
13,1,13,11.4,0,0,4,7,3
4,2,4,14.6,0,0,2,3,3
7,0,7,6.1,0,0,6,9,5
5,0,5,13.6,0,0,0,32,5
9,3,9,2.4,0,0,0,54,5
5,2,5,1.7,0,0,0,36,8
5,0,5,8.4,0,0,4,12,5
11,0,11,7.7,0,0,0,29,8
12,5,12,14.7,0,0,2,34,3
15,2,15,20.9,0,0,16,10,5
2,2,2,12.8,0,0,17,0,7
0,1,0,15.9,0,0,0,6,14
16,3,16,11.0,0,0,6,9,0
21,2,21,12.0,0,0,0,5,8
17,2,17,19.7,0,0,2,3,2
0,4,0,13.8,0,0,6,9,5
12,1,12,11.4,0,0,26,49,13
17,5,17,17.9,0,0,0,6,14
5,3,5,9.9,0,0,1,2,6
4,1,4,5.3,0,0,6,9,5
8,5,8,3.8,0,0,0,44,8
21,1,21,6.2,0,0,6,9,5
5,1,5,9.1,0,0,0,42,5
15,2,15,21.9,0,0,2,8,3
7,6,7,11.2,0,0,2,16,3
1,4,1,8.9,0,0,2,36,2
20,6,20,11.9,0,0,0,4,8
11,4,11,12.1,0,0,2,30,3
10,0,10,8.7,0,0,0,7,8
17,0,17,8.6,0,0,2,33,3
0,1,0,5.3,0,0,7,14,7
1,2,1,5.3,0,0,0,37,0
12,0,12,27.4,0,1,26,49,12
2,5,2,15.6,0,0,16,21,8
12,2,12,22.1,0,0,0,3,8
8,6,8,6.8,0,0,0,9,5
18,0,18,30.3,0,0,0,54,5
16,2,16,11.0,0,0,4,44,2
8,5,8,4.3,0,0,18,32,6
11,0,11,19.0,0,0,2,5,2
7,5,7,12.8,0,0,0,5,8
8,5,8,16.0,0,0,2,16,3
14,5,14,21.6,0,0,4,21,2
14,5,14,15.9,0,0,0,13,8
19,6,19,27.6,0,0,0,4,8
3,6,3,17.3,0,0,2,6,3
5,1,5,14.5,0,0,0,27,5
11,6,11,22.4,0,0,0,7,8
14,0,14,30.8,0,0,0,29,8
12,0,12,18.0,0,0,2,30,3
6,0,6,5.5,0,0,2,7,2
6,4,6,0.1,0,0,2,11,2
5,2,5,14.1,0,0,15,64,15
6,1,6,12.0,0,0,0,5,8
13,0,13,31.6,0,0,0,13,5
11,0,11,14.8,0,0,2,13,2
17,6,17,12.6,0,0,0,32,5
9,2,9,11.8,0,0,0,9,5
14,6,14,20.0,0,0,18,54,20
7,0,7,6.8,0,0,24,47,23
4,4,4,11.8,0,0,2,4,2
9,4,9,5.7,0,0,0,29,8
10,5,10,17.2,0,0,2,16,2
12,2,12,11.3,0,0,2,3,3
8,5,8,15.2,0,0,4,5,3
7,6,7,9.7,0,0,2,16,3
5,1,5,11.2,0,0,4,5,3
23,6,23,12.3,0,0,0,22,0
13,2,13,12.0,0,0,0,7,8
11,1,11,19.4,0,0,0,5,8
5,5,5,12.7,0,0,4,11,2
17,4,17,31.5,0,0,0,13,5
19,4,19,14.9,0,0,4,7,2
19,6,19,9.1,0,0,0,13,5
16,1,16,27.0,0,0,16,10,8
0,0,0,8.0,0,0,1,2,6
9,6,9,25.4,0,0,0,13,8
15,5,15,21.0,0,0,0,78,5
7,4,7,14.2,0,0,2,16,3
22,2,22,5.2,0,0,23,41,15
17,2,17,10.6,0,0,6,9,0
14,3,14,14.3,0,0,16,21,8
3,6,3,17.7,0,0,2,6,3
12,3,12,11.7,0,0,0,11,8
17,5,17,17.7,0,0,2,12,2
5,5,5,16.4,0,0,4,21,3
11,0,11,14.5,0,0,0,16,8
17,0,17,24.7,0,0,4,13,2
7,5,7,15.8,0,0,0,12,8
8,2,8,11.4,0,0,0,34,5
5,6,5,6.8,0,0,2,7,3
6,6,6,10.7,0,0,2,7,2
5,6,5,5.3,0,0,0,7,8
5,4,5,12.5,0,0,2,11,2
2,3,2,11.7,1,2,1,2,6
10,3,10,8.5,0,0,27,36,0
9,0,9,19.4,0,0,0,7,5
23,3,23,16.4,0,0,0,20,14
7,4,7,12.5,0,0,2,33,3
8,4,8,4.5,0,0,0,33,8
4,1,4,14.7,0,0,2,3,2
4,3,4,18.0,0,0,4,16,5
18,0,18,22.3,0,0,9,0,18
11,3,11,18.7,0,0,0,8,8
5,1,5,5.1,0,0,2,10,3
9,1,9,17.8,0,0,20,0,7
9,5,9,20.3,0,0,0,54,8
12,0,12,16.8,0,0,0,3,8
16,2,16,20.0,0,0,4,5,2
9,5,9,17.2,0,0,0,11,8
7,3,7,14.8,0,0,2,33,3
12,5,12,13.3,0,0,7,0,7
19,4,19,10.7,0,0,2,33,3
16,1,16,19.6,0,0,0,36,8
14,5,14,17.5,0,0,2,58,3
19,1,19,14.1,0,0,0,44,5
19,0,19,12.4,0,0,0,8,8
12,5,12,13.2,0,0,26,49,13
7,0,7,9.9,0,0,4,5,3
13,2,13,26.2,0,0,2,5,3
10,2,10,9.1,0,0,0,5,5
4,3,4,15.6,0,0,2,3,2
8,2,8,3.8,0,0,0,29,5
13,5,13,26.3,0,0,0,32,5
13,5,13,29.2,0,0,4,13,2
13,0,13,14.8,0,0,0,34,5
5,2,5,6.7,0,0,0,11,8
21,2,21,21.0,0,0,0,25,5
16,6,16,29.1,0,0,2,44,2
20,2,20,13.4,0,0,0,25,5
20,0,20,7.6,1,0,16,21,3
5,2,5,16.8,0,0,0,5,8
18,6,18,13.4,0,0,0,16,8
12,2,12,16.5,0,0,0,3,8
16,6,16,20.2,0,0,0,8,5
18,3,18,15.2,0,0,8,0,9
19,3,19,23.7,0,1,2,4,3
11,3,11,9.7,0,0,0,53,0
11,5,11,13.1,0,0,7,0,7
7,2,7,1.4,0,0,0,7,5
11,5,11,8.5,0,0,16,21,8
12,3,12,11.3,0,0,0,44,5
15,1,15,13.1,0,0,16,21,5
13,5,13,20.3,0,0,2,44,3
14,0,14,15.2,0,0,2,34,2
5,2,5,8.9,0,0,2,9,2
1,0,1,20.3,0,0,0,37,0
6,1,6,16.7,0,0,4,6,3
16,4,16,19.4,0,0,0,45,5
20,6,20,20.6,0,0,0,44,8
6,2,6,9.8,0,0,16,21,5
6,3,6,5.1,0,0,4,7,3
5,3,5,11.0,0,0,4,10,3
7,4,7,4.4,0,0,0,36,8
17,5,17,18.2,0,0,4,32,5
5,3,5,15.5,0,0,6,9,15
18,6,18,14.3,0,0,0,33,8
12,2,12,28.2,0,0,0,13,8
13,4,13,15.6,0,0,26,49,13
1,1,1,13.7,0,0,23,41,15
6,0,6,9.6,0,0,24,47,30
6,1,6,5.7,0,0,19,92,60
1,6,1,8.5,0,0,16,21,8
15,0,15,10.4,0,0,2,45,3
5,2,5,9.3,0,0,0,4,8
16,4,16,25.9,0,0,0,16,8
9,6,9,8.7,0,0,6,9,5
9,4,9,6.3,0,0,18,32,26
5,1,5,16.7,0,0,2,10,3
13,4,13,17.3,0,0,26,49,13
20,3,20,25.6,0,0,4,5,3
10,5,10,26.5,0,1,0,5,5
10,0,10,24.8,0,0,0,5,8
15,5,15,31.8,0,0,6,93,5
10,6,10,21.7,0,0,0,9,5
22,1,22,15.4,0,0,2,8,3
13,3,13,14.7,0,0,2,33,3
16,6,16,25.8,0,0,4,50,2
8,3,8,5.7,0,0,6,9,5
1,4,1,15.9,0,0,1,2,6
16,2,16,21.8,0,0,0,7,8
4,0,4,13.0,0,0,2,11,2
4,5,4,16.1,0,0,80,26,7
9,3,9,8.1,0,0,0,32,5
12,2,12,24.7,0,0,4,11,2
12,5,12,20.8,0,0,4,5,3
5,4,5,10.9,0,0,8,0,9
8,1,8,12.1,0,0,2,5,3
17,0,17,23.8,0,0,0,11,8
12,3,12,20.7,0,0,0,13,5
8,5,8,10.0,0,0,0,15,8
13,5,13,25.0,0,0,0,32,5
2,1,2,15.8,0,0,1,2,6
12,3,12,22.5,0,0,0,11,8
4,2,4,10.5,0,0,0,25,8
7,5,7,12.7,0,0,0,45,5
14,2,14,23.9,0,0,2,44,3
5,5,5,11.4,0,0,2,4,3
14,2,14,13.4,0,0,0,9,8
15,5,15,16.5,0,0,0,11,8
12,3,12,24.7,0,0,28,55,0
11,1,11,14.6,0,0,2,16,2
20,1,20,12.9,0,0,4,5,2
11,0,11,21.0,0,0,2,16,3
11,2,11,10.9,0,0,0,3,5
8,1,8,12.9,0,0,4,5,2
15,2,15,16.7,0,0,2,5,3
5,6,5,5.3,0,0,16,21,8
1,3,1,13.5,0,0,16,21,5
3,4,3,12.2,0,0,8,6,9
4,3,4,6.9,0,0,0,4,8
15,4,15,16.8,0,0,6,93,5
19,3,19,12.7,0,0,0,25,8
6,3,6,9.7,0,0,0,8,8
8,5,8,1.1,0,0,4,54,3
11,6,11,10.5,0,0,0,3,8
9,4,9,15.3,0,0,2,3,3
20,5,20,19.9,0,0,0,17,0
19,2,19,24.9,0,0,0,7,8
5,0,5,10.8,0,0,0,7,5
8,3,8,16.7,0,0,17,0,7
10,2,10,10.3,0,0,0,13,8
12,2,12,14.6,0,0,0,8,8
22,2,22,9.4,0,0,23,41,15
23,3,23,16.2,0,0,0,0,14
4,6,4,18.6,0,0,2,3,2
18,5,18,15.1,0,0,0,33,5
4,1,4,12.2,0,0,0,11,5
17,1,17,11.5,0,0,4,3,2
8,1,8,12.5,0,0,0,53,0
4,0,4,12.9,0,0,0,4,5
1,4,1,15.3,0,0,23,41,15
9,6,9,24.0,0,0,2,30,3
5,5,5,7.6,0,0,1,2,6
7,3,7,10.6,0,0,2,5,3
7,6,7,7.6,0,0,2,7,3
5,5,5,4.1,0,0,0,3,8
9,2,9,9.5,0,0,0,16,8
6,0,6,4.5,0,0,10,28,34
13,4,13,21.4,0,0,0,5,8
17,1,17,18.7,0,0,0,21,8
21,3,21,17.3,0,0,0,4,5
1,4,1,15.0,0,0,0,1,0
13,4,13,22.5,0,0,2,36,3
8,4,8,11.3,0,0,0,9,14
10,1,10,22.6,0,0,0,29,5
15,5,15,12.4,0,0,0,78,8
12,6,12,14.7,0,0,2,16,3
4,2,4,7.2,0,0,2,5,3
11,4,11,24.2,0,0,0,5,8
2,1,2,12.2,0,0,0,1,0
5,5,5,12.9,0,0,4,12,2
15,6,15,19.4,0,0,7,26,7
15,3,15,19.4,0,0,2,45,3
19,3,19,12.5,0,0,2,5,3
14,6,14,19.6,0,0,10,59,17
7,5,7,9.5,0,0,2,16,3
23,4,23,13.4,0,0,16,21,3
18,6,18,14.2,0,0,2,12,2
11,2,11,6.7,0,0,0,13,8
10,5,10,13.5,0,0,0,30,5
7,6,7,18.8,0,0,0,12,8
7,6,7,18.6,0,0,0,33,8
9,3,9,18.0,0,0,2,13,3
5,1,5,6.0,0,0,2,3,3
8,6,8,5.2,0,0,0,44,5
7,0,7,2.6,0,0,2,33,3
12,2,12,16.4,0,0,0,34,8
9,1,9,11.8,0,0,0,54,8
14,1,14,19.3,0,0,6,93,5
10,4,10,23.2,0,0,9,0,10
18,6,18,17.5,0,0,0,13,8
14,2,14,11.4,0,0,2,7,2
12,4,12,26.7,0,0,0,11,5
16,3,16,13.3,0,0,0,6,14
5,1,5,10.1,0,0,0,32,5
8,2,8,11.7,0,0,0,9,14
16,2,16,19.5,0,0,0,3,8
9,6,9,16.9,0,0,0,8,8
15,5,15,29.0,0,0,0,9,5
11,0,11,21.8,0,0,0,34,5
19,3,19,10.5,0,0,2,8,2
0,1,0,14.0,0,0,9,0,7
13,3,13,24.2,0,0,0,34,8
6,0,6,15.7,0,0,0,16,5
16,3,16,14.4,0,0,0,13,5
5,5,5,12.3,0,0,0,32,5
21,2,21,8.4,0,0,0,3,8
21,6,21,21.8,0,0,0,17,0
7,0,7,11.0,0,0,0,33,8
15,3,15,13.6,0,0,2,3,3
9,1,9,20.9,0,0,10,31,17
6,0,6,8.3,0,0,4,5,2
17,3,17,9.8,0,0,2,5,3
16,1,16,18.3,0,0,15,6,3
11,6,11,12.2,0,0,0,21,8
12,6,12,16.6,0,0,26,49,13
11,1,11,21.4,0,0,0,53,0
3,0,3,10.8,0,0,2,6,3
16,6,16,19.2,0,0,2,44,3
19,0,19,15.5,0,0,0,8,8
6,4,6,4.5,0,0,0,29,8
4,0,4,8.1,0,0,0,12,5
4,1,4,10.1,0,0,0,16,8
10,3,10,18.9,0,1,7,0,7
11,0,11,28.9,0,0,0,25,8
23,3,23,4.7,0,0,2,21,3
5,2,5,14.6,0,0,0,3,8
13,0,13,11.0,0,0,4,5,2
12,0,12,8.5,0,0,4,44,3
18,6,18,11.5,0,0,0,33,5
18,2,18,10.4,0,0,4,5,3
17,4,17,16.7,0,0,4,38,2
5,2,5,12.3,0,0,0,4,8
6,4,6,6.9,0,0,4,21,5
11,4,11,20.3,0,0,0,7,8
11,0,11,20.3,0,0,0,45,5
14,4,14,15.2,0,0,6,93,5
0,4,0,10.8,1,2,5,69,4
6,1,6,5.6,0,0,0,7,8
17,1,17,23.4,0,0,0,7,8
12,4,12,20.2,0,0,0,13,8
5,4,5,12.7,0,0,2,16,3
10,1,10,9.7,0,0,2,8,3
18,5,18,28.4,0,0,2,32,3
23,5,23,10.4,0,0,2,21,3
8,0,8,2.6,0,0,0,32,5
12,0,12,8.3,0,0,2,7,3
1,6,1,12.1,0,0,1,2,6
18,6,18,9.2,0,0,18,32,6
7,2,7,4.4,0,0,4,21,3
12,1,12,9.8,0,0,0,11,8
5,6,5,13.0,0,0,4,12,3
15,5,15,16.5,0,0,0,17,0
22,6,22,16.6,0,0,0,0,14
0,3,0,7.4,0,0,15,6,3
5,0,5,16.8,0,0,1,2,6
8,3,8,5.2,0,0,17,0,7
4,3,4,6.9,0,0,2,7,2
3,0,3,7.2,0,0,8,6,9
20,0,20,15.4,1,2,0,9,8
6,3,6,11.2,0,0,6,9,5
0,5,0,20.1,0,0,0,6,14
23,1,23,12.5,0,0,2,21,3
18,6,18,10.3,0,0,4,32,5
4,4,4,9.6,0,0,0,4,8
1,3,1,18.0,0,0,0,1,0
22,4,22,18.4,0,0,11,0,14
2,3,2,4.0,0,0,1,2,1
6,0,6,3.4,0,0,4,5,2
16,6,16,19.2,0,0,0,12,5
21,4,21,20.0,0,0,6,9,5
5,2,5,4.1,0,0,4,12,2
1,0,1,10.6,0,0,16,21,8
6,3,6,3.8,0,0,4,50,3
15,3,15,27.6,0,0,24,47,23
7,5,7,14.3,0,1,9,0,18
1,6,1,4.6,0,0,1,2,6
5,4,5,8.6,0,0,2,5,3
15,6,15,16.9,0,0,4,54,5
18,3,18,25.2,0,0,0,16,8
14,4,14,20.8,0,0,33,62,0
11,0,11,24.8,0,0,2,30,3
6,0,6,9.7,0,0,4,3,2
10,4,10,18.4,0,0,0,0,14
7,0,7,0.0,0,0,0,36,8
13,1,13,10.5,0,0,4,11,5
20,0,20,16.6,0,0,2,54,3
17,4,17,16.3,0,0,0,17,0
18,6,18,14.1,0,0,2,13,3
12,0,12,10.0,0,0,0,5,8
15,3,15,16.9,0,0,22,56,4
5,2,5,16.9,0,0,15,64,15
23,2,23,4.4,0,0,0,0,0
23,1,23,6.1,0,0,0,25,8
15,3,15,15.4,0,0,0,33,8
9,6,9,9.4,0,0,19,35,29
9,5,9,13.9,0,0,0,5,8
13,1,13,15.7,0,0,4,7,5
0,3,0,8.9,0,0,15,6,3
20,0,20,21.0,0,0,0,4,5
2,6,2,13.6,0,0,0,62,0
21,0,21,17.9,0,0,6,9,5
0,6,0,20.7,0,0,11,23,14
21,0,21,16.8,0,0,8,0,9
1,1,1,15.8,0,0,15,6,3
13,1,13,27.4,0,1,0,29,8
19,2,19,8.3,0,0,0,44,8
13,1,13,12.5,0,0,0,9,5
7,3,7,2.0,0,0,17,0,7
14,2,14,24.3,0,0,6,93,5
13,1,13,21.0,0,0,2,5,3
18,4,18,12.9,0,0,16,21,8
5,2,5,14.7,0,0,1,2,6
14,3,14,17.8,0,0,0,7,8
3,6,3,17.7,0,0,1,2,1
16,2,16,20.7,0,0,15,6,3
22,2,22,5.3,0,0,11,0,14
18,5,18,22.4,0,0,0,13,5
11,6,11,12.2,0,0,0,0,14
16,1,16,21.3,0,0,2,5,2
22,2,22,13.9,1,0,2,8,3
12,1,12,20.2,0,0,2,34,3
23,6,23,14.5,0,0,11,0,14
17,1,17,15.0,0,0,0,7,8
0,6,0,3.7,0,0,1,2,6
10,6,10,14.9,0,0,0,0,0
8,2,8,10.2,0,0,18,32,6
13,6,13,12.4,0,0,10,35,17
20,6,20,20.2,0,0,0,4,8
6,5,6,10.7,0,0,2,9,2
8,1,8,7.1,0,0,18,32,6
2,5,2,3.9,0,0,15,14,3
19,4,19,11.1,0,0,0,17,0
16,6,16,25.8,0,0,4,16,2
8,1,8,21.4,0,0,7,0,7
10,2,10,10.5,0,0,0,21,0
19,2,19,11.2,0,0,0,3,5
15,2,15,7.6,0,0,4,5,2
2,1,2,8.4,0,0,0,1,0
16,5,16,16.1,0,0,0,8,8
23,2,23,13.9,0,0,47,10,47
5,1,5,5.7,0,0,4,21,2
17,3,17,28.2,0,0,0,13,5
15,0,15,12.3,0,0,2,8,3
0,5,0,16.2,0,0,11,23,14
5,2,5,6.4,0,0,0,16,8
7,2,7,6.1,0,0,4,21,3
2,4,2,7.5,0,0,1,2,1
18,3,18,22.2,0,0,0,13,8
6,6,6,12.3,0,1,0,16,5
1,4,1,2.3,0,0,0,37,0
21,1,21,13.0,0,0,0,16,5
20,5,20,12.7,0,0,10,51,17
5,1,5,11.2,0,0,0,7,8
1,1,1,22.6,0,0,15,6,3
6,1,6,9.4,0,0,0,16,8
15,5,15,25.2,0,0,0,16,8
4,6,4,3.0,0,0,0,25,8
11,2,11,28.2,0,0,0,34,5
0,5,0,16.5,0,0,13,19,13
8,2,8,4.8,0,0,0,54,5
5,2,5,13.1,0,0,6,9,5
23,3,23,15.1,0,0,2,21,3
17,2,17,16.3,0,0,4,44,2
9,1,9,10.3,0,0,0,8,8
9,5,9,7.7,0,0,0,53,0
8,2,8,12.1,0,0,2,5,3
10,5,10,10.2,0,0,27,36,0
13,1,13,15.6,0,0,33,62,0
8,6,8,5.0,0,0,0,54,8
13,5,13,26.1,0,0,0,5,5
19,4,19,27.7,0,0,2,54,3
23,3,23,6.3,0,0,0,20,14
17,2,17,11.9,0,0,0,15,8
10,4,10,8.5,0,0,0,44,8
2,3,2,9.9,0,0,9,0,10
16,2,16,12.1,0,0,2,33,3
7,5,7,14.1,0,0,2,42,3
22,4,22,21.9,0,1,12,18,7
7,4,7,1.5,0,0,2,33,3
1,3,1,11.4,0,0,0,1,0
9,0,9,8.0,0,0,0,32,5
21,1,21,3.5,0,0,0,9,8
4,0,4,4.6,0,0,6,9,15
5,2,5,9.0,0,0,0,4,8
13,0,13,26.1,0,0,4,32,3
8,4,8,14.2,0,0,2,16,3
14,3,14,13.4,0,0,0,9,8
8,2,8,3.5,0,0,0,10,5
9,6,9,19.1,0,1,30,9,24
4,1,4,11.0,0,0,0,27,5
8,0,8,3.9,0,0,0,5,8
18,5,18,11.4,0,0,0,8,8
13,0,13,18.8,0,0,4,21,2
6,6,6,18.3,0,0,4,6,3
15,3,15,10.1,0,0,2,13,3
8,2,8,8.5,0,0,4,13,5
5,5,5,5.1,0,0,2,5,3
1,6,1,15.1,0,0,1,2,6
8,4,8,9.3,0,0,0,13,5
10,2,10,10.1,0,0,4,13,5
1,6,1,12.1,0,0,23,41,15
23,6,23,22.7,0,0,12,18,7
17,6,17,25.1,0,0,0,21,0
18,3,18,11.3,0,0,16,21,2
9,5,9,18.9,0,0,6,9,5
16,3,16,34.0,0,0,15,6,3
0,3,0,9.2,0,0,15,6,3
11,3,11,11.4,0,0,1,2,1
5,1,5,16.7,0,0,0,11,8
5,2,5,9.0,0,0,0,3,8
5,0,5,13.6,0,0,1,2,6
6,6,6,17.2,0,0,0,12,8
16,0,16,24.5,0,0,0,8,8
20,0,20,8.6,0,0,6,9,5
6,4,6,5.8,0,0,2,9,2
4,3,4,2.9,0,0,0,3,8
1,2,1,11.8,0,0,16,21,5
15,6,15,24.4,0,0,16,10,5
23,2,23,6.0,0,0,9,0,10
12,0,12,28.2,0,0,2,13,3
5,1,5,8.8,0,0,2,7,3
15,0,15,15.9,0,0,7,26,7
6,5,6,11.2,0,0,1,2,6
23,3,23,15.0,0,0,18,36,6
5,5,5,15.8,0,0,2,10,3
21,3,21,20.2,0,0,0,17,0
5,4,5,4.9,0,0,6,9,5
6,5,6,7.1,0,0,0,21,14
10,2,10,20.4,0,0,0,42,5
17,3,17,14.2,0,0,0,33,8
18,0,18,22.4,0,0,0,36,8
7,0,7,9.8,0,0,0,29,8
4,0,4,15.6,0,0,0,4,5
15,2,15,25.6,0,0,2,44,3
20,2,20,19.0,0,0,4,5,3
8,1,8,10.5,0,0,2,7,3
19,3,19,13.6,0,0,2,33,3
11,0,11,19.3,0,0,0,13,8
8,6,8,6.8,0,0,4,14,3
10,4,10,23.2,0,0,0,12,5
2,2,2,17.7,0,0,1,2,6
19,0,19,9.5,0,0,2,54,3
17,0,17,13.1,0,0,2,12,3
4,3,4,8.4,0,0,0,25,8
6,0,6,11.6,0,0,0,25,8
4,2,4,1.3,0,0,6,9,5
16,2,16,20.8,0,0,0,78,8
9,1,9,17.7,0,0,6,9,5
23,5,23,17.9,0,0,0,9,5
15,0,15,8.1,0,0,2,33,3
8,3,8,11.4,0,0,2,3,3
18,0,18,24.1,0,0,2,33,2
18,1,18,20.3,0,1,0,13,8
11,4,11,7.3,0,0,0,33,8
18,6,18,17.1,0,0,6,9,7
10,3,10,11.7,0,0,0,3,8
1,6,1,11.9,0,0,8,0,9
5,6,5,9.1,0,0,0,9,5
7,1,7,13.2,0,0,0,29,8
16,3,16,27.0,0,0,4,8,3
17,4,17,26.0,0,0,0,11,5
20,2,20,16.8,0,0,0,8,5
16,1,16,21.0,0,0,28,55,0
6,2,6,12.4,0,0,0,7,5
4,1,4,12.3,0,0,0,16,8
3,5,3,12.9,0,0,1,2,1
2,4,2,11.1,0,0,1,2,1
22,6,22,9.5,0,0,11,0,14
12,1,12,24.2,0,0,0,8,5
3,5,3,6.0,1,2,4,11,2
8,5,8,13.6,0,0,0,15,5
16,3,16,14.4,0,0,0,6,14
6,1,6,9.6,0,0,0,7,5
17,6,17,25.8,0,0,0,13,8
6,0,6,8.3,0,0,0,5,8
11,5,11,12.2,0,0,2,45,3
20,1,20,14.8,0,0,9,0,18
0,1,0,16.4,0,0,14,17,13
20,6,20,8.6,0,0,4,5,2
6,4,6,15.2,0,0,15,64,15
11,4,11,10.9,0,0,14,17,13
10,2,10,13.6,0,0,2,5,3
5,5,5,12.9,0,0,2,10,3
12,1,12,11.3,1,0,0,7,5
18,6,18,24.9,0,0,2,4,3
8,4,8,5.0,0,0,16,21,8
12,0,12,22.0,0,0,0,32,5
13,0,13,25.0,0,0,2,36,3
19,3,19,11.5,0,0,2,5,3
14,5,14,25.7,0,0,2,12,3
12,4,12,20.7,0,0,14,17,13
2,1,2,16.8,0,0,1,2,6
10,4,10,11.2,0,0,2,45,3
6,4,6,4.4,0,0,20,14,7
11,4,11,18.6,0,0,1,2,1
6,3,6,15.5,0,0,0,5,5
17,3,17,22.8,0,0,0,21,0
20,4,20,9.2,0,0,13,19,13
13,2,13,12.5,0,0,2,44,2
13,2,13,18.5,0,0,2,5,3
12,1,12,21.5,0,0,0,13,8
15,6,15,11.5,0,0,0,5,8
11,3,11,15.0,0,0,0,8,8
7,5,7,8.4,0,0,0,16,8
21,2,21,8.4,0,0,0,4,5
13,4,13,7.2,0,0,0,8,8
15,3,15,27.5,0,0,2,45,3
5,5,5,16.2,0,0,4,6,3
0,3,0,8.9,0,0,23,41,15
6,4,6,2.1,0,0,2,8,2
12,0,12,15.6,0,0,0,11,8
4,0,4,14.3,0,0,0,4,5
4,0,4,10.0,0,0,0,3,8
19,0,19,13.8,0,0,2,4,3
1,6,1,17.8,0,0,0,6,0
0,6,0,5.1,0,0,15,6,3
5,1,5,9.0,0,0,4,32,3
17,6,17,25.5,0,0,0,25,5
4,1,4,13.6,0,0,0,3,8
6,3,6,3.7,0,0,0,16,5
8,3,8,19.8,0,1,0,10,5
11,5,11,9.2,0,0,2,34,3
20,6,20,14.4,0,1,13,19,13
11,2,11,9.9,0,0,0,21,8
22,5,22,15.0,0,0,11,0,12
15,1,15,20.0,0,0,15,6,3
15,1,15,28.7,0,0,2,12,3
0,6,0,8.6,0,0,23,41,15
8,1,8,5.2,0,0,0,10,5
20,2,20,24.8,0,1,19,7,29
18,2,18,28.3,0,0,0,8,8
4,3,4,6.8,0,0,1,2,6
1,4,1,8.3,0,0,0,1,0
5,6,5,11.8,0,0,0,4,8
0,4,0,7.7,0,0,0,21,5
8,3,8,8.7,0,0,18,32,26
8,4,8,10.9,0,0,0,5,8
23,4,23,9.4,0,0,2,21,3
9,3,9,12.7,0,0,24,47,23
14,0,14,30.1,0,0,4,42,5
18,5,18,22.4,0,0,49,32,49
4,4,4,8.7,0,0,0,3,8
4,2,4,14.5,0,0,2,4,3
17,2,17,19.9,0,0,4,5,3
17,5,17,33.0,1,0,0,11,5
19,4,19,11.2,0,0,2,54,3
7,3,7,1.7,0,0,7,0,7
23,4,23,13.2,0,0,4,8,3
18,0,18,17.0,1,2,2,34,3
21,4,21,12.6,0,0,0,9,8
23,6,23,14.3,0,0,12,18,7
5,2,5,14.9,0,0,0,16,5
10,5,10,7.4,0,0,0,12,5
2,4,2,14.9,0,0,1,2,6
17,6,17,16.1,0,0,4,38,3
18,5,18,8.4,0,0,0,11,8
15,3,15,24.9,0,0,26,49,13
5,4,5,5.5,0,0,2,5,3
4,6,4,7.7,0,0,1,2,6
3,0,3,13.3,0,0,1,2,1
12,5,12,12.8,0,0,0,32,5
5,5,5,14.7,0,0,1,2,6
7,5,7,10.4,0,0,0,5,8
16,1,16,16.9,0,0,0,8,5
16,3,16,22.9,0,0,10,8,11
3,4,3,13.5,0,0,21,36,7
8,2,8,8.9,0,0,4,14,3
9,3,9,8.3,0,0,0,15,8
8,3,8,13.4,0,0,0,32,5
17,1,17,15.7,0,0,4,3,2
15,4,15,19.4,0,0,0,9,8
17,0,17,28.9,0,0,0,6,9
7,1,7,11.3,0,0,0,13,8
10,0,10,18.4,0,0,0,5,8
18,1,18,16.0,0,0,0,32,5
20,5,20,12.5,0,0,6,9,5
15,2,15,10.7,0,0,16,10,5
1,2,1,20.0,0,0,0,6,14
4,5,4,13.2,0,0,0,25,5
17,3,17,26.2,0,0,0,16,8
7,1,7,8.8,0,0,24,47,30
14,1,14,17.5,0,0,6,93,5
4,4,4,16.7,0,0,3,26,4
10,4,10,11.7,0,0,0,25,8
13,6,13,15.4,0,0,0,9,14
11,5,11,17.0,0,0,7,26,7
17,6,17,25.2,0,0,0,44,8
5,1,5,15.6,0,0,6,9,5
7,6,7,5.7,0,0,0,8,5
8,5,8,8.9,0,0,0,32,5
7,2,7,9.6,0,0,15,6,3
9,0,9,12.7,0,0,40,9,10
12,6,12,18.2,0,0,1,2,1
16,6,16,24.9,0,0,20,69,7
17,3,17,27.3,0,0,6,9,5
22,1,22,11.5,0,0,18,32,6
21,3,21,12.0,0,0,0,16,8
18,5,18,13.7,0,0,2,12,2
6,4,6,3.8,0,0,4,3,2
10,5,10,20.9,0,0,0,7,8
4,2,4,1.5,0,0,6,9,5
1,2,1,16.4,0,0,0,6,14
4,3,4,9.3,0,0,2,5,3
20,1,20,12.9,0,0,0,17,0
10,0,10,20.9,0,0,0,3,8
11,6,11,13.0,0,0,2,45,3
22,6,22,23.0,0,0,10,7,17
13,0,13,21.9,0,0,2,36,3
9,6,9,17.1,0,0,10,59,55
6,0,6,10.4,0,0,7,21,7
16,5,16,26.9,0,0,0,36,5
0,3,0,20.7,0,0,11,23,14
8,6,8,13.7,0,0,0,32,5
7,0,7,15.3,0,0,2,8,3
0,2,0,18.3,0,0,0,1,0
7,6,7,6.3,0,0,0,7,8
7,4,7,10.5,0,0,0,13,8
12,5,12,20.8,0,0,14,17,13
14,5,14,16.0,0,0,0,9,5
23,2,23,16.2,0,0,14,24,9
15,0,15,27.3,0,0,7,0,7
5,2,5,8.9,0,0,2,5,3
16,5,16,16.6,0,0,2,3,2
15,3,15,20.3,0,0,2,45,3
17,5,17,30.5,0,0,0,44,8
6,0,6,13.5,0,0,2,9,2
21,2,21,9.4,0,0,2,8,3
17,2,17,22.0,0,0,0,15,8
6,0,6,9.6,0,0,24,47,23
7,0,7,3.6,0,0,0,5,8
16,2,16,19.5,0,0,0,3,8
18,4,18,15.6,0,0,0,33,8
20,4,20,14.7,0,0,0,8,8
7,4,7,14.8,0,0,8,6,9
4,5,4,13.1,0,0,0,11,8
18,5,18,22.7,0,0,2,12,2
16,0,16,29.5,0,0,0,33,8
5,5,5,4.5,0,0,0,16,5
16,2,16,11.4,0,0,2,44,3
14,6,14,17.6,0,0,15,6,3
12,2,12,17.5,0,0,0,33,5
18,2,18,18.8,0,0,2,4,2
15,1,15,20.4,0,0,0,9,0
5,5,5,15.5,0,0,1,2,6
8,3,8,11.6,0,0,0,13,8
22,1,22,13.2,0,0,0,4,5
13,1,13,20.8,0,0,0,13,5
22,1,22,10.4,0,0,18,32,33
4,5,4,16.2,0,0,0,4,5
16,6,16,11.1,0,0,0,6,0
11,6,11,17.5,0,0,2,8,3
19,1,19,25.8,0,0,0,44,5
5,6,5,4.5,0,0,4,10,2
4,3,4,9.4,0,0,0,7,8
10,5,10,8.0,0,0,0,12,5
18,2,18,18.3,0,0,16,11,3
5,5,5,16.4,0,0,4,11,2
7,1,7,5.8,0,0,2,33,3
16,6,16,15.9,0,0,0,6,14
4,2,4,4.8,0,0,2,7,3
19,6,19,8.7,0,0,2,32,3
21,0,21,14.2,0,0,0,25,8
18,3,18,25.0,0,0,7,0,7
16,5,16,17.7,0,0,0,13,8
5,0,5,15.0,0,0,0,3,8
3,5,3,8.1,0,0,0,4,5
15,2,15,12.2,0,0,0,21,5
11,6,11,12.0,0,0,14,17,13
5,5,5,14.7,0,0,2,11,5
4,1,4,4.4,0,0,0,4,5
21,5,21,22.4,0,1,12,18,7
5,6,5,11.4,0,0,10,7,17
8,5,8,17.3,0,0,0,13,5
13,3,13,28.2,0,1,0,36,5
4,4,4,8.2,0,0,0,5,8
19,1,19,13.9,0,0,2,4,3
16,6,16,26.1,0,0,0,11,8
5,1,5,9.7,0,0,0,3,8
13,4,13,14.2,0,0,0,16,8
20,4,20,24.1,0,1,9,0,18
9,3,9,7.8,0,0,2,3,3
4,6,4,11.9,0,0,0,25,8
1,2,1,6.3,0,0,0,37,0
21,6,21,12.7,0,0,0,4,5
10,1,10,12.4,0,0,0,34,5
8,5,8,14.2,0,0,0,44,5
11,3,11,13.8,0,0,0,30,5
18,1,18,15.2,0,0,4,32,5
15,6,15,26.0,0,0,0,78,8
11,6,11,17.7,0,0,0,8,8
5,0,5,13.8,0,0,1,2,6
10,0,10,12.9,0,0,0,5,8
12,5,12,17.4,0,0,0,21,8
7,5,7,1.6,0,0,17,2,7
10,1,10,13.2,0,0,0,5,8
15,3,15,27.4,0,0,2,13,2
6,0,6,6.9,0,0,24,47,22
14,2,14,17.8,0,0,0,33,8
15,4,15,11.7,0,0,15,6,3
16,2,16,14.5,0,0,0,16,8
7,3,7,2.6,0,0,0,7,8
1,6,1,6.0,0,0,1,2,6
17,2,17,8.4,0,0,16,11,8
6,0,6,13.7,0,0,4,11,2
13,1,13,29.8,0,0,2,36,3
13,2,13,19.0,0,0,0,7,5
16,6,16,15.8,0,0,0,15,8
17,3,17,13.9,0,0,2,33,3
20,1,20,19.6,0,0,2,21,3
15,5,15,16.9,0,0,0,3,5
16,2,16,28.5,0,0,14,17,13
0,2,0,10.7,0,0,1,2,6
8,0,8,3.7,0,0,4,14,3
9,6,9,11.1,0,0,0,57,0
12,3,12,22.5,0,0,1,2,1
4,2,4,14.2,0,0,2,5,3
16,6,16,16.2,0,0,0,32,5
22,2,22,13.7,0,0,0,9,5
9,3,9,9.5,0,0,2,3,3
11,4,11,20.3,0,0,0,13,8
21,2,21,8.4,0,0,0,3,8
4,4,4,12.5,0,0,7,0,7
16,5,16,31.5,0,0,2,58,3
8,6,8,11.7,0,0,6,9,5
14,0,14,23.1,0,0,2,12,3
0,4,0,8.0,0,0,15,6,3
1,1,1,8.8,0,0,15,6,3
0,6,0,21.6,0,0,0,6,9
4,5,4,6.2,0,0,0,11,8
4,3,4,10.8,0,0,2,5,3
17,1,17,27.3,0,0,0,36,5
3,3,3,9.6,0,0,15,14,3
11,6,11,11.1,0,0,0,53,0
21,3,21,19.3,0,0,4,16,2
8,1,8,2.4,0,0,0,7,8
7,5,7,7.4,0,0,0,52,5
23,1,23,13.9,0,0,0,20,14
9,3,9,15.9,0,0,0,54,8
4,0,4,3.9,0,0,1,2,6
16,6,16,25.0,0,0,0,78,8
8,4,8,15.1,0,0,2,30,3
5,2,5,12.8,0,0,0,32,5
21,4,21,23.8,0,1,6,9,5
9,5,9,24.2,0,1,17,2,7
8,4,8,7.5,0,0,4,16,3
12,6,12,15.3,0,0,2,5,3
14,6,14,11.4,0,0,15,6,3
12,0,12,13.0,0,0,0,11,8
0,0,0,21.8,0,0,2,21,3
20,3,20,9.9,0,0,0,8,8
6,3,6,5.6,0,0,4,50,2
12,1,12,23.7,0,0,45,58,44
16,6,16,25.6,0,0,0,7,5
5,1,5,19.4,0,0,1,2,6
5,3,5,9.2,0,0,4,5,2
6,4,6,11.1,0,0,2,3,3
13,1,13,20.6,0,0,0,61,8
5,3,5,0.7,0,0,16,21,2
21,3,21,12.3,0,0,4,16,5
19,6,19,8.3,0,0,2,54,2
1,1,1,15.7,0,0,1,2,6
14,0,14,20.2,0,0,24,33,23
7,4,7,9.0,0,0,2,33,3
13,1,13,19.3,0,0,0,30,5
17,2,17,12.9,0,0,0,33,8
4,5,4,2.1,0,0,0,4,8
23,6,23,7.6,0,0,0,20,0
14,3,14,15.2,0,0,0,44,8
23,0,23,12.0,0,0,2,21,3
0,1,0,18.4,0,0,11,23,14
0,0,0,7.3,0,0,1,2,6
12,2,12,19.9,0,0,0,3,8
19,1,19,18.3,0,0,4,5,5
12,4,12,27.4,0,0,8,6,9
17,2,17,14.6,0,0,0,13,5
17,3,17,13.1,0,0,0,7,8
4,3,4,11.1,0,0,0,11,8
2,5,2,10.3,0,0,7,21,7
12,3,12,13.4,0,0,2,33,2
10,5,10,8.0,0,0,2,34,3
18,5,18,26.7,0,1,0,4,5
18,3,18,11.1,0,0,0,13,8
13,0,13,24.7,0,0,27,36,0
11,3,11,11.3,0,0,0,66,14
4,0,4,13.7,0,0,0,3,8
8,4,8,4.8,0,0,6,9,5
5,6,5,16.5,0,0,2,7,3
14,0,14,7.9,0,0,4,44,5
15,1,15,12.4,0,0,0,12,8
20,2,20,22.3,0,0,2,5,3
20,4,20,10.9,0,0,0,3,8
18,3,18,10.7,0,0,4,7,2
7,4,7,4.5,0,0,16,21,8
14,6,14,20.6,0,0,6,9,5
1,3,1,10.7,0,0,15,6,3
6,6,6,18.5,0,0,8,0,9
13,6,13,14.3,0,0,0,44,5
23,1,23,3.9,0,0,2,21,3
1,6,1,4.7,0,0,16,21,8
21,3,21,8.6,0,0,14,24,9
12,3,12,11.3,0,0,4,63,5
13,2,13,22.4,0,0,16,21,8
8,4,8,4.3,0,0,2,30,3
6,3,6,7.7,0,0,0,12,8
10,2,10,17.2,0,0,0,33,8
17,4,17,26.6,0,0,16,11,8
20,6,20,11.5,0,0,0,3,5
5,2,5,15.2,0,0,6,9,5
12,1,12,27.2,0,0,0,13,5
6,5,6,2.5,0,0,4,7,2
11,4,11,20.9,0,0,27,36,0
16,2,16,14.5,0,0,10,59,55
7,0,7,8.4,0,0,4,7,2
11,1,11,23.5,0,0,0,5,8
20,6,20,20.3,0,0,0,3,8
5,6,5,13.7,0,0,4,5,5
7,1,7,9.8,0,0,2,16,3
5,3,5,15.1,0,0,1,2,6
18,1,18,26.2,0,0,16,21,8
9,0,9,16.0,0,0,2,45,3
14,1,14,11.6,1,2,0,32,5
8,3,8,20.1,0,0,2,16,3
15,6,15,17.0,0,0,28,55,0
14,4,14,20.6,0,0,0,9,8
6,4,6,13.2,0,0,4,32,3
20,0,20,14.1,0,0,0,16,5
4,6,4,11.0,0,0,8,0,9
14,2,14,13.7,0,0,6,93,5
18,4,18,25.1,0,0,2,32,3
17,4,17,12.3,0,0,2,12,2
4,3,4,13.1,0,0,0,7,8
16,1,16,30.9,0,0,2,44,2
15,2,15,17.0,0,0,2,16,2
19,4,19,23.1,0,0,16,21,2
21,2,21,16.6,0,0,25,46,14
10,2,10,11.7,0,0,11,0,14
19,6,19,10.4,0,0,0,17,0
19,1,19,27.4,0,0,2,7,2
6,0,6,9.9,0,0,2,3,3
15,5,15,14.5,0,0,16,10,5
18,0,18,25.9,0,0,0,13,8
23,3,23,6.2,0,0,0,22,14
15,2,15,19.9,0,0,4,3,2
10,5,10,8.4,0,0,0,21,14
15,4,15,19.3,0,0,2,45,3
12,3,12,15.7,0,0,0,7,8
11,5,11,14.8,0,0,2,3,3
14,4,14,27.2,0,0,0,7,8
15,4,15,17.6,0,0,0,3,5
10,5,10,21.7,0,0,10,25,11
20,2,20,16.7,0,0,0,7,5
15,6,15,19.9,0,0,2,13,2
20,0,20,25.2,0,1,2,16,3
16,3,16,19.3,0,0,0,3,5
11,3,11,11.9,0,0,0,30,5
5,0,5,13.4,0,0,5,9,4
10,1,10,18.0,0,0,0,7,8
15,3,15,13.6,0,0,16,10,3
5,1,5,15.4,0,0,4,6,3
19,1,19,8.1,0,0,2,54,3
18,4,18,24.8,0,0,0,13,8
5,2,5,1.0,0,0,2,5,3
6,5,6,15.5,0,0,2,5,3
5,0,5,12.9,0,0,4,9,2
11,3,11,14.4,0,0,0,7,8
13,1,13,15.5,0,0,10,114,34
7,5,7,13.0,0,0,0,45,5
6,3,6,8.8,0,0,15,6,14
8,0,8,6.7,0,0,10,50,73
4,3,4,11.4,0,0,0,5,5
0,2,0,12.2,0,0,0,0,0
0,4,0,9.5,0,0,1,2,6
5,5,5,15.7,0,0,1,2,6
5,2,5,11.6,0,0,4,5,3
19,6,19,14.3,0,0,2,7,3
10,3,10,17.7,0,0,2,5,3
8,3,8,4.6,0,0,2,16,3
22,1,22,10.7,0,0,2,16,3
6,6,6,0.1,0,0,4,12,5
5,1,5,4.2,0,0,4,11,2
8,2,8,4.1,0,0,2,16,3
14,2,14,11.4,0,0,2,34,3
6,1,6,9.3,0,0,0,8,5
0,3,0,15.8,0,0,35,43,0
12,4,12,19.8,0,0,18,32,6
8,2,8,10.2,0,0,0,10,5
13,6,13,31.1,0,0,2,44,3
15,3,15,12.8,0,0,2,58,3
16,2,16,19.9,0,0,0,6,14
23,4,23,13.3,0,0,11,0,14
13,3,13,25.0,0,0,0,5,8
10,6,10,21.6,0,1,9,0,10
5,6,5,15.5,0,0,0,11,5
1,1,1,13.0,0,0,14,17,13
5,3,5,7.2,0,0,6,9,15
21,6,21,12.9,0,0,6,9,5
17,4,17,19.2,0,0,0,36,8
16,3,16,33.9,0,0,4,44,2
11,6,11,13.1,0,0,0,44,5
17,6,17,14.6,0,0,0,13,8
12,1,12,15.3,0,0,0,44,8
5,0,5,3.4,0,0,0,5,8
14,6,14,24.8,0,0,0,45,5
5,3,5,3.8,0,0,4,7,5
1,1,1,6.9,0,0,0,6,14
19,1,19,22.9,0,0,2,44,3
14,0,14,24.2,0,0,0,8,8
4,0,4,11.8,0,0,0,4,8
14,2,14,13.6,0,0,4,8,3
17,5,17,16.7,0,0,0,7,5
0,2,0,13.0,0,0,35,43,0
8,1,8,5.3,0,0,17,0,7
8,2,8,18.2,0,0,0,25,5
23,6,23,10.2,0,0,2,21,3
9,2,9,5.2,0,0,19,7,19
8,3,8,10.4,0,0,24,47,22
15,3,15,27.0,0,0,0,11,8
14,1,14,26.8,0,0,0,29,5
4,1,4,11.2,0,0,2,7,3
7,6,7,14.1,0,0,4,13,2
4,2,4,9.6,0,0,2,3,3
6,3,6,0.6,0,0,6,9,5
12,5,12,28.1,0,0,4,63,3
11,2,11,10.7,0,0,2,34,3
17,6,17,13.9,0,0,16,21,3
1,2,1,9.1,0,0,0,37,0
1,2,1,16.2,0,0,1,2,6
20,5,20,24.2,0,0,2,16,3
15,2,15,11.2,1,0,7,48,7
15,3,15,28.8,0,0,2,8,3
17,4,17,20.2,0,0,2,11,2
23,0,23,16.5,0,0,0,7,8
23,4,23,7.9,0,0,0,4,5
13,4,13,21.6,0,0,0,9,5
7,5,7,1.1,0,0,2,33,3
19,5,19,29.1,0,0,2,32,3
10,5,10,20.7,0,0,0,44,5
6,4,6,12.6,0,0,0,8,8
19,2,19,18.7,0,0,2,4,2
17,3,17,27.6,0,0,0,6,14
0,6,0,18.4,0,0,23,41,15
4,1,4,13.7,0,0,2,5,3
8,6,8,9.8,0,0,0,10,5
16,5,16,24.4,0,0,0,9,14
16,2,16,14.3,0,0,0,21,0
23,2,23,19.0,0,0,14,24,9
16,6,16,16.4,0,0,0,33,8
5,1,5,16.1,0,0,0,27,5
11,0,11,14.2,0,0,0,13,8
12,0,12,12.9,0,0,0,33,8
17,2,17,12.3,0,0,2,12,2
8,2,8,16.1,0,0,0,13,8
22,3,22,5.9,0,0,18,32,6
6,6,6,12.7,0,0,0,25,8
4,5,4,8.6,0,0,2,3,3
5,0,5,13.1,0,0,6,9,5
9,1,9,10.7,0,0,6,9,5
2,1,2,9.1,0,0,10,13,17
18,3,18,27.5,0,0,6,9,0
19,1,19,5.8,0,0,4,5,3
0,3,0,10.5,0,0,1,2,6
4,0,4,4.3,0,0,1,2,6
7,3,7,10.7,0,0,0,13,8
20,0,20,6.3,0,0,2,7,3
5,0,5,13.5,0,0,0,12,5
4,4,4,5.3,0,0,0,3,8
8,3,8,8.2,0,0,7,36,7
6,1,6,13.0,0,0,0,5,5
21,3,21,8.3,0,0,4,7,2
6,2,6,9.6,0,0,0,8,5
17,4,17,30.7,0,0,0,13,5
2,5,2,6.3,0,0,15,14,3
5,2,5,4.5,0,0,4,5,2
22,3,22,10.5,0,0,14,24,9
11,5,11,22.7,0,0,27,36,0
8,2,8,15.1,0,0,17,0,7
11,0,11,14.3,0,0,0,16,8
5,1,5,9.5,0,0,80,26,7
11,0,11,23.3,0,0,0,5,5
4,4,4,3.8,0,0,0,5,8
5,2,5,4.2,0,0,0,5,8
22,5,22,18.6,0,0,4,63,3
3,5,3,14.7,0,0,80,26,7
5,4,5,3.7,0,0,0,3,8
6,5,6,3.6,0,0,0,8,5
7,3,7,1.7,0,0,2,33,3
11,4,11,12.5,0,0,0,13,5
13,0,13,29.3,0,0,27,36,0
15,6,15,26.0,0,0,2,34,3
13,3,13,16.7,0,0,2,3,3
6,4,6,8.0,0,0,4,32,5
9,3,9,14.4,0,0,2,34,2
9,6,9,13.2,0,0,0,13,8
7,4,7,13.1,0,0,15,6,3
5,4,5,14.4,0,0,4,11,2
23,0,23,16.1,0,0,18,32,6
20,6,20,14.4,0,0,2,32,3
9,3,9,14.8,0,0,2,45,3
14,3,14,18.8,0,0,16,21,8
11,0,11,9.8,0,0,0,13,8
15,4,15,17.6,0,0,0,7,8
15,1,15,11.3,0,0,0,5,5
15,4,15,15.9,0,0,0,78,5
15,6,15,24.8,0,0,2,45,3
17,0,17,27.7,0,0,0,16,5
10,6,10,10.4,0,0,0,8,8
16,5,16,13.8,0,0,2,44,2
15,2,15,25.2,1,0,0,11,8
9,5,9,13.0,0,0,10,51,17
1,1,1,13.3,0,0,15,6,3
14,5,14,16.9,0,0,0,29,8
8,2,8,9.9,0,0,6,9,5
17,1,17,13.6,0,0,6,9,0
23,2,23,4.4,0,0,2,21,3
13,1,13,16.8,0,0,0,7,8
5,0,5,8.1,0,0,2,5,3
16,5,16,31.8,0,0,15,6,3
6,0,6,7.7,0,0,24,47,22
10,0,10,11.8,0,0,0,13,5
4,1,4,12.4,0,0,0,3,8
13,6,13,15.6,0,0,33,62,0
12,2,12,23.5,0,0,0,29,8
8,4,8,1.9,0,0,16,21,8
19,0,19,7.0,0,0,16,11,5
18,1,18,27.8,0,0,6,9,0
12,6,12,13.0,0,0,26,49,13
1,0,1,19.4,0,0,0,1,0
17,1,17,9.9,0,0,2,44,3
7,0,7,10.0,0,0,0,30,5
5,0,5,6.5,0,0,2,5,3
0,5,0,19.2,0,0,2,21,3
16,5,16,13.9,0,0,0,32,5
17,2,17,16.4,0,0,0,3,8
0,4,0,6.1,0,0,16,21,8
23,1,23,13.0,0,0,0,22,0
0,0,0,17.2,0,0,12,18,7
9,0,9,10.5,0,0,2,34,3
16,3,16,19.4,0,0,0,78,5
15,4,15,31.7,0,1,29,26,10
0,0,0,21.9,0,0,0,0,0
23,1,23,10.2,0,0,0,43,14
14,1,14,14.7,0,0,33,62,0
7,0,7,11.5,0,0,0,73,8
14,1,14,9.7,1,2,0,1,0
14,3,14,18.0,0,0,24,47,22
22,2,22,7.7,0,0,4,9,3
5,6,5,7.7,0,0,4,11,2
7,0,7,8.1,0,0,0,16,8
23,3,23,8.7,0,0,14,17,13
14,6,14,11.0,0,0,0,21,8
9,0,9,13.4,1,0,44,48,58
8,5,8,20.3,0,0,17,2,7
12,5,12,17.0,0,0,0,32,5
16,4,16,18.4,0,0,0,15,5
19,5,19,13.4,0,0,0,17,0
6,0,6,3.3,0,0,24,28,30
1,0,1,9.8,0,0,1,2,6
17,6,17,15.4,0,0,4,50,2
2,2,2,16.1,0,0,1,2,6
21,0,21,18.0,0,0,13,19,13
12,4,12,14.8,0,0,2,30,3
23,6,23,10.4,0,0,0,20,14
0,1,0,7.9,0,0,1,2,6
0,1,0,24.2,0,0,14,24,9
8,5,8,17.1,0,0,0,34,5
12,4,12,28.9,1,0,0,21,5
4,0,4,10.0,0,0,5,9,4
14,3,14,28.5,0,0,50,3,51
4,5,4,1.7,0,0,2,11,2
12,4,12,17.5,0,0,1,2,1
8,5,8,3.1,0,0,0,29,8
10,0,10,12.1,0,0,0,34,5
4,2,4,14.9,0,0,0,3,8
21,0,21,6.3,0,0,4,8,3
8,2,8,11.1,0,0,0,32,5
10,2,10,11.4,0,0,0,44,5
14,5,14,21.7,0,0,6,9,5
6,0,6,3.9,0,0,0,3,8
5,6,5,5.1,0,0,16,21,8
2,5,2,7.5,1,2,0,7,8
8,1,8,5.5,0,0,6,9,5
15,4,15,27.8,0,0,0,11,5
5,2,5,13.1,0,0,0,7,8
19,4,19,23.8,0,0,0,16,5
11,3,11,19.5,0,0,0,0,0
18,4,18,26.6,0,0,0,13,8
10,4,10,10.7,0,0,0,7,8
23,0,23,5.5,0,0,0,20,14
22,5,22,18.6,0,0,2,9,2
9,6,9,11.1,0,0,0,21,8
11,4,11,24.5,0,0,0,5,8
0,6,0,8.1,0,0,2,12,2
7,0,7,11.8,0,0,32,34,11
4,6,4,7.8,0,0,0,16,8
6,2,6,9.4,0,0,4,5,3
11,1,11,25.4,0,1,0,44,8
15,5,15,15.5,0,0,0,78,5
10,6,10,9.5,0,0,0,13,5
22,2,22,8.9,0,0,0,25,8
6,4,6,2.1,0,0,0,3,5
13,0,13,12.6,0,0,2,44,3
1,0,1,6.7,0,0,1,2,6
8,6,8,21.6,0,0,2,10,3
13,6,13,14.9,0,0,18,54,20
5,2,5,10.1,0,0,2,5,3
19,3,19,16.8,0,0,2,5,3
5,3,5,12.9,0,0,2,11,5
13,2,13,14.4,0,0,0,3,8
12,5,12,16.0,0,0,9,0,18
0,1,0,18.4,0,0,0,0,14
5,3,5,3.7,0,0,6,9,15
0,2,0,9.2,0,0,0,22,0
17,3,17,12.2,0,0,6,9,0
4,0,4,1.9,0,0,0,12,8
6,1,6,5.1,0,0,0,3,8
6,3,6,10.8,0,0,0,16,5
8,2,8,6.4,0,0,0,9,5
21,1,21,14.5,0,0,2,9,2
18,6,18,15.9,0,0,0,13,5
13,5,13,23.3,0,0,0,5,8
12,2,12,19.2,0,0,0,7,8
18,2,18,8.0,0,0,0,61,5
17,1,17,30.2,0,0,0,48,14
12,6,12,25.3,0,0,2,30,3
8,5,8,3.7,0,0,2,16,3
9,3,9,11.8,0,0,4,5,5
17,5,17,12.0,0,0,20,0,7
11,1,11,23.8,0,0,2,16,3
4,6,4,12.7,0,0,10,16,43
17,2,17,31.1,0,0,0,8,5
19,4,19,24.5,0,0,0,8,8
5,3,5,14.2,0,0,4,11,2
6,1,6,12.9,0,0,0,3,5
4,5,4,8.8,0,0,2,11,2
16,0,16,24.8,0,0,2,44,2
16,5,16,31.8,0,0,0,17,14
2,2,2,11.0,0,0,1,2,1
4,0,4,9.7,0,0,0,25,5
12,5,12,27.8,0,0,2,45,3
21,4,21,19.2,0,0,0,8,5
17,3,17,25.9,0,0,2,5,3
12,4,12,10.6,0,0,0,34,5
13,2,13,11.3,0,0,4,11,5
5,1,5,16.2,0,0,2,11,5
6,3,6,7.8,0,0,4,7,3
11,6,11,17.7,0,0,0,21,14
5,6,5,13.6,0,0,1,2,6
19,3,19,10.2,0,0,2,32,3
17,0,17,29.9,0,0,0,21,0
10,0,10,13.4,0,0,0,25,8
0,1,0,10.2,0,0,15,6,3
7,0,7,9.3,0,0,2,119,3
15,1,15,14.8,0,0,6,93,5
12,4,12,14.4,0,0,0,13,8
14,2,14,14.4,0,0,4,78,2
6,6,6,10.4,0,0,0,4,8
22,2,22,11.2,0,0,16,21,8
18,2,18,11.7,0,0,4,32,5
5,0,5,9.2,0,0,2,9,2
6,6,6,13.1,0,0,4,21,3
19,1,19,14.3,0,0,16,11,8
8,2,8,16.2,0,0,0,5,5
16,5,16,16.0,0,0,0,45,5
13,4,13,12.6,0,0,2,13,3
19,5,19,23.0,0,1,0,8,8
4,0,4,15.6,0,0,0,16,5
10,0,10,11.3,0,0,19,63,29
5,1,5,9.7,0,0,4,10,2
4,0,4,7.1,0,0,10,5,17
22,0,22,8.9,0,0,0,25,5
7,5,7,13.5,0,0,0,5,8
11,2,11,16.5,0,0,0,3,8
23,0,23,15.7,0,0,0,0,0
13,0,13,28.6,0,0,1,2,1
15,0,15,20.8,0,0,0,9,8
2,5,2,16.7,0,0,0,62,0
17,6,17,25.0,0,0,0,25,5
6,1,6,8.9,0,0,0,16,8
7,6,7,7.7,0,0,0,4,8
18,0,18,24.7,0,0,2,33,3
9,5,9,20.0,0,0,2,21,3
5,6,5,10.8,0,0,0,11,8
16,6,16,31.3,0,0,10,77,17
11,5,11,13.3,0,0,2,30,3
9,6,9,6.0,0,0,0,53,14
13,0,13,15.1,0,0,2,16,3
17,6,17,21.5,0,0,4,50,2
6,0,6,5.0,0,0,0,7,8
16,1,16,13.6,0,0,4,7,2
21,0,21,7.7,0,0,2,8,3
13,5,13,13.2,0,0,2,5,3
8,1,8,9.4,0,0,0,9,8
0,2,0,20.7,0,0,0,22,0
14,0,14,24.8,0,0,0,9,5
15,4,15,18.8,0,0,2,3,2
0,6,0,14.4,0,0,0,6,14
16,3,16,16.6,0,0,2,3,3
18,0,18,13.6,0,0,7,0,7
9,2,9,9.4,0,0,10,51,17
6,0,6,1.8,0,0,4,7,2
4,5,4,17.6,0,0,2,7,3
8,1,8,9.3,0,0,4,5,3
13,6,13,16.1,0,0,2,5,3
12,3,12,23.7,0,0,27,36,0
17,1,17,14.8,0,0,10,44,16
15,4,15,28.9,0,0,4,16,3
4,1,4,10.6,0,0,0,3,8
6,2,6,7.9,0,0,2,9,2
20,6,20,9.8,0,0,13,19,13
4,0,4,17.3,0,0,0,5,8
4,4,4,10.9,0,0,0,16,5
1,6,1,16.2,0,0,0,1,0
19,6,19,13.2,0,0,0,5,5
12,4,12,12.6,0,0,2,33,2
4,3,4,16.3,0,0,2,3,2
5,2,5,6.8,0,0,0,5,8
15,3,15,18.8,0,0,0,9,5
15,2,15,21.9,0,0,2,5,3
17,4,17,16.3,0,0,6,9,0
20,3,20,23.3,0,0,0,16,5
17,0,17,18.9,0,0,0,36,5
1,1,1,12.9,0,0,1,2,6
23,2,23,13.1,0,0,18,36,26
16,0,16,14.8,0,0,0,32,5
2,6,2,13.3,0,0,15,6,3
5,5,5,15.8,0,0,1,2,6
6,4,6,5.4,0,0,2,32,3
11,0,11,15.5,0,0,2,30,3
0,4,0,11.6,0,0,1,2,6
4,0,4,9.7,0,0,0,5,8
21,2,21,11.2,1,2,0,7,8
23,2,23,17.0,0,0,0,6,5
10,4,10,9.0,0,0,19,54,64
13,1,13,25.5,0,0,4,8,3
5,3,5,1.2,0,0,0,7,8
11,5,11,8.5,0,0,4,63,5
12,0,12,16.5,0,0,0,11,8
8,2,8,12.6,0,0,2,8,3
6,0,6,15.3,0,0,24,47,30
12,0,12,23.0,0,0,0,11,5
4,4,4,1.5,0,0,6,9,5
4,1,4,13.6,0,0,2,7,3
14,0,14,32.7,0,0,2,34,3
16,3,16,27.8,0,0,0,33,8
7,6,7,12.6,0,0,2,42,3
19,3,19,11.6,0,0,0,44,8
9,0,9,15.0,0,0,0,53,14
22,6,22,16.3,0,0,11,0,12
9,4,9,21.2,0,0,0,43,14
11,4,11,25.3,0,1,0,54,8
6,5,6,3.4,0,0,4,7,2
10,1,10,16.8,0,0,2,25,2
5,4,5,10.8,0,0,4,6,3
2,5,2,14.5,0,0,16,21,8
22,6,22,4.9,0,0,16,21,2
4,5,4,2.6,0,0,1,2,6
21,6,21,11.8,0,0,4,16,2
9,0,9,17.3,0,0,6,9,5
5,6,5,11.4,0,0,6,9,5
10,0,10,24.5,0,0,2,16,3
18,6,18,31.1,0,0,2,32,3
6,4,6,17.5,0,0,0,16,5
6,1,6,13.2,0,0,4,16,3
11,5,11,12.7,0,0,0,66,14
7,4,7,13.8,0,0,0,36,8
17,2,17,25.4,0,0,0,21,0
1,3,1,8.9,0,0,0,1,0
18,1,18,21.3,0,0,0,8,8
16,2,16,31.5,0,1,18,32,20
4,0,4,13.7,0,0,2,7,3
11,5,11,10.8,0,0,0,16,8
12,6,12,21.8,0,0,0,29,5
3,4,3,14.3,0,0,1,2,1
11,1,11,12.4,0,0,14,17,13
12,0,12,11.2,0,0,0,7,8
8,1,8,11.5,0,0,2,5,3
14,1,14,20.5,0,0,6,9,5
10,2,10,7.1,0,0,27,36,0
16,3,16,20.2,0,0,28,55,0
2,4,2,16.9,0,0,1,2,6
12,0,12,16.6,0,0,0,16,8
23,6,23,7.0,0,0,0,20,14
12,3,12,23.5,0,0,1,2,1
21,4,21,18.2,0,0,0,9,8
5,5,5,13.3,0,0,2,5,3
21,1,21,3.8,0,0,11,0,14
8,6,8,18.5,0,1,0,13,5
5,6,5,19.0,0,0,7,0,7
0,4,0,18.0,0,0,16,21,5
16,0,16,14.5,0,0,0,6,14
16,1,16,21.6,0,0,0,33,5
23,2,23,10.5,0,0,0,0,0
5,6,5,18.4,0,0,0,11,5
7,6,7,13.9,0,1,0,8,5
7,6,7,17.5,0,0,0,7,8
11,3,11,13.6,0,0,2,34,3
6,0,6,11.8,0,0,0,9,5
6,4,6,14.6,0,0,0,7,8
9,0,9,13.0,0,0,44,48,58
1,1,1,17.2,0,0,1,2,6
19,6,19,10.5,0,0,0,25,5
16,2,16,11.5,0,0,0,3,5
8,5,8,11.2,0,1,0,13,5
9,5,9,14.0,0,0,0,21,8
8,4,8,13.4,0,0,0,3,8
8,0,8,0.5,0,0,0,3,8
7,5,7,13.4,0,0,0,16,5
10,3,10,17.9,0,0,0,44,8
22,3,22,8.2,0,0,16,21,5
21,5,21,19.6,0,0,0,17,0
11,5,11,15.3,0,0,4,5,2
22,0,22,16.3,0,0,0,4,5
12,4,12,23.7,0,0,7,9,7
5,3,5,14.9,0,0,0,5,8
11,5,11,9.9,0,0,2,16,2
16,1,16,21.0,0,0,6,9,7
12,3,12,22.5,0,0,18,32,6
8,2,8,7.1,0,0,18,32,6
8,1,8,3.5,0,0,0,54,8
15,6,15,11.0,0,0,4,54,5
10,3,10,17.4,0,0,17,0,7
3,2,3,17.9,0,0,1,2,1
8,6,8,1.9,0,0,2,33,3
15,3,15,18.9,0,0,24,47,23
13,0,13,21.1,0,0,16,21,5
5,2,5,9.9,0,0,4,5,3
6,0,6,9.5,0,0,2,9,2
4,5,4,8.1,0,0,2,5,3
10,2,10,15.6,0,0,0,33,8
14,4,14,17.6,0,0,0,21,8
15,0,15,24.0,0,0,16,21,8
6,1,6,10.4,0,0,4,32,3
10,5,10,9.1,0,0,2,16,2
4,6,4,7.8,0,0,0,4,8
7,6,7,12.9,0,0,4,13,2
0,0,0,17.3,0,0,3,6,4
12,1,12,13.5,0,0,0,8,8
7,4,7,10.8,0,0,6,9,15
16,6,16,25.4,0,0,0,15,5
4,5,4,13.2,0,0,80,26,7
23,3,23,8.5,0,0,0,22,0
17,0,17,26.2,0,0,0,3,5
8,4,8,0.5,0,0,0,44,8
10,1,10,12.9,0,0,10,118,77
19,6,19,13.4,0,0,2,16,3
11,2,11,10.3,0,0,0,3,8
9,2,9,7.9,0,0,2,8,3
2,6,2,20.1,0,0,0,62,0
9,5,9,18.8,0,0,0,11,8
14,6,14,16.0,0,0,0,13,8
5,3,5,0.8,0,0,4,11,2
1,0,1,16.1,0,0,1,2,6
5,4,5,15.5,0,0,4,8,5
12,3,12,26.4,0,0,2,11,2
21,5,21,21.3,0,0,0,25,5
8,2,8,8.9,0,0,6,9,5
1,2,1,5.7,0,0,14,24,9
18,3,18,26.5,0,0,0,12,8
10,3,10,7.0,0,0,2,16,2
23,2,23,11.2,0,0,10,8,11
7,5,7,5.6,0,0,0,52,5
19,2,19,11.9,0,0,0,17,0
8,1,8,9.6,0,0,0,33,8
2,1,2,11.2,0,0,1,2,1
17,1,17,13.8,0,0,7,0,7
21,1,21,4.9,0,0,2,9,3
6,5,6,13.4,0,0,0,32,5
19,1,19,27.4,0,1,4,32,3
14,2,14,26.9,0,0,0,8,5
16,6,16,13.4,0,0,0,9,8
13,1,13,16.9,0,0,2,61,3
8,1,8,14.3,0,0,0,5,8
11,6,11,13.6,0,0,2,16,2
8,1,8,8.9,0,0,0,7,5
20,6,20,19.5,0,0,2,7,3
13,3,13,15.7,0,0,4,11,2
0,6,0,12.2,0,0,0,43,14
19,6,19,22.4,0,0,2,3,3
10,6,10,25.2,0,1,9,0,10
15,4,15,17.8,0,0,16,110,3
2,2,2,5.1,0,0,16,21,5
5,5,5,15.7,0,0,0,3,8
11,3,11,23.3,0,0,18,54,20
8,6,8,6.8,0,0,6,9,5
7,5,7,12.7,0,0,0,33,5
5,3,5,8.8,0,0,4,32,5
16,6,16,25.0,0,0,0,34,8
11,1,11,20.6,0,1,0,44,5
12,2,12,25.1,0,1,14,24,9
6,2,6,9.5,0,0,0,8,8
0,0,0,8.6,0,0,7,36,7
11,5,11,11.0,0,0,7,0,7
20,3,20,10.0,0,0,2,9,2
4,4,4,3.8,0,0,2,10,3
8,0,8,0.6,0,0,2,36,3
5,0,5,10.7,0,0,1,2,6
11,1,11,10.5,0,0,14,17,13
5,5,5,4.1,0,0,6,9,5
20,6,20,13.7,0,0,0,7,8
1,1,1,18.1,0,0,0,1,0
18,0,18,12.3,0,0,4,16,3
6,2,6,11.1,0,0,0,36,8
23,1,23,16.6,0,0,0,0,0
20,6,20,13.6,0,0,2,9,2
18,1,18,26.7,0,0,16,11,5
19,0,19,13.3,0,0,2,16,3
13,6,13,19.1,0,0,7,0,7
1,3,1,6.6,0,0,0,1,0
17,1,17,15.8,0,0,2,5,3
21,6,21,5.9,0,0,0,4,5
16,0,16,25.9,0,0,0,6,14
5,2,5,9.5,0,0,1,2,6
5,4,5,9.9,0,0,2,3,3
10,6,10,15.1,0,0,4,5,2
15,1,15,32.1,0,1,0,78,5
12,3,12,28.8,0,1,7,0,7
11,0,11,8.3,0,0,2,34,3
23,0,23,4.1,0,0,0,43,14
10,1,10,11.9,0,0,2,45,3
22,6,22,9.6,0,0,3,6,4
16,2,16,30.9,0,0,0,15,5
14,1,14,19.7,0,0,0,8,5
14,5,14,18.6,0,0,6,9,5
1,3,1,11.0,0,0,15,6,3
8,1,8,17.7,0,0,19,7,17
16,5,16,21.0,0,0,0,3,8
21,3,21,10.3,0,0,14,24,9
6,6,6,5.0,0,0,0,5,8
23,1,23,13.0,0,0,0,6,5
16,6,16,10.2,0,0,6,9,0
14,1,14,18.3,0,0,2,34,3
6,4,6,5.8,0,0,4,5,2
13,0,13,12.0,0,0,2,44,3
11,5,11,13.9,0,0,14,17,13
13,0,13,15.3,0,0,0,13,8
22,0,22,9.8,0,0,9,0,10
5,3,5,13.1,0,0,4,5,2
18,1,18,27.7,0,0,0,44,8
17,3,17,27.8,0,0,7,0,7
1,5,1,10.3,0,0,1,2,6
12,1,12,18.5,0,0,0,11,8
16,3,16,24.2,1,0,24,47,23
12,1,12,29.0,0,0,1,2,1
5,4,5,9.6,0,0,7,21,7
6,6,6,5.6,0,0,0,4,5
7,6,7,7.5,0,0,0,13,8
7,4,7,13.5,0,0,2,8,3
8,1,8,13.0,0,0,2,16,2
13,0,13,18.8,0,0,0,13,8
11,0,11,10.1,0,0,0,25,5
12,2,12,10.8,0,0,0,13,8
16,0,16,16.7,0,0,0,6,14
11,3,11,26.7,0,0,0,13,8
1,6,1,16.5,0,0,14,17,13
17,5,17,21.4,0,0,0,54,5
6,0,6,9.8,0,0,4,21,2
18,3,18,10.2,0,0,16,21,5
19,0,19,12.3,0,0,4,7,3
17,6,17,26.1,0,0,0,44,5
8,5,8,18.5,0,0,0,10,5
5,1,5,13.5,0,0,0,32,5
16,3,16,18.2,1,2,0,3,8
11,1,11,15.6,0,0,0,21,8
7,1,7,7.7,0,0,15,6,3
1,4,1,14.0,0,0,16,21,8
20,2,20,5.9,0,0,2,9,3
6,4,6,4.5,0,0,2,21,3
16,0,16,19.0,0,0,0,7,8
4,1,4,5.5,0,0,1,2,6
8,0,8,9.8,0,0,0,13,8
8,6,8,7.4,0,0,2,8,2
20,6,20,10.0,0,0,0,3,8
16,3,16,9.2,1,2,2,7,3
13,3,13,31.0,1,0,0,13,8
6,0,6,11.4,0,0,16,21,8
9,1,9,11.9,0,0,0,32,5
23,3,23,8.9,0,0,0,0,0
8,3,8,11.3,0,0,0,13,8
11,5,11,14.1,0,0,2,44,3
16,2,16,16.7,0,0,2,44,2
6,6,6,15.7,0,0,4,32,3
8,0,8,14.6,0,0,0,44,8
7,5,7,8.4,0,0,15,6,3
22,0,22,14.1,0,0,18,32,6
12,5,12,18.1,0,0,2,61,2
3,4,3,12.0,0,0,80,26,7
20,3,20,12.1,0,0,0,3,5
8,0,8,10.4,0,0,2,8,3
10,6,10,21.6,0,0,0,57,0
19,6,19,16.7,0,0,2,16,3
1,1,1,8.5,0,0,16,21,8
17,2,17,37.4,0,0,6,9,14
7,1,7,9.6,0,0,0,33,5
12,2,12,10.2,0,0,0,3,8
2,1,2,21.2,0,0,0,21,5
13,6,13,17.1,0,1,18,54,20
12,5,12,24.8,0,0,0,15,8
8,6,8,8.3,0,0,0,32,5
15,4,15,18.5,0,0,2,54,3
17,0,17,24.8,0,0,4,38,2
14,2,14,24.3,0,0,19,35,44
16,1,16,19.4,0,0,6,9,0
15,5,15,14.3,0,0,10,51,17
11,3,11,19.6,0,0,27,36,0
11,6,11,18.3,0,0,0,13,8
22,3,22,10.4,0,0,11,0,14
12,6,12,22.0,0,0,0,11,5
5,2,5,3.2,0,0,0,3,5
8,4,8,10.5,0,0,0,54,5
5,3,5,5.3,0,0,2,3,3
22,6,22,11.8,0,0,4,54,3
14,6,14,17.2,0,0,7,36,7
8,3,8,6.1,0,0,18,32,20
7,1,7,5.6,0,0,2,33,3
5,5,5,12.9,0,0,0,9,5
13,1,13,16.5,0,0,0,44,8
11,1,11,10.7,0,0,14,17,13
5,2,5,13.2,0,0,4,8,3
18,6,18,11.8,1,0,4,6,3
5,0,5,4.4,0,0,0,5,5
13,4,13,26.9,0,0,27,36,0
15,4,15,30.7,0,0,0,16,8
19,3,19,9.9,0,0,2,4,3
19,1,19,13.8,0,0,2,32,3
4,0,4,9.8,0,0,0,11,5
17,0,17,8.3,0,0,0,9,0
16,6,16,21.8,0,0,0,11,8
6,1,6,10.6,0,0,0,5,5
1,0,1,9.1,0,0,0,37,0
6,4,6,13.2,0,0,0,7,5
7,5,7,3.4,0,0,0,13,8
17,1,17,19.3,0,0,0,33,8
16,2,16,14.3,0,0,2,5,3
2,6,2,2.8,0,0,1,2,1
19,0,19,12.4,0,0,2,5,3
17,6,17,30.6,0,1,9,0,18
15,6,15,25.3,0,0,4,12,3
6,3,6,1.0,0,0,0,12,8
16,5,16,14.7,0,0,10,8,11
13,3,13,24.8,0,0,0,32,5
13,5,13,25.3,0,0,2,36,3
14,0,14,14.9,0,0,6,9,5
23,4,23,12.4,0,0,0,0,0
23,2,23,18.5,0,1,12,18,7
5,5,5,3.4,0,0,6,9,5
12,3,12,14.0,0,0,19,48,32
7,3,7,13.5,0,0,2,33,3
19,2,19,11.3,0,0,2,54,3
8,4,8,9.7,0,0,8,0,9
9,1,9,10.1,0,0,2,3,3
0,5,0,15.6,0,0,0,6,14
15,4,15,15.7,0,0,2,13,3
18,3,18,17.5,0,0,0,33,8
17,5,17,28.5,0,0,0,17,14
17,5,17,20.6,0,0,4,38,2
16,2,16,11.2,0,0,0,32,5
6,2,6,0.9,0,0,4,11,2
6,5,6,6.2,0,0,2,21,2
13,5,13,17.7,0,0,0,61,8
10,5,10,22.3,0,0,10,51,17
7,5,7,9.7,0,0,0,34,8
21,4,21,9.4,0,0,13,19,13
14,5,14,20.9,0,0,16,21,8
18,6,18,28.3,0,0,0,12,5
19,4,19,11.8,0,0,16,21,8
8,4,8,8.5,0,0,0,3,8
10,6,10,20.4,0,0,0,3,8
6,2,6,9.8,0,0,0,8,8
21,2,21,16.4,0,0,2,9,2
7,0,7,17.2,0,0,16,21,5
10,0,10,25.8,0,1,2,33,2
0,1,0,16.1,0,0,7,0,7
20,0,20,9.0,0,0,2,8,3
5,0,5,13.4,0,0,2,11,2
6,3,6,10.8,0,0,2,36,3
11,5,11,13.4,0,0,0,8,8
10,1,10,15.0,0,0,0,8,8
2,4,2,13.1,0,0,16,21,8
6,1,6,5.8,0,0,15,6,3
13,5,13,29.5,0,0,33,62,0
10,3,10,20.7,0,0,0,9,5
15,6,15,29.0,0,0,0,16,8
6,6,6,8.2,0,0,16,21,2
5,5,5,15.6,0,0,1,2,6
6,5,6,1.6,0,0,2,21,3
20,0,20,26.8,0,0,2,21,3
6,3,6,7.4,0,0,0,5,8
8,6,8,11.3,0,0,0,44,5
16,6,16,20.5,0,0,0,32,5
0,4,0,16.5,0,0,0,20,0
20,2,20,8.6,0,0,0,4,8
4,5,4,7.2,0,0,2,11,2
12,4,12,15.1,0,0,0,13,8
23,5,23,4.0,0,0,2,21,3
1,6,1,19.2,0,0,0,1,0
7,5,7,13.5,0,0,0,29,8
11,3,11,8.6,0,0,0,66,14
17,2,17,12.2,0,0,4,3,5
19,4,19,11.3,0,0,2,7,2
1,0,1,18.5,0,0,0,6,14
8,5,8,4.3,0,0,0,9,8
10,6,10,9.2,0,0,0,25,8
10,2,10,11.4,0,0,2,5,3
11,6,11,17.8,0,0,0,3,8
20,2,20,10.3,0,0,2,9,2
0,0,0,17.1,0,0,0,0,0
21,3,21,7.0,0,0,14,24,9
14,3,14,12.8,0,0,4,5,3
23,4,23,5.5,0,0,0,43,14
14,0,14,17.5,0,0,0,13,8
13,6,13,21.6,0,0,0,45,5
11,3,11,25.0,0,1,2,16,3
21,3,21,15.3,0,0,0,4,8
18,0,18,12.9,0,0,2,8,3
6,1,6,6.4,0,0,24,47,22
14,2,14,20.5,0,0,4,54,3
0,1,0,21.9,0,0,2,21,3
5,2,5,3.1,0,0,0,5,5
5,0,5,8.2,0,0,2,7,2
10,4,10,13.3,0,0,0,44,8
3,3,3,13.3,0,0,15,14,3
20,3,20,25.8,0,0,0,8,8
1,3,1,10.8,0,0,1,2,6
14,4,14,17.7,0,0,0,5,5
15,1,15,30.2,0,0,0,11,8
18,2,18,28.5,0,0,2,12,3
3,5,3,5.8,1,2,0,61,8
14,3,14,14.7,0,0,2,5,3
11,2,11,12.5,0,1,10,48,37
8,0,8,10.5,0,0,0,44,8
5,3,5,9.0,0,0,0,12,5
8,0,8,8.4,0,0,18,32,6
9,0,9,16.7,0,0,18,32,6
19,4,19,11.0,0,0,2,44,3
6,5,6,5.2,0,0,0,21,14
11,2,11,15.1,0,0,0,7,8
9,5,9,7.8,0,0,2,30,3
12,0,12,26.8,0,0,2,11,5
14,1,14,16.9,0,0,16,110,2
14,4,14,18.6,0,0,16,110,3
14,2,14,19.3,0,1,0,13,5
23,6,23,14.5,0,0,11,0,14
9,5,9,10.9,0,0,0,11,8
18,6,18,10.3,0,0,2,4,3
21,4,21,6.9,1,2,16,21,8
3,0,3,8.6,0,0,5,9,4
5,0,5,10.0,0,0,4,5,3
18,4,18,24.9,0,0,0,33,8
5,2,5,14.7,0,0,2,5,3
12,2,12,17.1,0,0,0,11,8
8,2,8,17.6,0,1,0,9,9
9,1,9,6.2,0,0,2,33,3
12,3,12,12.0,0,0,0,32,5
16,5,16,15.9,0,0,2,16,3
15,1,15,11.7,0,0,2,3,3
21,1,21,9.8,0,0,2,8,3
15,2,15,20.3,0,0,16,10,5
19,6,19,9.9,0,0,2,7,2
17,5,17,26.0,0,0,0,21,0
17,3,17,23.0,0,0,0,13,8
21,3,21,8.7,0,0,0,16,8
6,3,6,3.8,0,0,15,6,3
18,1,18,24.8,0,0,0,44,8
22,4,22,18.6,0,1,40,0,10
8,1,8,9.6,0,0,0,53,14
23,4,23,11.5,0,0,2,21,3
21,3,21,17.9,0,0,0,7,5
15,6,15,21.0,0,0,7,0,7
12,0,12,12.3,0,0,2,5,3
16,2,16,21.7,0,0,0,8,8
18,2,18,29.1,0,0,0,44,5
21,2,21,9.8,0,0,0,7,5
22,1,22,11.7,0,0,2,4,3
6,5,6,13.4,0,0,0,3,8
22,3,22,9.2,0,0,16,21,2
18,2,18,14.9,0,0,0,61,5
6,5,6,8.9,0,0,7,26,7
7,0,7,11.6,0,0,2,16,3
21,2,21,14.3,0,0,2,16,3
19,4,19,14.3,0,0,0,44,5
4,2,4,17.1,0,0,0,7,5
19,0,19,19.4,0,0,0,61,8
5,4,5,15.4,0,0,0,4,5
1,5,1,6.5,1,2,0,5,8
19,5,19,7.9,0,0,4,16,3
5,3,5,4.0,0,0,2,9,2
6,0,6,0.6,0,0,2,119,3
11,0,11,16.3,0,0,2,30,3
17,2,17,11.5,0,0,0,16,8
21,4,21,13.9,0,0,0,3,8
6,0,6,7.8,0,0,10,28,16
12,1,12,21.4,0,0,2,33,3
21,5,21,11.2,0,0,4,5,3
18,6,18,19.5,0,0,0,33,5
16,4,16,16.9,0,0,0,6,14
16,5,16,29.1,0,0,0,7,8
8,2,8,3.4,0,0,0,9,14
4,6,4,15.5,0,0,0,3,5
17,1,17,13.8,0,0,0,33,8
17,6,17,33.8,0,0,2,33,3
17,5,17,10.6,0,0,0,61,8
16,6,16,11.4,0,0,6,9,0
10,2,10,22.9,0,1,0,8,8
6,1,6,7.1,0,0,0,7,8
1,4,1,9.1,0,0,0,37,0
5,0,5,11.3,0,0,2,119,3
19,1,19,27.1,0,0,2,33,3
15,6,15,21.3,0,0,16,10,5
9,0,9,19.1,0,1,0,44,5
9,4,9,6.2,0,0,0,30,5
18,0,18,19.1,0,0,0,13,5
2,3,2,7.7,0,0,8,0,9
11,6,11,19.3,0,0,0,5,8
13,4,13,27.2,0,0,0,21,8
18,5,18,17.1,0,0,0,4,5
8,5,8,2.3,0,0,0,44,5
4,4,4,12.4,0,0,0,5,8
9,5,9,15.7,0,0,0,53,0
8,0,8,8.6,0,0,0,10,5
8,5,8,5.1,0,0,9,0,10
7,0,7,13.5,0,0,16,21,3
7,2,7,12.8,0,0,2,5,3
12,2,12,21.9,0,0,0,33,8
15,6,15,21.1,0,0,18,32,6
22,4,22,5.9,0,0,0,9,5
22,5,22,12.7,0,0,11,0,12
20,0,20,22.7,0,0,0,4,5
14,3,14,26.4,0,0,4,7,2
16,6,16,29.2,0,0,4,3,3
23,6,23,15.8,1,0,0,32,5
12,6,12,19.1,0,0,2,3,2
11,3,11,11.2,0,0,14,17,13
14,1,14,24.5,0,0,0,34,5
6,0,6,11.3,0,0,6,9,5
10,4,10,19.3,0,0,0,42,5
4,0,4,4.0,0,0,0,4,8
5,0,5,16.5,0,0,4,7,3
20,5,20,26.2,0,0,0,36,8
9,4,9,16.7,0,1,58,90,59
15,0,15,20.5,0,0,0,11,8
12,1,12,23.7,0,0,0,10,8
2,4,2,13.3,0,0,2,6,3
4,6,4,13.0,0,0,0,11,8
19,5,19,18.4,0,0,7,0,7
1,4,1,14.7,0,0,15,6,3
13,0,13,20.4,0,0,0,61,8
19,1,19,14.9,1,0,4,8,3
2,5,2,13.6,0,0,16,21,8
13,2,13,20.7,0,0,1,2,1
19,6,19,8.5,0,0,2,16,3
6,3,6,8.6,0,0,4,5,3
23,4,23,16.6,0,0,16,21,8
16,0,16,18.2,0,0,0,3,8
9,0,9,12.2,0,0,19,8,17
14,2,14,17.3,0,1,4,16,2
8,2,8,8.2,0,0,0,44,5
2,0,2,15.6,0,0,1,2,6
0,1,0,17.7,0,0,14,17,13
1,0,1,12.2,0,0,16,21,8
14,1,14,7.5,1,2,0,44,8
7,1,7,9.1,0,0,4,7,5
15,6,15,16.1,0,0,0,78,5
4,0,4,7.1,0,0,0,7,5
17,0,17,18.7,0,0,0,13,8
15,0,15,30.8,0,0,18,32,33
6,1,6,10.6,0,0,4,7,3
0,0,0,6.6,0,0,0,1,0
8,5,8,3.5,0,0,0,15,8
20,6,20,20.6,0,0,0,4,8
0,2,0,5.8,0,0,0,6,14
17,1,17,17.7,0,0,16,21,2
6,2,6,9.3,0,0,2,9,2
5,5,5,15.7,0,0,4,21,3
9,5,9,14.5,0,0,0,54,5
16,3,16,16.0,0,0,4,44,3
18,3,18,15.5,0,0,8,0,9
8,1,8,2.5,0,0,0,33,5
15,5,15,20.3,0,0,16,10,5
4,0,4,1.8,0,0,6,9,15
5,1,5,16.5,0,0,0,25,5
5,4,5,7.0,0,0,1,2,6
12,3,12,15.7,0,0,26,49,13
0,1,0,10.3,0,0,0,6,14
18,4,18,20.1,0,0,0,21,8
13,2,13,27.5,0,1,0,7,5
5,2,5,8.2,0,0,0,7,8
5,1,5,11.1,0,0,0,16,8
5,4,5,15.2,0,0,2,10,3
2,0,2,14.9,0,0,33,62,0
14,1,14,11.9,1,2,2,9,2
12,2,12,26.5,0,1,0,11,5
6,3,6,9.7,0,0,0,8,5
4,1,4,5.1,0,0,1,2,6
13,1,13,23.1,0,0,4,8,3
10,2,10,10.1,0,0,0,21,14
16,3,16,32.2,0,0,4,50,3
23,6,23,10.2,0,0,0,9,8
17,5,17,14.8,0,0,10,25,11
6,3,6,8.9,0,0,0,5,8
5,5,5,12.8,0,0,0,3,5
9,1,9,12.4,0,0,0,54,8
19,2,19,12.5,0,0,0,25,5
11,4,11,14.2,0,0,1,2,1
10,2,10,7.4,0,0,0,44,8
5,5,5,14.0,0,0,2,7,3
4,5,4,6.8,0,0,6,9,5
14,0,14,25.0,0,0,2,3,2
12,1,12,11.6,0,0,2,61,3
14,1,14,25.6,0,0,19,72,64
7,6,7,8.9,0,0,0,5,8
20,4,20,10.7,0,0,4,3,5
6,2,6,14.4,1,0,1,2,1
4,1,4,12.3,0,0,2,3,3
16,4,16,30.8,0,0,2,9,3
4,1,4,13.4,0,0,2,4,3
4,1,4,5.9,0,0,0,27,5
13,1,13,16.4,0,0,4,7,5
16,2,16,13.5,0,0,0,6,0
12,5,12,20.8,0,0,1,2,1
8,1,8,11.0,0,0,0,54,8
5,5,5,16.3,0,0,4,12,2
18,6,18,24.1,0,0,0,44,5
12,3,12,19.2,0,0,0,3,8
10,2,10,12.8,0,0,0,21,0
5,0,5,13.3,0,0,0,5,8
20,0,20,10.2,0,0,62,4,68
11,3,11,11.1,0,0,1,2,1
12,2,12,18.8,0,0,2,3,3
18,0,18,28.7,0,0,16,11,5
0,1,0,9.6,0,0,0,6,14
19,6,19,23.3,0,0,0,8,8
20,2,20,9.1,0,0,2,9,3
4,4,4,7.3,0,0,5,9,4
1,1,1,9.6,0,0,0,1,0
14,3,14,18.9,0,0,2,3,2
3,1,3,6.0,0,0,7,14,7
21,0,21,15.1,1,2,0,36,8
19,1,19,10.7,1,2,0,21,14
16,4,16,20.0,0,0,0,5,8
13,5,13,23.7,0,0,0,61,8
8,6,8,14.1,0,0,0,44,8
19,5,19,25.7,0,0,0,7,8
19,3,19,23.3,0,0,2,54,3
0,2,0,9.7,0,0,1,2,6
19,3,19,25.2,0,1,0,8,5
7,1,7,4.2,0,0,0,54,5
5,5,5,3.0,0,0,2,4,3
19,2,19,5.7,0,0,2,54,3
15,0,15,26.2,0,0,2,16,3
13,4,13,27.3,0,0,0,13,5
5,3,5,8.6,0,0,4,3,5
11,5,11,26.3,0,0,0,0,0
11,2,11,21.8,0,0,0,0,0
6,3,6,7.4,0,0,0,12,8
6,1,6,12.2,0,0,4,7,2
12,1,12,22.9,0,0,0,7,8
8,5,8,8.4,0,0,4,54,3
2,6,2,20.9,0,0,1,2,6
18,6,18,25.2,0,0,16,21,8
5,6,5,7.0,0,0,4,10,2
10,3,10,9.7,0,0,2,16,3
15,6,15,30.7,0,1,9,0,18
8,0,8,11.4,0,0,19,7,29
22,0,22,19.7,0,0,0,3,8
6,0,6,8.1,0,0,0,21,14
17,4,17,25.5,0,0,0,8,5
10,2,10,24.1,0,0,0,5,5
4,0,4,15.0,0,0,0,4,5
20,1,20,15.9,0,0,0,4,8
13,1,13,19.0,0,0,2,33,2
8,2,8,4.9,0,0,0,13,8
17,0,17,13.9,0,0,4,38,3
7,4,7,8.1,0,0,0,5,8
21,5,21,12.5,0,0,2,8,2
1,5,1,18.1,0,0,14,17,13
16,1,16,17.4,1,0,10,48,34
8,4,8,8.1,0,0,0,10,5
0,6,0,20.6,0,0,35,43,14
22,1,22,10.4,0,0,23,41,15
17,1,17,18.9,0,0,0,44,8
5,2,5,4.5,0,0,0,3,8
16,6,16,35.2,0,0,16,10,8
4,1,4,11.1,0,0,0,5,5
10,6,10,28.4,0,0,0,0,0
15,1,15,22.8,0,0,19,96,64
6,2,6,15.1,0,0,2,9,3
6,6,6,3.6,0,0,0,3,8
2,2,2,10.9,0,0,7,0,7
16,2,16,17.9,0,0,6,93,5
2,1,2,15.5,0,0,0,0,0
19,5,19,12.1,0,0,0,25,8
2,6,2,15.0,0,0,0,62,0
10,1,10,14.4,0,0,2,13,3
21,1,21,11.8,0,0,18,32,33
17,2,17,12.8,0,0,0,32,5
15,5,15,16.1,0,0,2,34,2
14,5,14,21.9,0,0,0,3,5
7,4,7,9.1,0,0,0,36,8
4,3,4,16.0,0,0,9,0,18
23,3,23,13.2,0,0,0,25,8
12,2,12,11.3,0,0,26,49,13
17,4,17,12.4,0,0,0,21,8
14,5,14,30.5,0,0,2,34,3
0,1,0,4.5,0,0,15,6,3
11,4,11,13.6,0,0,0,34,5
20,2,20,6.3,0,0,2,5,3
18,4,18,19.8,0,0,0,36,8
9,0,9,13.5,0,0,27,36,0
16,0,16,27.5,0,0,0,16,5
3,4,3,18.6,0,0,80,26,7
7,1,7,11.1,0,0,2,33,3
21,6,21,25.0,0,0,0,17,14
18,3,18,22.0,0,0,6,9,14
10,4,10,10.5,0,0,2,45,3
9,2,9,19.3,0,0,0,76,14
4,0,4,8.1,0,0,2,11,2
16,2,16,13.5,0,0,0,21,14
5,4,5,3.8,0,0,2,9,2
7,0,7,8.3,0,0,0,13,8
6,0,6,3.7,0,0,0,7,8
7,5,7,4.2,0,0,0,13,5
16,1,16,19.2,0,0,6,93,5
22,6,22,17.5,0,0,9,0,10
10,4,10,16.6,0,0,0,13,5
9,1,9,6.4,0,0,4,9,3
10,1,10,12.6,0,0,4,13,3
4,5,4,4.5,0,0,1,2,6
18,1,18,23.3,0,0,2,4,2
4,3,4,13.9,0,0,2,7,2
23,2,23,9.9,0,0,2,21,3
8,1,8,17.4,0,0,2,33,3
19,1,19,9.7,0,0,0,44,8
6,2,6,4.6,0,0,1,2,1
15,6,15,24.8,0,0,16,10,5
7,4,7,16.1,0,0,4,14,3
4,2,4,10.2,0,0,10,3,11
23,1,23,4.1,0,0,0,20,14
22,0,22,11.0,0,0,14,17,13
7,3,7,8.4,0,0,7,0,7
6,1,6,13.0,0,0,4,11,5
7,5,7,3.3,0,0,0,36,8
17,6,17,19.1,0,0,2,5,3
21,5,21,5.9,0,0,2,8,3
9,0,9,11.9,0,0,0,15,8
11,6,11,16.3,0,0,27,36,0
2,3,2,8.5,0,0,15,14,3
5,6,5,14.6,0,0,6,9,5
23,1,23,17.4,0,1,12,18,7
2,5,2,17.4,0,0,2,6,3
13,5,13,15.3,0,0,2,3,2
18,5,18,17.4,0,0,0,13,8
10,1,10,8.6,0,0,0,16,8
13,6,13,15.7,0,0,2,110,3
0,1,0,7.0,0,0,1,2,6
17,5,17,12.1,0,0,4,38,3
13,4,13,27.1,0,0,2,12,3
0,1,0,12.8,0,0,23,41,15
11,1,11,18.9,0,0,16,21,8
5,1,5,14.5,0,0,0,7,5
3,0,3,8.5,0,0,5,9,4
12,0,12,25.9,0,0,1,2,1
7,4,7,11.6,0,0,0,29,8
15,1,15,20.6,0,0,10,31,17
17,2,17,15.4,0,0,2,12,3
21,0,21,7.7,0,0,13,19,13
15,2,15,12.1,0,0,16,10,5
0,3,0,16.5,0,0,0,22,14
21,6,21,19.1,0,0,16,21,5
12,3,12,9.3,0,0,0,44,8
19,3,19,7.3,0,0,2,5,3
5,3,5,8.7,0,0,0,5,8
14,6,14,16.0,0,0,6,93,5
19,1,19,9.9,0,0,4,32,3
17,0,17,25.9,0,0,0,3,5
6,2,6,14.1,0,0,4,21,2
22,6,22,9.7,0,0,0,25,8
15,1,15,27.9,0,0,9,0,18
6,0,6,9.8,0,0,4,3,2
13,1,13,10.7,0,0,2,16,2
1,1,1,14.8,0,0,14,17,13
16,5,16,17.4,0,0,0,21,0
1,4,1,13.0,0,0,0,6,14
19,6,19,12.9,0,0,4,5,3
5,1,5,14.5,0,0,0,5,8
7,1,7,4.4,0,0,4,13,3
15,5,15,29.4,0,0,16,110,3
19,0,19,29.2,0,1,2,32,5
15,6,15,11.0,0,0,0,12,8
9,1,9,6.8,0,0,17,0,7
17,1,17,26.1,0,0,2,44,2
8,2,8,6.9,0,0,19,5,66
18,4,18,30.4,0,1,0,13,8
5,5,5,12.9,0,0,2,5,3
19,4,19,6.4,0,0,0,32,5
13,3,13,19.0,1,2,4,13,3
14,1,14,28.3,0,1,18,32,6
15,4,15,15.2,0,0,15,6,3
18,0,18,25.1,0,0,0,32,5
18,5,18,14.1,0,0,0,16,8
5,5,5,9.7,0,0,2,4,3
1,5,1,15.7,0,0,15,6,3
1,2,1,9.3,0,0,0,21,8
7,0,7,9.9,0,0,24,47,30
8,1,8,13.4,0,1,0,9,8
22,3,22,8.4,0,0,14,17,13
6,1,6,5.0,0,0,0,8,8
13,4,13,14.8,0,0,0,61,8
17,6,17,14.4,0,0,4,8,5
8,1,8,9.5,0,0,7,36,7
14,1,14,28.3,0,0,2,8,3
22,2,22,7.8,0,0,16,21,5
7,4,7,7.0,0,0,4,3,2
21,2,21,17.6,0,0,0,3,8
11,2,11,15.4,0,0,1,2,1
8,4,8,7.3,0,0,0,10,5
6,0,6,6.5,0,1,0,8,8
19,4,19,11.7,0,0,0,33,5
1,3,1,6.0,0,0,1,2,6
4,1,4,11.4,0,0,80,26,7
4,6,4,17.4,0,0,0,7,8
5,4,5,16.7,0,0,4,8,3
6,6,6,4.9,0,0,0,7,8
16,5,16,31.7,0,0,7,0,7
7,1,7,9.1,0,0,0,29,8
17,3,17,12.2,0,0,0,33,5
8,4,8,4.8,0,0,10,87,70
16,3,16,27.2,0,0,2,5,3
12,0,12,24.0,0,0,4,11,2
8,1,8,5.9,0,0,6,9,5
6,1,6,8.5,0,0,0,5,8
6,3,6,8.4,0,0,0,3,8
5,6,5,15.9,0,0,0,25,5
19,0,19,10.6,0,0,0,87,5
9,3,9,7.8,0,0,0,32,5
22,6,22,10.1,0,0,18,32,6
18,6,18,16.4,0,0,0,33,5
9,1,9,9.9,0,0,0,32,5
6,6,6,3.2,0,0,15,6,14
10,2,10,21.0,0,0,0,33,8
20,0,20,11.6,0,0,4,8,5
0,1,0,20.1,0,0,0,6,14
10,0,10,21.9,0,0,0,13,5
5,5,5,6.5,0,0,2,3,3
10,6,10,12.2,0,0,2,16,2
21,6,21,10.6,1,0,23,41,15
13,0,13,26.1,0,0,0,34,5
4,1,4,13.4,0,0,0,4,8
20,6,20,15.7,0,0,0,36,8
12,2,12,24.6,0,0,26,49,13
9,4,9,10.6,0,0,19,48,63
14,6,14,23.1,0,0,2,34,3
12,3,12,15.0,0,0,0,16,8
23,3,23,13.5,0,0,0,16,8
12,1,12,15.1,0,0,4,63,3
18,6,18,11.1,0,0,0,13,8
8,2,8,10.2,0,0,0,9,14
17,3,17,13.8,0,0,0,33,5
5,3,5,9.0,0,0,6,9,5
12,1,12,24.3,0,0,0,32,5
17,3,17,26.7,0,0,0,7,5
1,6,1,14.5,0,0,1,2,6
15,4,15,18.3,0,0,0,5,8
18,2,18,6.6,0,0,2,33,3
18,4,18,29.0,0,0,9,0,10
16,4,16,30.8,0,0,0,7,8
5,1,5,13.2,0,0,2,8,3
16,5,16,30.9,0,0,0,17,14
14,3,14,23.8,0,1,0,44,8
15,0,15,8.1,0,0,0,45,5
22,0,22,11.6,0,0,0,9,8
18,4,18,13.3,0,0,0,54,5
10,0,10,15.4,0,0,19,5,64
20,5,20,10.8,0,0,2,4,3
12,0,12,14.3,0,0,1,2,1
6,2,6,9.8,0,0,4,21,3
8,6,8,8.0,0,0,0,10,5
10,6,10,8.8,0,0,0,57,0
2,2,2,13.0,0,0,0,37,0
12,2,12,15.9,0,0,0,3,5
10,1,10,24.3,0,0,0,42,5
10,3,10,8.6,0,0,0,13,8
7,0,7,8.7,0,0,0,5,8
23,2,23,20.0,0,0,0,0,0
9,6,9,14.6,0,1,7,21,7
13,1,13,13.9,0,0,0,13,5
7,6,7,6.7,0,0,0,33,8
5,3,5,7.3,0,0,4,7,3
11,6,11,10.9,0,0,0,5,8
8,0,8,11.4,0,0,0,36,8
14,3,14,10.8,0,0,2,45,3
20,3,20,16.0,0,0,14,24,9
15,2,15,20.9,0,0,0,5,8
16,3,16,16.4,0,0,0,21,0
5,2,5,10.3,0,0,16,21,8
1,6,1,13.8,0,0,15,6,3
16,0,16,20.5,0,0,0,9,0
16,6,16,23.5,0,0,0,8,8
13,3,13,12.7,0,0,2,21,3
13,6,13,15.7,0,0,0,61,5
6,6,6,11.1,0,0,2,32,3
14,5,14,21.4,0,0,15,6,3
6,1,6,5.1,0,0,0,7,8
4,5,4,12.2,0,0,0,16,8
5,3,5,1.3,0,0,4,11,5
14,5,14,30.9,0,0,0,17,14
5,3,5,8.5,0,0,0,52,5
12,2,12,27.3,0,0,9,0,7
19,3,19,29.6,0,0,2,7,3
6,3,6,3.4,0,0,4,7,2
23,3,23,21.7,0,0,11,0,12
15,3,15,24.8,0,0,2,13,2
21,5,21,16.0,0,0,2,8,2
23,6,23,10.3,0,0,2,21,3
16,6,16,18.6,0,0,0,8,8
3,0,3,4.3,0,0,5,9,4
21,4,21,19.4,0,0,0,17,0
16,1,16,14.7,0,0,9,0,18
5,4,5,11.2,0,0,2,7,2
23,1,23,9.8,0,0,7,0,7
21,0,21,7.3,0,0,13,19,13
7,2,7,8.7,0,0,4,5,3
4,1,4,11.4,0,0,0,12,8
8,1,8,9.1,0,0,10,3,36
5,4,5,2.0,0,0,2,3,3
19,3,19,23.2,0,0,2,16,2
10,4,10,14.6,0,0,0,21,0
5,2,5,17.1,0,0,0,4,8
17,0,17,13.1,0,0,0,54,5
12,6,12,14.7,0,0,7,0,7
2,3,2,5.5,0,0,1,2,1
4,5,4,11.7,0,0,0,7,8
5,2,5,13.8,0,0,6,9,15
10,2,10,11.7,0,0,0,12,5
0,1,0,7.7,0,0,0,6,14
8,0,8,16.5,0,0,0,32,5
14,3,14,15.2,0,0,0,9,8
0,2,0,8.9,0,0,1,2,6
6,2,6,8.8,0,0,0,5,8
4,4,4,3.8,0,0,2,4,3
20,1,20,18.9,0,0,10,30,11
5,4,5,5.9,0,0,0,11,8
19,1,19,13.2,0,0,0,17,0
14,3,14,15.4,0,0,4,8,3
19,4,19,10.8,0,0,4,32,5
5,2,5,16.1,0,0,1,2,6
4,5,4,10.6,0,0,0,4,8
12,5,12,25.1,0,0,4,63,3
23,4,23,4.9,0,0,0,25,5
5,2,5,3.1,0,0,2,5,3
8,1,8,5.0,0,0,0,13,8
4,2,4,8.4,0,0,0,7,8
15,5,15,17.2,0,0,65,7,72
15,5,15,16.0,0,0,0,78,5
6,6,6,0.3,0,0,2,21,3
10,5,10,18.8,0,0,18,32,6
0,5,0,4.5,0,0,23,41,15
18,3,18,31.5,0,0,0,33,8
12,5,12,11.3,0,0,0,5,8
15,3,15,24.5,0,0,2,5,3
15,1,15,12.3,0,0,29,0,10
6,4,6,0.6,0,0,2,21,3
23,6,23,16.2,0,0,0,25,8
12,5,12,20.0,0,0,4,13,3
15,3,15,17.0,0,0,0,11,5
21,2,21,22.0,0,0,0,4,5
14,1,14,20.0,0,0,16,21,8
15,4,15,19.9,0,0,0,7,8
20,5,20,10.1,0,0,6,9,5
6,1,6,6.4,0,0,0,7,8
8,4,8,15.0,0,0,0,33,8
7,4,7,12.0,0,0,0,29,5
16,5,16,19.7,0,0,0,6,14
4,3,4,9.2,0,0,2,7,2
5,6,5,13.3,0,0,2,7,3
16,4,16,20.3,0,0,0,11,8
18,2,18,26.0,0,0,0,8,8
7,3,7,5.7,0,0,2,16,3
12,2,12,19.6,0,0,0,29,8
13,1,13,9.9,0,0,0,7,8
18,5,18,25.8,0,0,2,12,2
19,2,19,16.9,0,0,2,8,3
13,3,13,23.3,0,0,0,5,8
21,1,21,12.6,0,0,0,9,5
5,4,5,8.6,0,0,2,3,3
9,0,9,17.8,0,0,0,53,0
23,2,23,17.8,0,0,13,19,13
7,4,7,9.1,0,0,0,8,5
11,1,11,27.2,0,0,0,34,5
11,5,11,15.6,0,0,2,16,2
6,3,6,0.7,0,0,16,21,8
17,3,17,13.5,0,0,0,7,8
8,5,8,6.8,0,0,0,29,8
5,2,5,1.1,0,0,0,16,5
7,0,7,9.9,0,0,2,16,3
20,3,20,12.3,0,0,2,32,3
6,3,6,3.4,0,0,4,21,2
11,6,11,13.2,0,0,1,2,1
19,5,19,13.2,0,0,0,32,5
20,6,20,13.1,0,0,0,3,8
16,2,16,17.1,0,0,2,13,2
7,1,7,11.4,0,0,2,33,2
7,6,7,11.4,0,0,2,33,3
21,0,21,9.7,0,0,9,0,10
17,3,17,26.9,0,0,0,13,5
6,2,6,10.1,0,0,4,12,2
8,0,8,14.5,0,0,0,9,9
0,2,0,9.6,0,0,1,2,6
4,3,4,11.6,0,0,0,9,5
21,5,21,11.5,0,0,0,4,5
6,1,6,10.0,0,0,2,21,3
18,3,18,11.1,0,0,0,16,8
18,4,18,24.5,0,0,16,11,3
7,6,7,12.9,0,0,15,6,14
20,6,20,10.1,0,0,2,9,3
12,1,12,15.4,1,0,0,12,8
9,2,9,9.4,0,0,2,5,3
13,1,13,10.1,0,0,4,16,2
10,6,10,9.0,0,0,0,21,0
5,1,5,11.2,0,0,4,21,3
16,5,16,7.8,0,0,0,13,5
4,4,4,10.4,0,0,1,2,6
9,0,9,12.3,0,0,2,7,3
10,4,10,6.5,0,0,27,36,0
7,5,7,8.8,0,0,0,9,14
21,1,21,7.4,0,0,2,5,3
10,3,10,17.7,0,0,0,34,8
17,2,17,19.7,0,0,0,6,14
7,6,7,17.2,0,0,2,29,2
16,3,16,13.4,0,0,0,17,0
21,5,21,8.4,0,0,13,19,13
13,6,13,14.7,0,0,2,110,3
15,2,15,20.6,0,0,18,32,6
15,4,15,18.2,0,0,15,6,3
8,4,8,1.7,0,0,0,8,8
12,5,12,13.6,0,0,2,34,3
13,3,13,22.4,0,0,4,5,2
6,2,6,1.7,0,0,0,7,8
11,4,11,13.0,0,0,2,16,3
6,1,6,3.4,0,0,0,5,8
19,3,19,11.5,0,0,0,25,5
23,5,23,15.8,0,0,16,21,2
0,3,0,17.4,0,0,11,23,14
4,3,4,3.2,0,0,1,2,6
15,2,15,14.4,0,0,16,10,5
23,6,23,10.5,0,0,0,0,14
16,6,16,13.4,0,0,0,21,5
2,0,2,15.8,0,0,7,21,7
21,3,21,9.5,0,0,14,24,9
13,2,13,18.9,0,0,0,32,5
10,4,10,20.9,0,1,2,13,2
0,5,0,11.4,0,0,16,21,5
4,3,4,16.1,0,0,2,5,3
5,6,5,7.9,0,0,0,5,5
11,0,11,12.6,0,0,14,17,13
11,3,11,19.7,0,0,10,7,21
18,2,18,21.3,0,0,4,44,2
15,2,15,14.2,0,0,0,34,5
17,2,17,20.1,0,0,4,38,2
5,6,5,9.3,0,0,0,3,8
10,1,10,11.2,0,0,2,34,3
12,3,12,22.3,0,0,0,5,8
1,6,1,12.4,0,0,0,1,0
11,6,11,12.7,0,0,1,2,1
23,5,23,16.4,0,0,0,20,14
10,4,10,6.5,0,0,2,16,2
14,1,14,17.8,0,0,16,21,8
16,6,16,20.1,0,0,6,9,0
5,0,5,13.3,0,0,2,3,3
5,6,5,14.9,0,0,2,5,3
18,5,18,15.2,0,0,0,33,8
20,1,20,12.6,0,0,2,5,3
9,6,9,13.4,0,0,0,32,8
18,2,18,19.4,0,0,6,9,0
7,6,7,14.5,0,0,7,0,7
5,1,5,13.2,0,0,0,12,8
13,5,13,25.2,0,0,0,5,8
11,5,11,16.8,0,0,4,63,3
16,0,16,24.6,0,0,15,6,3
8,3,8,6.5,0,0,0,53,14
11,5,11,21.9,0,0,0,21,14
22,1,22,21.3,0,1,11,0,12
22,1,22,12.9,0,0,35,43,0
11,0,11,8.8,0,0,0,0,14
20,4,20,22.7,0,0,2,21,3
6,1,6,5.8,0,0,0,8,8
18,4,18,20.1,0,0,2,3,3
10,2,10,16.6,0,0,0,42,5
16,1,16,31.5,0,0,2,3,3
19,2,19,27.1,0,0,0,7,8
13,2,13,26.9,0,1,24,47,22
1,4,1,13.0,0,0,1,2,6
13,5,13,14.9,0,0,0,7,5
6,6,6,18.7,0,0,0,52,5
13,5,13,14.1,0,0,0,54,5
23,3,23,7.1,0,0,0,20,14
21,1,21,11.2,0,0,13,19,13
5,3,5,11.6,0,0,2,10,3
6,4,6,12.2,0,0,4,32,3
8,3,8,8.8,0,0,4,5,3
11,3,11,29.6,0,0,0,33,5
11,6,11,19.4,0,0,0,21,0
9,3,9,6.8,0,0,19,35,19
1,5,1,15.2,0,0,15,6,3
18,3,18,10.6,0,0,0,44,5
13,3,13,10.8,0,0,4,11,2
4,0,4,15.5,0,0,2,4,2
18,6,18,11.9,0,0,18,32,6
5,0,5,14.4,0,0,4,11,3
19,0,19,30.0,0,0,0,8,8
6,6,6,12.8,0,0,6,9,15
11,2,11,24.8,0,1,0,7,8
10,3,10,14.2,0,0,4,8,3
12,1,12,15.7,0,0,2,7,3
12,4,12,17.0,0,0,16,21,8
5,1,5,9.7,0,0,2,9,2
5,3,5,8.6,0,0,0,5,8
6,6,6,12.4,0,0,2,9,2
6,4,6,16.4,0,0,2,9,2
22,0,22,12.3,0,0,14,17,13
4,3,4,3.1,0,0,0,5,8
6,0,6,13.5,0,0,4,32,3
4,3,4,5.4,0,0,4,32,5
13,4,13,26.6,0,0,26,49,13
7,5,7,6.6,0,0,0,16,8
16,0,16,16.6,0,0,2,5,3
12,0,12,19.9,0,0,4,11,2
7,6,7,17.3,0,0,4,6,3
10,0,10,7.2,0,0,0,25,5
14,2,14,14.3,0,0,16,10,5
6,5,6,5.0,0,0,2,4,2
7,4,7,12.0,0,0,2,7,3
4,0,4,5.3,0,0,0,4,8
0,6,0,22.2,0,0,11,23,14
5,2,5,10.2,0,0,4,5,2
16,1,16,30.9,0,0,0,8,5
13,6,13,23.8,0,0,2,36,3
7,1,7,5.2,0,0,0,5,8
5,1,5,13.0,0,0,4,3,5
5,1,5,10.4,0,0,0,4,8
13,4,13,25.1,0,0,2,36,3
15,6,15,11.5,0,0,29,26,10
7,3,7,1.3,0,0,2,3,3
9,3,9,9.6,0,0,18,32,26
23,4,23,12.2,0,0,0,0,0
9,2,9,10.8,0,0,1,2,6
14,3,14,18.1,0,0,7,0,7
6,6,6,8.4,1,2,0,36,5
18,3,18,26.2,0,0,6,9,5
7,0,7,8.0,0,0,4,16,3
16,6,16,26.4,0,0,2,44,3
21,0,21,14.8,0,0,0,9,5
8,1,8,7.5,0,0,4,5,3
6,1,6,16.8,0,0,0,5,8
0,1,0,13.9,0,0,14,17,13
23,0,23,19.3,0,0,0,20,0
13,5,13,14.3,0,0,0,16,8
5,1,5,5.5,0,0,4,5,3
4,4,4,9.2,0,0,0,27,5
5,0,5,8.0,0,0,4,11,2
21,3,21,9.4,0,0,0,9,8
8,2,8,9.7,0,0,0,10,5
12,1,12,19.6,0,0,0,13,8
15,6,15,19.1,0,0,4,78,2
10,0,10,19.6,0,0,2,45,3
5,4,5,15.3,0,0,4,6,3
23,6,23,14.6,0,0,0,9,5
14,5,14,16.6,0,0,2,16,3
7,4,7,7.1,0,0,8,6,9
16,1,16,16.3,0,0,2,8,3
14,5,14,29.3,0,0,0,44,8
18,1,18,28.0,0,0,0,13,8
17,6,17,25.9,0,0,2,16,2
5,1,5,14.6,0,0,2,10,3
21,6,21,9.9,0,0,0,21,8
22,0,22,9.8,0,0,16,21,8
15,1,15,11.6,0,0,0,21,8
12,1,12,24.8,0,0,0,11,8
17,6,17,25.8,0,0,4,12,2
22,6,22,7.9,0,0,3,6,4
17,5,17,18.4,0,0,4,11,2
4,0,4,9.4,0,0,0,11,8
20,3,20,6.1,0,0,0,3,5
4,1,4,9.9,0,0,2,5,3
17,5,17,18.5,0,0,4,11,2
22,5,22,10.9,0,0,11,0,14
13,3,13,22.6,0,0,2,11,2
9,2,9,11.2,0,0,2,7,3
6,1,6,11.9,0,0,0,16,8
16,2,16,20.4,0,0,0,45,5
14,5,14,8.7,0,0,0,44,5
17,6,17,24.1,0,0,2,4,2
23,3,23,9.8,1,2,0,78,8
12,4,12,23.9,0,0,18,32,6
17,4,17,8.3,1,2,4,11,2
1,2,1,11.8,0,0,0,21,5
19,0,19,17.6,0,0,0,5,8
19,5,19,21.2,0,0,16,21,8
17,4,17,14.1,0,0,4,44,5
4,1,4,10.0,0,0,0,11,8
1,3,1,14.6,0,0,1,2,6
10,4,10,17.8,0,0,2,45,3
9,6,9,13.4,0,0,0,43,14
7,5,7,13.5,0,0,15,6,3
14,1,14,12.0,0,0,10,65,11
17,6,17,14.7,0,0,0,106,0
15,4,15,16.8,0,0,0,13,5
14,4,14,18.2,0,0,2,45,3
21,1,21,13.6,0,0,2,9,2
12,2,12,13.5,0,0,0,13,5
19,2,19,12.7,0,0,2,54,2
23,0,23,14.3,0,0,35,43,0
4,0,4,16.0,0,0,2,4,3
12,0,12,13.7,0,0,2,34,3
12,2,12,8.1,0,0,0,8,5
20,6,20,8.5,0,0,2,44,3
7,3,7,11.4,0,0,4,5,2
17,6,17,10.7,0,0,0,32,5
23,6,23,8.0,0,0,18,32,6
6,4,6,7.9,0,0,0,3,5
6,0,6,10.3,0,0,24,47,22
11,0,11,11.7,0,0,0,21,8
14,4,14,21.2,0,0,6,93,5
17,3,17,10.1,0,0,4,5,2
4,2,4,14.8,0,0,0,7,5
14,5,14,15.8,0,0,0,3,8
4,4,4,1.7,0,0,5,9,4
11,2,11,10.9,0,0,2,16,2
14,0,14,23.7,0,0,0,13,5
18,1,18,15.9,0,0,0,13,5
9,2,9,16.1,0,0,0,43,14
17,3,17,12.0,0,0,2,33,3
17,1,17,9.8,0,0,2,8,3
13,2,13,18.2,0,1,2,33,3
11,2,11,15.7,0,0,2,16,2
16,6,16,25.7,0,0,0,11,8
16,5,16,15.8,0,0,0,21,14
18,6,18,14.3,0,0,2,12,3
4,2,4,14.5,0,0,2,4,2
17,1,17,26.1,0,0,10,59,55
2,5,2,24.1,0,0,2,6,3
5,4,5,16.3,0,0,2,11,5
5,0,5,9.9,0,0,0,5,5
21,4,21,12.9,0,0,13,19,13
14,3,14,31.2,0,0,0,32,5
5,6,5,16.9,0,0,0,5,8
20,6,20,13.4,0,0,2,32,3
11,4,11,19.4,0,0,0,7,8
22,4,22,9.1,0,0,18,36,6
20,0,20,13.9,0,0,6,9,5
16,6,16,19.2,0,0,0,44,8
21,4,21,21.0,0,0,0,9,5
1,5,1,17.5,0,0,0,21,5
2,4,2,14.8,0,0,4,9,3
8,1,8,10.7,0,0,2,16,3
12,4,12,13.4,0,0,0,13,8
17,6,17,19.1,0,0,0,12,5
2,1,2,17.7,0,0,1,2,6
19,3,19,9.2,0,0,0,25,5
5,1,5,13.1,0,0,2,3,3
19,0,19,12.3,0,0,2,7,3
5,3,5,7.1,0,0,0,4,8
7,6,7,10.8,0,0,0,36,8
3,0,3,10.0,0,0,1,2,1
8,2,8,11.0,0,0,2,5,3
15,6,15,23.8,0,0,4,8,3
10,1,10,20.4,0,0,0,25,8
18,0,18,22.2,0,0,2,44,3
5,2,5,4.5,0,0,4,12,2
11,3,11,11.2,0,0,16,21,8
5,3,5,8.0,0,0,0,5,8
12,6,12,19.1,0,0,2,30,3
8,2,8,12.5,0,0,4,14,3
10,4,10,19.2,0,0,0,12,5
8,3,8,11.6,0,0,7,36,7
16,5,16,20.2,0,0,0,8,8
20,1,20,13.5,0,0,0,3,8
23,0,23,14.4,0,0,0,25,5
20,6,20,12.9,0,0,0,3,8
11,4,11,13.7,0,0,0,13,5
16,0,16,24.2,0,0,6,9,0
8,6,8,7.9,0,0,2,16,2
18,5,18,32.4,0,0,16,11,5
17,6,17,26.8,0,0,16,11,8
21,0,21,12.8,0,0,0,4,5
16,0,16,14.4,0,0,0,13,8
3,6,3,19.7,0,0,1,2,1
7,3,7,5.5,0,0,0,44,5
7,1,7,9.4,0,0,15,6,14
5,5,5,1.8,0,0,6,9,15
23,4,23,7.3,0,0,0,20,14
9,2,9,11.2,0,0,2,5,3
10,1,10,11.3,0,0,0,21,14
23,0,23,8.5,0,0,0,7,8
10,4,10,18.0,0,0,61,48,65
5,4,5,10.9,0,0,2,11,5
11,1,11,11.9,0,0,4,5,2
14,4,14,15.0,0,0,0,61,8
8,3,8,11.3,0,0,0,11,8
23,3,23,8.4,0,0,0,43,14
12,2,12,10.9,0,0,10,28,16
15,5,15,16.0,0,0,6,93,5
12,0,12,22.5,0,0,2,44,2
12,3,12,25.9,0,0,19,96,64
13,4,13,17.9,0,0,0,44,8
12,6,12,30.2,0,0,0,34,5
14,2,14,19.2,0,0,4,21,2
18,0,18,15.8,0,0,4,32,5
12,2,12,19.6,0,0,0,11,5
21,3,21,20.3,0,0,0,17,0
16,4,16,28.2,0,0,4,7,2
5,1,5,13.7,0,0,4,3,2
4,1,4,9.6,0,0,0,3,5
12,4,12,18.4,0,0,0,8,8
16,0,16,31.7,0,1,2,54,2
22,1,22,5.7,0,0,2,16,3
16,5,16,16.4,0,0,6,9,0
5,5,5,12.0,0,0,4,10,5
5,2,5,13.3,0,0,4,11,5
15,2,15,25.8,0,0,0,9,5
14,3,14,25.1,0,0,2,34,3
5,3,5,13.1,0,0,2,4,3
23,3,23,8.9,0,0,2,21,3
8,1,8,6.3,0,0,2,16,2
9,6,9,14.5,0,0,18,32,6
17,6,17,30.7,0,0,16,21,8
11,1,11,10.4,0,0,0,0,0
2,5,2,10.2,0,0,0,6,0
22,4,22,9.3,0,0,18,36,6
7,5,7,2.9,0,0,2,33,3
18,4,18,15.4,0,0,0,33,8
6,3,6,7.7,0,0,6,9,15
2,5,2,13.8,0,0,0,62,0
19,5,19,17.4,0,0,2,54,3
20,2,20,20.0,0,0,0,25,5
13,2,13,23.6,0,0,16,21,5
20,1,20,13.4,0,0,2,7,2
15,3,15,13.4,0,0,2,44,3
7,6,7,11.2,0,0,7,36,7
8,2,8,11.6,0,0,0,44,5
7,2,7,14.0,0,0,0,13,8
13,4,13,14.4,0,0,7,0,7
16,3,16,27.9,0,0,15,6,3
18,6,18,11.4,0,0,0,13,8
10,2,10,23.6,0,0,0,0,14
4,2,4,4.9,0,0,1,2,6
4,6,4,16.0,0,0,8,0,9
11,3,11,9.2,0,0,0,44,8
18,5,18,7.4,0,0,0,13,8
0,2,0,18.8,0,0,11,23,14
1,5,1,5.5,0,0,1,2,6
7,6,7,3.3,0,0,0,8,8
5,6,5,7.1,0,0,2,3,3
10,1,10,13.3,0,0,2,13,3
1,5,1,15.1,0,0,0,6,14
6,3,6,19.3,0,0,4,12,5
9,4,9,18.4,0,0,18,32,6
5,4,5,12.2,0,0,4,8,3
21,2,21,5.5,0,0,0,4,5
6,3,6,10.7,0,1,0,7,8
14,4,14,16.5,0,0,0,13,8
7,1,7,5.7,0,0,0,7,8
14,1,14,11.1,1,2,0,5,8
15,1,15,13.9,0,0,28,55,0
22,6,22,8.2,0,0,6,9,5
5,2,5,3.1,0,0,0,16,8
10,4,10,19.3,0,0,0,29,5
13,1,13,29.2,0,0,0,21,8
15,0,15,28.8,0,0,2,34,3
20,6,20,22.4,0,0,2,3,3
7,3,7,15.2,0,1,7,0,7
13,0,13,20.9,0,0,0,13,5
1,6,1,17.8,0,0,1,2,6
15,1,15,20.0,0,0,4,3,3
20,6,20,10.8,0,0,0,8,5
5,1,5,12.3,0,0,2,7,3
11,0,11,20.1,0,0,0,3,8
15,2,15,13.7,0,0,0,3,8
16,6,16,25.4,0,0,0,3,5
21,3,21,10.3,0,0,0,9,8
16,5,16,18.2,0,0,2,9,2
23,2,23,9.7,0,0,0,0,0
11,2,11,11.3,0,0,2,34,2
4,3,4,15.4,0,0,0,3,5
9,3,9,14.0,0,0,2,45,3
19,2,19,27.8,0,0,0,3,5
14,6,14,16.0,0,0,18,32,26
13,4,13,17.8,0,0,33,62,0
12,4,12,18.8,0,0,26,49,13
19,1,19,26.7,0,1,9,0,18
10,1,10,15.5,0,0,0,5,8
6,1,6,11.5,0,0,1,2,6
15,2,15,11.9,0,0,4,54,3
11,4,11,23.5,0,0,0,33,5
11,0,11,8.1,0,0,0,8,8
17,3,17,18.0,0,0,0,33,8
15,2,15,12.2,0,0,4,5,2
15,6,15,16.7,0,0,2,54,3
5,2,5,17.0,0,0,1,2,6
5,4,5,11.7,0,0,6,9,5
11,1,11,11.9,0,0,10,80,71
15,1,15,20.3,0,0,4,5,2
21,2,21,10.7,0,0,11,0,14
0,2,0,4.0,0,0,0,0,0
2,1,2,5.2,0,0,15,14,3
8,2,8,9.4,0,0,0,32,5
18,5,18,23.5,0,0,2,5,3
7,0,7,15.4,0,0,17,0,7
15,0,15,15.1,0,0,0,3,8
6,5,6,4.2,0,0,0,5,8
9,3,9,12.7,0,0,0,53,0
18,3,18,27.4,0,0,2,44,3
13,2,13,17.3,0,0,0,33,8
20,6,20,28.0,0,0,0,5,5
1,4,1,15.8,0,0,0,1,0
5,5,5,4.2,0,0,6,9,5
9,6,9,14.4,0,0,0,13,8
19,6,19,30.9,0,0,0,3,5
9,6,9,26.0,0,0,0,21,8
8,1,8,5.9,0,0,18,32,6
15,4,15,30.5,0,1,9,0,18
12,3,12,16.5,0,0,0,8,8
21,0,21,18.9,0,0,0,9,5
6,2,6,6.4,0,0,16,21,3
11,6,11,12.5,0,0,2,16,3
12,4,12,15.1,0,0,0,7,0
20,2,20,11.0,0,0,4,7,2
8,6,8,7.1,0,0,2,16,2
13,2,13,16.7,0,0,0,45,5
13,4,13,17.8,0,0,33,62,0
23,0,23,10.5,0,0,16,21,8
0,5,0,8.4,0,0,1,2,6
20,6,20,23.0,0,0,0,3,8
2,1,2,5.9,0,0,1,2,1
0,4,0,16.4,0,0,14,17,13
14,4,14,18.8,0,0,15,6,3
23,5,23,16.9,0,0,13,19,13
6,5,6,1.4,0,0,0,3,8
20,6,20,19.7,0,0,0,8,8
7,0,7,8.9,0,0,19,7,60
10,3,10,27.7,0,0,10,7,11
20,3,20,27.2,0,0,2,7,3
15,6,15,21.4,0,0,15,6,3
13,3,13,14.3,0,0,2,45,3
7,5,7,8.4,0,0,0,3,8
11,2,11,14.9,0,0,0,8,8
19,0,19,13.1,0,0,2,5,3
10,1,10,9.7,0,0,0,12,5
20,1,20,19.6,0,0,0,4,5
8,0,8,15.4,0,0,0,13,8
20,1,20,10.6,0,0,2,8,3
8,0,8,10.3,0,0,2,33,3
18,3,18,15.3,0,0,2,16,2
2,1,2,12.4,0,0,0,1,0
12,5,12,13.8,0,0,2,16,2
9,1,9,6.9,0,0,4,5,3
5,5,5,4.1,0,0,4,12,3
15,5,15,17.4,0,0,0,11,5
2,4,2,10.2,0,0,1,2,1
16,3,16,13.0,0,0,0,21,14
10,6,10,11.8,0,0,0,13,8
17,2,17,17.7,0,1,0,6,14
15,2,15,20.2,0,1,2,5,3
5,5,5,5.6,0,0,2,5,3
6,6,6,12.5,0,0,0,5,8
17,6,17,10.0,0,0,16,21,8
12,6,12,27.4,0,0,2,16,3
8,3,8,7.7,0,0,17,0,7
7,6,7,6.7,0,0,2,5,3
5,1,5,6.2,0,0,0,4,8
17,2,17,22.1,0,0,4,38,2
5,3,5,19.3,0,0,2,11,5
11,5,11,10.6,0,0,4,63,3
8,6,8,7.4,0,0,0,21,8
23,4,23,20.1,0,0,0,20,14
20,3,20,20.2,0,0,18,32,6
11,5,11,22.0,0,0,0,53,0
18,1,18,3.9,0,0,2,8,3
22,1,22,7.2,0,0,14,17,13
13,0,13,11.1,0,0,18,32,6
16,1,16,22.7,0,0,0,6,14
7,1,7,11.4,0,0,0,33,8
1,5,1,6.5,1,2,4,7,2
6,2,6,9.0,0,0,0,3,8
20,3,20,5.9,0,0,6,9,5
18,3,18,10.2,0,0,0,33,5
2,6,2,13.6,0,0,1,2,1
17,0,17,25.4,0,0,0,8,8
18,0,18,20.6,0,0,2,5,3
15,1,15,25.3,0,0,0,9,8
11,4,11,11.0,0,0,10,13,44
20,6,20,15.6,0,0,0,16,5
13,0,13,20.9,0,0,0,44,8
5,5,5,12.9,0,0,4,11,2
22,2,22,8.4,0,0,0,3,8
17,0,17,28.6,0,0,0,33,5
14,4,14,16.4,0,0,4,44,3
17,4,17,13.5,0,0,4,38,3
5,0,5,11.3,0,0,1,2,6
10,2,10,8.4,0,0,2,45,3
4,5,4,12.5,0,0,2,5,3
20,0,20,13.9,0,0,0,25,5
2,1,2,13.9,0,0,0,62,0
6,1,6,4.3,0,0,0,8,8
4,5,4,12.9,0,0,2,5,3
13,5,13,29.5,0,0,0,32,5
10,0,10,7.1,0,0,10,100,28
9,1,9,16.9,0,1,25,46,0
5,1,5,10.4,0,0,1,2,6
19,0,19,10.9,0,0,0,17,0
10,1,10,15.5,0,0,0,33,8
6,4,6,11.7,0,0,0,9,3
20,1,20,20.1,0,0,9,0,18
18,0,18,23.9,0,0,19,4,60
8,1,8,6.1,0,0,0,32,5
9,6,9,12.4,0,0,0,53,0
4,1,4,10.5,0,0,0,27,5
11,2,11,8.8,0,0,2,30,3
13,1,13,14.2,0,0,0,9,5
5,6,5,13.3,0,0,2,3,2
12,3,12,14.9,0,0,2,45,3
17,3,17,19.5,0,0,0,36,8
4,4,4,12.9,0,0,0,7,5
12,6,12,24.3,0,0,0,34,8
8,6,8,13.4,0,0,0,30,5
8,3,8,4.1,0,0,0,13,8
15,1,15,11.8,1,2,0,13,8
4,2,4,12.0,0,0,0,3,8
10,2,10,19.4,0,0,2,5,3
23,2,23,6.3,0,0,23,41,15
7,4,7,7.3,0,0,2,119,3
13,0,13,26.3,0,0,33,62,0
23,3,23,9.5,0,0,11,0,14
12,5,12,23.5,0,0,0,11,8
8,1,8,5.7,0,0,0,29,5
9,0,9,15.8,0,0,0,9,8
8,3,8,8.7,0,0,0,5,8
23,4,23,7.1,0,0,0,22,0
20,5,20,12.7,0,0,6,9,5
5,1,5,9.7,0,0,0,27,5
12,4,12,12.6,0,0,9,0,10
13,2,13,22.4,0,0,0,61,5
17,3,17,12.3,0,0,7,0,7
4,1,4,8.6,0,0,0,5,8
5,2,5,15.4,0,0,4,38,3
6,3,6,3.0,0,0,0,8,8
1,6,1,4.8,0,0,0,1,0
23,3,23,12.7,0,0,11,23,14
5,6,5,13.5,0,0,1,2,6
20,4,20,20.0,0,0,0,5,8
22,5,22,5.0,0,0,16,21,2
18,3,18,18.7,0,0,4,5,5
16,2,16,20.7,0,0,2,33,3
16,0,16,34.5,0,0,0,44,8
5,6,5,18.1,0,0,2,5,3
5,6,5,9.5,0,0,2,10,3
2,5,2,7.3,1,2,1,2,6
12,1,12,14.6,0,0,0,32,5
15,3,15,13.7,0,0,0,12,5
4,5,4,4.6,0,0,1,2,6
6,5,6,9.0,0,0,9,0,18
8,4,8,4.9,0,0,4,14,3
23,5,23,16.4,0,0,0,43,14
19,6,19,23.8,0,0,0,44,8
23,6,23,15.6,0,0,0,21,8
1,3,1,18.8,0,0,15,6,3
8,2,8,18.4,0,1,0,10,5
6,6,6,13.1,0,0,2,32,3
17,3,17,27.1,0,0,4,7,3
19,4,19,9.6,0,0,2,4,3
11,5,11,15.4,0,0,0,3,8
4,0,4,15.0,0,0,0,7,8
12,3,12,21.2,0,0,0,7,8
5,4,5,9.0,1,2,17,36,7
16,5,16,15.5,0,0,0,17,0
8,2,8,17.8,0,0,0,32,5
15,4,15,27.3,0,0,0,5,8
17,4,17,24.3,0,0,4,11,5
10,5,10,13.7,0,0,2,30,3
5,3,5,8.4,0,0,2,5,3
5,5,5,13.0,0,0,2,5,3
0,5,0,6.5,0,0,1,2,6
2,3,2,10.6,0,0,0,1,0
8,0,8,3.8,0,0,0,9,8
7,0,7,7.7,0,0,0,8,8
21,2,21,7.4,0,0,0,3,8
20,4,20,22.8,0,0,93,59,17
8,0,8,17.2,0,0,2,13,2
22,3,22,10.4,0,0,14,24,9
18,3,18,26.7,0,0,2,12,2
5,1,5,13.0,0,0,2,10,3
4,3,4,2.2,0,0,0,11,8
4,6,4,1.3,0,0,6,9,5
23,5,23,8.4,0,0,2,21,3
17,6,17,25.3,0,0,4,38,3
14,5,14,30.1,0,0,0,29,8
16,3,16,13.8,0,0,0,12,5
3,2,3,9.6,0,0,2,6,3
14,4,14,28.6,0,0,2,54,3
4,0,4,17.4,0,0,0,3,8
5,0,5,16.1,0,0,0,42,5
20,4,20,10.1,0,0,0,3,8
22,1,22,8.8,0,0,0,4,5
13,0,13,15.2,0,0,2,36,3
4,2,4,10.0,0,0,0,3,5
12,2,12,24.8,0,0,18,32,6
2,0,2,2.1,0,0,15,14,3
3,0,3,13.4,0,0,9,0,10
15,2,15,19.7,0,0,0,11,8
6,5,6,3.1,0,0,2,3,3
12,3,12,21.2,0,0,0,11,8
11,0,11,20.4,0,0,0,34,5
15,2,15,19.2,0,0,0,3,8
8,4,8,11.8,0,1,0,3,5
17,6,17,16.7,0,1,16,11,8
15,0,15,27.3,0,0,0,5,8
8,3,8,8.3,0,0,0,54,5
7,0,7,10.8,0,0,0,44,8
22,6,22,14.6,0,0,0,25,8
7,1,7,7.4,0,0,10,63,73
6,2,6,8.6,0,0,0,8,8
6,2,6,4.6,0,0,4,5,2
2,5,2,15.5,0,0,0,62,0
12,5,12,24.5,0,1,26,49,12
20,0,20,13.1,0,0,0,25,5
17,5,17,29.7,0,0,0,7,8
8,4,8,9.2,0,0,0,3,8
17,3,17,13.8,0,0,7,0,7
20,2,20,11.3,0,0,13,19,13
14,1,14,17.2,0,0,4,5,3
11,1,11,15.0,0,2,10,112,36
1,2,1,8.7,0,0,0,1,0
4,5,4,15.1,0,0,0,25,8
4,4,4,11.9,0,0,0,3,5
18,3,18,12.4,0,0,0,33,8
1,1,1,17.2,0,0,15,6,15
19,5,19,8.0,0,0,0,13,8
6,3,6,5.5,0,0,0,8,5
18,0,18,12.2,0,0,0,36,8
16,2,16,16.5,0,0,4,5,2
11,5,11,11.4,0,0,0,44,8
0,0,0,15.2,0,0,23,41,5
22,3,22,19.1,0,0,7,0,7
11,5,11,10.2,0,0,14,17,13
5,3,5,9.7,0,0,0,42,5
8,5,8,12.9,0,0,0,16,8
6,0,6,9.5,0,0,4,3,2
3,0,3,16.5,0,0,5,9,4
14,3,14,9.6,1,2,0,27,5
7,2,7,9.3,0,0,0,7,5
7,1,7,9.6,0,0,0,8,8
12,5,12,28.7,0,1,1,2,6
4,1,4,10.6,0,0,0,5,5
18,2,18,29.6,0,0,0,13,8
12,5,12,12.6,0,0,2,8,3
7,1,7,5.6,0,0,0,8,5
7,1,7,12.8,0,0,4,5,3
11,4,11,13.4,0,0,2,33,2
20,4,20,8.3,0,0,13,19,13
5,5,5,13.7,0,0,2,7,3
15,1,15,21.2,0,0,0,21,8
4,2,4,13.5,0,0,2,4,3
5,5,5,9.7,1,2,2,9,3
21,6,21,16.4,0,0,0,21,8
6,2,6,13.5,0,0,0,3,5
13,2,13,13.9,0,0,4,8,5
18,5,18,27.6,0,0,0,13,5
4,0,4,15.7,0,0,0,16,5
15,0,15,19.2,0,0,0,21,5
9,0,9,8.0,0,0,27,36,0
23,4,23,15.5,0,0,18,36,33
0,3,0,7.5,0,0,0,0,0
7,1,7,8.0,0,0,24,47,23
9,6,9,18.9,0,0,0,9,0
6,0,6,9.6,0,0,2,3,2
17,2,17,12.6,0,0,2,7,3
17,5,17,16.7,0,0,4,32,5
5,6,5,6.7,0,0,16,21,5
4,4,4,13.0,0,0,0,4,8
5,1,5,9.6,0,0,0,7,8
15,3,15,22.6,0,0,0,5,8
4,3,4,9.5,0,0,6,9,5
11,2,11,8.3,0,0,2,16,2
16,2,16,11.4,0,0,0,6,14
12,4,12,11.7,1,2,18,32,33
12,1,12,24.8,0,0,0,13,8
10,5,10,21.7,0,0,0,45,5
10,1,10,7.0,0,0,0,53,14
12,1,12,24.5,0,1,0,25,0
16,1,16,20.7,0,0,0,10,8
13,6,13,11.0,0,0,0,44,8
7,4,7,17.8,0,0,0,44,5
21,6,21,9.2,0,0,0,9,8
11,5,11,10.4,0,0,4,63,3
14,1,14,26.7,0,0,2,5,3
17,0,17,19.5,0,0,0,44,8
10,5,10,9.0,0,0,0,5,8
8,6,8,6.7,0,0,0,9,14
5,6,5,9.1,0,0,1,2,6
17,4,17,20.6,0,0,0,11,8
17,3,17,11.0,0,0,0,13,8
11,1,11,19.3,0,0,2,16,2
4,6,4,5.7,0,0,2,10,3
15,3,15,20.9,0,0,16,110,2
19,0,19,22.7,0,0,0,16,5
8,1,8,9.8,1,0,4,8,3
18,4,18,12.1,0,0,16,21,8
17,2,17,17.8,0,0,0,8,8
10,6,10,11.6,0,0,27,36,0
13,5,13,28.8,0,0,0,3,8
13,1,13,29.9,0,1,22,0,4
6,4,6,7.6,0,0,0,68,5
22,0,22,12.4,0,0,14,17,13
18,2,18,24.5,0,0,6,9,0
0,6,0,18.5,0,0,0,43,14
8,6,8,8.4,0,0,0,10,5
13,3,13,23.6,0,0,0,13,5
22,4,22,6.3,0,0,23,41,15
11,1,11,13.1,0,0,10,44,11
11,3,11,11.9,0,0,2,34,3
23,3,23,18.4,0,0,12,18,7
6,3,6,8.7,0,0,0,12,8
5,1,5,11.2,0,0,0,4,8
20,3,20,10.0,0,0,2,4,3
18,2,18,19.6,0,0,10,5,17
1,0,1,5.6,0,0,0,1,0
14,6,14,12.9,0,0,0,9,8
10,4,10,10.5,0,0,0,21,0
18,5,18,29.5,0,1,0,33,5
20,5,20,13.5,0,0,0,9,5
17,4,17,20.3,0,0,4,78,2
16,6,16,16.2,0,0,0,6,14
17,3,17,13.3,0,0,2,5,3
7,5,7,12.4,0,0,0,4,5
21,6,21,15.4,0,0,0,3,8
6,3,6,8.4,0,0,2,21,2
12,1,12,24.3,0,0,2,16,2
17,0,17,13.8,0,0,0,44,5
4,5,4,9.2,0,0,16,21,8
16,3,16,27.0,0,0,2,44,2
18,3,18,15.5,0,0,9,0,10
0,6,0,6.0,0,0,0,20,0
5,6,5,7.6,0,0,0,11,8
20,5,20,12.2,0,0,2,9,2
1,1,1,22.8,0,0,0,1,0
15,5,15,8.3,0,0,2,44,3
6,6,6,10.7,0,0,6,9,15
8,6,8,7.6,0,0,0,8,5
16,3,16,15.2,0,1,0,16,5
17,5,17,18.7,0,0,2,12,2
16,0,16,15.0,0,0,0,7,8
17,1,17,19.7,0,0,2,7,3
3,2,3,18.5,0,0,21,36,7
22,0,22,8.8,0,0,11,0,12
1,6,1,18.0,0,0,9,0,10
6,4,6,3.8,0,0,16,21,5
13,6,13,15.2,0,0,2,36,3
5,4,5,7.9,0,0,0,7,8
19,5,19,32.3,0,0,2,32,3
18,0,18,15.6,0,0,0,25,8
9,2,9,20.0,0,0,2,13,3
23,5,23,16.2,0,0,0,0,0
6,1,6,8.6,0,0,2,10,3
13,6,13,17.2,0,1,33,62,0
18,5,18,15.4,0,0,18,32,20
9,6,9,12.3,0,0,0,32,5
10,1,10,11.5,0,0,2,16,3
22,2,22,10.5,0,0,0,3,8
16,5,16,16.1,0,0,2,5,3
22,3,22,5.4,0,0,18,32,33
5,2,5,10.6,0,0,2,9,2
15,0,15,33.3,0,0,0,11,5
7,1,7,5.8,0,0,0,44,5
0,3,0,17.0,0,0,11,23,0
18,3,18,11.4,0,0,0,61,8
6,1,6,8.0,0,0,0,29,8
14,5,14,20.5,0,0,0,44,8
18,1,18,16.9,0,0,0,11,8
14,2,14,12.2,0,0,4,21,2
15,2,15,15.4,0,0,0,32,5
20,4,20,14.8,0,0,0,17,0
5,2,5,12.2,0,0,0,16,8
9,4,9,21.8,0,0,0,42,5
12,1,12,17.6,0,0,0,32,5
13,1,13,24.3,0,0,2,36,3
4,5,4,9.3,1,2,1,2,1
7,6,7,6.9,0,0,0,8,8
17,2,17,21.0,0,0,4,38,3
5,2,5,6.7,0,0,4,21,2
7,4,7,12.0,0,0,0,36,8
7,0,7,10.6,0,0,0,29,8
7,6,7,7.0,0,0,0,5,8
15,6,15,20.0,0,0,2,54,3
1,2,1,19.8,0,0,15,6,3
8,4,8,12.6,0,0,0,13,8
14,4,14,15.5,0,0,0,9,8
5,3,5,12.3,0,0,2,7,3
13,1,13,14.4,0,0,0,61,8
8,4,8,11.2,0,0,0,13,5
9,5,9,20.6,0,0,18,32,6
6,0,6,5.5,0,0,4,3,2
5,6,5,8.8,0,0,4,5,2
1,5,1,14.7,0,0,0,6,0
15,3,15,13.4,0,0,7,26,7
14,0,14,14.9,0,0,4,44,3
18,5,18,26.4,0,0,2,32,3
21,2,21,17.9,0,0,0,4,8
20,3,20,9.2,0,0,2,9,2
16,5,16,16.6,0,0,16,21,8
6,0,6,4.6,0,0,15,6,14
6,1,6,11.0,0,0,0,7,8
19,4,19,6.3,0,0,16,11,5
11,5,11,22.9,0,0,2,44,2
6,0,6,6.8,0,0,0,5,8
2,6,2,17.0,0,0,10,5,17
18,3,18,8.0,0,0,0,32,5
5,1,5,16.1,0,0,0,5,8
18,6,18,9.2,0,0,4,38,3
4,4,4,8.2,1,2,10,8,17
15,3,15,13.5,0,0,16,10,5
10,4,10,16.7,0,0,0,25,8
18,5,18,13.6,0,0,0,16,8
6,2,6,9.5,0,0,4,32,3
16,3,16,10.4,0,0,0,6,14
16,2,16,13.7,0,0,0,32,5
12,2,12,14.3,0,0,0,13,5
5,2,5,9.6,0,0,2,9,2
12,0,12,14.4,0,0,1,2,1
22,6,22,7.5,0,0,23,41,15
4,4,4,2.3,0,0,6,9,15
16,2,16,28.5,0,0,4,16,3
8,4,8,0.4,0,0,2,33,3
1,6,1,13.9,0,0,23,41,15
19,6,19,10.7,0,0,2,32,3
11,2,11,8.5,0,0,2,33,3
2,3,2,4.0,0,0,15,14,3
16,3,16,22.8,0,0,4,3,3
12,3,12,14.4,0,0,2,5,2
4,1,4,14.8,0,0,0,4,8
17,4,17,18.8,0,0,9,0,18
4,3,4,17.1,0,0,2,5,3
13,2,13,29.7,0,1,33,62,0
14,2,14,18.8,0,0,2,21,3
20,1,20,10.3,1,2,18,32,6
7,2,7,4.3,0,0,2,33,3
7,0,7,10.3,0,0,0,13,5
11,0,11,24.4,0,0,7,0,7
17,5,17,11.0,0,0,0,13,5
22,6,22,5.4,0,0,0,25,5
13,6,13,10.9,0,0,2,36,3
12,1,12,18.5,0,2,1,2,1
0,6,0,14.8,0,0,11,23,14
20,3,20,21.4,0,1,10,59,55
6,4,6,0.6,0,0,2,5,3
0,5,0,14.6,0,0,2,21,3
23,5,23,6.5,0,0,2,21,3
4,3,4,3.2,0,0,2,11,2
1,6,1,13.7,0,0,7,0,7
9,0,9,6.0,0,0,17,0,7
8,5,8,3.2,0,0,16,21,8
6,5,6,5.0,0,0,2,21,2
5,2,5,13.3,0,0,4,38,3
8,2,8,11.1,0,0,0,53,14
23,4,23,16.8,0,0,0,20,14
23,5,23,11.0,0,0,0,22,14
1,2,1,5.9,0,0,6,9,7
8,4,8,8.5,0,0,0,3,8
15,3,15,13.7,0,0,0,3,8
10,5,10,9.0,0,0,0,54,5
8,6,8,21.5,0,0,0,44,5
17,3,17,16.0,0,0,0,11,8
11,2,11,14.4,0,0,14,17,13
12,5,12,18.5,0,0,0,25,8
9,6,9,10.0,0,0,0,5,8
23,1,23,13.1,0,0,18,32,6
13,3,13,17.2,0,0,2,13,3
5,0,5,6.8,0,0,1,2,6
0,3,0,10.9,0,0,0,43,14
22,3,22,18.4,0,0,0,0,0
16,0,16,30.3,0,0,0,3,8
12,1,12,27.1,0,1,26,49,12
8,5,8,8.9,0,0,0,15,8
12,0,12,21.2,0,0,7,0,7
17,6,17,21.0,0,0,2,8,3
1,6,1,15.9,0,0,16,21,8
5,3,5,14.8,0,0,0,5,5
16,1,16,31.6,0,0,0,3,8
13,3,13,17.1,0,0,2,34,2
1,4,1,6.7,0,0,1,2,6
22,5,22,21.4,0,1,12,18,7
19,6,19,16.6,0,0,2,5,3
0,5,0,3.7,0,0,0,21,8
12,1,12,15.4,0,0,0,11,8
11,5,11,8.3,0,0,0,5,8
5,4,5,16.3,0,0,4,7,2
8,4,8,12.1,0,0,4,14,3
23,1,23,12.8,0,0,16,21,5
17,6,17,10.8,0,0,4,8,3
23,0,23,19.5,0,0,14,24,9
6,5,6,10.6,0,0,4,7,3
6,3,6,8.7,0,0,4,7,2
22,0,22,16.9,0,0,7,36,7
1,0,1,17.0,0,0,1,2,6
2,4,2,8.0,0,0,8,0,9
9,2,9,8.0,0,0,2,5,2
11,1,11,19.7,0,0,0,34,5
5,4,5,14.5,0,0,1,2,6
12,1,12,9.7,0,0,2,61,2
5,3,5,9.8,0,0,0,9,5
6,5,6,3.7,0,0,0,16,8
7,0,7,7.6,0,0,0,13,5
3,4,3,16.2,0,0,7,68,7
11,2,11,15.0,0,0,0,21,0
5,1,5,10.3,0,0,2,11,2
20,2,20,20.3,0,0,2,21,3
5,6,5,13.5,0,0,0,7,8
18,1,18,28.4,0,0,2,7,3
9,2,9,11.9,0,0,2,34,3
19,3,19,8.9,1,2,24,3,23
14,1,14,12.0,0,0,0,30,5
20,1,20,14.3,0,0,0,17,0
10,6,10,18.3,0,0,19,11,64
22,1,22,16.7,0,1,2,21,3
5,1,5,10.3,0,0,2,3,2
19,4,19,15.3,0,0,4,7,5
17,2,17,9.9,0,0,0,54,5
13,1,13,16.7,0,0,2,12,3
5,4,5,8.0,0,0,0,36,8
22,5,22,16.8,0,0,4,5,3
10,2,10,12.2,0,0,27,36,0
9,2,9,5.9,0,0,0,32,5
21,3,21,19.9,0,0,0,3,5
4,2,4,13.4,0,0,2,5,3
23,1,23,8.3,0,0,0,43,14
8,5,8,17.7,0,0,2,3,2
8,5,8,6.0,0,0,0,44,5
23,6,23,22.1,0,0,35,43,0
12,0,12,14.7,0,0,2,16,2
6,6,6,2.3,0,0,0,8,8
21,5,21,22.8,0,0,25,46,14
10,0,10,7.4,0,0,0,21,0
9,6,9,8.6,0,0,0,3,8
16,2,16,18.5,0,0,2,44,2
11,6,11,13.2,0,0,2,34,3
4,4,4,4.8,0,0,0,25,8
9,4,9,6.4,1,2,4,8,3
20,0,20,16.1,0,0,0,36,5
8,2,8,12.8,0,0,4,14,3
5,1,5,10.2,0,0,0,42,5
15,6,15,29.1,0,0,9,0,18
20,3,20,20.8,0,0,18,32,6
20,6,20,15.7,0,0,4,7,2
7,3,7,11.1,0,0,15,6,3
15,5,15,24.3,0,0,16,10,5
5,2,5,8.2,0,0,4,12,2
8,2,8,9.0,0,0,2,16,3
16,2,16,18.2,0,0,0,5,8
21,5,21,11.6,0,0,0,9,5
11,0,11,26.8,0,0,2,16,2
15,2,15,19.4,0,0,0,78,8
8,1,8,9.7,0,0,2,5,3
6,2,6,15.2,0,0,0,45,5
22,0,22,10.2,0,0,11,0,14
8,1,8,5.7,0,0,0,53,14
5,0,5,12.5,0,0,4,12,2
11,6,11,13.7,0,0,2,45,3
14,3,14,19.6,0,0,0,13,5
8,1,8,8.5,0,0,4,5,3
4,4,4,12.4,0,0,0,7,5
0,1,0,14.3,0,0,16,21,3
11,0,11,14.1,0,0,0,16,8
17,4,17,14.3,0,0,2,8,3
7,1,7,6.1,0,0,0,3,8
0,3,0,15.7,0,0,0,6,14
5,5,5,9.0,0,0,0,52,5
14,2,14,18.8,0,0,0,9,5
16,4,16,15.9,0,0,0,13,8
1,3,1,15.7,0,0,0,6,9
7,0,7,17.2,0,0,0,8,8
0,2,0,9.6,0,0,0,21,5
14,1,14,20.0,0,0,0,44,5
2,6,2,14.7,0,0,11,23,14
1,0,1,17.4,0,0,3,6,4
12,1,12,15.7,0,0,2,13,2
7,5,7,13.4,0,0,0,13,5
2,2,2,10.8,0,0,1,2,1
11,6,11,13.9,0,0,2,34,3
9,2,9,21.7,0,0,2,45,3
7,2,7,3.8,0,0,4,7,3
0,2,0,8.5,0,0,0,21,5
13,4,13,25.2,0,0,0,30,5
22,4,22,12.7,0,0,23,41,5
0,3,0,2.4,0,0,0,6,14
22,2,22,11.2,0,0,23,41,15
17,6,17,26.0,0,0,0,33,8
5,0,5,4.4,0,0,2,5,3
7,3,7,6.0,0,0,0,52,5
5,5,5,2.9,0,0,2,3,3
7,3,7,10.9,0,0,0,7,8
16,6,16,17.3,0,0,0,0,14
15,2,15,20.0,0,0,0,34,5
8,5,8,1.2,0,0,10,8,11
8,0,8,8.5,0,0,17,0,7
1,3,1,14.8,0,0,0,1,0
16,3,16,20.0,0,0,24,47,30
17,4,17,31.3,0,0,0,21,0
5,0,5,9.1,0,0,2,11,2
10,2,10,18.1,0,0,0,53,0
16,4,16,18.7,0,0,2,33,3
11,0,11,18.8,0,0,2,30,3
1,2,1,11.9,0,0,4,6,3
17,6,17,19.9,0,0,0,17,0
18,5,18,15.3,0,0,4,8,5
17,1,17,15.3,0,0,2,44,2
4,2,4,10.0,0,0,0,25,8
13,5,13,29.3,0,0,14,17,13
23,3,23,18.3,0,0,18,32,6
22,5,22,5.0,0,0,14,17,13
10,1,10,9.7,0,0,4,8,5
5,1,5,5.3,0,0,16,21,8
16,3,16,27.2,0,0,28,55,0
20,2,20,10.0,0,0,6,9,5
14,1,14,26.6,0,0,0,5,8
9,5,9,8.8,0,0,0,8,8
5,4,5,13.2,0,0,2,4,3
7,0,7,8.8,0,0,6,9,5
4,4,4,4.5,0,0,0,5,5
14,5,14,30.4,0,0,2,58,3
18,4,18,12.6,0,0,4,7,5
7,5,7,13.9,0,0,0,30,5
8,4,8,1.6,0,0,0,13,5
5,6,5,15.8,0,0,7,21,7
5,2,5,17.2,0,0,4,38,3
1,1,1,13.0,0,0,1,2,6
23,3,23,12.3,0,0,0,0,0
2,5,2,17.5,0,0,0,62,0
16,5,16,22.1,0,0,0,32,5
13,3,13,24.1,0,0,10,48,37
15,0,15,18.7,0,0,0,44,8
14,2,14,14.6,0,0,2,7,3
10,2,10,10.8,0,0,2,7,3
16,6,16,13.3,0,0,0,34,5
7,1,7,14.5,0,0,4,7,3
14,5,14,20.3,0,0,16,21,8
12,4,12,11.1,1,2,6,9,5
9,2,9,12.0,0,0,0,45,5
8,6,8,16.4,0,0,0,9,0
6,0,6,11.5,0,0,2,25,2
7,5,7,14.8,0,0,0,13,8
14,2,14,23.3,0,0,0,7,8
17,0,17,25.4,0,0,4,38,3
4,2,4,8.4,0,0,0,16,8
4,1,4,1.4,0,0,0,7,5
4,3,4,9.6,0,0,2,5,3
16,3,16,17.7,0,0,0,3,8
9,2,9,15.8,0,0,0,25,8
4,3,4,14.2,0,0,80,26,7
20,0,20,8.4,0,0,2,3,2
19,3,19,23.4,0,0,0,32,5
14,5,14,27.7,0,0,0,13,5
8,2,8,8.3,0,0,0,9,8
8,4,8,13.4,0,0,0,5,5
4,4,4,8.8,0,0,2,10,3
5,4,5,16.9,0,0,0,25,8
22,2,22,11.1,1,2,0,5,8
16,3,16,13.2,0,0,0,3,8
7,5,7,12.1,0,0,0,3,8
4,0,4,16.4,0,0,0,3,5
16,1,16,20.7,0,0,16,21,2
17,1,17,13.5,0,0,0,7,8
23,0,23,16.6,0,0,16,21,2
2,0,2,17.1,0,0,16,21,8
21,5,21,19.3,1,0,23,41,15
22,6,22,8.0,0,0,0,3,8
7,0,7,4.7,0,0,4,3,2
11,3,11,19.9,0,0,0,7,8
6,0,6,3.3,0,0,0,8,5
9,0,9,13.3,0,0,10,103,73
14,0,14,15.7,0,0,4,21,2
0,5,0,18.9,0,0,3,56,4
19,2,19,9.7,0,0,0,7,8
1,6,1,17.9,0,0,1,2,6
10,1,10,11.1,0,0,0,12,5
16,3,16,28.1,0,0,28,55,0
19,6,19,13.1,0,0,2,32,3
8,0,8,17.6,0,0,9,0,18
7,2,7,10.7,0,0,0,33,8
5,4,5,15.5,0,0,6,9,5
6,6,6,5.0,0,0,4,5,3
8,5,8,13.1,0,0,0,33,5
5,6,5,16.2,0,0,2,11,3
8,2,8,12.7,0,0,4,5,5
12,3,12,11.7,0,0,10,100,28
23,1,23,13.2,0,0,17,0,7
18,0,18,17.7,0,0,16,11,8
9,2,9,13.4,0,0,16,21,8
4,0,4,4.5,0,0,1,2,6
20,0,20,19.1,0,0,4,8,3
6,2,6,3.0,0,0,2,3,3
19,4,19,8.0,1,2,4,54,3
6,5,6,6.3,0,0,0,3,8
23,2,23,19.8,0,0,18,32,26
17,2,17,20.5,0,0,0,8,5
2,5,2,13.6,0,0,16,21,8
11,3,11,21.7,0,0,4,16,3
10,1,10,9.7,0,0,10,35,71
20,2,20,4.9,0,0,0,4,8
5,3,5,14.8,0,0,2,8,3
6,3,6,7.3,0,0,0,52,5
13,4,13,16.6,0,0,26,49,13
8,1,8,7.3,0,0,0,54,8
4,1,4,5.8,0,0,2,4,3
11,2,11,13.0,0,0,16,21,8
5,4,5,0.6,0,0,4,5,3
12,3,12,21.1,0,0,10,42,73
9,6,9,12.7,0,0,10,51,17
19,5,19,27.2,0,0,2,7,3
21,2,21,10.5,0,0,2,8,3
8,0,8,13.6,0,1,0,10,5
9,2,9,18.1,0,0,6,9,5
17,6,17,15.2,0,0,0,17,0
13,3,13,24.3,0,0,26,49,13
17,2,17,11.3,0,0,4,44,5
5,4,5,12.8,0,0,6,9,5
20,6,20,19.5,0,0,0,7,8
5,4,5,12.9,0,0,4,3,3
6,2,6,8.1,0,0,2,7,2
5,3,5,5.2,0,0,0,52,5
0,2,0,19.4,0,0,0,22,0
16,0,16,18.2,0,0,0,6,14
5,3,5,8.3,0,0,0,5,8
16,5,16,18.2,0,0,2,9,3
0,6,0,4.2,0,0,0,6,5
6,0,6,3.4,0,0,0,4,5
5,1,5,12.4,0,0,7,14,7
10,5,10,23.0,0,0,0,25,5
0,3,0,18.0,0,0,9,0,18
20,6,20,13.4,0,0,0,36,8
20,6,20,7.5,0,0,0,4,8
5,4,5,12.6,0,0,4,10,2
14,3,14,26.3,0,0,19,35,44
6,3,6,8.7,0,0,2,7,3
5,3,5,7.4,0,0,2,9,2
5,3,5,16.4,0,0,4,7,5
10,4,10,17.9,0,0,0,12,8
5,6,5,6.4,0,0,0,11,8
18,5,18,13.9,0,0,0,33,8
6,0,6,17.1,0,0,0,8,8
10,2,10,20.3,0,1,0,44,5
16,6,16,19.0,0,0,4,32,5
12,4,12,11.4,1,2,16,110,2
20,1,20,23.4,0,1,4,8,3
15,4,15,13.4,0,0,0,78,5
8,2,8,9.8,0,0,0,9,5
5,2,5,14.2,0,0,4,12,3
5,1,5,9.2,0,0,2,3,3
10,0,10,13.3,1,0,44,48,58
10,0,10,14.2,0,0,0,16,8
15,6,15,29.3,0,0,15,6,3
21,0,21,19.9,0,0,0,17,0
1,5,1,14.6,0,0,15,6,3
15,4,15,21.3,0,0,28,55,0
15,2,15,21.1,0,0,4,5,2
4,2,4,13.0,0,0,0,7,8
8,0,8,5.8,0,0,18,32,6
5,1,5,5.5,0,0,2,5,3
20,1,20,18.7,0,0,0,4,8
0,4,0,6.2,0,0,0,1,0
14,1,14,25.5,0,0,2,58,3
9,2,9,10.4,0,0,0,32,5
12,0,12,17.1,0,0,0,5,8
7,5,7,16.4,0,0,0,16,8
17,1,17,17.0,0,0,16,11,8
6,4,6,4.5,0,0,0,7,5
5,4,5,5.8,0,0,0,7,8
14,5,14,25.8,0,0,16,110,2
14,4,14,11.3,0,0,4,7,2
9,6,9,20.1,0,0,0,53,0
20,4,20,23.2,0,0,2,21,3
6,1,6,6.3,0,0,0,3,8
11,6,11,26.0,0,0,0,8,8
12,3,12,12.3,0,0,0,5,8
19,1,19,22.6,0,0,0,44,5
0,2,0,22.1,0,0,2,21,3
19,4,19,9.4,0,0,0,8,5
16,6,16,25.5,0,0,18,32,26
6,2,6,12.9,0,0,2,7,3
9,5,9,9.5,0,0,0,15,8
16,3,16,28.8,0,0,10,129,17
0,6,0,12.8,0,0,1,2,6
1,6,1,9.0,0,0,16,21,8
10,4,10,22.9,0,0,0,29,8
1,3,1,17.9,0,0,1,2,6
8,1,8,14.0,0,0,0,9,14
8,6,8,12.1,0,0,2,13,3
13,5,13,28.5,0,0,14,17,13
17,4,17,25.7,0,0,0,21,0
13,0,13,11.7,0,0,4,7,3
5,1,5,4.6,0,0,2,5,3
13,2,13,8.3,0,0,0,61,8
2,0,2,19.5,0,0,1,2,6
4,0,4,12.1,0,0,0,7,8
8,2,8,21.3,0,1,17,0,7
6,5,6,11.3,0,0,4,11,2
13,5,13,14.7,0,0,2,3,2
1,0,1,11.5,0,0,1,2,6
6,2,6,6.3,0,0,0,5,8
6,0,6,11.3,0,0,4,3,2
6,0,6,0.6,0,0,4,7,2
18,6,18,11.6,0,0,2,110,3
16,2,16,22.1,0,0,15,6,3
4,0,4,15.9,0,0,0,3,8
19,0,19,14.8,0,0,0,8,8
15,0,15,30.8,0,0,2,45,3
15,5,15,20.2,0,0,0,13,8
8,3,8,11.3,0,0,2,3,3
5,2,5,3.3,0,0,2,7,2
7,4,7,3.6,0,0,0,8,8
6,0,6,13.4,0,0,0,3,8
8,6,8,4.1,0,0,0,21,8
1,1,1,10.1,0,0,0,1,0
17,4,17,7.2,0,0,4,78,5
15,2,15,14.9,0,0,0,32,5
17,1,17,17.2,0,0,0,15,8
8,0,8,3.6,0,0,4,14,3
13,1,13,20.0,0,0,2,36,3
4,1,4,5.0,0,0,2,10,3
10,2,10,10.5,0,0,27,36,0
8,4,8,13.7,0,0,0,54,8
21,2,21,12.0,0,0,6,9,5
13,3,13,23.2,0,0,0,9,5
11,5,11,26.1,0,0,0,16,5
5,2,5,10.2,0,0,0,7,8
17,5,17,18.9,0,0,4,5,2
9,5,9,21.1,0,0,0,44,5
19,0,19,23.3,0,0,16,21,2
11,3,11,22.9,0,0,10,44,11
4,6,4,14.3,0,0,0,3,5
8,0,8,15.6,0,0,0,10,5
12,3,12,22.1,0,0,22,56,4
17,6,17,33.0,0,0,16,11,5
16,6,16,29.8,0,0,7,36,7
7,4,7,9.8,0,0,2,32,3
7,5,7,3.3,0,0,0,3,5
17,4,17,18.1,0,0,0,36,8
16,6,16,16.9,0,0,0,8,8
5,0,5,17.0,0,0,2,7,2
10,3,10,8.5,0,0,2,13,3
10,5,10,22.4,0,0,0,25,8
4,2,4,12.0,0,0,0,7,5
10,3,10,20.8,0,0,0,45,5
15,0,15,25.0,0,0,0,33,8
23,3,23,12.7,0,0,18,32,6
17,0,17,18.3,0,1,0,54,5
8,4,8,13.3,0,0,0,10,5
14,1,14,11.8,0,0,15,6,3
14,6,14,21.1,0,0,18,54,20
9,6,9,13.4,0,0,0,32,5
14,0,14,31.3,0,0,2,29,3
14,1,14,26.0,0,0,2,12,3
18,2,18,10.6,0,0,0,3,8
7,4,7,11.1,0,0,0,45,5
23,0,23,15.6,0,0,11,0,14
17,3,17,11.1,0,0,0,61,5
7,3,7,5.4,0,0,0,13,8
0,3,0,16.6,0,0,10,8,11
6,4,6,17.7,0,0,0,52,5
6,5,6,12.6,0,0,0,52,5
20,6,20,16.3,0,0,18,32,6
7,5,7,4.4,0,0,4,7,3
12,6,12,13.7,0,0,2,44,3
1,5,1,19.4,0,0,15,6,3
17,4,17,26.0,0,0,16,21,2
19,4,19,15.3,0,0,16,11,5
8,6,8,8.4,0,0,0,54,5
5,4,5,10.7,0,0,0,11,8
19,5,19,15.4,0,0,2,32,3
13,1,13,20.0,0,0,2,61,3
17,1,17,18.8,0,0,0,3,8
17,4,17,16.9,0,0,0,11,8
19,4,19,10.5,0,0,2,32,3
5,1,5,11.3,0,0,0,27,5
16,0,16,26.2,0,0,0,12,8
6,0,6,11.9,0,0,2,16,3
12,4,12,18.3,0,0,0,32,5
15,1,15,32.3,0,0,7,0,7
4,5,4,4.8,0,0,0,4,8
15,0,15,31.1,0,0,0,44,5
16,1,16,19.6,0,0,0,5,8
0,4,0,10.9,0,0,1,2,6
14,0,14,22.5,0,0,7,0,7
17,1,17,11.6,0,0,4,11,2
14,1,14,29.7,0,1,18,32,6
4,1,4,8.3,0,0,2,5,3
14,3,14,27.1,0,0,2,34,3
17,4,17,11.7,0,0,0,21,8
8,1,8,20.0,0,0,0,33,8
16,3,16,26.9,0,0,0,6,14
7,2,7,9.2,1,0,0,8,8
2,5,2,9.0,0,0,1,2,1
9,1,9,25.0,0,0,2,45,3
4,1,4,5.5,0,0,2,8,3
22,3,22,19.3,0,1,12,18,7
12,4,12,11.1,0,0,0,11,8
13,3,13,9.6,0,0,4,8,3
6,0,6,8.4,0,0,0,9,5
9,3,9,5.4,0,0,2,7,3
16,2,16,13.7,0,0,4,44,2
16,6,16,11.2,0,0,0,32,5
11,5,11,15.5,0,0,0,25,8
5,2,5,4.6,0,0,0,7,8
11,2,11,14.8,0,0,0,13,8
11,6,11,13.4,0,0,0,66,14
19,3,19,12.9,0,0,2,33,3
5,2,5,13.8,0,0,4,9,2
22,2,22,17.3,0,0,4,8,3
6,3,6,12.8,0,0,2,9,2
5,3,5,10.0,0,0,4,10,3
15,2,15,13.8,0,0,2,3,2
6,1,6,13.0,0,0,0,8,5
12,2,12,9.1,0,0,0,3,8
6,2,6,9.0,0,0,4,5,3
15,6,15,24.8,0,0,0,9,8
13,0,13,14.9,0,0,2,33,2
6,2,6,4.1,0,0,19,5,19
6,1,6,16.4,0,0,4,5,2
23,2,23,4.4,0,0,0,3,8
23,6,23,16.5,0,0,0,25,8
8,1,8,9.3,0,0,0,53,14
22,4,22,17.9,0,0,6,9,5
21,6,21,18.0,0,0,16,21,8
23,3,23,4.2,0,0,0,43,14
6,2,6,8.6,0,0,0,3,8
14,1,14,25.9,0,0,2,33,3
15,6,15,19.5,0,0,28,55,0
6,5,6,10.7,0,0,4,12,2
9,6,9,11.3,0,0,10,25,11
15,6,15,17.2,0,0,16,10,5
6,4,6,9.2,0,0,0,3,5
22,2,22,9.4,0,0,16,21,2
18,2,18,12.2,0,0,16,11,5
15,2,15,11.5,0,0,2,3,3
17,5,17,28.1,0,0,9,0,10
6,3,6,13.5,0,0,4,50,3
8,3,8,3.1,0,0,2,16,2
5,5,5,11.9,0,0,0,12,8
16,5,16,16.2,0,0,0,3,5
23,3,23,11.3,0,0,23,41,15
4,2,4,12.1,0,0,2,7,3
15,6,15,20.2,0,0,16,21,8
11,3,11,8.8,0,0,0,44,8
21,0,21,17.5,0,0,0,3,8
7,1,7,5.4,0,0,0,5,8
7,3,7,6.1,0,0,2,16,3
16,1,16,13.6,0,0,0,78,8
10,6,10,17.2,0,0,0,57,14
12,5,12,24.9,0,0,4,63,3
10,2,10,19.0,0,0,0,21,0
18,1,18,12.2,0,0,16,21,8
10,3,10,13.4,0,0,0,0,14
13,6,13,12.7,0,0,0,9,5
1,1,1,13.0,0,0,0,6,0
9,2,9,5.5,0,0,18,32,6
13,2,13,25.3,0,1,0,33,8
0,0,0,17.6,0,0,0,6,14
6,0,6,13.1,0,0,24,28,30
10,3,10,11.3,0,0,0,25,8
7,6,7,9.4,0,0,2,8,3
4,2,4,14.9,0,0,0,1,0
6,3,6,2.8,0,0,0,8,8
16,1,16,16.3,0,0,4,3,2
11,4,11,12.5,0,0,0,7,8
5,4,5,8.8,0,0,2,7,2
23,6,23,14.5,0,0,18,32,6
1,0,1,17.9,0,0,13,19,13
15,5,15,22.2,0,0,0,7,5
16,2,16,18.1,0,0,2,44,3
15,6,15,19.2,0,0,0,9,8
15,6,15,25.3,0,0,7,0,7
16,4,16,11.9,0,0,0,15,5
16,6,16,16.2,0,0,4,7,5
13,6,13,24.9,0,0,33,62,0
17,0,17,16.8,0,0,6,9,0
0,4,0,18.0,0,0,0,6,14
18,6,18,25.8,0,0,0,5,8
7,6,7,3.2,0,0,0,3,8
11,4,11,18.1,0,0,0,0,0
11,2,11,13.0,0,0,0,13,8
4,4,4,14.0,0,0,0,25,8
8,1,8,3.2,0,0,0,53,0
5,1,5,8.8,0,0,0,27,5
8,2,8,5.7,0,0,4,13,3
14,1,14,17.8,0,0,0,9,8
14,4,14,12.7,0,0,4,16,3
19,0,19,24.5,0,0,2,16,3
14,1,14,27.3,0,0,0,44,5
3,2,3,10.9,0,0,2,6,3
13,0,13,17.9,0,0,0,13,5
16,3,16,27.7,0,0,0,21,5
16,6,16,24.7,0,0,0,32,5
16,0,16,21.4,0,0,4,50,2
14,5,14,17.2,0,0,0,44,8
17,2,17,13.6,0,0,2,44,3
18,2,18,21.1,0,0,2,4,2
9,0,9,6.3,0,0,4,5,3
16,6,16,16.8,0,0,0,44,5
5,1,5,10.2,0,0,10,41,34
21,3,21,5.8,0,0,14,24,9
5,5,5,20.6,0,0,0,25,5
16,3,16,24.7,0,0,2,4,3
15,4,15,18.8,0,0,2,13,3
14,1,14,19.5,0,0,0,11,8
17,5,17,14.8,0,0,0,32,5
17,5,17,24.4,0,0,2,12,2
13,0,13,15.3,0,0,4,5,3
11,2,11,10.8,0,0,1,2,1
8,5,8,15.4,0,0,0,10,5
5,2,5,9.5,0,0,0,4,5
16,0,16,23.0,0,0,4,5,3
20,2,20,10.5,0,0,0,7,5
13,0,13,15.8,0,0,18,32,33
16,5,16,28.7,0,0,0,78,8
23,5,23,14.7,0,0,13,19,13
5,4,5,11.9,0,0,2,11,2
5,2,5,12.3,0,0,2,3,3
0,5,0,7.7,0,0,1,2,6
9,4,9,13.6,0,0,0,21,8
5,0,5,15.3,0,0,4,12,3
6,3,6,7.2,0,0,15,6,3
5,2,5,11.9,0,0,6,9,5
11,4,11,10.2,0,0,0,21,8
1,0,1,9.6,0,0,16,21,8
16,3,16,12.7,0,0,0,7,8
12,5,12,16.5,0,0,0,36,8
14,5,14,26.9,0,0,0,5,8
8,3,8,9.4,0,0,0,13,8
23,3,23,17.5,0,0,0,9,8
15,2,15,21.7,0,0,16,10,5
1,2,1,12.0,0,0,1,2,6
15,6,15,20.7,0,0,0,5,8
17,3,17,28.2,0,0,4,7,3
5,5,5,14.7,0,0,4,6,3
19,2,19,13.1,0,0,4,7,5
4,5,4,0.4,0,0,1,2,6
14,2,14,22.9,0,0,2,3,2
15,5,15,31.5,0,0,0,9,5
17,2,17,10.9,0,0,16,11,5
9,1,9,10.9,0,0,10,13,75
14,3,14,12.3,0,0,18,32,6
12,5,12,22.8,0,0,4,63,3
12,2,12,15.1,0,0,2,3,3
10,5,10,9.3,0,0,2,13,3
18,4,18,29.6,0,0,16,21,8
14,1,14,19.6,0,0,7,14,7
20,6,20,9.7,0,0,17,2,7
20,3,20,11.7,0,0,16,21,2
21,0,21,15.1,0,0,13,19,13
7,5,7,7.0,0,0,0,8,8
6,0,6,8.1,0,0,0,8,8
7,1,7,9.0,0,0,24,47,23
7,2,7,5.6,0,0,0,9,14
2,1,2,6.6,0,0,6,9,5
4,2,4,4.1,0,0,0,3,8
15,0,15,10.1,0,0,0,11,8
18,3,18,17.0,0,0,4,8,3
14,2,14,20.7,0,0,0,29,5
15,1,15,15.6,0,0,16,21,3
8,5,8,15.5,0,0,15,6,14
14,1,14,19.4,0,0,0,33,5
23,5,23,21.4,1,0,0,7,8
0,3,0,5.7,0,0,15,6,3
9,1,9,12.4,0,0,4,3,2
18,1,18,11.3,0,0,16,11,8
17,2,17,31.0,0,0,0,25,5
13,2,13,15.3,0,0,0,33,5
1,0,1,16.9,0,0,1,2,6
22,4,22,8.4,0,0,2,8,2
4,6,4,16.9,0,0,2,3,3
10,2,10,12.2,0,0,0,25,8
14,3,14,25.1,0,0,2,12,3
12,1,12,16.7,0,0,0,7,8
7,4,7,8.6,0,0,0,8,8
17,2,17,12.2,0,0,0,7,8
17,5,17,31.6,0,0,4,38,3
17,5,17,17.2,0,0,0,32,5
7,2,7,3.4,0,0,0,13,5
17,6,17,18.3,0,0,0,13,8
17,2,17,21.4,0,0,2,13,2
8,3,8,20.1,0,0,0,44,5
8,2,8,3.7,0,0,0,9,5
7,0,7,10.9,0,0,2,33,3
16,3,16,22.8,0,0,0,11,8
18,5,18,27.0,0,0,0,32,5
12,0,12,18.5,0,0,0,9,8
5,6,5,18.0,0,0,0,11,5
4,1,4,10.9,0,0,0,4,8
12,1,12,9.2,0,0,2,34,3
9,3,9,8.4,0,0,0,32,5
14,5,14,18.6,0,0,0,29,8
4,3,4,11.6,0,0,8,90,9
16,6,16,11.1,0,0,10,74,44
10,1,10,19.7,0,0,2,34,3
5,6,5,0.6,0,0,0,25,8
8,1,8,5.3,0,0,0,8,5
19,1,19,22.6,0,1,0,3,8
10,1,10,13.2,0,0,2,34,3
14,0,14,19.1,0,0,16,21,8
16,3,16,29.0,0,0,0,6,9
6,1,6,4.2,0,0,15,6,14
4,5,4,16.3,0,0,0,25,5
0,0,0,7.8,0,2,0,6,14
7,1,7,10.9,0,0,0,8,5
13,6,13,18.2,0,0,2,36,3
9,3,9,14.4,0,0,0,9,5
5,6,5,17.5,0,0,0,3,8
6,5,6,7.0,0,0,2,32,3
18,0,18,7.7,0,0,4,32,5
7,4,7,11.2,0,0,15,6,3
5,0,5,15.1,0,0,4,10,2
15,1,15,11.8,1,2,0,8,8
17,2,17,14.0,0,0,2,44,3
19,5,19,12.7,0,0,0,17,0
15,4,15,15.7,0,0,28,55,0
18,0,18,31.3,0,0,6,9,0
1,3,1,14.6,0,0,1,2,6
18,1,18,9.9,1,2,0,12,5
5,3,5,7.8,0,0,4,10,3
20,5,20,9.6,0,0,0,36,5
18,2,18,13.0,0,0,4,5,3
19,0,19,21.6,0,0,2,7,2
4,0,4,15.6,0,0,2,4,3
20,1,20,11.4,0,0,0,3,8
18,4,18,12.3,0,0,0,44,5
17,1,17,35.3,0,0,4,11,3
20,4,20,24.7,0,0,2,8,3
5,0,5,12.0,0,0,2,11,2
12,2,12,10.8,0,0,26,49,13
14,4,14,15.2,0,0,0,21,8
20,4,20,7.5,0,0,0,36,8
11,4,11,9.8,0,0,0,0,14
7,6,7,8.5,0,0,0,13,8
5,2,5,15.5,0,0,0,5,8
22,0,22,6.6,0,0,0,25,8
13,3,13,23.1,0,0,2,36,3
11,0,11,19.6,0,0,0,5,8
12,1,12,16.9,0,0,1,2,1
15,5,15,12.7,0,0,0,8,8
5,5,5,4.7,0,0,0,25,5
18,2,18,19.3,0,0,2,12,2
12,5,12,23.8,0,0,2,8,2
8,5,8,5.3,0,0,0,9,8
19,0,19,12.1,0,0,2,8,3
18,3,18,9.1,0,0,4,32,3
4,2,4,10.2,0,0,2,5,3
9,5,9,13.4,0,0,2,16,2
4,0,4,4.5,0,0,2,11,2
17,1,17,17.9,0,0,0,5,8
17,6,17,15.1,0,0,2,44,3
8,2,8,9.4,0,0,0,9,5
0,3,0,7.9,0,0,0,6,0
5,5,5,0.3,0,0,4,10,5
14,1,14,19.6,0,0,0,45,5
5,1,5,13.0,0,0,0,32,5
23,5,23,16.1,0,0,0,22,0
0,0,0,9.0,0,0,1,2,6
6,5,6,5.1,0,0,0,3,8
9,5,9,21.8,0,0,0,43,14
8,5,8,2.0,0,0,0,13,5
16,6,16,24.9,0,0,28,55,0
21,4,21,18.6,0,0,2,9,2
22,2,22,7.4,0,0,9,0,10
14,1,14,15.2,0,0,7,36,7
4,2,4,12.2,0,0,4,98,5
12,2,12,17.5,1,0,0,25,8
17,2,17,25.9,0,0,0,12,8
18,6,18,26.2,0,0,0,61,5
19,0,19,13.9,0,0,2,8,3
17,2,17,13.7,0,0,0,13,5
10,5,10,9.9,0,0,0,5,8
12,2,12,17.3,0,0,2,3,3
14,3,14,25.3,1,0,10,48,37
22,0,22,7.3,0,0,18,32,6
22,3,22,6.2,0,0,11,0,14
4,6,4,7.4,0,0,0,16,8
13,2,13,18.3,0,0,2,110,3
23,5,23,14.9,0,0,13,19,13
5,0,5,4.2,0,0,2,5,3
10,3,10,16.2,0,0,19,5,38
18,3,18,10.0,0,0,0,44,5
8,5,8,5.4,0,0,0,44,5
11,0,11,15.9,0,0,27,36,0
20,0,20,19.5,0,0,0,36,5
5,6,5,12.2,0,0,4,12,3
2,1,2,9.7,0,0,1,2,1
4,3,4,16.2,0,0,2,4,3
10,3,10,13.4,0,0,7,36,7
0,1,0,16.8,0,0,0,20,0
12,1,12,27.9,0,0,0,11,5
6,2,6,6.4,0,0,0,5,8
0,1,0,7.0,0,0,23,41,15
1,0,1,16.5,0,0,0,1,0
19,3,19,14.4,0,0,0,32,5
1,4,1,9.1,0,0,23,41,15
7,6,7,18.2,0,0,0,29,5
7,6,7,9.8,0,0,0,29,8
5,3,5,8.4,0,0,4,12,2
5,1,5,14.6,0,0,0,3,8
4,5,4,10.1,0,0,0,4,8
13,3,13,25.1,0,1,26,49,25
4,2,4,10.2,0,0,2,5,3
13,1,13,25.3,0,0,14,17,13
1,4,1,5.9,0,0,0,37,0
10,6,10,22.0,0,0,0,3,8
8,1,8,17.1,0,0,0,53,14
5,2,5,16.6,0,0,10,16,11
19,1,19,11.4,0,0,0,3,8
13,1,13,24.7,0,0,0,21,8
14,0,14,8.0,0,0,7,0,7
1,2,1,9.8,0,0,2,54,3
3,2,3,4.9,0,0,10,5,11
9,3,9,8.3,0,0,0,29,8
12,3,12,22.4,0,1,18,54,20
12,4,12,12.9,0,0,2,45,3
16,2,16,25.8,0,0,0,13,8
6,3,6,8.7,0,0,2,16,3
17,5,17,14.5,0,0,0,32,5
7,5,7,13.1,0,0,2,25,2
3,5,3,17.8,0,0,1,2,1
16,0,16,25.7,0,0,0,11,8
22,0,22,10.3,0,0,16,21,8
23,4,23,17.0,1,0,0,25,8
17,1,17,15.4,0,0,4,44,5
5,5,5,12.8,0,0,0,5,8
2,5,2,6.8,1,2,16,21,8
7,6,7,13.5,0,0,0,44,5
10,6,10,13.3,0,0,0,5,5
6,4,6,1.4,0,0,15,6,14
14,4,14,16.7,0,0,0,61,8
4,3,4,8.2,0,0,4,32,2
4,4,4,6.0,0,0,7,21,7
1,6,1,17.6,0,0,1,2,6
21,1,21,10.4,1,2,9,36,18
11,6,11,9.8,0,0,4,9,5
16,1,16,19.0,0,0,2,44,2
8,6,8,8.4,0,0,2,16,3
18,0,18,8.4,0,0,16,21,8
4,4,4,5.6,0,0,6,9,5
15,2,15,12.7,0,0,0,8,8
17,6,17,10.0,0,0,2,58,3
7,5,7,14.2,0,0,2,25,2
1,1,1,17.2,0,0,15,6,3
1,5,1,15.7,0,0,1,2,6
5,2,5,11.8,0,0,0,25,8
14,6,14,30.4,0,0,29,26,10
22,0,22,8.6,0,0,23,41,15
12,6,12,11.9,0,0,7,0,7
22,5,22,8.3,0,0,11,0,14
8,4,8,10.6,0,0,0,45,5
16,3,16,24.4,0,0,0,11,8
16,3,16,28.2,0,0,14,17,13
6,6,6,11.2,0,0,2,7,3
12,0,12,16.7,0,0,2,13,3
13,6,13,14.7,0,0,2,36,3
5,3,5,5.8,0,0,2,8,3
5,1,5,5.5,0,0,2,3,3
19,6,19,11.9,0,0,4,44,5
10,0,10,11.9,0,0,8,0,9
5,1,5,11.2,0,0,0,7,8
5,4,5,7.3,0,0,1,2,6
6,2,6,12.4,0,0,4,11,2
0,5,0,13.0,0,0,2,21,3
10,6,10,14.7,0,0,0,21,14
19,1,19,24.0,0,0,2,7,3
20,3,20,21.8,0,0,4,5,3
17,5,17,26.2,0,0,0,7,5
13,5,13,23.2,0,0,0,5,8
10,4,10,13.1,0,0,0,8,8
4,5,4,13.1,0,0,2,6,3
15,5,15,21.7,0,0,2,5,3
16,2,16,18.1,0,0,0,21,14
7,6,7,10.8,0,0,0,36,5
17,3,17,12.0,0,0,2,12,2
9,1,9,18.2,0,0,2,3,3
4,3,4,1.0,0,0,1,2,6
4,1,4,7.8,0,0,80,26,7
15,5,15,17.9,0,0,0,11,8
4,4,4,7.5,0,0,1,2,6
19,2,19,12.7,0,0,0,17,0
5,2,5,12.3,0,0,80,26,7
13,6,13,18.8,0,0,0,32,5
5,1,5,18.9,0,0,0,7,5
4,6,4,14.2,0,0,0,4,8
18,0,18,11.1,0,0,16,11,3
8,5,8,6.0,0,0,17,2,7
17,1,17,10.0,0,0,0,13,5
17,1,17,26.0,0,0,0,21,0
19,3,19,8.3,0,0,2,54,3
16,6,16,25.6,0,0,4,32,3
13,2,13,8.4,0,0,18,32,26
19,0,19,15.1,0,0,0,61,5
1,2,1,8.3,0,0,0,6,0
18,3,18,11.9,0,0,7,0,7
5,1,5,16.5,0,0,4,10,3
8,2,8,11.1,0,0,2,16,2
8,5,8,4.6,0,0,0,76,0
12,5,12,17.8,0,0,2,34,3
5,1,5,16.5,0,0,4,6,3
12,3,12,22.8,0,0,16,21,8
12,3,12,27.0,0,1,26,49,12
18,3,18,25.6,0,0,2,4,2
14,2,14,13.3,0,0,4,7,5
11,5,11,9.8,0,0,0,0,0
6,0,6,9.9,0,0,4,11,2
16,4,16,30.8,0,0,0,6,9
9,1,9,7.1,0,0,2,3,3
11,0,11,8.4,0,0,0,21,8
21,3,21,8.2,0,0,14,24,9
11,0,11,16.7,0,0,0,34,5
14,5,14,15.4,0,0,0,9,8
15,2,15,19.1,0,0,6,93,5
20,1,20,11.8,0,0,6,9,5
19,4,19,24.1,0,0,2,12,2
20,6,20,11.7,0,0,2,44,3
18,6,18,9.3,0,0,10,5,11
7,5,7,12.4,0,0,0,16,8
11,5,11,21.7,0,0,0,0,0
21,1,21,5.0,0,0,14,24,9
9,3,9,24.2,0,0,0,42,5
5,5,5,3.4,0,0,4,10,2
17,1,17,11.9,0,0,2,3,2
5,3,5,12.4,0,0,4,7,3
8,2,8,10.2,0,0,2,8,3
1,2,1,13.7,0,0,23,41,15
7,6,7,11.0,0,0,4,13,3
5,3,5,6.7,0,0,4,10,5
20,3,20,9.7,0,0,4,7,2
23,6,23,4.4,0,0,0,43,14
5,6,5,4.9,0,0,4,7,5
5,0,5,2.8,0,0,2,4,3
17,6,17,24.8,0,0,16,11,5
8,5,8,-1.0,0,0,18,32,6
10,3,10,10.0,0,0,2,13,3
12,5,12,12.2,0,0,0,32,5
23,5,23,17.7,0,0,35,43,0
23,5,23,11.0,0,0,2,21,3
14,1,14,15.7,0,0,0,61,8
16,2,16,13.8,0,0,0,8,8
13,0,13,29.0,0,0,2,34,3
10,0,10,14.0,0,0,27,36,0
15,2,15,29.1,0,0,2,5,3
21,1,21,10.1,0,0,2,8,2
0,3,0,23.7,0,0,13,19,13
7,5,7,3.9,0,0,0,16,5
1,4,1,13.6,0,0,0,21,5
16,2,16,17.1,0,0,4,44,2
20,6,20,8.2,0,0,0,4,8
4,3,4,9.3,0,0,0,16,8
22,2,22,9.5,0,0,18,36,6
5,4,5,8.5,0,0,0,11,8
3,4,3,14.9,0,0,21,36,7
4,2,4,12.8,0,0,0,3,8
8,6,8,7.7,0,0,2,16,3
5,1,5,11.9,0,0,0,9,5
22,4,22,17.3,0,0,12,18,7
23,0,23,20.4,0,0,12,18,7
8,2,8,9.5,0,0,2,16,3
4,0,4,10.1,0,0,2,3,3
5,6,5,14.8,0,0,4,10,2
5,3,5,0.7,0,0,4,11,5
4,6,4,2.9,0,0,0,7,8
8,6,8,17.1,0,1,0,11,5
6,4,6,2.1,0,0,0,8,5
6,4,6,11.3,0,0,2,8,3
11,4,11,24.7,0,0,0,5,8
1,3,1,3.9,0,0,0,21,8
20,5,20,23.2,0,0,0,36,5
11,3,11,9.4,0,0,0,16,8
19,3,19,10.7,0,0,2,32,3
15,5,15,24.4,0,0,6,93,5
6,1,6,5.8,0,0,19,92,60
22,2,22,13.9,0,0,2,8,2
11,4,11,20.2,0,0,0,45,5
18,4,18,11.5,0,0,0,4,5
6,4,6,8.2,0,0,16,21,8
9,1,9,6.4,0,0,17,0,7
10,6,10,22.7,0,0,2,16,3
10,2,10,6.8,0,0,2,7,3
8,3,8,21.0,0,0,0,32,5
5,1,5,12.2,0,0,2,8,2
4,2,4,12.9,0,0,2,4,2
7,6,7,10.7,0,0,0,4,5
4,5,4,15.6,0,0,2,7,3
13,1,13,28.4,0,0,0,16,5
23,5,23,11.0,0,0,0,22,14
22,3,22,9.7,1,2,2,61,2
4,3,4,8.5,0,0,0,11,8
19,3,19,9.4,0,0,4,7,3
7,1,7,4.3,0,0,2,16,2
20,3,20,10.7,0,0,6,9,5
12,3,12,16.3,0,0,0,3,8
9,1,9,18.9,0,1,4,7,5
18,3,18,29.3,0,1,6,9,0
3,0,3,12.4,0,0,1,2,1
12,0,12,25.8,0,0,2,11,3
20,2,20,21.7,0,0,25,46,14
8,3,8,16.8,0,0,2,13,3
7,0,7,7.5,0,0,0,5,8
12,5,12,15.9,0,0,0,13,8
5,0,5,6.5,0,0,4,11,2
7,2,7,3.5,0,0,0,33,5
17,1,17,17.9,0,0,2,8,3
3,2,3,12.3,0,0,1,2,1
12,5,12,14.8,0,0,0,11,8
8,6,8,7.6,0,0,4,16,3
15,4,15,11.7,0,0,2,3,2
5,5,5,7.2,0,0,4,12,3
10,1,10,9.6,0,0,0,12,5
9,2,9,25.0,0,1,10,71,37
16,3,16,18.8,0,0,0,11,8
4,4,4,15.8,0,0,2,7,3
4,6,4,7.3,0,0,0,5,5
15,6,15,17.4,0,0,16,21,8
11,4,11,13.2,0,0,2,16,2
19,0,19,7.7,0,0,2,16,3
9,4,9,22.1,0,0,2,45,3
15,6,15,11.5,0,0,31,58,27
5,6,5,6.7,0,0,6,9,5
8,1,8,9.8,0,0,0,44,8
20,5,20,14.7,0,0,0,36,8
2,1,2,6.1,0,0,1,2,1
6,6,6,16.0,0,0,8,0,9
4,6,4,13.5,0,0,0,11,5
3,4,3,12.2,1,2,0,25,5
8,4,8,7.5,0,0,6,9,5
21,2,21,9.9,0,0,0,7,5
11,3,11,11.3,0,0,0,33,8
6,1,6,9.0,0,0,4,7,2
6,0,6,2.6,0,0,2,21,3
16,4,16,20.2,0,0,2,7,3
10,5,10,11.8,0,0,2,30,3
8,2,8,2.6,0,0,2,8,3
4,4,4,5.6,0,0,2,10,3
6,2,6,12.4,0,0,0,7,8
8,2,8,4.9,0,1,16,21,8
12,5,12,24.9,0,0,14,24,9
5,0,5,13.2,0,0,4,10,2
10,0,10,16.0,0,0,0,5,5
5,1,5,4.7,0,0,4,5,2
16,0,16,12.1,0,0,0,32,5
7,2,7,3.4,0,0,4,7,2
17,1,17,21.6,0,0,4,44,3
18,4,18,8.1,1,2,0,5,8
18,6,18,27.2,0,0,6,9,14
9,4,9,9.2,0,0,0,54,5
20,3,20,16.8,0,0,4,16,3
9,3,9,9.3,0,0,6,9,5
23,3,23,12.0,0,0,0,20,0
9,5,9,8.5,0,0,18,32,6
0,1,0,10.1,0,0,0,6,0
11,3,11,18.8,0,0,0,7,8
5,0,5,13.2,0,0,0,3,5
22,4,22,19.1,0,0,4,36,5
9,3,9,8.7,0,0,0,45,5
19,0,19,7.2,0,0,0,8,8
5,6,5,13.2,0,0,4,12,2
7,5,7,7.4,0,0,6,9,5
9,0,9,10.9,0,0,0,15,8
1,1,1,18.2,0,0,1,2,6
12,0,12,27.0,0,0,2,11,5
13,1,13,24.5,0,0,28,55,0
15,3,15,15.2,0,0,7,0,7
16,2,16,25.8,0,0,33,62,0
0,2,0,13.5,0,0,23,41,15
17,3,17,26.8,0,0,2,12,2
0,0,0,13.6,0,0,23,41,15
20,0,20,20.2,0,0,0,25,5
9,4,9,6.5,1,2,17,36,7
14,3,14,13.1,0,0,2,61,2
9,4,9,6.4,1,2,0,21,0
17,0,17,11.5,0,0,4,13,2
22,2,22,12.5,0,0,11,0,14
9,6,9,8.6,0,0,0,32,5
12,5,12,14.1,0,0,0,13,8
10,2,10,12.1,0,0,0,8,8
17,0,17,16.2,0,0,4,3,2
6,3,6,8.6,0,0,6,9,5
8,3,8,8.3,0,0,0,53,0
19,2,19,24.1,0,0,0,8,5
18,4,18,25.3,0,0,2,5,3
14,0,14,18.3,0,0,0,9,5
13,3,13,15.1,0,0,2,8,3
16,1,16,32.2,0,0,0,44,5
0,3,0,17.5,0,0,0,1,0
6,2,6,9.0,0,0,16,21,8
16,6,16,13.4,0,0,0,44,5
5,2,5,11.4,0,0,2,11,2
8,5,8,9.7,0,0,0,7,8
4,5,4,13.4,0,0,0,9,3
7,0,7,2.3,0,0,0,13,8
21,4,21,8.2,0,0,0,4,5
4,1,4,13.9,0,0,2,4,2
1,1,1,13.1,0,0,1,2,6
17,4,17,30.8,0,0,0,32,5
2,1,2,14.5,0,0,0,62,0
19,4,19,15.0,0,0,0,8,5
8,1,8,12.6,0,0,4,5,3
23,2,23,9.1,0,0,0,6,5
6,5,6,8.7,0,0,0,16,5
14,2,14,14.7,0,0,16,21,8
5,4,5,13.1,0,0,0,11,8
23,5,23,8.9,0,0,16,21,5
3,4,3,12.5,0,0,1,2,1
1,5,1,7.0,1,2,0,11,8
15,5,15,29.5,0,0,16,21,8
10,6,10,14.7,0,0,0,12,8
23,2,23,7.3,0,0,2,21,3
10,0,10,19.6,0,0,2,45,3
5,6,5,11.4,0,0,4,12,3
9,1,9,12.2,0,0,0,29,8
0,3,0,16.9,0,0,0,6,9
16,3,16,14.1,0,0,0,6,14
11,6,11,25.8,0,0,2,34,2
9,5,9,3.8,0,0,0,76,0
14,6,14,27.4,0,0,0,13,5
15,3,15,29.0,0,0,2,13,3
8,4,8,7.7,0,0,0,32,5
18,0,18,27.9,0,0,4,7,2
11,1,11,15.2,0,0,0,0,0
5,1,5,13.1,0,0,4,10,2
17,4,17,16.6,0,0,0,15,8
9,3,9,6.1,0,0,10,81,17
10,3,10,24.4,0,0,0,29,8
22,4,22,21.8,0,1,12,18,7
6,4,6,6.8,0,0,4,5,2
13,3,13,10.0,1,2,0,13,8
9,1,9,13.7,0,0,0,13,5
4,0,4,14.7,0,0,0,4,5
19,0,19,12.1,0,0,2,4,3
9,1,9,20.6,0,0,10,60,17
13,1,13,17.7,0,0,26,49,13
5,2,5,9.0,0,0,1,2,6
11,3,11,17.9,0,0,2,7,3
15,3,15,19.2,1,2,23,8,5
13,4,13,11.8,0,0,0,61,8
0,2,0,12.4,0,0,0,6,14
20,2,20,24.6,0,1,40,0,10
0,1,0,3.9,0,0,0,4,8
5,1,5,13.6,0,0,6,9,15
4,1,4,15.3,0,0,2,3,2
16,3,16,27.5,0,0,15,6,3
13,6,13,14.9,0,0,2,36,3
5,1,5,1.1,0,0,4,10,5
6,1,6,9.6,0,0,4,5,2
20,1,20,10.6,0,0,0,36,5
14,5,14,21.4,0,1,15,6,3
8,6,8,13.3,1,0,11,0,12
13,5,13,25.7,0,0,10,5,17
18,2,18,13.5,0,0,0,16,5
7,4,7,8.9,0,0,0,13,8
5,2,5,14.8,0,0,6,9,5
1,2,1,6.2,0,0,1,2,1
10,3,10,9.6,0,0,0,8,8
5,0,5,13.6,0,0,0,5,5
6,1,6,3.7,0,0,2,5,3
20,4,20,21.1,0,0,0,8,5
21,2,21,19.4,0,0,0,17,0
8,4,8,7.3,0,0,0,10,5
19,2,19,8.1,0,0,0,7,5
12,6,12,21.8,0,0,2,8,3
17,5,17,24.3,0,0,4,38,2
7,5,7,15.9,0,0,2,4,2
1,1,1,17.7,0,0,0,1,0
12,2,12,22.2,0,0,0,3,8
13,2,13,26.1,0,0,33,62,0
11,2,11,15.1,0,0,0,8,5
13,0,13,31.1,0,0,27,36,0
9,6,9,5.7,0,0,2,16,2
0,2,0,17.5,0,0,7,0,7
4,2,4,9.4,0,0,2,5,3
20,2,20,17.1,0,0,0,25,5
8,4,8,2.5,0,0,0,10,5
11,0,11,9.8,0,0,1,2,1
16,3,16,33.9,0,0,10,74,17
5,4,5,16.4,0,0,1,2,6
7,0,7,10.2,0,0,2,7,3
1,5,1,14.3,0,0,1,2,6
11,1,11,10.0,0,0,10,48,43
1,2,1,15.8,0,0,0,37,0
15,1,15,27.1,0,0,15,6,3
12,0,12,13.5,0,0,2,30,3
16,6,16,21.7,0,0,0,8,8
15,6,15,23.7,0,0,27,36,0
6,6,6,5.6,0,0,0,52,5
12,5,12,13.0,0,0,19,35,29
4,1,4,2.4,0,0,0,7,8
8,2,8,10.9,0,0,4,14,3
5,1,5,13.2,0,0,0,25,8
5,0,5,9.3,0,0,0,9,3
16,2,16,13.8,0,0,7,0,7
16,6,16,18.8,0,0,2,8,2
17,3,17,33.8,0,0,0,6,9
12,6,12,14.7,0,0,2,44,2
1,6,1,13.8,0,0,7,0,7
5,6,5,10.8,0,0,2,11,2
20,2,20,21.6,0,0,0,44,8
12,0,12,10.1,0,0,0,32,5
5,5,5,11.3,0,0,2,5,3
6,2,6,12.5,0,0,6,9,5
16,6,16,19.1,0,0,2,13,2
8,0,8,9.3,0,0,0,33,5
6,1,6,5.2,0,0,0,7,5
7,3,7,6.4,0,0,0,7,8
0,1,0,18.4,0,0,0,0,14
7,1,7,14.3,0,1,22,56,4
20,1,20,9.2,0,0,10,103,17
19,5,19,10.7,0,0,0,16,8
19,1,19,13.7,0,0,0,16,8
11,3,11,10.6,0,0,4,9,3
15,2,15,20.9,0,0,0,21,5
1,2,1,12.8,0,0,16,21,8
5,3,5,11.2,0,0,2,21,3
17,0,17,22.8,0,0,4,38,3
13,5,13,16.5,0,0,4,11,5
0,1,0,16.1,0,0,11,23,14
9,1,9,21.6,0,1,25,46,0
22,6,22,10.2,0,0,3,6,4
17,5,17,18.3,0,0,0,17,0
15,0,15,33.9,0,0,4,16,3
9,4,9,21.5,0,0,10,8,22
16,5,16,19.0,0,0,0,17,14
5,0,5,10.4,0,0,0,5,5
17,1,17,18.8,0,0,0,7,8
19,0,19,24.1,0,1,2,54,3
5,4,5,18.3,0,0,4,5,2
19,1,19,22.1,0,0,18,32,6
23,2,23,16.9,0,0,13,19,13
19,2,19,10.4,0,0,2,44,3
1,5,1,15.7,0,0,15,6,3
19,1,19,17.3,0,0,4,5,2
13,4,13,22.8,0,0,2,34,3
15,4,15,21.3,0,0,4,54,5
17,0,17,15.6,0,0,4,38,2
15,4,15,18.1,0,0,16,10,5
19,0,19,12.3,0,0,2,5,3
21,5,21,11.1,0,0,2,16,3
20,1,20,21.1,0,0,0,3,8
8,2,8,3.6,0,0,0,44,8
5,5,5,2.8,0,0,0,3,5
7,0,7,13.7,0,0,0,44,8
4,2,4,4.4,0,0,7,0,7
21,3,21,10.4,0,0,14,24,9
15,4,15,18.1,0,0,63,110,26
4,4,4,7.6,0,0,2,11,2
17,2,17,30.0,0,0,10,35,19
0,3,0,19.5,0,0,2,21,3
5,4,5,8.1,0,0,4,12,3
14,5,14,16.1,0,0,2,21,3
9,4,9,11.4,0,0,0,9,8
14,4,14,18.4,0,0,18,32,33
6,0,6,13.1,0,0,24,47,30
13,3,13,24.0,0,0,0,32,5
19,4,19,28.6,0,0,10,5,17
17,6,17,21.2,0,0,4,38,3
12,5,12,27.2,0,0,9,0,10
13,5,13,15.1,0,0,0,9,5
0,5,0,5.3,0,0,15,6,3
16,2,16,7.2,0,0,0,21,0
13,2,13,16.2,0,0,0,61,8
8,6,8,5.2,0,0,4,14,3
23,3,23,10.8,0,0,0,43,14
3,5,3,3.5,0,0,10,5,41
23,6,23,18.1,0,0,0,20,0
11,3,11,10.5,0,0,18,54,20
15,6,15,21.4,0,0,2,58,3
12,4,12,15.1,0,0,10,16,11
14,2,14,20.5,0,0,0,13,8
1,3,1,12.0,0,0,7,41,7
13,0,13,25.9,0,0,2,36,3
10,2,10,18.8,0,0,2,5,3
11,2,11,11.1,0,0,16,21,8
13,4,13,18.0,0,0,0,30,5
23,1,23,19.5,0,1,11,0,12
9,0,9,19.4,0,0,2,25,2
6,6,6,12.3,0,0,4,12,5
15,6,15,22.8,0,1,16,10,5
18,5,18,32.9,0,0,0,13,8
11,2,11,22.7,0,1,0,7,5
5,5,5,0.7,0,0,0,3,8
11,6,11,13.0,0,0,0,0,0
5,6,5,7.9,0,0,6,9,5
7,3,7,10.5,0,0,0,13,8
23,6,23,7.9,0,0,0,20,14
6,3,6,17.0,0,0,4,5,2
17,4,17,30.8,0,0,0,21,0
6,3,6,4.1,0,0,0,8,8
14,3,14,28.6,0,0,2,9,3
5,2,5,9.2,0,0,2,9,2
5,6,5,8.6,0,0,0,11,8
14,6,14,22.1,0,0,0,7,5
20,4,20,10.7,0,0,6,9,5
17,1,17,13.7,0,0,0,5,5
13,3,13,28.1,0,0,14,17,13
12,6,12,20.3,0,0,26,49,13
10,5,10,24.2,1,0,2,7,3
6,3,6,7.4,0,0,2,9,2
10,3,10,8.0,0,0,0,8,8
4,1,4,1.4,0,0,0,4,8
15,3,15,24.8,0,0,4,7,3
14,1,14,20.2,0,0,0,5,8
8,1,8,2.5,0,0,0,7,8
7,2,7,9.9,0,0,16,21,8
12,5,12,12.4,0,0,27,36,0
19,2,19,17.9,0,0,2,12,2
16,2,16,28.4,0,0,2,12,2
18,6,18,29.7,0,1,34,0,7
10,1,10,22.2,0,0,27,36,0
13,6,13,15.4,0,0,0,13,5
9,2,9,6.8,0,0,2,13,2
15,2,15,25.5,0,0,16,10,8
12,3,12,26.1,0,1,1,2,6
4,0,4,15.7,0,0,0,4,5
7,6,7,-0.1,0,0,0,33,5
3,4,3,12.5,0,0,7,21,7
18,6,18,13.6,0,0,16,11,3
7,3,7,14.3,0,0,2,16,3
7,4,7,12.0,0,0,0,8,8
4,1,4,5.9,0,0,6,9,5
17,4,17,30.7,0,0,4,54,2
15,6,15,35.0,0,0,2,13,3
0,6,0,19.0,0,0,9,0,10
18,0,18,12.1,0,0,16,21,2
8,0,8,5.1,0,0,0,32,5
6,0,6,13.6,0,0,16,21,5
16,2,16,25.9,0,0,0,6,14
8,6,8,2.6,0,0,4,7,2
7,0,7,8.1,0,0,0,5,5
21,0,21,17.4,0,0,0,17,0
7,4,7,16.2,0,0,0,44,8
14,6,14,14.7,0,0,29,26,10
20,6,20,8.9,0,0,2,9,3
9,5,9,16.9,0,0,16,21,8
17,1,17,19.6,0,0,6,9,0
1,0,1,14.3,0,0,0,1,0
10,2,10,10.0,0,0,44,13,17
18,1,18,14.6,0,0,9,0,10
16,4,16,25.8,0,0,0,78,8
10,2,10,9.8,0,0,0,25,8
17,1,17,14.0,0,0,6,9,0
7,3,7,9.3,0,0,2,33,3
7,2,7,9.3,0,0,2,16,2
17,6,17,14.7,0,0,0,12,8
13,5,13,29.4,0,0,19,72,64
22,3,22,5.3,0,0,16,21,8
10,6,10,9.2,0,0,2,3,2
8,0,8,7.8,0,0,0,33,8
9,2,9,15.9,0,0,9,0,18
12,1,12,10.5,0,0,0,44,8
16,5,16,17.3,0,0,0,13,8
20,1,20,14.5,0,0,4,3,3
9,6,9,16.0,0,0,0,8,5
4,2,4,12.3,0,0,0,3,8
4,1,4,15.6,0,0,2,3,3
0,1,0,12.9,0,0,16,21,5
19,6,19,18.1,0,0,16,11,5
1,2,1,17.3,0,0,0,37,0
8,2,8,10.9,0,0,2,7,3
19,6,19,27.2,0,1,0,21,5
19,1,19,11.1,0,0,2,3,3
1,3,1,16.2,0,0,0,21,8
15,0,15,26.5,0,0,0,9,5
20,3,20,9.0,1,0,0,8,8
8,0,8,8.7,0,0,0,15,8
17,6,17,15.2,0,0,16,11,8
15,3,15,29.1,0,0,7,9,7
1,2,1,17.0,0,0,0,37,0
6,0,6,11.5,0,1,0,8,5
5,6,5,2.4,0,0,16,21,5
5,2,5,16.8,0,0,4,11,2
4,5,4,13.1,0,0,0,16,8
0,4,0,13.7,0,0,0,25,8
15,3,15,13.4,0,0,28,55,0
14,4,14,22.6,0,0,2,45,3
16,2,16,17.0,0,0,2,33,3
19,1,19,22.3,0,0,2,32,3
7,0,7,13.6,0,0,0,29,8
15,1,15,27.9,0,0,0,11,5
9,4,9,17.1,0,0,6,9,5
12,2,12,8.7,0,0,0,8,8
5,2,5,13.7,0,0,0,5,8
23,4,23,4.6,0,0,0,43,14
16,6,16,17.1,0,0,0,32,5
20,6,20,22.5,0,0,0,5,5
7,6,7,11.7,0,0,0,44,8
4,4,4,12.5,0,0,0,9,5
17,0,17,30.0,0,0,0,32,5
3,4,3,2.5,0,0,5,9,4
15,3,15,26.8,0,0,24,47,30
13,0,13,26.0,0,0,0,61,5
0,5,0,6.8,0,0,15,6,3
1,4,1,3.9,0,0,0,21,8
15,3,15,13.4,0,0,2,58,3
19,6,19,10.8,0,0,2,4,3
8,0,8,4.3,0,0,10,100,28
13,1,13,10.7,0,0,33,62,0
17,2,17,14.4,0,0,2,12,2
20,1,20,15.6,0,0,13,19,13
20,1,20,6.2,0,0,0,4,5
0,6,0,19.4,0,0,14,17,13
6,0,6,6.7,0,0,0,21,14
5,3,5,9.4,0,0,4,32,5
14,1,14,12.8,0,0,0,21,8
11,3,11,19.3,0,0,0,34,5
19,0,19,11.5,0,0,2,54,3
5,4,5,5.9,0,0,0,3,8
7,0,7,15.1,0,0,0,36,8
22,4,22,11.6,0,0,0,4,5
18,2,18,19.9,0,0,16,11,5
4,1,4,6.2,0,0,2,7,3
21,1,21,13.9,0,0,2,9,2
4,0,4,7.1,0,0,2,4,3
13,6,13,18.3,0,0,0,61,8
10,4,10,13.1,0,0,27,36,0
15,0,15,27.3,0,0,16,10,8
6,6,6,12.8,0,0,8,0,9
10,6,10,10.4,0,0,2,16,2
5,4,5,8.3,0,0,0,5,8
15,3,15,19.3,1,2,4,11,2
12,2,12,16.7,0,0,0,3,8
7,5,7,3.7,0,0,2,33,3
5,6,5,9.6,0,0,4,12,3
6,2,6,6.5,0,0,0,16,8
18,4,18,24.6,0,0,16,11,2
16,3,16,32.3,1,0,0,48,5
14,3,14,26.8,0,0,4,5,2
19,1,19,17.7,0,0,2,32,3
5,0,5,7.0,0,0,6,9,5
14,2,14,15.6,0,0,15,6,3
10,2,10,19.0,0,0,27,36,0
1,4,1,6.2,0,0,8,6,9
0,2,0,9.6,0,0,14,17,13
22,4,22,17.9,0,0,12,18,7
9,4,9,14.4,0,0,0,8,5
7,1,7,6.4,0,0,0,5,8
5,0,5,16.0,0,0,0,3,5
8,5,8,4.4,0,0,0,44,8
17,2,17,14.5,0,0,2,12,3
6,2,6,9.6,0,0,0,5,5
9,0,9,21.5,0,0,2,13,2
10,0,10,15.6,0,0,0,42,5
0,3,0,14.3,0,0,35,43,0
7,5,7,13.3,0,0,0,13,8
7,1,7,11.0,0,0,24,47,22
21,1,21,12.7,0,0,14,24,9
5,6,5,9.9,0,0,6,9,5
11,3,11,14.0,0,0,0,53,0
13,3,13,25.9,0,0,2,44,3
11,6,11,11.5,0,0,0,44,8
21,6,21,21.9,0,0,4,7,2
11,0,11,8.8,0,0,2,34,3
14,6,14,20.1,0,0,0,30,5
5,2,5,11.5,0,0,0,32,5
19,0,19,11.6,0,0,2,32,3
8,2,8,5.2,0,0,2,8,3
4,2,4,12.9,0,0,0,3,8
16,2,16,16.8,0,0,0,3,8
6,0,6,6.4,0,0,2,4,3
7,3,7,11.2,0,0,10,8,11
6,3,6,7.8,0,0,4,5,3
8,6,8,13.8,0,0,0,32,5
4,0,4,6.8,0,0,1,2,6
21,3,21,12.2,0,0,0,9,5
15,6,15,29.0,0,0,0,5,8
6,6,6,5.2,0,0,0,3,5
19,6,19,23.9,0,0,2,44,3
9,5,9,21.0,0,0,0,5,8
5,4,5,1.9,0,0,0,5,8
11,5,11,10.8,0,0,16,21,8
16,1,16,16.5,0,0,0,17,14
0,2,0,9.8,0,0,2,36,2
10,4,10,9.2,0,0,0,21,14
20,1,20,13.0,0,0,13,19,13
7,6,7,5.9,0,0,4,14,3
12,3,12,23.6,0,0,0,13,8
18,5,18,27.7,0,0,16,21,8
23,1,23,9.7,0,0,0,0,0
17,6,17,9.9,0,0,4,7,2
6,3,6,15.5,0,0,0,8,5
17,0,17,22.7,0,0,4,38,3
7,6,7,7.0,0,0,0,8,8
17,4,17,16.6,0,0,22,56,4
9,1,9,20.6,0,0,2,3,2
14,6,14,24.4,0,0,0,7,8
17,1,17,17.2,0,0,6,9,0
12,2,12,13.4,0,0,0,32,5
1,2,1,14.1,0,0,1,2,6
9,1,9,25.7,0,0,0,25,8
16,2,16,31.6,0,0,2,12,3
18,3,18,9.6,0,0,0,6,14
0,4,0,10.7,1,2,2,5,3
2,6,2,13.3,0,0,16,21,8
5,0,5,6.9,0,0,8,6,9
19,1,19,13.5,0,0,0,44,5
5,1,5,5.3,0,0,2,7,3
6,5,6,15.5,0,0,4,6,3
7,4,7,11.1,0,0,15,6,3
7,3,7,7.2,0,0,0,3,8
19,5,19,13.5,0,0,2,3,3
12,0,12,26.9,0,1,26,49,12
22,3,22,9.0,0,0,0,3,8
8,4,8,10.9,0,0,18,32,6
14,6,14,18.0,0,0,16,110,5
12,6,12,13.1,0,0,0,25,8
8,4,8,7.3,0,0,0,5,8
7,1,7,12.6,0,0,0,5,8
16,3,16,13.5,0,0,0,21,0
7,4,7,7.5,0,0,2,8,3
22,5,22,11.6,0,0,14,17,13
4,4,4,5.5,0,0,2,7,2
21,4,21,19.9,0,0,0,17,14
15,0,15,13.7,0,0,0,44,8
3,1,3,11.3,0,0,7,0,7
0,2,0,12.2,0,0,0,43,14
8,3,8,18.8,0,0,2,13,3
15,1,15,15.2,0,0,2,3,2
5,5,5,8.8,0,0,2,9,2
14,1,14,14.6,0,0,15,6,3
13,6,13,10.6,0,0,2,7,3
11,4,11,10.3,0,0,0,21,8
14,0,14,26.4,0,0,0,9,5
12,0,12,13.3,0,0,61,105,65
14,0,14,15.4,0,0,16,21,8
4,3,4,8.6,0,0,0,16,5
6,5,6,2.9,0,0,15,6,14
15,2,15,15.7,0,0,16,10,5
8,3,8,11.2,0,0,0,10,5
12,1,12,9.4,1,2,10,100,28
4,6,4,8.2,0,0,1,2,6
6,6,6,5.6,0,0,7,26,7
2,3,2,10.7,0,0,16,21,8
22,3,22,10.2,0,0,6,9,5
21,5,21,19.8,0,0,6,9,5
16,1,16,20.9,0,0,0,8,8
5,4,5,9.8,0,0,0,5,5
4,6,4,6.0,0,0,2,11,2
19,2,19,29.1,0,0,0,7,8
11,5,11,11.2,0,0,2,7,3
19,3,19,12.7,0,0,2,5,3
10,5,10,11.0,0,0,0,13,5
4,3,4,10.3,0,0,2,5,3
7,6,7,11.5,0,0,0,13,8
11,1,11,11.4,0,0,14,17,13
21,1,21,12.6,0,0,0,36,8
6,2,6,2.8,0,0,4,7,2
4,5,4,12.8,0,0,7,21,7
19,4,19,28.2,0,0,0,44,8
21,3,21,12.1,0,0,13,19,13
4,2,4,14.9,0,0,0,4,8
12,3,12,11.5,0,0,2,7,3
13,1,13,25.2,0,0,4,8,3
9,2,9,5.0,0,0,0,10,5
10,4,10,13.1,0,0,0,44,8
5,3,5,3.6,0,0,4,11,2
18,0,18,11.0,0,0,0,54,5
3,6,3,5.7,0,0,2,6,3
5,6,5,11.6,0,0,0,32,5
18,5,18,17.1,0,0,0,33,5
11,0,11,21.2,0,0,0,29,8
1,2,1,2.6,0,0,0,37,0
11,4,11,23.1,0,1,0,54,5
7,3,7,8.5,0,0,0,36,8
21,2,21,21.2,0,1,0,17,0
12,0,12,24.7,0,0,1,2,1
12,5,12,12.9,0,0,0,13,8
17,0,17,16.1,0,0,6,9,0
18,5,18,26.0,0,0,16,11,5
5,6,5,2.5,0,0,0,5,5
13,0,13,26.3,0,0,0,13,5
7,5,7,12.0,0,0,0,29,8
15,6,15,34.9,0,0,6,93,5
20,1,20,19.6,0,0,2,21,3
20,0,20,11.7,0,0,2,9,2
6,2,6,9.2,0,0,16,21,8
5,5,5,2.9,0,0,2,5,3
9,6,9,14.0,0,0,0,9,5
16,4,16,21.2,0,0,2,13,3
4,0,4,3.8,0,0,2,11,2
1,4,1,12.9,0,0,0,37,0
17,5,17,25.8,0,0,4,5,2
16,5,16,24.7,0,0,4,11,2
20,1,20,12.9,0,0,2,5,3
5,1,5,7.8,0,0,2,9,2
2,3,2,8.5,0,0,7,21,7
14,1,14,14.4,0,0,0,44,5
19,1,19,27.7,0,1,6,9,5
5,6,5,17.5,0,0,0,25,5
10,0,10,20.5,0,0,2,13,2
17,1,17,20.2,0,0,2,3,2
13,2,13,17.9,0,0,0,32,5
2,3,2,12.7,0,0,0,62,0
5,1,5,9.5,0,0,0,25,5
20,4,20,19.8,0,0,2,32,3
7,2,7,11.8,0,0,0,30,5
10,4,10,6.5,0,0,0,44,8
4,1,4,11.2,0,0,0,12,5
12,2,12,13.1,0,0,2,34,3
1,3,1,14.5,0,0,0,62,0
22,1,22,18.3,0,0,9,0,18
4,2,4,16.8,0,0,2,5,3
17,5,17,21.0,0,0,22,56,4
17,1,17,13.7,0,0,0,11,8
10,3,10,20.6,0,0,0,9,8
6,1,6,12.8,0,0,0,7,5
9,5,9,16.2,0,0,0,5,8
14,3,14,21.9,0,0,0,44,8
19,2,19,12.9,0,0,2,44,3
15,3,15,14.9,0,0,16,10,5
16,4,16,25.7,0,0,2,13,3
11,6,11,16.4,0,0,7,0,7
8,4,8,15.8,0,0,0,5,5
0,4,0,12.1,0,0,2,54,2
2,0,2,8.6,0,0,9,0,10
16,1,16,20.7,0,0,0,33,5
20,5,20,10.8,0,0,2,8,3
11,0,11,15.5,0,0,0,13,8
16,3,16,31.1,0,1,6,9,7
5,3,5,4.4,0,0,2,3,3
19,3,19,24.6,0,0,18,32,6
6,6,6,12.7,0,0,16,21,8
18,5,18,12.1,0,0,16,21,3
9,5,9,5.8,0,0,0,15,8
4,3,4,9.5,0,0,0,7,8
17,4,17,14.7,0,0,0,32,5
15,1,15,21.5,0,0,4,7,3
22,0,22,13.9,0,0,23,41,15
22,1,22,8.6,0,0,18,32,26
14,4,14,16.6,0,0,0,9,8
5,3,5,8.1,0,0,4,6,3
17,1,17,13.5,0,0,0,16,8
15,2,15,21.9,0,0,2,44,3
5,1,5,13.1,0,0,4,3,2
11,3,11,10.4,0,0,14,17,13
11,2,11,25.2,0,0,0,53,0
1,3,1,22.2,0,0,0,25,5
5,4,5,-0.1,0,0,2,9,2
5,1,5,1.0,0,0,0,16,8
16,3,16,22.7,0,0,22,56,4
16,2,16,26.3,0,0,0,6,9
1,6,1,13.5,0,0,1,2,6
12,1,12,14.9,0,0,0,32,5
4,4,4,9.5,0,0,0,3,8
10,0,10,18.6,0,0,10,16,21
20,4,20,10.6,0,0,2,34,2
20,3,20,20.5,0,0,0,25,5
7,4,7,12.7,0,0,0,36,8
13,0,13,22.0,0,0,0,32,5
7,4,7,0.9,0,0,4,13,3
15,3,15,17.0,0,0,0,3,5
11,6,11,11.2,0,0,2,16,3
5,4,5,10.7,0,0,4,7,3
19,2,19,12.9,0,0,2,54,3
8,6,8,18.4,0,0,22,56,4
18,2,18,29.8,0,0,6,9,0
10,5,10,17.3,0,0,0,34,5
5,4,5,10.7,0,0,0,7,5
4,1,4,5.0,0,0,0,7,5
0,2,0,14.2,0,0,0,25,5
21,1,21,6.5,0,0,14,24,9
10,2,10,10.3,0,0,0,12,5
15,2,15,15.8,0,0,0,3,5
15,0,15,14.9,0,0,0,13,5
12,5,12,28.3,0,0,2,8,2
5,6,5,17.1,0,0,4,10,2
20,1,20,26.9,0,1,2,7,3
10,1,10,16.5,0,0,2,45,3
15,5,15,30.4,0,0,7,0,7
8,6,8,5.2,0,0,0,9,5
23,1,23,13.9,0,0,2,21,3
17,3,17,22.6,0,0,2,12,2
10,6,10,10.7,0,0,2,34,3
13,1,13,17.2,0,0,26,49,13
19,1,19,8.1,0,0,2,44,3
12,2,12,15.6,0,0,0,8,5
23,1,23,6.1,0,0,0,20,0
5,0,5,13.8,0,0,1,2,6
17,6,17,15.2,0,0,0,54,5
0,1,0,15.7,0,0,0,22,0
19,5,19,14.2,0,0,4,16,5
20,5,20,24.2,0,0,2,5,3
21,5,21,20.4,0,0,2,9,2
16,4,16,16.7,0,0,0,3,8
6,4,6,13.4,0,0,0,7,8
11,5,11,10.9,0,0,14,17,13
8,5,8,15.6,0,0,2,5,3
7,4,7,12.8,0,0,0,8,5
0,1,0,8.5,0,0,1,2,6
8,0,8,20.9,0,0,2,16,3
10,0,10,21.3,0,1,0,42,5
13,2,13,9.5,0,0,0,16,8
1,5,1,10.0,0,0,1,2,6
18,2,18,25.7,0,0,19,35,44
22,6,22,8.1,0,0,0,25,8
4,3,4,13.0,0,0,2,3,2
0,0,0,20.2,0,0,0,0,0
20,1,20,24.0,0,1,0,6,5
23,0,23,13.5,0,0,0,43,14
23,2,23,6.4,0,0,0,20,0
15,3,15,29.3,0,0,0,5,5
12,3,12,16.6,0,0,4,63,3
5,0,5,6.5,0,0,4,10,5
5,3,5,15.9,0,0,4,10,2
6,3,6,3.0,0,0,6,9,5
12,2,12,16.2,0,0,52,48,53
0,2,0,7.2,0,0,1,2,6
16,4,16,26.8,0,0,2,5,3
9,4,9,8.0,0,0,0,30,5
1,5,1,17.7,0,0,0,6,14
17,1,17,18.1,0,0,0,6,14
17,5,17,24.8,0,0,4,3,2
12,3,12,22.1,0,0,0,8,5
20,1,20,24.7,0,0,0,36,8
6,6,6,3.2,0,0,0,7,8
14,6,14,20.7,0,0,16,21,8
0,3,0,5.4,0,0,0,6,14
0,3,0,8.8,0,0,23,41,15
18,0,18,29.6,0,0,0,12,8
11,4,11,11.4,0,0,2,34,3
5,1,5,11.0,0,0,4,16,3
18,6,18,24.8,0,0,0,32,5
16,6,16,26.1,0,0,0,6,14
16,6,16,29.5,0,0,4,50,2
4,1,4,11.3,0,0,9,0,18
19,1,19,10.9,0,0,2,54,3
15,2,15,15.4,0,0,2,7,2
8,3,8,8.1,0,0,0,44,8
15,5,15,14.8,0,0,0,8,8
21,0,21,13.4,0,0,7,26,7
4,6,4,6.3,0,0,1,2,6
20,4,20,18.1,0,1,2,9,3
19,1,19,15.9,0,0,2,5,3
14,5,14,29.8,0,0,0,8,8
10,5,10,10.0,0,0,0,32,5
12,0,12,28.5,0,0,1,2,1
7,5,7,12.7,0,0,2,21,3
2,6,2,18.3,0,0,1,2,6
6,6,6,10.9,0,0,0,7,8
23,1,23,6.0,0,0,0,22,0
8,6,8,11.4,0,0,4,14,3
3,3,3,9.3,0,0,1,2,1
6,6,6,13.0,0,0,0,52,5
2,0,2,12.3,0,0,16,21,8
4,4,4,9.3,0,0,0,25,8
19,0,19,8.9,0,0,2,44,3
8,3,8,4.2,0,0,2,7,3
11,0,11,16.1,0,0,0,13,8
16,3,16,9.9,0,0,0,21,0
22,6,22,23.1,0,0,11,0,12
11,1,11,14.2,0,0,0,8,8
16,4,16,20.4,0,0,0,16,8
13,3,13,15.0,0,0,0,7,8
4,4,4,8.7,0,0,0,16,5
3,5,3,23.2,0,0,0,17,0
4,2,4,4.9,0,0,1,2,6
17,6,17,11.3,0,0,0,17,0
3,0,3,7.6,0,0,9,0,10
9,6,9,19.6,0,0,16,21,8
17,0,17,17.5,1,2,2,36,3
5,6,5,9.2,0,0,0,5,5
7,5,7,6.5,0,0,0,44,5
11,1,11,22.1,0,0,0,13,8
5,4,5,13.6,0,0,6,9,15
8,4,8,9.1,0,0,0,32,5
18,0,18,31.5,0,0,2,44,2
17,3,17,32.0,0,0,45,54,6
7,1,7,11.0,0,0,0,36,5
12,3,12,28.6,0,0,18,54,20
11,2,11,12.9,0,0,0,21,8
19,4,19,24.4,0,0,0,16,5
15,5,15,31.6,0,0,16,10,5
12,2,12,22.2,0,0,0,32,5
7,3,7,2.3,0,0,0,33,5
5,3,5,2.7,0,0,0,4,8
9,4,9,18.8,0,0,19,48,64
17,2,17,21.7,0,0,2,36,3
11,4,11,10.3,0,0,1,2,1
7,6,7,11.3,0,0,0,21,0
5,0,5,7.9,0,0,2,3,2
4,3,4,9.3,0,0,1,2,1
4,4,4,8.8,0,0,0,7,5
17,1,17,13.8,0,0,2,7,3
5,4,5,8.5,0,0,2,3,2
1,1,1,5.7,0,0,0,21,8
16,5,16,15.5,0,0,0,3,8
20,0,20,23.0,0,0,4,8,3
17,1,17,21.1,0,0,0,17,14
8,4,8,14.6,0,0,2,33,3
23,2,23,6.1,0,0,0,22,14
0,3,0,15.7,0,0,0,22,14
12,0,12,30.9,0,0,2,11,3
8,6,8,7.9,0,0,4,3,2
0,3,0,11.9,0,0,23,41,15
23,1,23,13.1,0,0,7,0,7
16,5,16,17.1,0,0,0,78,8
18,3,18,25.4,0,0,0,16,8
5,2,5,9.7,0,0,0,25,5
12,0,12,12.6,0,0,0,45,5
16,4,16,18.8,0,0,9,0,18
5,6,5,18.3,0,0,4,6,3
14,6,14,29.6,0,1,29,26,10
16,1,16,21.3,0,0,2,44,2
11,2,11,8.2,0,0,0,5,5
14,3,14,24.2,0,1,0,34,5
13,0,13,29.2,0,0,1,2,1
18,5,18,27.4,0,0,0,33,8
8,1,8,14.9,0,0,0,5,8
9,1,9,14.6,0,0,2,3,3
19,6,19,10.6,0,0,2,5,3
19,2,19,25.7,0,0,0,44,8
4,3,4,19.1,0,0,0,3,5
5,6,5,14.5,0,0,0,52,5
20,6,20,19.5,0,0,4,16,3
4,6,4,13.5,0,0,0,4,8
5,4,5,5.0,0,0,0,7,8
4,6,4,7.6,1,2,0,9,8
10,6,10,8.8,0,0,0,57,0
5,3,5,3.1,0,0,2,9,2
5,1,5,5.7,0,0,2,4,2
12,0,12,25.2,0,0,0,11,5
4,5,4,13.1,0,0,80,26,7
5,1,5,1.1,0,0,2,5,3
6,5,6,12.1,0,0,0,7,8
19,6,19,10.8,0,0,2,54,3
13,3,13,13.0,0,0,2,36,3
5,6,5,4.6,0,0,0,11,8
18,3,18,24.8,0,0,2,4,3
5,3,5,11.5,0,0,0,8,5
0,1,0,15.4,0,0,0,1,0
19,3,19,13.0,0,0,4,32,5
14,3,14,14.9,0,0,2,45,3
20,1,20,10.3,1,2,0,8,5
16,0,16,24.7,0,0,0,44,8
2,6,2,7.5,1,2,1,2,6
6,5,6,8.3,0,0,2,4,2
4,5,4,2.5,0,0,0,4,8
3,4,3,17.1,0,0,7,0,7
8,3,8,6.0,0,0,6,9,5
21,4,21,6.1,0,0,0,9,5
16,2,16,14.6,0,0,4,44,3
23,3,23,14.4,0,0,11,23,14
13,3,13,30.3,0,0,2,36,3
6,1,6,10.7,0,0,2,8,2
16,2,16,28.8,0,0,15,6,3
12,6,12,24.3,0,0,2,8,3
4,3,4,5.4,0,0,2,11,2
15,6,15,13.3,0,0,18,54,20
5,2,5,13.4,0,0,6,9,15
7,3,7,9.4,0,0,0,34,5
7,2,7,4.4,0,0,0,33,5
8,2,8,4.6,0,0,6,9,5
18,1,18,24.6,0,0,16,11,5
18,0,18,12.3,0,0,4,16,3
4,0,4,4.4,0,0,0,7,5
9,5,9,9.6,0,0,0,33,8
11,3,11,10.0,0,0,16,21,8
19,0,19,24.2,0,0,16,21,5
16,3,16,18.1,0,0,2,44,3
18,5,18,17.2,0,0,2,33,3
23,5,23,18.6,0,0,13,19,13
14,6,14,18.7,0,0,15,6,15
19,2,19,6.8,0,0,2,3,2
5,2,5,12.8,0,0,4,5,3
5,6,5,3.0,0,0,6,9,5
8,0,8,21.3,0,0,0,9,9
21,2,21,15.3,0,0,13,19,13
15,0,15,34.3,0,0,0,7,8
23,2,23,6.4,0,0,0,0,0
3,6,3,9.8,0,0,60,27,62
16,6,16,11.5,0,0,4,5,3
6,5,6,9.3,0,0,0,5,8
16,6,16,29.0,0,0,0,33,8
15,3,15,28.5,0,0,2,7,2
15,4,15,21.4,0,0,0,7,8
19,6,19,9.6,0,0,0,33,5
13,1,13,14.2,0,0,2,44,3
5,3,5,8.8,0,0,0,5,8
1,4,1,13.9,0,0,0,1,0
22,2,22,7.4,0,0,2,3,3
6,1,6,10.5,0,0,0,16,8
5,6,5,11.7,0,0,4,5,2
18,1,18,8.6,0,0,2,7,3
14,2,14,13.1,0,0,4,21,2
23,3,23,9.1,0,0,0,20,14
4,4,4,8.7,1,2,3,69,4
16,0,16,16.7,0,0,0,6,14
11,6,11,9.9,0,0,0,3,8
17,5,17,16.3,0,0,16,21,8
11,5,11,8.4,0,0,4,5,3
19,6,19,12.8,0,0,2,4,3
11,2,11,23.8,0,0,0,7,5
6,0,6,4.8,0,0,4,7,3
4,1,4,12.4,0,0,2,7,3
8,3,8,9.0,0,0,0,29,8
18,3,18,31.7,0,0,2,12,3
10,2,10,22.6,0,1,0,7,8
16,1,16,18.3,0,0,0,9,5
6,2,6,5.8,0,0,80,26,7
9,5,9,5.4,0,0,0,32,5
11,5,11,23.4,0,0,2,13,2
19,0,19,19.2,0,1,2,54,3
20,3,20,10.2,0,0,0,8,8
10,6,10,17.8,0,0,2,34,2
18,2,18,13.8,0,0,0,13,8
7,2,7,8.2,0,0,0,13,8
19,3,19,26.2,0,1,0,13,5
1,6,1,18.6,0,0,0,21,8
18,1,18,26.6,0,0,4,7,3
12,6,12,21.6,0,0,0,5,5
15,1,15,14.5,0,0,4,8,3
17,4,17,27.2,0,0,0,13,5
23,2,23,9.8,0,0,0,20,14
18,6,18,11.1,0,0,2,33,3
10,4,10,20.5,0,0,2,34,3
15,3,15,19.2,0,0,2,3,2
14,3,14,24.9,0,0,2,61,3
14,5,14,15.4,0,0,16,21,8
14,2,14,14.6,0,0,0,45,5
23,5,23,6.8,0,0,0,0,14
6,2,6,3.0,0,0,4,11,3
10,3,10,10.7,0,0,0,25,5
12,4,12,24.6,0,1,26,49,25
4,2,4,9.4,0,0,2,11,2
6,5,6,5.9,0,0,2,21,3
9,0,9,13.4,0,0,4,5,3
6,1,6,8.9,0,0,15,6,14
20,1,20,15.6,0,0,0,17,0
14,5,14,26.2,0,0,2,5,2
9,1,9,17.8,0,0,0,42,5
7,3,7,8.5,0,0,0,44,5
18,3,18,8.6,1,2,2,36,3
5,0,5,1.3,0,0,6,9,5
12,1,12,27.1,0,0,26,49,13
21,2,21,11.4,0,0,6,9,5
5,4,5,17.1,0,0,0,5,5
7,0,7,9.8,0,0,0,8,8
12,3,12,21.3,0,0,0,7,8
11,6,11,11.4,0,0,2,16,3
19,4,19,14.9,0,0,2,32,3
5,5,5,8.6,0,0,0,52,5
5,5,5,5.5,0,0,0,3,8
15,5,15,21.9,0,0,18,32,26
18,0,18,23.7,0,0,7,120,7
18,0,18,15.6,0,0,0,5,8
21,2,21,15.0,0,0,0,4,5
18,6,18,17.3,0,0,4,7,3
17,3,17,17.3,0,0,4,44,2
4,1,4,10.1,0,0,0,7,5
16,5,16,26.7,0,0,0,17,14
16,3,16,28.2,0,0,4,8,3
17,3,17,9.1,1,2,0,43,14
14,4,14,18.2,0,0,33,62,0
6,0,6,6.8,0,0,4,11,2
13,0,13,23.0,0,0,4,11,2
7,2,7,9.9,0,0,0,33,5
4,3,4,6.0,0,0,2,11,2
17,5,17,17.3,0,0,0,45,5
17,4,17,27.2,0,0,0,33,8
11,2,11,16.2,0,0,0,7,8
8,5,8,12.8,0,0,0,10,5
7,6,7,9.0,0,0,0,9,5
8,0,8,10.3,0,0,4,5,3
8,5,8,5.0,0,0,18,32,26
5,2,5,14.8,0,0,0,7,8
14,2,14,12.0,0,0,4,5,3
20,6,20,23.2,0,0,4,44,2
20,4,20,7.4,1,2,0,17,0
19,1,19,14.7,0,0,16,21,8
8,1,8,5.8,0,0,0,32,5
1,1,1,14.8,0,0,15,6,3
17,3,17,17.3,0,0,2,13,2
6,1,6,9.8,0,0,0,5,5
7,6,7,6.8,0,0,0,13,8
16,3,16,21.5,0,0,4,44,2
13,6,13,26.0,0,0,27,36,0
5,3,5,0.6,0,0,0,5,5
16,3,16,28.0,0,0,0,34,5
11,1,11,13.5,0,0,0,16,8
6,2,6,9.4,0,0,0,5,5
14,1,14,16.7,0,0,2,45,3
20,3,20,9.8,0,0,0,36,5
21,2,21,15.9,0,0,16,21,5
9,4,9,16.1,0,0,0,32,5
18,6,18,15.4,1,0,0,8,8
14,3,14,24.2,0,0,4,3,2
8,1,8,14.8,0,0,0,7,8
17,6,17,32.6,0,0,2,44,2
5,4,5,15.2,0,0,0,7,5
9,6,9,13.3,0,0,0,25,8
19,1,19,22.2,0,0,16,21,5
5,2,5,10.3,0,0,0,4,8
19,3,19,9.5,0,0,69,6,5
16,4,16,26.3,0,0,0,6,14
16,5,16,18.2,0,0,0,21,14
15,5,15,19.2,0,0,0,21,8
1,2,1,9.5,0,0,0,21,5
13,0,13,20.7,0,0,27,36,0
5,0,5,8.2,0,0,0,5,8
7,5,7,6.0,0,0,24,47,22
22,0,22,13.1,0,0,16,21,2
0,0,0,6.0,0,0,0,9,5
14,5,14,26.4,0,0,0,44,5
21,0,21,11.2,0,0,0,5,8
16,6,16,18.3,0,0,0,5,5
10,0,10,15.8,0,0,0,5,8
7,0,7,2.0,0,0,0,33,8
6,6,6,5.8,0,0,2,21,2
14,5,14,28.9,0,1,20,0,7
8,4,8,11.2,0,0,0,33,8
11,5,11,10.5,0,0,0,0,0
4,1,4,6.2,0,0,0,22,0
16,3,16,13.5,0,0,0,33,8
0,2,0,17.5,0,0,0,6,14
3,6,3,5.2,0,0,2,6,3
15,1,15,20.2,0,0,2,44,2
8,0,8,9.2,0,0,0,10,5
20,6,20,8.4,0,0,0,8,5
6,3,6,8.6,0,0,0,7,8
7,0,7,13.6,0,0,15,6,3
9,3,9,18.1,0,0,6,9,5
10,4,10,9.9,0,0,0,8,8
5,5,5,11.0,0,0,6,9,5
15,6,15,23.4,0,0,16,21,8
0,6,0,8.6,0,0,10,7,17
1,2,1,10.7,0,0,1,2,6
4,1,4,11.3,0,0,0,9,5
17,2,17,20.2,0,0,2,33,3
7,2,7,14.0,0,0,0,30,5
21,6,21,14.9,0,0,2,9,2
19,5,19,13.1,0,1,2,8,3
4,5,4,12.3,0,0,0,25,5
5,0,5,7.2,0,0,4,5,3
4,3,4,13.9,0,0,2,4,3
16,6,16,16.9,0,0,0,32,5
14,6,14,15.3,0,0,0,29,8
5,5,5,6.9,0,0,4,11,2
21,4,21,19.2,0,0,0,9,8
7,5,7,15.5,0,0,0,3,5
13,0,13,8.4,0,0,2,44,3
9,6,9,20.0,0,0,0,25,8
8,5,8,13.3,0,0,0,11,5
4,5,4,15.7,0,0,0,4,8
8,4,8,9.4,0,0,0,13,5
17,4,17,26.9,0,0,0,32,5
1,2,1,13.8,0,0,18,36,6
22,1,22,9.4,1,2,2,5,2
12,0,12,10.0,0,0,0,8,8
19,6,19,16.0,0,0,2,7,3
13,4,13,19.8,0,0,0,16,8
23,0,23,17.0,0,0,18,32,6
8,1,8,16.8,0,0,4,3,2
7,2,7,9.6,0,0,0,33,8
6,1,6,12.4,0,0,4,11,3
8,4,8,5.2,0,0,0,32,5
7,2,7,9.0,0,0,4,5,2
10,2,10,10.0,0,0,0,21,0
16,3,16,28.5,0,0,4,44,2
11,6,11,13.7,0,0,2,7,3
8,2,8,9.3,0,0,0,9,14
6,6,6,11.2,0,0,0,5,5
9,6,9,20.0,0,0,0,21,8
11,3,11,11.9,0,0,0,53,0
12,5,12,12.1,0,0,0,32,5
5,3,5,5.1,0,0,2,9,2
15,2,15,25.8,0,0,0,11,8
5,1,5,10.1,0,0,10,41,34
10,4,10,16.6,0,0,0,30,5
19,0,19,12.8,0,0,0,16,8
15,5,15,31.8,0,1,2,5,3
20,5,20,20.3,0,0,2,21,3
14,0,14,24.7,0,0,4,5,2
21,5,21,12.0,0,0,14,24,9
6,3,6,11.0,0,0,0,12,8
18,6,18,17.1,0,0,2,33,3
10,4,10,16.5,0,0,2,16,2
2,6,2,13.4,0,0,22,56,4
3,0,3,5.3,0,0,5,9,4
23,1,23,6.0,0,0,2,21,3
15,2,15,21.3,0,0,15,6,3
7,2,7,9.5,0,0,0,3,8
3,4,3,16.3,1,0,1,2,1
8,2,8,5.2,0,0,2,7,3
11,3,11,19.3,0,0,18,54,20
4,1,4,5.6,0,0,1,2,6
8,2,8,15.7,0,0,0,44,5
14,6,14,11.6,0,0,0,44,5
20,1,20,15.5,0,0,4,5,2
8,6,8,7.3,0,0,0,10,5
15,3,15,27.6,0,0,0,3,5
22,2,22,5.3,0,0,0,25,8
17,2,17,29.1,0,0,10,53,34
8,5,8,2.2,0,0,0,44,5
7,1,7,14.6,0,0,0,5,8
12,2,12,21.6,0,0,0,13,8
9,4,9,8.0,0,0,18,32,6
17,2,17,30.0,0,0,0,8,5
0,0,0,8.8,0,0,0,6,14
11,3,11,14.2,0,0,0,21,5
11,3,11,12.6,0,0,0,8,5
6,3,6,15.6,0,0,0,25,5
5,2,5,9.6,0,0,2,3,2
8,4,8,6.2,0,0,0,29,8
11,2,11,24.0,0,0,13,19,54
17,0,17,28.6,0,0,20,0,7
23,3,23,15.5,0,0,13,19,13
12,2,12,26.2,0,0,26,49,13
7,3,7,5.4,0,0,0,36,8
12,0,12,23.6,0,0,0,15,8
16,3,16,14.3,0,0,19,30,64
16,2,16,13.2,0,0,0,21,0
6,4,6,8.5,0,0,0,3,8
15,1,15,27.6,0,0,2,3,3
15,5,15,17.3,0,0,2,44,3
2,1,2,11.8,0,0,0,1,0
20,6,20,23.5,0,1,2,54,3
5,3,5,6.7,0,0,0,5,5
19,0,19,12.0,0,0,0,16,8
6,5,6,16.2,0,0,4,7,2
5,1,5,12.9,0,0,2,4,3
13,2,13,17.6,0,0,9,0,7
18,5,18,11.4,0,0,0,8,8
6,0,6,10.8,0,0,0,5,5
8,4,8,13.2,0,0,0,13,5
10,6,10,12.1,0,0,2,34,3
12,3,12,30.5,0,0,7,9,7
6,6,6,13.2,0,0,0,7,5
12,1,12,27.7,0,0,0,21,5
13,2,13,22.2,0,0,0,25,8
13,2,13,26.0,0,0,27,36,0
15,4,15,17.5,0,0,0,7,5
5,2,5,4.5,0,0,0,7,8
13,5,13,16.5,0,0,7,0,7
4,4,4,15.5,0,0,4,3,3
15,1,15,19.9,0,0,0,9,8
7,5,7,10.1,0,0,0,8,8
18,6,18,25.2,0,0,0,33,8
5,3,5,6.7,0,0,2,8,3
18,3,18,11.6,0,0,0,44,5
16,4,16,16.1,0,0,4,16,5
11,5,11,21.1,0,1,0,44,8
20,6,20,12.6,0,0,2,9,3
7,0,7,8.2,0,0,4,3,2
15,0,15,11.4,0,0,0,7,8
6,4,6,5.5,0,0,2,21,2
12,0,12,24.0,0,0,0,33,5
23,3,23,5.7,0,0,0,43,14
5,3,5,8.5,0,0,4,7,3
5,4,5,12.6,0,0,2,3,2
15,4,15,24.7,0,0,2,33,3
8,4,8,5.6,0,0,0,32,5
7,6,7,6.9,0,0,0,16,5
18,6,18,9.4,0,0,16,11,5
5,4,5,8.3,0,0,2,5,3
9,1,9,15.2,0,0,10,51,17
9,0,9,9.8,0,0,27,36,0
15,1,15,27.7,0,0,0,25,8
5,5,5,3.1,0,0,0,52,5
19,5,19,28.6,0,0,16,21,8
22,1,22,20.9,0,1,12,18,7
5,2,5,10.4,0,0,4,7,2
18,0,18,26.1,0,0,0,54,5
22,5,22,17.3,0,0,16,21,8
17,6,17,26.0,0,0,2,13,3
18,3,18,26.3,0,1,7,0,7
16,3,16,10.3,0,0,2,7,3
23,6,23,20.4,0,1,12,18,7
12,1,12,11.3,0,0,2,8,2
6,1,6,11.2,0,0,0,16,8
22,6,22,17.4,0,0,4,7,2
15,5,15,14.2,0,0,0,21,8
4,1,4,16.4,0,0,0,25,8
8,2,8,4.5,0,0,2,5,3
6,2,6,9.7,0,0,0,5,8
16,6,16,35.6,0,0,0,78,8
20,6,20,29.7,0,0,2,7,3
11,4,11,10.1,0,0,7,0,7
4,0,4,16.8,0,0,2,5,3
7,0,7,10.6,0,0,0,45,5
17,6,17,29.9,0,0,4,38,2
16,6,16,34.9,0,0,4,5,2
15,1,15,20.2,0,0,18,32,6
5,4,5,-0.1,0,0,4,21,5
5,6,5,13.7,0,0,2,10,3
17,3,17,10.0,0,0,0,3,8
6,2,6,11.4,0,0,16,21,5
20,1,20,8.3,0,0,6,9,5
7,4,7,4.9,0,0,0,33,5
2,3,2,5.6,0,0,1,2,1
6,3,6,9.9,0,0,2,3,2
7,2,7,11.3,0,0,2,33,3
7,1,7,7.8,0,0,2,16,3
19,6,19,24.5,0,1,0,25,8
2,4,2,15.2,0,0,0,1,0
14,0,14,33.5,0,0,4,12,2
12,4,12,10.0,0,0,2,33,2
15,2,15,14.0,0,0,0,21,5
0,4,0,13.8,0,0,0,9,8
4,3,4,4.0,0,0,0,4,8
9,3,9,13.2,0,0,2,16,2
15,6,15,17.0,0,0,28,55,0
7,1,7,9.6,0,0,0,29,8
11,0,11,17.6,0,0,90,16,55
0,1,0,15.1,0,0,0,6,9
4,3,4,15.5,0,0,0,3,5
4,1,4,8.7,0,0,2,3,3
23,6,23,7.4,0,0,0,22,14
16,5,16,28.8,0,0,0,3,8
10,3,10,13.1,0,0,24,47,23
6,2,6,9.5,0,0,0,3,5
14,0,14,15.2,0,0,15,6,3
4,2,4,15.6,0,0,0,7,5
11,6,11,13.4,0,0,14,17,13
1,0,1,20.5,0,0,0,1,0
21,6,21,10.4,0,0,6,9,7
15,0,15,27.3,0,0,2,9,3
5,5,5,16.7,0,0,0,16,5
5,6,5,13.5,0,0,2,5,3
0,5,0,16.1,0,0,35,43,0
14,4,14,7.3,0,0,0,44,5
0,4,0,17.1,0,0,0,25,5
12,0,12,12.6,0,0,0,32,5
23,3,23,8.8,0,0,16,21,8
5,5,5,11.2,0,0,0,11,8
15,0,15,27.9,0,0,7,0,7
7,1,7,14.8,0,0,0,13,5
15,5,15,12.7,0,0,15,6,3
4,1,4,19.3,0,0,2,7,3
5,0,5,6.9,0,0,0,5,8
15,0,15,24.6,0,0,7,2,7
16,6,16,30.6,0,0,38,48,39
23,6,23,20.6,0,0,21,36,7
19,0,19,19.9,0,0,0,44,8
11,3,11,14.0,0,0,19,3,60
0,4,0,18.3,0,0,4,8,3
19,5,19,6.8,0,0,0,4,8
4,3,4,3.1,0,0,0,7,5
6,6,6,0.1,0,0,0,3,8
15,6,15,19.1,0,0,33,62,0
8,1,8,9.1,0,0,4,5,2
4,4,4,14.0,0,0,0,3,8
12,2,12,11.2,0,0,2,110,3
18,4,18,20.1,0,0,6,9,0
5,1,5,16.5,0,0,2,11,5
12,2,12,21.3,0,0,0,11,5
7,1,7,4.1,0,0,24,47,23
16,3,16,9.9,0,0,0,44,5
18,3,18,17.8,0,0,4,7,2
12,2,12,9.1,0,0,0,8,5
18,0,18,25.7,0,0,7,0,7
2,1,2,6.8,0,0,1,2,1
12,3,12,26.9,0,1,26,49,12
6,1,6,13.0,0,0,0,7,8
0,4,0,4.9,0,0,0,0,0
15,3,15,32.6,0,0,0,5,8
5,1,5,19.3,0,0,0,16,8
4,5,4,9.6,1,2,17,36,7
4,4,4,9.6,1,2,16,21,2
6,3,6,7.6,0,0,6,9,5
14,2,14,14.8,0,0,4,8,3
8,4,8,6.9,1,2,0,17,0
16,5,16,30.6,0,0,0,36,5
8,1,8,17.4,0,0,0,9,9
0,3,0,11.7,0,0,0,0,0
10,0,10,12.3,0,0,44,16,58
19,4,19,27.1,0,0,16,11,5
23,0,23,5.8,0,0,2,21,3
20,2,20,15.3,0,0,0,4,8
18,0,18,15.7,0,0,0,21,8
7,2,7,0.9,0,0,4,12,2
3,2,3,13.9,0,0,0,6,5
1,4,1,8.3,0,0,0,37,0
14,1,14,20.1,0,0,2,7,3
13,6,13,22.5,0,0,0,45,5
1,0,1,8.8,0,0,0,37,0
21,3,21,9.5,0,0,2,16,2
11,6,11,14.2,0,0,0,21,8
15,5,15,8.0,0,0,0,78,5
0,2,0,9.8,0,0,0,6,14
18,1,18,19.3,0,0,2,7,3
2,0,2,5.4,0,0,1,2,1
16,0,16,22.6,0,0,0,5,5
1,2,1,2.0,0,0,0,21,5
7,6,7,19.0,0,0,2,3,2
16,0,16,15.1,0,0,2,44,2
18,4,18,28.7,0,0,6,9,0
4,3,4,14.2,0,0,2,4,3
10,1,10,21.6,0,0,0,54,5
15,3,15,15.9,0,0,2,7,2
17,3,17,14.1,0,0,0,3,5
13,6,13,12.0,0,0,18,54,20
7,1,7,11.1,0,0,2,16,2
23,3,23,14.7,0,0,35,43,14
12,0,12,25.5,0,0,2,44,3
8,6,8,7.7,0,0,2,16,2
5,6,5,13.2,0,0,0,25,8
21,5,21,11.9,0,0,11,0,14
15,2,15,22.3,0,0,0,13,8
4,3,4,11.1,0,0,2,7,3
9,2,9,11.5,0,0,0,53,0
8,1,8,6.0,0,0,0,13,5
14,0,14,30.5,0,0,2,12,3
23,1,23,13.4,1,0,1,2,6
23,2,23,11.0,0,0,0,20,0
21,1,21,14.6,0,1,0,25,8
9,4,9,11.9,0,0,9,0,10
14,1,14,21.2,0,2,4,7,5
12,3,12,28.5,0,0,10,28,16
21,2,21,9.5,0,0,0,9,8
5,1,5,14.5,0,0,4,12,2
1,2,1,5.8,0,0,1,2,6
6,5,6,7.1,0,0,2,12,3
19,6,19,18.0,0,0,16,21,8
3,5,3,12.4,0,0,1,2,1
6,1,6,13.0,0,0,2,32,3
16,1,16,21.1,0,0,0,78,8
4,0,4,3.8,0,0,0,12,8
13,4,13,16.9,0,0,14,17,13
13,1,13,30.1,0,0,14,17,13
20,3,20,21.1,0,1,4,32,3
12,1,12,9.5,1,2,0,90,8
20,5,20,21.6,0,0,0,17,0
20,0,20,25.4,0,0,0,5,8
14,5,14,29.5,0,0,2,34,3
10,4,10,13.1,0,0,0,8,8
9,4,9,10.4,0,0,0,8,8
6,5,6,7.5,0,0,4,21,2
19,6,19,8.8,0,0,2,4,3
10,4,10,13.0,0,0,0,53,0
23,5,23,8.2,0,0,23,41,15
15,2,15,11.9,0,0,16,10,5
18,0,18,11.1,0,0,16,21,3
5,4,5,16.0,0,0,2,11,3
4,2,4,16.3,0,0,0,11,8
10,4,10,15.2,0,0,2,45,3
17,2,17,20.4,0,0,2,44,3
4,0,4,14.1,0,0,0,7,5
10,1,10,13.2,0,0,0,25,8
0,6,0,5.4,0,0,0,20,0
5,0,5,16.1,0,0,4,8,3
11,5,11,21.3,0,0,0,8,5
0,6,0,16.0,0,0,2,21,3
8,0,8,10.0,1,2,10,100,28
0,2,0,5.6,0,0,1,2,6
17,4,17,26.5,0,0,6,9,5
14,2,14,19.8,0,0,2,7,2
21,1,21,12.9,0,0,0,8,8
12,6,12,13.1,0,0,0,11,8
12,1,12,12.2,0,0,0,30,5
13,2,13,18.2,0,0,2,110,3
0,3,0,19.0,0,0,0,22,14
18,4,18,15.9,0,0,0,12,5
5,2,5,12.4,0,0,1,2,6
19,1,19,12.4,0,0,2,4,2
17,2,17,28.7,0,0,0,25,8
15,5,15,32.0,0,0,0,78,8
10,2,10,10.1,0,0,0,29,8
13,5,13,18.9,0,0,4,11,3
20,2,20,14.4,0,0,2,9,2
15,6,15,25.5,0,0,0,5,8
17,1,17,20.1,0,0,0,11,8
4,5,4,5.2,0,0,1,2,6
4,1,4,10.4,0,0,0,11,8
11,6,11,18.6,0,0,2,45,3
5,0,5,14.9,0,0,4,11,2
17,6,17,14.3,0,0,0,12,5
7,4,7,1.1,0,0,0,13,8
7,1,7,9.5,0,0,0,16,8
14,5,14,26.3,0,0,4,32,2
18,5,18,23.4,0,0,0,13,8
6,3,6,6.3,0,0,0,3,5
6,2,6,9.4,0,0,0,8,8
12,3,12,11.3,0,0,10,28,34
14,6,14,22.2,0,0,6,9,5
11,4,11,11.4,0,0,0,0,0
14,4,14,24.5,0,0,0,16,5
8,6,8,4.9,0,0,30,9,24
7,6,7,10.9,0,0,0,29,8
0,3,0,9.6,0,0,0,6,14
13,2,13,11.9,0,0,2,36,3
6,2,6,14.0,0,1,0,42,5
2,1,2,6.8,0,0,9,0,10
2,2,2,5.4,0,0,1,2,1
5,4,5,7.4,0,0,1,2,6
11,0,11,17.4,0,0,0,44,8
21,0,21,14.8,0,0,2,9,2
3,4,3,16.3,0,0,1,2,1
4,3,4,9.3,0,0,2,5,3
3,4,3,15.0,0,0,1,2,1
6,5,6,4.4,0,0,0,25,5
7,4,7,10.7,0,0,0,29,8
1,4,1,8.2,0,0,0,37,0
23,6,23,15.7,0,0,12,18,7
14,2,14,11.8,0,0,0,21,8
5,2,5,3.4,0,0,2,9,2
11,5,11,15.6,0,0,0,8,8
11,6,11,10.8,0,0,2,8,3
9,5,9,19.2,0,0,18,32,6
5,1,5,10.9,0,0,0,8,5
23,4,23,12.3,0,0,2,21,3
12,4,12,19.9,0,0,0,11,8
22,5,22,20.3,0,0,34,0,7
4,4,4,18.7,0,0,0,3,8
4,6,4,15.0,0,0,0,4,8
19,1,19,26.0,0,0,2,33,2
13,1,13,29.7,0,0,0,3,5
17,0,17,25.1,0,0,0,12,8
13,0,13,21.4,0,0,14,17,13
6,0,6,4.1,0,0,6,9,5
4,3,4,17.1,0,0,4,6,3
9,2,9,9.3,0,0,2,8,3
12,2,12,13.3,0,0,26,49,13
4,6,4,17.0,0,0,0,3,5
1,2,1,5.7,0,0,0,1,0
16,5,16,22.3,0,0,0,21,0
8,1,8,10.0,0,0,17,0,7
21,2,21,13.5,0,0,13,19,13
8,4,8,9.4,0,0,0,10,5
9,4,9,21.2,0,0,0,57,14
19,3,19,18.9,0,0,0,61,5
19,4,19,23.9,0,0,0,16,5
18,5,18,26.4,0,0,2,33,2
16,2,16,20.5,0,0,0,78,8
9,2,9,9.5,1,0,16,21,8
13,6,13,10.7,0,0,0,16,8
15,4,15,19.5,0,0,0,13,8
7,1,7,9.9,0,0,0,29,5
17,0,17,16.0,0,0,4,38,2
6,1,6,15.1,0,0,4,32,5
16,0,16,27.2,0,0,20,0,7
5,1,5,9.5,0,0,6,9,15
3,2,3,11.1,0,0,1,2,1
12,3,12,25.4,0,0,0,15,8
12,0,12,16.1,0,0,0,32,5
13,3,13,17.3,0,0,0,61,8
21,3,21,19.4,0,0,0,4,8
8,3,8,3.7,0,0,6,9,5
16,2,16,26.1,0,0,4,3,3
10,2,10,16.0,0,0,0,5,8
0,3,0,10.5,0,0,0,6,14
16,2,16,22.6,0,0,6,93,5
23,2,23,18.2,0,0,18,32,33
1,3,1,2.1,0,0,1,2,6
18,3,18,17.0,0,0,0,16,8
15,5,15,31.6,0,0,2,7,3
17,6,17,10.2,0,0,4,38,2
6,2,6,8.7,0,0,0,7,5
0,5,0,7.3,0,0,0,6,0
23,0,23,16.7,0,0,6,9,5
19,4,19,11.1,0,0,0,17,0
10,4,10,18.0,0,0,0,53,0
5,4,5,8.8,0,0,6,9,5
6,4,6,11.1,0,0,0,12,8
7,3,7,11.0,0,0,0,29,8
20,5,20,23.4,0,0,2,21,3
19,2,19,26.0,0,0,0,44,5
15,1,15,25.6,0,0,2,3,3
15,1,15,25.6,0,0,16,21,8
17,3,17,28.2,0,0,16,10,5
5,6,5,14.3,0,0,2,7,3
23,2,23,10.9,1,2,4,7,5
19,1,19,12.0,0,0,16,21,8
18,2,18,12.8,0,0,16,21,8
15,4,15,12.1,0,0,0,78,8
4,2,4,17.6,0,0,2,5,3
6,3,6,7.9,0,0,0,9,5
1,4,1,11.6,0,0,0,6,9
18,5,18,10.1,0,0,0,12,5
14,6,14,20.1,0,0,2,45,3
17,3,17,14.3,0,0,0,3,8
6,0,6,11.5,0,0,2,9,3
7,1,7,17.3,0,0,2,3,2
13,1,13,19.7,0,0,0,45,5
7,5,7,13.0,0,0,2,33,3
6,3,6,13.5,0,0,0,8,5
16,4,16,11.8,0,0,0,11,8
16,1,16,27.4,0,0,0,8,5
18,0,18,7.5,0,0,0,36,8
10,1,10,16.9,0,0,0,25,8
16,2,16,13.5,0,0,0,15,8
22,1,22,9.2,1,2,1,2,6
12,6,12,28.2,0,1,26,49,12
14,6,14,22.6,0,0,7,36,7
20,5,20,15.0,0,0,2,9,2
16,2,16,24.9,0,0,0,13,8
8,3,8,18.1,0,0,0,9,8
11,0,11,22.5,0,0,20,0,7
5,6,5,15.9,0,0,0,42,5
8,4,8,17.5,0,0,0,3,8
7,3,7,8.4,0,0,0,7,8
4,1,4,5.9,0,0,0,25,8
14,1,14,18.4,0,0,0,34,5
5,4,5,13.4,0,0,0,5,8
11,1,11,10.3,0,0,2,3,3
9,2,9,18.2,0,0,0,8,8
5,0,5,15.3,0,0,2,11,2
5,1,5,2.3,0,0,0,3,5
13,0,13,21.7,0,0,2,12,3
6,0,6,9.5,0,0,0,3,8
7,0,7,9.4,0,0,2,16,2
0,4,0,15.7,0,0,0,6,9
17,5,17,28.7,0,0,22,56,4
4,2,4,6.8,0,0,0,11,5
17,5,17,17.9,0,0,0,17,14
8,2,8,13.1,0,0,0,9,0
12,2,12,20.7,0,0,0,5,8
15,2,15,16.6,0,0,2,5,2
5,0,5,4.9,0,0,0,3,5
15,2,15,25.3,0,0,0,5,8
0,2,0,21.7,0,0,11,23,14
17,0,17,21.5,0,0,16,11,8
14,6,14,14.8,0,0,0,13,8
6,6,6,18.3,0,0,4,11,2
14,3,14,25.8,0,0,0,8,8
7,3,7,2.6,0,0,2,16,2
12,3,12,16.3,0,0,0,21,8
16,1,16,13.8,0,0,0,33,8
16,6,16,24.9,0,0,0,36,8
12,1,12,9.6,1,2,7,78,7
7,1,7,1.9,0,0,17,0,7
6,1,6,8.1,0,0,0,3,8
4,1,4,8.8,0,0,0,4,8
6,1,6,7.1,0,0,15,6,3
8,2,8,17.3,0,0,0,76,14
18,1,18,15.0,0,0,16,21,8
13,6,13,22.2,0,0,49,86,49
5,3,5,8.3,0,0,0,16,8
8,1,8,5.9,0,0,0,33,8
9,5,9,9.9,0,0,4,44,5
7,3,7,8.4,0,0,0,36,8
16,1,16,11.7,0,0,0,17,14
19,0,19,13.5,0,0,0,12,8
9,6,9,11.8,0,0,18,32,6
14,4,14,29.9,0,0,4,13,3
16,6,16,26.2,0,0,0,36,8
5,3,5,12.5,0,0,2,8,3
12,1,12,20.8,0,0,4,63,3
11,4,11,17.2,0,0,27,36,0
6,3,6,11.2,0,0,4,50,3
0,5,0,20.6,0,0,0,22,14
8,3,8,14.0,0,0,0,9,14
10,2,10,10.0,0,0,2,5,3
5,1,5,15.4,0,0,2,8,3
20,1,20,10.5,0,0,2,4,2
17,1,17,15.2,0,0,2,44,3
14,0,14,30.8,0,0,4,5,2
22,6,22,20.5,0,1,12,18,7
11,1,11,22.0,0,0,0,3,8
21,6,21,10.0,0,0,13,19,13
16,1,16,4.8,0,0,16,21,8
23,6,23,14.9,0,0,0,22,0
16,5,16,32.7,0,0,0,17,0
3,0,3,12.9,0,0,8,6,9
13,1,13,11.2,1,2,0,3,8
0,0,0,7.3,0,0,0,21,8
21,1,21,14.7,0,0,0,9,8
18,6,18,16.5,0,0,28,55,0
0,1,0,19.8,0,0,16,21,5
8,5,8,2.4,0,0,2,5,3
4,2,4,9.3,0,0,0,4,8
5,3,5,6.8,0,0,4,3,5
23,2,23,10.1,0,0,0,20,0
16,3,16,17.8,0,0,0,11,8
5,5,5,8.2,0,0,4,5,3
6,0,6,7.6,0,0,0,7,5
21,2,21,11.4,1,2,4,5,3
12,4,12,23.9,0,0,2,11,3
8,1,8,9.6,0,0,2,42,2
12,3,12,23.5,0,0,4,63,3
10,3,10,17.1,0,0,0,13,8
14,4,14,28.7,0,0,0,29,5
12,0,12,28.2,0,0,7,0,7
9,6,9,14.1,0,0,0,9,5
14,6,14,17.3,0,0,0,8,8
22,6,22,10.2,0,0,11,0,12
13,1,13,24.9,0,0,0,3,5
16,3,16,17.9,0,0,0,6,14
5,5,5,13.7,0,0,6,9,15
17,1,17,17.4,0,0,0,3,8
19,3,19,12.8,0,0,0,17,0
16,5,16,30.4,0,0,4,5,2
10,0,10,15.6,0,0,2,34,3
5,3,5,3.2,0,0,0,52,5
16,0,16,25.5,0,0,4,44,2
4,1,4,19.9,0,0,0,16,5
8,4,8,8.5,0,0,0,5,8
0,2,0,16.3,0,0,2,21,3
19,4,19,22.3,0,0,0,16,8
21,6,21,16.8,0,0,0,9,5
22,0,22,18.2,0,1,12,18,7
0,1,0,9.6,0,0,0,43,14
1,4,1,13.5,0,0,1,2,6
5,3,5,17.9,0,0,4,8,3
14,6,14,17.1,0,0,0,8,5
11,1,11,23.4,0,0,0,53,0
10,2,10,10.0,0,0,0,21,14
21,4,21,18.3,0,1,2,9,2
13,6,13,20.6,0,0,2,45,3
4,2,4,14.7,0,0,2,3,2
6,2,6,4.6,0,0,0,7,8
22,2,22,6.4,0,0,23,41,15
7,5,7,13.6,0,0,15,6,14
19,0,19,26.8,0,1,0,16,8
20,6,20,14.0,0,0,2,44,3
13,5,13,14.3,0,0,0,3,8
14,4,14,17.5,0,0,4,78,5
18,6,18,9.3,0,0,0,32,5
12,6,12,14.6,0,0,0,3,8
18,1,18,19.0,0,0,2,4,3
23,4,23,8.8,0,0,0,43,14
6,2,6,3.4,0,0,2,7,2
5,2,5,8.8,0,0,0,3,5
19,0,19,16.1,1,2,0,44,5
11,3,11,21.4,0,0,0,45,5
21,4,21,9.8,0,0,4,8,3
14,5,14,22.2,0,0,0,32,5
8,2,8,12.9,0,0,2,5,3
18,0,18,28.0,0,0,0,32,5
17,2,17,20.1,0,0,6,9,0
13,0,13,9.2,0,0,2,13,3
19,2,19,16.5,0,0,2,54,3
17,6,17,13.3,0,0,0,3,8
8,0,8,5.5,0,0,16,21,8
6,4,6,13.1,0,1,16,21,8
1,4,1,11.9,0,0,0,37,0
5,2,5,4.2,0,0,16,21,8
5,6,5,2.2,0,0,0,16,8
6,0,6,10.3,0,0,0,7,8
9,0,9,17.7,0,0,19,35,38
18,1,18,18.9,0,0,2,4,2
7,6,7,8.1,0,0,0,8,8
18,5,18,17.6,0,0,0,44,5
15,5,15,26.1,0,1,2,7,3
7,5,7,4.1,0,0,24,47,23
6,0,6,17.2,0,0,9,0,7
6,0,6,0.2,0,0,2,119,3
10,2,10,7.4,0,0,7,0,7
4,3,4,15.7,0,0,0,16,8
12,2,12,9.8,0,0,4,5,3
17,4,17,18.8,0,0,0,3,5
16,5,16,21.0,0,0,0,17,0
17,1,17,21.1,0,0,6,9,0
8,3,8,4.1,0,0,4,5,3
20,4,20,20.1,0,0,0,3,5
17,4,17,12.8,0,0,4,8,3
15,6,15,20.7,0,0,16,21,8
16,2,16,22.5,0,0,0,7,5
4,1,4,13.9,0,0,0,16,8
4,4,4,19.3,0,0,15,6,15
1,2,1,16.0,0,0,15,6,3
5,0,5,12.3,0,0,4,8,5
15,6,15,25.2,0,0,0,21,8
16,5,16,24.8,0,0,0,54,5
2,0,2,6.7,0,0,4,8,3
9,5,9,5.5,0,0,0,53,14
14,0,14,18.7,0,0,4,44,5
13,6,13,22.8,0,0,7,0,7
0,3,0,17.1,0,0,0,0,0
4,3,4,2.6,0,0,0,7,5
5,0,5,4.0,0,0,16,21,2
9,2,9,12.1,0,0,2,5,3
5,3,5,12.3,0,0,4,10,3
11,3,11,20.4,0,0,2,7,3
6,5,6,12.1,0,0,0,5,8
7,6,7,10.8,0,0,15,6,3
9,5,9,15.9,0,0,2,16,2
13,5,13,24.8,0,0,2,7,2
11,2,11,24.7,0,0,2,34,2
23,6,23,6.6,0,0,0,43,14
5,0,5,11.4,0,0,0,3,5
15,1,15,22.2,0,0,2,13,3
13,5,13,20.3,0,0,4,13,5
17,2,17,10.5,0,0,4,38,2
22,4,22,7.5,0,0,0,4,5
4,0,4,16.5,0,0,5,9,4
12,0,12,15.4,0,0,2,44,2
10,1,10,22.9,0,0,10,31,43
21,1,21,10.4,0,0,14,24,9
16,4,16,26.1,0,0,4,5,2
20,0,20,6.2,0,0,2,9,3
16,2,16,13.7,0,0,0,7,5
19,3,19,12.9,0,0,2,32,3
9,6,9,8.2,0,0,0,53,0
17,6,17,20.4,0,0,2,33,2
16,5,16,27.9,0,0,0,3,5
15,6,15,17.2,0,0,0,8,8
13,6,13,29.2,0,0,0,13,5
12,6,12,14.8,0,0,2,30,3
20,2,20,14.5,0,0,2,32,3
18,5,18,9.4,0,0,40,0,10
11,4,11,9.2,0,0,0,3,8
22,3,22,23.4,0,0,2,8,3
18,3,18,9.7,0,0,0,21,5
11,2,11,9.3,0,0,16,21,8
10,4,10,6.3,1,0,19,48,17
11,0,11,11.0,0,0,16,21,8
13,0,13,25.7,0,0,45,58,6
4,6,4,14.0,0,0,0,5,8
9,1,9,17.4,0,0,6,9,5
14,0,14,19.0,0,0,4,21,2
12,5,12,14.2,0,0,2,8,2
9,3,9,9.7,0,0,7,36,7
7,4,7,4.0,0,0,2,8,3
5,4,5,9.2,0,0,6,9,5
17,5,17,28.6,0,0,4,44,2
9,2,9,5.0,0,0,0,9,8
8,1,8,2.5,0,0,0,29,5
8,3,8,18.1,0,0,0,9,8
7,5,7,5.4,0,0,0,16,5
2,5,2,10.0,0,0,0,22,14
7,3,7,7.5,0,0,0,7,8
19,0,19,23.7,0,0,0,44,8
4,1,4,8.6,0,0,2,4,3
12,4,12,11.9,0,0,2,5,3
18,2,18,19.6,0,0,2,44,3
7,0,7,11.0,0,0,9,0,10
14,1,14,11.1,0,0,4,8,3
15,0,15,20.2,0,0,2,34,3
9,6,9,11.7,0,0,0,5,8
13,1,13,11.8,1,2,0,44,8
15,3,15,17.0,0,0,0,78,5
6,2,6,8.3,0,0,0,8,5
1,3,1,8.2,0,0,0,6,0
10,3,10,16.5,0,0,0,54,5
9,3,9,10.1,0,0,6,9,5
18,6,18,12.3,0,0,0,13,5
4,0,4,17.4,0,0,0,7,5
0,5,0,7.4,0,0,15,6,3
16,4,16,35.2,0,1,29,26,10
22,4,22,9.3,0,0,23,41,15
7,0,7,8.1,0,0,0,8,8
18,2,18,13.8,0,0,0,5,8
10,6,10,10.6,0,0,4,9,5
8,4,8,0.4,0,0,0,11,8
8,4,8,7.4,0,0,0,45,5
11,3,11,9.8,0,0,2,34,3
17,2,17,21.5,0,0,2,13,3
18,6,18,10.8,0,0,4,50,5
12,3,12,20.3,0,0,0,11,8
0,6,0,19.7,0,0,14,17,13
12,3,12,16.4,0,0,2,11,2
5,0,5,8.8,0,0,2,9,2
17,1,17,23.4,0,0,0,32,5
19,5,19,23.5,0,0,0,33,8
6,1,6,9.7,0,0,0,8,5
0,4,0,17.4,0,0,7,21,7
6,0,6,8.5,0,0,24,28,30
22,6,22,17.8,0,0,0,17,0
15,3,15,19.4,0,0,4,5,2
22,1,22,7.5,0,0,0,25,8
10,2,10,12.3,0,0,2,45,3
15,1,15,11.4,0,0,4,8,3
9,2,9,7.5,0,0,2,8,3
8,2,8,10.2,0,0,0,33,5
5,0,5,9.8,0,0,2,5,3
5,0,5,14.8,0,0,0,7,5
4,3,4,6.4,0,0,0,5,8
11,6,11,26.3,0,0,8,0,9
5,6,5,19.0,0,0,2,11,2
19,4,19,14.6,0,0,0,17,0
19,6,19,13.8,0,0,2,54,3
6,4,6,16.7,0,0,16,124,3
7,5,7,7.0,0,0,0,3,8
14,2,14,9.6,0,0,18,32,6
5,4,5,12.0,0,0,0,3,8
10,6,10,8.9,0,0,0,8,8
6,0,6,6.5,0,0,0,5,8
5,0,5,6.3,0,0,0,4,8
9,6,9,13.6,0,0,0,3,8
14,3,14,24.2,0,0,14,17,13
4,1,4,11.3,0,0,2,7,3
12,5,12,14.6,0,0,0,34,5
7,1,7,11.2,0,0,0,5,8
4,3,4,4.1,0,0,2,11,2
6,0,6,9.5,0,0,24,28,30
17,6,17,9.8,0,0,0,12,8
16,2,16,28.4,0,0,15,6,3
7,5,7,9.8,0,0,0,45,5
6,5,6,13.9,0,0,0,12,8
9,3,9,8.1,0,0,2,8,2
4,3,4,15.9,0,0,0,7,5
14,6,14,16.3,0,0,0,21,8
8,5,8,7.8,0,0,0,76,0
9,5,9,20.0,0,0,0,53,0
12,3,12,20.4,0,0,0,11,5
6,4,6,6.7,0,0,15,6,3
5,4,5,5.4,0,0,2,9,2
0,3,0,20.5,0,0,0,0,14
15,5,15,16.8,0,0,16,10,5
19,3,19,9.1,0,0,7,0,7
5,1,5,11.1,0,0,0,5,8
13,6,13,19.6,0,0,0,29,8
6,2,6,12.2,0,0,0,25,8
10,1,10,13.0,0,0,0,16,8
20,4,20,10.1,0,0,2,5,3
11,4,11,12.9,0,0,2,16,2
19,6,19,31.0,0,0,0,16,8
20,6,20,9.0,0,0,2,16,2
6,5,6,12.4,0,0,2,54,2
6,3,6,8.1,0,0,4,32,3
7,3,7,8.4,0,0,2,21,3
19,6,19,11.0,0,0,2,33,3
0,2,0,12.5,0,0,14,17,13
15,3,15,33.2,0,1,0,44,5
12,1,12,11.5,0,0,0,10,5
7,4,7,2.0,0,0,17,0,7
20,0,20,10.6,0,0,0,36,8
15,1,15,11.5,0,0,6,9,7
9,6,9,19.2,0,1,0,44,5
14,6,14,10.9,0,0,2,36,3
5,6,5,17.9,0,0,1,2,6
16,0,16,27.6,0,0,18,32,6
12,4,12,15.9,0,0,0,11,8
1,3,1,18.5,0,0,7,36,7
20,2,20,16.2,0,0,2,3,2
11,5,11,26.0,0,0,13,19,54
19,3,19,9.3,0,0,0,25,8
6,5,6,3.6,0,0,2,32,3
6,5,6,5.0,0,0,0,52,5
2,3,2,11.8,0,0,80,26,7
16,0,16,34.5,0,0,2,13,3
17,6,17,25.8,0,0,0,17,0
1,1,1,16.8,0,0,1,2,6
17,2,17,11.0,0,0,0,33,8
12,5,12,12.0,0,0,26,49,13
18,3,18,30.8,0,0,16,11,5
6,0,6,3.5,0,0,24,28,30
2,1,2,5.8,0,0,15,14,3
16,3,16,12.4,0,0,0,6,14
14,3,14,27.1,0,0,4,3,2
6,2,6,0.5,0,0,0,21,14
23,6,23,10.4,0,0,0,20,14
20,1,20,13.5,0,0,0,4,8
2,5,2,7.6,0,0,1,2,1
9,3,9,17.9,0,0,10,3,11
14,5,14,21.5,0,0,6,93,5
11,3,11,22.7,0,0,7,36,7
12,5,12,11.8,0,0,0,32,5
1,5,1,13.9,0,0,1,2,6
5,4,5,18.2,0,0,0,5,8
8,4,8,7.4,0,0,4,8,3
19,5,19,13.2,0,0,10,39,17
20,2,20,9.1,0,0,6,9,5
7,1,7,10.1,0,0,2,8,3
9,0,9,6.8,0,0,0,15,5
17,6,17,20.3,0,0,2,12,2
1,2,1,9.6,0,0,7,26,7
12,4,12,26.6,0,0,4,11,2
5,4,5,4.9,0,0,8,6,9
21,3,21,20.0,0,0,13,19,13
13,1,13,14.6,0,0,0,7,8
12,5,12,13.4,0,0,2,61,2
8,1,8,2.3,0,0,2,33,3
14,2,14,29.1,0,0,0,33,5
12,4,12,7.2,0,0,0,32,5
4,4,4,10.5,0,0,2,4,2
5,5,5,21.1,0,0,4,11,2
9,6,9,13.4,0,0,0,45,5
6,1,6,2.5,0,0,0,21,14
20,6,20,10.7,0,0,0,7,8
2,6,2,9.8,0,0,0,62,0
21,0,21,9.7,0,0,0,9,8
11,6,11,10.1,0,0,2,44,3
11,4,11,17.6,0,0,2,29,3
7,3,7,11.7,0,0,0,29,8
5,5,5,3.1,0,0,2,5,3
20,3,20,9.3,0,0,2,4,3
4,1,4,16.9,0,0,0,3,8
5,6,5,5.0,0,0,10,4,17
7,6,7,9.3,0,0,0,13,8
14,0,14,30.4,0,0,24,25,30
6,2,6,10.1,0,0,2,7,3
5,1,5,9.8,0,0,0,12,5
4,5,4,7.1,0,0,2,11,2
6,3,6,5.0,0,0,0,8,5
20,2,20,17.0,0,1,0,3,5
5,0,5,13.3,0,0,0,5,5
15,2,15,16.3,0,0,0,8,8
16,3,16,14.4,0,0,0,11,8
19,6,19,18.4,0,0,0,44,8
6,4,6,8.7,0,0,0,3,8
8,4,8,12.2,0,0,2,16,3
5,3,5,0.6,0,0,4,21,2
11,4,11,24.8,0,0,0,34,5
7,3,7,1.2,0,0,0,7,8
7,4,7,9.7,0,1,0,5,8
15,1,15,24.8,0,1,0,45,5
20,3,20,8.7,0,0,0,3,8
17,2,17,13.6,0,0,0,33,8
5,0,5,3.6,0,0,4,10,3
4,3,4,12.4,0,0,0,3,8
17,4,17,12.4,0,0,0,33,5
4,3,4,1.2,0,0,2,11,2
3,6,3,11.2,0,0,1,2,1
1,0,1,6.8,0,0,1,2,6
12,2,12,22.0,0,0,2,44,3
8,3,8,3.8,0,0,6,9,5
6,5,6,1.4,0,0,2,21,2
15,2,15,20.2,0,0,2,44,2
11,2,11,14.6,0,0,0,13,8
10,0,10,9.5,0,2,0,21,14
8,1,8,5.8,0,0,0,21,8
2,4,2,16.1,0,0,2,6,3
7,5,7,6.7,1,0,27,36,0
8,4,8,15.9,0,0,17,0,7
7,2,7,9.2,0,0,0,30,5
20,1,20,13.1,0,0,13,19,13
23,1,23,17.7,0,0,13,19,13
13,5,13,19.9,0,0,0,36,5
19,6,19,20.6,0,0,0,25,8
11,0,11,26.7,0,1,0,16,5
15,3,15,14.3,0,0,16,10,5
12,5,12,24.2,0,0,0,13,8
5,0,5,13.7,0,0,0,3,5
10,0,10,22.8,0,0,0,3,5
11,3,11,11.2,0,0,0,21,8
5,4,5,8.1,0,0,0,7,5
4,3,4,16.5,0,0,0,16,5
17,1,17,18.2,0,0,2,7,3
7,5,7,4.6,0,0,24,47,22
5,5,5,11.5,0,0,2,7,2
2,3,2,3.9,0,0,1,2,1
15,4,15,24.5,0,0,2,8,3
16,4,16,18.5,0,0,0,32,5
8,5,8,15.5,0,0,4,5,3
17,6,17,14.9,0,0,6,9,0
18,4,18,14.2,0,0,0,12,5
11,6,11,16.5,0,0,0,45,5
18,0,18,12.2,0,0,0,13,8
9,6,9,11.4,0,0,0,8,5
18,1,18,11.3,0,0,0,12,5
6,5,6,2.5,0,0,6,9,15
14,3,14,10.8,0,0,0,3,5
11,1,11,25.5,0,0,10,7,11
5,6,5,7.5,0,0,2,7,2
12,3,12,22.1,0,0,0,3,5
6,6,6,17.2,0,0,2,9,2
9,5,9,7.8,0,0,0,7,8
13,0,13,15.3,0,0,4,11,5
4,4,4,12.3,0,0,0,11,8
0,4,0,18.0,0,0,2,21,3
13,4,13,16.7,0,0,2,36,3
6,3,6,8.8,0,0,7,21,7
10,3,10,20.9,0,0,0,5,5
19,5,19,7.9,0,0,2,4,3
16,3,16,17.7,0,0,0,44,5
4,6,4,12.5,0,0,2,10,3
7,0,7,12.1,0,0,17,0,7
8,3,8,2.3,0,0,4,5,3
8,5,8,17.3,0,0,0,10,5
17,1,17,12.0,0,0,6,9,0
2,0,2,6.4,0,0,15,14,3
23,2,23,4.2,0,0,0,43,14
14,6,14,25.5,0,0,2,12,3
6,4,6,10.5,0,0,4,21,2
14,3,14,14.1,0,0,2,45,3
5,0,5,9.1,0,0,0,4,8
18,1,18,25.6,0,0,4,44,3
13,1,13,28.9,0,0,4,3,2
0,4,0,7.7,0,0,1,2,6
5,6,5,17.1,0,0,0,9,3
2,4,2,15.6,0,0,15,6,3
16,4,16,24.3,0,1,9,0,18
5,6,5,6.7,0,0,9,0,18
0,1,0,15.5,0,0,0,9,5
11,1,11,19.3,0,0,14,17,13
4,3,4,9.1,0,0,0,11,8
11,6,11,10.1,0,0,14,17,13
12,0,12,9.7,0,0,10,100,57
13,3,13,9.8,0,0,18,32,6
11,0,11,9.4,0,0,0,13,8
4,1,4,11.4,0,0,0,3,5
3,6,3,11.5,0,0,2,6,3
15,0,15,17.0,0,0,0,78,5
4,2,4,6.4,0,0,2,7,2
5,2,5,8.2,0,0,6,9,5
6,3,6,5.8,0,0,0,3,8
21,5,21,9.2,0,0,2,8,3
14,3,14,14.2,0,0,16,110,8
16,5,16,12.0,0,0,7,41,7
8,1,8,9.3,0,0,0,33,8
7,6,7,6.9,0,0,0,36,8
22,2,22,7.3,0,0,16,21,8
6,1,6,1.1,0,0,0,8,8
21,2,21,12.6,0,0,0,3,5
23,4,23,7.1,0,0,0,0,0
6,1,6,13.2,0,0,0,8,5
17,0,17,14.3,0,0,2,12,2
18,3,18,27.2,0,0,2,16,2
19,6,19,17.3,0,0,0,16,8
6,5,6,1.9,0,0,0,52,5
14,1,14,14.8,0,0,0,45,5
6,3,6,15.5,0,0,4,21,2
7,4,7,8.5,0,0,4,13,2
0,6,0,9.4,0,0,0,43,14
3,0,3,6.2,0,0,5,9,4
22,0,22,6.2,0,0,23,41,15
2,1,2,20.9,0,0,2,32,5
8,4,8,14.8,0,1,0,16,5
13,1,13,24.9,0,0,0,61,5
18,0,18,25.1,0,0,0,16,5
15,1,15,11.3,0,0,0,21,8
5,1,5,11.0,0,0,4,5,2
9,0,9,3.6,0,0,2,7,3
12,4,12,19.2,0,0,0,9,5
14,0,14,30.3,0,0,2,5,3
2,1,2,14.6,0,0,1,2,6
6,1,6,8.7,0,0,2,21,2
23,0,23,15.6,0,0,0,20,14
6,0,6,9.8,0,0,0,7,8
6,6,6,10.7,0,0,0,7,8
5,3,5,6.9,0,0,0,52,5
16,2,16,33.1,0,0,4,7,5
14,5,14,16.3,0,0,0,13,8
8,0,8,4.8,0,0,0,32,5
1,5,1,6.3,0,0,1,2,6
7,2,7,6.0,0,0,2,16,3
16,2,16,28.5,0,0,0,9,8
1,2,1,9.6,0,0,0,37,0
8,0,8,17.4,0,1,0,32,5
8,1,8,8.7,0,0,2,16,3
13,3,13,17.8,0,0,0,29,8
5,4,5,11.0,0,0,2,11,2
8,2,8,8.7,0,0,0,54,5
10,2,10,11.0,0,0,2,45,3
4,0,4,16.8,0,0,0,3,5
6,1,6,9.0,0,0,7,87,7
1,6,1,20.7,0,0,1,2,6
12,2,12,11.9,0,0,0,13,5
18,5,18,28.2,0,0,2,16,3
0,1,0,8.6,0,0,23,41,15
19,5,19,12.9,0,0,0,21,5
15,1,15,13.9,0,0,6,9,7
3,4,3,14.5,0,0,2,6,3
11,3,11,23.6,0,0,0,48,3
13,3,13,27.4,0,0,4,5,3
11,2,11,13.8,0,0,16,21,8
21,3,21,15.7,0,0,8,0,9
10,5,10,22.8,0,1,18,32,6
19,1,19,12.5,0,0,2,33,3
1,6,1,7.3,0,0,0,1,0
5,5,5,15.6,0,0,0,32,5
9,1,9,14.1,0,0,27,36,0
22,2,22,21.5,0,0,2,9,2
18,5,18,28.4,0,0,0,33,8
5,5,5,2.3,0,0,0,25,5
12,3,12,14.4,0,0,1,2,1
9,4,9,13.6,0,0,0,32,5
11,5,11,10.9,0,0,2,7,3
18,6,18,17.3,0,0,0,33,8
13,6,13,14.6,0,0,7,0,7
16,0,16,31.5,0,0,10,31,17
14,3,14,13.0,0,0,7,120,7
5,5,5,12.7,0,0,4,32,3
20,6,20,19.2,0,0,0,44,5
12,2,12,19.6,0,0,2,44,3
15,5,15,27.8,0,0,2,36,3
4,0,4,4.1,0,0,0,25,8
5,6,5,4.6,0,0,2,9,2
15,1,15,13.2,0,0,0,78,8
18,2,18,25.8,0,0,0,6,14
19,4,19,27.7,0,0,19,35,64
7,5,7,12.8,0,0,9,0,10
12,4,12,22.1,0,0,27,36,0
18,0,18,11.9,0,0,4,16,3
12,2,12,17.9,0,0,4,11,2
8,2,8,8.6,0,0,0,5,5
1,5,1,4.8,0,0,16,21,8
12,2,12,11.4,0,0,0,8,8
0,6,0,6.2,0,0,0,21,5
0,6,0,9.1,0,0,15,6,3
0,4,0,7.4,0,0,0,4,5
5,6,5,13.1,0,0,2,10,3
21,4,21,6.3,0,0,0,4,8
7,6,7,13.0,0,0,0,13,8
6,1,6,3.3,0,0,0,16,8
11,5,11,14.9,0,0,1,2,1
16,2,16,29.7,0,0,0,45,5
21,4,21,10.4,0,0,22,56,4
7,0,7,9.0,0,0,0,16,5
22,3,22,7.2,0,0,23,41,15
13,3,13,20.8,0,0,2,13,3
16,0,16,22.2,0,0,4,54,5
1,2,1,6.2,0,0,16,21,8
22,1,22,13.2,0,0,0,9,5
21,0,21,18.4,0,0,25,46,14
17,1,17,27.7,0,0,0,21,0
1,1,1,17.8,0,0,0,1,0
11,4,11,20.5,0,0,2,30,3
7,1,7,9.6,0,0,0,8,8
23,5,23,12.0,0,0,18,36,6
23,3,23,15.8,0,0,11,0,14
12,1,12,17.3,0,0,10,33,17
16,0,16,21.5,0,0,0,6,14
5,3,5,7.5,0,0,2,5,3
8,0,8,9.0,0,0,0,33,8
5,5,5,8.2,0,0,4,11,2
19,6,19,14.6,0,0,7,0,7
9,4,9,7.3,0,0,0,30,5
9,2,9,10.8,0,0,2,33,3
5,2,5,16.8,0,0,0,16,5
7,6,7,9.5,0,0,4,14,3
15,4,15,18.5,0,0,2,13,3
15,4,15,28.5,0,1,18,32,6
14,0,14,16.1,0,0,2,7,3
17,0,17,21.5,0,0,0,7,8
4,1,4,8.8,0,0,1,2,6
10,0,10,13.4,0,0,27,36,0
15,1,15,17.7,0,0,0,5,8
6,0,6,4.9,0,0,0,7,5
19,2,19,8.7,0,0,0,17,0
9,4,9,17.4,0,1,17,0,7
16,2,16,13.5,0,0,22,40,4
12,5,12,17.7,0,0,0,11,5
8,6,8,8.7,0,0,30,9,35
9,6,9,14.8,0,0,10,7,34
18,2,18,11.2,0,0,0,13,5
10,5,10,22.1,0,1,2,45,3
21,5,21,21.0,0,0,16,21,8
8,6,8,10.1,0,0,0,30,5
8,5,8,12.7,0,0,0,8,5
5,0,5,14.4,0,0,0,7,8
21,2,21,11.0,0,0,2,8,3
14,2,14,18.2,0,0,0,9,8
16,3,16,13.6,0,0,4,5,2
0,5,0,16.1,0,0,0,0,0
7,3,7,8.5,0,0,16,21,5
11,0,11,16.1,0,0,2,16,3
14,1,14,19.4,0,0,16,110,5
8,4,8,6.2,0,0,0,44,5
16,4,16,19.7,0,0,0,6,14
18,2,18,19.5,0,0,0,3,8
14,4,14,29.1,0,0,0,29,8
15,2,15,20.1,0,0,16,21,8
5,4,5,16.5,0,0,4,38,2
5,5,5,1.0,0,0,2,5,3
17,4,17,11.8,0,0,16,11,5
14,2,14,13.6,0,0,4,8,3
10,4,10,10.1,0,0,0,13,8
1,2,1,20.3,0,0,0,1,0
17,2,17,11.5,0,0,0,44,5
19,0,19,23.0,0,0,9,0,18
0,1,0,15.9,0,0,8,0,9
17,5,17,15.0,0,0,4,38,3
5,3,5,14.4,0,0,4,6,3
21,4,21,8.6,0,0,0,9,5
14,3,14,14.8,0,0,0,9,8
14,1,14,11.4,0,0,16,21,8
23,5,23,7.0,0,0,0,22,14
18,2,18,32.7,0,0,0,13,5
18,1,18,13.9,0,0,0,33,5
13,4,13,28.3,0,0,0,9,5
22,6,22,14.2,0,0,0,25,8
19,6,19,29.2,0,1,7,0,7
12,0,12,23.3,0,0,2,7,3
17,6,17,20.3,0,0,0,6,14
5,0,5,9.7,0,0,2,9,2
13,0,13,20.8,0,0,2,36,3
5,2,5,13.8,0,0,4,12,5
21,6,21,12.5,0,0,2,9,2
0,4,0,7.1,0,0,15,6,3
16,5,16,15.6,0,0,6,9,0
21,5,21,5.7,0,0,0,25,5
13,6,13,11.6,0,0,0,4,8
4,3,4,19.1,0,0,0,7,8
19,2,19,12.6,0,0,2,4,3
21,2,21,5.6,0,0,2,8,2
20,0,20,24.8,0,0,4,32,2
17,6,17,24.4,0,0,0,12,8
14,5,14,15.0,0,0,0,3,8
11,6,11,17.9,0,0,0,5,8
11,4,11,14.8,0,0,2,16,2
10,6,10,6.2,0,0,2,45,3
5,5,5,9.9,0,0,1,2,6
6,0,6,7.0,0,0,0,5,5
6,2,6,9.2,0,0,2,3,3
20,2,20,9.3,0,0,0,4,5
16,4,16,25.9,0,0,0,36,8
11,6,11,17.7,0,0,0,13,8
12,5,12,24.9,0,0,1,2,1
6,6,6,17.2,0,0,0,25,5
7,5,7,2.5,0,0,0,13,5
15,4,15,29.3,0,0,0,78,5
10,3,10,9.4,0,0,0,13,8
11,2,11,15.9,0,0,0,3,5
23,1,23,14.0,0,0,0,0,0
16,4,16,25.6,0,0,4,5,3
16,0,16,11.7,0,0,0,7,8
12,1,12,15.0,0,0,2,61,3
9,2,9,9.3,0,0,19,4,64
20,2,20,19.9,0,0,4,5,3
22,3,22,8.2,0,0,18,32,33
8,0,8,17.0,0,0,17,0,7
21,6,21,9.0,0,0,3,6,4
11,3,11,13.0,0,0,0,0,0
5,6,5,13.7,0,0,2,5,3
23,0,23,9.3,0,0,2,21,3
11,6,11,12.8,0,0,14,17,13
8,2,8,5.3,0,0,0,5,8
7,4,7,6.7,0,0,8,0,9
4,4,4,12.4,0,0,0,25,8
18,1,18,16.8,0,0,0,13,8
5,1,5,8.8,0,0,0,27,5
6,0,6,12.2,0,0,2,3,3
18,4,18,27.4,0,0,9,0,18
3,6,3,19.6,0,0,1,2,1
22,3,22,9.7,1,2,2,5,3
1,5,1,6.4,0,0,16,21,8
17,3,17,25.0,0,0,0,36,8
8,1,8,16.4,0,0,10,83,43
9,6,9,8.9,0,0,0,53,0
18,1,18,15.8,0,0,0,21,8
6,0,6,13.7,0,0,2,8,3
9,0,9,13.2,0,0,6,9,5
22,5,22,6.1,0,0,6,9,5
15,5,15,25.2,0,0,0,9,8
19,0,19,15.0,0,0,0,17,0
18,0,18,16.6,0,0,4,44,3
13,1,13,15.8,0,0,0,13,8
8,5,8,5.0,0,0,0,21,8
19,0,19,20.5,0,0,0,25,5
23,0,23,17.3,0,0,11,23,14
18,5,18,27.8,0,0,4,32,3
14,0,14,19.3,0,0,4,5,3
5,2,5,12.8,0,0,0,25,5
17,6,17,30.0,0,0,10,74,31
11,4,11,21.6,0,0,2,29,3
0,6,0,9.2,0,0,23,41,15
6,4,6,0.6,0,0,0,8,8
17,2,17,12.0,0,0,4,38,3
17,6,17,11.3,0,0,4,5,3
17,4,17,27.0,0,0,4,38,3
4,6,4,6.1,0,0,0,16,8
14,5,14,14.9,0,0,16,110,3
6,4,6,13.4,0,0,0,45,5
8,1,8,10.4,0,0,0,29,8
0,3,0,21.4,0,0,0,6,5
15,3,15,26.4,0,0,4,5,3
4,0,4,14.6,0,0,2,3,2
8,3,8,15.5,0,0,0,73,8
13,2,13,8.3,0,0,0,3,8
0,2,0,22.1,0,0,0,0,0
7,1,7,7.8,0,0,0,44,5
10,5,10,15.0,0,0,4,44,2
14,5,14,16.6,0,0,10,7,34
12,4,12,26.2,0,0,0,16,5
16,0,16,16.5,0,0,0,44,8
7,1,7,14.8,0,0,0,13,5
18,2,18,29.6,0,0,16,11,3
16,1,16,23.0,0,0,0,36,8
14,5,14,26.7,0,0,0,29,8
7,0,7,19.2,0,0,15,6,14
15,2,15,21.4,0,0,0,9,0
6,2,6,13.6,0,0,0,8,5
20,4,20,14.8,0,0,0,36,5
5,5,5,5.0,0,0,2,3,3
16,5,16,20.3,0,0,0,21,8
8,0,8,5.6,0,0,2,33,3
3,1,3,9.3,0,0,0,68,8
5,1,5,14.5,0,0,0,7,8
15,2,15,30.6,0,1,7,0,7
8,1,8,9.7,0,0,2,16,3
4,2,4,14.0,0,0,2,4,3
23,4,23,8.1,0,0,2,21,3
5,4,5,11.6,0,0,2,3,3
16,1,16,21.0,0,0,0,13,8
4,5,4,7.2,0,0,1,2,6
5,5,5,1.3,0,0,2,9,2
4,5,4,11.7,0,0,0,3,8
5,4,5,15.3,0,0,2,4,3
1,6,1,7.6,0,0,0,1,0
5,0,5,13.3,0,0,0,5,5
19,0,19,28.8,0,0,0,16,8
5,5,5,15.8,0,0,2,3,2
23,3,23,9.6,0,0,7,0,7
9,4,9,9.9,0,0,18,32,6
14,1,14,19.5,0,0,15,6,3
20,5,20,27.9,0,0,16,21,8
5,0,5,9.8,0,0,0,7,5
16,6,16,18.8,0,0,0,17,0
13,2,13,20.1,0,0,0,32,5
23,5,23,9.9,0,0,0,20,0
19,4,19,9.6,0,0,2,33,3
5,2,5,9.5,0,0,4,3,2
18,3,18,25.9,0,0,0,3,8
9,6,9,10.3,0,0,4,8,2
17,6,17,15.3,0,0,6,9,0
7,3,7,8.4,0,0,4,3,5
14,3,14,21.9,0,0,2,7,2
6,5,6,2.5,0,0,2,32,3
18,0,18,31.5,0,0,0,13,8
5,4,5,16.8,0,0,4,11,2
19,1,19,8.6,0,0,2,16,2
20,1,20,23.2,0,0,0,36,8
6,4,6,14.6,0,0,3,26,4
0,1,0,10.3,0,0,0,21,8
15,2,15,20.1,0,0,0,16,8
19,3,19,14.1,0,0,16,21,2
12,5,12,21.8,0,0,0,34,5
15,3,15,32.9,0,0,2,58,3
0,0,0,17.8,0,0,0,22,14
4,1,4,19.3,0,0,0,3,5
4,1,4,4.8,0,0,0,12,5
17,6,17,15.8,0,0,4,8,5
19,2,19,11.0,0,0,0,8,5
19,4,19,10.8,0,0,2,4,3
11,6,11,11.1,0,0,4,14,3
14,2,14,22.3,0,0,2,7,2
0,3,0,23.3,0,0,9,0,10
8,0,8,10.1,0,0,0,33,8
9,3,9,9.7,0,0,0,13,8
0,0,0,15.2,0,0,35,43,0
1,0,1,12.4,0,0,1,2,6
2,0,2,16.7,0,0,16,21,8
11,3,11,13.4,0,0,0,53,0
16,1,16,19.3,0,0,2,58,3
11,4,11,12.8,0,0,0,0,0
5,2,5,14.5,0,0,0,9,3
16,3,16,11.2,0,0,2,5,2
15,4,15,15.1,0,0,15,6,3
21,4,21,19.1,0,0,16,11,5
14,1,14,17.3,0,0,0,34,5
1,0,1,13.3,0,0,1,2,6
4,1,4,9.9,0,0,0,25,5
6,4,6,4.0,0,0,2,21,3
15,3,15,24.7,0,0,0,7,8
7,1,7,11.7,0,0,2,54,3
18,6,18,24.5,0,0,6,9,14
12,3,12,23.2,0,0,0,13,5
9,1,9,10.5,0,0,0,33,8
9,0,9,10.3,0,1,0,3,5
19,5,19,11.5,0,0,2,32,3
20,2,20,16.2,0,0,2,32,3
13,6,13,19.6,0,0,0,45,5
18,2,18,10.7,0,0,0,13,5
6,5,6,6.2,0,0,0,8,8
4,2,4,4.8,0,0,1,2,6
17,3,17,26.7,0,0,10,4,17
10,3,10,18.2,0,0,0,3,8
13,1,13,29.1,0,0,0,13,8
16,5,16,24.6,0,0,0,7,8
6,5,6,12.4,0,0,0,3,8
10,1,10,7.3,0,0,27,36,0
8,4,8,6.6,0,0,6,9,5
17,4,17,7.2,0,0,2,8,3
2,0,2,6.3,0,0,1,2,1
11,0,11,20.2,0,0,27,36,0
8,0,8,9.3,0,0,0,54,5
9,1,9,19.0,0,0,0,3,8
20,4,20,23.9,0,0,16,21,3
19,4,19,10.3,0,0,0,17,0
13,2,13,23.8,0,0,0,61,8
0,0,0,11.4,0,0,1,2,6
7,0,7,9.1,0,0,0,13,5
8,5,8,15.6,0,0,0,44,5
16,4,16,16.9,0,0,2,33,2
15,0,15,27.0,0,0,2,7,2
19,5,19,13.7,0,0,18,32,33
11,4,11,10.1,0,0,2,30,3
8,6,8,18.2,0,0,0,32,5
17,0,17,13.9,0,0,0,54,5
4,4,4,4.9,0,0,0,7,8
0,6,0,12.1,0,0,0,43,14
6,3,6,7.8,0,0,0,16,8
17,5,17,14.4,0,0,0,5,8
11,0,11,27.7,0,1,0,21,8
18,0,18,15.3,0,0,0,13,5
5,5,5,15.6,0,0,4,6,3
23,4,23,16.8,0,0,14,24,9
4,5,4,6.4,0,0,0,16,5
9,4,9,7.3,0,0,22,56,4
9,1,9,24.7,0,1,2,16,3
16,5,16,26.7,0,0,16,21,2
19,1,19,14.0,0,0,4,16,5
13,4,13,25.9,0,0,4,32,3
15,4,15,13.1,0,0,6,93,5
0,5,0,16.2,0,0,35,43,0
5,2,5,11.6,0,0,2,7,2
14,3,14,24.1,0,0,0,9,5
13,5,13,13.8,0,0,2,36,3
17,6,17,33.3,0,0,2,8,3
6,4,6,8.4,0,0,2,32,3
8,6,8,13.7,0,0,2,13,3
1,3,1,22.4,0,0,0,1,0
11,1,11,13.1,0,0,0,53,0
17,5,17,16.3,0,0,0,13,8
11,1,11,15.0,0,0,16,21,8
11,6,11,18.0,0,0,16,21,8
11,1,11,25.7,0,0,0,5,8
1,1,1,5.1,0,0,1,2,6
5,0,5,11.4,0,0,0,3,5
19,4,19,10.2,0,0,2,4,3
6,3,6,7.4,0,0,4,7,2
8,4,8,4.1,0,0,0,29,8
13,1,13,18.1,0,0,0,13,8
22,6,22,10.2,0,0,2,7,2
11,6,11,14.4,0,0,4,5,2
8,2,8,4.2,0,0,16,21,8
5,5,5,11.6,0,0,1,2,6
20,1,20,22.8,0,0,4,5,2
5,4,5,12.4,0,0,4,12,3
4,1,4,1.2,0,0,0,12,5
6,0,6,17.1,0,0,2,4,3
11,5,11,13.1,0,1,0,3,5
12,6,12,22.2,0,0,2,11,3
6,4,6,10.5,0,0,4,7,2
8,1,8,20.4,0,0,0,9,9
3,3,3,7.4,0,0,7,36,7
22,6,22,4.9,0,0,4,54,3
9,2,9,11.4,0,0,0,16,8
16,0,16,25.8,0,0,0,44,8
13,0,13,29.5,0,0,0,3,5
16,5,16,28.9,0,0,0,45,5
9,1,9,19.3,0,0,0,43,14
5,6,5,18.0,0,0,4,6,3
2,6,2,6.6,0,0,1,2,1
2,4,2,13.0,0,0,0,1,0
13,0,13,13.2,0,0,0,9,5
14,2,14,11.5,0,0,22,40,4
5,5,5,3.5,0,0,2,9,2
13,0,13,14.7,0,0,2,36,3
4,1,4,12.3,0,0,0,12,5
5,2,5,11.6,0,0,4,11,2
21,0,21,11.9,0,0,11,0,14
7,0,7,3.2,0,0,0,5,8
2,4,2,17.0,1,2,10,16,17
4,0,4,17.2,0,0,0,3,5
14,4,14,16.0,0,0,0,61,8
17,4,17,12.4,0,0,4,38,3
19,6,19,23.9,0,0,0,16,8
12,3,12,22.0,0,0,18,32,6
5,3,5,8.5,0,0,0,16,8
15,3,15,26.9,0,0,16,10,5
12,1,12,29.2,0,0,10,5,17
9,1,9,20.6,0,2,10,13,36
7,0,7,11.9,0,0,0,25,8
23,3,23,8.0,0,0,0,43,14
7,3,7,9.4,0,0,2,16,2
10,2,10,11.7,0,0,27,36,0
5,0,5,9.7,0,0,1,2,6
9,3,9,16.2,0,0,0,42,5
19,1,19,25.9,0,1,2,54,3
8,3,8,12.1,0,0,18,32,6
4,0,4,3.9,0,0,0,3,8
6,5,6,13.2,0,0,0,4,8
9,3,9,19.2,0,1,17,0,7
7,5,7,8.1,0,0,0,36,5
17,1,17,19.7,0,0,6,9,0
6,4,6,9.5,0,0,4,7,3
4,3,4,9.4,0,0,0,3,8
4,4,4,17.0,0,0,2,5,3
1,1,1,15.0,0,0,15,6,3
20,6,20,23.1,0,0,2,21,3
8,0,8,3.5,0,0,10,100,28
8,5,8,6.1,0,0,2,16,3
20,1,20,13.0,0,0,6,9,5
12,2,12,16.7,0,0,0,32,5
2,5,2,24.4,0,0,1,2,6
16,0,16,30.2,0,0,0,33,8
5,5,5,14.3,0,0,0,32,5
4,0,4,5.8,0,0,6,9,5
17,3,17,27.6,0,0,0,21,0
22,3,22,4.9,0,0,23,41,15
10,1,10,26.7,0,0,10,5,17
5,6,5,8.1,1,2,0,6,14
9,3,9,6.9,0,0,0,8,5
10,0,10,9.6,0,0,20,6,7
20,1,20,13.1,0,0,6,9,5
8,1,8,14.3,0,0,2,16,2
5,6,5,10.3,0,0,2,3,3
20,0,20,20.6,0,0,0,3,5
8,6,8,11.9,0,0,4,14,3
4,1,4,5.3,0,0,2,11,2
9,3,9,22.1,0,0,2,42,3
12,2,12,11.4,0,0,0,44,8
5,4,5,8.5,0,0,4,3,2
5,6,5,10.7,0,0,0,7,8
14,0,14,28.8,0,0,2,12,2
5,5,5,9.6,1,2,0,6,14
18,0,18,12.9,0,0,0,33,5
4,1,4,8.6,0,0,0,11,8
20,2,20,13.7,0,0,0,36,5
12,1,12,18.4,0,0,0,3,8
14,1,14,26.5,0,0,33,62,0
16,3,16,9.9,0,0,0,11,8
12,0,12,12.3,0,0,2,13,3
0,5,0,19.6,0,0,18,32,6
13,5,13,21.6,0,0,0,61,8
7,1,7,9.0,0,0,0,9,5
18,1,18,16.1,0,0,0,7,5
21,2,21,8.2,0,0,2,8,3
14,5,14,13.3,0,0,0,5,8
16,6,16,24.4,0,0,0,36,8
7,1,7,11.0,0,0,0,29,8
19,3,19,14.5,0,0,18,32,6
8,4,8,12.4,0,1,17,0,7
7,5,7,2.6,0,0,0,29,5
23,3,23,5.4,0,0,0,0,0
11,1,11,20.3,0,0,0,54,8
12,5,12,18.8,0,0,0,34,5
15,5,15,16.7,0,0,0,5,8
16,5,16,18.6,0,0,0,3,8
13,2,13,16.7,0,0,0,61,8
17,0,17,26.2,0,0,0,12,8
8,1,8,9.9,0,0,2,16,2
16,2,16,14.1,0,0,4,5,3
20,1,20,16.3,0,0,4,3,3
5,5,5,1.7,0,0,4,12,5
15,4,15,30.8,0,0,0,78,8
6,3,6,5.8,0,0,0,5,8
23,4,23,16.5,0,0,18,36,6
13,3,13,23.5,0,0,4,32,3
7,3,7,1.6,0,0,4,21,2
5,1,5,9.2,0,0,2,11,2
15,0,15,8.1,0,0,16,10,5
15,5,15,18.0,0,0,16,10,5
11,2,11,10.5,0,0,0,13,8
8,6,8,2.0,0,0,4,14,3
16,6,16,19.2,0,0,0,32,5
15,2,15,14.1,0,0,0,3,8
14,3,14,24.0,0,0,7,36,7
18,2,18,17.8,0,0,16,21,8
16,5,16,28.0,0,0,0,4,8
14,5,14,15.9,0,0,0,30,5
22,0,22,10.1,0,0,14,17,13
11,2,11,10.8,0,0,0,3,5
0,6,0,7.5,0,0,15,6,3
4,0,4,3.5,0,0,0,5,8
4,0,4,4.9,0,0,0,11,8
0,0,0,8.5,0,0,23,41,15
16,1,16,27.4,0,0,0,5,5
8,2,8,8.9,0,0,0,13,8
4,1,4,6.6,0,0,2,7,2
5,2,5,6.3,0,0,0,7,8
17,6,17,22.5,0,0,0,54,5
10,1,10,19.6,0,0,0,34,5
17,4,17,15.5,0,0,0,13,8
6,4,6,10.6,0,0,16,21,8
18,0,18,20.7,0,0,2,33,3
5,2,5,16.3,0,0,4,10,2
16,3,16,30.5,0,0,6,9,7
10,1,10,16.3,1,0,10,48,55
9,3,9,21.8,0,0,2,13,3
23,4,23,9.0,0,0,0,4,8
6,2,6,11.4,0,0,16,21,5
17,6,17,13.7,0,0,0,44,5
11,2,11,19.5,0,0,7,0,7
6,0,6,9.6,0,0,4,32,3
10,5,10,14.7,0,0,0,53,0
10,4,10,23.5,0,0,0,34,5
5,4,5,15.1,0,0,0,5,8
8,0,8,8.0,0,0,0,33,5
17,1,17,13.7,0,0,2,44,2
16,1,16,30.6,0,0,0,10,8
3,3,3,20.5,0,0,2,6,3
15,3,15,32.5,0,0,4,5,2
21,6,21,6.0,0,0,0,36,5
6,1,6,5.7,0,0,0,8,8
17,6,17,18.1,0,0,4,38,3
7,4,7,6.9,0,0,0,36,8
3,5,3,16.1,0,0,15,14,3
7,0,7,10.4,0,0,0,8,8
15,0,15,20.1,0,0,24,33,8
23,3,23,9.7,0,0,0,20,14
16,6,16,20.7,0,0,4,21,2
15,4,15,18.9,0,0,0,11,8
17,0,17,13.9,0,0,6,9,0
15,3,15,18.5,0,0,16,10,5
13,4,13,22.2,0,0,28,55,0
13,5,13,15.1,0,0,4,8,3
11,1,11,22.1,0,0,0,5,8
16,1,16,29.7,0,0,0,5,8
20,4,20,20.1,0,0,2,8,3
4,3,4,6.8,0,0,0,16,8
7,6,7,19.4,0,0,0,36,8
6,1,6,0.7,0,0,4,3,2
17,3,17,9.9,0,0,20,0,7
6,2,6,8.7,0,0,0,7,8
12,3,12,15.7,0,0,10,28,34
5,3,5,12.2,0,0,4,11,3
11,3,11,15.3,0,0,9,0,10
15,5,15,31.9,0,0,16,10,8
15,2,15,23.8,0,0,4,16,2
22,1,22,14.5,0,0,11,0,14
0,0,0,10.4,0,0,1,2,6
4,4,4,7.3,0,0,2,11,2
8,4,8,5.5,0,0,0,5,8
15,5,15,15.7,0,0,2,44,3
16,3,16,11.0,0,0,0,13,8
0,0,0,14.0,0,0,2,21,3
16,2,16,17.8,0,0,0,15,8
7,1,7,9.0,0,0,9,0,10
6,1,6,8.1,0,0,4,3,3
15,5,15,20.5,0,0,2,7,3
15,4,15,21.1,0,0,2,3,3
6,3,6,2.7,0,0,0,8,8
6,3,6,7.6,0,0,4,11,3
19,3,19,22.5,0,0,0,61,8
19,2,19,18.6,0,0,2,8,2
5,2,5,4.3,0,0,4,3,2
5,2,5,9.7,0,0,4,10,3
1,3,1,13.5,0,0,15,6,3
16,3,16,15.3,0,1,6,9,7
18,1,18,16.0,0,0,16,11,8
11,0,11,13.2,0,0,14,17,13
16,5,16,14.4,0,0,0,4,5
22,1,22,9.2,1,2,2,54,3
11,0,11,16.0,0,0,2,5,2
11,2,11,16.1,0,1,18,32,6
17,1,17,18.2,0,0,0,78,5
4,0,4,13.8,0,0,0,3,5
6,1,6,6.0,0,0,0,7,8
5,2,5,14.6,0,0,6,9,15
13,6,13,11.2,0,0,4,11,2
2,3,2,10.4,0,0,15,14,3
5,1,5,7.7,0,0,4,11,5
11,4,11,22.1,0,0,0,0,14
14,0,14,18.6,0,0,15,6,3
17,0,17,7.8,0,0,2,13,3
8,4,8,9.5,0,0,0,7,8
22,0,22,13.2,0,0,0,7,8
5,0,5,12.8,0,0,0,7,5
13,0,13,8.5,0,0,0,44,8
10,0,10,10.3,0,0,0,16,8
13,2,13,8.4,0,0,33,62,0
13,2,13,16.0,0,0,0,3,5
17,4,17,27.3,0,0,4,38,3
18,2,18,29.5,0,0,0,7,8
10,1,10,24.8,0,1,17,0,7
16,4,16,11.1,0,0,0,15,5
20,6,20,27.7,0,0,4,50,3
18,0,18,30.1,0,0,6,9,0
0,3,0,12.5,0,0,23,41,15
9,4,9,21.0,0,0,2,29,3
6,5,6,11.2,0,0,2,32,3
19,5,19,10.1,0,0,0,8,8
4,3,4,8.5,0,0,0,3,8
1,4,1,13.0,0,0,16,21,8
0,6,0,9.7,0,0,15,6,3
4,4,4,8.8,0,0,1,2,1
12,3,12,11.9,0,0,10,3,11
1,4,1,8.5,0,0,0,1,0
11,3,11,14.2,0,0,2,16,3
8,0,8,4.4,0,0,0,16,5
19,6,19,11.9,0,0,2,7,2
4,6,4,9.7,0,0,0,25,5
18,4,18,16.5,0,0,16,21,8
12,2,12,27.7,0,0,0,7,8
15,5,15,15.2,0,0,15,6,15
12,5,12,26.0,0,0,27,36,0
4,1,4,13.4,0,0,0,16,8
15,5,15,31.9,0,0,16,110,8
6,2,6,8.7,0,0,2,9,2
4,3,4,4.2,0,0,1,2,6
4,2,4,13.0,0,0,80,26,7
14,5,14,15.4,0,0,16,110,8
9,1,9,8.7,0,0,0,9,8
23,2,23,4.8,0,0,0,20,0
17,5,17,15.6,0,0,0,13,5
6,4,6,9.7,0,0,6,9,5
6,3,6,8.5,0,0,16,21,8
22,0,22,13.2,0,0,14,17,13
8,5,8,6.9,0,0,0,10,5
15,6,15,22.7,0,0,2,12,2
6,6,6,9.0,0,0,0,11,8
17,2,17,29.7,0,0,0,21,0
19,0,19,28.1,0,0,0,5,8
15,4,15,18.2,0,0,16,21,8
15,0,15,24.0,0,0,4,54,3
22,3,22,16.6,0,0,14,24,9
6,5,6,12.1,0,0,0,12,8
17,1,17,25.8,0,0,0,5,8
14,5,14,17.2,0,0,0,9,8
4,6,4,7.5,0,0,0,16,8
1,3,1,13.1,0,0,22,56,4
0,2,0,5.8,0,0,1,2,6
17,6,17,15.4,0,0,4,38,3
5,4,5,8.1,0,0,4,8,5
18,0,18,34.7,0,1,0,9,0
7,1,7,3.8,0,0,24,47,23
5,2,5,8.9,0,0,6,9,5
13,6,13,10.9,0,0,2,110,3
0,6,0,6.3,0,0,13,19,13
20,6,20,9.7,0,0,2,44,2
12,0,12,14.3,0,0,2,13,2
18,6,18,27.0,0,0,7,0,7
5,6,5,12.3,0,0,4,5,3
5,2,5,9.2,0,0,2,11,2
0,5,0,16.9,0,0,2,36,3
16,3,16,26.2,0,0,4,8,3
14,5,14,15.6,0,0,2,21,3
3,6,3,9.8,0,0,8,0,9
1,5,1,17.6,0,0,0,1,0
7,0,7,10.3,0,0,0,29,8
2,5,2,6.3,1,2,0,21,8
8,3,8,17.6,0,0,2,3,2
13,1,13,12.7,0,0,33,62,0
22,2,22,12.5,0,0,0,4,8
17,3,17,20.2,0,0,2,12,3
4,0,4,12.7,0,0,0,9,5
7,1,7,5.1,0,0,0,36,8
20,3,20,12.4,0,0,2,9,3
8,6,8,16.9,0,0,2,13,3
8,1,8,9.9,0,0,0,21,8
19,3,19,14.2,0,0,0,32,5
7,1,7,13.6,0,0,0,9,14
9,2,9,11.6,0,0,4,13,5
21,4,21,6.8,1,2,4,16,3
11,2,11,10.4,0,0,16,21,8
7,5,7,5.8,0,0,0,16,8
12,5,12,14.5,0,0,26,49,13
11,3,11,9.8,0,0,2,16,3
15,0,15,18.0,0,0,4,54,5
8,0,8,8.7,0,0,2,5,3
6,3,6,9.5,0,0,0,3,5
7,0,7,7.2,0,0,0,7,5
1,4,1,10.2,0,0,0,1,0
17,2,17,30.1,0,0,0,6,9
7,0,7,9.1,0,0,0,5,8
5,6,5,13.7,0,0,0,7,8
19,3,19,10.2,0,0,0,25,8
0,1,0,9.1,0,0,0,7,8
5,3,5,9.9,0,0,0,5,8
18,4,18,27.1,0,0,6,93,5
12,4,12,13.9,0,0,2,16,2
17,5,17,30.4,0,0,2,13,2
14,4,14,12.4,0,0,0,33,8
15,0,15,16.6,0,0,4,5,3
4,3,4,16.5,0,0,0,16,5
5,0,5,10.0,0,0,0,25,8
1,0,1,5.7,0,0,0,6,14
13,1,13,21.6,0,0,33,62,0
16,5,16,21.5,0,0,0,9,0
19,3,19,25.6,0,0,2,8,3
6,1,6,9.7,0,0,0,7,8
6,1,6,9.0,0,0,4,21,2
6,1,6,13.2,0,0,0,7,8
9,6,9,18.9,0,0,0,45,5
14,4,14,20.7,0,0,18,32,6
9,4,9,17.7,0,0,0,43,14
5,4,5,6.7,0,0,2,5,3
10,6,10,18.7,0,0,2,45,3
14,3,14,24.3,0,0,7,0,7
1,0,1,18.6,0,0,3,6,4
20,0,20,27.3,0,0,0,36,5
17,1,17,13.6,0,0,4,8,3
10,6,10,7.1,0,0,0,11,8
11,4,11,10.2,0,0,0,0,0
16,3,16,11.2,0,0,0,33,5
21,0,21,24.6,0,0,4,8,3
11,2,11,8.6,0,0,2,45,3
2,3,2,18.7,0,0,0,36,5
11,2,11,8.3,0,0,0,3,8
6,3,6,5.7,0,0,4,5,2
6,5,6,15.9,0,0,2,7,3
9,2,9,9.3,0,0,4,5,3
5,0,5,2.5,0,0,2,9,2
7,2,7,12.7,0,0,0,29,8
19,3,19,14.4,0,0,0,17,0
11,0,11,15.6,0,0,0,8,8
1,1,1,14.1,0,0,1,2,1
15,6,15,19.9,0,0,16,10,5
13,4,13,17.6,0,0,2,12,3
10,5,10,7.4,0,0,0,12,5
1,5,1,15.7,0,0,14,17,13
9,0,9,12.1,0,0,0,32,5
20,0,20,9.0,0,0,2,54,3
19,0,19,16.0,1,2,2,13,2
19,4,19,15.4,0,0,19,42,64
13,4,13,12.3,0,0,0,7,8
20,6,20,26.6,0,0,0,5,5
15,1,15,30.3,0,0,16,110,8
1,6,1,19.4,0,0,0,6,14
17,3,17,14.8,0,0,4,44,2
1,3,1,2.2,0,0,0,1,0
4,2,4,8.9,0,0,0,7,5
6,1,6,11.4,0,0,0,7,8
16,0,16,30.7,0,0,2,13,3
12,2,12,25.0,0,1,26,49,12
5,0,5,4.8,0,0,0,5,8
4,1,4,13.3,0,0,0,25,5
18,3,18,15.7,0,0,0,61,5
4,0,4,8.8,0,0,0,4,8
15,6,15,23.2,0,1,0,44,5
11,2,11,7.7,0,0,2,16,2
12,0,12,24.9,0,0,0,15,5
11,1,11,27.3,0,0,0,5,5
8,5,8,3.6,0,0,0,15,8
16,2,16,16.8,0,0,2,34,2
15,4,15,31.1,0,1,7,0,7
4,0,4,3.4,0,0,0,3,5
21,3,21,10.0,0,0,0,9,5
20,6,20,18.5,0,0,4,32,2
12,2,12,17.4,0,0,1,2,1
18,5,18,25.9,0,0,6,9,0
13,4,13,22.5,0,0,0,32,5
4,4,4,13.1,0,0,0,3,8
7,3,7,8.8,0,0,2,5,3
16,2,16,14.4,0,0,0,45,5
21,6,21,9.6,0,0,3,6,4
15,3,15,17.0,0,0,2,44,3
18,1,18,19.8,0,0,2,44,3
6,5,6,6.1,0,0,4,5,2
20,0,20,19.0,0,0,0,17,0
14,2,14,15.7,0,0,2,5,3
19,3,19,24.1,0,0,4,32,3
9,3,9,15.1,0,0,0,10,5
0,3,0,18.6,0,0,8,0,9
3,2,3,14.9,0,0,1,2,1
5,5,5,13.1,0,0,4,10,2
10,3,10,16.6,0,0,0,5,8
18,6,18,11.9,0,0,0,44,5
6,3,6,9.7,0,0,0,9,3
0,0,0,16.0,0,0,11,23,14
1,0,1,8.9,0,0,0,37,0
9,3,9,19.1,0,0,2,45,3
15,6,15,21.0,0,0,6,93,5
6,0,6,3.2,0,0,15,6,14
23,5,23,11.5,0,0,35,43,14
2,4,2,8.8,0,0,1,2,1
14,3,14,11.3,0,0,0,7,8
5,0,5,7.9,0,0,16,21,8
6,5,6,12.7,1,0,0,0,0
23,1,23,14.7,0,0,35,43,14
12,2,12,27.0,0,0,0,3,5
6,6,6,17.9,0,0,0,42,5
14,1,14,11.4,1,2,2,34,3
9,4,9,16.3,0,0,0,57,14
6,6,6,11.1,0,0,16,21,8
6,1,6,2.0,0,0,4,32,3
10,3,10,12.3,0,0,24,47,23
14,3,14,10.8,0,0,0,13,5
5,0,5,5.7,0,0,0,5,8
2,4,2,13.4,0,0,0,37,0
19,4,19,28.6,0,1,2,5,3
12,3,12,14.3,0,0,26,49,13
19,5,19,10.6,0,0,2,32,3
6,4,6,12.9,0,0,4,5,3
8,2,8,9.5,0,0,0,13,8
13,4,13,15.1,0,0,0,8,8
11,0,11,22.7,0,0,0,7,5
23,2,23,6.1,0,0,0,20,14
13,5,13,15.4,0,0,4,16,3
5,4,5,6.2,0,0,0,21,14
11,3,11,13.5,0,0,14,17,13
15,3,15,24.4,0,0,0,3,5
15,0,15,23.7,0,0,2,33,3
10,3,10,10.7,0,0,0,44,8
5,3,5,8.5,0,0,2,3,2
15,1,15,32.1,0,1,0,11,8
14,1,14,12.0,0,0,2,3,2
16,5,16,26.1,0,0,0,4,8
16,5,16,17.6,0,0,4,12,2
15,4,15,24.9,0,1,0,7,5
5,4,5,13.5,0,0,2,119,3
19,3,19,14.2,1,0,2,36,2
21,0,21,22.4,0,1,0,3,8
8,0,8,5.7,0,0,4,14,3
7,6,7,9.6,0,0,30,9,24
21,1,21,4.4,0,0,13,19,13
10,1,10,13.1,1,0,44,48,58
11,3,11,9.4,0,0,16,21,8
17,2,17,25.7,0,0,0,7,8
19,0,19,11.0,0,0,0,8,5
20,0,20,18.8,0,0,0,25,5
10,6,10,27.3,0,0,0,12,5
3,3,3,13.3,0,0,1,2,1
16,2,16,25.8,0,0,0,13,8
20,5,20,8.2,0,0,0,36,5
12,3,12,10.9,0,0,2,16,3
3,6,3,6.3,0,0,2,6,3
16,2,16,20.1,0,0,2,13,3
10,2,10,7.0,0,0,0,30,5
9,4,9,15.4,0,1,17,0,7
12,2,12,19.4,0,0,0,13,5
13,3,13,15.3,0,0,0,7,8
16,5,16,26.7,0,0,16,21,8
21,5,21,15.2,0,0,2,9,2
1,6,1,15.9,0,0,1,2,6
6,6,6,18.6,0,0,0,12,5
9,2,9,10.5,0,0,2,5,3
5,6,5,10.6,0,0,4,12,5
1,4,1,13.0,0,0,15,6,3
5,3,5,10.0,0,0,1,2,6
5,3,5,3.9,0,0,0,7,5
4,1,4,13.7,0,0,0,3,5
8,6,8,8.2,0,0,2,8,2
20,0,20,27.3,0,1,7,0,7
4,1,4,12.3,0,0,0,7,8
0,5,0,12.0,0,0,2,21,3
4,2,4,6.5,0,0,0,5,5
16,3,16,10.4,0,0,0,11,8
9,6,9,13.4,0,0,2,44,2
23,5,23,12.3,0,0,12,18,7
12,1,12,17.7,0,0,2,33,3
6,4,6,12.6,0,0,0,4,8
20,1,20,5.2,0,0,2,54,3
17,2,17,26.5,0,0,0,25,5
20,6,20,18.8,0,0,7,21,7
0,0,0,13.5,0,0,15,6,3
22,4,22,6.0,0,0,18,36,33
4,3,4,9.3,0,0,0,3,8
5,0,5,14.1,0,0,0,3,8
8,1,8,12.6,0,0,0,9,8
10,0,10,8.6,0,0,17,0,7
23,3,23,15.0,0,0,0,0,0
5,3,5,3.7,0,0,0,4,5
16,5,16,27.0,0,0,16,21,8
18,4,18,11.1,0,0,0,8,5
16,2,16,17.5,0,0,4,3,5
22,3,22,12.1,0,0,4,7,2
15,5,15,16.4,0,0,0,3,8
13,3,13,20.8,0,0,0,9,5
0,2,0,17.9,0,0,0,22,0
11,4,11,13.7,0,0,1,2,1
1,5,1,6.5,1,2,2,8,3
7,0,7,11.9,0,0,24,47,22
5,2,5,14.6,0,0,17,0,7
21,6,21,8.0,0,0,2,44,3
2,5,2,4.9,0,0,1,2,1
5,3,5,7.6,0,0,4,3,2
7,1,7,10.9,0,0,24,47,23
7,3,7,7.8,0,0,0,7,8
19,2,19,19.5,0,0,0,15,8
17,3,17,18.6,0,0,0,11,5
16,1,16,11.3,0,0,0,78,8
11,4,11,15.8,0,0,0,0,0
15,4,15,23.6,0,0,0,8,5
5,2,5,3.5,0,0,0,5,5
20,1,20,12.9,0,0,4,5,2
8,3,8,7.3,0,0,18,32,33
11,3,11,15.7,1,2,0,25,8
6,4,6,3.9,0,0,0,8,5
6,3,6,7.4,0,0,6,9,5
20,4,20,10.7,0,0,0,36,5
12,2,12,16.2,0,0,1,2,1
18,2,18,8.7,0,0,0,44,8
5,0,5,9.8,0,0,4,3,2
12,5,12,14.2,0,0,2,61,2
13,6,13,15.0,0,0,0,9,5
15,0,15,8.1,0,0,78,78,17
18,4,18,12.9,0,0,4,38,2
13,2,13,22.4,0,0,26,49,13
16,5,16,31.7,0,0,2,44,3
8,5,8,16.7,0,0,0,53,0
14,5,14,29.9,0,0,2,34,3
20,4,20,25.5,0,0,2,16,2
8,2,8,3.6,0,0,44,8,17
6,4,6,4.0,0,0,2,119,3
9,5,9,8.7,0,0,0,11,8
19,0,19,25.4,0,0,0,8,8
8,5,8,17.4,0,0,4,8,3
5,4,5,8.1,0,0,0,11,8
4,6,4,11.7,0,0,1,2,6
10,5,10,8.1,0,0,0,13,5
12,5,12,13.1,0,0,0,5,8
6,2,6,9.2,0,0,2,5,3
23,3,23,5.4,0,0,0,22,0
7,3,7,16.3,0,0,4,5,3
16,3,16,29.2,0,1,0,21,5
9,2,9,11.1,0,0,0,53,0
11,3,11,17.9,0,0,0,37,0
9,6,9,19.1,0,0,0,53,0
22,4,22,18.6,0,0,0,3,8
11,5,11,18.3,0,0,0,8,8
22,1,22,10.0,0,0,11,0,14
7,1,7,10.9,0,0,0,5,8
0,3,0,4.1,0,0,8,6,9
6,3,6,12.5,0,0,4,10,2
4,4,4,5.6,0,0,3,26,4
11,2,11,30.3,0,0,2,16,3
2,5,2,15.2,0,0,1,2,6
14,2,14,20.1,0,0,16,21,8
6,4,6,12.8,0,0,0,7,8
10,4,10,20.4,0,1,7,0,7
6,0,6,5.3,0,0,0,5,8
15,4,15,7.8,0,0,0,12,8
23,4,23,14.7,0,0,0,17,0
18,3,18,12.5,0,0,2,44,2
5,3,5,11.7,0,0,2,3,2
9,0,9,15.7,0,1,0,8,8
0,3,0,13.7,0,0,0,6,14
22,4,22,9.6,0,0,2,3,3
13,1,13,22.4,0,0,2,36,3
1,0,1,14.3,0,0,23,41,15
7,6,7,7.8,0,0,2,8,3
4,1,4,8.6,0,0,0,7,8
3,6,3,17.8,0,0,1,2,1
0,1,0,18.9,1,0,1,2,6
16,6,16,24.7,0,0,0,34,5
3,3,3,13.6,0,0,2,6,3
19,3,19,11.4,0,0,0,17,0
15,3,15,22.6,0,0,4,5,2
4,3,4,9.7,0,0,1,2,6
18,1,18,12.0,0,0,0,16,5
9,2,9,5.2,0,0,0,53,14
14,0,14,27.0,0,0,45,58,6
23,6,23,10.3,0,0,0,22,14
7,1,7,9.2,0,0,2,33,3
12,1,12,27.3,0,0,0,54,8
12,6,12,14.5,0,0,0,3,8
1,0,1,5.4,0,0,0,37,0
12,2,12,27.6,0,0,14,24,9
0,4,0,16.8,0,0,0,0,0
12,3,12,28.5,0,0,2,7,3
4,3,4,15.8,0,0,0,5,8
5,6,5,8.6,0,0,4,6,3
1,6,1,12.0,0,0,9,0,10
22,4,22,6.8,1,2,4,54,3
15,1,15,25.7,0,0,0,44,5
6,6,6,7.7,0,0,19,92,60
6,6,6,11.2,0,0,0,45,5
6,0,6,11.5,0,0,0,7,8
5,2,5,9.2,0,0,0,4,8
15,6,15,23.3,0,0,7,6,7
7,2,7,9.5,0,0,4,3,2
23,5,23,11.5,0,0,2,21,3
0,5,0,7.5,0,0,1,2,6
17,5,17,17.1,0,0,4,5,2
8,5,8,5.8,0,0,0,10,5
1,6,1,7.4,0,0,1,2,6
14,4,14,11.6,0,0,0,45,5
2,6,2,10.1,0,0,0,6,14
19,3,19,22.7,0,0,0,61,8
5,3,5,8.4,0,0,2,11,2
16,4,16,18.2,0,0,4,7,3
21,4,21,12.2,0,0,0,9,5
13,1,13,11.1,0,0,2,44,3
16,1,16,20.8,0,0,0,6,14
1,4,1,14.4,0,0,0,37,0
15,3,15,21.9,0,0,16,10,5
0,4,0,14.9,0,0,16,21,5
10,6,10,16.8,0,0,0,8,8
16,4,16,20.1,0,0,0,21,8
23,5,23,12.1,0,0,0,20,0
4,2,4,3.7,0,0,2,11,2
8,2,8,14.3,0,0,4,14,3
7,2,7,14.8,0,0,15,6,14
16,6,16,17.6,0,0,2,58,3
16,4,16,30.8,0,0,0,36,8
7,2,7,9.7,0,0,15,6,14
12,1,12,20.9,0,0,2,16,2
5,2,5,8.5,0,0,1,2,6
7,3,7,12.6,0,0,15,6,14
13,2,13,11.9,0,0,2,7,3
5,4,5,15.4,0,0,0,7,8
5,3,5,9.8,0,0,0,3,5
18,6,18,17.2,0,0,4,44,2
5,4,5,13.2,0,0,4,6,3
10,6,10,11.9,0,0,0,21,14
21,6,21,8.0,0,0,4,16,2
21,3,21,17.4,0,0,6,9,5
5,1,5,5.5,0,0,2,9,2
13,1,13,17.2,0,0,0,61,8
8,2,8,10.7,0,0,7,0,7
23,1,23,12.8,0,0,0,0,0
5,0,5,16.3,0,0,24,47,30
17,0,17,15.8,0,0,2,33,2
5,0,5,9.9,0,0,0,12,5
16,6,16,23.8,0,0,2,44,3
16,4,16,15.5,0,0,6,9,0
7,0,7,13.6,0,0,0,7,8
11,2,11,25.1,0,0,0,34,5
14,2,14,11.6,0,0,4,78,5
19,3,19,25.5,0,1,2,32,5
23,5,23,11.7,0,0,16,21,5
6,6,6,9.6,0,0,4,10,3
9,1,9,7.2,0,0,0,5,8
20,2,20,8.9,0,0,13,19,13
13,3,13,15.3,0,0,0,44,8
16,4,16,20.2,0,0,0,8,5
7,4,7,6.9,0,0,2,16,3
21,0,21,20.2,0,0,0,4,5
11,2,11,11.9,0,0,14,17,13
9,5,9,21.3,0,0,0,42,5
4,1,4,15.4,0,0,2,4,3
15,4,15,30.8,0,0,7,75,7
12,3,12,14.9,0,0,19,101,64
5,5,5,8.6,0,0,6,9,5
14,2,14,11.7,0,0,16,21,8
16,4,16,19.9,0,0,0,45,5
5,1,5,11.9,0,0,1,2,6
4,5,4,14.7,0,0,2,4,2
10,0,10,17.5,0,0,0,3,8
17,0,17,27.2,0,0,4,38,3
11,1,11,15.1,0,0,4,48,2
4,0,4,4.4,0,0,1,2,6
10,1,10,12.5,0,0,0,3,8
19,0,19,10.2,0,0,16,21,8
4,3,4,6.9,0,0,2,4,3
12,5,12,22.3,0,0,2,44,2
19,1,19,23.3,0,0,16,21,8
9,3,9,18.1,0,0,0,54,8
17,6,17,30.7,0,1,4,50,5
15,1,15,17.4,0,0,6,9,7
23,3,23,17.5,0,0,10,25,11
16,5,16,15.1,0,0,0,17,0
16,6,16,34.8,0,0,16,21,8
6,1,6,4.4,0,0,0,21,14
9,1,9,10.1,0,0,0,54,8
10,5,10,9.7,0,0,2,45,3
5,0,5,15.3,0,0,4,9,2
6,2,6,10.3,0,0,4,32,5
23,0,23,16.3,0,0,10,7,17
19,0,19,25.8,0,0,2,5,3
12,1,12,18.4,0,0,0,16,8
23,3,23,9.6,1,2,4,7,5
18,3,18,30.9,0,0,2,4,2
4,2,4,8.4,0,0,6,9,5
4,0,4,6.6,0,0,0,4,8
14,3,14,25.3,0,0,18,32,6
8,5,8,18.8,0,0,0,5,8
16,6,16,32.4,0,0,9,0,18
16,5,16,7.7,0,0,2,16,3
18,4,18,24.8,0,1,0,54,5
10,0,10,10.1,0,0,27,36,0
18,4,18,21.0,0,0,0,4,5
7,1,7,13.3,0,0,4,5,2
15,5,15,19.6,0,0,2,13,3
7,6,7,17.1,0,0,0,44,8
10,6,10,26.4,0,0,0,3,5
16,6,16,18.8,0,0,16,21,2
21,4,21,13.8,0,0,2,7,2
13,1,13,27.5,0,1,33,62,0
4,0,4,13.7,0,0,0,7,5
9,5,9,18.2,0,0,2,16,2
13,4,13,14.9,1,0,2,9,2
11,4,11,18.4,0,0,2,16,2
18,5,18,26.3,0,0,0,4,5
19,5,19,23.4,0,0,18,32,6
10,1,10,16.0,0,0,0,21,0
8,3,8,13.3,0,0,2,16,3
12,3,12,16.0,1,2,0,5,8
17,1,17,17.5,0,0,0,8,5
1,2,1,11.8,0,0,4,8,3
17,3,17,27.1,0,0,0,44,8
19,5,19,13.6,0,0,0,17,0
16,6,16,18.7,0,0,16,21,2
9,5,9,16.6,0,0,0,76,0
22,2,22,10.4,0,0,16,21,3
18,2,18,18.9,0,0,0,13,8
18,6,18,14.9,0,0,0,13,8
16,0,16,27.2,0,0,9,0,18
16,6,16,21.4,0,0,0,3,5
7,3,7,11.0,0,0,0,34,8
5,3,5,14.5,0,0,4,12,5
20,1,20,9.4,0,0,0,36,8
4,3,4,6.7,0,0,0,5,8
13,0,13,21.3,0,0,4,5,3
18,5,18,16.8,0,0,0,33,8
23,5,23,17.0,0,0,4,8,3
7,5,7,7.3,0,0,4,3,3
17,6,17,26.1,0,0,0,3,8
18,1,18,28.0,0,0,2,12,2
18,4,18,25.5,0,0,4,7,3
15,5,15,29.6,0,0,2,33,2
19,3,19,9.9,0,0,2,32,3
19,6,19,22.4,0,0,2,44,3
23,0,23,7.3,0,0,0,22,0
16,4,16,25.5,0,0,0,7,5
17,4,17,25.2,0,0,2,11,3
5,0,5,10.0,0,0,2,11,2
13,6,13,19.0,0,0,0,7,8
9,6,9,8.3,0,0,0,53,0
12,3,12,12.7,0,0,0,8,8
17,5,17,26.8,0,0,0,11,8
15,6,15,22.1,0,0,0,13,5
19,0,19,7.7,0,0,2,32,3
5,1,5,13.1,0,0,0,7,8
16,1,16,19.4,0,0,2,33,3
19,3,19,9.4,0,0,0,16,8
4,3,4,3.1,0,0,2,11,2
22,0,22,16.2,0,0,0,7,8
16,0,16,16.7,0,0,0,54,5
1,0,1,9.0,0,0,0,21,5
6,2,6,9.4,0,0,16,21,2
0,0,0,18.4,0,0,2,21,3
5,5,5,5.1,0,0,4,21,2
11,5,11,16.0,0,0,0,13,8
18,2,18,12.5,0,0,0,5,8
23,0,23,15.3,0,0,12,18,7
19,0,19,13.1,0,0,2,54,3
12,5,12,17.7,0,0,0,7,5
23,3,23,8.0,0,0,6,9,5
5,5,5,1.7,0,0,4,11,2
0,4,0,12.2,0,0,15,6,3
14,0,14,26.5,0,0,4,5,3
6,5,6,11.9,0,0,4,5,3
5,6,5,8.2,0,0,6,9,5
4,2,4,10.6,0,0,2,5,3
10,3,10,14.4,0,0,2,13,2
3,1,3,15.5,0,0,23,41,5
16,5,16,17.3,0,0,0,3,8
8,2,8,17.7,0,0,0,34,8
13,6,13,16.6,0,0,10,5,17
4,0,4,8.8,0,0,0,25,5
8,5,8,16.1,0,0,42,0,7
8,4,8,6.0,0,0,2,7,2
19,3,19,12.1,0,0,2,32,3
10,6,10,11.9,0,0,0,21,0
21,4,21,18.7,0,0,13,19,13
23,2,23,18.6,0,0,0,20,14
23,2,23,12.7,0,0,16,21,5
5,5,5,9.3,0,0,2,9,2
13,3,13,12.1,0,0,4,16,2
5,5,5,7.0,0,0,4,12,3
17,3,17,12.7,0,0,0,3,8
15,5,15,31.7,0,0,9,0,10
0,0,0,19.6,0,0,0,43,14
9,3,9,18.2,0,0,0,21,5
8,0,8,8.5,0,0,0,32,5
5,4,5,8.9,0,0,4,21,5
5,6,5,11.7,0,0,0,11,8
18,1,18,9.7,0,0,16,21,2
1,3,1,15.6,0,0,22,56,4
17,0,17,12.5,0,0,20,0,7
8,2,8,3.7,0,0,0,5,8
9,1,9,17.0,0,0,10,51,17
5,5,5,13.0,0,0,1,2,6
21,0,21,18.4,0,0,9,0,18
6,2,6,9.4,0,0,0,30,5
5,1,5,13.1,0,0,1,2,1
23,6,23,14.4,0,0,16,21,3
0,3,0,23.4,0,0,14,24,9
19,3,19,24.3,0,0,0,16,8
5,6,5,1.4,0,0,4,21,5
11,0,11,13.8,0,0,2,16,2
11,4,11,17.1,0,0,0,21,5
5,1,5,9.8,0,0,0,27,5
10,6,10,13.2,0,0,2,34,3
20,4,20,10.1,0,0,0,4,5
14,4,14,15.4,0,0,15,6,3
7,2,7,11.4,0,0,0,33,8
16,2,16,11.5,0,0,0,21,0
18,1,18,26.5,0,0,2,4,2
7,0,7,4.3,0,0,2,8,3
20,1,20,3.8,0,0,2,44,2
5,1,5,8.9,0,0,4,5,2
15,6,15,11.1,0,0,18,32,6
7,5,7,6.6,0,0,0,13,5
13,1,13,20.2,0,0,28,55,0
5,6,5,14.3,0,0,0,42,5
22,1,22,16.8,0,0,2,9,2
16,4,16,26.2,0,0,2,44,2
16,1,16,30.2,0,0,0,5,8
21,1,21,10.9,0,0,13,19,13
3,2,3,17.2,0,0,1,2,1
6,1,6,12.4,0,0,0,8,5
22,5,22,10.6,0,0,23,41,15
7,3,7,5.5,0,0,4,5,3
12,6,12,12.7,0,0,0,32,5
12,4,12,12.7,0,0,26,49,13
7,2,7,14.0,0,0,15,6,14
17,3,17,25.9,0,0,0,12,8
4,0,4,15.9,0,0,4,6,3
9,2,9,18.8,0,1,17,0,7
0,5,0,8.6,0,0,6,9,5
10,4,10,9.9,0,0,0,54,8
2,0,2,5.0,0,0,1,2,1
12,0,12,8.7,0,0,0,32,5
20,3,20,9.7,0,0,2,9,3
8,3,8,10.7,0,0,0,11,8
7,2,7,6.1,0,0,0,13,8
14,4,14,15.4,0,0,4,78,3
13,6,13,22.6,0,0,4,6,3
8,0,8,14.2,0,0,0,9,14
5,0,5,14.8,0,0,4,8,3
5,0,5,13.5,0,0,1,2,6
20,3,20,25.9,0,1,4,32,3
5,4,5,15.2,0,0,2,3,3
13,0,13,14.5,0,0,2,3,3
14,0,14,24.7,0,0,2,5,3
20,0,20,16.2,0,0,2,8,2
7,3,7,5.4,0,0,0,16,8
12,5,12,15.0,0,0,0,3,8
9,3,9,9.6,0,0,0,53,0
22,2,22,18.4,0,1,2,8,3
13,1,13,18.3,0,0,4,11,3
8,4,8,17.3,0,0,0,29,5
7,0,7,3.4,0,0,0,7,8
4,3,4,9.6,0,0,1,2,6
9,2,9,6.1,0,0,4,14,3
7,0,7,15.1,0,0,7,0,7
11,3,11,9.8,0,0,2,34,3
5,0,5,8.5,0,0,0,7,8
4,3,4,12.9,0,0,0,25,8
7,1,7,9.7,0,0,0,5,5
1,4,1,14.1,0,0,1,2,6
0,2,0,9.9,0,0,23,41,15
19,4,19,10.7,0,0,0,36,5
7,6,7,8.1,0,0,0,13,8
12,6,12,13.1,0,0,2,44,3
13,6,13,14.9,0,0,0,33,8
18,6,18,11.6,1,0,0,44,5
16,4,16,18.2,0,0,0,33,5
0,1,0,22.0,0,0,7,0,7
16,3,16,28.5,0,0,19,5,29
13,6,13,19.7,0,0,0,61,8
7,3,7,8.2,0,0,2,5,3
22,0,22,10.3,0,0,0,25,8
17,3,17,28.0,0,0,0,12,8
16,1,16,11.0,0,0,4,5,2
4,6,4,19.5,0,0,0,5,8
19,1,19,20.0,0,0,2,7,2
18,2,18,10.1,0,0,2,33,3
7,5,7,5.3,0,0,15,6,14
3,1,3,12.0,0,0,1,2,1
5,1,5,5.3,0,0,0,7,8
8,1,8,6.5,0,0,4,5,3
21,3,21,17.5,0,0,13,19,13
2,3,2,14.4,0,0,0,62,0
15,6,15,25.7,0,0,16,21,8
19,4,19,25.3,0,1,2,4,3
12,5,12,14.2,0,0,0,32,5
18,6,18,17.0,0,0,0,5,8
0,6,0,6.2,0,0,0,6,14
13,0,13,11.1,0,0,2,33,3
14,2,14,20.7,0,0,0,16,8
15,0,15,19.9,0,0,0,78,5
5,6,5,17.9,0,0,6,9,5
7,5,7,3.2,0,0,10,44,11
5,2,5,4.0,0,0,0,3,8
11,0,11,9.9,0,0,0,0,14
16,3,16,29.3,0,0,0,45,5
17,3,17,26.0,0,0,6,9,5
15,5,15,17.4,0,0,2,13,3
9,1,9,17.4,0,0,2,3,2
22,6,22,20.3,0,1,11,0,12
14,5,14,19.1,0,0,18,32,6
5,3,5,8.2,0,0,0,3,8
8,1,8,10.2,0,0,2,33,2
23,6,23,16.0,0,0,7,36,7
4,0,4,14.8,0,0,9,0,10
0,3,0,6.7,0,0,1,2,6
23,3,23,9.4,0,0,0,22,14
13,0,13,21.7,0,0,4,5,2
4,1,4,13.7,0,0,2,5,3
21,3,21,9.0,0,0,0,9,5
0,5,0,16.7,1,0,0,8,5
15,2,15,13.6,0,0,0,11,8
8,6,8,13.5,0,0,0,9,5
19,4,19,27.8,0,0,2,54,3
4,0,4,15.8,0,0,2,3,3
5,2,5,17.0,0,0,0,5,5
1,3,1,10.1,0,0,15,6,3
11,6,11,13.9,0,0,0,8,8
5,2,5,6.2,0,0,2,11,2
10,1,10,20.0,0,0,0,29,8
15,1,15,17.4,0,0,28,55,0
5,3,5,9.8,0,0,2,11,2
14,5,14,16.6,0,0,0,9,8
4,3,4,8.8,0,0,1,2,6
8,4,8,8.2,0,0,16,21,8
9,4,9,14.9,0,0,0,9,8
5,4,5,8.7,0,0,4,11,3
20,0,20,11.5,0,0,9,0,18
13,5,13,17.4,0,0,4,36,3
12,0,12,20.1,0,0,14,17,13
5,2,5,12.2,0,0,2,11,2
23,4,23,12.4,0,0,0,43,14
21,5,21,18.0,0,0,25,46,14
1,2,1,9.5,0,0,2,36,2
21,4,21,10.2,0,0,4,8,5
5,0,5,5.6,0,0,4,11,2
11,5,11,20.2,0,0,0,15,8
0,2,0,17.5,0,0,9,0,18
7,5,7,3.1,0,0,0,36,8
23,1,23,3.4,0,0,0,22,0
17,2,17,13.2,0,0,4,11,2
7,0,7,9.2,0,0,0,9,14
16,6,16,29.3,0,0,0,7,5
15,2,15,13.4,0,0,4,3,3
15,0,15,14.6,0,0,4,54,2
22,4,22,17.4,0,0,0,3,5
12,0,12,15.3,0,0,0,16,8
19,5,19,15.5,0,0,0,8,8
7,4,7,8.8,0,0,2,8,3
16,6,16,13.4,0,0,4,16,2
10,2,10,18.3,0,0,2,16,2
12,5,12,18.2,0,0,0,7,8
7,3,7,5.7,0,0,2,33,2
15,2,15,29.8,0,0,0,78,8
16,1,16,20.9,0,0,0,33,5
23,5,23,11.7,0,0,0,20,0
9,1,9,6.2,0,0,2,33,3
11,3,11,19.5,0,0,1,2,1
15,4,15,18.3,0,0,15,6,3
15,4,15,18.2,0,0,0,12,5
16,5,16,32.3,0,0,10,29,11
12,0,12,22.0,0,0,0,13,8
20,1,20,26.7,0,1,2,8,3
17,1,17,11.3,0,0,0,13,8
15,3,15,19.7,0,0,0,3,8
19,4,19,11.2,0,0,4,32,5
12,4,12,25.6,0,1,26,49,25
6,3,6,10.7,0,0,0,3,8
10,5,10,13.6,0,0,0,21,14
4,5,4,8.1,0,0,0,25,8
11,5,11,17.1,0,0,1,2,1
6,5,6,6.0,0,0,15,6,14
11,6,11,24.4,0,0,0,7,8
5,4,5,2.3,0,0,2,7,3
17,6,17,33.7,0,0,4,38,3
17,3,17,26.7,0,0,0,16,8
4,0,4,13.0,0,0,2,6,3
15,1,15,15.1,0,0,4,7,3
11,4,11,19.9,0,0,0,33,8
16,6,16,18.9,0,0,0,6,14
6,2,6,9.3,0,0,0,8,8
7,5,7,8.2,0,0,16,21,8
13,2,13,19.8,0,0,0,9,5
6,5,6,9.4,0,0,4,32,3
19,2,19,13.3,0,0,2,54,3
6,1,6,18.0,0,0,2,5,3
23,5,23,16.0,0,0,7,0,7
7,5,7,8.6,0,0,9,0,18
12,2,12,10.9,0,0,0,32,5
6,0,6,13.4,0,0,0,5,8
16,5,16,14.8,0,0,0,17,14
9,3,9,11.1,0,0,0,54,5
14,5,14,13.3,0,0,16,110,3
23,6,23,15.0,0,0,0,22,14
20,6,20,10.1,0,0,7,36,7
9,6,9,2.9,0,0,0,32,5
12,5,12,23.5,0,0,14,17,13
7,6,7,5.1,0,0,0,52,5
18,4,18,8.7,0,0,4,32,5
21,1,21,4.3,0,0,0,3,8
11,6,11,10.8,0,0,10,53,34
5,1,5,9.2,0,0,16,21,8
14,2,14,29.4,0,0,16,21,5
8,4,8,14.1,0,0,4,14,3
5,3,5,12.2,0,0,4,5,2
5,4,5,9.6,0,0,0,4,8
23,3,23,8.9,0,0,0,20,0
5,0,5,8.1,0,0,4,11,2
18,0,18,25.6,0,1,16,11,5
15,5,15,28.1,0,0,16,110,8
5,4,5,11.2,0,0,0,4,8
5,1,5,15.5,0,0,0,7,5
3,5,3,8.4,0,0,2,6,3
0,4,0,20.9,0,0,1,2,6
17,6,17,15.4,0,0,16,11,5
15,0,15,18.8,0,0,2,44,2
15,1,15,21.5,0,0,2,44,2
21,6,21,8.1,0,0,0,4,8
15,1,15,18.1,0,0,2,44,3
6,5,6,13.6,0,0,0,52,5
12,0,12,8.4,0,0,7,0,7
3,4,3,8.7,1,2,8,70,9
6,5,6,15.7,0,0,2,42,3
21,0,21,18.9,0,0,4,5,3
8,0,8,6.9,0,0,8,0,9
5,0,5,13.7,0,0,0,16,8
5,1,5,9.3,0,0,4,3,3
12,0,12,11.4,0,0,0,8,8
11,1,11,16.1,0,0,0,3,8
8,1,8,6.0,0,0,18,32,26
12,0,12,26.7,0,0,2,33,2
9,6,9,9.1,0,0,0,53,0
10,5,10,14.4,0,0,0,21,0
6,0,6,7.8,0,0,16,21,5
18,2,18,13.8,0,0,16,21,2
7,0,7,6.3,0,0,0,13,5
5,0,5,1.0,0,0,2,7,2
21,6,21,13.6,0,0,2,44,3
4,2,4,17.6,0,0,0,3,8
0,4,0,10.3,0,0,7,9,7
16,5,16,15.9,0,0,2,54,3
10,1,10,17.2,0,0,0,3,8
7,3,7,13.7,0,0,0,33,8
0,3,0,16.8,0,0,23,41,15
1,3,1,8.8,0,0,0,1,0
15,5,15,24.2,0,0,2,58,3
19,1,19,13.4,0,0,0,17,14
9,6,9,17.4,0,0,18,32,6
17,3,17,27.7,0,0,0,16,8
6,3,6,15.5,0,0,2,7,3
18,2,18,8.0,0,0,4,7,2
20,6,20,12.8,0,0,7,0,7
14,2,14,18.3,0,0,4,78,5
22,1,22,11.6,0,0,7,0,7
8,2,8,3.4,0,0,2,33,3
16,3,16,28.2,0,0,4,8,3
16,1,16,12.3,0,0,4,8,3
18,5,18,25.5,0,0,2,32,3
1,3,1,16.8,0,0,0,21,8
13,3,13,30.8,0,1,7,0,7
9,0,9,10.2,0,0,0,53,14
23,4,23,15.3,0,1,0,20,14
17,3,17,10.9,0,0,2,12,3
11,6,11,13.3,0,0,0,0,14
6,4,6,5.3,0,0,0,12,8
9,4,9,17.2,0,0,0,54,8
9,0,9,19.8,0,0,18,32,6
4,6,4,11.0,0,0,0,11,8
6,3,6,7.6,1,0,1,2,1
19,2,19,7.3,0,0,4,32,5
10,2,10,10.6,0,0,0,25,8
14,0,14,11.1,1,0,4,12,5
10,3,10,8.9,0,0,7,0,7
5,5,5,7.5,0,0,2,9,2
23,2,23,10.6,0,0,18,44,20
13,6,13,22.8,0,0,14,17,13
2,3,2,10.2,0,0,16,21,8
6,2,6,9.8,0,0,0,21,14
5,2,5,9.6,0,0,2,8,3
15,2,15,28.0,0,0,16,21,8
17,0,17,33.3,0,0,6,9,14
15,4,15,17.7,0,0,4,7,2
16,2,16,25.9,0,0,0,3,8
7,3,7,7.7,0,0,4,5,3
15,2,15,13.4,0,0,2,44,3
5,5,5,12.5,0,0,2,4,2
4,4,4,11.7,0,0,0,4,8
18,1,18,11.3,0,0,0,5,5
6,4,6,8.2,0,0,2,21,2
13,6,13,21.1,0,0,26,49,13
9,1,9,18.2,0,0,0,3,8
14,6,14,27.8,0,0,0,29,8
15,3,15,17.6,0,0,10,40,42
18,3,18,31.1,0,0,2,12,2
6,1,6,5.8,0,0,4,21,2
5,4,5,5.4,0,0,2,5,3
9,6,9,11.3,0,0,0,25,8
20,0,20,25.4,0,0,4,7,3
13,4,13,22.7,0,0,0,5,8
6,2,6,12.1,0,0,0,5,8
4,0,4,14.0,0,0,2,7,3
9,2,9,10.9,0,0,2,8,3
7,6,7,11.5,0,0,9,0,10
11,0,11,26.3,0,0,10,85,19
20,6,20,8.4,0,0,0,36,8
18,1,18,14.4,0,0,2,44,2
17,5,17,13.0,0,0,0,13,8
6,4,6,5.9,0,0,4,3,2
13,2,13,11.4,0,0,2,21,3
5,3,5,18.7,0,0,6,9,15
18,5,18,26.9,0,0,0,13,8
5,1,5,4.1,0,0,2,5,3
9,2,9,8.9,0,0,2,33,3
23,6,23,11.5,0,0,2,21,3
1,5,1,11.6,0,0,15,6,3
16,1,16,19.7,0,0,0,78,8
12,3,12,20.8,0,0,0,11,8
5,2,5,3.5,0,0,4,21,2
5,1,5,13.2,0,0,2,8,3
7,5,7,3.6,0,0,2,16,2
4,1,4,5.4,0,0,1,2,6
16,3,16,10.1,0,0,4,44,3
19,6,19,9.9,0,0,0,16,8
21,0,21,9.8,0,0,11,0,14
4,6,4,10.6,0,0,0,9,5
15,1,15,14.4,0,0,31,54,81
15,3,15,13.8,0,0,0,11,8
5,3,5,8.9,0,0,0,52,5
14,2,14,29.4,0,1,4,7,5
5,2,5,13.0,0,0,4,5,2
9,5,9,19.9,0,0,10,51,17
15,0,15,18.4,0,0,15,6,3
5,4,5,10.1,0,0,7,0,7
11,3,11,13.0,0,0,0,8,5
16,1,16,31.8,0,0,10,7,17
21,1,21,17.7,0,0,16,21,2
16,1,16,19.6,0,0,2,58,3
14,6,14,17.6,0,0,0,21,8
13,3,13,19.3,0,0,18,54,20
23,4,23,17.4,0,0,0,20,0
1,1,1,12.9,0,0,18,36,6
17,4,17,30.7,0,0,45,147,6
5,2,5,11.9,0,0,4,6,5
11,3,11,12.3,0,0,0,7,8
5,5,5,13.7,0,0,2,11,5
1,2,1,11.7,0,0,23,41,15
1,6,1,13.8,0,0,1,2,6
6,4,6,0.2,0,0,2,36,2
19,2,19,9.8,0,0,0,4,8
0,6,0,23.2,0,0,0,20,14
8,0,8,6.1,0,0,0,10,5
0,1,0,18.4,0,0,18,36,6
15,0,15,26.4,0,0,18,32,33
0,1,0,14.7,0,0,1,2,6
14,5,14,15.7,0,0,18,32,6
19,6,19,8.7,0,0,0,17,0
10,3,10,18.0,0,0,0,13,8
11,1,11,25.1,0,0,0,34,8
18,0,18,27.7,0,0,16,11,3
21,6,21,18.0,0,0,0,17,0
23,5,23,15.8,0,0,0,0,0
10,0,10,17.7,0,0,0,42,5
21,0,21,10.7,0,0,0,16,8
20,3,20,13.2,0,0,0,3,5
7,0,7,0.3,0,0,0,7,5
11,5,11,21.2,0,0,27,36,0
6,2,6,8.7,0,0,0,5,8
0,2,0,14.2,0,0,0,6,9
11,1,11,10.5,0,0,0,3,8
15,4,15,27.2,0,0,0,9,8
5,2,5,9.3,0,0,1,2,6
11,5,11,25.8,0,0,0,8,8
20,2,20,6.6,0,0,0,36,5
12,0,12,31.2,0,0,0,5,8
0,6,0,3.9,0,0,15,6,3
16,0,16,25.9,0,0,0,11,8
6,2,6,3.2,0,0,4,32,5
6,2,6,13.0,0,0,0,7,8
18,4,18,11.0,0,0,0,5,8
14,6,14,22.1,0,0,18,54,20
16,0,16,16.9,0,0,9,0,10
16,5,16,17.1,0,0,0,78,8
16,2,16,18.6,0,0,0,32,5
20,1,20,14.5,0,0,2,32,3
5,6,5,6.7,0,0,0,3,8
19,4,19,11.8,0,0,2,32,3
18,2,18,29.4,0,1,40,0,10
11,1,11,18.4,0,0,0,21,5
1,3,1,10.7,1,2,0,7,8
20,5,20,20.8,0,0,13,19,13
12,3,12,14.9,0,0,0,8,5
22,0,22,9.8,0,0,0,9,5
13,1,13,25.2,0,0,4,5,2
14,1,14,9.1,1,2,16,21,5
12,5,12,20.5,0,0,0,11,8
19,2,19,27.2,0,1,16,21,2
10,6,10,7.4,0,0,0,44,8
3,0,3,8.2,0,0,9,0,18
20,6,20,13.2,0,0,0,17,0
15,5,15,17.5,0,0,16,10,5
6,2,6,1.6,0,0,4,21,2
11,1,11,10.2,0,0,14,17,13
10,6,10,6.3,0,0,0,57,0
6,1,6,8.0,0,0,4,7,2
0,0,0,6.3,0,0,2,54,3
7,0,7,9.9,0,0,0,36,8
11,1,11,23.2,0,0,0,44,8
13,1,13,24.2,0,0,2,11,3
11,6,11,13.1,0,0,0,0,14
10,0,10,15.2,0,0,2,45,3
4,4,4,13.1,0,0,0,4,5
23,5,23,3.7,0,0,0,20,0
7,2,7,9.8,0,0,0,13,5
10,1,10,6.8,0,0,2,16,2
16,0,16,25.7,0,0,2,45,3
6,3,6,3.1,0,0,0,8,8
4,3,4,6.3,0,0,2,4,3
5,1,5,11.8,0,0,4,3,5
8,4,8,7.4,0,0,23,41,15
8,2,8,7.0,0,0,0,54,5
13,0,13,24.9,0,0,27,36,0
7,4,7,11.1,0,0,0,8,5
2,5,2,9.1,0,0,80,26,7
19,0,19,15.1,0,0,0,44,5
8,1,8,12.7,0,0,17,0,7
8,1,8,9.5,0,0,0,9,8
16,4,16,16.7,0,0,0,11,8
10,0,10,21.3,0,0,0,53,14
16,3,16,28.1,0,0,16,21,8
19,6,19,10.0,0,0,0,4,8
11,2,11,10.1,0,0,14,17,13
21,2,21,13.5,0,0,0,9,5
11,6,11,12.1,0,0,0,0,14
15,2,15,14.3,0,0,2,45,3
20,2,20,5.2,0,0,0,5,5
23,5,23,6.3,0,0,23,41,15
6,3,6,5.7,0,0,16,21,5
6,4,6,8.8,0,0,0,8,8
9,2,9,16.5,0,0,2,8,3
17,1,17,15.5,0,0,0,5,8
16,5,16,17.0,0,0,16,110,5
15,4,15,21.4,0,0,10,51,17
5,6,5,7.4,0,0,0,3,8
17,0,17,27.2,0,0,4,13,2
23,1,23,10.4,0,0,18,32,6
10,6,10,16.3,0,0,0,53,0
4,1,4,17.2,0,0,2,7,3
9,2,9,6.0,0,0,2,8,3
5,6,5,2.6,0,0,2,3,3
5,2,5,4.2,0,0,0,4,8
10,4,10,18.8,0,0,0,5,8
4,0,4,14.6,0,0,9,0,18
15,2,15,18.7,0,0,0,11,8
0,2,0,6.5,0,0,2,9,3
7,0,7,11.7,0,0,8,6,9
16,5,16,33.0,0,0,2,8,3
20,0,20,22.4,0,0,2,21,3
3,3,3,16.2,0,0,1,2,1
15,1,15,15.1,0,0,0,78,5
18,3,18,24.9,0,0,16,21,8
17,1,17,10.6,0,0,10,80,43
12,2,12,21.9,0,0,2,11,3
10,6,10,8.9,0,0,0,5,5
7,5,7,6.1,0,0,0,29,8
21,6,21,10.8,0,0,13,19,13
4,5,4,6.7,0,0,2,11,2
18,0,18,24.7,0,0,0,12,8
19,1,19,13.8,0,0,0,44,5
18,0,18,13.4,0,0,0,25,8
17,6,17,29.8,0,0,0,12,8
3,0,3,14.6,0,0,1,2,1
19,1,19,11.3,0,0,2,5,3
20,0,20,25.2,0,0,32,4,58
21,1,21,13.9,0,0,0,4,8
2,5,2,16.5,0,0,1,2,6
6,1,6,13.0,0,0,4,7,3
11,3,11,9.9,0,0,0,0,14
0,1,0,13.9,0,0,15,6,3
16,1,16,4.7,0,0,0,6,14
6,3,6,9.2,0,0,2,9,2
18,1,18,20.7,0,0,0,21,8
8,5,8,19.7,0,0,0,44,8
13,4,13,15.8,0,0,18,32,33
7,1,7,10.9,0,0,4,5,2
11,5,11,22.2,0,0,2,8,3
15,3,15,10.7,0,0,0,7,5
4,3,4,6.7,0,0,1,2,1
4,5,4,9.6,1,2,0,25,5
5,3,5,19.2,0,0,6,9,5
17,0,17,20.4,0,0,0,8,8
20,0,20,26.1,0,0,0,36,5
5,6,5,9.9,0,0,0,52,5
6,0,6,10.3,0,0,0,7,8
6,4,6,17.5,0,0,7,0,7
23,5,23,19.3,0,0,12,18,7
15,4,15,16.0,0,0,2,45,3
16,5,16,32.8,0,0,16,21,2
16,5,16,17.5,0,0,2,44,3
1,4,1,18.1,0,0,0,21,5
5,2,5,12.9,0,0,4,12,3
9,6,9,13.9,0,0,9,0,18
5,3,5,18.0,0,0,4,3,3
12,3,12,21.5,0,0,0,8,8
12,6,12,19.5,0,0,0,7,8
15,2,15,19.0,0,0,2,45,3
13,6,13,21.7,0,0,0,9,5
13,2,13,16.4,0,0,0,33,5
23,2,23,10.4,0,0,0,0,0
16,5,16,14.6,0,0,0,21,14
12,5,12,15.0,0,0,26,49,13
5,4,5,2.6,0,0,0,5,8
9,4,9,6.7,0,0,2,33,3
12,6,12,19.9,0,0,1,2,1
14,3,14,12.3,0,0,16,21,8
14,5,14,8.2,0,0,0,9,8
13,6,13,14.3,0,0,7,0,7
17,2,17,6.8,0,0,2,8,3
4,6,4,15.8,0,0,0,3,8
5,6,5,18.3,0,0,2,10,3
11,4,11,14.7,0,0,0,7,5
19,0,19,13.1,0,0,2,32,3
16,2,16,12.3,0,0,4,44,3
18,6,18,9.3,0,0,0,21,8
6,0,6,8.1,0,0,0,5,8
14,0,14,12.3,0,0,0,13,8
5,3,5,17.5,0,0,0,5,8
8,0,8,3.0,0,0,0,5,5
14,1,14,20.9,0,0,4,5,3
7,3,7,8.8,0,0,2,16,3
11,5,11,13.7,0,0,7,0,7
6,0,6,3.3,0,0,4,3,2
10,5,10,14.2,0,0,2,45,3
15,6,15,29.6,0,0,0,78,5
4,1,4,15.6,0,0,0,7,5
2,5,2,24.2,0,0,1,2,6
2,5,2,17.2,0,0,1,2,6
0,0,0,15.3,0,0,15,6,3
2,0,2,14.1,0,0,8,0,9
5,4,5,9.5,0,0,4,3,3
10,0,10,14.6,0,0,0,21,14
16,6,16,18.9,0,0,22,56,4
8,4,8,18.7,0,1,8,6,9
23,1,23,9.9,0,0,0,43,14
13,2,13,25.7,0,0,2,3,3
16,0,16,25.2,0,0,0,32,5
13,6,13,14.6,0,0,0,11,8
12,5,12,23.9,0,0,4,63,3
5,0,5,9.9,0,0,4,11,2
16,6,16,15.9,0,0,6,9,0
6,2,6,12.9,0,0,2,9,2
7,0,7,8.8,0,0,0,3,8
6,5,6,15.5,0,0,0,5,8
14,6,14,21.2,0,0,2,54,3
7,6,7,6.5,0,0,0,9,14
11,1,11,14.2,0,0,14,17,13
10,0,10,13.7,0,0,0,53,0
11,6,11,28.6,0,0,2,45,3
16,0,16,27.9,0,0,0,11,8
5,5,5,13.4,0,0,2,5,3
3,4,3,11.9,0,0,21,36,7
0,1,0,10.8,0,0,1,2,6
20,4,20,10.1,0,0,0,9,5
7,4,7,13.3,0,0,0,44,8
17,4,17,16.5,0,0,0,8,8
6,4,6,0.5,0,0,2,7,2
19,3,19,9.3,0,0,4,32,5
13,1,13,14.2,0,0,4,5,2
8,5,8,17.9,0,0,0,9,9
16,2,16,12.5,0,0,6,9,0
16,0,16,11.7,0,0,4,54,5
8,1,8,9.1,0,0,0,9,8
15,5,15,31.6,0,0,0,9,8
11,3,11,17.4,0,0,14,17,13
8,4,8,4.7,0,0,4,8,5
4,0,4,15.9,0,0,0,4,5
19,1,19,4.3,0,0,14,17,13
8,1,8,13.1,0,0,0,9,9
9,2,9,9.4,0,0,0,45,5
14,0,14,25.7,0,0,2,33,3
9,5,9,5.0,0,0,0,16,5
12,1,12,26.6,0,0,21,26,7
7,3,7,5.9,0,0,2,3,3
7,1,7,6.0,0,0,0,5,5
4,1,4,6.0,0,0,0,7,8
13,4,13,22.3,0,0,26,49,13
6,1,6,13.0,0,0,0,5,8
7,2,7,9.7,0,0,2,16,2
5,1,5,9.0,0,0,6,9,5
5,0,5,5.9,0,0,2,7,2
6,2,6,12.6,0,0,0,7,5
15,3,15,24.9,0,0,32,4,58
10,2,10,13.5,0,0,10,13,16
18,2,18,26.1,0,0,6,9,0
6,6,6,13.5,0,0,15,64,15
20,4,20,9.8,0,0,6,9,5
20,6,20,20.4,0,0,2,16,2
16,2,16,12.1,0,0,0,78,8
6,5,6,8.7,0,0,0,25,5
17,2,17,26.0,0,0,4,16,3
6,2,6,12.4,0,0,2,7,3
8,5,8,8.4,0,0,0,76,14
4,4,4,14.1,0,0,2,4,2
6,3,6,12.5,0,0,4,12,2
11,3,11,10.2,1,2,0,3,8
13,2,13,17.8,0,0,2,36,3
16,2,16,17.3,0,0,4,44,2
1,6,1,18.0,0,0,0,1,0
5,4,5,14.5,0,0,0,7,8
23,5,23,11.8,0,0,0,22,14
23,5,23,16.2,0,0,14,17,13
4,3,4,15.7,0,0,2,3,3
8,2,8,8.4,0,0,7,0,7
12,0,12,23.3,0,0,1,2,1
23,6,23,16.1,0,0,18,32,6
13,1,13,10.9,0,0,0,61,8
3,4,3,9.2,0,0,5,9,4
16,2,16,19.9,0,0,0,44,5
5,6,5,8.3,0,0,0,36,8
20,6,20,14.3,0,0,2,16,2
18,3,18,9.6,0,0,2,44,3
5,0,5,13.9,0,0,0,7,8
5,3,5,7.0,0,0,0,3,5
5,5,5,4.6,0,0,4,10,5
5,3,5,1.8,0,0,4,21,2
12,5,12,12.0,0,0,0,11,8
23,4,23,12.5,0,0,0,20,0
7,6,7,10.9,0,0,0,8,8
0,0,0,18.1,0,0,0,22,9
17,6,17,25.8,0,0,0,6,9
12,3,12,14.1,0,0,1,2,1
13,2,13,26.7,0,0,17,0,7
5,0,5,12.0,0,0,1,2,6
23,0,23,10.2,0,0,14,17,13
10,3,10,21.2,0,0,25,46,0
12,2,12,13.9,0,0,0,11,8
6,6,6,6.2,0,0,0,7,8
10,2,10,11.3,0,0,2,34,3
4,0,4,10.0,0,0,0,4,5
4,5,4,4.1,0,0,0,4,8
19,5,19,26.9,0,1,16,21,8
9,0,9,8.9,0,0,10,100,57
13,0,13,21.2,0,0,0,7,8
5,1,5,5.5,0,0,2,9,2
16,3,16,19.1,0,0,0,36,8
16,4,16,7.5,0,0,0,78,5
9,2,9,11.1,0,0,2,8,3
17,2,17,20.1,0,0,4,44,2
11,6,11,14.8,0,0,16,21,8
5,1,5,7.1,0,0,6,9,5
0,0,0,5.8,0,0,0,6,14
18,3,18,15.9,0,0,0,33,8
20,1,20,18.8,0,0,10,3,17
16,2,16,31.4,0,0,7,0,7
8,0,8,14.4,0,0,0,9,9
10,3,10,11.6,0,0,2,16,3
15,5,15,17.8,0,0,15,6,3
1,0,1,15.1,0,0,0,37,0
9,2,9,13.5,0,1,0,32,5
4,4,4,3.8,0,0,0,4,8
12,5,12,12.1,0,0,1,2,1
15,6,15,17.4,0,0,2,34,2
11,1,11,13.6,0,0,1,2,1
13,5,13,23.4,0,0,14,17,13
8,0,8,4.9,0,0,18,32,26
7,2,7,12.8,0,0,0,8,8
6,6,6,8.6,0,0,0,52,5
9,5,9,21.8,0,0,10,51,17
8,5,8,2.0,0,0,2,16,3
18,5,18,23.0,0,0,4,8,3
8,1,8,9.3,0,0,0,11,8
16,0,16,34.7,0,0,0,5,8
23,0,23,21.4,0,1,12,18,7
20,5,20,13.5,0,0,2,4,2
4,0,4,13.7,0,0,0,4,8
17,1,17,10.8,0,0,0,32,5
6,0,6,12.0,0,0,10,28,16
12,0,12,20.8,0,0,0,7,5
12,2,12,15.2,0,0,0,11,8
9,3,9,10.9,1,2,2,36,2
9,3,9,11.0,1,2,2,5,3
4,6,4,17.0,0,0,2,5,3
2,3,2,16.2,0,0,1,2,6
21,2,21,20.4,0,0,2,9,2
17,6,17,20.4,0,0,2,16,3
22,3,22,23.6,0,0,0,9,5
15,5,15,16.2,0,0,18,32,26
17,5,17,30.0,0,0,0,21,0
4,3,4,8.7,0,0,0,3,8
2,1,2,21.4,0,0,1,2,6
23,3,23,17.2,0,0,18,32,26
21,0,21,19.7,0,0,25,46,14
10,3,10,11.8,0,0,0,3,8
14,6,14,15.8,0,0,15,6,3
10,2,10,14.4,0,0,0,44,8
10,3,10,14.0,0,0,27,36,0
0,4,0,20.1,0,0,0,0,0
1,0,1,11.8,0,0,0,37,0
20,6,20,18.4,0,0,0,16,8
9,0,9,7.7,0,0,0,8,5
20,6,20,12.9,0,0,0,25,8
5,4,5,9.4,0,0,2,8,3
13,0,13,25.7,0,0,27,36,0
12,2,12,13.9,0,0,2,30,3
18,1,18,27.5,0,0,0,32,5
6,2,6,9.7,0,0,15,6,3
11,6,11,11.7,0,0,7,0,7
19,3,19,30.4,0,0,18,32,26
7,3,7,5.4,0,0,0,7,8
0,6,0,6.0,0,0,0,1,0
12,0,12,15.1,0,0,0,3,8
14,4,14,26.6,0,0,0,16,8
18,1,18,27.7,0,0,2,12,2
6,0,6,8.5,0,0,24,47,23
2,4,2,6.0,0,0,1,2,1
7,0,7,13.6,0,0,2,16,3
0,0,0,13.8,1,0,0,12,5
7,4,7,8.5,0,0,0,8,8
17,5,17,18.5,0,0,0,3,5
22,6,22,12.1,0,0,11,0,14
22,5,22,7.4,0,0,0,9,5
17,6,17,16.3,0,0,2,13,3
9,3,9,19.9,0,1,7,9,7
17,1,17,17.9,0,0,0,36,5
11,1,11,21.6,0,1,2,16,3
23,3,23,8.4,0,0,0,0,0
2,1,2,12.0,0,0,16,21,8
18,6,18,27.7,0,0,16,11,8
13,4,13,16.5,0,0,4,13,5
22,3,22,8.9,0,0,14,17,13
11,4,11,18.1,0,0,0,7,8
5,0,5,15.0,0,0,0,7,8
17,6,17,13.6,0,0,2,12,2
0,6,0,22.9,0,0,11,23,14
14,6,14,11.0,0,0,2,34,2
9,3,9,8.0,0,0,0,7,8
14,0,14,17.9,0,0,16,110,3
12,3,12,20.0,0,0,14,17,13
1,1,1,17.8,0,0,14,17,13
17,2,17,8.6,0,0,0,33,8
8,3,8,7.3,0,0,4,7,3
17,0,17,7.9,0,0,0,3,8
13,2,13,17.6,0,0,26,49,13
5,5,5,13.2,0,0,2,12,2
5,2,5,9.1,0,0,0,7,8
7,5,7,13.4,0,0,2,42,3
7,1,7,13.1,0,0,24,47,23
15,6,15,16.9,0,0,7,0,7
21,0,21,15.0,1,2,4,14,3
14,3,14,10.8,0,0,0,45,5
10,2,10,12.2,0,0,0,21,0
13,3,13,19.0,1,2,0,45,5
10,3,10,19.4,0,0,0,3,8
6,2,6,9.4,0,0,2,36,3
6,3,6,8.6,0,0,2,3,2
15,2,15,25.9,0,0,6,93,5
16,5,16,21.2,0,0,0,45,5
4,6,4,18.9,0,0,0,7,5
15,5,15,14.9,0,0,0,11,8
23,6,23,13.0,0,0,0,0,0
8,2,8,11.7,0,0,0,13,5
7,2,7,12.4,0,0,2,33,3
0,4,0,17.6,0,0,11,23,14
16,2,16,30.8,0,0,0,36,8
13,0,13,22.7,0,0,0,7,8
22,4,22,7.0,1,2,0,10,5
7,0,7,4.4,0,0,0,21,14
11,5,11,8.5,0,0,2,45,3
8,3,8,1.8,0,0,6,9,5
14,0,14,27.5,0,0,0,45,5
22,0,22,5.7,0,0,14,17,13
19,3,19,26.5,0,0,0,44,8
16,3,16,12.4,0,0,0,32,5
16,0,16,12.0,0,0,0,3,8
4,4,4,11.9,0,0,2,5,3
16,4,16,11.9,0,0,4,16,3
13,3,13,23.3,0,0,4,5,2
17,2,17,31.1,0,0,2,58,3
20,3,20,21.6,0,0,20,0,7
12,1,12,23.4,0,0,26,49,13
7,0,7,2.7,0,0,0,36,5
23,1,23,15.3,0,0,18,36,6
6,4,6,2.1,0,0,15,6,14
8,3,8,2.3,0,0,0,53,0
9,3,9,15.3,0,0,2,13,3
19,3,19,25.3,0,0,16,11,3
14,1,14,12.0,0,0,0,45,5
13,1,13,25.3,0,0,0,13,8
8,1,8,5.5,0,0,0,33,8
18,0,18,15.8,0,0,0,5,8
9,6,9,17.6,0,0,0,53,14
8,1,8,19.4,0,0,4,3,3
5,1,5,13.1,0,0,2,7,2
15,1,15,17.8,0,0,0,11,8
5,2,5,10.5,0,0,6,9,5
12,0,12,24.1,0,0,2,11,3
8,2,8,17.6,0,0,0,45,5
12,6,12,14.7,0,0,0,11,8
1,5,1,14.8,0,0,1,2,6
23,5,23,3.9,0,0,0,22,14
17,0,17,26.7,0,0,7,0,7
17,4,17,30.9,0,0,0,33,5
20,1,20,10.3,1,2,0,53,14
11,6,11,10.9,0,0,0,25,8
1,6,1,10.6,0,0,1,2,6
13,1,13,28.1,0,0,28,55,0
18,5,18,25.4,0,0,10,130,34
6,5,6,12.9,0,0,2,9,2
5,4,5,15.0,0,0,2,7,2
7,3,7,8.4,0,0,4,5,3
18,6,18,16.2,0,0,0,33,8
10,2,10,12.4,0,0,27,36,0
5,4,5,5.8,0,0,1,2,6
13,2,13,22.8,0,0,4,5,3
19,6,19,23.4,0,0,4,5,2
9,5,9,15.6,0,0,0,42,5
15,5,15,7.9,0,0,16,10,5
16,2,16,28.5,0,0,0,8,8
11,2,11,19.3,0,0,0,7,8
8,2,8,4.5,0,0,0,44,8
20,6,20,13.0,0,0,2,21,3
14,1,14,12.2,0,0,2,7,3
23,4,23,19.4,0,0,14,24,9
9,0,9,14.8,0,0,0,9,8
7,1,7,5.4,0,0,20,6,7
20,0,20,26.8,0,1,40,0,10
0,4,0,15.5,0,0,0,22,0
8,1,8,7.4,0,0,0,9,5
23,0,23,16.9,0,0,0,0,0
11,1,11,12.9,0,0,0,16,8
5,4,5,8.1,0,0,0,16,8
9,6,9,25.8,0,0,0,25,8
17,1,17,14.5,0,0,16,11,2
8,5,8,15.3,0,0,20,21,7
2,1,2,18.6,0,0,0,37,0
5,0,5,14.8,0,0,2,11,5
5,0,5,10.0,0,0,1,2,6
14,0,14,32.1,0,0,4,5,3
0,4,0,10.8,1,2,0,8,8
0,0,0,8.5,0,0,1,2,6
16,2,16,30.0,0,0,0,13,8
9,2,9,11.1,0,0,17,0,7
8,5,8,4.0,0,0,4,54,5
19,2,19,21.9,0,0,49,86,49
10,1,10,12.9,0,0,2,16,3
20,2,20,26.0,0,0,0,25,5
23,5,23,10.4,0,0,0,20,14
17,6,17,16.7,0,0,4,38,3
17,1,17,19.6,0,0,0,17,14
18,4,18,30.6,0,0,0,32,5
19,4,19,22.5,0,0,2,13,3
22,1,22,7.2,0,0,16,21,8
4,3,4,8.7,0,0,0,7,8
10,4,10,9.7,0,0,0,21,0
18,2,18,12.2,0,0,0,13,5
0,3,0,6.3,0,0,1,2,6
20,5,20,15.8,0,0,0,36,5
13,1,13,16.6,0,0,2,8,2
6,4,6,9.1,0,0,2,9,2
23,1,23,9.7,0,0,0,16,5
16,0,16,16.9,0,0,2,9,3
11,5,11,20.2,0,1,0,3,5
12,5,12,8.5,0,0,26,49,13
2,6,2,9.1,0,0,1,2,1
10,4,10,14.3,0,0,2,13,3
5,4,5,5.9,0,0,0,3,8
8,5,8,12.9,0,0,17,2,7
22,5,22,7.2,0,0,14,17,13
6,5,6,12.0,0,0,2,32,3
16,6,16,33.5,0,0,0,21,5
23,3,23,5.3,0,0,0,20,14
20,4,20,14.6,0,0,0,36,5
20,3,20,8.5,1,2,2,5,3
0,5,0,17.3,0,0,18,36,33
20,6,20,8.1,0,0,2,9,3
19,6,19,26.0,0,0,18,32,6
22,6,22,11.9,0,0,3,6,4
11,3,11,27.3,0,0,0,7,5
5,6,5,15.4,0,0,2,10,3
8,4,8,6.2,0,0,0,44,8
20,3,20,10.1,0,0,4,5,3
6,0,6,8.0,0,0,2,7,3
7,1,7,6.1,0,0,0,33,5
0,4,0,6.3,0,0,1,2,6
10,5,10,14.9,0,0,0,8,8
15,6,15,16.6,0,0,2,34,2
20,3,20,17.9,0,0,2,8,2
11,3,11,27.9,0,0,10,5,41
5,4,5,11.8,0,0,4,3,2
15,3,15,15.4,0,0,15,6,3
11,3,11,27.6,0,0,0,33,8
8,4,8,8.8,0,0,0,5,8
15,4,15,19.5,0,0,0,11,8
12,5,12,18.1,0,0,0,3,8
13,0,13,8.5,0,0,2,44,3
13,6,13,19.4,0,0,0,16,8
7,6,7,10.3,0,0,0,9,14
4,0,4,10.6,0,0,1,2,1
20,1,20,24.7,0,0,4,5,2
8,4,8,4.5,0,0,4,13,3
14,2,14,24.3,0,0,0,9,5
12,6,12,13.9,0,0,2,7,2
2,6,2,18.1,0,0,9,0,18
22,6,22,7.7,0,0,11,0,14
10,2,10,15.3,0,0,2,30,3
21,6,21,8.3,0,0,13,19,13
5,0,5,9.7,0,0,4,7,3
7,6,7,6.9,0,0,4,13,3
16,4,16,13.0,0,0,0,17,14
18,5,18,26.5,0,0,16,11,5
16,6,16,17.3,0,0,0,11,8
8,6,8,5.4,0,0,0,44,8
8,2,8,4.5,0,0,0,3,8
6,0,6,8.3,0,0,2,5,3
1,2,1,15.6,0,0,0,1,0
1,5,1,17.5,0,0,0,1,0
9,4,9,17.2,0,0,10,31,17
20,6,20,12.1,0,0,11,0,14
3,1,3,7.6,0,0,1,2,1
8,6,8,7.8,0,0,0,54,8
19,0,19,8.6,0,0,7,26,7
10,2,10,14.5,0,0,0,8,5
7,0,7,13.6,0,0,2,33,3
18,1,18,16.5,0,0,16,11,2
5,5,5,13.7,0,0,6,9,5
11,6,11,7.3,0,0,0,13,8
17,0,17,13.8,0,0,0,5,8
20,5,20,25.7,0,1,4,32,3
11,5,11,9.9,0,0,2,45,3
19,2,19,31.6,0,1,2,33,3
5,4,5,13.0,0,0,0,8,5
19,1,19,23.5,0,0,2,5,3
0,4,0,11.1,0,0,15,6,3
1,0,1,9.9,0,0,0,6,14
7,1,7,9.7,0,0,10,92,43
8,3,8,8.2,0,0,2,5,3
4,0,4,13.9,0,0,0,7,5
15,4,15,27.7,0,0,0,9,8
6,6,6,5.7,0,0,0,16,8
17,1,17,10.9,0,0,0,8,5
19,1,19,10.0,0,0,2,5,3
17,1,17,19.9,0,0,2,44,2
9,4,9,19.0,0,1,2,34,3
6,2,6,9.6,0,0,4,3,2
12,2,12,22.2,0,0,0,3,8
21,5,21,20.5,0,0,16,21,2
4,3,4,10.0,0,0,0,3,8
15,6,15,20.2,0,0,0,5,8
8,1,8,9.9,0,0,0,33,8
5,0,5,13.9,0,0,4,3,2
16,2,16,11.8,0,0,0,3,8
19,2,19,13.8,0,0,2,3,2
8,0,8,6.7,0,0,0,33,8
7,5,7,1.0,0,0,0,8,8
18,6,18,31.2,0,0,0,61,5
15,6,15,17.1,0,0,6,93,5
21,3,21,9.5,0,0,0,16,5
12,0,12,11.1,0,0,0,11,8
7,3,7,3.1,0,0,0,36,8
6,4,6,4.0,0,0,2,36,3
4,1,4,15.6,0,0,0,3,5
1,5,1,14.4,0,0,16,21,8
5,4,5,11.5,0,0,4,12,2
16,6,16,21.6,0,0,6,93,5
6,5,6,4.5,0,0,0,21,14
20,4,20,16.2,0,0,0,3,8
23,4,23,7.2,0,0,0,43,14
11,2,11,14.6,0,0,2,7,3
8,6,8,3.0,0,0,2,16,2
12,5,12,21.1,0,0,26,49,13
16,5,16,29.9,0,0,0,4,5
16,2,16,28.1,0,0,6,93,5
6,1,6,3.7,0,0,4,32,3
13,6,13,24.4,0,0,0,7,8
8,5,8,17.0,0,0,4,16,3
4,5,4,13.2,0,0,0,4,8
5,5,5,15.4,0,0,6,9,5
2,5,2,17.1,0,0,1,2,6
8,2,8,13.2,0,0,4,5,3
6,2,6,11.4,0,0,0,12,8
5,6,5,14.6,0,0,1,2,6
16,4,16,13.4,0,0,0,36,8
4,3,4,11.0,0,0,0,4,8
8,1,8,9.8,0,0,0,13,8
7,5,7,12.3,0,0,2,16,3
15,0,15,18.3,0,0,18,32,33
7,6,7,12.6,0,0,2,16,3
5,0,5,14.4,0,0,1,2,6
7,3,7,10.1,0,0,8,0,9
8,4,8,11.9,0,0,0,53,0
6,1,6,13.0,0,0,0,7,5
7,2,7,5.6,0,0,0,7,8
4,0,4,13.8,0,0,0,3,8
13,2,13,19.1,0,0,0,3,5
18,5,18,28.2,0,0,0,13,8
7,0,7,8.4,0,0,0,36,8
12,3,12,13.1,0,0,2,3,3
8,0,8,14.4,0,0,17,0,7
13,6,13,17.1,0,0,0,13,8
0,0,0,10.4,0,0,0,6,14
19,1,19,14.6,0,0,2,5,3
22,6,22,17.0,0,0,0,0,14
13,2,13,14.4,0,0,0,13,8
15,3,15,12.7,0,0,10,7,19
4,4,4,12.4,0,0,0,3,8
12,6,12,17.3,0,0,16,21,8
20,4,20,8.5,0,0,2,9,3
21,6,21,19.2,0,0,2,9,2
15,1,15,22.2,0,0,16,21,8
16,4,16,11.9,0,0,4,44,3
9,0,9,11.8,0,0,2,34,3
14,6,14,23.0,0,0,0,45,5
12,1,12,16.7,0,0,0,3,8
4,4,4,1.8,0,0,3,26,4
13,6,13,12.7,0,0,2,36,3
6,3,6,7.7,0,0,2,5,3
6,0,6,2.6,0,0,24,47,22
8,5,8,5.4,0,0,0,3,5
22,6,22,7.9,0,0,4,54,5
1,6,1,11.4,0,0,15,6,3
5,0,5,14.4,0,0,4,12,2
4,6,4,8.0,0,0,0,7,8
16,6,16,29.3,0,0,2,44,2
8,0,8,1.0,0,0,0,3,5
5,2,5,9.1,0,0,4,5,3
20,0,20,12.5,0,0,2,16,3
14,6,14,22.8,0,0,0,13,8
18,0,18,26.8,0,0,2,5,3
0,4,0,20.0,0,0,0,7,8
16,5,16,26.5,0,0,2,13,2
9,2,9,10.8,0,0,0,13,8
15,2,15,20.4,0,0,4,78,5
13,0,13,14.2,0,0,0,9,8
13,3,13,25.2,0,0,2,8,2
5,3,5,13.7,0,0,0,11,8
5,5,5,2.0,0,0,16,21,8
14,4,14,18.6,0,0,2,45,3
22,0,22,6.3,0,0,23,41,15
13,3,13,11.8,0,0,19,102,19
6,5,6,10.7,0,0,2,32,3
17,5,17,24.9,0,0,0,21,0
4,2,4,14.6,0,0,0,3,8
4,2,4,17.3,0,0,2,5,3
16,4,16,25.7,0,0,0,8,8
16,6,16,35.4,0,0,0,7,5
7,6,7,16.7,0,0,0,52,5
4,3,4,16.5,0,0,0,25,8
7,4,7,11.2,0,0,0,13,5
14,4,14,18.5,0,0,2,33,2
0,3,0,11.0,0,0,2,21,3
17,3,17,32.6,0,0,0,21,0
20,5,20,15.3,0,0,13,19,13
5,6,5,13.7,0,0,4,6,3
8,3,8,5.3,0,0,0,29,8
11,6,11,11.8,0,0,0,3,8
1,4,1,4.1,0,0,0,1,0
11,0,11,16.4,0,0,0,33,8
12,6,12,13.6,0,0,1,2,1
20,1,20,16.0,0,0,2,9,3
4,2,4,9.1,0,0,1,2,6
12,1,12,10.9,0,0,0,30,5
4,1,4,1.3,0,0,0,11,8
20,3,20,8.4,1,2,0,5,8
4,4,4,1.6,0,0,2,4,3
14,4,14,19.2,0,0,0,21,8
11,1,11,22.9,0,0,0,13,8
22,0,22,8.9,0,0,14,17,13
5,1,5,9.2,0,0,4,32,5
3,3,3,9.3,0,0,9,0,7
10,5,10,9.4,0,0,9,0,18
4,3,4,4.0,0,0,1,2,6
6,2,6,9.0,0,0,0,3,8
9,4,9,5.0,0,0,9,0,10
16,3,16,11.0,0,0,4,16,3
16,5,16,26.5,0,0,15,6,3
12,0,12,17.4,0,0,2,44,3
4,3,4,15.5,0,0,0,25,5
14,1,14,24.9,0,0,0,13,8
7,2,7,9.6,0,0,0,44,5
13,6,13,21.3,0,0,7,36,7
18,1,18,28.1,0,1,6,9,5
18,1,18,16.8,0,0,0,5,8
18,1,18,19.5,0,0,2,13,3
7,0,7,13.1,0,0,0,33,5
21,5,21,11.0,0,0,4,16,2
5,5,5,3.5,0,0,4,12,2
19,3,19,21.1,0,0,16,11,5
17,2,17,19.3,0,0,2,44,3
22,1,22,14.0,0,0,23,41,15
14,3,14,18.1,0,0,0,8,8
13,3,13,13.6,0,0,2,36,3
16,6,16,19.7,0,0,4,7,2
7,6,7,11.0,0,0,2,33,2
15,4,15,23.0,0,0,18,32,33
12,2,12,26.3,0,1,0,3,8
5,4,5,4.8,0,0,4,8,3
9,5,9,15.5,0,0,18,32,6
7,0,7,8.5,0,0,2,33,3
12,5,12,12.1,0,0,0,13,8
17,1,17,27.4,0,0,0,33,8
10,1,10,13.1,0,0,0,13,5
5,6,5,2.7,0,0,4,10,2
7,4,7,8.8,0,0,2,33,3
17,2,17,10.5,0,0,0,12,8
12,5,12,11.1,0,0,0,66,0
5,1,5,13.7,0,0,2,10,3
15,5,15,15.4,0,0,16,10,5
19,1,19,10.2,0,0,2,5,3
18,1,18,8.7,0,0,0,16,5
12,4,12,14.5,0,0,7,0,7
16,4,16,26.1,0,0,0,3,8
11,3,11,9.5,0,0,0,8,8
18,6,18,29.6,0,0,2,3,3
21,0,21,15.1,1,2,0,12,5
12,3,12,11.2,0,0,0,29,5
15,0,15,27.0,0,0,10,21,73
17,1,17,15.6,0,0,2,12,2
11,1,11,25.1,0,1,9,0,18
21,0,21,9.6,0,0,18,32,26
19,2,19,19.3,0,0,16,11,5
17,0,17,29.0,0,1,9,0,10
8,6,8,12.0,0,0,0,73,5
12,1,12,27.7,0,0,18,32,26
5,5,5,11.7,0,0,0,42,5
16,5,16,28.5,0,0,0,36,5
7,2,7,9.5,0,0,17,0,7
19,3,19,8.4,0,0,2,5,2
12,2,12,18.0,0,0,18,32,26
9,4,9,9.3,0,0,0,10,5
20,0,20,19.3,0,0,2,32,2
8,6,8,13.6,0,0,4,13,2
12,3,12,10.7,0,0,0,21,8
14,2,14,19.7,0,0,0,13,8
16,2,16,12.2,0,0,16,21,8
23,0,23,4.5,0,0,0,25,8
13,5,13,14.9,0,0,0,9,5
20,6,20,29.9,0,0,0,4,8
13,2,13,16.1,0,0,0,16,8
8,5,8,7.7,0,0,2,16,2
8,4,8,16.9,0,0,0,13,8
12,0,12,8.3,0,0,26,49,13
0,2,0,17.7,0,0,0,1,0
5,1,5,6.1,0,0,2,5,3
5,6,5,11.0,0,0,0,3,8
8,3,8,4.2,0,0,4,5,2
8,6,8,17.9,0,0,19,130,63
7,1,7,9.1,0,0,0,44,5
5,1,5,19.2,0,0,0,3,5
8,3,8,2.3,0,0,4,16,3
2,2,2,15.0,0,0,21,36,7
9,6,9,8.2,0,0,0,45,5
16,4,16,18.4,0,0,2,11,2
0,4,0,17.4,0,0,14,17,13
15,3,15,14.2,0,0,10,103,16
8,5,8,5.4,0,0,0,9,8
12,5,12,16.5,0,0,0,25,5
19,3,19,20.6,0,0,0,16,5
18,3,18,10.0,0,0,2,44,2
8,2,8,9.5,0,0,0,9,14
4,2,4,9.8,0,0,0,11,8
7,0,7,8.5,0,0,2,8,3
7,6,7,9.9,0,0,4,14,3
21,0,21,17.7,0,0,45,36,6
5,6,5,16.0,0,0,2,5,3
12,4,12,21.2,0,0,18,32,6
4,1,4,8.1,0,0,0,5,5
16,3,16,29.3,0,0,28,55,0
10,0,10,13.3,0,0,9,0,18
20,0,20,27.9,0,0,2,8,2
16,6,16,29.1,0,0,2,58,3
7,1,7,13.4,0,0,0,33,8
11,4,11,14.6,0,1,0,8,8
22,3,22,9.8,1,2,4,5,2
10,0,10,21.0,0,0,0,5,8
17,5,17,31.7,0,1,4,13,2
17,6,17,17.5,0,0,4,50,2
9,2,9,9.9,0,0,2,5,3
18,6,18,30.2,0,0,0,33,8
20,1,20,16.8,0,0,0,5,5
17,1,17,30.7,0,0,0,33,8
5,5,5,15.9,0,0,0,16,8
15,1,15,28.6,0,0,15,6,3
13,4,13,16.6,0,0,4,13,5
11,4,11,16.0,0,0,0,21,8
13,4,13,17.9,0,0,4,11,3
6,6,6,8.8,0,0,0,5,8
9,1,9,12.4,1,0,44,48,58
12,3,12,14.9,0,0,0,8,8
4,2,4,16.6,0,0,0,5,8
9,3,9,5.9,0,0,0,54,8
5,4,5,12.0,0,0,4,8,3
1,2,1,16.4,0,0,1,2,6
23,2,23,20.9,0,0,0,20,14
2,3,2,18.0,0,0,14,24,9
8,4,8,10.6,0,0,0,3,8
21,4,21,9.1,0,0,2,9,3
9,6,9,25.3,0,0,0,8,5
4,1,4,7.8,0,0,2,11,2
17,5,17,16.7,0,0,0,45,5
13,4,13,15.5,0,0,2,54,3
13,3,13,15.1,0,0,7,0,7
5,6,5,6.0,0,0,0,5,8
13,1,13,11.0,0,0,0,44,8
8,2,8,15.5,0,0,0,9,0
5,4,5,9.5,0,0,80,26,7
20,6,20,21.8,0,0,2,3,3
16,6,16,25.1,0,0,4,32,2
6,4,6,6.9,0,0,0,5,8
5,5,5,3.5,0,0,4,21,2
15,6,15,25.7,0,0,20,0,7
20,5,20,25.5,0,0,0,21,5
21,4,21,9.0,0,0,0,8,8
8,6,8,15.9,0,0,10,7,17
5,1,5,4.6,0,0,2,9,2
2,5,2,2.1,0,0,1,2,1
6,4,6,5.3,0,0,0,3,5
14,2,14,19.4,0,0,10,5,11
11,5,11,12.9,0,0,2,13,3
7,2,7,13.5,0,0,0,5,8
19,5,19,12.2,0,0,2,54,3
4,4,4,10.7,0,0,2,7,2
21,4,21,13.4,0,0,2,8,3
6,1,6,12.9,0,0,2,7,3
5,4,5,11.6,0,0,8,0,9
9,6,9,17.1,0,0,0,42,5
10,4,10,19.0,0,0,2,30,3
5,3,5,14.8,0,0,4,12,2
12,0,12,31.1,0,0,0,25,5
13,4,13,15.3,0,0,2,110,3
15,2,15,16.8,0,0,2,5,2
21,3,21,17.1,0,0,0,33,8
15,6,15,11.1,0,0,0,30,5
5,3,5,3.9,0,0,6,9,5
1,0,1,7.0,0,0,0,37,0
5,0,5,4.4,0,0,0,16,8
18,2,18,23.8,0,0,16,11,8
5,6,5,16.0,0,0,0,11,5
8,1,8,15.6,0,0,0,33,8
4,5,4,1.3,0,0,0,11,8
9,5,9,6.7,0,0,4,54,3
13,2,13,16.2,0,0,4,7,2
7,4,7,8.9,1,2,18,32,6
15,5,15,31.5,0,0,2,5,3
0,3,0,19.3,0,0,0,6,14
18,1,18,15.7,0,0,0,25,8
18,3,18,23.6,0,0,0,13,5
15,5,15,31.0,0,0,0,10,5
5,2,5,12.3,0,0,4,5,3
10,2,10,9.1,0,0,0,30,5
10,3,10,24.5,0,0,2,25,2
11,2,11,8.2,0,0,16,21,8
6,1,6,2.1,0,0,6,9,5
11,0,11,18.5,0,0,0,34,5
12,2,12,24.3,0,0,0,3,5
5,4,5,15.0,0,0,0,52,5
0,1,0,13.8,0,0,0,25,5
7,3,7,10.0,0,0,10,51,17
3,2,3,14.8,0,0,21,36,7
11,0,11,28.2,0,0,8,0,9
4,5,4,8.6,0,0,0,3,8
23,3,23,22.3,0,1,12,18,7
22,3,22,11.4,0,0,14,17,13
7,6,7,11.3,0,0,0,33,5
13,3,13,19.0,0,0,4,5,2
14,3,14,25.6,0,0,2,7,3
14,4,14,28.0,0,0,5,9,4
13,5,13,20.8,0,0,26,49,13
14,2,14,23.1,0,0,7,0,7
4,1,4,8.7,0,0,0,5,5
16,1,16,26.0,0,0,0,25,8
7,5,7,6.7,0,0,2,33,2
0,0,0,8.8,0,0,0,1,0
6,5,6,11.9,0,0,0,32,8
20,1,20,12.3,0,0,13,19,13
7,4,7,3.6,0,0,2,33,3
19,4,19,11.0,0,0,0,33,8
4,1,4,6.0,0,0,0,12,5
5,1,5,4.9,0,0,2,8,3
17,6,17,14.9,0,0,0,54,5
1,3,1,10.7,0,0,1,2,6
3,6,3,13.7,0,0,9,0,18
23,1,23,17.0,0,0,16,21,5
2,6,2,18.8,0,0,0,6,0
9,1,9,12.5,1,0,2,16,3
4,6,4,14.2,0,0,0,3,8
6,2,6,12.2,0,0,2,9,2
20,0,20,12.8,0,0,2,9,2
10,6,10,11.0,0,0,0,8,5
19,0,19,12.5,0,0,0,13,5
2,5,2,6.0,0,0,1,2,1
1,6,1,7.6,0,0,0,1,0
7,3,7,8.4,0,0,0,33,5
6,4,6,13.5,0,0,0,52,5
5,3,5,15.8,0,0,4,6,3
5,3,5,14.4,0,0,4,10,3
18,3,18,22.3,0,0,2,13,3
10,4,10,10.7,0,0,0,3,5
7,5,7,13.7,0,0,0,4,8
8,5,8,7.9,0,0,0,29,8
21,6,21,9.8,0,0,6,9,5
6,1,6,9.5,0,0,0,9,5
10,5,10,11.5,0,0,0,8,8
15,2,15,21.4,0,0,0,78,8
7,1,7,18.1,0,0,0,5,8
9,2,9,10.5,0,0,0,5,5
0,2,0,9.7,0,0,0,43,14
21,3,21,14.5,0,0,13,19,13
1,3,1,18.9,0,0,10,7,17
4,3,4,7.1,0,0,2,5,3
11,5,11,12.0,0,0,0,25,8
4,2,4,9.8,0,0,0,25,8
5,1,5,5.6,0,0,0,16,8
4,2,4,12.3,0,0,0,11,8
0,4,0,7.8,0,0,0,6,14
15,4,15,15.1,0,0,9,0,18
23,2,23,5.3,1,0,4,32,3
6,6,6,7.9,0,0,4,21,2
4,3,4,1.2,0,0,0,16,8
14,4,14,18.3,0,0,0,8,5
8,1,8,10.3,0,0,0,53,0
19,1,19,14.5,0,0,2,4,3
4,2,4,7.0,0,0,2,11,2
20,5,20,11.9,0,0,2,3,2
20,3,20,17.0,0,0,25,46,14
16,6,16,10.3,0,0,6,9,0
8,2,8,10.1,0,0,0,13,8
8,5,8,3.1,0,0,4,54,2
17,3,17,25.9,0,0,0,16,8
9,2,9,9.8,0,0,6,9,5
16,6,16,26.0,0,0,0,34,5
5,2,5,16.3,0,0,0,7,5
7,5,7,13.0,0,0,15,6,14
3,0,3,10.4,0,0,1,2,1
8,2,8,11.8,0,0,17,0,7
5,5,5,15.5,0,0,0,11,8
4,4,4,9.3,0,0,0,11,8
23,5,23,18.8,0,0,0,0,0
10,2,10,14.4,0,0,0,5,8
8,3,8,14.2,0,0,24,47,30
15,3,15,27.5,0,0,15,6,3
20,0,20,12.8,0,0,2,3,3
18,0,18,28.0,0,0,0,5,8
16,0,16,25.7,0,0,2,44,3
5,5,5,11.7,0,0,1,2,6
8,0,8,14.1,0,0,0,36,8
6,3,6,8.8,0,0,4,50,5
18,0,18,7.5,0,0,4,5,2
6,5,6,12.6,0,0,2,7,3
3,5,3,8.8,0,0,1,2,1
8,1,8,6.9,0,0,0,25,8
17,3,17,15.0,0,0,2,3,3
9,4,9,13.2,0,0,0,33,5
1,2,1,14.2,0,0,16,21,8
18,3,18,25.2,0,0,0,13,5
4,1,4,2.1,0,0,0,3,8
4,1,4,14.7,0,0,2,3,2
10,5,10,7.9,0,0,75,121,78
22,2,22,11.5,1,2,15,6,15
20,6,20,22.6,0,0,0,36,8
5,1,5,10.3,0,0,4,11,3
15,6,15,17.0,0,0,16,10,5
18,4,18,11.8,0,0,16,11,5
23,6,23,19.7,1,0,3,6,4
15,1,15,12.5,0,0,0,16,8
16,0,16,19.3,0,0,0,13,5
17,0,17,11.9,0,0,2,13,3
18,2,18,12.6,0,0,16,21,8
17,3,17,17.6,0,0,7,0,7
19,5,19,14.5,0,0,0,5,5
16,1,16,17.5,0,0,4,3,2
14,6,14,14.2,0,0,15,6,3
2,5,2,16.7,1,0,4,12,2
20,1,20,7.8,0,0,2,4,3
7,6,7,14.7,0,0,0,44,5
15,6,15,24.7,0,0,15,6,3
13,4,13,16.1,0,0,2,21,3
10,5,10,23.5,1,0,24,48,30
6,0,6,6.8,0,0,24,28,30
2,4,2,19.5,0,0,2,6,3
7,4,7,8.5,0,0,17,0,7
9,2,9,15.5,0,0,6,9,5
15,2,15,14.1,0,0,6,9,7
9,3,9,6.2,0,0,0,53,0
12,1,12,24.2,0,0,0,11,5
8,3,8,7.2,0,0,18,32,26
20,6,20,22.9,0,0,0,44,8
7,4,7,7.1,0,0,2,21,2
16,2,16,16.6,0,0,4,3,5
16,4,16,20.6,0,0,4,5,2
23,4,23,5.9,0,0,0,43,14
6,3,6,10.6,0,0,0,7,5
5,0,5,16.8,0,0,7,0,7
23,5,23,23.8,0,0,0,0,14
15,2,15,11.6,0,0,2,5,3
22,4,22,6.7,0,0,18,36,6
4,0,4,13.5,0,0,0,7,5
19,6,19,16.7,0,0,2,44,3
23,3,23,4.3,0,0,0,0,0
19,3,19,25.3,0,0,2,54,3
5,5,5,1.4,0,0,4,10,2
15,6,15,24.0,0,0,0,7,5
17,3,17,25.0,0,0,16,21,8
12,3,12,15.4,0,0,0,3,8
10,5,10,7.8,0,0,27,36,0
18,3,18,12.8,0,0,0,32,5
16,6,16,18.5,0,0,0,32,5
19,6,19,12.4,0,0,2,54,3
5,0,5,3.1,0,0,16,21,3
19,6,19,23.6,0,0,16,21,5
19,3,19,8.1,0,0,0,17,0
2,5,2,18.6,0,0,16,21,8
3,5,3,15.1,0,0,15,14,3
6,2,6,4.6,0,0,0,5,5
12,2,12,11.2,0,0,0,11,8
0,1,0,8.6,0,0,2,36,3
16,3,16,21.7,0,0,7,9,7
10,2,10,19.0,0,0,0,45,5
20,6,20,19.3,0,0,0,3,8
22,3,22,18.8,0,0,0,7,8
5,1,5,10.0,0,0,0,36,8
19,2,19,8.3,0,0,0,3,8
6,3,6,6.3,0,0,0,5,5
16,4,16,31.3,0,1,0,33,5
0,0,0,18.1,0,0,0,6,14
12,1,12,16.6,0,0,0,25,8
1,6,1,10.5,0,0,23,41,15
21,2,21,11.2,1,2,2,5,3
16,0,16,27.3,0,0,0,11,8
5,0,5,6.9,0,0,0,7,5
9,5,9,19.0,0,0,6,9,5
17,2,17,11.4,0,0,2,33,3
0,2,0,15.7,0,0,0,22,9
15,5,15,30.1,0,0,2,45,3
9,4,9,8.1,0,0,4,16,5
10,2,10,7.4,0,0,0,21,0
12,3,12,23.7,0,0,7,0,7
20,1,20,11.6,0,0,2,5,3
17,5,17,13.5,0,0,2,12,3
20,2,20,5.3,0,0,2,16,3
8,4,8,13.5,0,0,0,9,14
14,6,14,20.7,0,0,4,5,2
14,4,14,17.9,0,0,0,5,8
18,6,18,10.3,0,0,2,33,3
22,3,22,17.3,0,0,2,8,3
15,6,15,14.6,0,0,0,82,8
20,0,20,12.5,0,0,2,16,2
13,6,13,11.3,0,0,0,7,8
23,6,23,7.9,0,0,0,0,0
5,0,5,8.2,0,0,4,10,3
8,2,8,10.9,0,0,18,32,6
0,2,0,2.0,0,0,0,21,5
5,6,5,6.0,0,0,0,11,8
15,0,15,28.2,0,0,2,33,3
20,2,20,11.8,0,0,0,9,8
13,3,13,10.0,1,2,2,9,2
2,0,2,8.6,0,0,8,6,9
15,6,15,29.2,0,0,7,0,7
7,0,7,11.6,0,0,0,7,8
19,4,19,9.0,0,0,2,16,3
0,1,0,10.0,0,0,0,1,0
8,6,8,6.8,0,0,0,13,5
8,3,8,9.3,0,0,0,32,5
16,3,16,23.5,0,0,0,33,8
6,1,6,9.9,0,0,0,7,8
9,0,9,19.5,0,0,0,43,14
16,0,16,28.2,0,0,16,10,8
16,1,16,11.5,0,0,4,8,3
2,6,2,8.1,0,0,1,2,1
6,6,6,5.0,0,0,4,21,5
13,0,13,21.2,0,0,4,32,3
15,5,15,18.3,0,0,0,44,8
5,4,5,4.4,0,0,2,3,3
22,2,22,9.0,0,0,18,36,6
11,6,11,13.1,0,0,2,16,2
11,0,11,18.1,0,0,0,34,8
14,4,14,20.5,0,0,33,62,0
16,6,16,21.7,0,0,0,78,8
7,0,7,3.7,0,0,2,3,2
18,2,18,27.8,0,0,16,11,5
6,3,6,12.5,0,0,0,32,5
9,4,9,7.1,0,0,0,30,5
12,0,12,20.9,0,0,10,139,43
19,3,19,22.1,0,0,0,8,5
5,6,5,7.2,0,0,0,3,8
18,4,18,8.8,0,0,0,33,5
19,1,19,10.8,1,2,1,2,1
12,5,12,18.1,0,0,0,32,5
8,1,8,9.1,0,0,18,32,33
19,2,19,25.5,0,0,4,5,3
10,5,10,21.1,0,0,0,29,8
5,6,5,10.8,0,0,1,2,6
13,5,13,28.4,0,0,2,34,2
10,3,10,9.1,0,0,0,33,8
8,0,8,12.3,0,0,2,16,3
5,4,5,11.8,0,0,0,11,8
17,2,17,28.1,0,0,4,3,3
13,5,13,12.7,0,0,18,32,6
20,4,20,21.2,0,0,2,21,3
16,2,16,11.5,0,0,0,16,8
14,5,14,13.4,0,0,4,21,2
4,3,4,7.1,0,0,2,7,3
6,1,6,10.6,0,0,16,21,3
16,5,16,17.7,0,0,0,7,8
10,1,10,10.5,0,0,2,16,3
19,2,19,15.4,0,0,10,16,17
11,6,11,20.9,0,0,1,2,1
5,0,5,9.7,0,0,6,9,15
9,6,9,8.7,0,0,2,30,3
22,0,22,8.7,0,0,18,32,6
9,0,9,6.8,0,0,19,51,17
17,3,17,11.8,0,0,0,44,8
6,1,6,11.1,0,0,15,6,14
6,0,6,9.8,0,0,6,9,5
12,0,12,18.5,0,0,0,13,5
0,1,0,7.7,0,0,0,4,5
7,5,7,12.7,0,0,15,6,14
13,0,13,29.1,0,0,0,5,5
13,0,13,15.0,0,0,0,7,5
5,4,5,10.7,0,0,4,11,3
6,0,6,2.6,0,0,2,119,3
21,6,21,8.0,0,0,0,4,8
7,5,7,3.9,0,0,0,36,8
2,6,2,15.8,0,0,1,2,6
12,1,12,14.5,0,0,0,10,5
17,2,17,26.0,0,0,0,3,5
16,0,16,20.0,0,0,4,7,2
16,1,16,19.1,0,0,6,9,7
4,2,4,4.4,0,0,0,25,5
5,0,5,8.1,0,0,4,7,5
13,5,13,19.1,0,0,0,44,5
14,3,14,15.4,0,0,0,16,8
12,6,12,11.0,0,0,0,32,5
7,0,7,14.2,0,0,0,45,5
18,2,18,6.6,0,0,0,16,8
18,5,18,28.4,0,0,0,13,5
10,1,10,18.0,0,0,2,33,3
5,2,5,8.4,0,0,2,5,3
11,3,11,12.9,0,0,18,54,20
15,1,15,20.0,0,0,0,13,5
15,5,15,19.4,0,0,0,78,5
7,1,7,13.8,0,0,18,32,6
20,5,20,20.0,0,0,0,25,8
10,1,10,16.3,0,0,0,44,8
1,5,1,19.3,0,0,0,21,5
12,1,12,19.1,0,0,4,63,3
6,2,6,16.6,0,0,0,25,5
4,5,4,11.8,0,0,0,16,8
5,6,5,9.5,0,0,0,7,8
5,0,5,12.5,0,0,6,9,5
12,5,12,27.7,0,0,0,32,5
15,6,15,25.7,0,0,0,7,8
5,3,5,10.9,0,0,4,10,3
5,5,5,13.4,0,0,2,4,3
17,3,17,27.1,0,0,16,11,8
12,1,12,27.8,0,0,4,63,3
16,1,16,21.4,0,0,0,11,8
2,4,2,17.7,0,0,0,37,0
16,4,16,17.2,0,0,0,13,8
17,3,17,11.8,0,0,0,44,8
16,3,16,14.8,0,0,0,34,5
16,4,16,23.4,0,0,0,45,5
7,2,7,16.7,0,1,22,56,4
6,6,6,18.5,0,0,0,45,5
11,3,11,16.8,0,0,0,0,14
20,5,20,9.1,0,0,0,36,8
13,6,13,21.7,0,0,0,7,8
5,6,5,5.5,0,0,0,16,8
11,5,11,25.5,0,0,10,5,11
14,0,14,24.4,0,0,0,13,5
6,0,6,9.8,0,0,10,28,16
9,3,9,15.8,0,0,2,34,2
7,1,7,19.1,0,0,2,11,2
21,0,21,25.4,0,1,2,9,2
9,0,9,9.7,0,0,0,33,8
19,6,19,13.2,0,0,0,25,8
4,4,4,2.4,0,0,0,3,5
19,6,19,15.3,0,0,2,54,3
1,6,1,8.5,0,0,0,1,0
19,4,19,22.8,0,0,0,3,5
23,4,23,5.5,0,0,0,22,14
14,4,14,28.4,0,0,0,7,8
7,3,7,9.0,0,0,2,21,3
10,2,10,8.5,0,0,0,33,8
2,4,2,13.0,0,0,9,0,10
7,5,7,1.3,0,0,0,16,8
10,1,10,11.9,0,0,0,12,5
5,2,5,14.7,0,0,0,3,8
8,3,8,15.6,0,0,10,81,17
9,5,9,21.5,0,0,18,32,6
11,3,11,10.3,0,0,14,17,13
6,3,6,7.7,0,0,15,6,14
16,1,16,10.9,0,0,4,7,3
7,4,7,7.1,0,0,2,33,3
5,3,5,16.5,0,0,0,5,5
6,0,6,3.7,0,0,15,6,14
16,2,16,22.5,0,0,0,11,8
12,4,12,25.7,0,0,18,32,6
0,4,0,20.9,0,0,11,23,14
11,3,11,9.4,0,0,0,66,14
15,1,15,25.4,0,0,28,55,0
17,6,17,15.6,0,0,0,5,8
1,4,1,16.2,0,0,0,6,14
5,2,5,10.4,0,0,0,7,8
6,1,6,3.1,0,0,0,7,8
11,5,11,10.3,0,0,2,45,3
15,3,15,18.9,1,2,2,44,3
23,2,23,11.1,0,0,0,20,14
5,5,5,2.0,0,0,2,5,3
13,3,13,11.5,0,0,2,13,3
11,2,11,15.5,0,0,0,34,5
6,4,6,6.7,0,0,2,36,3
22,2,22,6.2,0,0,11,0,14
16,0,16,30.9,0,0,9,0,18
6,3,6,1.7,0,0,15,6,3
19,5,19,13.1,0,0,2,54,3
11,6,11,19.9,0,0,0,45,5
1,6,1,7.9,0,0,0,6,14
5,3,5,14.2,0,0,4,8,5
22,5,22,20.2,0,0,2,9,2
16,5,16,28.4,0,0,0,34,5
8,2,8,4.3,0,0,0,21,8
18,4,18,29.1,0,0,4,44,3
1,3,1,17.9,0,0,15,6,3
0,0,0,8.8,0,0,1,2,6
16,1,16,21.3,0,0,0,12,5
10,0,10,22.9,0,1,0,25,8
6,3,6,10.9,0,0,4,32,3
22,2,22,6.1,0,0,18,36,26
15,5,15,30.0,0,0,16,110,8
15,1,15,11.4,0,0,2,13,3
9,4,9,5.1,0,0,2,13,3
17,6,17,19.4,0,0,4,7,3
11,5,11,24.3,0,0,2,16,2
5,6,5,1.8,0,0,4,11,2
23,1,23,17.8,0,0,12,18,7
7,1,7,9.1,0,0,0,36,8
7,2,7,9.6,0,0,0,7,8
13,4,13,26.9,0,0,4,13,3
9,1,9,19.9,0,0,0,42,5
5,2,5,9.3,0,0,4,11,3
19,2,19,26.9,0,0,2,5,3
12,2,12,17.5,0,0,14,17,13
17,1,17,20.0,0,0,10,4,11
14,5,14,15.6,0,0,15,6,3
8,5,8,11.5,0,0,0,34,8
5,3,5,7.8,0,0,0,3,8
5,6,5,8.1,0,0,2,9,2
6,0,6,17.1,0,0,0,3,5
16,0,16,18.7,0,0,2,44,2
13,3,13,24.8,0,0,26,49,13
4,0,4,4.2,0,0,1,2,6
5,5,5,7.7,0,0,0,32,5
12,4,12,14.2,0,0,0,3,8
14,0,14,11.2,0,0,0,12,5
15,0,15,23.2,0,0,0,13,5
18,6,18,12.8,0,0,2,44,2
0,3,0,12.2,0,0,11,23,14
8,3,8,2.3,0,0,0,9,8
7,2,7,4.9,0,0,0,9,14
13,6,13,16.1,0,0,4,11,3
13,6,13,21.8,0,0,26,49,13
0,1,0,19.0,0,0,2,21,3
12,4,12,20.0,0,0,2,7,3
5,2,5,13.6,0,0,0,16,8
5,6,5,13.7,0,0,2,5,3
8,4,8,7.7,0,0,0,7,8
8,2,8,10.3,0,0,2,5,3
13,2,13,19.9,0,0,0,3,5
11,2,11,15.0,0,0,2,16,2
6,3,6,5.6,0,0,0,8,5
16,4,16,19.7,0,0,0,11,5
5,6,5,13.3,0,0,0,52,5
6,2,6,5.2,0,0,4,7,2
17,4,17,30.7,0,0,16,11,5
15,2,15,31.3,0,0,0,16,8
23,3,23,8.8,0,0,0,43,14
23,1,23,10.1,0,0,0,4,8
7,0,7,12.0,0,0,4,3,3
13,4,13,11.3,0,0,0,61,8
22,1,22,13.2,0,0,11,0,14
17,1,17,27.2,0,0,0,8,8
11,5,11,10.5,0,0,16,21,8
11,6,11,18.1,0,0,0,25,8
15,6,15,11.6,0,0,28,55,0
5,5,5,1.2,0,0,2,5,3
5,3,5,7.4,0,0,0,3,8
19,6,19,10.9,0,0,18,32,6
1,0,1,16.8,0,0,0,37,0
20,1,20,11.9,0,0,0,36,8
8,4,8,11.5,0,0,0,9,14
4,3,4,14.5,0,0,0,16,8
23,2,23,6.2,0,0,0,43,14
12,3,12,11.4,0,0,0,7,8
1,4,1,15.6,0,0,1,2,6
15,0,15,26.8,0,0,16,21,8
7,5,7,15.6,0,0,2,16,3
1,1,1,13.8,0,0,23,41,15
9,5,9,8.1,0,0,0,8,5
16,3,16,14.4,0,0,6,9,0
8,4,8,14.9,0,1,2,5,3
22,6,22,10.1,0,0,0,3,5
16,3,16,14.7,0,0,7,0,7
4,1,4,12.0,0,0,2,5,3
11,4,11,10.7,0,0,0,5,8
3,0,3,15.3,0,0,1,2,1
3,6,3,9.0,0,0,1,2,6
12,3,12,16.5,1,0,16,21,8
5,4,5,12.9,0,0,2,3,3
8,1,8,7.1,0,0,2,16,3
8,4,8,18.6,0,0,4,14,3
12,0,12,28.4,0,0,2,7,3
9,2,9,11.8,0,0,0,54,5
2,4,2,16.3,0,0,0,1,0
7,5,7,12.4,0,0,0,33,5
7,5,7,4.5,0,0,0,16,8
0,3,0,6.9,0,0,15,6,3
5,6,5,10.8,0,0,2,11,2
7,6,7,10.7,0,0,2,42,3
23,4,23,21.2,0,1,14,24,9
17,1,17,10.3,0,0,4,5,5
12,2,12,14.1,0,0,0,3,8
14,1,14,20.7,0,0,0,21,5
10,6,10,16.4,0,0,4,44,5
21,3,21,17.3,0,0,2,9,2
0,1,0,10.5,0,0,0,21,8
0,5,0,19.6,0,0,0,22,0
22,6,22,10.3,0,0,4,54,3
12,5,12,28.4,0,0,9,0,7
15,0,15,8.1,0,0,0,44,8
17,5,17,12.8,0,0,0,32,5
5,4,5,13.7,0,0,2,8,2
9,2,9,5.5,0,0,2,5,3
23,1,23,9.9,0,0,0,0,14
8,1,8,5.8,0,0,0,10,5
21,0,21,21.9,0,1,0,4,8
4,2,4,8.5,0,0,0,25,8
5,0,5,3.0,0,0,2,8,2
21,2,21,4.2,0,0,0,9,8
5,1,5,15.2,0,0,4,11,2
18,6,18,17.4,0,0,2,4,3
16,5,16,28.7,0,0,0,54,5
9,2,9,7.3,0,0,2,13,2
19,4,19,17.0,0,0,0,44,8
16,2,16,21.0,0,0,0,78,8
17,1,17,23.4,0,0,16,21,2
4,4,4,2.4,0,0,0,5,5
19,5,19,23.6,0,0,2,54,3
10,3,10,19.5,0,0,2,3,3
13,0,13,16.0,0,0,0,61,8
16,1,16,26.9,0,0,4,12,2
16,6,16,24.5,0,0,4,8,2
15,1,15,21.7,0,0,6,93,5
11,3,11,11.0,0,0,2,16,3
12,3,12,16.0,0,0,2,61,3
9,2,9,10.5,0,1,0,45,5
16,0,16,29.0,0,0,15,6,3
12,3,12,19.7,0,0,2,7,2
5,5,5,4.1,0,0,4,11,3
8,1,8,5.0,0,0,0,7,8
0,5,0,5.1,0,0,1,2,6
14,3,14,19.1,0,0,4,9,5
12,2,12,17.7,0,0,4,11,2
18,2,18,10.2,0,0,0,13,8
9,4,9,21.5,0,0,0,9,8
11,6,11,18.2,0,0,7,21,7
22,6,22,9.3,0,0,0,6,5
0,4,0,8.5,0,0,1,2,6
4,4,4,14.0,0,0,2,3,2
15,0,15,16.5,0,0,19,83,64
8,5,8,6.1,0,0,0,13,8
4,6,4,16.8,0,0,0,4,8
16,3,16,28.0,0,0,4,44,2
4,3,4,12.8,0,0,9,0,7
12,3,12,28.7,0,0,32,44,17
1,1,1,17.9,0,0,0,21,5
5,0,5,12.9,0,0,2,3,2
13,1,13,28.6,0,0,33,62,0
8,4,8,13.9,0,0,4,14,3
5,1,5,13.1,0,0,0,16,5
10,4,10,10.1,0,0,0,21,0
16,5,16,16.1,0,0,0,6,14
13,3,13,13.6,0,0,0,45,5
16,6,16,29.5,0,0,4,44,2
14,0,14,26.9,0,0,2,5,3
9,4,9,11.9,0,0,0,42,5
14,2,14,23.4,0,0,2,12,3
18,6,18,19.5,0,0,0,33,5
17,1,17,24.0,0,0,2,5,3
1,5,1,11.9,0,0,23,41,15
15,1,15,19.2,0,0,2,13,3
16,6,16,16.0,0,0,0,36,8
17,0,17,11.4,0,0,0,21,8
7,5,7,6.3,0,0,0,33,8
2,4,2,6.2,0,0,63,11,26
7,6,7,13.5,0,0,0,7,8
13,6,13,15.8,0,0,0,44,5
15,6,15,29.0,0,0,18,54,20
4,4,4,12.5,0,0,0,16,5
4,4,4,13.6,0,0,2,3,2
15,6,15,17.1,0,0,28,55,0
10,6,10,11.1,0,0,0,4,8
12,2,12,19.6,0,0,0,5,5
12,2,12,15.9,0,0,2,30,3
22,4,22,7.8,0,0,16,21,2
18,2,18,19.8,0,0,6,9,0
5,1,5,13.3,0,0,4,21,5
22,3,22,9.7,1,2,0,53,0
16,1,16,27.5,0,0,0,11,8
8,4,8,2.4,0,0,2,5,3
3,2,3,12.7,0,0,1,2,1
19,5,19,14.4,0,0,2,54,3
11,4,11,10.4,0,0,2,33,3
21,4,21,18.1,0,0,2,9,2
6,2,6,13.3,0,1,0,8,5
19,3,19,21.0,0,0,2,16,3
23,4,23,20.0,0,0,4,5,3
10,1,10,10.6,0,0,0,8,8
10,1,10,10.7,0,0,2,16,2
4,4,4,9.4,1,2,16,21,8
12,0,12,12.7,0,0,0,13,8
13,0,13,15.1,0,0,0,32,5
10,4,10,13.1,0,0,27,36,0
8,2,8,3.4,0,0,0,9,5
20,3,20,15.8,0,0,2,9,2
17,2,17,17.8,0,0,0,33,5
17,6,17,24.8,0,0,0,33,8
20,0,20,21.2,0,0,4,32,3
7,5,7,5.7,0,0,0,13,5
5,6,5,4.8,0,0,0,3,8
5,2,5,12.3,0,0,0,32,5
6,1,6,3.3,0,0,4,7,3
16,2,16,28.7,0,0,0,36,8
11,0,11,24.3,0,0,14,24,9
16,4,16,27.7,0,0,45,58,6
5,2,5,4.7,0,0,2,3,3
4,0,4,10.9,0,0,0,4,5
16,5,16,13.5,0,0,2,16,3
20,1,20,14.6,0,0,0,3,8
7,1,7,9.3,0,0,4,8,3
11,2,11,8.6,0,0,14,17,13
21,4,21,9.1,0,0,0,3,8
20,3,20,20.1,0,0,16,21,2
14,3,14,22.6,0,0,0,30,5
4,2,4,12.3,0,0,0,16,5
3,1,3,18.3,0,0,15,14,3
17,5,17,26.9,0,0,0,12,8
13,0,13,15.4,0,0,2,34,3
11,0,11,16.4,0,0,27,36,0
19,2,19,15.5,0,0,2,54,3
5,1,5,9.9,0,0,0,5,8
18,6,18,31.4,0,0,16,11,5
5,4,5,12.7,0,0,4,11,2
12,1,12,11.1,0,0,2,61,2
5,0,5,5.8,0,0,0,3,5
19,6,19,22.2,0,0,45,36,6
11,4,11,10.9,0,0,10,53,34
14,3,14,25.3,0,0,0,9,5
16,6,16,15.4,0,0,40,0,10
3,5,3,5.7,0,0,2,6,3
19,1,19,13.9,0,0,0,17,0
16,3,16,28.0,0,0,0,3,5
17,0,17,29.8,0,1,18,32,6
16,2,16,25.8,0,0,4,16,3
14,5,14,16.3,0,0,7,0,7
7,0,7,19.5,0,0,0,8,5
20,2,20,22.5,0,0,2,5,3
19,3,19,22.7,0,0,0,44,5
5,0,5,8.5,0,0,0,4,8
15,0,15,27.7,0,0,16,21,8
8,5,8,12.7,0,0,9,0,18
20,4,20,13.7,0,0,2,9,3
9,5,9,7.8,0,0,7,26,7
6,2,6,9.1,0,0,15,6,3
8,3,8,12.5,0,1,7,36,7
14,3,14,22.7,0,0,18,32,6
4,0,4,14.0,0,0,0,12,5
23,3,23,4.4,0,0,14,17,13
1,6,1,8.4,0,0,1,2,6
10,6,10,16.3,0,0,0,57,0
11,3,11,9.9,0,0,0,33,8
8,0,8,6.2,0,0,2,8,3
7,1,7,5.9,0,0,17,0,7
19,0,19,13.7,0,0,2,54,3
5,0,5,9.2,0,0,0,3,8
15,2,15,19.6,0,0,4,5,2
4,4,4,13.2,0,0,0,16,5
9,0,9,14.5,0,0,0,13,5
15,3,15,19.4,0,0,7,0,7
10,0,10,10.7,0,0,0,16,8
14,4,14,16.9,0,0,16,21,8
10,0,10,18.6,0,0,0,44,8
0,5,0,7.3,0,0,18,36,6
10,4,10,19.2,0,0,0,25,8
7,6,7,7.9,0,0,4,3,2
5,1,5,10.9,0,0,2,5,3
20,2,20,5.1,0,0,2,9,2
3,0,3,7.6,0,0,1,2,1
14,6,14,18.3,0,0,0,13,8
22,5,22,24.2,0,0,4,63,3
13,5,13,14.3,0,0,2,16,3
6,5,6,9.4,0,0,0,12,8
12,0,12,10.3,0,0,26,49,13
7,5,7,2.8,0,0,2,33,3
11,3,11,20.1,0,0,0,16,8
20,3,20,17.9,0,0,4,5,3
16,5,16,15.0,0,0,0,17,0
8,4,8,18.4,0,0,0,13,8
7,5,7,1.2,0,0,2,4,3
8,3,8,14.5,0,0,18,32,6
8,5,8,17.2,0,0,16,21,3
21,2,21,10.8,0,0,0,9,5
6,1,6,10.8,0,0,0,8,8
9,2,9,15.9,0,0,0,76,14
6,2,6,9.2,0,0,4,7,2
17,3,17,13.7,0,0,2,12,2
7,2,7,12.6,0,0,0,45,5
12,1,12,18.5,1,0,0,25,5
7,1,7,11.0,0,0,0,36,5
1,1,1,10.9,0,0,0,1,0
11,0,11,15.7,0,0,10,85,19
13,5,13,29.2,0,0,14,17,13
19,3,19,25.7,0,0,0,8,5
15,3,15,14.9,0,0,28,55,0
12,3,12,16.4,0,0,1,2,1
16,6,16,18.2,0,0,0,54,5
9,1,9,12.2,0,0,0,9,8
8,3,8,4.5,0,0,4,16,3
4,0,4,4.3,0,0,2,4,2
16,0,16,10.0,0,0,2,13,2
19,2,19,25.2,0,0,0,3,5
0,4,0,15.4,0,0,15,6,3
9,0,9,9.2,0,0,10,39,11
14,5,14,16.0,0,0,0,9,8
8,2,8,9.9,0,0,0,7,8
14,0,14,31.4,0,0,0,44,5
23,5,23,14.0,0,0,0,22,0
8,4,8,8.5,0,0,0,33,5
1,2,1,15.2,0,0,23,41,15
12,0,12,15.5,0,0,0,32,5
8,5,8,9.1,0,0,0,29,8
6,0,6,11.4,0,0,0,3,5
10,0,10,10.2,0,0,0,16,8
8,1,8,15.0,0,0,0,32,5
23,3,23,10.2,1,2,8,87,9
8,2,8,8.9,0,0,0,5,8
19,3,19,27.1,0,1,2,7,3
19,6,19,11.4,0,0,0,32,5
0,1,0,7.3,0,0,0,1,0
18,4,18,25.3,0,0,0,12,8
22,1,22,9.4,0,0,23,41,15
12,3,12,29.1,0,1,18,54,20
16,5,16,14.3,0,0,0,17,0
6,4,6,11.3,0,0,2,3,3
10,4,10,9.5,0,0,0,21,0
10,4,10,8.3,0,0,27,36,0
20,1,20,15.3,0,0,2,5,3
16,6,16,30.7,0,0,9,0,18
9,5,9,18.5,0,0,17,2,7
18,3,18,22.5,0,0,0,7,5
18,5,18,17.1,0,0,2,13,3
5,5,5,14.7,0,0,4,12,5
17,1,17,10.7,0,0,6,9,7
9,5,9,15.7,0,0,0,44,5
9,5,9,10.1,0,0,0,5,8
6,4,6,8.2,0,0,6,9,5
20,0,20,19.6,0,0,0,4,8
16,6,16,18.2,0,0,0,13,8
16,3,16,29.1,0,0,0,10,5
6,0,6,5.6,0,0,10,28,16
5,2,5,3.8,0,0,4,11,2
14,5,14,26.5,0,0,0,13,8
18,1,18,17.0,0,0,4,5,2
5,4,5,4.8,0,0,4,7,2
22,6,22,8.2,0,0,11,0,14
19,3,19,22.8,0,0,2,33,3
3,0,3,16.8,0,0,1,2,1
19,1,19,24.1,0,0,0,7,0
12,2,12,22.1,0,0,0,11,8
10,3,10,5.5,0,0,0,13,8
15,1,15,17.5,0,0,15,6,3
14,4,14,18.8,0,0,0,34,5
5,1,5,11.2,0,0,4,3,2
22,3,22,8.2,1,0,15,6,3
16,5,16,12.1,0,0,0,4,8
5,0,5,13.0,0,0,0,32,5
6,6,6,10.7,0,0,2,9,3
6,6,6,17.2,0,0,4,21,2
0,1,0,21.5,0,0,11,23,14
5,5,5,15.4,0,0,2,5,3
8,1,8,12.0,0,0,0,10,5
4,4,4,12.4,0,0,0,3,8
21,6,21,9.8,0,0,7,0,7
13,2,13,12.6,0,0,4,7,3
4,3,4,8.4,0,0,0,4,8
5,1,5,6.1,0,0,4,10,2
6,3,6,14.3,0,0,4,32,3
18,0,18,10.9,0,0,16,11,5
11,5,11,9.9,0,0,0,7,8
7,6,7,5.0,0,0,0,9,14
13,4,13,11.5,1,2,15,6,3
23,2,23,4.5,0,0,23,41,15
18,0,18,27.7,0,0,2,32,3
9,5,9,16.4,0,0,0,29,5
16,0,16,18.6,0,0,0,32,5
19,6,19,23.2,0,0,2,33,3
6,4,6,11.5,0,0,4,7,2
16,0,16,25.2,0,0,0,45,5
19,3,19,6.7,0,0,2,4,3
8,0,8,5.6,0,0,0,15,8
10,3,10,10.8,0,0,0,33,8
17,1,17,15.6,0,0,2,12,3
14,2,14,19.3,0,0,0,32,5
5,4,5,5.2,0,0,16,21,2
13,6,13,26.8,0,0,14,17,13
5,0,5,3.9,0,0,6,9,5
6,3,6,12.5,0,0,2,3,3
0,0,0,8.6,0,0,15,6,3
8,2,8,4.5,0,0,0,10,5
5,0,5,12.6,0,0,4,11,3
13,5,13,18.9,0,0,4,8,3
17,3,17,11.3,0,0,0,11,8
15,3,15,12.8,0,0,2,36,3
5,6,5,5.7,0,0,6,9,5
6,4,6,3.8,0,0,15,6,14
1,5,1,9.8,0,0,1,2,6
18,1,18,26.7,0,0,16,11,5
5,0,5,12.2,0,0,0,9,5
5,1,5,3.8,0,0,0,36,8
5,5,5,8.1,0,0,0,25,8
15,3,15,19.9,1,2,6,9,0
10,0,10,15.1,0,0,0,3,8
7,2,7,9.3,0,0,4,13,2
17,6,17,24.9,0,0,6,9,15
4,3,4,9.4,1,0,1,2,6
7,5,7,12.1,0,0,15,6,3
11,5,11,13.8,0,0,4,63,3
8,3,8,9.1,0,0,6,9,5
19,6,19,25.7,0,0,2,4,2
7,1,7,16.9,0,0,0,33,5
1,1,1,13.0,0,0,1,2,6
23,0,23,4.1,0,0,0,0,0
11,6,11,10.4,0,0,0,54,5
1,5,1,10.0,0,0,1,2,6
10,0,10,11.8,0,0,0,16,8
13,6,13,18.3,0,0,0,8,8
16,6,16,25.5,0,0,0,16,5
8,3,8,14.9,0,0,17,0,7
23,4,23,11.2,0,0,18,32,6
12,0,12,26.4,0,1,7,14,7
6,1,6,8.7,0,0,0,6,5
9,3,9,9.3,0,0,0,32,5
20,6,20,23.6,0,0,20,0,7
11,4,11,20.1,0,0,0,13,5
11,1,11,13.5,0,0,0,44,8
5,0,5,6.6,0,0,4,5,2
19,3,19,13.7,0,0,4,32,3
19,3,19,8.9,1,2,2,16,2
16,3,16,24.8,1,0,0,3,8
6,0,6,10.8,0,0,24,47,23
6,0,6,13.7,0,0,24,47,22
1,4,1,12.6,0,0,0,37,0
6,3,6,7.9,0,0,17,0,7
1,6,1,9.2,0,0,1,2,6
18,3,18,10.7,0,0,16,21,8
15,3,15,32.6,0,0,2,45,3
12,3,12,23.2,0,0,2,7,3
14,5,14,15.2,0,0,0,5,8
5,5,5,3.4,0,0,4,10,2
19,5,19,31.7,0,0,18,32,6
12,5,12,16.1,0,0,0,3,8
1,4,1,17.4,0,0,15,6,3
19,6,19,10.3,0,0,0,17,0
5,5,5,15.8,0,0,1,2,6
8,1,8,2.4,0,0,0,5,5
14,1,14,24.6,0,0,0,9,5
7,6,7,6.9,0,0,0,8,8
20,0,20,15.3,1,2,2,5,3
13,0,13,15.2,0,0,0,7,8
8,6,8,16.4,0,0,0,9,5
15,6,15,17.0,0,0,4,32,5
20,2,20,8.1,0,0,2,4,3
11,2,11,8.8,0,0,9,0,10
8,2,8,16.5,0,0,0,53,0
12,3,12,21.8,0,0,14,17,13
7,6,7,3.5,0,0,2,8,3
22,2,22,6.0,0,0,0,25,8
8,1,8,7.0,0,0,0,54,8
5,0,5,13.6,0,0,1,2,6
4,1,4,5.6,0,0,0,5,8
17,6,17,24.4,0,0,0,21,0
15,2,15,20.1,0,0,2,5,3
22,4,22,6.7,0,0,2,8,2
15,4,15,19.0,0,0,0,34,5
23,4,23,11.0,0,0,2,21,3
10,1,10,9.5,0,0,2,16,3
4,0,4,14.4,0,0,0,5,5
9,0,9,20.1,0,1,17,0,7
5,3,5,13.7,0,0,4,10,3
1,2,1,11.4,0,0,0,37,0
9,4,9,7.5,0,0,2,8,2
19,6,19,23.5,0,0,4,7,3
13,1,13,11.1,0,0,18,32,6
13,4,13,22.5,0,0,4,32,3
0,1,0,10.0,0,0,23,41,15
19,0,19,8.5,0,0,0,44,5
14,2,14,27.9,0,1,7,0,7
20,0,20,26.3,0,1,0,25,8
8,3,8,5.8,0,0,0,29,8
4,6,4,13.1,0,0,0,25,5
19,5,19,24.3,0,0,18,32,20
19,0,19,12.2,0,0,2,54,3
20,3,20,22.1,0,0,0,8,5
4,6,4,5.8,0,0,0,4,8
19,3,19,25.3,0,0,0,44,8
1,3,1,15.9,0,0,0,1,0
17,3,17,26.6,0,0,16,21,8
13,2,13,12.2,0,0,0,3,5
22,3,22,6.2,0,0,23,41,15
0,5,0,6.4,0,0,0,6,14
5,1,5,8.8,0,0,6,9,5
13,1,13,21.6,0,0,1,2,1
6,1,6,8.6,0,0,0,7,8
9,3,9,5.0,0,0,4,5,3
16,2,16,18.6,0,0,6,9,7
2,0,2,10.2,0,0,22,56,4
16,6,16,35.2,0,0,0,6,9
5,0,5,4.9,0,0,2,5,3
11,5,11,9.7,0,0,27,36,0
4,6,4,16.2,0,0,0,7,8
23,1,23,16.0,0,0,35,43,0
4,0,4,9.4,0,0,0,12,5
19,3,19,10.3,0,0,2,44,3
18,6,18,12.8,0,0,2,33,3
6,6,6,10.7,0,0,4,32,3
19,2,19,9.2,0,0,4,32,5
5,1,5,9.7,0,0,2,3,3
6,0,6,16.7,0,0,4,3,3
14,1,14,17.6,0,0,0,13,5
19,0,19,24.3,0,0,16,11,5
17,1,17,16.0,0,0,9,0,18
1,2,1,7.7,0,0,0,6,0
8,1,8,17.6,0,1,17,0,7
16,6,16,30.7,0,0,0,15,5
13,5,13,29.4,0,0,33,62,0
11,4,11,18.1,0,0,0,34,5
10,5,10,7.9,0,0,0,8,8
4,5,4,16.0,0,0,0,12,5
0,4,0,14.6,0,0,11,23,14
9,5,9,10.3,0,0,0,16,5
23,3,23,12.0,0,0,11,0,14
4,0,4,13.3,0,0,4,10,3
11,2,11,13.4,0,0,0,21,8
0,0,0,13.3,0,0,10,8,17
23,2,23,11.1,1,2,4,3,2
12,4,12,24.0,0,0,14,17,13
12,6,12,15.8,0,0,0,11,8
6,1,6,8.1,0,0,0,8,8
9,2,9,18.6,0,0,2,5,3
5,1,5,12.1,0,0,4,16,3
21,1,21,15.1,0,0,0,25,5
12,0,12,25.3,0,0,0,13,8
6,4,6,13.2,0,0,2,32,3
22,4,22,12.9,0,0,2,8,2
11,5,11,11.8,0,0,1,2,1
3,4,3,12.0,0,0,10,5,17
17,0,17,30.2,0,0,0,12,8
5,2,5,14.3,0,0,2,11,5
7,4,7,0.8,0,0,0,36,8
16,5,16,27.6,0,0,0,36,5
19,3,19,11.4,0,0,0,44,5
23,5,23,22.2,0,1,12,18,7
5,2,5,9.1,0,0,0,7,8
15,2,15,12.0,0,0,0,78,5
11,3,11,10.3,0,0,2,16,2
16,0,16,27.5,0,0,0,7,8
20,0,20,9.1,0,0,0,9,5
14,5,14,17.9,0,0,6,93,5
6,5,6,13.1,0,0,4,7,3
8,5,8,1.1,0,0,24,47,22
9,3,9,20.2,0,1,7,36,7
4,4,4,8.3,1,2,0,4,5
13,0,13,14.5,0,0,26,49,13
10,3,10,13.8,0,0,0,33,5
23,1,23,9.1,0,0,0,4,8
10,6,10,18.6,0,0,0,8,5
11,2,11,19.8,0,0,0,13,8
4,2,4,9.4,0,0,2,11,2
15,6,15,20.1,0,0,15,6,3
12,0,12,25.6,0,0,2,3,2
13,5,13,29.7,0,1,0,8,5
13,3,13,9.9,1,2,16,110,2
15,4,15,18.3,0,0,18,32,20
6,2,6,9.1,0,0,16,21,5
7,2,7,1.5,0,0,0,13,8
14,6,14,15.2,0,0,16,21,8
7,2,7,8.1,0,0,4,5,3
17,1,17,10.8,0,0,0,21,8
13,3,13,16.9,0,0,0,13,5
17,1,17,26.0,0,0,4,44,3
6,4,6,15.4,0,0,0,52,5
8,5,8,11.8,0,0,9,0,18
22,6,22,14.2,0,0,4,54,3
8,3,8,8.2,0,0,4,5,3
21,6,21,7.5,0,0,11,0,14
14,0,14,19.5,0,0,15,6,3
14,5,14,16.1,0,0,0,44,8
4,0,4,7.1,0,0,0,5,5
18,6,18,27.7,0,0,0,21,0
16,5,16,18.9,0,0,2,16,3
4,0,4,12.0,0,0,0,4,8
22,3,22,14.4,0,0,7,0,7
13,0,13,25.2,0,0,2,36,3
12,1,12,9.6,0,0,0,32,5
23,0,23,14.5,0,0,13,19,13
19,0,19,27.5,0,0,2,33,3
5,2,5,14.5,0,0,2,11,2
9,5,9,19.5,0,0,0,44,5
15,0,15,18.5,0,0,2,44,3
9,3,9,18.0,0,0,19,54,17
6,3,6,3.4,0,0,0,3,5
16,0,16,25.3,0,0,0,45,5
9,6,9,9.3,0,0,0,21,8
7,4,7,8.2,0,0,17,0,7
10,6,10,10.4,0,0,0,13,5
23,6,23,7.0,0,0,0,43,14
4,4,4,12.4,0,0,2,4,3
13,3,13,11.5,0,0,0,8,8
4,1,4,2.3,0,0,2,10,3
3,4,3,16.4,0,0,9,0,18
22,3,22,16.8,0,0,2,7,3
14,5,14,27.0,0,0,19,29,64
20,0,20,18.8,0,0,0,4,5
7,5,7,8.8,1,2,4,8,3
6,1,6,12.4,0,0,2,8,3
12,3,12,11.3,0,0,0,16,8
4,4,4,2.2,0,0,6,9,5
11,3,11,13.4,0,0,2,16,3
12,5,12,14.6,0,0,0,32,5
1,6,1,14.4,0,0,1,2,6
2,5,2,14.4,0,0,7,21,7
15,2,15,15.4,0,0,4,3,3
15,0,15,26.0,0,0,7,6,7
13,4,13,25.5,0,0,27,36,0
17,5,17,30.5,0,0,2,34,3
16,5,16,14.4,0,0,0,13,5
6,6,6,12.8,0,0,0,7,8
19,5,19,11.2,0,0,0,17,0
4,1,4,13.8,0,0,0,27,5
12,5,12,11.9,0,0,2,7,3
6,6,6,9.7,0,0,4,21,2
6,2,6,10.6,0,0,0,3,8
16,0,16,20.5,0,0,7,36,7
13,3,13,24.0,0,0,26,49,13
15,5,15,27.5,0,0,2,9,3
7,4,7,0.0,0,0,0,36,5
21,1,21,13.5,0,0,13,19,13
5,0,5,14.4,0,0,2,7,3
23,3,23,17.4,0,0,12,18,7
6,0,6,7.9,0,0,4,7,5
5,6,5,8.3,0,0,4,10,2
18,2,18,20.8,0,0,0,33,8
14,2,14,20.9,0,0,2,44,3
6,4,6,0.3,0,0,2,21,3
14,3,14,25.8,0,0,7,0,7
20,4,20,13.9,0,0,10,13,17
22,2,22,7.8,0,0,2,16,3
14,1,14,20.7,0,0,15,6,3
6,5,6,8.8,1,2,18,32,6
11,2,11,14.3,0,0,27,36,0
12,3,12,25.7,0,0,10,28,34
16,4,16,30.9,0,0,2,9,3
6,5,6,3.9,0,0,0,52,5
18,0,18,17.4,0,0,2,4,3
21,5,21,16.1,0,0,6,9,5
4,5,4,8.3,0,0,0,7,8
15,6,15,16.6,0,0,0,44,8
0,3,0,11.1,0,0,23,41,5
16,3,16,26.7,0,0,0,45,5
20,2,20,12.6,0,0,4,6,3
20,6,20,8.4,0,0,0,9,5
5,1,5,10.3,0,0,4,3,2
19,4,19,15.0,0,0,2,33,2
14,2,14,19.3,0,0,0,9,8
4,2,4,11.9,0,0,0,11,8
1,4,1,19.9,0,0,0,37,0
7,5,7,12.4,0,0,0,3,8
7,5,7,6.9,0,0,0,25,5
5,0,5,13.7,0,0,8,6,9
22,3,22,9.8,1,2,0,44,8
13,0,13,21.6,0,0,0,34,5
5,4,5,13.5,0,0,2,10,3
18,4,18,11.8,0,0,2,13,3
8,3,8,24.9,0,1,0,6,14
17,6,17,10.2,0,0,0,3,8
5,1,5,5.7,0,0,4,10,5
8,0,8,10.3,0,0,0,33,8
3,2,3,5.1,0,0,2,6,3
16,5,16,25.5,0,0,16,21,5
16,4,16,20.5,0,0,0,7,5
6,2,6,9.0,0,0,4,5,2
8,3,8,8.4,0,0,0,10,5
23,5,23,17.7,0,0,35,43,0
6,1,6,10.8,0,0,4,11,3
13,4,13,19.9,0,0,0,61,8
16,4,16,24.3,0,0,2,9,3
5,4,5,12.4,0,0,0,25,8
1,6,1,11.8,0,0,1,2,6
13,0,13,31.1,0,0,89,53,61
11,0,11,12.2,0,0,0,0,14
7,1,7,5.7,0,0,0,3,8
8,0,8,6.3,0,0,8,0,9
7,3,7,7.3,0,0,0,33,8
17,5,17,19.9,0,0,0,54,5
17,4,17,16.4,0,0,2,11,2
15,2,15,19.3,0,0,6,93,5
23,4,23,11.6,0,0,0,43,14
6,2,6,11.8,0,0,4,12,3
1,0,1,12.0,0,0,0,6,14
12,6,12,17.5,0,0,0,34,5
20,6,20,24.3,0,1,2,16,3
20,4,20,7.5,0,0,13,19,13
23,4,23,6.9,1,2,1,2,6
5,0,5,1.3,0,0,4,11,2
0,4,0,18.3,0,0,16,21,3
17,1,17,14.6,0,0,2,44,3
5,1,5,14.7,0,0,4,11,2
22,3,22,17.8,0,0,7,0,7
11,3,11,11.2,0,0,0,21,8
19,0,19,13.9,0,0,16,21,8
1,0,1,9.9,0,0,1,2,6
13,2,13,18.0,0,0,0,13,8
13,5,13,8.7,0,0,2,33,3
7,5,7,2.6,0,0,0,8,8
18,6,18,10.3,0,0,2,44,2
14,3,14,11.3,0,0,7,0,7
5,6,5,13.3,0,0,4,10,5
14,4,14,26.6,0,0,2,12,3
19,1,19,29.6,0,0,2,44,3
8,3,8,10.9,0,0,0,32,5
7,6,7,2.0,0,0,2,8,3
23,6,23,16.3,0,0,12,18,7
11,5,11,11.7,0,0,1,2,1
10,5,10,23.1,0,0,2,16,3
3,1,3,4.5,0,0,0,0,0
18,0,18,19.9,0,0,0,21,8
21,2,21,13.7,0,0,2,5,3
20,3,20,21.5,0,1,4,16,5
20,4,20,15.1,0,1,2,32,3
16,6,16,11.4,0,0,4,50,2
10,6,10,18.2,0,0,2,34,2
4,3,4,16.1,0,0,0,4,5
0,5,0,5.1,0,0,0,1,0
12,4,12,17.8,0,0,2,3,3
16,2,16,20.5,0,0,19,59,64
10,0,10,24.6,0,0,2,34,3
6,4,6,4.3,0,0,0,8,8
10,6,10,27.9,0,0,2,25,2
10,4,10,14.9,0,0,27,36,0
13,2,13,28.6,0,0,2,29,3
13,3,13,24.2,0,0,2,8,2
8,4,8,7.4,0,0,0,7,8
8,3,8,3.5,0,0,0,44,8
11,4,11,12.5,0,0,16,21,8
16,1,16,21.0,0,0,0,4,5
11,5,11,22.7,0,0,0,66,14
12,2,12,21.4,0,0,26,49,13
7,3,7,8.4,0,0,2,33,3
0,2,0,10.1,0,0,1,2,6
17,3,17,27.7,0,0,0,21,0
17,2,17,21.3,0,0,6,9,0
7,1,7,11.0,0,0,0,7,8
9,5,9,3.9,0,0,0,53,0
12,0,12,25.2,0,0,2,11,3
5,0,5,12.1,0,0,2,119,3
12,2,12,18.7,0,0,1,2,1
20,1,20,21.2,0,0,4,5,2
20,0,20,10.5,0,0,2,3,3
7,6,7,3.3,0,0,17,2,7
23,1,23,2.7,0,0,0,20,14
16,0,16,31.0,0,0,0,15,5
0,3,0,9.6,0,0,1,2,6
13,2,13,18.0,0,0,26,49,13
4,1,4,13.0,0,0,0,16,5
6,6,6,8.6,0,0,4,3,2
18,3,18,27.2,0,0,0,33,8
19,0,19,28.4,0,0,0,44,5
12,3,12,11.5,0,0,0,5,8
7,6,7,10.8,0,0,2,16,3
3,4,3,17.4,0,0,1,2,1
5,1,5,10.3,0,0,4,3,5
16,2,16,21.9,0,0,15,6,3
16,4,16,31.0,0,0,0,15,8
10,0,10,10.2,0,0,4,9,3
9,5,9,9.7,0,0,0,53,14
12,6,12,19.1,0,0,4,8,3
16,6,16,21.6,0,0,28,55,0
7,1,7,5.9,0,0,0,3,8
12,1,12,14.6,0,0,2,5,3
8,0,8,14.3,0,0,4,5,3
3,5,3,2.6,0,0,2,6,3
6,3,6,5.7,0,0,4,50,3
1,5,1,24.5,0,0,15,6,3
10,3,10,16.1,0,0,2,8,3
6,3,6,8.6,0,0,4,21,2
19,2,19,11.8,0,0,4,32,5
5,3,5,18.5,0,0,4,3,5
7,0,7,8.2,0,0,0,36,8
14,2,14,14.7,0,0,2,44,3
7,3,7,15.5,0,0,0,34,5
7,6,7,11.1,0,0,15,6,3
16,6,16,24.6,0,0,15,6,3
14,4,14,15.4,0,0,0,34,5
7,1,7,12.0,0,0,0,8,8
4,1,4,5.9,0,0,0,5,8
0,0,0,5.5,0,0,1,2,6
10,2,10,7.7,0,0,10,51,17
18,6,18,9.1,0,0,16,21,3
11,0,11,12.7,0,0,0,5,8
16,4,16,28.0,0,0,0,21,8
11,0,11,15.8,0,0,0,7,8
1,6,1,7.4,0,0,0,0,0
11,5,11,26.6,0,0,0,66,14
10,2,10,7.7,0,0,0,16,8
16,4,16,24.4,0,0,0,6,14
15,0,15,16.2,0,0,4,54,5
9,0,9,10.2,0,0,0,54,5
6,2,6,12.4,0,0,0,8,5
13,6,13,24.4,0,0,0,9,5
15,3,15,15.2,0,0,0,8,5
16,3,16,13.0,0,0,0,6,14
13,2,13,15.6,0,0,4,16,5
5,0,5,6.7,0,0,2,9,2
21,4,21,7.1,0,0,13,19,13
3,3,3,17.7,0,0,2,6,3
18,4,18,26.1,0,0,2,12,2
0,2,0,17.4,0,0,11,23,14
17,3,17,26.6,0,0,4,8,3
21,2,21,12.7,0,0,2,9,3
9,1,9,6.7,0,0,2,13,3
9,5,9,10.2,0,0,0,8,8
13,3,13,17.1,0,0,27,36,0
6,2,6,9.2,0,0,0,3,8
20,3,20,12.1,0,0,0,36,5
7,4,7,4.5,0,0,0,9,14
16,1,16,21.3,0,0,0,36,8
14,0,14,30.0,0,0,0,9,5
14,1,14,17.6,0,0,40,0,10
14,3,14,14.9,0,0,24,47,23
5,4,5,8.4,0,0,4,11,2
4,2,4,10.6,0,0,0,16,8
6,5,6,3.1,0,0,4,7,3
7,6,7,3.0,0,0,30,9,24
8,0,8,20.8,0,0,0,44,8
22,3,22,7.1,0,0,11,0,14
5,0,5,12.0,0,0,4,10,2
15,1,15,18.2,0,0,0,5,8
5,1,5,8.9,0,0,2,7,3
16,5,16,11.2,0,0,2,44,2
17,6,17,16.0,0,0,6,9,0
5,3,5,0.7,0,0,2,7,2
11,0,11,13.8,0,0,2,45,3
8,1,8,10.6,0,0,0,10,5
23,4,23,20.4,0,0,12,18,7
14,0,14,24.7,0,0,4,42,3
15,2,15,27.7,0,0,0,8,5
17,1,17,11.8,0,0,2,44,3
0,3,0,16.9,0,0,0,6,9
6,3,6,6.4,0,0,15,6,3
15,2,15,29.6,0,0,0,16,5
19,3,19,23.8,0,0,0,61,8
5,1,5,18.9,0,0,0,3,5
23,5,23,11.8,0,0,0,0,0
13,3,13,12.7,0,0,2,3,2
17,1,17,17.8,0,0,0,32,5
17,3,17,27.7,0,0,4,7,3
14,5,14,14.1,0,0,0,21,8
16,0,16,27.9,0,0,0,36,0
7,5,7,3.8,0,0,0,13,8
16,6,16,13.4,0,0,0,36,8
23,3,23,16.4,0,0,11,0,14
23,6,23,10.7,0,0,2,21,3
5,5,5,1.3,0,0,2,5,3
11,2,11,14.4,0,0,0,8,8
16,5,16,27.6,0,0,4,11,2
5,3,5,3.4,0,0,2,3,2
17,6,17,14.7,0,0,6,9,0
8,4,8,0.3,0,0,0,3,8
16,2,16,20.4,0,0,0,3,8
17,6,17,14.9,0,0,4,38,3
15,2,15,19.7,0,0,16,10,5
7,4,7,6.9,0,0,0,36,8
20,4,20,14.0,0,0,2,16,3
18,4,18,10.1,0,0,0,13,5
8,4,8,18.6,0,0,0,5,5
8,3,8,18.3,0,0,2,3,3
12,1,12,24.8,0,0,2,16,3
1,6,1,4.3,0,0,1,2,6
5,2,5,7.0,0,0,0,7,8
10,3,10,10.0,0,0,0,33,8
4,0,4,15.6,0,0,0,7,8
4,4,4,8.8,0,0,0,7,8
6,3,6,9.1,0,0,4,3,2
14,3,14,9.5,1,2,4,7,3
6,0,6,4.4,0,0,0,5,8
20,6,20,18.6,0,0,0,5,5
8,1,8,6.3,0,0,16,21,8
16,2,16,36.0,0,0,2,44,3
23,1,23,10.8,0,0,14,17,13
7,5,7,1.3,0,0,0,3,8
5,3,5,8.5,0,0,6,9,5
21,2,21,16.5,0,0,0,3,8
13,6,13,20.2,0,0,4,44,2
0,4,0,14.4,0,0,0,25,8
15,5,15,29.7,0,0,2,13,2
14,4,14,11.8,0,0,29,26,10
16,6,16,25.4,0,0,28,55,0
4,0,4,9.9,0,0,2,5,3
16,1,16,12.6,0,0,2,3,3
21,1,21,7.5,0,0,13,19,13
6,1,6,9.5,0,0,0,8,8
14,1,14,29.1,0,0,0,13,8
4,5,4,16.2,0,0,7,21,7
13,6,13,20.5,0,0,0,9,5
15,0,15,25.0,0,0,10,5,17
15,1,15,17.9,0,0,0,11,8
4,1,4,11.3,0,0,2,5,3
14,3,14,11.3,0,0,0,44,8
13,1,13,21.8,0,0,4,11,5
20,1,20,10.8,0,0,2,4,2
15,2,15,24.5,0,0,20,0,7
4,3,4,5.4,0,0,6,9,5
20,4,20,19.8,0,0,0,4,5
9,5,9,15.9,0,0,0,53,14
2,3,2,9.5,0,0,16,21,8
14,5,14,15.7,0,0,0,44,8
6,2,6,12.9,0,0,4,21,3
13,3,13,23.6,0,0,18,32,33
12,6,12,20.4,0,0,1,2,1
10,5,10,9.0,0,0,0,34,5
4,3,4,14.2,0,0,0,7,5
15,1,15,11.2,0,0,2,58,3
19,3,19,8.2,0,0,2,5,3
5,5,5,13.3,0,0,0,32,5
18,6,18,11.0,0,0,4,32,5
18,1,18,24.2,0,0,4,7,2
17,5,17,15.2,0,0,6,9,0
1,3,1,9.2,0,0,0,1,0
20,3,20,11.1,0,0,2,9,3
15,3,15,27.3,0,0,0,33,8
8,5,8,10.5,0,0,17,2,7
14,4,14,16.7,0,0,15,6,3
17,2,17,14.4,0,0,24,33,23
6,4,6,5.8,0,0,0,36,8
0,5,0,16.7,0,0,0,22,0
7,2,7,2.9,0,0,0,9,14
6,5,6,13.6,0,0,6,9,5
10,1,10,16.9,0,0,0,0,0
2,6,2,8.3,0,0,1,2,1
4,4,4,18.8,0,0,0,16,5
4,1,4,8.1,0,0,2,7,3
5,6,5,6.9,0,0,4,3,2
7,5,7,4.7,0,0,0,8,8
22,2,22,4.0,0,0,0,25,5
1,0,1,12.9,0,0,22,56,4
12,3,12,25.9,0,0,1,2,1
4,5,4,13.5,0,0,2,4,2
12,6,12,14.4,0,0,0,11,8
5,2,5,12.2,0,0,0,5,5
18,1,18,16.2,0,0,2,4,2
9,4,9,20.1,0,0,8,0,9
11,5,11,17.3,0,0,0,21,8
8,0,8,6.1,0,0,0,15,8
7,5,7,1.3,0,0,10,39,11
0,6,0,8.4,0,0,15,6,15
22,0,22,22.0,0,0,0,3,5
20,6,20,18.9,0,0,4,5,3
19,4,19,10.9,0,0,2,54,3
6,2,6,9.1,0,0,0,8,5
12,4,12,14.1,0,0,0,13,5
7,2,7,13.4,0,0,0,8,5
16,4,16,27.8,0,0,0,6,14
5,4,5,13.2,0,0,0,25,5
9,3,9,12.0,0,0,0,8,5
11,0,11,9.1,0,0,0,13,8
14,5,14,15.6,0,0,0,3,5
11,3,11,13.5,0,0,2,7,3
4,0,4,6.5,0,0,6,9,5
5,6,5,14.3,0,0,2,4,3
23,4,23,6.9,1,2,0,9,8
5,2,5,9.8,0,0,15,6,3
19,1,19,26.2,0,0,0,12,8
13,5,13,29.8,0,0,45,54,6
21,3,21,17.6,0,0,2,9,2
22,4,22,7.4,0,0,0,4,8
6,3,6,12.4,0,0,0,8,5
8,6,8,11.8,0,0,4,5,3
13,0,13,29.7,0,0,4,5,2
12,4,12,21.2,0,0,0,11,8
23,0,23,10.5,0,0,0,22,0
20,2,20,16.8,0,0,2,32,3
14,4,14,17.2,0,0,4,5,2
16,0,16,14.8,0,0,0,3,5
11,0,11,11.0,0,0,2,30,3
12,0,12,12.6,0,0,0,3,8
5,1,5,5.9,0,0,0,4,5
9,4,9,19.7,0,1,25,46,0
6,2,6,9.7,0,0,4,5,2
13,4,13,15.2,0,0,7,0,7
7,6,7,18.2,0,0,2,16,2
21,2,21,22.8,0,0,0,3,8
10,0,10,9.6,0,0,27,36,0
13,3,13,11.8,0,0,2,36,3
5,2,5,14.6,0,0,4,12,2
14,3,14,17.7,0,0,2,5,3
6,0,6,3.4,0,0,4,32,5
5,2,5,12.2,0,0,6,9,5
8,6,8,13.5,0,0,2,44,3
12,2,12,31.3,0,0,10,5,11
5,2,5,9.5,0,0,0,9,5
5,4,5,8.2,0,0,2,4,2
12,2,12,16.8,0,0,0,11,8
15,2,15,20.5,0,0,10,13,21
5,5,5,1.2,0,0,4,5,3
4,4,4,12.3,0,0,2,4,2
18,3,18,10.4,0,0,0,13,8
15,6,15,11.4,0,0,9,0,18
5,3,5,5.8,0,0,2,11,2
17,5,17,26.3,0,0,0,5,8
10,1,10,17.8,0,0,7,26,7
19,2,19,13.4,0,0,4,5,3
2,1,2,10.0,0,0,15,14,3
6,0,6,1.8,0,0,0,8,5
16,6,16,21.4,0,0,0,36,8
23,0,23,16.8,0,0,0,25,8
7,0,7,10.1,0,0,2,9,2
11,4,11,14.1,0,0,2,54,3
11,5,11,10.8,0,0,14,17,13
16,3,16,26.5,0,0,19,7,63
23,1,23,7.0,0,0,0,0,0
12,2,12,17.0,0,0,10,33,17
21,5,21,19.6,0,0,25,46,14
1,5,1,18.7,0,0,0,1,0
13,6,13,14.8,0,0,0,13,5
1,0,1,5.5,0,0,0,21,5
9,0,9,10.4,0,0,18,32,26
12,0,12,24.8,0,0,0,13,5
16,3,16,10.1,0,0,6,9,7
10,3,10,6.9,0,0,2,45,3
5,6,5,5.1,0,0,4,3,2
5,5,5,20.5,0,0,0,16,8
4,4,4,12.5,0,0,2,5,3
7,3,7,13.9,0,1,22,56,4
16,4,16,19.3,0,0,0,7,8
20,3,20,7.5,0,0,0,3,8
2,6,2,13.2,0,0,1,2,6
22,6,22,22.7,0,1,12,18,7
11,3,11,10.5,0,0,4,63,5
9,1,9,17.0,0,0,0,9,8
14,1,14,11.7,0,0,4,8,3
15,5,15,8.0,0,0,0,3,8
14,1,14,26.2,0,0,2,30,3
15,4,15,13.1,0,0,4,54,5
5,5,5,7.2,0,0,6,9,15
0,6,0,17.2,0,0,0,22,9
6,4,6,7.9,0,0,0,8,5
21,1,21,6.1,0,0,11,0,14
10,1,10,8.1,0,0,0,53,0
5,6,5,18.1,0,0,0,52,5
8,6,8,4.2,0,0,0,5,5
23,0,23,19.1,0,0,11,23,14
19,0,19,11.4,0,0,0,16,5
13,0,13,26.9,0,0,19,4,38
8,5,8,8.0,0,0,6,9,5
22,2,22,9.0,0,0,23,41,15
16,2,16,29.8,0,0,2,151,3
23,1,23,14.0,0,0,0,0,0
16,5,16,31.9,0,0,0,36,8
16,3,16,19.9,0,0,0,45,5
10,2,10,10.1,0,0,0,25,8
12,2,12,16.3,0,0,0,5,8
8,2,8,9.8,0,0,6,9,5
1,6,1,6.1,0,0,0,1,0
16,3,16,13.5,0,0,0,6,14
7,2,7,3.3,0,0,0,7,8
18,3,18,12.4,0,0,16,21,3
4,4,4,2.5,0,0,0,16,8
14,0,14,23.7,1,0,19,48,44
17,0,17,23.5,0,0,2,44,2
4,0,4,10.5,0,0,2,4,3
10,6,10,10.3,0,0,0,21,14
4,1,4,5.9,0,0,0,27,5
1,1,1,13.1,0,0,23,41,15
11,0,11,16.8,0,0,19,42,63
5,3,5,5.5,0,0,6,9,5
5,0,5,12.6,0,0,1,2,6
13,1,13,24.2,0,0,26,49,13
15,2,15,22.6,0,0,0,82,8
16,2,16,30.0,0,0,45,15,6
5,0,5,17.2,0,0,0,5,8
12,4,12,25.1,0,0,10,3,11
19,2,19,10.2,0,0,2,32,3
23,0,23,11.0,0,0,0,22,0
6,5,6,12.6,0,0,4,21,5
15,0,15,11.4,0,0,4,5,3
8,5,8,2.9,0,0,0,5,8
9,1,9,12.8,0,0,4,5,3
1,1,1,18.1,0,0,15,6,3
1,6,1,11.0,0,0,23,41,15
15,1,15,21.6,0,0,0,5,8
19,6,19,16.7,0,0,16,21,8
11,5,11,10.0,0,0,0,21,14
9,5,9,4.8,0,0,7,0,7
6,0,6,11.4,0,0,0,8,5
17,6,17,16.2,0,0,0,33,5
18,1,18,18.9,0,0,0,44,5
0,2,0,22.3,0,0,0,22,0
13,6,13,19.8,0,0,0,61,8
14,0,14,19.1,0,0,6,9,5
14,4,14,23.4,0,0,33,62,0
12,5,12,25.8,0,1,0,32,5
18,3,18,19.3,0,0,0,33,8
5,2,5,9.2,0,0,4,11,2
5,0,5,13.3,0,0,0,36,8
7,1,7,5.9,0,0,24,47,23
12,2,12,17.1,0,0,16,21,8
12,1,12,24.5,0,0,14,17,13
1,6,1,19.2,0,0,2,9,2
16,4,16,24.1,0,0,6,93,5
0,3,0,16.2,0,0,11,23,14
16,5,16,32.6,0,0,4,12,2
0,1,0,18.3,0,0,2,21,3
9,4,9,13.3,0,0,0,54,5
3,1,3,2.3,0,0,16,21,8
6,4,6,2.1,0,0,16,21,8
14,0,14,15.2,0,0,0,21,8
0,1,0,19.3,0,0,14,24,9
1,3,1,22.1,0,0,0,25,5
14,6,14,16.1,0,0,4,54,5
17,0,17,24.7,0,0,0,7,5
11,1,11,8.0,0,0,0,0,0
16,5,16,26.9,0,0,2,9,3
19,3,19,23.9,0,0,0,44,8
8,0,8,5.7,0,0,0,9,5
9,4,9,18.1,0,0,10,51,17
4,3,4,11.7,0,0,2,11,2
9,2,9,5.0,0,0,2,13,2
15,6,15,17.3,0,0,16,10,5
6,6,6,10.7,0,0,2,16,2
0,3,0,11.6,0,0,0,43,14
5,2,5,9.0,0,0,4,12,3
4,4,4,19.2,0,0,2,3,2
16,6,16,29.6,0,0,0,7,5
15,0,15,26.9,0,0,2,9,3
15,3,15,24.8,0,0,2,44,3
13,4,13,19.8,0,0,0,13,5
1,2,1,15.7,0,0,0,1,0
5,6,5,15.7,0,0,0,11,8
5,3,5,15.3,0,0,4,10,2
9,1,9,18.3,0,0,10,5,17
12,3,12,21.5,0,0,7,0,7
6,4,6,12.4,0,0,4,7,2
9,2,9,7.3,0,0,0,53,14
16,0,16,8.0,0,0,0,7,8
4,3,4,4.4,0,0,0,7,8
9,5,9,13.9,0,0,0,44,5
15,0,15,11.5,0,0,16,10,5
6,0,6,13.2,0,0,4,21,5
19,1,19,25.8,0,0,18,32,6
11,5,11,10.4,0,0,2,30,3
6,3,6,3.1,0,0,16,21,8
23,0,23,10.6,0,0,16,21,3
23,3,23,7.9,0,0,16,21,8
7,1,7,14.5,0,0,2,25,2
13,1,13,25.5,0,0,2,30,3
11,2,11,26.7,0,0,7,0,7
11,2,11,13.2,0,0,14,17,13
4,5,4,12.2,0,0,0,12,5
5,6,5,12.2,0,0,6,9,5
9,1,9,14.2,0,0,0,9,14
5,3,5,18.7,0,0,0,5,8
5,3,5,9.7,0,0,1,2,6
11,0,11,16.0,0,0,1,2,1
5,3,5,10.0,0,0,4,11,3
20,1,20,24.6,0,0,0,3,8
5,4,5,11.7,0,0,7,21,7
5,2,5,7.2,0,0,0,3,8
6,5,6,1.4,0,0,0,52,5
17,0,17,29.2,0,0,0,16,5
9,6,9,20.3,0,0,0,42,5
5,4,5,10.8,0,0,0,16,5
11,0,11,11.9,0,0,0,29,8
1,6,1,22.0,0,0,0,1,0
11,1,11,18.4,0,0,0,53,14
12,3,12,11.9,0,0,2,7,3
12,0,12,18.2,0,0,26,49,13
16,1,16,19.6,0,0,2,44,2
10,1,10,13.3,0,0,2,16,2
2,6,2,8.5,0,0,0,25,5
1,3,1,10.7,0,0,0,20,14
3,4,3,8.1,0,0,3,26,4
23,4,23,17.2,0,0,13,19,13
6,0,6,3.2,0,0,0,5,8
17,0,17,11.6,0,0,2,33,3
5,6,5,14.8,0,0,8,0,9
16,6,16,23.3,0,1,0,36,8
7,6,7,7.5,0,0,2,8,3
7,1,7,1.2,0,0,0,5,8
9,5,9,9.7,0,0,0,44,8
16,2,16,14.5,0,0,0,15,8
18,0,18,25.0,0,0,6,9,0
6,0,6,3.1,0,0,2,5,3
5,6,5,2.0,0,0,16,21,5
13,0,13,8.4,0,0,0,15,8
6,4,6,0.0,0,0,0,8,8
1,1,1,14.7,0,0,1,2,6
6,4,6,10.5,0,0,4,12,2
12,2,12,11.3,0,0,0,32,5
5,0,5,12.1,0,0,6,9,5
9,3,9,16.2,0,1,0,54,8
8,5,8,5.3,0,0,0,10,5
4,0,4,9.4,0,0,0,3,8
4,6,4,16.2,0,0,0,12,5
5,0,5,13.3,0,0,0,7,8
12,2,12,17.5,0,0,0,13,8
4,4,4,12.3,0,0,0,11,8
10,0,10,24.3,0,0,0,13,8
16,5,16,22.4,0,0,0,6,14
20,5,20,26.2,0,0,0,9,8
12,6,12,21.9,0,0,16,21,8
13,4,13,11.1,0,0,2,36,3
3,4,3,7.3,0,0,1,2,1
11,3,11,10.7,0,0,0,66,14
11,2,11,19.4,0,0,0,34,5
5,4,5,12.0,0,0,2,119,3
10,5,10,10.3,0,0,0,21,14
23,6,23,14.7,0,0,35,43,0
12,2,12,27.5,0,1,27,36,0
6,4,6,6.5,0,0,2,32,3
9,6,9,10.1,0,0,0,5,5
5,0,5,1.9,0,0,4,7,5
0,2,0,12.2,0,0,2,21,3
6,5,6,6.4,0,0,6,9,15
13,0,13,11.2,0,0,26,49,13
18,1,18,12.8,0,0,0,33,8
18,1,18,19.5,0,0,0,44,5
4,1,4,5.1,0,0,0,3,5
11,5,11,11.7,0,0,0,3,8
5,3,5,1.3,0,0,0,32,5
17,6,17,18.3,0,0,0,15,5
17,2,17,11.8,0,0,0,44,5
19,0,19,15.9,1,2,0,21,14
12,4,12,22.4,0,0,39,75,54
5,2,5,10.0,0,0,4,11,3
15,5,15,14.6,0,0,18,32,6
5,3,5,1.4,0,0,2,4,3
12,4,12,10.2,0,0,2,5,3
12,5,12,16.9,0,0,2,61,2
4,1,4,16.5,0,0,0,3,5
21,5,21,15.8,0,1,14,24,9
16,6,16,26.1,0,0,2,9,3
10,4,10,10.2,0,0,2,30,3
5,2,5,4.6,0,0,0,5,8
20,4,20,10.6,0,0,13,19,13
23,6,23,8.5,0,0,0,43,14
11,2,11,12.9,0,0,0,8,8
3,0,3,16.2,0,0,1,2,1
8,2,8,11.2,0,0,0,10,5
8,0,8,8.1,0,0,2,5,3
7,5,7,8.4,0,0,4,3,3
14,5,14,16.4,0,0,4,5,2
7,6,7,3.5,0,0,0,9,14
18,3,18,29.3,0,1,2,54,3
9,1,9,17.0,0,0,0,53,0
8,0,8,4.4,0,0,2,16,3
11,6,11,17.1,0,1,0,21,8
1,0,1,11.9,0,0,0,1,0
18,2,18,12.5,0,0,4,38,2
8,2,8,16.4,0,0,0,53,14
8,3,8,9.0,0,0,2,16,3
21,5,21,14.4,0,0,14,24,9
7,0,7,8.5,0,0,8,6,9
4,2,4,8.3,0,0,1,2,6
23,3,23,7.8,0,0,0,20,14
4,5,4,7.2,0,0,6,9,5
8,4,8,8.5,0,0,0,45,5
18,4,18,29.8,0,0,0,13,8
11,1,11,15.2,0,0,0,8,8
11,5,11,10.6,0,0,4,63,5
5,4,5,10.7,0,0,0,9,3
8,0,8,4.3,0,0,10,7,19
12,5,12,11.2,0,0,14,17,13
23,6,23,16.9,0,0,13,19,13
20,4,20,6.7,0,0,0,4,8
8,0,8,2.8,0,0,9,0,18
15,0,15,30.3,1,0,2,11,5
6,3,6,15.2,0,0,4,50,3
6,3,6,11.1,0,0,4,6,3
2,3,2,14.3,0,0,1,2,6
23,5,23,8.4,0,0,0,20,14
23,6,23,6.6,0,0,0,25,8
19,2,19,12.1,0,0,2,44,3
20,4,20,24.8,0,0,0,5,5
16,6,16,17.0,0,0,4,50,3
2,4,2,10.0,0,0,9,0,10
10,2,10,17.2,0,0,0,44,5
5,3,5,14.1,0,0,0,42,5
16,1,16,21.1,0,0,2,8,2
18,0,18,29.9,0,0,2,12,2
17,4,17,11.4,0,0,0,33,5
7,1,7,12.2,0,0,0,8,5
22,1,22,18.5,0,0,0,0,0
15,1,15,14.2,0,0,0,5,5
5,1,5,11.7,0,0,2,8,2
9,5,9,15.9,0,0,0,21,8
8,1,8,5.7,0,0,4,44,2
12,6,12,30.6,0,0,2,44,2
10,4,10,13.5,0,0,0,53,0
7,6,7,6.7,0,0,15,6,3
4,0,4,14.5,0,0,0,16,5
7,1,7,9.5,0,0,0,5,8
8,6,8,7.2,0,0,2,16,3
11,1,11,14.3,0,0,0,0,0
10,6,10,21.5,0,0,10,7,11
14,0,14,25.6,0,1,0,44,5
5,0,5,12.7,0,0,2,11,2
15,3,15,32.4,0,0,16,110,2
13,3,13,15.2,0,0,0,5,5
8,2,8,9.5,0,0,4,8,5
23,2,23,19.6,0,0,13,19,13
5,1,5,16.8,0,0,0,5,8
6,0,6,16.7,0,0,0,25,8
11,2,11,11.1,0,0,0,3,8
9,4,9,6.5,0,0,0,8,8
8,5,8,5.9,0,0,0,33,5
10,2,10,18.9,0,0,0,5,8
17,3,17,28.2,0,0,0,11,8
12,3,12,11.4,0,0,2,34,3
8,6,8,13.0,0,0,0,30,5
8,0,8,11.3,0,0,0,9,14
15,5,15,24.2,0,0,15,6,3
11,0,11,27.4,0,0,2,16,2
10,3,10,20.5,0,1,24,28,30
7,0,7,12.7,0,1,17,0,7
20,6,20,10.5,0,0,2,4,3
4,0,4,12.6,0,0,2,3,2
4,2,4,9.7,0,0,1,2,6
15,1,15,20.4,0,0,2,13,3
18,6,18,15.9,0,0,16,11,3
15,1,15,25.0,0,0,16,110,3
22,4,22,10.0,0,0,16,21,3
22,1,22,10.1,0,0,18,32,6
22,2,22,13.9,0,0,11,0,12
23,3,23,8.7,0,0,18,32,6
12,3,12,24.5,0,0,1,2,1
0,1,0,14.1,0,0,35,43,0
14,1,14,21.6,0,0,2,12,3
17,6,17,14.3,0,0,0,21,5
13,0,13,28.2,0,0,0,36,5
8,2,8,16.4,0,0,10,79,17
16,5,16,18.7,0,0,0,78,5
4,1,4,14.4,0,0,0,4,8
15,6,15,11.3,0,0,16,10,5
6,0,6,8.0,0,0,4,32,5
4,0,4,10.2,0,0,0,11,8
0,4,0,16.2,0,0,0,22,0
14,3,14,25.5,0,0,26,49,13
21,2,21,12.8,0,0,2,3,3
20,3,20,8.7,1,2,0,33,5
15,4,15,31.4,0,1,2,33,2
15,6,15,11.8,0,0,4,21,2
15,3,15,28.9,0,0,0,44,5
5,1,5,11.3,0,0,4,21,3
9,6,9,8.0,0,0,0,54,5
7,3,7,12.8,0,0,6,9,5
16,4,16,13.2,0,0,2,8,3
5,5,5,8.6,0,0,0,11,8
13,3,13,19.4,0,0,2,36,3
6,5,6,8.7,0,0,4,7,2
19,0,19,13.7,0,0,16,21,2
1,6,1,8.6,0,0,0,1,0
4,2,4,17.6,0,0,0,7,5
5,5,5,7.2,0,0,2,4,3
6,2,6,5.6,0,0,15,6,3
8,0,8,10.4,0,0,2,16,3
10,3,10,12.1,0,0,2,16,3
4,5,4,7.3,0,0,0,11,8
21,2,21,21.4,0,0,2,9,2
19,1,19,13.4,0,0,0,4,8
15,5,15,19.3,0,0,0,9,8
1,6,1,10.2,0,0,1,2,6
22,4,22,13.9,0,0,0,4,5
5,4,5,16.9,0,0,0,7,8
20,1,20,19.5,0,0,2,5,3
17,2,17,10.7,0,0,2,12,2
6,4,6,11.2,0,0,4,5,3
1,2,1,11.8,0,0,16,21,8
6,2,6,13.9,0,0,16,21,3
11,0,11,17.3,0,0,9,0,18
16,3,16,13.5,0,0,0,6,14
20,3,20,8.1,0,0,2,4,2
6,5,6,5.1,0,0,0,12,8
0,4,0,14.5,0,0,0,22,9
7,0,7,9.5,0,0,0,8,8
14,4,14,15.6,0,0,4,21,2
2,0,2,8.4,0,0,9,0,18
10,3,10,19.2,0,0,0,33,8
16,6,16,20.0,0,0,4,11,2
17,2,17,10.9,0,0,0,12,8
17,1,17,15.4,0,0,0,32,5
21,4,21,9.7,0,0,11,0,14
16,3,16,13.6,0,0,2,5,3
8,4,8,2.9,0,0,4,7,3
0,1,0,10.5,0,0,0,1,0
14,5,14,20.8,0,0,0,5,5
14,1,14,19.6,0,0,0,9,8
16,2,16,10.7,0,0,0,16,8
6,0,6,9.5,0,0,4,6,3
12,1,12,24.6,0,0,1,2,1
5,3,5,6.4,0,0,4,10,2
18,6,18,15.6,0,0,2,44,3
9,6,9,9.2,0,0,0,53,14
15,1,15,20.6,0,0,6,93,5
17,6,17,12.4,0,0,2,44,2
10,2,10,11.5,0,0,0,5,8
20,4,20,12.6,0,0,2,9,2
5,1,5,10.0,0,0,0,7,8
3,5,3,9.7,0,0,1,2,1
7,0,7,13.4,0,0,8,6,9
16,1,16,18.4,0,0,0,8,5
17,6,17,25.6,0,0,0,7,5
19,5,19,25.0,0,0,18,32,6
1,3,1,16.5,0,0,1,2,6
15,4,15,24.8,0,0,0,33,8
6,0,6,13.6,0,0,4,12,5
2,0,2,14.3,0,0,16,21,8
4,1,4,13.8,0,0,0,4,8
18,2,18,20.3,0,0,4,32,5
8,6,8,7.5,0,0,0,32,5
15,6,15,17.2,0,0,6,93,5
5,1,5,6.5,0,0,0,27,5
23,0,23,20.7,0,1,12,18,7
10,2,10,23.6,0,1,0,9,8
18,6,18,31.8,0,0,6,9,0
15,2,15,19.3,0,0,4,3,3
16,3,16,27.7,0,0,10,51,17
6,3,6,9.5,0,0,2,36,3
21,2,21,21.1,0,1,2,9,2
23,4,23,15.1,0,0,0,0,0
23,0,23,19.1,0,0,13,19,13
21,6,21,19.0,0,0,0,17,0
7,2,7,5.1,0,0,17,0,7
14,1,14,25.7,0,0,2,13,2
17,6,17,15.9,0,0,0,13,5
9,5,9,13.8,0,0,0,53,14
2,6,2,11.0,0,0,16,21,8
11,1,11,15.3,0,0,4,63,3
5,1,5,12.8,0,0,4,3,2
15,4,15,16.7,0,0,16,10,5
17,1,17,26.8,0,0,0,16,8
0,0,0,12.5,0,0,1,2,6
13,2,13,16.1,0,0,4,5,5
23,5,23,17.8,0,0,13,19,13
8,5,8,9.7,0,0,0,44,8
8,5,8,3.5,0,0,9,0,18
5,3,5,8.7,0,0,4,11,3
0,6,0,20.7,0,0,0,22,14
10,3,10,15.6,0,0,0,21,0
20,4,20,8.4,0,0,10,33,17
5,6,5,6.0,0,0,2,9,2
10,0,10,15.4,0,0,4,8,5
10,3,10,9.3,0,0,0,13,8
6,6,6,7.0,0,0,0,3,8
3,6,3,14.8,0,0,1,2,1
18,0,18,16.8,1,2,2,87,3
7,3,7,3.6,0,0,0,3,8
4,6,4,12.4,0,0,0,4,8
7,3,7,5.4,0,0,0,30,5
17,4,17,15.6,0,0,0,32,5
10,6,10,15.3,0,0,0,3,8
12,1,12,13.5,0,0,0,13,5
16,4,16,24.6,0,0,0,36,8
14,1,14,19.8,0,0,33,62,0
8,5,8,17.3,0,0,17,2,7
19,6,19,13.1,0,0,2,54,3
5,1,5,7.8,0,0,4,5,3
8,4,8,8.5,0,0,0,21,8
13,0,13,29.0,0,0,9,0,7
7,1,7,7.8,0,0,0,13,8
5,0,5,3.8,0,0,0,12,8
15,5,15,27.8,0,0,16,21,8
7,5,7,8.5,0,0,6,9,5
16,6,16,18.3,0,0,4,44,5
3,0,3,15.9,0,0,1,2,1
13,5,13,20.8,0,0,0,61,8
22,6,22,20.9,0,1,11,0,12
6,0,6,2.7,0,0,2,7,3
7,2,7,13.0,0,0,0,29,8
16,5,16,32.6,0,0,0,25,5
14,6,14,22.1,0,0,10,30,16
13,6,13,15.5,0,0,33,62,0
17,6,17,18.4,0,0,0,21,8
16,5,16,28.2,0,0,2,13,2
17,1,17,4.9,0,0,2,12,2
23,2,23,18.3,0,0,0,0,14
13,6,13,20.6,0,0,2,13,3
12,1,12,14.5,0,0,0,30,5
14,0,14,25.4,0,0,0,13,5
5,4,5,16.0,0,0,0,7,8
16,3,16,18.2,1,2,0,44,8
14,6,14,14.7,0,0,0,8,8
8,3,8,14.3,0,0,4,5,2
19,3,19,8.3,0,0,0,21,14
5,0,5,1.2,0,0,4,21,3
14,3,14,14.6,0,0,0,45,5
6,0,6,6.8,0,0,4,3,2
14,5,14,27.0,0,0,16,110,8
4,1,4,9.0,0,0,2,11,2
6,6,6,9.9,0,0,0,12,8
21,1,21,12.7,0,0,0,8,8
8,3,8,5.7,0,0,2,16,2
13,6,13,18.5,0,0,26,49,13
9,0,9,12.9,0,0,19,4,43
0,1,0,4.1,0,0,1,2,6
5,1,5,13.1,0,0,0,4,5
17,6,17,12.8,0,0,0,11,8
8,5,8,2.2,0,0,0,9,8
14,4,14,17.7,0,0,2,110,3
11,1,11,8.7,0,0,2,16,2
5,4,5,8.5,0,0,2,16,3
6,5,6,3.6,0,0,2,5,3
15,3,15,11.3,0,0,2,58,3
7,5,7,12.7,0,0,0,12,8
23,1,23,19.7,0,0,12,18,7
2,3,2,12.5,0,0,1,2,1
15,0,15,13.7,0,0,2,45,3
12,3,12,21.3,0,0,0,5,8
18,0,18,12.3,0,0,16,21,3
6,2,6,3.6,0,0,2,21,2
12,0,12,22.3,0,0,0,44,8
20,0,20,25.5,0,0,0,3,8
6,0,6,8.2,0,0,10,28,16
6,0,6,10.4,0,0,24,47,22
14,6,14,20.4,0,0,0,9,5
6,0,6,13.4,0,0,0,8,8
4,1,4,8.9,0,0,10,16,17
21,3,21,25.1,0,0,0,4,8
8,4,8,16.2,0,0,0,53,0
4,3,4,4.9,0,0,1,2,6
15,0,15,29.1,0,0,16,10,8
23,6,23,15.9,0,0,0,0,14
10,6,10,18.7,0,0,0,12,8
2,2,2,9.6,0,0,7,0,7
16,0,16,22.2,0,0,4,7,3
7,4,7,10.5,0,0,0,8,8
9,0,9,7.5,0,0,0,53,0
21,6,21,8.0,0,0,0,32,5
17,0,17,14.9,0,0,6,9,0
22,3,22,5.7,0,0,7,36,7
4,5,4,22.7,0,0,0,12,5
4,3,4,15.1,0,0,2,3,2
20,0,20,18.9,0,0,0,3,5
21,4,21,21.9,0,1,2,9,2
7,1,7,11.7,0,0,0,21,0
19,2,19,22.4,0,0,4,38,3
8,2,8,17.4,0,0,0,34,5
8,0,8,4.0,0,0,2,16,3
9,5,9,19.5,0,0,0,43,14
19,4,19,15.0,0,0,4,32,3
14,0,14,24.9,0,0,0,9,5
7,2,7,9.6,0,0,0,9,5
9,3,9,26.1,0,0,10,8,40
6,3,6,8.3,0,0,6,9,15
5,1,5,2.4,0,0,2,7,3
5,3,5,11.5,0,0,6,9,15
15,4,15,18.9,0,0,0,82,5
5,4,5,9.0,0,0,4,10,2
12,5,12,13.2,0,0,0,11,8
9,6,9,11.7,0,0,24,5,23
1,6,1,20.5,0,0,15,6,3
7,6,7,10.0,0,0,0,91,5
5,4,5,13.6,0,0,2,7,3
17,1,17,11.5,0,0,0,32,5
2,3,2,18.8,0,0,1,2,6
9,4,9,16.0,0,0,10,51,17
5,1,5,13.2,0,0,0,27,5
20,2,20,10.4,0,0,2,5,3
5,2,5,8.2,0,0,4,12,2
17,3,17,27.3,0,0,0,6,14
8,6,8,18.1,0,0,0,9,0
8,1,8,5.4,0,0,0,44,5
5,2,5,9.2,0,0,0,5,5
1,4,1,17.9,0,0,15,6,3
5,1,5,5.3,0,0,4,3,5
4,4,4,13.1,0,0,80,26,7
18,6,18,11.2,0,0,0,13,5
21,0,21,18.4,0,0,2,12,3
21,2,21,14.3,0,0,0,3,8
5,6,5,5.7,0,0,6,9,5
6,5,6,13.3,0,0,0,8,5
22,6,22,10.2,0,0,4,32,3
22,3,22,16.4,0,0,2,8,3
19,2,19,24.4,0,0,0,8,8
5,4,5,13.7,0,0,2,16,3
15,0,15,10.4,0,0,0,13,5
16,1,16,13.7,0,0,2,3,3
16,2,16,22.4,0,0,0,54,5
7,0,7,1.5,0,0,0,16,8
13,2,13,11.5,0,0,2,36,3
17,4,17,25.4,0,0,16,21,8
5,2,5,13.3,0,0,4,5,2
8,5,8,9.9,0,0,2,16,3
17,1,17,28.2,0,0,4,38,3
7,1,7,9.2,0,0,0,8,8
16,3,16,34.1,0,0,0,36,5
18,6,18,24.2,0,0,16,11,5
12,0,12,15.5,0,0,0,5,8
6,1,6,3.7,0,0,2,5,3
7,0,7,12.2,0,0,0,33,8
11,5,11,26.6,0,0,0,66,14
16,1,16,21.2,0,0,6,9,0
15,4,15,19.9,0,0,0,5,5
12,6,12,15.9,0,0,0,3,8
8,1,8,2.6,0,0,6,9,5
16,6,16,21.6,0,0,0,33,8
7,4,7,16.8,0,0,0,29,8
11,4,11,7.8,1,2,6,9,15
9,2,9,18.4,0,1,10,114,19
17,1,17,12.5,0,0,2,12,3
10,6,10,6.1,0,0,2,16,3
6,3,6,8.1,0,0,0,12,8
12,5,12,11.9,0,0,19,35,19
17,6,17,12.4,0,0,16,11,5
8,3,8,10.6,0,0,0,53,0
14,0,14,21.1,0,0,0,30,5
3,4,3,10.9,0,0,3,26,4
12,3,12,29.5,0,0,0,7,5
7,0,7,10.0,0,0,4,7,2
10,5,10,13.9,0,0,0,13,8
8,3,8,8.3,0,0,4,3,5
19,0,19,11.5,0,0,2,5,3
6,3,6,8.8,0,0,4,11,2
5,2,5,7.4,0,0,4,3,2
16,5,16,18.1,0,0,0,45,5
7,0,7,8.8,0,0,0,7,8
7,0,7,11.4,0,0,15,6,3
15,0,15,18.5,0,0,0,9,8
18,2,18,26.2,0,0,2,12,3
17,2,17,20.2,0,0,4,3,2
11,3,11,13.7,0,0,0,8,8
5,2,5,9.9,0,0,2,7,2
11,0,11,16.1,0,0,2,16,2
19,5,19,9.0,0,0,2,32,3
16,2,16,33.0,0,0,0,5,8
4,1,4,15.9,0,0,2,4,3
5,1,5,5.3,0,0,6,9,15
19,6,19,17.4,0,0,0,21,8
16,1,16,28.6,0,0,0,13,8
8,4,8,17.4,0,0,17,0,7
14,0,14,12.5,0,0,0,21,5
15,2,15,13.8,0,0,2,5,2
2,4,2,18.0,0,0,0,25,8
4,2,4,14.6,0,0,0,5,5
20,6,20,20.4,0,0,4,3,3
18,0,18,23.9,0,0,4,32,3
13,1,13,17.8,0,0,33,62,0
7,1,7,8.8,0,0,4,32,2
5,0,5,9.9,0,0,2,3,3
11,0,11,10.2,0,0,2,34,3
16,1,16,11.1,0,0,0,11,8
4,4,4,5.9,0,0,6,9,5
11,3,11,23.4,0,0,2,16,2
10,3,10,21.5,0,0,0,0,14
3,1,3,13.3,0,0,14,24,9
22,0,22,12.2,0,0,18,32,6
18,2,18,23.2,0,0,0,8,8
21,2,21,19.5,0,0,0,3,8
5,3,5,12.5,0,0,2,10,3
20,0,20,12.1,0,0,0,3,8
10,6,10,12.2,0,0,2,16,3
15,2,15,20.6,0,0,2,5,3
20,1,20,16.7,0,0,0,7,8
20,1,20,8.0,0,0,2,9,2
15,2,15,25.3,0,0,45,58,6
17,4,17,31.0,0,0,4,38,3
7,2,7,4.5,0,0,17,0,7
8,6,8,11.3,0,0,4,5,3
13,6,13,19.5,0,0,4,8,3
16,4,16,31.0,0,0,4,5,2
15,4,15,7.8,0,0,4,54,3
9,5,9,7.8,0,0,4,44,2
16,2,16,13.7,0,0,0,21,0
8,4,8,4.3,0,0,0,33,8
17,5,17,27.7,0,0,0,3,8
21,5,21,9.6,0,0,13,19,13
5,3,5,15.5,0,0,0,42,5
10,3,10,18.5,0,1,0,44,5
18,5,18,8.3,0,0,0,13,8
9,3,9,7.4,0,0,4,3,2
2,3,2,8.3,0,0,6,9,5
12,3,12,22.4,0,0,14,17,13
9,6,9,8.3,0,0,0,21,8
5,3,5,2.4,0,0,4,10,3
7,4,7,8.7,0,0,4,13,5
12,6,12,14.4,0,0,0,3,8
14,6,14,21.1,1,1,10,51,17
12,1,12,23.5,0,0,18,32,6
18,4,18,15.2,0,0,0,16,8
4,5,4,16.9,0,0,0,25,8
4,4,4,10.4,0,0,0,1,8
0,5,0,11.4,0,0,1,2,6
12,6,12,22.5,0,0,0,0,0
12,5,12,19.6,0,0,0,25,8
9,5,9,19.0,0,0,0,42,5
6,5,6,12.6,0,0,0,3,8
8,1,8,5.9,0,0,4,5,2
10,0,10,10.8,0,0,2,16,3
7,4,7,13.5,0,0,2,16,2
15,0,15,26.5,0,1,7,0,7
6,6,6,12.4,0,0,15,6,3
12,1,12,15.6,0,0,2,16,2
23,4,23,12.2,0,0,0,22,14
1,4,1,5.3,0,0,0,21,8
11,0,11,20.5,0,0,0,0,0
5,3,5,19.2,0,0,4,11,3
7,4,7,11.7,0,0,4,13,3
8,1,8,13.4,0,0,0,13,5
17,1,17,14.2,0,0,0,3,8
11,3,11,11.3,0,0,2,34,3
11,3,11,30.4,0,0,0,21,8
7,3,7,1.0,0,0,0,7,8
17,4,17,14.4,0,0,2,12,2
21,0,21,7.5,0,0,4,32,5
18,1,18,16.9,0,0,16,21,8
10,1,10,14.3,0,0,0,44,8
16,3,16,15.8,0,0,0,6,14
1,2,1,9.9,0,0,0,37,0
17,4,17,19.0,0,0,2,12,3
8,2,8,10.2,0,0,0,13,8
13,2,13,19.1,0,0,2,12,3
6,3,6,1.1,0,0,6,9,15
1,3,1,16.4,0,0,15,6,3
17,6,17,25.9,0,0,4,50,3
4,2,4,1.2,0,0,2,11,2
18,0,18,12.8,0,0,0,25,5
1,6,1,17.8,0,0,16,21,8
8,5,8,4.4,0,0,0,29,8
1,0,1,10.5,0,0,0,37,0
16,6,16,25.7,0,0,7,0,7
7,5,7,12.9,0,0,0,33,5
16,3,16,10.3,0,0,8,0,9
4,0,4,14.3,0,0,2,5,3
8,3,8,13.6,0,0,0,13,5
9,0,9,7.6,0,0,8,6,9
0,5,0,16.2,0,0,0,43,14
10,6,10,12.4,0,0,0,29,8
23,0,23,15.1,0,0,0,3,8
10,4,10,15.0,0,0,0,13,5
10,3,10,11.3,0,0,0,29,8
14,3,14,13.1,0,0,7,0,7
6,4,6,15.1,0,0,4,21,3
5,1,5,12.5,0,0,0,9,5
15,6,15,11.3,0,0,0,44,8
13,5,13,17.8,0,0,0,32,5
5,3,5,8.4,0,0,2,7,3
7,3,7,8.3,0,0,0,13,8
22,4,22,18.2,0,0,11,0,12
7,4,7,14.3,0,0,2,33,3
12,1,12,9.2,0,0,0,5,5
14,2,14,24.4,0,0,2,45,3
6,0,6,10.3,0,0,2,32,3
6,1,6,10.8,0,0,0,8,8
13,6,13,17.1,0,0,2,34,3
0,3,0,12.6,0,0,0,6,9
17,5,17,12.0,0,0,4,8,5
10,4,10,18.0,0,0,2,34,3
19,3,19,20.6,0,0,2,13,3
14,2,14,14.4,0,0,2,5,3
6,5,6,12.6,0,0,0,12,8
10,2,10,23.9,0,0,0,8,8
5,0,5,12.1,0,0,2,5,3
6,6,6,18.0,0,0,0,3,8
18,4,18,29.8,0,0,0,33,8
13,6,13,31.4,0,0,2,36,3
17,4,17,19.7,0,0,0,21,0
14,0,14,32.7,0,0,0,13,8
5,2,5,9.5,0,0,16,21,8
12,3,12,22.4,0,0,0,11,8
6,3,6,8.8,0,0,0,52,5
4,6,4,5.6,0,0,2,10,3
0,1,0,14.5,0,0,2,21,3
7,0,7,4.7,0,0,0,29,5
14,0,14,7.8,0,0,0,53,0
19,2,19,12.9,0,0,2,7,3
23,0,23,13.7,0,0,2,21,3
5,2,5,9.2,0,0,4,3,3
19,0,19,8.6,0,0,2,32,3
7,4,7,10.7,0,0,16,21,3
5,5,5,5.1,0,0,6,9,5
1,0,1,10.6,0,0,1,2,6
23,6,23,6.7,0,0,0,0,0
1,4,1,8.6,0,0,0,21,8
8,4,8,14.4,0,0,0,36,5
22,6,22,11.3,0,0,18,32,6
20,3,20,19.5,0,0,2,16,2
18,3,18,27.4,0,0,0,12,8
11,0,11,20.0,0,0,0,3,8
17,5,17,17.9,0,0,0,13,8
15,0,15,11.5,0,0,4,21,5
9,3,9,13.9,0,0,0,32,5
19,0,19,23.0,0,0,2,54,3
3,4,3,7.3,0,0,9,0,18
16,5,16,19.8,0,0,7,0,7
12,3,12,18.2,1,2,4,50,2
11,4,11,23.0,0,0,0,7,5
5,2,5,12.2,0,0,2,16,3
6,1,6,8.1,0,0,6,9,5
21,6,21,10.7,0,0,13,19,13
16,4,16,25.6,0,0,0,13,8
15,2,15,35.7,0,1,22,0,4
22,4,22,7.0,1,2,2,119,3
13,0,13,12.3,0,0,2,44,2
23,1,23,15.1,0,0,0,0,14
19,0,19,10.3,0,0,2,32,3
13,4,13,24.9,0,0,4,13,3
16,1,16,11.1,1,2,9,21,18
19,3,19,10.0,0,0,0,17,0
15,4,15,14.5,0,0,2,33,3
18,3,18,12.4,0,0,2,44,3
11,2,11,11.1,0,0,0,13,5
6,0,6,4.5,0,0,4,12,5
13,2,13,17.7,0,0,0,3,5
11,1,11,13.6,0,0,0,53,0
5,0,5,7.1,0,0,0,5,8
8,5,8,4.8,0,0,2,7,3
14,5,14,19.0,0,0,15,6,3
7,4,7,14.3,0,0,0,36,5
14,1,14,18.8,0,0,2,5,3
11,3,11,11.1,0,0,18,54,20
4,6,4,17.3,0,0,0,4,5
7,5,7,4.0,0,0,2,7,3
6,2,6,9.3,0,0,16,21,8
10,0,10,13.9,0,0,10,31,17
13,0,13,17.8,0,0,18,32,33
11,3,11,15.9,0,0,2,34,3
3,4,3,11.9,0,0,1,2,1
19,5,19,12.0,0,0,2,16,3
7,1,7,5.1,0,0,2,3,3
17,2,17,20.2,0,0,0,36,8
16,2,16,19.4,0,0,0,33,8
14,1,14,25.8,0,0,0,29,5
8,5,8,3.5,0,0,24,47,23
19,6,19,12.4,0,0,22,56,4
16,2,16,12.0,0,0,0,6,14
21,0,21,23.9,0,0,25,46,14
6,5,6,3.6,0,0,0,25,5
8,0,8,15.8,0,1,17,0,7
0,3,0,8.6,0,0,9,0,18
19,4,19,13.3,0,0,0,16,8
5,5,5,11.8,0,0,6,9,15
0,1,0,14.7,0,0,0,6,14
19,3,19,9.0,0,0,4,32,3
11,0,11,12.7,0,0,2,30,3
16,3,16,13.7,0,0,4,5,2
13,6,13,18.2,0,0,0,45,5
8,2,8,9.3,0,0,19,131,77
10,1,10,11.0,0,0,0,13,8
12,5,12,21.9,0,0,0,32,5
5,5,5,12.2,0,0,4,11,2
13,2,13,17.6,0,0,7,26,7
15,6,15,21.1,0,0,0,12,5
14,3,14,25.9,0,0,24,47,30
5,6,5,13.8,0,0,4,10,3
7,5,7,9.5,0,0,0,13,8
17,1,17,26.2,0,1,0,33,5
6,0,6,9.8,0,0,0,21,14
11,6,11,10.7,0,0,16,21,8
14,0,14,30.7,0,0,0,21,5
19,0,19,12.7,0,0,6,9,5
7,6,7,3.2,0,0,2,33,3
16,3,16,24.8,0,0,2,33,3
15,1,15,12.2,0,0,9,0,18
6,1,6,9.6,0,0,4,7,3
7,2,7,4.5,0,0,0,7,8
4,1,4,5.6,0,0,0,3,8
18,5,18,26.0,0,0,0,13,8
8,4,8,0.2,0,0,0,5,8
18,6,18,12.5,0,0,0,33,5
15,6,15,17.2,0,0,0,44,5
14,4,14,18.4,0,0,0,11,67
5,1,5,8.8,0,0,0,4,8
17,1,17,25.7,0,0,2,7,3
0,2,0,16.9,0,0,0,22,14
12,1,12,9.4,1,2,0,5,8
20,6,20,12.8,0,0,0,8,8
5,6,5,2.7,0,0,2,9,2
17,1,17,15.5,0,0,0,13,8
15,1,15,27.9,0,0,16,110,2
6,6,6,5.0,0,0,0,7,8
17,5,17,25.0,0,0,0,16,5
7,6,7,1.6,0,0,0,8,5
22,4,22,26.5,0,0,10,4,17
15,4,15,21.2,0,0,4,4,3
13,5,13,21.4,0,0,4,8,3
14,3,14,13.9,0,0,15,6,3
1,5,1,17.9,0,0,9,0,10
16,2,16,13.3,0,0,0,6,14
2,3,2,1.9,0,0,16,21,8
21,5,21,18.9,0,0,0,25,5
5,1,5,16.1,0,0,4,7,5
18,0,18,25.5,0,0,2,12,2
11,2,11,18.5,0,0,0,0,14
1,1,1,15.7,0,0,9,0,10
4,4,4,11.2,0,0,0,5,8
21,2,21,10.5,0,0,0,7,8
16,5,16,26.5,0,0,0,6,14
5,0,5,8.0,0,0,4,5,5
2,5,2,6.2,1,2,2,110,3
11,1,11,13.9,0,0,4,87,3
10,3,10,16.4,0,0,0,8,8
4,4,4,15.4,0,0,2,8,2
5,0,5,8.0,0,0,0,5,8
1,2,1,15.1,0,0,0,1,0
14,2,14,13.2,0,0,4,44,2
5,6,5,15.9,0,0,0,7,8
15,3,15,24.9,0,0,24,47,22
18,3,18,10.6,0,0,0,16,8
15,6,15,21.9,0,0,28,55,0
15,1,15,26.5,0,0,0,9,8
7,4,7,7.1,0,0,4,5,3
12,5,12,16.7,0,0,0,7,8
2,6,2,11.0,0,0,1,2,1
14,1,14,25.2,0,0,16,110,2
13,6,13,13.9,0,0,0,7,8
20,3,20,11.8,0,0,0,36,8
10,5,10,17.7,0,0,27,36,0
13,3,13,11.8,0,0,2,45,3
4,4,4,16.4,0,0,2,3,2
18,6,18,13.2,0,0,16,21,8
5,3,5,14.4,0,0,2,11,5
16,1,16,11.1,0,0,0,44,8
11,3,11,18.4,0,0,0,7,8
16,5,16,16.6,0,0,2,16,3
12,2,12,8.3,0,0,2,110,3
23,3,23,21.7,0,1,12,18,7
13,1,13,30.3,0,1,7,26,7
10,0,10,20.2,0,0,2,16,3
0,0,0,17.4,0,0,21,36,7
14,4,14,17.7,0,0,2,34,2
13,3,13,12.9,0,0,2,44,2
8,0,8,6.7,0,0,0,32,5
11,6,11,11.4,0,0,1,2,1
19,3,19,25.9,0,0,0,32,5
8,6,8,6.2,0,0,0,9,5
2,5,2,14.6,0,0,1,2,6
6,2,6,2.9,0,0,15,6,14
17,2,17,16.9,0,0,0,3,8
18,6,18,11.2,0,0,4,44,5
8,5,8,14.9,0,0,4,44,2
9,3,9,8.9,1,0,19,48,17
6,6,6,9.0,0,0,0,12,8
23,2,23,14.7,0,0,0,3,8
0,5,0,8.8,0,0,15,6,3
17,2,17,27.5,0,0,2,5,3
12,2,12,17.2,0,0,0,12,8
22,6,22,14.4,0,0,16,21,5
17,0,17,17.0,0,0,4,13,2
12,6,12,28.9,0,0,2,13,3
16,2,16,13.3,0,0,0,44,8
8,0,8,8.7,0,0,9,0,18
2,3,2,11.5,0,0,0,62,0
18,5,18,14.3,0,0,0,5,8
10,1,10,19.3,0,0,0,34,5
10,1,10,18.6,0,0,2,3,3
1,5,1,17.6,0,0,23,41,15
13,3,13,22.3,0,0,16,21,5
5,2,5,1.8,0,0,6,9,5
7,5,7,16.2,0,0,0,13,5
15,0,15,27.0,0,0,40,0,10
10,2,10,12.7,0,0,27,36,0
19,0,19,7.4,0,0,0,8,5
16,0,16,29.2,0,0,0,11,5
2,5,2,19.2,0,0,2,6,3
13,2,13,18.0,0,0,2,30,3
11,2,11,13.8,0,0,0,3,5
1,0,1,16.2,0,0,0,37,0
9,2,9,7.2,0,0,2,13,2
8,2,8,5.0,0,0,0,44,8
16,2,16,11.1,0,0,0,5,5
22,3,22,8.2,0,0,2,8,3
9,5,9,10.8,0,0,0,53,0
9,4,9,12.5,0,0,18,32,26
16,6,16,10.7,0,0,2,33,2
9,5,9,20.4,0,0,2,16,2
0,5,0,20.6,0,0,2,21,3
14,3,14,14.5,0,0,6,9,5
10,4,10,11.1,0,0,4,9,3
5,0,5,15.8,0,0,10,28,16
13,1,13,19.2,0,0,2,36,3
14,0,14,8.0,0,0,16,21,8
18,4,18,24.9,0,0,0,33,8
16,1,16,28.5,0,1,0,8,5
4,1,4,8.8,0,0,6,9,5
1,3,1,10.6,0,0,4,8,3
3,4,3,3.9,0,0,10,8,17
9,0,9,10.4,0,0,6,9,5
10,2,10,17.1,0,0,0,13,8
10,0,10,23.7,0,0,0,5,8
8,0,8,13.8,0,0,0,33,8
12,0,12,10.5,0,0,2,33,3
17,5,17,14.5,0,0,0,3,5
23,6,23,10.1,0,0,12,18,7
13,1,13,11.1,0,0,33,62,0
6,4,6,7.6,0,0,2,21,2
13,6,13,29.1,0,1,0,61,5
5,4,5,4.9,0,0,6,9,5
7,1,7,4.4,0,0,0,3,8
12,3,12,26.0,0,1,7,21,7
10,2,10,9.6,0,0,15,6,14
10,5,10,12.4,0,0,10,16,11
20,0,20,7.6,0,0,6,9,5
10,0,10,21.8,0,0,0,5,8
19,0,19,8.8,0,0,0,16,5
21,0,21,20.0,0,0,25,46,14
9,6,9,7.9,0,0,2,8,2
13,0,13,17.6,0,0,2,44,3
22,3,22,16.7,0,0,2,8,3
2,1,2,12.4,0,0,10,66,31
3,6,3,19.4,0,0,7,21,7
15,0,15,13.6,0,0,0,12,5
9,5,9,14.6,0,0,0,29,5
5,1,5,7.7,0,0,6,9,5
17,0,17,14.6,0,0,0,54,5
16,5,16,13.4,0,0,0,3,8
17,3,17,13.0,0,0,0,13,8
11,0,11,15.0,0,0,0,16,8
15,1,15,21.8,0,0,0,8,8
13,4,13,12.5,0,0,0,61,8
18,0,18,8.0,0,0,0,25,8
17,2,17,15.6,0,0,0,44,5
0,1,0,16.5,0,0,0,22,0
7,6,7,17.5,0,0,0,30,5
16,4,16,27.9,0,0,0,36,8
17,2,17,26.0,0,0,4,38,2
9,2,9,9.8,0,0,0,53,14
14,5,14,16.4,0,0,0,61,8
9,0,9,10.6,0,0,18,32,33
9,5,9,10.0,0,0,4,54,3
12,3,12,20.8,0,0,0,8,8
23,0,23,11.0,0,0,0,0,0
22,6,22,4.6,0,0,0,4,5
3,1,3,13.9,0,0,1,2,1
1,6,1,16.3,0,0,15,6,3
3,4,3,10.8,0,0,5,9,4
18,1,18,25.7,0,0,2,4,3
17,2,17,9.8,0,0,2,12,2
13,0,13,25.7,0,0,0,44,5
11,6,11,13.3,0,0,0,29,5
6,6,6,3.2,0,0,2,21,2
20,4,20,14.5,0,0,2,8,3
19,2,19,17.5,0,0,0,44,8
18,0,18,16.2,0,0,2,44,3
12,2,12,27.7,0,0,18,32,6
10,2,10,13.9,0,0,2,45,3
19,2,19,5.6,0,0,2,4,3
23,6,23,14.4,0,0,0,20,0
10,4,10,10.2,0,0,0,30,5
23,1,23,6.3,0,0,0,0,14
16,6,16,11.2,0,0,0,33,8
10,0,10,22.3,0,0,8,0,9
5,4,5,8.5,0,0,0,4,8
1,1,1,20.8,0,0,0,1,0
1,4,1,20.0,0,0,15,6,3
4,6,4,7.6,0,0,0,16,8
5,3,5,15.4,0,0,1,2,6
20,4,20,8.7,0,0,2,9,3
12,1,12,11.4,0,0,0,44,5
17,5,17,18.4,0,0,2,44,2
17,4,17,21.6,0,0,2,8,3
10,3,10,15.7,0,0,2,16,3
9,1,9,19.0,0,0,0,21,8
5,2,5,10.5,0,0,0,5,8
15,4,15,17.8,0,0,0,9,8
10,2,10,23.5,0,1,25,46,0
6,0,6,13.4,0,0,0,7,8
5,3,5,5.4,0,0,0,12,5
5,4,5,4.5,0,0,2,9,2
10,0,10,11.9,0,0,27,36,0
10,1,10,9.8,0,0,0,12,5
1,1,1,6.7,0,0,0,1,0
5,0,5,15.3,0,0,2,7,3
13,2,13,10.4,0,0,2,36,3
1,2,1,15.4,0,0,0,21,5
10,6,10,14.4,0,0,2,16,2
10,3,10,18.6,0,1,2,16,3
11,6,11,26.5,0,1,7,36,7
6,1,6,5.3,0,0,0,7,5
5,6,5,8.1,0,0,4,10,2
6,6,6,6.6,0,0,16,21,8
20,4,20,14.3,0,0,0,25,8
16,5,16,26.5,0,0,0,45,5
6,6,6,5.1,0,0,4,21,2
16,3,16,27.3,0,0,2,4,3
16,2,16,21.9,0,0,0,11,8
14,0,14,14.2,0,0,0,21,8
22,4,22,18.8,0,0,18,32,6
13,1,13,25.0,0,0,0,21,8
18,2,18,8.4,0,0,0,16,8
19,0,19,26.7,0,0,0,5,8
16,5,16,18.4,0,0,0,34,5
13,0,13,11.9,0,0,0,34,5
23,0,23,8.7,0,0,0,20,14
2,3,2,10.3,0,0,1,2,1
19,2,19,9.6,0,0,2,4,3
8,0,8,13.7,0,0,0,33,8
8,3,8,4.0,0,0,4,21,5
16,3,16,16.4,0,0,0,17,14
8,5,8,12.6,0,0,4,54,3
15,0,15,8.2,0,0,16,10,5
6,2,6,11.0,0,0,0,9,3
17,3,17,17.3,0,0,7,9,7
10,6,10,6.1,0,0,0,29,5
23,0,23,7.8,0,0,0,22,0
1,1,1,18.9,0,0,23,41,15
19,1,19,24.1,0,0,2,32,3
2,5,2,14.1,0,0,10,5,17
17,6,17,18.1,0,0,0,5,5
18,5,18,15.6,0,0,2,61,3
13,1,13,11.6,0,0,0,44,8
18,3,18,12.8,0,0,0,32,5
4,0,4,16.4,0,0,0,5,5
5,5,5,12.0,0,0,4,10,2
17,6,17,18.3,0,0,0,33,8
12,3,12,14.9,0,0,10,28,16
4,5,4,4.1,0,0,6,9,15
20,0,20,20.9,0,0,0,36,5
13,1,13,19.9,0,0,0,7,8
17,3,17,27.3,0,0,0,7,5
9,4,9,6.5,0,0,19,13,17
4,3,4,8.7,0,0,0,4,8
23,4,23,10.4,0,0,0,0,0
12,5,12,26.4,0,0,2,16,3
18,3,18,16.0,0,0,2,12,2
9,5,9,8.2,0,0,2,16,3
16,5,16,32.3,0,0,0,11,8
5,3,5,15.1,0,0,0,3,8
13,6,13,16.7,0,0,0,13,8
18,0,18,22.6,0,0,0,21,8
0,4,0,13.5,0,0,16,21,5
6,4,6,5.6,0,0,15,6,14
6,3,6,8.7,0,0,2,21,3
6,2,6,3.3,0,0,2,8,3
14,1,14,11.9,0,0,0,9,5
6,0,6,9.8,0,0,0,7,5
7,3,7,6.4,0,0,0,5,8
4,0,4,11.6,0,0,16,21,8
13,6,13,26.4,0,0,14,17,13
5,2,5,17.3,0,0,4,6,3
4,4,4,8.3,0,0,0,3,8
23,0,23,16.8,0,0,13,19,13
13,3,13,23.2,0,0,7,9,7
14,5,14,22.0,0,0,0,9,5
21,3,21,9.1,0,0,8,14,9
11,1,11,7.4,0,0,4,3,3
14,2,14,11.2,0,0,0,33,5
8,3,8,6.3,0,0,0,54,5
12,5,12,8.4,0,0,2,8,3
7,0,7,3.4,0,0,24,47,23
16,6,16,21.6,0,0,2,44,2
12,6,12,30.2,0,0,7,36,7
20,1,20,21.4,0,0,2,5,3
7,4,7,11.6,0,0,2,119,3
9,3,9,9.9,0,0,0,45,5
7,1,7,5.9,0,0,0,33,5
0,1,0,20.1,0,0,14,17,13
22,3,22,20.1,0,1,0,16,8
23,5,23,16.5,0,0,0,20,0
17,1,17,27.7,0,0,16,11,3
7,5,7,13.8,0,0,4,16,3
5,5,5,9.2,0,0,2,3,3
4,6,4,10.6,0,0,9,0,10
21,3,21,19.9,0,0,0,3,8
14,4,14,18.9,0,0,16,21,8
4,6,4,5.8,0,0,1,2,6
0,4,0,10.3,0,0,0,16,8
11,3,11,15.2,0,0,0,34,5
4,0,4,6.5,0,0,0,12,8
5,0,5,1.3,0,0,4,10,2
0,0,0,6.3,0,0,15,6,3
8,0,8,14.0,0,0,0,33,8
4,0,4,9.8,0,0,0,16,8
4,0,4,8.5,0,0,0,5,8
15,6,15,25.5,0,0,4,16,3
17,6,17,12.4,0,0,2,11,2
12,1,12,13.7,0,0,0,44,8
4,3,4,15.5,0,0,0,7,8
10,3,10,11.2,0,0,0,44,8
5,3,5,13.7,0,0,2,11,2
8,2,8,12.6,0,0,17,0,7
10,2,10,19.2,0,0,0,12,5
2,1,2,19.0,0,0,1,2,1
16,3,16,29.2,0,0,0,17,0
15,4,15,17.7,0,0,15,6,3
15,1,15,15.4,0,0,0,11,8
23,5,23,14.7,0,0,0,20,0
20,4,20,20.0,0,0,0,36,5
21,1,21,12.1,0,0,14,24,9
13,4,13,15.1,0,0,4,11,5
22,0,22,10.3,0,0,18,32,6
9,6,9,16.6,0,0,18,32,6
5,4,5,3.5,0,0,4,12,2
7,5,7,7.2,0,0,10,58,34
13,0,13,23.9,0,0,14,17,13
12,5,12,20.7,0,0,0,25,8
11,5,11,12.2,0,0,14,17,13
12,1,12,17.5,0,0,2,7,3
11,3,11,22.2,0,0,2,7,3
17,1,17,4.7,0,0,0,13,8
20,3,20,13.3,0,0,6,9,5
18,1,18,13.4,0,0,0,8,5
8,0,8,4.4,0,0,0,8,8
4,1,4,9.9,0,0,1,2,6
16,6,16,18.9,0,0,4,7,3
4,0,4,13.7,0,0,0,7,8
18,1,18,9.7,0,0,4,5,2
13,4,13,23.9,0,0,33,62,0
8,6,8,10.0,0,0,4,13,3
7,3,7,13.9,0,0,4,5,2
13,2,13,12.2,0,0,0,33,5
0,2,0,6.4,0,0,1,2,6
23,5,23,6.5,0,0,0,43,14
12,5,12,17.6,0,0,0,5,5
11,6,11,29.4,0,0,0,5,8
17,4,17,25.7,0,0,4,38,3
0,4,0,16.5,0,0,0,6,14
8,5,8,4.9,0,0,0,8,8
21,3,21,24.0,0,1,2,16,3
18,0,18,10.2,0,0,0,44,5
1,1,1,14.5,0,0,1,2,6
8,4,8,7.4,0,0,0,33,8
22,6,22,14.1,0,0,18,32,6
10,4,10,16.0,0,0,0,43,14
4,0,4,15.9,0,0,2,6,3
10,6,10,14.6,0,0,0,8,8
16,5,16,26.3,0,0,0,8,8
7,1,7,11.4,0,0,0,36,8
16,2,16,11.0,0,0,4,5,2
0,3,0,5.7,0,0,1,2,6
16,3,16,26.7,0,0,0,13,8
18,2,18,29.5,0,0,2,4,2
1,2,1,9.0,0,0,0,1,0
0,3,0,17.9,0,0,11,23,14
4,5,4,16.3,0,0,0,4,5
5,4,5,3.8,0,0,6,9,15
14,0,14,31.0,0,0,0,13,5
10,2,10,10.6,0,0,0,8,8
23,0,23,16.2,0,0,35,43,0
3,4,3,14.2,0,0,1,2,1
15,4,15,18.8,1,0,4,21,2
4,2,4,9.8,0,0,0,5,8
17,4,17,16.7,0,0,4,38,3
6,3,6,8.4,0,0,2,7,3
17,6,17,31.2,0,0,9,0,18
10,0,10,10.5,0,0,2,45,3
17,0,17,18.6,0,0,0,11,8
11,3,11,11.8,0,0,0,8,8
2,1,2,12.7,0,0,0,62,0
16,5,16,22.0,0,0,40,0,10
15,5,15,15.4,0,0,0,11,8
11,1,11,16.4,0,0,0,10,5
12,6,12,17.2,0,0,0,13,5
13,6,13,23.1,0,0,0,16,5
12,0,12,15.6,0,0,2,30,3
21,5,21,8.3,0,0,4,3,2
4,1,4,19.5,0,0,0,25,8
5,3,5,14.4,0,0,4,11,2
5,0,5,13.1,0,0,10,28,16
19,6,19,9.1,0,0,0,17,0
9,3,9,20.6,0,0,0,21,8
0,1,0,15.2,0,0,0,25,8
15,6,15,16.9,0,0,18,32,6
17,2,17,11.5,0,0,4,44,2
11,3,11,26.6,0,0,7,36,7
12,2,12,10.3,0,0,2,7,3
13,2,13,18.2,0,0,2,36,3
5,2,5,6.5,0,0,4,7,5
21,0,21,21.6,0,0,0,9,8
8,1,8,5.0,0,0,0,44,5
8,1,8,11.5,0,0,0,44,5
19,3,19,8.8,1,2,24,47,23
6,5,6,12.7,0,0,10,41,34
5,4,5,4.4,0,0,0,11,8
9,2,9,17.8,0,0,0,53,14
10,5,10,21.3,0,0,0,12,5
8,3,8,10.4,0,0,0,44,8
17,1,17,29.0,0,0,0,25,8
7,2,7,10.0,0,0,0,13,8
6,5,6,8.9,0,0,15,6,14
8,6,8,3.3,0,0,2,5,3
14,5,14,17.9,0,0,0,21,5
0,4,0,16.5,0,0,11,23,14
13,0,13,29.3,0,0,0,21,8
21,1,21,11.1,0,0,14,24,9
14,1,14,20.0,0,0,0,13,5
2,6,2,4.5,0,0,1,2,1
16,6,16,16.7,0,0,2,13,3
11,5,11,18.0,0,0,0,30,5
12,1,12,18.7,0,0,2,61,2
19,1,19,8.1,0,0,2,32,3
0,2,0,19.4,0,0,11,23,14
20,6,20,16.1,0,0,0,3,8
8,2,8,1.3,0,0,2,33,3
19,3,19,16.7,0,0,0,44,8
12,3,12,14.0,0,0,0,33,5
1,2,1,19.5,0,0,1,2,6
16,1,16,11.7,0,0,0,5,8
11,3,11,18.3,0,0,0,21,0
14,1,14,20.0,0,0,16,21,8
4,3,4,10.1,0,0,0,16,8
12,5,12,21.4,0,0,14,17,13
16,0,16,27.5,0,0,0,36,5
1,5,1,9.7,0,0,16,21,8
0,0,0,14.3,0,0,0,22,0
12,4,12,14.0,0,0,2,16,2
11,4,11,24.7,0,0,0,3,5
10,6,10,13.5,0,0,4,9,5
6,4,6,0.5,0,0,4,11,3
6,4,6,11.5,0,0,4,21,2
0,2,0,15.7,0,0,0,25,5
13,6,13,26.7,0,0,0,58,5
13,5,13,13.7,0,0,0,3,8
15,6,15,17.2,0,0,28,55,0
17,2,17,25.9,0,0,4,38,2
9,3,9,19.7,0,0,0,53,0
13,0,13,15.7,0,0,0,44,8
11,6,11,11.1,0,0,2,45,3
21,2,21,13.2,0,0,0,9,8
10,6,10,10.5,0,0,0,21,0
16,1,16,20.7,0,0,0,5,5
5,2,5,12.3,0,0,4,7,2
15,2,15,12.8,0,0,0,32,5
22,1,22,9.6,1,2,2,7,3
19,3,19,21.6,0,0,16,21,8
4,0,4,17.4,0,0,2,3,2
17,4,17,17.7,0,0,16,11,5
11,2,11,14.5,0,0,16,21,8
11,4,11,24.6,0,0,0,44,8
5,4,5,14.9,0,0,4,10,2
4,4,4,-0.1,0,0,6,9,5
16,3,16,19.1,0,0,0,6,14
11,2,11,27.8,0,0,10,67,11
4,0,4,16.7,0,0,0,16,5
7,2,7,13.8,0,0,0,34,5
15,0,15,16.3,0,0,0,12,8
6,0,6,3.4,0,0,2,5,3
15,0,15,27.8,0,0,10,8,11
6,5,6,11.8,0,0,0,5,8
6,1,6,9.0,0,0,4,21,5
0,0,0,9.4,0,0,23,41,15
9,3,9,15.8,0,0,0,15,8
9,4,9,21.3,0,0,0,21,8
6,0,6,16.6,0,0,19,28,63
15,6,15,22.6,0,0,2,9,2
12,0,12,8.8,0,0,0,8,8
7,4,7,7.5,1,2,18,32,6
7,4,7,11.3,0,0,7,0,7
12,2,12,18.1,0,0,2,44,3
1,2,1,17.5,0,0,0,6,9
0,3,0,7.7,0,0,1,2,6
6,0,6,3.1,0,0,4,32,5
20,6,20,14.1,0,0,0,17,0
4,6,4,15.4,0,0,9,0,18
16,0,16,20.1,0,0,4,54,5
7,0,7,13.9,0,0,0,36,8
2,5,2,18.5,0,0,0,1,0
14,3,14,12.8,0,0,0,7,5
4,5,4,9.1,0,0,1,2,6
14,3,14,19.1,0,1,0,13,5
12,3,12,10.5,0,0,26,49,13
1,4,1,14.6,0,0,1,2,6
16,3,16,15.8,0,0,0,7,5
7,4,7,12.0,0,0,0,45,5
5,3,5,7.0,0,0,0,11,8
18,5,18,17.3,0,0,2,8,3
11,6,11,20.2,0,0,16,21,8
10,4,10,21.7,1,1,0,8,8
17,1,17,26.3,0,0,0,21,0
14,0,14,26.4,1,0,0,5,8
5,4,5,14.9,0,0,4,6,3
23,5,23,11.0,0,0,0,43,14
10,5,10,13.9,0,0,0,5,8
5,3,5,15.4,0,0,4,11,5
11,6,11,23.8,0,0,2,30,3
5,0,5,8.5,0,0,16,21,8
15,4,15,18.1,0,0,9,0,10
5,3,5,9.0,0,0,2,3,2
17,3,17,17.7,0,0,4,5,2
4,5,4,22.3,0,0,2,7,3
23,0,23,13.8,0,0,18,32,6
10,3,10,16.0,0,0,2,16,3
5,1,5,9.7,0,0,2,7,2
6,0,6,3.9,0,0,2,21,2
5,6,5,11.4,0,0,4,11,2
4,2,4,14.4,0,0,0,4,5
18,6,18,13.5,0,0,0,16,8
8,0,8,8.6,0,0,2,16,3
7,2,7,8.1,0,0,15,6,14
12,6,12,17.8,0,0,0,7,5
23,1,23,8.7,0,0,0,20,14
19,4,19,9.6,0,0,2,32,3
23,0,23,11.9,0,0,0,20,14
16,5,16,30.7,0,0,2,11,3
4,2,4,12.2,0,0,0,3,8
5,2,5,12.8,0,0,0,5,5
8,3,8,8.2,0,0,2,16,3
11,3,11,22.1,0,0,0,13,8
20,2,20,13.0,0,0,6,9,5
11,0,11,23.7,0,0,0,33,5
16,0,16,8.1,0,0,0,32,5
17,3,17,21.1,0,0,0,3,8
13,2,13,9.3,0,0,2,21,3
19,2,19,18.3,0,0,2,8,2
4,4,4,15.4,0,0,0,7,8
18,5,18,28.5,0,0,2,33,3
23,5,23,13.4,0,0,0,20,14
16,2,16,31.2,0,0,2,3,2
6,6,6,6.8,0,0,0,8,8
14,0,14,16.9,0,0,0,29,5
7,2,7,12.5,0,0,0,5,8
15,0,15,24.7,0,0,16,10,5
7,5,7,8.2,0,0,0,5,8
8,4,8,11.9,0,0,0,7,8
13,0,13,17.7,0,0,0,9,5
14,0,14,24.0,0,0,2,36,3
4,3,4,18.7,0,0,0,16,8
19,6,19,20.9,0,0,18,32,6
5,0,5,13.4,0,0,0,3,5
10,3,10,20.8,0,0,0,29,8
8,2,8,17.0,0,0,0,13,5
9,0,9,7.8,0,0,2,7,2
12,2,12,8.8,0,0,10,16,17
9,0,9,6.3,0,0,0,32,5
13,6,13,23.3,0,0,33,62,0
11,1,11,25.9,0,0,2,30,3
18,1,18,21.8,0,1,0,13,5
13,5,13,12.9,0,0,18,32,6
7,2,7,4.7,0,0,0,8,5
5,2,5,3.3,0,0,0,3,8
8,6,8,7.3,0,0,2,13,3
7,6,7,6.7,0,0,0,29,8
11,3,11,22.1,0,0,0,13,8
4,1,4,12.9,0,0,2,4,3
23,0,23,19.9,0,0,12,18,7
5,1,5,5.1,0,0,2,9,2
22,4,22,7.0,0,0,0,25,8
9,0,9,13.5,0,0,0,3,5
15,1,15,21.2,0,0,0,16,5
3,4,3,18.7,0,0,4,9,3
7,4,7,11.7,0,0,9,0,10
0,2,0,12.5,0,0,0,25,5
6,5,6,4.2,0,0,16,21,8
12,0,12,18.9,0,0,10,34,21
11,3,11,14.0,0,0,2,16,3
13,4,13,24.8,0,0,2,5,2
20,3,20,7.9,0,0,0,36,5
7,6,7,13.5,0,0,0,8,5
9,1,9,18.3,0,0,2,34,3
14,0,14,25.6,0,0,0,29,5
6,3,6,5.6,0,0,4,7,3
13,0,13,15.1,0,0,2,3,3
21,5,21,8.4,0,0,10,4,17
11,0,11,15.5,0,0,1,2,1
7,6,7,13.1,0,0,4,14,3
5,2,5,3.1,0,0,4,3,2
23,5,23,14.5,0,0,35,43,14
21,3,21,5.6,0,0,0,9,8
8,2,8,8.1,0,0,17,0,7
6,6,6,11.3,0,0,2,16,3
13,6,13,27.4,0,0,0,29,5
19,3,19,24.0,0,0,0,32,5
10,4,10,25.2,0,1,42,0,7
0,2,0,10.0,0,0,15,6,3
6,2,6,1.7,0,0,15,6,14
15,2,15,12.3,0,0,2,44,2
17,2,17,12.3,0,0,0,33,8
16,4,16,25.7,0,0,0,11,5
15,2,15,27.8,0,0,0,9,8
7,0,7,6.7,0,0,0,5,8
8,2,8,3.4,0,0,2,16,3
16,2,16,19.6,0,0,0,21,14
18,2,18,13.7,0,0,0,61,8
5,6,5,14.4,0,0,4,21,2
23,4,23,25.8,0,1,2,16,3
3,3,3,16.2,0,0,2,6,3
5,1,5,15.0,0,0,0,16,8
16,1,16,31.7,0,0,0,8,8
18,2,18,24.9,0,0,0,5,8
4,2,4,13.8,0,0,0,16,8
0,0,0,18.2,0,0,2,9,2
2,6,2,14.7,0,0,15,6,3
4,3,4,11.2,0,0,0,5,8
7,6,7,0.5,0,0,30,9,35
4,1,4,5.1,0,0,2,7,3
4,6,4,5.1,0,0,0,4,8
5,0,5,3.3,0,0,0,3,5
12,6,12,13.6,0,0,26,49,13
18,3,18,8.9,0,0,0,13,8
2,4,2,14.4,0,0,0,37,0
19,5,19,9.2,0,0,0,16,8
14,3,14,25.2,0,0,0,34,5
5,1,5,9.3,0,0,0,5,5
18,5,18,19.1,0,0,4,5,3
9,1,9,20.8,0,1,17,0,7
5,6,5,15.9,0,0,4,32,5
7,6,7,13.1,0,0,0,29,8
5,5,5,0.8,0,0,4,12,2
11,3,11,15.3,0,0,0,15,8
4,4,4,4.0,0,0,2,4,3
18,6,18,14.4,0,0,4,44,5
11,2,11,14.1,0,0,0,3,5
5,0,5,12.2,0,0,0,5,5
16,1,16,19.1,0,0,28,55,0
8,0,8,14.3,0,0,17,0,7
4,5,4,16.1,0,0,0,25,5
11,6,11,28.8,0,0,13,19,54
7,3,7,9.2,0,0,4,32,3
20,1,20,9.0,0,0,0,17,0
21,0,21,17.9,0,0,0,9,8
7,0,7,9.9,0,0,6,9,5
10,0,10,14.4,0,0,0,44,8
15,2,15,24.2,0,0,2,5,3
1,3,1,15.5,0,0,15,6,15
20,2,20,10.5,0,0,0,7,5
10,4,10,10.0,0,0,0,5,5
6,4,6,8.2,0,0,4,5,3
14,2,14,12.2,0,0,2,44,3
8,3,8,9.6,0,0,0,15,8
18,2,18,29.9,0,0,0,8,8
12,0,12,20.4,0,0,0,25,8
6,6,6,5.4,0,0,0,8,8
4,6,4,17.4,0,0,0,9,5
6,3,6,5.4,0,0,4,5,3
14,2,14,27.9,0,0,0,5,8
10,1,10,20.1,0,0,0,53,0
17,3,17,19.4,0,0,2,33,3
14,3,14,24.7,0,0,24,47,22
13,6,13,15.7,0,0,4,11,5
14,1,14,20.5,0,2,0,45,5
16,4,16,15.8,0,0,6,9,0
12,5,12,20.6,0,0,2,7,2
5,0,5,13.3,0,0,1,2,6
23,4,23,11.2,0,0,0,22,14
11,6,11,18.4,0,0,2,30,3
4,1,4,5.7,0,0,1,2,6
18,0,18,11.1,0,0,0,16,8
5,6,5,13.3,0,0,0,12,5
14,5,14,27.3,0,1,48,36,48
4,3,4,8.2,0,0,0,11,8
13,1,13,25.3,0,0,2,36,3
8,4,8,12.1,0,0,0,5,8
1,0,1,13.8,0,0,4,8,2
18,3,18,26.4,0,0,16,11,8
7,4,7,13.5,0,0,2,16,2
7,5,7,12.5,0,0,0,29,8
4,3,4,9.2,0,0,2,4,3
13,1,13,14.0,0,0,0,3,8
10,6,10,10.1,0,0,0,5,8
5,3,5,5.4,0,0,4,21,2
5,4,5,15.4,0,0,2,3,3
13,1,13,16.6,0,0,2,16,2
8,2,8,7.0,0,0,0,10,5
5,5,5,0.9,0,0,0,5,8
11,1,11,26.2,0,0,0,15,5
10,6,10,9.0,0,0,10,103,16
22,3,22,18.4,0,0,11,0,12
9,2,9,25.3,0,0,0,43,14
14,6,14,24.5,0,0,0,3,8
19,6,19,23.8,0,0,2,32,3
17,1,17,13.5,0,0,2,7,3
17,6,17,24.4,0,0,0,5,5
19,3,19,16.3,0,0,2,5,3
10,3,10,6.9,0,0,0,33,5
9,5,9,19.0,0,0,0,13,5
5,6,5,9.2,0,0,6,9,5
22,2,22,19.1,0,0,4,8,3
9,2,9,20.1,0,0,0,21,8
18,5,18,30.3,0,0,2,54,2
17,5,17,14.5,0,0,2,12,2
15,6,15,19.4,0,0,0,34,5
17,4,17,20.1,0,0,0,17,14
18,0,18,10.1,0,0,0,5,8
12,1,12,9.6,0,0,0,10,5
19,6,19,25.9,0,0,0,8,8
8,5,8,13.9,0,0,4,5,5
22,2,22,20.4,0,0,2,8,2
16,3,16,33.9,0,0,0,25,8
16,6,16,26.0,0,0,0,54,5
14,2,14,15.8,0,0,2,34,3
15,3,15,22.8,0,0,2,5,3
5,0,5,13.0,0,0,2,4,3
4,2,4,12.3,0,0,0,11,8
22,3,22,8.4,0,0,11,0,14
4,6,4,7.2,0,0,0,16,8
21,4,21,20.7,0,0,0,3,8
20,0,20,13.6,0,0,0,36,5
20,3,20,7.2,0,0,0,36,5
6,2,6,6.6,0,0,4,12,3
7,6,7,13.4,0,0,0,5,8
19,0,19,34.1,0,0,2,7,3
18,3,18,9.0,0,0,0,3,8
22,1,22,7.6,0,0,0,16,8
13,1,13,11.1,0,0,2,21,3
12,3,12,13.9,0,0,0,8,5
2,2,2,13.6,0,0,14,17,13
18,6,18,19.9,0,0,2,12,2
6,0,6,15.9,0,0,1,2,1
10,5,10,7.0,0,0,27,36,0
5,6,5,7.5,0,0,0,7,8
17,4,17,16.6,0,0,0,7,8
6,3,6,1.5,0,0,0,3,5
10,5,10,11.3,0,0,0,44,5
13,1,13,25.2,0,0,0,61,5
21,3,21,16.7,0,0,2,9,2
7,0,7,11.1,0,0,0,7,5
0,4,0,17.0,0,0,11,23,14
18,2,18,29.3,0,0,0,8,5
13,2,13,11.9,0,0,2,44,2
2,2,2,16.7,0,0,1,2,6
22,0,22,16.6,0,0,0,7,8
0,3,0,5.3,0,0,0,6,14
0,4,0,19.0,0,0,11,23,14
20,5,20,27.6,0,0,4,16,2
22,3,22,19.0,0,0,20,6,7
4,0,4,2.4,0,0,2,11,2
6,4,6,6.4,0,0,0,25,8
6,4,6,8.8,0,0,2,3,2
15,3,15,28.0,0,0,16,110,2
12,3,12,13.7,0,0,10,28,16
1,4,1,16.7,0,0,0,37,0
8,6,8,17.6,0,0,2,44,3
5,6,5,9.4,0,0,2,12,3
2,0,2,17.3,0,0,16,21,5
17,4,17,26.9,0,0,16,11,5
5,3,5,15.4,0,0,0,32,5
15,0,15,28.6,0,0,0,9,5
8,5,8,4.9,0,0,18,32,26
11,2,11,25.4,0,0,0,44,5
12,0,12,24.3,0,0,0,44,5
15,1,15,13.9,0,0,2,58,3
15,3,15,15.5,0,0,2,13,3
3,1,3,11.5,0,0,7,120,7
9,5,9,14.4,0,0,16,21,8
15,5,15,18.8,0,0,15,6,3
5,4,5,13.5,0,0,4,3,2
4,1,4,11.2,0,0,0,12,5
4,1,4,5.4,0,0,2,4,2
11,6,11,18.5,0,0,0,5,8
11,3,11,24.1,0,0,7,9,7
15,2,15,19.0,0,0,0,3,8
5,4,5,10.9,0,0,9,0,10
11,6,11,14.5,0,0,14,17,13
15,4,15,27.2,0,0,0,78,8
17,4,17,18.1,0,0,2,4,3
10,4,10,7.0,0,0,4,14,3
8,4,8,7.2,0,0,16,21,8
18,1,18,20.4,0,0,2,44,3
17,3,17,12.0,0,0,4,5,2
6,1,6,11.1,0,0,0,5,5
4,4,4,8.7,0,0,0,25,8
0,2,0,13.6,0,0,35,43,14
9,0,9,13.1,0,0,0,7,8
10,6,10,17.4,0,1,0,5,5
5,3,5,12.3,0,0,0,16,5
20,3,20,19.2,0,0,0,4,5
0,4,0,3.8,0,0,15,6,3
1,5,1,15.3,0,0,20,0,7
7,4,7,10.4,0,0,2,8,3
12,4,12,19.0,0,0,24,25,23
6,0,6,8.2,0,0,2,21,3
12,6,12,28.1,0,0,7,0,7
6,4,6,12.1,0,0,15,6,3
16,5,16,15.8,0,0,0,12,5
10,0,10,13.7,0,0,0,7,8
14,4,14,17.0,0,0,4,8,3
1,4,1,18.4,0,0,15,6,3
19,2,19,18.8,0,0,2,7,2
5,0,5,3.2,0,0,6,9,5
16,4,16,19.8,0,0,0,3,8
5,3,5,8.5,0,0,4,11,3
4,3,4,11.2,0,0,2,5,3
6,3,6,9.8,0,0,8,0,9
5,1,5,11.4,0,0,0,3,8
10,2,10,12.0,0,0,2,42,3
19,6,19,25.0,0,0,0,54,5
14,0,14,19.7,0,0,16,21,8
16,6,16,21.9,0,0,0,13,8
3,3,3,9.7,0,0,1,2,1
13,5,13,15.6,0,0,0,44,5
7,6,7,6.3,0,0,7,26,7
11,1,11,11.4,0,0,2,16,2
18,4,18,9.9,0,0,0,8,8
14,4,14,17.4,0,0,33,62,0
7,4,7,6.7,0,0,0,29,8
5,0,5,8.5,0,0,0,5,8
8,5,8,4.6,0,0,24,47,22
21,5,21,11.4,0,0,2,8,2
1,3,1,6.3,0,0,0,0,14
14,4,14,16.2,0,0,0,13,8
22,4,22,18.0,0,1,12,18,7
17,3,17,13.9,0,0,7,36,7
7,1,7,5.7,0,0,15,6,14
7,0,7,8.8,0,0,4,32,5
9,4,9,8.1,0,0,0,5,8
5,5,5,7.7,0,0,4,11,2
17,0,17,30.4,0,0,0,16,5
20,1,20,9.1,0,0,0,32,5
16,2,16,14.6,0,0,2,11,2
7,5,7,3.9,0,0,0,8,8
14,6,14,15.1,0,0,16,110,5
5,0,5,16.6,0,0,0,5,5
5,5,5,5.3,0,0,4,12,2
20,5,20,12.3,0,0,2,16,3
17,5,17,18.3,0,0,2,44,3
9,1,9,15.4,0,0,0,21,5
12,6,12,10.9,0,0,0,11,8
5,5,5,7.6,0,0,4,32,5
7,1,7,10.2,0,0,0,7,8
22,1,22,21.4,0,1,12,18,7
5,1,5,10.9,0,0,0,32,5
7,3,7,2.5,0,0,0,36,8
15,2,15,7.6,0,0,0,11,8
15,4,15,11.7,0,0,28,55,0
13,4,13,16.6,0,0,2,110,3
17,0,17,22.9,0,0,4,7,2
7,3,7,17.1,0,0,0,33,5
4,0,4,12.1,0,0,0,3,8
13,5,13,27.6,0,0,14,17,13
17,4,17,11.4,0,0,2,44,3
7,6,7,10.8,0,0,0,29,5
8,2,8,3.4,0,0,22,40,4
5,6,5,12.2,0,0,0,32,5
16,0,16,25.4,0,0,0,6,14
15,3,15,14.1,0,0,2,13,3
22,5,22,14.5,0,1,9,0,10
22,3,22,17.2,0,0,10,4,17
5,4,5,12.9,0,0,2,11,2
5,3,5,0.5,0,0,0,11,8
13,5,13,14.1,0,0,18,32,6
15,2,15,13.7,0,0,2,45,3
7,4,7,14.0,0,0,0,45,5
22,0,22,10.4,0,0,14,17,13
6,0,6,14.0,0,0,6,9,5
12,5,12,17.5,0,0,26,49,13
1,0,1,7.1,0,0,0,37,0
18,3,18,14.9,0,0,4,32,3
17,3,17,26.6,0,0,4,7,3
20,2,20,18.8,0,0,2,21,3
15,1,15,14.2,0,0,15,6,3
12,4,12,10.3,0,0,22,56,4
5,0,5,8.9,0,0,0,11,8
3,5,3,16.3,0,0,1,2,1
17,5,17,18.6,0,0,6,9,0
4,2,4,3.2,0,0,0,3,8
9,6,9,13.4,0,0,0,21,8
4,0,4,8.0,0,0,0,25,8
15,4,15,25.9,0,0,7,9,7
10,5,10,6.5,0,0,27,36,0
12,5,12,14.2,0,0,10,59,16
11,2,11,10.0,0,0,2,16,2
16,3,16,33.9,0,0,16,21,3
5,4,5,4.2,0,0,0,16,8
16,2,16,29.5,0,1,0,6,9
4,5,4,7.3,0,0,1,2,6
8,3,8,8.3,0,0,0,15,8
8,4,8,9.8,0,0,0,10,5
20,6,20,20.4,0,0,2,54,3
4,1,4,9.9,0,0,0,3,8
5,2,5,14.3,0,0,0,7,8
5,3,5,8.8,0,0,0,5,8
21,4,21,12.2,0,1,0,4,5
10,6,10,9.6,0,0,0,3,8
7,6,7,7.2,0,0,22,56,4
16,6,16,17.0,0,0,0,17,0
13,0,13,24.0,0,0,0,61,5
21,2,21,8.4,0,0,2,3,3
0,6,0,20.1,0,0,11,23,14
17,4,17,27.1,0,0,0,12,8
5,4,5,8.5,0,0,4,8,3
15,1,15,30.3,0,0,0,78,5
8,1,8,7.7,0,0,10,25,34
6,1,6,16.4,0,0,0,45,5
1,5,1,14.6,0,0,23,41,15
11,0,11,9.9,0,0,0,34,5
5,1,5,5.5,0,0,4,11,2
23,2,23,15.7,0,0,11,23,14
14,2,14,24.4,0,0,0,7,8
12,0,12,30.9,0,0,10,3,73
8,3,8,7.4,0,0,0,5,5
13,6,13,23.5,0,0,40,0,10
8,6,8,11.1,0,0,2,44,3
16,5,16,32.4,0,0,2,44,3
8,0,8,12.5,0,0,0,44,5
6,4,6,-0.1,0,0,6,9,5
6,0,6,8.1,0,0,0,8,5
4,1,4,5.7,0,0,0,3,8
0,1,0,11.7,0,0,15,6,3
9,0,9,4.8,0,0,2,7,3
11,2,11,8.5,0,0,0,0,14
9,2,9,18.5,0,0,0,76,14
8,2,8,7.0,0,0,0,54,5
14,0,14,26.4,0,0,20,0,7
0,5,0,6.6,0,0,14,17,13
5,6,5,2.3,0,0,4,5,3
15,0,15,16.1,0,0,10,45,34
18,4,18,8.0,1,2,0,45,5
20,6,20,20.3,0,0,0,5,5
13,5,13,14.2,0,0,18,32,6
8,3,8,6.2,0,0,10,100,28
23,1,23,3.2,0,0,0,4,5
6,2,6,2.8,0,0,2,8,3
23,2,23,9.9,0,0,0,20,0
11,6,11,20.5,0,0,0,10,8
13,1,13,11.7,1,2,9,0,10
6,4,6,10.6,0,0,4,21,2
9,4,9,12.5,0,0,4,14,3
6,6,6,1.4,0,0,6,9,5
11,1,11,15.6,0,0,4,63,5
20,1,20,15.4,0,0,0,4,8
13,5,13,8.7,0,0,18,32,33
5,0,5,14.0,0,0,4,6,3
19,1,19,4.3,0,0,0,16,5
21,3,21,15.4,0,0,2,9,2
5,6,5,5.3,0,0,10,39,17
7,0,7,12.7,0,1,9,0,10
14,5,14,12.7,0,0,4,21,2
16,4,16,18.5,0,0,2,11,2
15,6,15,17.1,0,0,2,13,2
12,4,12,20.2,0,0,0,25,8
5,1,5,5.9,0,0,2,7,3
16,0,16,34.7,0,0,0,36,8
10,1,10,9.5,0,0,19,45,64
7,5,7,12.7,0,0,0,5,8
0,1,0,10.0,0,0,1,2,6
15,4,15,21.6,0,0,0,12,8
7,1,7,9.0,0,0,2,7,3
4,3,4,7.9,0,0,2,11,2
5,2,5,11.5,0,0,4,5,3
18,6,18,10.2,0,0,2,12,2
5,3,5,4.1,0,0,2,9,2
8,3,8,8.6,0,0,32,16,58
11,2,11,14.6,0,0,0,44,8
7,1,7,9.2,0,0,0,7,8
8,6,8,7.8,0,0,0,32,5
18,6,18,13.3,0,0,19,7,29
8,2,8,18.0,0,0,0,34,5
6,1,6,5.8,0,0,0,4,5
20,3,20,22.9,0,0,4,32,3
0,1,0,17.4,0,0,14,17,13
0,2,0,7.9,0,0,0,4,8
15,0,15,21.0,0,0,4,44,5
20,1,20,8.1,0,0,13,19,13
5,2,5,9.6,0,0,0,5,8
16,2,16,20.1,0,0,2,44,3
22,2,22,11.4,1,2,0,32,5
5,5,5,3.0,0,0,16,21,8
15,3,15,12.7,0,0,4,21,2
11,0,11,8.1,0,0,0,16,8
20,5,20,18.9,0,0,2,8,3
6,0,6,10.2,0,0,0,5,8
6,2,6,11.4,0,0,0,25,8
4,1,4,5.0,0,0,6,9,5
23,4,23,10.8,0,0,0,3,8
13,6,13,16.1,0,0,0,12,5
8,2,8,9.0,0,0,2,8,3
4,3,4,9.5,0,0,2,4,3
19,1,19,18.4,0,0,2,12,2
4,3,4,4.4,0,0,0,3,5
5,5,5,8.3,0,0,4,10,2
13,1,13,14.1,0,0,16,21,8
14,2,14,19.6,0,0,0,33,5
9,5,9,16.4,0,0,0,53,0
1,6,1,8.9,0,0,0,1,0
15,5,15,7.9,0,0,18,32,26
18,3,18,26.0,0,0,16,110,8
5,2,5,16.7,0,0,1,2,6
14,4,14,7.4,0,0,0,9,8
6,3,6,8.8,0,0,2,32,3
23,5,23,14.2,0,0,11,0,14
18,5,18,25.6,0,1,0,36,5
21,2,21,7.7,0,0,2,54,3
21,6,21,6.5,0,0,2,44,3
4,3,4,13.9,0,0,0,7,8
4,1,4,12.2,0,0,1,2,6
9,0,9,15.1,0,0,9,0,10
13,5,13,13.5,0,0,0,9,5
12,1,12,23.8,0,0,2,44,3
2,0,2,5.6,0,0,15,14,3
17,3,17,26.4,0,0,2,13,3
20,1,20,10.6,0,0,1,2,1
10,0,10,10.1,0,0,0,21,14
1,2,1,13.8,0,0,15,6,3
12,3,12,21.0,0,0,14,17,13
11,6,11,11.5,0,0,0,44,5
8,1,8,5.4,0,0,0,13,8
18,1,18,14.6,0,0,2,5,3
23,6,23,6.7,0,0,0,22,14
10,1,10,20.9,0,0,0,3,5
23,6,23,16.0,0,0,10,7,17
20,6,20,9.2,0,0,6,9,5
20,4,20,10.2,0,0,4,3,3
7,6,7,4.7,0,0,4,21,2
2,0,2,9.0,0,0,15,14,3
5,0,5,16.8,0,0,4,7,3
11,1,11,13.8,0,0,16,21,8
1,2,1,19.1,0,0,0,1,0
4,1,4,11.2,0,0,0,4,5
4,4,4,13.6,0,0,0,7,8
15,1,15,28.4,0,0,2,33,3
5,3,5,9.1,0,0,0,5,5
20,2,20,13.1,0,0,0,7,5
21,2,21,5.5,0,0,0,5,8
6,6,6,10.8,0,0,0,12,8
4,6,4,11.0,0,0,0,5,8
6,1,6,10.9,0,0,4,32,3
4,3,4,9.2,0,0,1,2,6
0,1,0,6.8,0,0,1,2,6
5,6,5,11.2,0,0,2,11,2
8,2,8,9.4,0,0,0,44,8
9,5,9,9.0,0,0,0,32,5
9,1,9,18.0,0,1,0,42,5
15,3,15,14.7,0,0,0,78,5
1,4,1,2.0,0,0,0,6,14
5,1,5,11.1,0,0,0,9,5
12,1,12,23.7,0,0,0,11,5
17,0,17,18.7,0,0,0,12,8
0,5,0,9.8,0,0,1,2,6
9,6,9,2.1,0,0,0,16,8
16,6,16,16.7,0,0,0,33,5
19,3,19,30.5,0,0,16,11,5
13,3,13,19.0,1,2,18,32,6
7,2,7,8.0,0,0,2,16,2
11,0,11,23.2,0,1,0,3,8
12,3,12,15.5,0,0,0,34,5
0,6,0,7.8,0,0,20,0,7
19,3,19,24.7,0,0,2,4,2
17,5,17,19.7,0,0,16,21,2
4,1,4,10.0,0,0,0,3,5
4,5,4,8.7,1,2,6,9,5
16,6,16,19.7,0,0,4,16,3
12,2,12,24.9,0,1,0,44,5
8,5,8,1.2,0,0,0,21,14
15,3,15,13.7,0,0,2,7,2
8,1,8,13.3,0,0,0,44,8
8,4,8,5.9,0,0,4,14,3
7,1,7,14.8,0,0,2,33,3
5,3,5,7.6,0,0,2,3,3
8,5,8,20.4,0,0,0,5,8
6,4,6,9.6,0,0,4,12,2
21,2,21,11.9,0,0,0,16,8
11,2,11,18.5,0,0,7,0,7
14,0,14,31.4,0,0,2,5,3
0,4,0,7.1,0,0,1,2,6
11,6,11,11.7,0,0,2,16,3
16,2,16,31.5,0,0,0,15,8
8,4,8,10.8,0,0,0,13,8
4,4,4,2.6,0,0,3,26,4
7,6,7,6.8,0,0,2,16,3
9,1,9,17.4,0,0,0,21,5
1,4,1,10.1,0,0,1,2,6
4,2,4,1.6,0,0,7,0,7
6,3,6,8.8,0,0,0,8,5
9,0,9,23.0,0,0,6,9,5
12,2,12,9.0,0,0,2,30,3
13,1,13,17.2,0,0,19,35,29
2,1,2,12.1,0,0,0,6,0
8,3,8,8.9,0,0,0,53,0
14,2,14,20.2,0,0,2,7,2
14,4,14,18.3,0,0,2,54,3
20,3,20,7.8,0,0,0,17,0
17,6,17,16.2,0,0,2,44,3
13,4,13,20.5,0,0,0,33,5
17,5,17,29.6,0,0,2,7,2
18,0,18,8.6,0,0,0,5,8
4,4,4,6.8,0,0,0,4,8
14,2,14,18.8,0,0,0,9,8
3,0,3,8.3,0,0,2,6,3
11,0,11,21.4,0,0,0,33,8
23,3,23,18.2,0,0,0,16,5
14,6,14,20.4,0,0,0,7,5
4,4,4,10.5,0,0,0,7,5
6,5,6,12.6,0,0,4,5,2
6,3,6,5.6,0,0,2,9,2
17,5,17,25.1,0,0,2,4,3
11,2,11,6.8,0,0,0,3,5
13,0,13,28.3,0,0,0,44,8
12,6,12,9.6,0,0,2,44,3
11,3,11,10.7,1,0,10,48,17
23,0,23,16.8,0,0,12,18,7
22,1,22,14.4,0,0,11,23,14
20,1,20,12.3,0,0,4,8,3
13,3,13,30.5,0,0,2,7,2
4,3,4,10.7,0,0,2,7,2
1,1,1,8.9,0,0,1,2,6
12,1,12,16.5,0,0,1,2,1
1,2,1,17.3,0,0,23,41,5
8,0,8,0.3,0,0,6,9,5
20,0,20,10.3,0,0,6,9,5
14,0,14,25.5,0,0,0,29,8
1,3,1,15.3,0,0,15,6,3
22,2,22,8.8,0,0,18,36,6
13,0,13,18.5,0,0,19,25,29
1,2,1,15.8,0,0,1,2,6
1,2,1,6.1,0,0,0,1,0
18,2,18,10.0,0,0,16,11,2
4,4,4,15.1,0,0,8,6,9
18,2,18,26.4,0,0,0,33,8
21,4,21,19.0,0,0,0,3,5
21,2,21,5.2,0,0,13,19,13
6,0,6,4.1,0,0,0,5,8
9,4,9,14.9,0,0,6,9,7
20,1,20,21.9,0,0,0,3,8
7,2,7,14.6,0,1,7,0,7
9,4,9,12.2,0,0,2,16,2
0,6,0,5.4,0,0,8,0,9
15,2,15,28.2,0,0,0,78,8
15,6,15,20.1,0,0,2,34,3
10,5,10,15.1,0,0,0,8,8
5,2,5,3.2,0,0,0,12,5
1,2,1,16.4,0,0,16,21,8
18,6,18,24.5,0,0,0,13,5
12,4,12,25.0,0,0,4,32,5
12,6,12,18.2,0,0,0,25,8
4,0,4,3.5,0,0,1,2,6
16,0,16,8.0,0,0,0,13,5
9,4,9,19.1,0,1,0,10,5
1,3,1,13.2,0,0,0,1,0
5,6,5,7.4,0,0,0,5,8
10,3,10,9.8,0,0,0,30,5
7,4,7,7.7,0,0,0,9,14
18,1,18,24.5,0,0,52,88,57
17,6,17,18.0,0,0,0,12,5
6,4,6,11.5,0,0,4,21,3
13,3,13,19.2,0,0,7,9,7
8,1,8,5.2,0,0,10,100,57
6,2,6,9.3,0,0,4,21,2
11,2,11,14.3,0,0,0,5,8
15,6,15,34.4,0,0,0,5,8
14,5,14,29.4,0,0,0,3,8
10,0,10,7.5,0,0,2,5,3
6,3,6,14.0,0,1,15,6,3
10,1,10,21.9,0,0,0,29,8
13,4,13,22.9,0,0,28,55,0
5,4,5,9.6,0,0,4,10,2
10,3,10,14.7,0,0,0,8,8
15,0,15,16.8,0,0,2,9,3
10,6,10,21.6,0,0,0,3,8
10,1,10,20.6,0,0,2,3,2
5,6,5,13.0,0,0,2,7,3
12,5,12,25.1,0,0,0,11,5
6,1,6,11.0,0,0,4,7,3
19,6,19,25.1,0,0,0,7,8
6,5,6,14.3,0,0,4,11,2
9,5,9,6.0,0,0,0,53,0
2,1,2,11.6,0,0,1,2,1
16,5,16,16.4,0,0,2,44,2
13,0,13,21.7,0,0,2,54,3
10,2,10,20.4,0,0,0,25,5
5,2,5,13.6,0,0,4,38,3
0,5,0,16.2,0,0,0,6,9
7,5,7,8.3,0,0,0,16,5
5,1,5,19.4,0,0,2,11,5
14,3,14,26.4,0,0,4,5,2
19,0,19,23.7,0,0,0,54,5
5,0,5,16.1,0,0,0,5,8
18,1,18,26.6,0,0,9,0,18
15,6,15,19.4,0,0,2,58,3
13,6,13,29.3,0,1,27,36,0
18,6,18,27.0,0,0,0,13,8
4,4,4,17.8,0,0,0,5,8
12,5,12,12.3,0,0,0,7,8
11,6,11,11.4,0,0,0,0,14
14,4,14,20.3,0,0,16,21,5
16,5,16,14.6,0,0,0,3,8
6,0,6,4.6,0,0,0,5,8
15,3,15,27.5,0,0,0,7,8
14,5,14,16.2,0,0,16,21,8
12,6,12,26.4,0,1,26,49,12
19,1,19,16.3,0,0,2,54,3
10,5,10,6.9,0,0,27,36,0
12,4,12,24.5,0,0,0,32,5
13,5,13,29.4,0,0,0,61,8
8,4,8,13.0,0,0,0,29,8
4,0,4,9.4,0,0,0,25,8
2,5,2,5.2,0,0,1,2,1
14,3,14,18.4,0,0,0,5,8
15,5,15,30.4,0,0,0,78,5
10,2,10,15.5,0,0,0,8,8
20,5,20,12.0,0,0,2,9,3
8,4,8,6.7,0,0,2,13,2
9,3,9,11.9,0,0,2,34,2
8,6,8,4.9,0,0,0,44,8
4,6,4,18.6,0,0,0,7,5
19,3,19,22.2,0,0,0,8,5
6,1,6,10.1,0,0,2,5,3
16,5,16,26.7,0,0,15,6,3
5,4,5,8.1,0,0,0,4,8
4,1,4,6.0,0,0,6,9,15
9,4,9,17.0,0,1,22,56,4
20,0,20,8.3,0,0,13,19,13
12,2,12,20.0,0,0,0,45,5
23,1,23,9.8,0,0,2,21,3
15,1,15,27.9,0,0,45,58,6
4,3,4,4.2,0,0,0,4,5
19,3,19,7.8,0,0,2,4,2
5,4,5,16.5,0,0,0,16,5
18,2,18,19.2,0,0,0,3,8
9,5,9,15.0,0,0,4,44,5
4,4,4,5.2,0,0,0,4,8
13,2,13,17.8,0,0,2,5,3
1,0,1,17.7,0,0,0,20,14
10,2,10,10.5,0,0,0,5,8
23,4,23,8.0,0,0,0,22,14
17,4,17,20.2,0,0,4,38,3
11,1,11,9.9,0,0,0,25,8
4,6,4,7.4,0,0,0,25,8
5,0,5,9.4,0,0,0,5,5
19,0,19,23.4,0,0,2,54,3
18,6,18,13.4,0,0,0,13,8
17,1,17,27.8,0,0,0,33,5
5,3,5,9.0,0,0,4,10,3
13,3,13,12.8,0,0,0,5,8
20,4,20,9.2,0,0,13,19,13
17,5,17,31.8,0,0,0,3,5
15,2,15,19.6,0,0,4,5,2
19,6,19,24.5,0,0,0,61,5
12,0,12,19.9,0,0,0,8,8
6,1,6,3.7,0,0,0,7,8
20,5,20,23.0,0,0,2,3,3
9,6,9,25.0,0,0,0,42,5
15,4,15,23.1,0,0,2,45,3
10,1,10,16.1,0,0,0,3,8
10,2,10,22.8,0,0,2,34,3
15,6,15,16.1,0,0,2,8,3
1,1,1,13.5,0,0,14,17,13
4,5,4,8.9,0,0,0,4,5
9,5,9,11.0,0,0,6,9,5
7,1,7,2.5,0,0,2,7,3
9,3,9,12.3,0,0,10,7,11
15,6,15,24.3,0,2,4,44,2
21,4,21,6.6,0,0,0,25,5
21,4,21,13.7,0,0,13,19,13
6,0,6,8.0,0,0,0,5,8
23,1,23,20.1,0,0,2,16,3
8,2,8,16.0,0,0,0,73,5
9,1,9,16.4,0,0,0,9,9
11,0,11,11.0,0,0,0,5,8
9,4,9,8.4,0,0,0,32,5
6,0,6,16.5,0,0,0,3,8
7,6,7,7.9,0,0,0,44,5
14,0,14,23.5,0,0,0,13,5
14,6,14,28.3,0,0,0,13,8
13,1,13,11.8,1,2,0,44,8
12,5,12,13.1,0,0,2,61,3
11,0,11,11.7,0,0,0,7,8
16,4,16,17.0,0,0,2,5,2
4,2,4,14.6,0,0,0,25,5
7,1,7,10.2,0,0,16,21,8
5,0,5,14.9,0,0,4,11,3
13,6,13,15.0,0,0,0,16,8
2,0,2,7.6,0,0,15,14,3
20,5,20,13.0,0,0,2,9,3
6,5,6,1.5,0,0,4,7,3
19,2,19,21.6,0,0,2,54,3
7,4,7,9.7,0,1,34,0,7
21,2,21,8.1,0,0,4,5,3
5,0,5,16.5,0,0,4,5,3
13,6,13,14.5,0,0,2,36,3
8,0,8,6.0,0,0,18,32,6
6,2,6,12.6,0,0,0,7,8
6,5,6,10.8,0,0,0,12,8
11,3,11,10.3,1,2,7,36,7
15,3,15,20.6,0,0,2,33,3
16,2,16,10.7,0,0,6,9,0
17,1,17,13.2,0,0,16,11,8
15,5,15,24.9,0,0,16,21,8
19,4,19,25.5,0,0,0,44,8
19,5,19,25.3,0,0,2,33,3
2,0,2,18.4,0,0,2,6,3
13,1,13,12.4,0,0,2,33,2
19,3,19,9.5,0,0,4,32,3
5,2,5,15.8,0,0,0,3,8
8,4,8,12.5,0,0,0,7,5
19,5,19,24.6,0,0,2,54,3
0,5,0,16.8,0,0,9,0,10
19,4,19,26.0,0,0,0,16,5
16,5,16,31.6,0,0,4,12,2
4,1,4,8.9,0,0,2,7,3
7,1,7,5.8,0,0,32,25,58
18,6,18,14.3,0,0,18,32,6
22,3,22,16.5,0,0,12,18,7
14,6,14,20.5,0,0,0,13,8
13,5,13,15.1,0,0,9,26,10
13,0,13,20.5,0,0,0,34,8
11,6,11,15.6,0,0,0,13,8
17,0,17,22.0,0,0,0,44,8
17,5,17,21.9,0,0,0,5,8
4,6,4,18.6,0,0,0,16,5
5,1,5,11.0,0,0,2,11,2
10,1,10,18.0,0,0,0,34,5
14,6,14,11.3,0,0,0,9,8
23,1,23,14.8,0,0,35,43,0
23,4,23,7.3,0,0,16,21,8
14,6,14,33.3,0,0,0,29,8
16,2,16,28.1,0,0,16,10,8
18,4,18,11.5,0,0,16,21,8
19,0,19,17.2,0,0,0,4,5
17,3,17,27.4,0,0,2,44,3
20,6,20,8.5,0,0,2,7,2
19,4,19,10.3,0,0,2,4,3
5,0,5,7.8,0,0,2,5,3
16,5,16,26.7,0,0,0,3,5
0,6,0,9.9,0,0,23,41,15
13,3,13,31.0,0,1,26,49,12
12,3,12,11.1,0,0,0,7,8
6,2,6,9.5,0,0,7,0,7
5,5,5,13.0,0,0,1,2,6
8,6,8,3.2,0,0,0,13,8
17,3,17,17.3,0,0,0,12,8
19,2,19,17.3,0,0,0,7,8
20,4,20,15.9,0,0,4,44,2
15,3,15,11.3,0,0,28,55,0
10,5,10,21.1,0,0,10,51,17
21,1,21,12.9,0,0,10,25,11
21,1,21,12.9,0,0,2,9,2
8,6,8,1.7,0,0,2,33,3
14,1,14,19.7,0,0,4,21,2
16,1,16,24.2,0,0,0,13,8
6,4,6,16.4,0,0,15,64,15
10,1,10,20.9,0,0,4,30,3
20,6,20,10.2,0,0,0,36,8
21,1,21,15.7,0,1,13,19,13
5,3,5,19.3,0,0,0,5,5
18,1,18,22.8,0,0,16,11,5
6,5,6,3.4,0,0,4,32,5
1,3,1,11.8,0,0,9,0,10
0,3,0,17.8,0,0,0,22,14
13,2,13,13.1,0,0,0,44,8
0,6,0,22.1,0,0,14,17,13
7,2,7,11.4,0,0,4,13,3
16,1,16,21.5,0,0,0,78,8
20,5,20,16.6,0,0,2,21,3
7,0,7,12.4,0,0,8,6,9
15,2,15,19.1,0,0,4,78,5
4,2,4,14.0,0,0,0,5,5
5,3,5,7.2,0,0,0,36,8
8,2,8,14.5,0,0,0,9,14
17,6,17,19.5,0,0,2,12,2
11,5,11,10.0,0,0,2,44,3
7,2,7,13.8,0,0,32,33,17
1,1,1,6.6,0,0,7,26,7
11,0,11,23.3,0,0,0,25,5
19,3,19,23.2,0,1,0,16,5
15,6,15,19.2,0,0,2,54,3
23,4,23,10.9,0,0,35,43,0
4,6,4,14.0,0,0,0,25,8
12,0,12,17.1,0,0,26,49,13
7,0,7,15.7,0,0,0,13,8
23,0,23,4.8,0,0,4,8,3
15,2,15,20.4,0,0,2,8,3
17,1,17,18.4,0,0,2,12,2
23,3,23,17.0,0,0,13,19,13
17,1,17,15.9,0,0,0,16,8
11,2,11,10.1,0,0,2,34,2
12,1,12,13.7,0,0,1,2,1
20,6,20,23.6,0,0,0,8,8
11,3,11,20.4,0,0,10,3,11
14,4,14,16.7,0,0,4,8,3
1,6,1,5.6,0,0,1,2,6
2,5,2,14.5,0,0,0,1,0
7,4,7,1.5,0,0,0,9,0
15,3,15,13.7,0,0,2,58,3
13,5,13,20.0,0,0,10,35,17
18,2,18,17.0,0,0,4,32,2
9,1,9,7.0,0,0,4,44,5
12,0,12,24.4,0,0,2,13,3
11,2,11,16.7,0,0,0,3,8
5,6,5,10.2,0,0,0,16,5
5,4,5,17.0,0,0,4,3,5
14,1,14,27.5,1,0,51,48,52
5,3,5,5.9,0,0,2,9,2
9,2,9,12.0,0,0,4,13,3
16,3,16,18.9,0,0,0,9,8
11,2,11,10.4,0,0,0,21,0
19,3,19,29.1,0,1,40,36,10
19,1,19,13.5,0,0,16,21,8
11,1,11,27.3,0,0,13,19,54
7,0,7,10.8,0,0,0,29,8
0,5,0,19.7,0,0,2,21,3
7,4,7,9.4,0,0,0,45,5
6,2,6,4.5,0,0,4,5,2
16,6,16,25.1,0,0,0,8,8
14,4,14,13.1,0,0,10,53,34
13,4,13,25.3,0,0,28,55,0
8,2,8,12.1,0,0,0,8,5
20,3,20,6.4,0,0,0,5,8
6,3,6,8.0,0,0,0,12,8
17,5,17,27.7,0,0,4,16,3
8,4,8,2.6,0,0,0,45,5
18,1,18,16.6,0,0,2,44,3
12,3,12,23.3,0,0,0,8,8
17,4,17,30.4,0,0,0,12,8
9,4,9,11.6,0,0,4,54,5
5,0,5,8.1,0,0,4,7,3
4,4,4,1.1,0,0,0,25,5
0,5,0,19.1,0,0,7,0,7
17,4,17,16.5,0,0,0,54,5
5,4,5,4.4,0,0,0,7,8
7,2,7,12.6,0,0,0,34,5
16,3,16,16.0,0,0,0,6,0
19,6,19,24.3,0,0,18,32,6
19,2,19,16.8,0,1,4,5,2
0,0,0,9.4,0,0,23,41,15
11,0,11,17.2,0,0,10,130,34
22,1,22,9.9,0,0,14,17,13
14,3,14,22.2,0,0,15,6,3
5,3,5,3.4,0,0,2,8,3
4,4,4,10.9,0,0,0,9,5
13,6,13,15.1,0,0,18,54,20
16,2,16,25.7,0,0,0,36,8
6,1,6,4.4,0,0,6,9,5
13,3,13,25.2,0,0,2,12,3
20,2,20,6.5,0,0,0,36,5
19,1,19,25.2,0,1,4,3,2
13,0,13,17.7,0,0,2,30,3
12,1,12,24.4,0,0,4,63,3
1,3,1,4.1,0,0,0,21,8
15,5,15,12.4,0,0,2,13,3
5,4,5,15.1,0,0,2,5,3
7,5,7,1.8,0,0,0,44,5
12,2,12,15.2,0,0,0,11,8
10,6,10,10.9,0,0,2,34,3
2,3,2,8.5,0,0,1,2,1
1,0,1,18.8,0,0,1,54,6
18,2,18,27.5,0,0,0,33,8
23,1,23,9.1,0,0,0,0,14
19,1,19,17.7,0,0,0,13,5
5,0,5,13.1,0,0,0,16,8
12,1,12,23.9,0,0,0,13,8
6,1,6,11.1,0,0,4,11,3
15,2,15,16.5,0,0,6,93,5
7,4,7,9.5,0,0,15,6,14
5,6,5,12.8,0,0,1,2,6
16,5,16,7.5,0,0,4,21,2
19,5,19,10.6,0,0,2,32,3
17,5,17,12.6,0,0,4,13,5
9,1,9,17.1,0,0,7,0,7
23,3,23,9.7,0,0,0,43,14
10,1,10,7.5,0,0,0,25,8
6,1,6,4.5,0,0,0,5,8
21,0,21,8.9,0,0,13,19,13
18,2,18,26.2,0,0,0,13,8
5,1,5,8.6,0,0,6,9,15
3,0,3,13.7,0,0,16,21,2
8,4,8,6.0,0,0,0,5,8
13,0,13,24.6,0,0,0,34,5
7,4,7,5.7,0,0,0,8,8
23,6,23,5.8,0,0,4,8,3
12,1,12,12.0,0,0,0,5,8
7,3,7,8.5,0,0,2,33,3
18,0,18,13.6,0,0,16,11,5
8,2,8,4.8,0,0,4,14,3
21,0,21,8.9,0,0,9,0,18
2,3,2,11.6,0,0,16,21,8
5,4,5,12.7,0,0,4,12,2
22,0,22,19.3,0,0,12,18,7
19,0,19,23.0,0,0,0,61,8
8,3,8,7.1,0,0,0,44,5
6,5,6,10.7,0,0,2,5,3
8,2,8,8.3,0,0,0,33,8
9,1,9,22.8,0,0,0,43,14
6,1,6,9.3,0,0,0,8,5
15,4,15,7.8,0,0,2,45,3
21,4,21,14.1,0,0,0,44,5
14,4,14,24.2,0,0,16,21,8
4,1,4,11.2,0,0,0,27,5
14,2,14,13.1,0,0,4,5,3
13,1,13,11.3,0,0,2,7,2
14,6,14,11.3,0,0,0,9,8
18,6,18,24.8,0,0,4,54,2
16,6,16,29.7,0,0,7,0,7
0,1,0,16.0,0,0,16,21,5
4,4,4,2.1,0,0,8,0,9
13,3,13,23.7,0,0,2,8,2
1,1,1,12.0,0,0,1,2,6
23,0,23,11.9,0,0,0,0,0
11,0,11,22.1,0,0,0,13,5
19,1,19,4.3,0,0,9,0,18
18,1,18,23.0,0,0,2,12,2
13,1,13,11.2,0,0,0,7,8
0,3,0,16.0,0,0,4,7,3
21,6,21,11.9,0,0,0,5,5
2,2,2,16.7,0,0,21,69,7
9,3,9,11.8,0,0,10,8,11
12,2,12,7.8,0,0,0,13,8
12,3,12,16.4,0,0,0,9,5
12,2,12,17.6,0,0,14,17,13
12,3,12,23.1,0,2,0,44,5
5,3,5,0.8,0,0,0,5,5
6,3,6,3.2,0,0,4,50,3
13,4,13,16.2,0,0,28,55,0
19,5,19,25.2,0,0,0,8,8
18,6,18,12.9,0,0,4,44,5
15,6,15,23.9,0,0,2,45,3
19,6,19,26.2,0,0,0,5,8
17,2,17,30.1,0,0,2,33,2
5,6,5,7.5,0,0,4,10,2
16,0,16,18.0,0,0,0,8,8
10,5,10,23.0,0,0,0,25,8
9,1,9,11.4,0,0,2,13,3
16,1,16,15.0,0,0,4,44,5
14,2,14,13.0,0,0,0,21,8
5,4,5,18.3,0,0,4,6,3
13,6,13,19.5,0,0,2,110,3
15,1,15,13.7,0,0,0,11,8
5,1,5,7.6,0,0,4,3,2
16,3,16,26.9,0,0,0,3,5
17,1,17,10.4,1,2,0,43,14
17,6,17,13.3,0,0,4,11,2
9,2,9,9.2,0,0,0,45,5
17,2,17,12.9,0,0,0,3,8
12,3,12,23.3,0,0,0,15,8
5,4,5,13.2,0,0,4,8,5
6,5,6,13.9,0,0,0,4,8
16,6,16,13.4,0,0,4,32,3
11,3,11,19.7,0,0,0,44,5
6,0,6,3.9,0,0,24,28,30
13,1,13,10.0,0,0,0,32,5
18,5,18,9.9,0,0,0,13,8
4,3,4,19.2,0,0,2,6,3
13,4,13,17.5,0,0,0,9,5
6,6,6,9.9,0,0,16,21,2
16,0,16,13.7,0,0,0,32,5
14,1,14,15.4,0,0,16,110,5
10,0,10,18.2,0,0,2,34,3
21,6,21,17.1,0,0,0,16,5
6,1,6,14.3,0,0,0,3,5
5,2,5,14.8,0,0,1,2,6
16,4,16,20.1,0,0,0,10,8
5,3,5,15.0,0,0,0,7,8
5,0,5,10.8,0,0,2,5,3
8,1,8,5.0,0,0,18,32,6
19,0,19,7.7,0,0,36,126,10
2,2,2,9.5,0,0,1,2,1
12,5,12,22.0,0,0,0,21,8
20,6,20,12.8,0,0,0,4,8
10,6,10,9.8,0,0,0,13,8
22,2,22,9.4,0,0,0,3,8
8,0,8,13.0,0,0,0,33,8
6,0,6,9.8,0,0,24,28,30
1,5,1,10.4,0,0,4,54,5
10,6,10,9.9,0,0,8,0,9
16,2,16,19.7,0,0,0,36,8
12,1,12,24.2,0,0,0,44,5
17,3,17,14.3,0,0,10,3,17
2,4,2,17.4,0,0,2,6,3
23,0,23,19.8,0,0,13,19,13
13,1,13,29.5,0,0,0,32,5
17,0,17,17.2,0,0,16,11,5
1,0,1,18.8,0,0,3,6,4
1,0,1,17.0,0,0,15,6,3
17,4,17,27.6,0,0,0,58,5
20,6,20,23.2,0,0,2,21,3
15,0,15,8.1,0,0,4,5,3
5,4,5,13.7,0,0,2,11,2
16,1,16,19.2,0,0,15,6,3
4,1,4,10.2,0,0,0,12,5
10,0,10,8.7,0,0,0,45,5
7,1,7,9.5,0,0,0,36,8
9,3,9,18.2,0,0,0,54,8
16,0,16,24.7,0,0,0,6,14
4,5,4,14.4,0,0,0,4,5
14,2,14,24.9,0,0,7,0,7
0,4,0,12.1,0,0,0,25,8
12,2,12,17.1,0,0,0,11,8
23,6,23,12.3,0,0,0,0,0
18,1,18,19.3,0,0,2,44,3
10,5,10,14.1,0,0,10,103,17
12,6,12,20.4,0,0,0,11,5
6,4,6,12.4,0,1,0,45,5
5,2,5,1.6,0,0,2,5,3
17,3,17,15.1,0,0,0,13,8
12,5,12,11.9,0,0,0,30,5
13,0,13,11.3,0,0,2,44,3
8,4,8,14.2,0,0,2,5,3
15,0,15,25.2,0,0,7,26,7
7,1,7,5.7,0,0,0,36,8
6,5,6,4.9,0,0,15,6,14
19,1,19,13.6,0,0,0,17,0
5,1,5,2.4,0,0,4,10,2
19,1,19,23.6,0,0,0,44,5
14,2,14,28.5,0,0,2,12,2
0,1,0,19.1,0,0,16,21,5
13,5,13,28.3,0,0,14,17,13
10,5,10,14.9,0,0,2,13,3
0,6,0,21.9,0,0,9,0,18
16,1,16,12.2,0,0,0,11,8
15,0,15,27.7,0,0,4,12,2
7,4,7,17.2,0,0,0,91,5
0,3,0,4.7,0,0,9,0,10
19,4,19,22.4,0,0,0,5,8
12,4,12,16.8,0,0,0,11,8
15,0,15,13.7,0,0,0,11,8
12,4,12,22.3,0,0,4,11,2
13,1,13,9.7,1,2,0,5,8
1,5,1,15.9,0,0,23,41,15
6,1,6,2.5,0,0,0,5,8
14,4,14,18.4,0,0,4,9,3
21,0,21,14.6,1,2,0,16,8
8,5,8,3.4,0,0,0,29,8
3,3,3,7.2,0,0,1,2,1
11,3,11,10.2,1,2,2,44,3
0,4,0,17.1,0,0,0,22,9
14,1,14,25.7,0,0,0,44,8
1,4,1,16.6,0,0,23,41,15
4,2,4,1.3,0,0,0,7,5
3,3,3,15.8,0,0,2,6,3
8,4,8,5.0,0,0,0,8,8
14,3,14,22.3,0,0,0,44,8
12,3,12,20.0,0,0,21,26,7
18,1,18,31.4,0,1,9,0,18
20,4,20,10.0,0,0,4,32,3
11,6,11,17.1,0,1,0,13,5
19,2,19,11.5,0,0,0,17,0
15,0,15,20.8,0,0,9,0,18
5,4,5,8.6,0,0,4,21,3
23,1,23,12.5,0,0,16,21,2
5,4,5,14.8,0,0,4,10,2
9,0,9,9.1,0,0,0,15,5
5,0,5,8.0,0,0,0,3,5
18,2,18,19.5,0,0,0,13,8
13,0,13,14.9,0,0,0,12,5
17,2,17,10.5,0,0,2,44,3
0,1,0,14.0,0,0,11,23,14
5,6,5,17.1,0,0,2,4,3
16,1,16,27.1,0,0,0,8,5
0,1,0,15.0,0,0,15,6,3
4,4,4,7.1,0,0,0,3,5
20,3,20,6.0,0,0,0,16,8
17,5,17,14.7,0,0,6,9,0
6,5,6,4.6,0,0,2,32,3
10,5,10,24.2,0,0,2,45,3
5,6,5,13.7,0,0,1,2,6
18,0,18,15.7,0,0,16,11,2
7,5,7,5.8,0,0,2,33,3
1,6,1,19.2,0,0,15,6,3
4,1,4,17.1,0,0,2,4,3
7,1,7,5.5,0,0,2,5,3
16,2,16,11.5,0,0,0,6,14
13,6,13,16.0,0,0,33,62,0
2,3,2,12.7,0,0,16,21,8
15,6,15,16.5,0,0,16,10,5
12,6,12,30.8,0,0,91,21,13
4,5,4,6.4,0,0,2,4,3
16,1,16,4.8,1,0,16,11,2
16,6,16,20.9,0,0,0,33,8
21,2,21,14.8,0,0,0,4,8
19,3,19,24.5,0,0,0,32,5
20,2,20,24.8,0,1,7,0,7
18,2,18,14.3,0,0,16,21,8
13,3,13,24.1,0,0,28,55,0
7,2,7,8.8,0,0,16,21,8
20,4,20,17.9,0,1,2,7,2
21,1,21,11.8,0,0,14,24,9
13,5,13,19.2,0,0,2,36,3
22,0,22,11.5,0,0,7,26,7
3,0,3,7.1,0,0,2,6,3
18,1,18,12.2,0,0,2,33,3
7,4,7,4.6,0,0,2,33,3
10,6,10,21.4,0,0,0,3,8
8,5,8,3.4,0,0,0,32,5
14,6,14,25.3,0,0,0,36,8
8,1,8,5.0,0,0,0,36,8
8,2,8,12.7,0,0,2,8,3
4,1,4,10.5,0,0,1,2,6
12,5,12,26.6,0,1,7,0,7
17,1,17,25.6,0,0,0,5,8
3,0,3,7.5,0,0,2,6,3
5,4,5,0.4,0,0,0,3,8
5,2,5,15.2,0,0,1,2,6
7,0,7,5.4,0,0,0,8,8
8,4,8,7.9,0,0,9,0,10
18,5,18,24.4,0,0,0,44,5
5,5,5,6.4,0,0,0,12,8
14,2,14,19.0,0,0,0,16,8
14,5,14,13.0,0,0,2,58,3
3,3,3,11.4,0,0,80,26,7
4,1,4,13.4,0,0,0,11,5
6,1,6,13.2,0,0,2,7,3
11,6,11,26.2,0,0,2,16,2
11,3,11,23.2,0,0,0,16,8
11,0,11,29.1,0,0,7,0,7
15,5,15,17.5,0,0,0,78,8
8,0,8,4.5,0,0,2,5,3
10,3,10,9.4,0,0,2,34,3
23,2,23,7.4,0,0,0,20,0
19,1,19,5.2,0,0,0,17,0
20,6,20,25.1,0,0,2,54,3
13,2,13,16.4,0,0,2,7,2
17,6,17,29.9,0,0,7,36,7
23,2,23,13.0,0,0,0,20,0
11,0,11,15.3,0,0,14,17,13
9,3,9,20.4,0,0,18,32,6
5,5,5,5.6,0,0,16,21,2
5,2,5,7.3,0,0,2,9,2
11,6,11,19.0,0,0,2,34,2
15,4,15,19.2,0,0,2,9,3
7,6,7,11.0,0,0,0,5,8
12,3,12,24.5,0,0,27,36,0
16,1,16,12.2,0,0,0,44,5
1,0,1,14.7,0,0,0,37,0
4,0,4,17.5,0,0,5,9,4
13,1,13,17.0,0,0,2,44,3
20,1,20,13.2,0,0,4,16,2
0,5,0,12.2,0,0,2,21,3
18,0,18,17.3,0,0,2,44,3
14,1,14,19.9,0,0,2,5,3
7,0,7,10.5,0,0,15,6,3
8,5,8,7.7,0,0,0,44,5
18,5,18,14.7,0,0,0,8,8
22,0,22,10.9,0,0,11,0,14
0,0,0,9.3,0,0,4,16,3
12,6,12,14.5,0,0,0,11,8
7,3,7,19.2,0,0,2,42,3
0,2,0,18.9,0,0,0,17,0
14,3,14,24.0,0,0,83,135,84
10,4,10,20.5,1,0,10,48,31
11,3,11,20.9,0,0,2,8,3
12,1,12,11.0,0,0,0,8,8
8,4,8,5.9,0,0,4,14,3
9,1,9,11.9,0,0,0,9,8
11,2,11,10.8,0,0,0,7,8
23,6,23,7.8,0,0,0,22,0
8,0,8,9.6,0,0,0,32,5
16,1,16,29.5,0,0,28,55,0
14,6,14,15.4,0,0,18,32,6
11,3,11,23.2,0,0,2,33,2
5,3,5,6.5,0,0,6,9,5
20,2,20,12.1,0,0,2,5,3
13,2,13,22.6,0,0,19,147,19
6,5,6,11.3,0,0,2,11,5
19,2,19,12.8,0,0,0,44,5
13,5,13,26.7,0,0,0,5,8
2,4,2,16.6,0,0,37,69,4
23,6,23,7.9,0,0,2,21,3
12,1,12,15.3,0,0,1,2,1
12,6,12,14.4,0,0,26,49,13
5,6,5,16.4,0,0,0,16,5
12,5,12,27.2,0,0,4,32,3
23,4,23,5.5,0,0,0,22,0
4,6,4,4.6,0,0,0,16,8
11,5,11,24.6,0,0,0,9,9
9,5,9,11.0,0,0,27,36,0
9,5,9,8.3,0,0,2,30,3
21,4,21,14.3,0,0,13,19,13
15,4,15,19.2,0,0,2,13,3
19,6,19,13.9,0,0,0,16,8
15,5,15,17.3,0,0,2,13,3
19,4,19,10.2,0,0,0,17,0
15,4,15,15.4,0,0,0,44,8
20,0,20,16.1,0,0,2,32,3
10,1,10,17.8,0,0,0,4,5
1,1,1,10.6,0,0,1,2,6
11,0,11,12.4,1,0,4,32,5
0,3,0,12.7,0,0,2,3,3
21,1,21,11.3,0,0,0,9,8
15,1,15,25.8,0,0,0,78,5
11,0,11,24.7,1,0,10,48,17
19,6,19,16.0,0,0,18,32,6
8,5,8,18.6,0,0,2,16,3
21,6,21,22.5,1,0,0,44,5
10,2,10,15.1,0,0,0,44,8
14,1,14,20.7,0,0,6,93,5
1,4,1,11.7,0,0,0,37,0
11,3,11,18.7,0,0,0,3,8
14,0,14,15.1,0,0,0,29,5
16,6,16,18.9,0,0,2,44,2
4,5,4,15.1,0,0,0,16,8
18,3,18,10.6,0,0,0,33,5
23,4,23,9.0,0,0,0,20,0
13,1,13,11.1,0,0,0,3,5
4,6,4,7.5,1,2,16,21,5
19,6,19,16.8,0,0,7,36,7
14,0,14,16.1,0,0,2,45,3
19,1,19,18.1,0,0,16,11,8
15,3,15,13.4,0,0,24,47,22
16,4,16,13.3,0,0,4,5,2
19,4,19,25.1,0,1,40,0,10
0,6,0,7.2,0,0,0,21,5
12,0,12,8.2,0,0,10,6,73
23,6,23,18.5,0,0,0,25,8
13,2,13,29.1,0,1,7,0,7
16,1,16,25.7,0,0,0,45,5
9,0,9,13.9,0,0,0,30,5
11,6,11,25.9,0,0,0,3,5
6,5,6,8.5,0,0,0,5,8
17,1,17,10.4,0,0,2,5,3
11,6,11,20.4,0,0,2,16,3
11,5,11,13.2,0,0,16,21,8
13,3,13,18.5,1,2,2,34,2
14,2,14,11.7,0,0,0,21,8
8,4,8,8.1,0,0,0,7,8
5,0,5,12.1,0,0,0,16,8
10,2,10,13.8,0,0,2,34,3
14,6,14,17.3,0,1,18,32,6
15,6,15,16.7,0,0,2,5,3
12,4,12,19.7,0,0,0,16,8
17,4,17,30.6,0,0,0,12,8
12,2,12,11.3,0,0,0,8,8
10,5,10,19.3,0,0,2,45,3
6,1,6,5.8,0,0,2,5,3
8,1,8,9.8,0,0,4,5,2
12,0,12,17.6,0,0,2,45,3
12,0,12,18.0,0,0,0,29,8
5,5,5,15.8,0,0,6,9,5
19,3,19,22.4,0,0,2,54,3
23,6,23,12.3,0,0,16,21,8
6,3,6,3.7,0,0,0,7,5
14,2,14,19.7,0,0,33,62,0
0,2,0,9.5,0,0,0,6,0
0,4,0,14.9,0,0,0,43,14
2,4,2,5.5,0,0,1,2,1
12,3,12,15.6,0,0,18,54,20
11,1,11,10.1,0,0,0,0,0
23,0,23,16.9,0,0,0,0,14
5,4,5,10.7,0,0,0,11,8
1,2,1,5.7,0,0,1,2,1
12,1,12,11.0,0,0,0,32,5
4,2,4,4.8,0,0,2,11,2
14,1,14,18.0,0,0,0,13,8
4,1,4,13.2,0,0,0,5,5
4,2,4,4.4,0,0,6,9,5
8,5,8,19.7,0,0,4,44,2
4,1,4,13.8,0,0,0,3,8
16,1,16,24.8,0,0,4,5,5
22,1,22,17.3,0,0,0,0,0
12,2,12,11.2,1,0,10,48,34
4,4,4,5.4,0,0,1,2,6
14,5,14,16.2,0,0,18,32,26
7,4,7,10.7,0,0,2,119,3
18,3,18,10.4,0,0,0,61,8
14,0,14,16.3,0,0,0,44,5
20,3,20,8.0,0,0,6,9,5
21,0,21,7.2,0,0,11,0,14
19,5,19,12.3,0,0,0,8,5
11,3,11,9.4,0,0,18,54,20
18,0,18,12.9,0,0,16,11,3
23,2,23,13.8,0,0,4,7,2
23,2,23,9.2,0,0,0,22,14
15,4,15,19.3,0,0,28,55,0
6,0,6,9.6,0,0,4,3,2
14,2,14,12.5,0,0,15,6,3
18,1,18,24.8,0,0,2,7,2
8,4,8,7.4,0,0,10,44,36
20,6,20,22.9,0,0,0,36,5
17,6,17,13.3,0,0,4,38,3
4,0,4,9.0,0,0,0,12,8
2,4,2,8.8,0,0,0,21,8
16,1,16,14.9,0,0,2,7,2
16,0,16,25.7,0,0,0,13,8
6,0,6,13.5,0,0,0,25,8
13,4,13,15.7,0,0,2,13,2
12,5,12,12.1,0,0,0,54,8
12,0,12,23.7,0,0,0,44,8
7,6,7,8.0,1,2,26,49,13
17,4,17,7.2,0,0,6,9,0
4,6,4,10.8,0,0,0,5,5
8,6,8,8.0,0,0,0,8,8
6,1,6,16.5,0,0,0,25,8
6,5,6,2.1,0,0,0,8,5
6,0,6,6.8,0,0,2,3,3
0,5,0,15.2,0,0,15,6,3
13,5,13,19.9,0,0,4,16,5
6,1,6,1.9,0,0,0,16,5
11,5,11,24.3,0,0,0,45,5
5,0,5,1.1,0,0,4,21,3
11,6,11,11.9,0,0,2,7,3
18,2,18,27.8,0,0,6,9,0
6,5,6,12.0,0,0,2,9,2
7,4,7,4.4,0,0,2,8,3
12,2,12,16.0,0,0,26,49,13
16,0,16,30.6,0,0,15,6,3
11,1,11,16.0,0,0,2,16,2
12,4,12,14.0,0,0,26,49,13
23,4,23,20.2,0,1,12,18,7
12,4,12,26.3,0,0,0,16,8
4,2,4,5.0,0,0,0,5,5
15,6,15,23.4,0,1,0,7,8
19,4,19,10.9,0,0,2,54,3
15,2,15,18.9,0,0,0,78,8
12,4,12,10.1,0,0,26,49,13
22,3,22,12.1,0,0,14,24,9
8,4,8,11.8,0,0,0,44,8
23,2,23,9.0,0,0,2,21,3
18,6,18,28.1,0,0,0,44,8
3,2,3,15.2,0,0,1,2,1
12,3,12,25.5,0,0,2,5,3
5,4,5,11.7,0,0,2,11,2
5,2,5,4.3,0,0,4,3,2
23,3,23,7.8,0,0,0,36,5
16,5,16,26.0,0,0,0,45,5
9,0,9,10.1,0,0,0,32,5
7,1,7,5.0,0,0,4,21,3
6,3,6,8.8,0,0,4,50,2
11,2,11,13.9,0,0,0,44,8
12,1,12,24.9,0,0,0,25,8
12,5,12,21.5,0,0,16,21,8
16,6,16,18.6,0,0,6,9,0
4,2,4,9.8,0,0,0,25,5
15,0,15,11.6,0,0,0,44,8
0,4,0,12.0,0,0,2,21,3
11,4,11,10.2,0,0,0,33,8
5,2,5,11.5,0,0,0,3,5
18,3,18,18.6,0,0,2,7,3
16,3,16,29.0,0,0,10,51,17
5,2,5,1.7,0,0,0,3,8
2,4,2,1.9,0,0,1,2,1
19,4,19,25.0,0,0,2,13,3
5,1,5,16.5,0,0,2,7,3
10,6,10,10.2,0,0,27,36,0
11,4,11,12.5,0,0,0,13,8
21,0,21,8.8,0,0,20,6,7
20,0,20,25.2,0,0,0,3,5
14,1,14,19.5,0,0,16,21,8
13,5,13,12.7,0,0,4,8,3
16,2,16,25.5,0,0,15,6,3
2,0,2,16.5,0,0,0,1,0
20,4,20,25.1,0,0,0,36,8
14,5,14,18.9,0,0,18,32,6
1,3,1,13.7,0,0,0,25,8
10,5,10,17.0,0,0,2,16,2
7,0,7,19.0,0,0,0,13,5
12,5,12,28.2,0,0,0,34,5
7,4,7,16.6,0,0,2,16,2
20,3,20,12.6,0,0,2,32,3
20,2,20,25.2,0,0,0,25,8
5,3,5,9.8,0,0,0,5,8
11,3,11,10.2,0,0,1,2,1
9,3,9,5.9,0,0,0,15,8
6,1,6,11.1,0,0,0,5,8
5,0,5,8.2,0,0,0,3,8
6,3,6,10.9,0,0,0,7,8
9,5,9,13.8,0,0,10,129,17
15,3,15,13.5,0,0,2,13,3
17,0,17,29.6,0,1,7,0,7
13,0,13,18.2,0,0,0,3,8
15,1,15,17.9,0,0,28,55,0
6,2,6,3.4,0,0,4,32,5
15,1,15,20.4,0,0,0,21,8
19,2,19,13.2,0,0,2,4,3
9,3,9,21.5,0,0,0,16,8
5,4,5,7.3,0,0,2,3,3
17,4,17,22.1,0,0,4,54,2
13,2,13,18.4,0,1,4,5,2
20,1,20,4.6,0,0,14,24,9
12,1,12,21.3,0,0,0,11,8
12,1,12,13.8,0,0,1,2,1
17,1,17,11.3,0,0,2,12,2
15,5,15,12.6,0,0,0,11,8
14,4,14,15.8,0,0,0,13,8
16,5,16,26.4,0,0,6,93,5
0,5,0,6.7,0,2,10,8,17
16,0,16,18.1,0,0,6,9,0
4,5,4,4.0,0,0,0,11,8
11,5,11,21.2,0,0,0,15,5
4,3,4,12.5,0,0,2,98,2
6,0,6,8.2,0,0,24,47,22
8,5,8,19.6,0,0,16,21,3
10,0,10,9.9,0,0,0,25,8
10,0,10,19.1,0,0,2,16,2
10,2,10,23.0,0,0,7,0,7
5,2,5,6.4,0,0,0,7,8
17,5,17,21.6,0,0,2,12,2
19,4,19,15.4,0,0,0,44,8
18,2,18,19.7,0,0,0,44,5
23,0,23,12.4,0,0,10,7,11
11,2,11,17.7,0,0,2,16,2
9,5,9,9.9,0,0,0,53,0
5,2,5,3.6,0,0,0,16,8
21,3,21,7.3,0,0,2,8,3
16,6,16,19.3,0,0,16,21,3
16,2,16,20.4,0,0,0,36,8
8,6,8,9.4,0,0,0,9,5
21,6,21,12.0,0,0,13,19,13
8,0,8,4.0,0,0,9,0,18
10,3,10,7.8,0,0,2,13,2
5,3,5,7.7,0,0,1,2,6
15,6,15,16.3,0,0,6,93,5
0,5,0,8.6,0,0,23,41,15
9,0,9,20.9,0,0,0,42,5
0,0,0,19.6,0,0,2,21,3
16,1,16,11.9,0,0,28,55,0
13,3,13,24.3,0,0,4,32,3
13,3,13,23.6,0,0,1,2,1
19,5,19,27.9,0,1,0,8,8
1,4,1,12.0,0,0,1,2,6
13,0,13,12.8,0,0,2,5,3
5,1,5,10.8,0,0,0,5,8
8,2,8,3.4,0,0,0,13,8
18,5,18,16.0,0,0,0,7,8
7,1,7,8.9,0,0,0,36,8
8,0,8,17.9,0,0,2,16,3
6,0,6,11.9,0,0,4,6,3
10,5,10,24.3,0,0,0,7,5
0,4,0,7.0,0,0,0,6,14
8,6,8,5.2,0,0,18,32,6
8,1,8,10.0,0,0,18,32,20
7,5,7,5.3,0,0,0,13,8
6,3,6,12.7,0,0,4,7,2
10,3,10,21.0,0,1,2,34,2
10,4,10,13.2,0,0,0,44,8
9,2,9,20.6,0,0,7,0,7
21,5,21,26.4,0,1,6,9,5
12,2,12,17.8,0,0,1,2,1
20,6,20,25.6,0,0,2,5,3
12,2,12,19.7,0,0,0,33,8
15,0,15,27.5,0,0,0,9,5
12,3,12,24.0,0,0,4,5,2
16,6,16,21.7,0,0,4,32,3
8,6,8,5.6,0,0,0,54,8
8,0,8,9.1,0,0,17,0,7
11,4,11,10.8,0,0,2,45,3
20,6,20,20.1,0,0,9,0,18
5,3,5,17.1,0,0,0,5,8
19,5,19,12.7,0,0,2,54,3
8,1,8,5.4,0,0,0,29,8
12,2,12,16.4,0,0,0,11,8
0,3,0,9.1,0,0,1,2,6
17,6,17,17.4,0,0,0,61,8
17,3,17,13.2,0,0,6,9,0
19,0,19,14.6,0,0,0,5,5
20,0,20,21.4,0,0,4,7,2
4,1,4,2.4,0,0,7,0,7
8,5,8,13.3,0,0,0,76,0
9,5,9,13.9,0,0,0,54,5
13,4,13,25.0,0,0,0,5,8
15,6,15,13.3,0,0,33,1,0
8,2,8,7.1,0,0,4,5,3
4,3,4,4.6,0,0,6,9,5
10,0,10,11.4,0,0,19,8,17
8,3,8,10.6,0,0,0,9,5
8,6,8,8.2,0,0,4,8,3
23,3,23,9.4,0,0,0,22,0
5,4,5,12.4,0,0,6,9,5
11,3,11,9.4,0,0,16,21,8
22,6,22,7.9,0,0,23,41,5
23,4,23,17.1,0,0,18,32,33
13,6,13,14.9,0,0,4,5,2
7,0,7,6.1,0,0,0,7,5
14,0,14,23.5,0,0,10,44,17
5,1,5,14.7,0,0,6,9,5
15,5,15,15.3,0,0,15,6,14
10,2,10,22.3,0,0,0,12,5
0,6,0,4.0,0,0,0,6,14
16,2,16,11.0,0,0,2,8,3
11,2,11,8.1,0,0,2,34,3
6,6,6,7.3,0,0,0,29,8
18,0,18,31.1,0,0,0,16,5
13,2,13,27.6,0,1,0,61,8
3,4,3,10.3,0,0,1,2,1
11,2,11,30.8,0,0,0,21,14
21,3,21,8.2,0,0,13,19,13
5,5,5,12.8,0,0,0,3,8
23,1,23,15.5,0,0,12,18,7
20,6,20,9.8,0,0,2,9,3
8,3,8,21.0,0,0,0,44,5
17,1,17,17.2,0,0,4,5,2
12,6,12,14.5,0,0,0,11,8
9,5,9,15.8,0,0,6,9,5
5,2,5,9.8,0,0,4,11,3
7,6,7,9.3,0,0,2,8,3
20,2,20,25.8,0,0,0,36,8
19,2,19,7.1,0,0,2,44,3
1,4,1,14.1,0,0,0,1,0
5,4,5,8.4,0,0,1,2,6
15,1,15,12.5,0,0,2,61,3
9,5,9,21.7,0,0,0,21,8
4,5,4,14.7,0,0,0,16,5
14,2,14,17.9,0,0,0,44,8
21,6,21,18.2,0,0,0,17,0
0,1,0,14.0,0,0,2,21,3
10,3,10,9.9,0,0,2,45,3
5,4,5,8.1,0,0,0,5,8
7,3,7,13.9,0,0,0,29,5
8,1,8,10.2,0,0,2,16,3
6,5,6,7.1,0,0,0,12,8
13,2,13,11.5,0,0,0,3,5
5,5,5,5.0,0,0,2,4,3
6,0,6,13.2,0,0,0,7,5
4,3,4,3.9,0,0,2,8,3
12,3,12,22.4,0,0,10,28,16
5,1,5,13.1,0,0,2,8,3
16,1,16,16.8,0,0,0,6,14
11,0,11,16.0,0,0,14,17,13
4,2,4,4.9,0,0,2,5,3
16,6,16,19.8,0,0,0,6,14
17,6,17,18.9,0,0,2,12,2
14,4,14,27.5,0,0,0,13,8
8,5,8,4.3,0,0,2,7,3
9,5,9,21.2,0,1,22,56,4
18,3,18,27.5,0,0,16,11,5
6,3,6,14.3,0,0,4,32,3
5,6,5,13.3,0,0,0,11,8
7,1,7,7.6,0,0,4,5,2
11,1,11,22.1,0,0,2,16,2
1,2,1,12.2,0,0,1,2,6
6,0,6,0.7,0,0,24,28,30
22,4,22,6.1,0,0,18,36,6
11,1,11,27.7,0,0,0,5,8
12,6,12,14.5,0,0,0,3,8
19,0,19,10.7,0,0,0,44,5
20,3,20,11.4,0,0,2,8,2
14,6,14,15.3,0,0,16,110,5
23,2,23,12.1,0,0,16,21,3
15,3,15,18.3,0,0,24,47,23
23,2,23,15.2,0,0,18,32,6
1,5,1,14.8,0,0,7,36,7
13,2,13,22.9,0,0,14,17,13
8,4,8,9.8,0,0,0,9,14
8,1,8,6.1,0,0,0,53,14
10,4,10,9.6,0,0,0,44,8
7,6,7,9.8,0,0,0,5,8
1,0,1,19.6,0,0,0,37,0
12,1,12,28.0,0,0,0,5,5
18,4,18,10.2,0,0,2,13,3
0,6,0,11.8,0,0,1,2,6
22,6,22,8.4,0,0,18,32,6
10,6,10,8.1,0,0,0,21,14
5,2,5,14.6,0,0,4,11,2
11,5,11,10.5,0,0,0,5,8
11,5,11,10.0,0,0,0,5,8
13,4,13,27.0,0,0,28,55,0
11,6,11,7.3,0,0,0,29,8
20,1,20,13.0,0,0,0,36,5
16,6,16,10.4,0,0,0,33,8
5,3,5,8.6,0,0,0,7,8
5,6,5,14.9,0,0,6,9,5
0,0,0,9.3,0,0,15,6,3
22,3,22,6.4,0,0,18,32,6
7,1,7,9.6,0,0,24,47,23
8,5,8,8.8,0,0,0,76,0
1,5,1,15.7,0,0,0,1,0
10,2,10,19.3,0,1,19,48,58
1,3,1,21.9,0,0,15,6,3
1,3,1,9.1,0,0,1,2,6
10,2,10,7.7,0,0,0,25,8
17,0,17,26.0,0,0,0,16,5
13,2,13,19.1,0,0,10,48,17
8,2,8,15.9,0,0,4,14,3
5,4,5,14.5,0,0,2,10,3
23,0,23,15.7,0,0,0,0,0
10,4,10,20.5,0,0,0,45,5
3,4,3,5.8,0,0,8,0,9
5,4,5,7.5,0,0,2,5,3
17,0,17,14.3,0,0,0,5,8
13,6,13,32.2,0,0,4,48,2
16,2,16,17.4,0,0,4,5,3
0,1,0,13.7,0,0,2,21,3
18,2,18,22.9,0,0,16,11,5
4,1,4,11.0,0,0,0,12,5
4,6,4,7.8,0,0,2,11,2
5,6,5,17.5,0,0,0,42,5
5,4,5,15.4,0,0,2,5,3
5,3,5,13.7,0,0,0,3,8
22,4,22,8.8,0,0,18,36,26
8,1,8,10.1,0,0,0,13,8
6,2,6,8.8,0,0,2,5,3
11,4,11,23.9,0,0,2,30,3
14,2,14,20.2,0,0,2,7,2
6,0,6,5.4,0,0,0,7,8
5,4,5,12.7,0,0,6,9,15
5,6,5,15.9,0,0,4,21,3
5,3,5,8.7,0,0,2,9,2
0,4,0,12.1,0,0,0,43,14
9,0,9,7.3,0,0,10,44,57
10,4,10,10.5,0,0,0,8,8
11,4,11,12.3,0,0,0,0,0
13,2,13,20.3,0,0,2,21,3
11,5,11,15.9,0,0,2,45,3
23,3,23,16.0,0,0,13,19,13
15,0,15,18.5,0,0,0,7,8
18,5,18,27.5,0,0,2,4,3
0,0,0,3.3,0,0,15,6,3
21,6,21,7.9,0,0,9,0,18
17,6,17,25.8,0,0,4,38,3
11,3,11,11.0,0,0,0,3,8
22,3,22,7.5,0,0,14,17,13
16,0,16,11.7,0,0,0,13,5
19,2,19,27.3,0,1,2,16,3
4,2,4,10.0,0,0,2,11,2
8,6,8,6.8,0,0,0,36,8
22,2,22,11.0,0,0,4,87,3
14,1,14,20.9,0,0,7,26,7
16,4,16,20.3,0,0,16,21,2
8,6,8,8.2,0,0,6,9,5
16,4,16,15.6,1,0,1,2,1
18,6,18,13.8,0,0,0,21,5
5,1,5,14.7,0,0,0,16,8
19,6,19,16.8,0,0,0,44,8
7,3,7,3.8,0,0,4,5,3
10,4,10,9.8,0,0,2,34,3
23,2,23,12.8,0,0,0,22,0
4,1,4,13.3,0,0,0,7,8
5,6,5,8.7,0,0,2,11,2
11,2,11,8.1,0,0,0,13,5
6,5,6,5.5,0,0,4,3,3
2,2,2,4.7,0,0,1,2,1
15,4,15,14.2,0,0,0,7,8
15,1,15,11.2,1,2,0,7,8
5,1,5,16.8,0,0,4,10,2
17,3,17,28.0,0,0,19,74,64
7,6,7,16.7,0,0,0,29,8
17,1,17,15.9,0,0,6,9,0
8,4,8,8.7,0,0,0,3,8
16,5,16,31.2,0,0,0,13,8
9,4,9,9.7,0,0,0,45,5
0,2,0,9.8,0,0,15,6,15
17,2,17,30.2,0,0,0,25,8
6,5,6,11.9,0,0,2,7,3
6,3,6,7.5,0,0,4,50,2
13,6,13,31.8,0,0,0,44,5
23,4,23,7.0,0,0,0,20,0
8,4,8,18.2,0,0,0,44,8
11,2,11,18.6,0,0,0,13,8
12,2,12,14.6,0,0,0,7,8
15,0,15,14.1,0,0,0,13,5
9,6,9,5.8,0,0,65,15,72
17,3,17,18.7,0,0,0,5,8
11,4,11,10.9,0,0,1,2,1
15,3,15,9.5,1,2,0,32,5
17,0,17,7.9,0,0,0,8,8
9,2,9,9.8,0,0,2,33,3
15,6,15,19.3,0,0,0,8,8
16,6,16,11.3,0,0,0,6,14
20,5,20,10.8,0,0,13,19,13
12,2,12,22.2,0,0,1,2,1
14,6,14,22.6,0,0,0,9,5
9,3,9,5.2,0,0,0,54,5
9,5,9,18.5,0,0,16,21,8
15,6,15,29.1,0,0,0,78,8
10,0,10,21.2,0,0,2,5,3
10,6,10,10.0,0,0,0,25,8
7,6,7,8.5,0,0,0,7,5
5,2,5,3.2,0,0,0,4,8
5,3,5,7.3,0,0,2,8,3
19,1,19,17.8,0,0,0,44,5
15,2,15,7.7,0,0,10,107,73
11,4,11,12.6,0,0,0,21,8
13,0,13,29.3,0,0,27,36,0
17,2,17,7.0,0,0,6,9,0
11,6,11,13.2,0,0,2,34,2
9,3,9,11.9,0,0,0,42,5
13,2,13,16.8,0,0,0,9,5
8,5,8,16.0,0,1,0,9,9
15,2,15,21.1,0,0,16,21,8
8,0,8,7.8,0,0,0,15,5
0,2,0,14.1,0,0,0,22,0
2,3,2,14.9,0,0,16,21,8
11,6,11,15.9,0,0,19,74,64
5,3,5,5.5,0,0,6,9,5
5,5,5,9.2,0,0,0,52,5
8,6,8,3.2,0,0,4,14,3
13,5,13,30.4,0,0,0,45,5
18,2,18,8.4,0,0,0,13,8
5,6,5,8.0,0,0,0,11,8
10,0,10,10.4,0,0,2,34,3
21,0,21,9.8,0,0,6,9,5
4,5,4,10.9,0,0,2,11,2
5,6,5,15.0,0,0,2,10,3
10,0,10,26.9,0,0,9,0,18
4,1,4,11.3,0,0,0,7,8
15,4,15,23.1,0,0,4,54,3
7,3,7,8.5,0,0,2,16,2
7,5,7,1.6,0,0,0,33,5
11,2,11,15.1,0,0,0,3,5
8,1,8,17.1,0,0,0,32,5
19,0,19,12.2,0,0,0,44,5
8,1,8,5.6,0,0,2,16,3
1,3,1,18.0,0,0,1,2,6
0,0,0,19.7,0,0,2,21,3
10,1,10,14.9,0,0,0,21,0
16,0,16,29.3,0,0,2,8,3
22,2,22,7.1,0,0,11,0,14
8,2,8,16.9,0,0,17,0,7
8,1,8,10.3,0,0,0,10,5
20,0,20,16.2,0,0,0,25,5
16,6,16,18.9,0,0,0,15,8
11,5,11,14.4,0,0,0,34,5
18,4,18,8.0,1,2,2,11,2
11,3,11,21.3,0,0,0,8,8
10,0,10,9.5,0,0,2,7,3
8,4,8,18.2,0,0,0,13,8
16,5,16,17.2,0,0,0,7,8
6,1,6,9.6,0,0,16,21,3
5,5,5,6.4,0,0,2,5,3
7,3,7,7.2,0,0,2,16,3
10,6,10,7.2,0,0,0,57,0
4,1,4,16.8,0,0,2,3,3
5,1,5,16.1,0,0,4,32,3
4,6,4,16.7,0,0,34,0,7
17,1,17,17.4,0,0,4,8,3
11,0,11,23.1,0,1,0,3,8
19,2,19,23.6,0,0,0,13,8
1,0,1,14.1,0,0,18,36,6
12,5,12,13.3,0,0,0,32,5
14,6,14,15.6,0,0,4,21,2
16,1,16,19.5,0,0,4,7,3
8,6,8,6.8,0,0,0,44,8
4,3,4,18.1,0,0,0,16,8
13,3,13,10.9,0,0,0,8,8
8,5,8,7.8,0,0,0,15,8
21,6,21,18.4,0,0,0,16,8
13,5,13,27.7,0,0,0,12,5
16,6,16,23.9,0,0,16,10,8
6,1,6,6.4,0,0,0,5,8
8,1,8,15.0,0,0,0,44,8
17,3,17,30.1,0,1,0,8,8
15,4,15,21.4,0,0,28,55,0
12,5,12,25.2,0,0,1,2,1
8,1,8,12.0,0,0,10,85,17
19,5,19,31.7,0,0,0,13,8
22,4,22,9.5,0,0,16,21,2
16,6,16,24.6,0,0,6,93,5
11,4,11,12.4,0,0,2,8,2
10,0,10,15.1,0,0,2,45,3
19,0,19,10.3,0,0,2,54,3
14,6,14,11.3,0,0,0,8,8
5,1,5,19.2,0,0,0,25,5
0,3,0,15.9,0,0,35,43,14
8,2,8,10.2,0,0,0,44,5
13,5,13,18.4,0,0,2,8,2
18,4,18,35.8,0,0,2,8,3
5,0,5,16.0,0,0,6,9,5
13,1,13,23.0,0,0,20,0,7
20,2,20,26.4,0,0,2,5,3
0,1,0,7.1,0,0,0,0,0
5,0,5,6.5,0,0,2,3,3
10,4,10,10.4,0,0,2,16,2
12,3,12,11.2,0,0,1,2,1
18,5,18,29.4,0,0,0,25,8
1,6,1,7.2,0,0,2,36,2
17,0,17,18.9,1,2,0,3,5
1,3,1,5.5,0,0,0,21,8
21,0,21,12.3,0,0,13,19,13
18,3,18,17.0,0,0,2,44,3
11,6,11,29.1,0,0,4,8,3
17,3,17,9.8,0,0,4,5,2
5,0,5,14.8,0,0,4,10,2
4,6,4,18.8,0,0,0,16,5
18,4,18,30.3,0,0,2,12,2
18,6,18,13.7,0,0,2,13,3
3,3,3,17.6,0,0,1,2,1
2,3,2,9.2,0,0,0,1,0
4,2,4,9.5,0,0,1,2,6
19,2,19,8.7,0,0,0,25,5
9,5,9,5.1,0,0,4,44,2
10,3,10,16.0,0,0,0,21,14
14,1,14,21.5,0,0,16,21,8
10,1,10,12.5,0,0,17,0,7
16,6,16,30.7,0,0,0,33,5
10,4,10,12.8,0,0,0,12,5
15,0,15,24.8,0,0,20,14,7
7,0,7,10.3,0,0,0,13,8
19,3,19,8.8,1,2,4,32,5
8,5,8,7.8,0,0,0,10,5
8,3,8,8.1,0,0,19,58,64
20,1,20,16.2,0,0,2,7,2
22,6,22,16.9,0,0,16,21,8
7,0,7,11.5,0,0,0,33,5
23,2,23,11.1,0,0,0,0,0
23,0,23,8.9,0,0,0,43,14
4,1,4,11.2,0,0,0,5,8
17,0,17,26.3,0,0,2,11,3
16,2,16,22.4,0,0,0,5,8
0,4,0,21.8,0,0,0,22,0
2,1,2,12.6,0,0,10,33,17
12,5,12,27.5,0,0,4,63,3
17,1,17,10.7,1,2,4,5,2
7,2,7,13.8,0,0,0,13,8
14,4,14,11.8,0,0,7,0,7
4,6,4,12.9,0,0,2,11,2
8,2,8,2.2,0,0,4,3,5
12,0,12,12.7,0,0,0,33,5
6,1,6,13.1,0,0,0,8,5
19,3,19,10.6,0,0,2,54,3
22,6,22,9.9,0,0,0,4,5
15,3,15,9.5,1,2,6,9,0
5,0,5,6.5,0,0,0,5,8
7,3,7,8.4,0,0,19,7,60
17,6,17,15.0,0,0,4,44,2
15,6,15,21.1,0,0,0,44,8
15,0,15,11.5,0,0,2,45,3
10,4,10,21.2,0,0,0,7,8
10,2,10,24.9,0,0,0,21,5
16,0,16,29.6,0,0,2,12,2
5,6,5,6.7,0,0,4,12,2
17,2,17,20.1,0,0,0,15,8
10,4,10,9.7,0,0,0,54,5
14,3,14,12.4,0,0,16,110,3
10,6,10,8.7,0,0,0,57,0
6,1,6,4.8,0,0,2,5,3
17,5,17,17.8,0,0,2,12,3
22,0,22,11.2,0,0,23,41,15
13,0,13,15.5,0,0,2,13,2
9,4,9,17.2,0,1,18,32,26
22,3,22,16.7,0,0,0,4,8
22,4,22,6.3,0,0,11,0,14
14,0,14,19.4,0,0,0,9,8
3,6,3,17.2,0,0,1,2,1
6,5,6,9.0,0,0,4,21,3
18,0,18,24.7,0,0,2,12,2
6,5,6,13.3,0,0,0,12,8
4,3,4,8.8,0,0,0,6,0
10,4,10,21.6,0,0,2,25,2
15,3,15,26.0,0,0,2,3,3
15,2,15,29.2,0,0,18,32,6
17,1,17,13.0,0,0,0,12,2
1,3,1,18.1,0,0,1,2,6
23,6,23,15.5,0,0,18,36,6
8,2,8,4.2,0,0,0,10,5
19,2,19,27.2,0,0,2,13,3
12,2,12,10.2,0,0,0,32,5
4,5,4,15.1,0,0,7,21,7
12,6,12,15.7,0,0,0,34,5
20,1,20,13.4,0,0,0,3,8
9,3,9,15.7,0,0,0,21,8
14,4,14,29.6,0,0,2,54,3
15,3,15,20.7,0,0,2,3,3
11,1,11,10.0,0,0,10,44,17
20,5,20,12.2,0,0,6,9,5
15,6,15,21.9,0,0,0,12,8
10,3,10,21.3,0,0,10,3,11
16,6,16,15.7,0,0,2,8,3
19,6,19,12.6,0,0,0,16,8
11,3,11,13.2,0,0,14,17,13
1,2,1,9.1,0,0,0,1,0
11,5,11,14.5,0,0,4,63,3
7,0,7,7.1,0,0,2,16,3
4,5,4,6.6,0,0,1,2,6
5,4,5,12.0,0,0,0,4,8
14,2,14,25.0,0,0,24,47,30
9,3,9,9.3,0,0,0,25,8
4,6,4,18.6,0,0,0,12,5
17,3,17,17.7,0,0,7,0,7
23,4,23,7.7,0,0,0,43,14
14,6,14,22.3,0,0,6,93,5
7,4,7,9.6,0,0,16,21,8
10,6,10,16.8,0,0,0,3,8
22,0,22,18.4,0,0,16,21,2
14,3,14,13.8,0,0,16,21,8
5,1,5,11.2,0,0,4,10,2
7,4,7,1.0,0,0,4,7,3
23,2,23,9.8,0,0,0,43,14
11,3,11,13.5,0,0,0,7,8
21,4,21,20.9,0,0,0,4,8
17,4,17,13.5,0,0,9,0,18
8,3,8,8.3,0,0,0,9,5
0,6,0,14.4,0,0,0,6,9
2,6,2,17.4,0,0,0,1,0
6,1,6,11.6,0,0,4,7,2
22,0,22,21.1,0,0,10,3,17
6,3,6,3.8,0,0,0,3,5
11,3,11,12.3,0,0,7,9,7
22,3,22,10.5,0,0,23,41,15
9,3,9,11.8,0,0,18,32,6
18,4,18,19.4,0,0,2,4,3
13,4,13,19.6,0,0,0,16,8
16,3,16,9.9,0,0,2,7,2
14,3,14,17.9,0,0,4,5,3
6,3,6,12.6,0,0,16,21,5
21,2,21,11.4,1,2,18,32,26
16,1,16,27.1,0,0,2,58,3
20,6,20,12.1,0,0,4,5,3
4,3,4,7.1,0,0,7,36,7
6,5,6,8.1,0,0,4,32,3
18,0,18,28.9,0,0,2,12,2
16,2,16,28.5,0,0,2,13,3
9,3,9,9.6,0,0,17,0,7
12,3,12,11.7,0,0,2,5,2
23,1,23,12.7,0,0,11,0,14
4,5,4,12.5,0,0,0,7,5
5,3,5,10.4,0,0,4,11,2
6,3,6,10.8,0,0,4,12,2
6,6,6,17.2,0,0,0,8,5
0,1,0,14.4,0,0,14,17,13
14,1,14,21.5,0,0,2,12,3
12,0,12,13.3,0,0,0,29,8
6,2,6,11.4,0,0,2,9,2
11,2,11,10.8,0,0,10,16,11
13,6,13,20.0,0,0,0,13,8
16,3,16,32.2,0,0,0,7,8
9,0,9,8.3,0,0,0,53,0
13,0,13,31.1,0,0,0,34,5
17,1,17,21.1,0,0,0,44,8
14,6,14,11.4,0,0,0,7,8
16,2,16,19.8,0,0,0,7,8
5,1,5,5.5,0,0,0,5,8
7,1,7,0.5,0,0,0,44,5
16,0,16,20.1,0,0,2,44,2
14,5,14,20.4,0,0,6,93,5
14,2,14,20.8,0,0,0,9,8
15,4,15,21.1,0,0,2,3,2
9,0,9,12.8,0,0,7,26,7
1,0,1,17.2,0,0,0,37,0
8,1,8,9.6,0,0,0,33,5
9,4,9,8.0,0,0,0,32,5
10,1,10,13.2,0,0,0,44,8
13,2,13,15.6,0,0,4,7,3
12,2,12,7.9,0,0,0,32,5
18,6,18,11.5,0,0,4,32,5
12,3,12,13.1,0,0,1,2,1
21,3,21,15.3,0,0,2,8,3
15,3,15,25.9,0,0,2,12,3
5,0,5,3.0,0,0,4,12,3
4,1,4,13.5,0,0,0,12,5
9,5,9,22.3,0,0,0,43,14
18,3,18,8.5,0,0,4,32,5
17,4,17,13.1,0,0,4,44,5
5,3,5,3.8,0,0,0,5,8
6,3,6,11.3,0,0,4,21,2
1,5,1,18.5,0,0,0,6,9
8,1,8,6.2,0,0,0,7,8
5,1,5,15.5,0,0,0,4,8
14,4,14,15.6,0,0,0,9,8
11,1,11,13.9,0,0,0,44,8
16,6,16,21.7,0,0,2,13,2
0,6,0,6.2,0,0,15,6,3
5,6,5,5.7,0,0,4,5,3
8,0,8,3.1,0,0,0,33,5
18,2,18,23.7,0,0,0,13,8
13,1,13,21.8,0,0,0,9,5
23,4,23,7.6,0,0,7,14,7
5,1,5,1.1,0,0,6,9,15
14,5,14,29.3,0,0,2,34,3
18,2,18,28.7,0,0,6,9,0
11,4,11,12.1,0,0,4,9,2
2,3,2,4.0,0,0,1,2,1
10,6,10,14.5,0,0,0,7,8
5,0,5,13.7,0,0,4,3,2
18,5,18,28.8,0,0,2,54,3
8,2,8,8.9,0,0,0,9,14
21,6,21,15.5,0,0,4,54,3
20,4,20,20.2,0,0,2,4,2
4,3,4,8.6,0,0,0,5,8
15,2,15,27.7,0,0,10,3,21
7,4,7,10.2,0,0,0,44,8
13,0,13,25.5,0,0,0,9,8
12,4,12,26.5,0,0,16,21,8
15,0,15,23.8,0,0,4,44,3
8,1,8,16.0,0,0,2,44,2
16,6,16,21.8,0,0,0,7,8
0,1,0,7.1,0,0,23,41,15
7,0,7,0.8,0,0,0,33,5
4,1,4,10.5,0,0,2,10,3
4,3,4,11.4,0,0,2,4,3
1,1,1,13.0,0,0,1,2,6
16,0,16,16.8,0,0,0,36,8
8,3,8,10.5,1,2,0,16,5
22,0,22,8.5,0,0,23,41,15
22,1,22,17.4,0,0,4,3,2
6,3,6,9.6,0,0,0,12,8
12,6,12,25.1,0,0,1,2,1
5,1,5,8.4,0,0,2,7,3
5,2,5,4.4,0,0,2,5,3
1,0,1,17.4,0,0,15,6,3
10,3,10,10.8,1,2,0,13,5
16,2,16,11.7,0,0,0,8,8
5,0,5,13.7,0,0,4,10,2
14,3,14,24.2,0,1,0,33,5
16,5,16,18.5,0,0,2,44,3
11,0,11,17.5,0,0,0,21,5
0,6,0,9.8,0,0,0,6,14
1,0,1,8.8,0,0,0,1,0
1,4,1,8.4,0,0,0,37,0
15,0,15,16.9,0,0,4,5,3
9,2,9,18.2,0,0,0,9,9
6,6,6,6.9,0,0,0,5,5
1,6,1,14.7,0,0,9,26,10
8,5,8,18.0,0,0,0,10,5
20,0,20,13.2,0,0,0,5,8
11,6,11,10.7,0,0,16,21,5
11,3,11,14.2,0,0,0,44,8
5,2,5,10.0,0,0,4,12,2
11,6,11,12.9,0,0,2,7,3
8,5,8,8.4,0,0,4,5,3
6,5,6,13.8,0,0,0,7,8
7,4,7,3.5,0,0,4,21,2
10,0,10,13.0,0,0,4,8,5
14,0,14,11.2,0,0,0,33,5
16,2,16,13.6,0,0,4,5,3
1,6,1,18.2,0,0,1,2,6
1,6,1,21.2,0,0,23,41,15
11,5,11,11.0,0,0,2,16,2
15,3,15,19.3,0,0,7,9,7
7,3,7,2.6,0,0,4,21,2
19,6,19,28.4,0,0,2,44,3
11,2,11,15.6,0,0,0,7,8
21,6,21,14.6,0,0,7,0,7
0,3,0,11.1,0,0,1,2,6
8,4,8,7.5,0,0,0,44,8
15,2,15,14.3,0,0,0,44,5
11,4,11,27.1,0,0,2,30,3
22,3,22,5.8,0,0,18,32,33
21,4,21,8.1,0,0,0,16,8
15,5,15,25.5,0,0,0,3,8
0,3,0,19.0,0,0,91,144,4
5,4,5,15.9,0,0,3,26,4
14,6,14,21.4,0,0,19,35,44
6,0,6,8.2,0,0,15,6,14
14,5,14,29.8,0,0,0,5,8
13,5,13,8.7,0,0,4,8,3
0,6,0,13.6,0,0,16,21,5
1,0,1,12.7,0,0,1,2,6
8,6,8,5.2,0,0,0,54,8
20,5,20,20.9,0,0,0,25,8
8,5,8,2.9,0,0,0,33,5
15,1,15,21.7,0,0,0,21,8
14,5,14,30.1,0,0,0,9,5
11,3,11,12.0,0,0,19,35,19
4,0,4,9.5,0,0,0,7,5
1,6,1,14.3,0,0,1,2,6
7,3,7,7.7,0,0,4,16,3
15,5,15,31.6,0,0,0,12,8
16,4,16,11.9,0,0,2,8,3
13,4,13,20.1,0,0,4,13,3
22,5,22,11.3,0,0,11,0,14
8,4,8,8.4,0,0,0,29,8
21,2,21,14.0,0,0,2,9,2
13,5,13,26.2,0,1,0,32,5
6,5,6,7.9,0,0,4,7,3
8,1,8,15.3,1,0,17,0,7
0,6,0,7.4,0,0,0,20,0
0,5,0,6.2,1,2,0,32,5
7,3,7,7.2,0,0,0,7,8
5,1,5,5.7,0,0,0,7,8
14,6,14,27.3,0,0,2,12,2
16,3,16,27.5,0,0,18,32,6
9,3,9,18.0,0,0,2,3,3
6,1,6,11.1,0,0,1,2,6
5,4,5,12.1,0,0,4,3,2
11,2,11,16.4,0,0,14,17,13
23,3,23,5.4,0,0,0,43,14
8,4,8,12.1,0,0,2,16,3
22,2,22,20.0,0,0,45,15,6
2,1,2,14.3,1,2,0,25,8
17,0,17,17.9,0,0,4,50,2
8,5,8,15.2,0,0,0,44,8
4,2,4,10.6,0,0,18,36,6
13,3,13,15.2,0,0,2,42,2
6,0,6,6.7,0,0,24,47,22
4,1,4,9.5,0,0,2,5,3
5,6,5,9.9,0,0,2,9,2
14,3,14,24.5,0,0,0,5,8
16,5,16,20.2,0,0,2,16,2
5,4,5,13.5,0,0,4,38,3
6,0,6,7.5,0,0,4,21,2
7,1,7,12.2,0,0,2,33,3
5,5,5,16.4,0,0,2,4,3
13,5,13,21.4,0,0,0,61,8
4,6,4,15.9,0,0,0,7,5
0,1,0,14.7,0,0,9,0,18
17,3,17,28.6,0,0,0,13,5
11,1,11,15.7,0,0,0,5,8
20,6,20,22.4,0,0,0,5,5
19,0,19,11.8,0,0,0,17,0
6,5,6,7.5,0,0,4,11,2
13,4,13,10.4,0,0,0,9,5
5,3,5,9.1,0,0,0,4,8
14,5,14,21.5,0,0,15,6,3
10,3,10,13.1,0,0,10,3,11
14,2,14,19.4,0,0,2,5,3
19,2,19,18.1,0,0,16,21,8
5,6,5,12.3,0,0,2,5,3
14,4,14,11.6,0,0,9,0,18
8,6,8,9.9,0,0,0,54,8
18,0,18,12.6,0,0,0,61,8
19,3,19,8.1,0,0,2,5,3
4,3,4,8.5,0,0,0,25,8
11,2,11,18.7,0,0,0,44,8
5,4,5,14.8,0,0,1,2,1
20,0,20,7.7,0,0,0,4,5
13,5,13,24.6,0,1,2,12,3
12,4,12,21.0,0,0,0,11,5
6,2,6,8.3,0,0,0,21,14
5,3,5,2.8,0,0,4,10,2
11,2,11,10.8,0,0,2,16,2
8,0,8,9.0,0,0,0,32,5
6,5,6,5.6,0,0,2,16,2
5,1,5,13.0,0,0,4,5,2
16,6,16,30.8,0,0,2,44,3
4,1,4,4.8,0,0,0,27,5
19,0,19,10.5,0,0,0,21,5
7,5,7,-1.0,0,0,2,33,3
5,1,5,19.6,0,0,4,7,3
4,1,4,12.6,1,2,0,16,8
18,0,18,8.3,0,0,4,16,5
0,4,0,17.7,0,0,0,22,0
17,4,17,13.4,0,0,2,12,3
17,2,17,16.2,0,0,0,15,8
13,5,13,20.3,0,0,4,16,3
12,0,12,20.4,0,0,2,5,2
0,6,0,4.9,0,0,0,21,5
16,3,16,11.1,0,0,0,6,14
11,5,11,16.4,0,0,0,30,5
6,4,6,10.7,0,0,4,11,2
11,0,11,13.9,0,0,0,25,8
13,2,13,30.0,0,0,7,0,7
4,3,4,18.4,0,0,2,4,3
18,2,18,10.1,0,0,0,54,5
3,4,3,9.1,0,0,8,0,9
21,2,21,21.8,0,0,2,3,3
8,4,8,12.9,0,0,0,3,8
5,0,5,17.0,0,0,1,2,6
4,4,4,0.7,0,0,5,9,4
6,6,6,5.6,0,0,0,3,8
8,3,8,8.6,0,0,64,16,44
12,6,12,25.7,0,0,2,44,3
7,5,7,12.8,0,0,2,16,3
2,5,2,2.1,0,0,15,14,3
19,0,19,10.6,0,0,2,32,3
23,3,23,16.4,0,0,13,19,13
20,1,20,13.4,0,0,2,7,3
10,0,10,7.8,0,0,0,16,8
20,5,20,11.2,0,0,0,36,8
7,0,7,3.9,0,0,2,3,2
4,1,4,5.1,0,0,2,10,3
7,5,7,12.7,0,0,0,25,5
5,3,5,17.0,0,0,1,2,6
17,3,17,13.0,0,0,0,33,8
2,6,2,3.1,0,0,1,2,6
12,5,12,15.1,0,0,2,34,3
9,2,9,8.2,0,0,10,3,17
8,0,8,9.7,0,0,0,29,8
6,3,6,11.4,0,0,4,11,3
12,0,12,14.1,0,0,8,0,9
18,0,18,23.8,0,0,0,3,8
7,2,7,16.5,0,0,0,29,5
23,2,23,24.8,0,1,12,18,7
12,5,12,12.6,0,0,0,11,8
11,4,11,13.7,0,0,0,33,8
19,0,19,27.9,0,0,2,54,3
23,1,23,13.0,0,0,0,22,0
17,1,17,15.6,0,0,6,9,0
0,1,0,10.0,0,0,2,21,3
11,6,11,14.0,0,0,0,13,8
10,3,10,11.2,1,2,0,3,5
11,3,11,14.9,0,0,10,81,17
13,6,13,22.0,0,0,4,11,5
8,5,8,5.3,0,0,0,32,5
15,4,15,27.2,0,0,2,54,3
14,3,14,19.7,0,0,2,13,2
8,4,8,5.8,0,0,0,21,8
18,4,18,15.7,0,0,2,12,2
16,3,16,13.3,0,0,0,32,5
17,3,17,10.9,0,0,2,5,3
16,2,16,21.4,0,0,0,15,8
5,0,5,9.7,0,0,2,8,3
17,0,17,18.5,0,0,10,45,11
0,0,0,2.8,0,0,1,2,6
9,3,9,25.7,0,0,0,13,5
6,3,6,15.0,0,0,0,7,8
16,6,16,19.4,0,0,0,36,8
20,3,20,11.8,0,0,0,16,8
7,0,7,14.1,0,0,4,5,3
15,4,15,19.4,0,0,0,21,8
17,2,17,20.4,0,0,16,11,5
23,1,23,9.4,0,0,0,43,14
7,6,7,6.6,0,0,0,13,8
13,1,13,16.3,0,0,0,9,5
6,4,6,13.4,0,0,4,21,3
19,5,19,22.8,0,0,18,32,26
6,0,6,12.2,0,0,0,25,8
10,5,10,7.4,0,0,27,36,0
22,5,22,8.7,0,0,23,41,15
17,2,17,21.1,0,0,2,44,3
9,1,9,10.0,0,0,19,45,17
14,3,14,22.2,0,0,0,13,8
20,0,20,16.7,0,0,0,12,8
13,0,13,26.2,0,0,27,36,0
11,3,11,19.1,0,0,27,36,0
13,0,13,8.9,0,0,2,4,3
8,0,8,5.9,0,0,0,9,5
10,2,10,18.4,0,0,0,8,5
16,6,16,18.8,0,0,0,8,8
1,4,1,6.8,0,0,0,21,5
20,2,20,8.2,0,0,2,16,2
6,2,6,9.6,0,0,0,5,5
1,5,1,17.9,0,0,16,21,8
5,1,5,4.8,0,0,0,5,8
23,2,23,22.3,0,1,12,18,7
23,2,23,20.3,0,1,14,24,9
13,6,13,12.1,0,0,0,8,8
19,5,19,30.3,0,0,0,7,8
20,0,20,12.4,0,0,2,7,3
19,2,19,12.2,0,0,2,54,3
8,3,8,9.2,0,0,0,34,8
19,0,19,14.7,0,0,0,17,0
8,1,8,11.2,0,0,0,32,5
1,1,1,12.7,0,0,0,6,0
11,0,11,24.1,0,0,0,8,8
18,2,18,13.5,0,0,0,13,8
9,6,9,9.2,0,0,4,13,5
9,0,9,10.0,0,0,0,53,0
7,6,7,8.3,0,0,4,14,3
1,1,1,12.0,0,0,1,2,6
15,0,15,16.0,0,0,4,5,3
17,1,17,13.7,0,0,2,3,2
9,4,9,7.1,0,0,0,8,5
16,4,16,12.0,1,0,2,16,2
10,2,10,10.5,0,0,10,34,55
23,3,23,8.3,0,0,0,22,0
15,0,15,16.7,0,0,16,10,5
8,3,8,11.9,0,0,0,13,8
10,3,10,10.9,0,0,10,4,73
15,0,15,24.9,0,0,0,8,5
16,3,16,27.4,0,0,2,33,3
20,5,20,23.4,0,0,10,51,17
18,2,18,14.3,0,0,0,3,8
17,5,17,28.2,0,0,10,13,36
9,0,9,9.3,0,0,0,53,0
13,1,13,29.9,0,0,28,55,0
16,2,16,11.9,0,0,4,3,3
12,0,12,8.9,0,0,0,8,8
22,3,22,17.5,0,0,0,16,8
19,1,19,16.8,0,0,2,4,3
5,2,5,16.9,0,0,0,3,8
6,3,6,14.1,0,0,2,7,3
6,1,6,1.1,0,0,4,7,3
13,0,13,29.6,0,0,2,44,2
2,3,2,10.0,1,2,2,11,2
5,2,5,14.6,0,0,4,8,3
7,4,7,1.6,0,0,7,0,7
19,3,19,14.9,0,0,2,54,3
18,5,18,12.6,0,0,2,33,3
20,0,20,7.8,0,0,2,3,2
7,3,7,14.0,0,0,0,45,5
21,0,21,17.3,0,0,2,9,2
12,2,12,21.4,0,0,0,8,5
18,4,18,21.5,0,0,0,32,5
13,1,13,25.8,0,0,33,62,0
7,5,7,4.7,0,0,0,5,8
4,0,4,15.9,0,0,0,7,5
0,3,0,18.2,0,0,8,6,9
5,1,5,16.6,0,0,4,7,5
14,0,14,30.0,0,0,2,13,3
5,4,5,12.9,0,0,2,5,3
16,6,16,33.4,0,0,2,13,3
9,0,9,6.9,0,0,2,16,3
19,0,19,25.5,0,0,4,7,2
12,3,12,16.0,0,0,14,17,13
17,1,17,18.6,0,0,2,44,2
9,5,9,5.8,0,0,0,76,0
1,6,1,18.2,0,0,0,1,0
5,3,5,0.6,0,0,0,5,5
1,2,1,10.7,0,0,0,1,0
9,3,9,24.0,0,0,0,53,0
4,4,4,10.2,1,2,0,25,5
18,3,18,16.1,0,0,0,21,0
17,3,17,14.2,0,0,0,34,5
10,0,10,16.6,0,0,0,3,5
17,3,17,32.4,0,0,2,8,3
1,4,1,8.2,0,0,0,1,0
14,2,14,17.6,0,0,2,7,2
8,4,8,11.3,0,0,17,0,7
7,4,7,14.1,0,0,0,8,8
18,2,18,12.2,0,0,16,21,2
6,0,6,13.4,0,0,6,9,5
0,5,0,16.1,0,0,13,19,13
16,0,16,25.3,0,0,0,9,8
12,3,12,20.7,0,0,4,63,3
15,0,15,33.9,0,0,2,9,3
9,5,9,5.7,0,0,0,29,8
5,4,5,9.5,0,0,0,32,5
5,1,5,15.4,0,0,2,5,3
11,3,11,10.7,1,2,2,33,3
13,3,13,17.3,0,0,0,5,5
5,5,5,7.1,0,0,4,21,2
11,1,11,25.1,0,0,2,45,3
17,2,17,25.9,0,0,0,21,0
5,0,5,10.8,1,0,0,25,8
9,3,9,7.0,0,0,27,36,0
12,0,12,16.8,0,0,0,11,8
11,3,11,9.4,0,0,10,100,28
8,0,8,4.3,0,0,10,100,36
19,1,19,23.1,0,0,2,54,3
8,4,8,7.3,0,0,2,16,3
0,4,0,9.2,0,0,16,21,8
6,1,6,9.0,0,0,15,6,14
4,5,4,6.6,0,0,1,2,6
12,1,12,11.3,0,0,0,13,8
8,4,8,8.1,0,0,4,14,3
2,6,2,18.6,0,0,1,2,6
10,5,10,9.0,0,0,7,26,7
15,3,15,18.7,0,0,0,7,8
7,4,7,10.0,0,0,0,91,5
19,4,19,16.1,0,0,4,3,5
7,2,7,5.4,0,0,4,13,5
16,2,16,17.3,0,0,0,5,8
8,1,8,5.6,0,0,0,5,8
5,6,5,15.2,0,0,2,7,3
16,5,16,15.4,0,0,6,9,0
11,1,11,14.8,0,0,0,7,5
17,5,17,26.2,0,0,2,12,2
6,3,6,9.4,0,0,0,8,5
4,2,4,12.0,0,0,0,4,8
16,3,16,26.3,0,0,0,3,8
8,3,8,8.7,0,0,0,9,8
5,5,5,2.6,0,0,4,10,3
9,0,9,18.1,0,0,0,37,0
19,3,19,30.4,0,0,0,61,5
5,0,5,9.3,0,0,2,5,3
16,2,16,12.8,0,0,4,44,3
20,5,20,12.2,0,0,0,36,8
14,5,14,14.7,0,0,0,3,8
14,3,14,14.1,0,0,0,3,8
5,0,5,9.6,0,0,8,6,9
16,5,16,16.6,0,0,0,21,14
8,4,8,17.4,0,0,0,5,5
0,2,0,17.6,0,0,11,23,14
14,3,14,26.7,0,0,0,13,5
0,1,0,9.2,0,0,7,14,7
8,5,8,6.2,0,0,16,11,8
1,5,1,25.2,0,0,2,16,3
10,1,10,23.0,0,0,18,32,6
20,1,20,23.3,0,0,4,10,3
4,2,4,9.5,0,0,0,5,5
15,3,15,13.6,0,0,16,10,5
12,5,12,14.2,0,0,0,16,8
6,2,6,3.5,0,0,0,8,5
5,5,5,15.5,0,0,0,12,5
13,3,13,18.4,1,2,2,8,3
12,0,12,11.1,0,0,0,11,8
14,0,14,27.3,0,0,0,9,5
16,2,16,10.8,0,0,0,45,5
8,0,8,3.2,0,0,0,32,5
5,4,5,4.2,0,0,2,7,2
21,4,21,7.0,1,2,16,21,2
7,6,7,6.9,0,0,0,36,8
4,3,4,4.5,0,0,0,5,8
11,5,11,21.5,0,0,2,44,3
15,2,15,25.4,0,0,4,5,2
8,1,8,12.7,0,0,0,9,14
14,4,14,16.9,0,0,4,78,2
14,5,14,15.2,0,0,4,5,3
15,4,15,15.7,0,0,0,34,5
6,4,6,8.3,0,0,15,6,3
3,5,3,14.0,0,0,1,2,1
1,5,1,17.4,0,0,1,2,6
12,4,12,11.0,0,0,2,110,3
13,5,13,26.5,0,1,2,30,3
19,5,19,24.4,0,0,2,16,3
23,1,23,9.3,0,0,7,9,7
1,4,1,17.4,0,0,0,1,0
11,1,11,17.5,0,0,1,2,1
16,4,16,27.1,0,0,0,3,5
4,6,4,15.0,0,0,0,12,5
21,5,21,19.7,0,0,16,21,8
9,5,9,8.9,0,0,0,32,5
18,0,18,27.1,0,0,0,12,8
8,1,8,0.9,0,0,18,32,6
2,2,2,5.1,0,0,0,9,5
6,2,6,6.5,0,0,4,21,2
13,0,13,29.5,0,0,14,17,13
18,4,18,12.7,0,0,0,13,5
10,5,10,16.8,0,0,0,3,8
5,1,5,8.8,0,0,0,16,5
12,2,12,13.8,0,0,1,2,1
12,0,12,19.6,0,0,4,32,3
4,2,4,4.7,0,0,1,2,6
17,3,17,28.3,0,0,7,0,7
20,4,20,6.6,0,0,9,0,10
4,3,4,9.2,0,0,2,4,3
5,6,5,16.5,0,0,2,4,3
20,6,20,19.9,0,0,2,16,3
5,1,5,9.4,0,0,4,3,2
10,1,10,20.0,0,1,10,80,17
3,0,3,5.0,0,0,2,6,3
9,2,9,13.9,0,0,0,13,5
1,2,1,9.6,0,0,1,2,6
12,1,12,15.7,0,0,0,11,5
14,1,14,25.7,0,0,0,61,8
7,2,7,4.6,0,0,0,9,14
21,2,21,11.3,1,2,0,5,8
5,1,5,9.7,0,0,0,16,8
16,0,16,7.9,0,0,0,33,8
4,1,4,10.3,0,0,2,4,3
7,3,7,8.4,0,0,2,16,2
15,3,15,26.8,0,0,16,21,8
4,6,4,13.0,0,0,0,12,5
9,1,9,15.2,0,0,18,32,26
12,4,12,7.2,0,0,2,3,2
10,2,10,12.0,0,0,0,8,8
15,2,15,7.7,0,0,6,93,5
11,4,11,7.2,0,0,0,7,8
12,5,12,16.9,0,0,2,33,3
5,0,5,16.5,0,0,4,8,5
12,5,12,20.1,0,0,0,13,8
4,4,4,8.2,0,0,0,27,5
11,2,11,13.8,0,0,2,30,3
9,4,9,6.6,0,0,0,53,0
20,3,20,16.6,0,0,2,4,3
7,1,7,13.6,0,0,0,13,5
11,4,11,20.0,0,0,0,10,5
7,6,7,3.0,0,0,0,3,8
16,5,16,21.2,0,0,4,8,3
5,2,5,9.4,0,0,6,9,5
21,4,21,6.5,0,0,2,4,3
23,2,23,7.9,0,0,0,20,14
0,4,0,9.3,0,0,2,21,3
20,6,20,10.0,0,0,0,54,5
19,5,19,13.8,0,0,0,8,8
0,5,0,10.9,0,0,7,0,7
0,3,0,16.1,0,0,9,0,18
0,0,0,9.2,0,0,1,2,6
12,2,12,21.7,0,0,1,2,1
6,4,6,8.0,0,0,0,7,8
4,6,4,1.3,0,0,8,0,9
8,1,8,5.7,0,0,4,5,3
8,5,8,18.5,0,0,0,32,5
5,6,5,4.0,0,0,6,9,5
20,1,20,27.1,0,1,0,3,8
5,6,5,12.3,0,0,6,9,5
23,6,23,7.3,0,0,0,22,14
17,0,17,22.6,0,0,0,3,8
23,4,23,8.3,0,0,6,9,5
1,5,1,7.1,0,0,0,21,8
10,0,10,10.9,0,0,0,54,5
14,0,14,19.5,0,0,7,26,7
17,6,17,17.4,0,0,0,15,5
19,0,19,28.5,0,0,6,9,0
10,6,10,6.0,0,0,27,36,0
7,6,7,8.2,0,0,4,21,3
18,2,18,12.5,0,0,0,13,8
4,1,4,15.1,0,0,2,7,3
14,3,14,25.6,0,0,10,51,17
5,6,5,11.7,0,0,0,16,5
15,2,15,14.8,0,0,4,16,2
4,0,4,14.2,0,0,2,4,2
12,3,12,18.7,0,1,26,49,12
7,2,7,12.8,0,0,2,16,3
5,5,5,5.0,0,0,4,12,5
8,3,8,10.7,0,0,4,50,3
22,3,22,23.5,0,0,0,17,0
6,2,6,0.9,0,0,0,8,8
19,3,19,25.6,0,0,2,32,3
19,3,19,6.8,0,0,4,36,5
12,0,12,18.1,0,0,0,3,8
11,0,11,19.8,0,0,0,3,8
5,0,5,10.8,0,0,0,16,5
12,6,12,21.6,0,0,4,32,2
19,4,19,24.5,0,0,0,3,5
11,6,11,14.4,0,0,0,3,8
11,1,11,11.3,0,0,0,0,0
7,3,7,8.4,0,0,2,33,3
11,0,11,8.6,0,0,2,16,2
20,2,20,13.4,0,0,0,7,5
12,2,12,24.0,0,1,0,11,8
8,1,8,17.4,0,0,2,7,3
6,1,6,6.3,0,0,4,6,3
7,3,7,15.8,0,0,6,9,5
0,6,0,21.3,0,0,0,1,0
9,4,9,7.6,0,0,2,16,3
7,6,7,7.9,0,0,0,4,8
5,0,5,12.0,0,0,2,3,3
5,3,5,7.3,0,0,4,10,5
20,5,20,19.2,0,0,0,9,8
16,5,16,15.3,0,0,0,3,8
0,4,0,15.4,0,0,2,21,3
13,6,13,26.7,0,0,33,62,0
0,4,0,19.4,0,0,16,21,3
12,0,12,14.1,0,1,0,45,5
4,1,4,4.8,0,0,2,11,2
20,0,20,10.2,0,0,13,19,13
21,4,21,8.0,0,0,0,3,8
0,0,0,7.6,0,0,0,6,14
21,0,21,17.3,0,0,0,9,8
21,6,21,10.5,0,0,10,99,31
9,1,9,9.5,0,0,0,13,5
2,5,2,18.3,0,2,2,6,3
5,4,5,5.9,0,0,2,3,3
2,2,2,5.9,0,0,10,5,17
8,3,8,21.3,0,1,17,0,7
1,4,1,14.4,0,0,0,37,0
7,0,7,4.4,0,0,0,36,8
4,6,4,16.2,0,0,0,7,8
12,1,12,16.2,0,0,26,49,13
14,4,14,27.7,0,0,2,45,3
11,1,11,8.0,0,0,4,63,3
11,3,11,12.4,0,0,4,63,5
5,0,5,4.0,0,0,2,7,3
8,2,8,7.0,0,0,2,16,3
16,0,16,16.5,0,0,0,32,5
14,2,14,13.4,1,0,4,21,2
5,3,5,6.3,0,0,0,5,8
7,1,7,10.1,0,0,24,47,23
5,5,5,13.2,0,0,2,7,3
15,5,15,19.4,0,0,0,3,5
8,2,8,8.1,0,0,0,33,5
5,5,5,7.7,0,0,6,9,5
3,2,3,9.7,0,0,80,26,7
23,1,23,16.2,0,0,0,6,5
19,2,19,6.2,0,0,2,4,2
6,3,6,8.1,0,0,4,11,2
0,1,0,18.5,0,0,11,23,14
8,2,8,5.1,0,0,0,29,8
16,0,16,13.8,0,0,2,44,2
18,0,18,15.5,0,0,2,33,2
17,6,17,11.2,0,0,2,13,3
19,1,19,25.6,0,0,16,11,5
6,3,6,8.0,0,0,2,9,2
11,3,11,18.0,0,0,0,13,5
22,6,22,8.4,0,0,11,0,14
8,0,8,16.8,0,0,4,14,3
19,0,19,14.6,0,0,2,8,3
16,1,16,28.5,0,0,2,44,2
10,2,10,10.0,0,0,0,53,0
3,4,3,12.9,0,0,1,2,1
14,4,14,24.2,0,0,2,3,3
19,6,19,20.7,0,0,4,3,2
10,4,10,10.4,0,0,2,13,3
17,3,17,12.3,0,0,4,5,3
1,4,1,3.5,0,0,8,6,9
18,2,18,14.4,0,0,0,16,5
19,5,19,19.3,0,0,0,78,8
0,2,0,17.2,0,0,0,9,8
16,3,16,11.2,0,0,0,32,5
4,5,4,12.2,0,0,0,3,5
7,4,7,7.1,0,0,16,21,8
1,2,1,13.1,0,0,0,37,0
5,0,5,0.8,0,0,0,7,8
4,3,4,10.0,0,0,0,7,8
11,1,11,23.8,0,0,2,8,3
1,3,1,7.1,0,0,1,2,6
16,1,16,17.7,0,0,2,7,2
16,5,16,12.8,0,0,0,6,14
1,5,1,5.4,0,0,1,2,6
23,5,23,20.9,0,1,12,18,7
7,3,7,8.4,0,0,2,42,3
17,5,17,28.6,0,0,0,11,8
7,6,7,8.6,0,0,2,25,2
16,1,16,12.5,0,0,0,21,8
17,5,17,15.0,0,0,0,32,5
0,5,0,18.5,0,0,0,6,9
7,2,7,12.5,0,0,0,29,5
7,3,7,8.3,0,0,0,33,5
8,6,8,15.8,0,0,2,44,3
20,1,20,23.2,0,0,2,21,3
13,0,13,15.0,0,0,0,61,8
9,5,9,6.1,0,0,0,5,8
16,0,16,16.5,0,0,0,3,8
13,6,13,12.4,0,0,0,44,8
17,0,17,33.4,0,0,0,33,5
20,0,20,7.6,0,0,2,9,2
1,5,1,9.4,0,0,0,9,5
20,6,20,9.9,0,0,0,3,8
15,4,15,13.2,0,0,28,55,0
6,0,6,13.4,0,0,0,32,5
5,3,5,12.5,0,0,0,21,0
11,4,11,16.3,0,0,0,8,8
13,6,13,22.8,0,0,33,62,0
17,1,17,28.5,0,0,16,11,8
5,3,5,2.7,0,0,4,32,5
20,6,20,14.9,0,1,0,4,5
4,1,4,10.4,0,0,0,7,5
12,0,12,27.3,0,0,0,36,5
2,5,2,16.8,0,0,1,2,6
6,5,6,6.2,0,0,4,7,3
19,2,19,25.9,0,0,2,4,2
23,1,23,14.8,0,0,0,25,5
19,5,19,8.0,0,0,2,54,3
1,1,1,14.7,0,0,15,6,3
1,0,1,16.2,0,0,8,6,9
7,0,7,17.3,0,0,2,16,2
17,5,17,12.2,0,0,0,32,5
7,1,7,4.2,0,0,4,7,2
4,6,4,14.2,0,0,0,7,8
8,6,8,22.2,0,0,0,9,5
5,5,5,13.0,0,0,0,5,8
5,3,5,5.0,0,0,2,5,3
5,1,5,9.5,0,0,2,8,3
18,4,18,21.4,0,0,6,9,0
13,3,13,27.7,0,1,33,62,0
11,2,11,12.7,0,0,10,81,17
7,1,7,13.6,0,0,0,44,8
9,5,9,16.3,0,0,17,2,7
11,4,11,14.5,0,0,0,3,8
4,0,4,13.7,0,0,2,4,2
23,5,23,17.9,0,0,18,36,6
13,5,13,28.1,0,0,2,36,5
5,1,5,5.3,0,0,2,5,3
4,2,4,9.7,0,0,0,11,8
11,3,11,9.4,0,0,0,66,14
14,4,14,18.0,0,0,29,26,10
16,0,16,19.2,0,0,0,78,8
18,0,18,7.5,0,0,0,13,5
5,5,5,14.7,0,0,0,25,8
20,3,20,19.8,0,0,0,8,8
21,0,21,18.3,0,1,12,18,7
5,0,5,4.5,0,0,4,11,2
22,2,22,7.4,0,0,6,9,5
5,6,5,10.8,0,0,1,2,6
13,2,13,15.1,0,0,2,36,3
12,5,12,12.1,0,0,0,7,8
14,3,14,13.7,0,0,2,7,2
13,5,13,29.3,0,0,0,5,8
2,4,2,8.1,0,0,1,2,1
11,3,11,9.4,0,0,2,7,3
19,2,19,26.4,0,0,0,7,5
5,4,5,4.5,0,0,16,21,8
12,5,12,17.6,0,0,0,16,8
15,6,15,28.5,0,0,0,9,5
21,0,21,19.8,0,0,0,3,8
8,6,8,5.5,0,0,2,13,3
6,2,6,14.9,0,0,0,5,8
17,6,17,29.7,0,0,6,9,5
6,3,6,19.3,0,0,1,2,6
8,5,8,3.2,0,0,0,11,8
4,5,4,4.0,0,0,0,11,8
13,4,13,19.7,0,0,22,56,4
8,4,8,8.0,0,0,0,54,8
9,4,9,6.2,0,0,10,15,34
0,4,0,4.4,0,0,0,6,0
12,3,12,19.5,0,0,2,33,3
11,2,11,12.6,0,0,0,0,14
8,0,8,22.0,0,0,17,0,7
7,3,7,12.8,0,0,2,16,3
10,2,10,20.5,0,0,2,25,2
6,5,6,12.5,0,0,0,5,5
20,1,20,14.2,0,0,2,32,3
18,4,18,34.3,0,1,0,13,8
6,0,6,2.8,0,0,0,7,8
7,6,7,3.4,0,0,2,8,3
0,2,0,20.3,0,0,0,6,9
6,4,6,2.1,0,0,2,32,3
5,1,5,12.0,0,0,2,11,2
20,5,20,20.6,0,0,2,3,2
2,6,2,11.6,0,0,40,0,10
13,1,13,15.8,0,0,2,36,3
15,2,15,15.4,0,0,2,45,3
16,0,16,27.8,0,0,0,44,8
1,4,1,8.2,0,0,8,0,9
13,0,13,17.6,0,0,4,11,5
19,2,19,21.7,0,0,0,7,8
16,6,16,25.8,0,0,0,8,8
4,3,4,12.3,0,0,0,7,8
15,2,15,11.8,0,0,0,12,8
8,6,8,16.9,0,0,4,14,3
6,4,6,2.1,0,0,0,12,8
14,0,14,21.9,0,0,4,21,2
13,3,13,17.5,0,0,2,5,2
1,3,1,4.1,0,0,0,1,0
5,2,5,12.4,0,0,2,11,2
8,1,8,9.1,0,0,2,16,3
22,6,22,10.4,0,0,0,25,8
14,3,14,27.3,0,0,24,47,30
2,1,2,9.1,0,0,15,14,3
10,2,10,11.4,0,0,0,13,8
5,4,5,8.6,0,0,0,11,8
20,0,20,13.9,0,0,0,3,5
20,2,20,11.7,1,2,0,15,5
6,0,6,11.5,0,0,24,28,30
9,2,9,14.3,0,0,0,53,0
6,1,6,9.8,0,0,2,5,3
16,0,16,25.7,0,0,0,6,14
3,3,3,14.3,0,0,15,6,3
0,4,0,5.3,0,0,4,5,3
16,1,16,13.7,0,0,2,13,3
13,1,13,16.1,0,0,4,8,3
5,6,5,15.2,0,0,2,3,2
18,4,18,11.6,0,0,4,32,5
7,2,7,11.6,0,0,2,16,2
19,1,19,16.7,0,0,0,7,8
5,0,5,13.5,0,0,0,7,5
4,4,4,1.7,0,0,1,2,6
6,4,6,11.1,0,0,0,5,8
12,4,12,10.7,0,0,0,7,8
11,0,11,20.6,0,0,2,34,3
1,1,1,18.9,0,0,15,6,3
20,3,20,24.7,0,0,0,25,5
10,6,10,18.4,0,0,0,0,0
7,0,7,12.0,0,0,0,7,5
13,6,13,26.6,0,0,4,32,3
5,3,5,6.8,0,0,0,52,5
12,1,12,9.2,0,0,2,34,2
22,2,22,19.9,0,1,23,41,15
17,6,17,33.3,0,0,0,21,0
17,5,17,16.2,0,0,0,44,8
20,5,20,17.4,0,0,4,3,2
13,5,13,12.6,0,0,22,56,4
13,0,13,15.4,0,0,2,44,3
1,1,1,12.8,0,0,1,2,6
9,2,9,24.1,0,0,0,76,14
14,6,14,27.4,0,1,18,54,20
8,5,8,5.5,0,0,4,44,5
15,2,15,7.6,0,0,2,45,3
5,5,5,7.7,0,0,1,2,6
10,1,10,19.6,0,0,15,6,14
19,0,19,14.9,0,0,2,54,3
17,4,17,16.5,0,0,0,8,8
6,3,6,14.0,0,1,16,21,8
23,4,23,5.6,0,0,0,0,0
6,4,6,8.2,0,0,4,7,2
4,2,4,16.3,0,0,2,4,3
16,4,16,17.8,0,0,4,5,2
11,5,11,13.1,0,0,2,8,3
14,6,14,19.9,0,0,0,16,8
15,5,15,17.3,0,0,0,8,5
15,2,15,25.5,0,0,0,5,8
12,2,12,24.8,0,0,0,11,5
12,2,12,19.5,0,0,0,13,8
17,3,17,27.8,0,0,0,3,8
7,6,7,17.2,0,0,15,6,14
5,6,5,11.0,0,0,4,5,3
10,4,10,10.5,0,0,0,53,0
17,0,17,11.8,0,0,0,13,8
4,5,4,14.7,0,0,0,12,5
12,1,12,21.2,0,0,2,7,2
17,6,17,14.7,0,0,4,50,2
14,6,14,27.5,0,0,0,3,8
5,2,5,9.8,0,0,4,7,3
19,1,19,8.2,0,0,0,4,8
15,2,15,20.3,0,0,16,21,8
5,3,5,12.7,0,0,4,12,2
8,1,8,9.9,0,0,0,10,5
11,4,11,12.5,0,0,0,33,8
21,2,21,12.8,0,0,0,8,8
2,6,2,11.6,0,0,0,1,0
13,4,13,19.9,0,0,4,16,5
22,2,22,7.1,0,0,0,3,8
5,5,5,9.6,1,2,0,9,5
6,1,6,9.0,0,0,4,7,5
7,1,7,5.9,0,0,0,8,5
15,4,15,29.0,0,1,29,26,10
6,1,6,5.9,0,0,2,36,3
6,6,6,12.5,0,0,2,7,3
8,1,8,16.3,0,0,6,9,5
16,4,16,16.1,0,0,1,2,6
20,1,20,3.7,0,0,0,4,8
20,1,20,4.8,0,0,2,9,2
5,4,5,4.9,0,0,0,25,8
23,0,23,9.8,0,0,0,43,14
17,6,17,12.7,0,0,0,15,8
4,3,4,16.1,0,0,2,3,2
5,4,5,8.1,0,0,4,3,2
5,2,5,9.3,0,0,6,9,5
13,6,13,31.0,0,0,0,32,8
11,5,11,17.2,0,0,0,30,5
13,0,13,15.3,0,0,0,9,5
6,2,6,10.2,0,0,4,32,5
5,2,5,14.7,0,0,4,6,3
8,4,8,12.0,0,0,4,14,3
18,6,18,24.9,0,0,0,33,5
23,6,23,22.2,0,0,13,19,13
19,0,19,8.2,0,0,4,32,3
6,0,6,8.6,0,0,0,5,5
10,3,10,21.4,0,0,0,3,8
5,0,5,16.0,0,0,4,11,3
14,3,14,13.0,0,0,2,33,3
4,4,4,9.5,0,0,0,7,8
18,4,18,15.8,0,0,2,4,3
14,6,14,27.3,0,0,0,9,5
8,0,8,7.1,0,0,0,32,5
7,0,7,12.0,0,0,15,6,14
17,6,17,14.5,0,0,4,50,2
7,0,7,6.8,0,0,0,29,8
6,2,6,15.3,0,0,4,21,2
4,4,4,12.7,0,0,0,25,8
13,5,13,26.2,0,0,0,9,5
10,5,10,7.9,0,0,0,33,5
8,3,8,12.3,0,0,0,44,8
1,2,1,11.2,0,0,1,2,6
14,4,14,28.2,0,0,0,16,8
6,1,6,16.4,0,0,2,9,2
20,5,20,16.6,0,0,0,25,5
16,5,16,31.8,0,0,0,7,8
8,2,8,8.2,0,0,10,7,19
6,0,6,4.0,0,0,2,8,3
10,4,10,7.6,0,0,0,7,5
10,2,10,19.8,0,1,0,25,8
5,2,5,12.2,0,0,0,7,8
7,3,7,8.8,0,0,0,33,8
11,2,11,10.9,0,0,14,17,13
0,2,0,18.4,0,0,7,0,7
13,2,13,18.3,0,0,33,62,0
17,6,17,15.5,0,0,0,54,5
2,5,2,16.9,0,0,2,6,3
11,5,11,13.0,0,0,1,2,1
14,3,14,15.2,0,0,0,5,8
7,3,7,10.4,0,0,4,5,2
5,4,5,0.2,0,0,4,12,2
5,0,5,14.0,0,0,0,3,5
18,1,18,9.5,0,0,2,44,3
16,6,16,15.6,0,0,0,8,8
16,6,16,19.2,0,0,0,78,8
22,2,22,6.5,0,0,23,41,15
21,3,21,17.0,0,0,4,5,3
17,0,17,14.6,0,0,0,21,8
15,6,15,19.9,0,0,0,78,5
15,5,15,20.2,0,0,0,8,5
12,0,12,12.6,0,0,7,0,7
13,3,13,24.8,0,0,0,29,8
8,4,8,13.9,0,0,0,7,5
4,4,4,15.6,0,0,3,26,4
23,3,23,8.6,0,0,0,4,5
6,1,6,8.9,0,0,0,7,8
7,2,7,14.0,0,0,0,33,8
13,2,13,18.4,0,0,0,44,8
13,4,13,17.4,0,0,0,61,8
15,5,15,22.5,0,0,0,12,8
14,2,14,14.5,0,0,0,21,8
11,3,11,12.2,0,0,0,53,0
20,0,20,15.3,1,2,0,54,5
8,3,8,3.9,0,0,17,0,7
23,6,23,16.2,0,0,0,0,14
0,6,0,17.7,0,0,2,36,3
7,3,7,3.6,0,0,0,29,8
8,0,8,15.8,0,0,22,56,4
13,0,13,29.5,0,1,4,54,2
19,5,19,12.4,0,0,0,8,8
14,1,14,11.3,0,0,0,30,5
23,2,23,12.6,0,0,0,22,0
7,6,7,9.9,0,0,4,5,3
21,2,21,10.4,0,0,2,16,3
22,2,22,15.3,0,0,0,0,0
3,3,3,7.4,0,0,10,16,17
4,6,4,7.2,0,0,6,9,5
5,1,5,9.0,0,0,4,11,2
8,6,8,16.8,0,0,2,8,3
2,0,2,10.7,0,0,1,2,1
18,0,18,13.7,0,0,16,21,2
18,2,18,10.4,0,0,0,7,8
5,4,5,13.4,0,0,1,2,6
12,2,12,20.7,0,0,18,32,26
15,6,15,20.7,0,0,4,8,5
10,5,10,8.1,0,0,2,30,3
10,1,10,10.5,0,0,2,45,3
19,0,19,14.8,0,0,0,5,8
20,3,20,10.4,0,0,0,4,8
13,2,13,14.6,0,0,2,5,3
6,5,6,8.6,0,0,16,21,8
22,2,22,8.8,0,0,23,41,15
12,0,12,31.4,0,0,0,13,5
13,1,13,11.5,0,0,33,62,0
16,0,16,28.0,0,0,0,6,14
10,1,10,12.2,0,0,0,9,0
5,2,5,13.8,0,0,0,25,5
8,4,8,1.0,0,0,0,8,8
5,3,5,8.8,0,0,0,7,8
20,4,20,9.7,0,0,4,3,3
5,0,5,13.0,0,0,4,12,3
5,6,5,12.8,0,0,0,7,8
8,5,8,7.2,0,0,0,21,8
20,2,20,8.6,0,0,13,19,13
7,3,7,2.6,0,0,0,4,8
12,1,12,15.8,0,0,0,7,8
18,0,18,22.1,0,0,4,32,5
5,0,5,12.1,0,0,4,7,3
7,5,7,12.7,0,0,0,3,5
0,0,0,20.0,0,0,21,36,7
16,6,16,29.1,0,0,4,50,2
8,0,8,8.2,0,0,0,30,5
13,2,13,21.9,0,0,0,21,8
5,1,5,16.5,0,0,1,2,6
8,0,8,21.5,0,0,0,10,5
12,5,12,21.9,0,0,2,34,2
11,2,11,18.5,0,0,2,13,2
6,3,6,14.1,0,0,0,8,5
12,2,12,25.0,0,0,26,49,13
4,2,4,8.9,0,0,0,25,5
21,0,21,10.4,0,0,11,0,14
18,6,18,24.5,0,0,0,33,8
12,1,12,19.1,0,0,0,32,5
2,5,2,11.3,0,0,16,21,8
6,4,6,12.3,0,0,2,32,3
4,1,4,10.2,0,0,2,5,3
18,5,18,26.0,0,0,2,4,3
8,2,8,3.1,0,0,2,4,2
2,2,2,16.1,0,0,1,2,6
5,4,5,15.2,0,0,1,2,6
15,1,15,27.4,0,0,2,45,3
7,5,7,15.7,0,0,0,12,8
20,1,20,14.1,0,0,0,7,8
11,0,11,7.7,0,0,2,45,3
5,3,5,8.1,0,0,2,11,2
19,4,19,15.0,0,0,0,44,8
8,5,8,3.8,0,0,2,16,3
15,5,15,15.8,0,0,2,44,3
15,2,15,11.6,0,0,0,5,8
1,4,1,6.3,0,0,1,2,6
21,0,21,14.8,0,0,0,5,8
6,5,6,5.6,0,0,0,8,8
7,3,7,12.9,0,0,2,42,3
12,5,12,10.7,0,0,0,34,5
4,6,4,5.8,0,0,0,25,8
23,1,23,10.2,0,0,0,20,14
5,1,5,9.3,0,0,1,2,6
8,5,8,5.4,0,0,2,16,2
14,3,14,9.6,1,2,0,7,8
12,4,12,14.3,0,0,2,34,3
8,5,8,11.6,0,0,0,45,5
17,2,17,30.7,0,0,10,7,17
20,1,20,15.5,0,0,0,36,5
12,0,12,12.5,0,0,2,34,3
1,0,1,14.7,0,0,0,6,14
11,1,11,10.9,0,0,1,2,1
13,3,13,10.0,1,2,2,21,3
18,0,18,17.2,0,0,0,36,8
7,6,7,11.3,0,0,0,5,8
11,0,11,11.8,0,0,0,21,8
18,3,18,23.9,0,0,2,12,2
11,2,11,20.3,0,0,0,53,0
17,6,17,9.9,0,0,0,54,5
1,5,1,6.8,1,2,4,5,2
20,3,20,23.5,0,0,4,16,2
12,6,12,25.7,0,0,26,49,13
4,0,4,14.8,0,0,0,3,5
12,5,12,17.8,0,0,0,34,5
18,0,18,16.7,0,0,0,5,8
5,1,5,13.0,0,0,2,7,3
11,3,11,12.7,0,0,0,13,8
18,6,18,13.9,0,0,0,13,5
0,5,0,8.6,0,0,15,6,3
16,5,16,20.1,0,0,2,3,2
5,0,5,13.1,0,0,2,119,3
4,4,4,15.3,0,0,5,9,4
22,4,22,6.2,0,0,18,36,6
21,0,21,12.8,0,0,2,9,2
6,2,6,12.3,0,0,0,8,5
20,5,20,6.5,0,0,2,9,2
16,5,16,22.1,0,0,0,11,8
16,6,16,29.4,0,0,0,36,8
23,2,23,10.8,0,0,16,21,5
8,1,8,8.9,0,0,7,9,7
9,2,9,22.0,0,1,2,8,3
0,1,0,6.9,0,0,1,2,6
17,3,17,14.0,0,0,2,12,3
15,6,15,30.7,0,0,38,48,39
22,0,22,19.4,0,0,0,0,0
21,0,21,19.4,0,1,2,3,2
10,3,10,11.1,0,0,2,33,3
6,2,6,9.5,0,0,4,7,5
9,5,9,20.3,0,0,0,42,5
12,3,12,16.4,0,0,0,5,8
15,5,15,22.2,0,0,2,7,3
22,1,22,3.6,0,0,23,41,15
15,1,15,11.5,0,0,2,5,2
5,0,5,12.7,0,0,4,7,2
5,0,5,11.9,0,0,0,32,5
21,0,21,6.0,0,0,2,3,3
9,1,9,22.9,0,1,10,13,36
12,3,12,23.0,0,0,0,25,8
5,2,5,11.6,0,0,0,3,8
15,5,15,20.3,0,0,0,11,8
11,5,11,10.4,0,0,2,45,3
18,4,18,9.8,0,0,0,3,8
17,1,17,12.0,0,0,0,17,14
20,4,20,8.9,0,0,7,0,7
10,3,10,9.2,0,0,2,13,2
6,5,6,13.3,0,0,4,32,2
4,4,4,11.8,0,0,2,5,3
11,6,11,11.6,0,0,0,3,8
6,4,6,6.1,0,0,2,3,2
19,4,19,6.4,0,0,16,21,3
12,4,12,7.2,0,0,0,13,5
16,6,16,19.8,0,0,4,7,2
6,6,6,9.8,0,0,2,36,3
20,6,20,15.5,0,1,0,36,8
10,0,10,20.9,0,1,0,13,8
11,0,11,24.9,0,1,7,0,7
8,4,8,8.8,0,0,2,13,3
3,6,3,14.0,0,0,1,2,1
21,2,21,9.2,0,0,11,0,14
17,5,17,30.5,0,0,0,13,8
21,2,21,7.6,0,0,2,8,3
10,6,10,12.1,0,0,0,5,8
6,4,6,11.6,0,0,2,3,3
6,3,6,11.2,0,1,0,9,5
8,1,8,2.5,0,0,18,32,26
8,1,8,6.2,0,0,0,5,8
21,3,21,9.0,0,0,11,0,14
19,5,19,14.0,0,0,0,17,0
21,5,21,6.0,0,0,14,24,9
11,3,11,19.6,0,0,0,44,8
4,2,4,12.3,0,0,0,4,8
21,1,21,20.3,0,0,16,21,8
1,5,1,15.9,0,0,0,6,14
13,0,13,31.0,0,0,2,7,3
18,2,18,28.9,0,0,6,9,0
4,1,4,11.4,0,0,0,7,5
13,0,13,23.6,0,0,4,7,5
17,3,17,27.0,0,0,0,16,5
6,4,6,6.9,0,0,2,21,3
18,2,18,16.5,0,0,0,3,8
22,3,22,9.9,0,0,2,8,2
0,5,0,8.3,0,0,1,2,6
12,1,12,13.9,0,0,0,13,8
6,0,6,4.8,0,0,2,36,3
13,2,13,12.3,0,0,33,62,0
14,2,14,24.9,0,0,2,7,3
8,1,8,7.4,0,0,0,54,5
11,2,11,12.8,0,0,0,7,8
5,3,5,8.3,0,0,9,0,10
19,6,19,21.9,0,0,18,32,6
10,1,10,12.3,0,0,0,54,8
6,3,6,15.3,0,0,4,32,5
14,5,14,28.5,0,0,0,9,5
6,4,6,4.5,0,0,10,13,28
18,6,18,12.8,0,0,2,12,3
12,1,12,13.6,0,0,4,63,5
18,4,18,15.8,0,0,0,12,5
21,2,21,5.5,0,0,13,19,13
10,2,10,12.3,0,0,0,8,8
19,0,19,13.1,0,0,2,54,3
11,3,11,19.3,0,0,18,54,20
11,5,11,15.4,0,0,27,36,0
7,2,7,5.6,0,0,4,7,5
17,3,17,26.8,0,0,0,12,8
16,4,16,24.2,0,0,16,21,2
8,0,8,4.0,0,0,0,8,8
17,2,17,20.3,0,0,0,15,5
15,4,15,28.6,0,0,2,12,3
5,1,5,12.4,0,0,0,5,5
12,6,12,13.8,0,0,1,2,1
19,5,19,12.7,0,0,0,8,8
12,5,12,27.3,0,0,0,11,5
19,0,19,28.2,0,0,0,16,8
23,2,23,8.9,0,0,0,43,14
21,6,21,18.0,0,0,2,9,2
10,2,10,12.3,0,0,0,10,5
20,5,20,12.8,0,0,13,19,13
2,1,2,5.7,0,0,1,2,1
8,4,8,5.7,0,0,0,7,8
5,0,5,12.5,0,0,0,42,5
11,5,11,13.8,0,0,2,45,3
21,3,21,5.8,0,0,2,8,3
21,5,21,20.1,0,0,2,9,2
2,0,2,16.2,0,0,1,2,6
12,6,12,21.9,0,0,7,36,7
13,2,13,15.9,0,0,0,3,5
11,0,11,10.6,0,0,14,17,13
22,3,22,7.1,0,0,14,17,13
1,6,1,11.7,0,0,16,21,8
21,2,21,13.0,0,2,0,5,8
23,2,23,6.1,0,0,0,43,14
5,4,5,7.2,0,0,4,12,2
10,6,10,11.5,0,0,19,35,19
16,1,16,12.8,0,0,9,0,18
20,0,20,11.6,0,0,2,9,2
5,2,5,9.2,0,0,4,5,2
16,2,16,14.8,0,0,0,21,0
8,2,8,12.3,0,1,17,0,7
1,0,1,12.0,0,0,1,2,6
19,3,19,25.1,0,0,18,32,6
4,0,4,4.9,0,0,2,11,2
16,6,16,24.8,0,0,0,11,8
14,3,14,15.6,0,0,0,13,5
8,5,8,4.8,0,0,0,9,5
7,2,7,13.0,0,0,0,30,5
4,3,4,5.5,0,0,1,2,6
5,1,5,10.4,0,0,0,36,8
8,4,8,16.8,0,0,0,10,5
8,2,8,1.3,0,0,2,7,3
1,2,1,5.7,0,0,0,21,5
22,5,22,18.1,0,0,11,0,12
5,0,5,15.4,0,0,0,5,8
13,3,13,29.8,0,0,27,36,0
0,1,0,18.5,0,0,35,43,0
21,3,21,20.6,0,1,2,8,3
14,0,14,24.3,0,0,15,6,3
15,6,15,24.8,0,0,4,7,3
5,0,5,13.4,0,0,2,5,3
13,3,13,11.7,0,0,2,5,2
9,4,9,13.7,0,0,17,0,7
4,0,4,9.8,0,0,0,4,5
5,2,5,12.8,0,0,2,7,2
18,1,18,23.4,0,0,6,9,0
0,4,0,8.1,0,0,6,9,5
1,2,1,16.1,0,0,14,17,13
5,1,5,11.1,0,0,2,11,2
10,6,10,16.5,0,0,0,4,8
16,0,16,27.6,0,0,0,16,5
6,4,6,12.9,0,0,4,21,2
21,0,21,23.0,0,0,0,4,5
14,1,14,19.7,0,0,0,3,8
7,0,7,10.0,0,0,2,33,3
7,1,7,8.9,0,0,0,29,8
7,0,7,4.9,0,0,0,13,8
23,1,23,9.2,0,0,0,43,14
22,5,22,19.6,0,0,11,0,12
13,0,13,26.4,0,0,0,9,5
11,2,11,14.5,0,0,27,36,0
11,5,11,13.7,0,0,1,2,1
14,3,14,11.3,0,0,0,9,5
16,2,16,11.2,0,0,0,13,8
12,0,12,8.2,0,0,2,16,3
12,1,12,23.8,0,1,0,10,8
5,1,5,13.2,0,0,0,7,5
6,1,6,11.1,0,0,10,41,34
12,0,12,29.7,0,1,26,49,12
15,1,15,14.1,0,0,6,93,5
21,4,21,23.2,0,0,0,4,5
2,3,2,21.3,0,0,1,2,6
12,0,12,11.7,0,0,2,5,3
7,2,7,4.5,0,0,18,32,6
1,5,1,13.7,0,0,16,21,8
14,0,14,10.5,0,0,0,9,8
5,3,5,9.9,0,0,2,3,2
18,6,18,17.1,0,0,0,32,5
16,3,16,26.5,0,0,0,5,5
5,0,5,15.8,0,0,4,3,2
14,4,14,24.7,0,1,29,26,10
22,6,22,7.0,0,0,0,3,8
17,0,17,8.3,0,0,0,21,8
18,1,18,19.1,0,0,0,5,8
7,1,7,7.5,0,0,0,5,8
5,2,5,13.5,0,0,1,2,6
13,4,13,19.6,0,0,4,16,5
7,2,7,10.0,0,0,0,7,8
9,4,9,21.3,0,0,18,32,6
5,6,5,11.6,0,0,4,10,2
5,1,5,8.6,0,0,4,11,2
5,3,5,17.0,0,0,4,21,2
10,3,10,19.8,0,0,0,34,5
19,6,19,29.8,0,0,0,8,8
22,4,22,12.8,0,0,12,18,7
13,6,13,27.2,0,0,33,62,0
5,1,5,10.9,0,0,2,7,3
20,5,20,6.8,0,0,2,8,3
15,2,15,20.6,0,0,16,10,5
3,2,3,12.1,0,0,9,0,7
18,2,18,14.3,0,0,2,13,2
7,4,7,14.9,0,0,2,33,3
16,2,16,21.4,0,0,0,54,5
0,5,0,16.3,0,0,0,6,9
9,0,9,17.9,0,0,0,21,8
21,0,21,7.5,0,0,0,9,8
17,0,17,13.8,0,0,4,9,2
4,3,4,1.2,0,0,1,2,6
11,2,11,9.7,0,0,2,16,2
5,2,5,15.5,0,0,2,7,2
23,3,23,17.0,0,0,0,0,0
1,3,1,7.1,0,0,0,1,0
12,4,12,25.5,0,0,0,11,5
9,5,9,19.5,0,0,0,21,8
8,6,8,9.5,0,0,4,7,3
18,3,18,14.7,0,0,2,44,3
7,6,7,11.3,0,0,19,28,63
21,6,21,12.6,0,0,2,7,2
7,2,7,11.4,0,0,0,7,8
5,2,5,9.0,0,0,0,5,8
6,2,6,3.2,0,0,15,6,14
4,6,4,10.1,0,0,0,25,5
12,3,12,11.2,0,0,0,13,8
11,1,11,23.8,0,1,14,17,13
17,6,17,18.1,0,0,4,8,2
7,3,7,1.7,0,0,0,33,5
19,6,19,12.6,0,0,0,25,8
2,4,2,18.5,0,0,1,2,6
16,2,16,16.8,0,0,4,3,2
16,0,16,18.6,0,0,0,3,8
5,1,5,4.9,0,0,2,5,3
3,5,3,13.1,0,0,80,26,7
7,3,7,7.9,0,0,2,42,3
7,4,7,10.8,0,0,0,36,8
4,2,4,15.0,0,0,0,3,8
12,5,12,12.3,0,0,2,61,2
22,1,22,3.3,0,0,4,5,3
7,6,7,5.7,0,0,2,5,3
14,3,14,17.1,0,0,16,110,3
5,6,5,7.7,1,2,7,0,7
15,3,15,12.9,0,0,0,21,5
2,2,2,7.6,0,0,16,21,8
2,5,2,14.0,0,0,1,2,1
5,5,5,4.0,0,0,0,3,8
5,5,5,7.1,0,0,2,9,2
5,6,5,13.4,0,0,4,10,3
15,1,15,18.1,0,0,0,9,8
22,5,22,6.3,0,0,11,0,14
5,0,5,9.1,0,0,4,12,5
6,3,6,9.5,0,0,2,9,2
17,5,17,24.7,0,0,2,44,3
6,3,6,10.9,0,0,16,21,3
13,2,13,10.4,0,0,10,13,19
17,6,17,18.3,0,0,2,8,3
19,3,19,9.1,0,0,4,7,2
4,3,4,6.7,0,0,0,7,5
5,3,5,17.1,0,0,1,2,6
1,6,1,13.8,0,0,1,2,6
5,6,5,11.0,0,0,4,10,2
19,1,19,27.4,0,0,16,11,8
15,1,15,15.3,0,0,2,44,3
9,1,9,6.5,0,0,0,8,8
8,4,8,16.7,1,1,0,7,8
17,3,17,14.5,0,0,4,44,2
19,0,19,26.9,0,0,0,61,5
12,6,12,22.4,0,0,7,0,7
7,0,7,3.6,0,0,24,47,22
14,3,14,19.5,0,0,2,3,2
6,6,6,8.7,0,0,0,12,8
6,3,6,6.7,0,0,16,21,8
18,6,18,24.8,0,0,2,12,2
5,4,5,8.1,0,0,0,3,8
0,5,0,25.6,0,0,4,8,3
6,3,6,1.7,0,0,2,5,3
13,2,13,29.3,0,0,0,8,5
11,2,11,16.5,0,0,0,8,8
4,4,4,15.4,0,0,0,5,8
16,2,16,25.6,0,0,4,44,3
12,2,12,29.2,0,1,1,2,6
11,4,11,18.3,0,0,2,34,3
7,5,7,12.5,0,0,16,21,8
17,6,17,26.0,0,0,4,78,2
13,5,13,14.4,0,0,0,32,5
8,6,8,14.7,0,0,4,14,3
17,6,17,9.9,0,0,16,11,5
10,3,10,13.9,0,0,0,45,5
5,1,5,4.7,0,0,2,9,2
18,6,18,14.7,0,0,18,32,26
17,2,17,11.5,0,0,2,44,2
12,0,12,20.3,0,0,0,34,5
18,2,18,24.7,0,0,0,12,8
17,6,17,26.1,0,0,2,58,3
18,5,18,23.5,0,0,2,4,3
5,2,5,9.2,0,0,4,12,2
23,4,23,13.8,0,0,0,0,0
6,1,6,5.1,0,0,4,5,2
4,4,4,13.6,0,0,0,3,8
15,4,15,15.9,0,0,0,5,8
8,1,8,10.0,0,0,4,44,3
15,2,15,25.1,0,0,2,44,3
1,2,1,13.0,0,0,1,2,6
1,1,1,17.9,0,0,0,6,14
21,5,21,9.3,0,0,0,11,8
15,1,15,20.2,0,0,0,5,8
1,1,1,12.4,0,0,1,2,6
5,0,5,16.0,0,0,10,28,16
9,2,9,16.7,0,0,10,51,17
8,4,8,16.1,0,0,0,44,8
18,5,18,17.6,0,1,10,5,17
8,0,8,9.6,0,0,0,44,5
11,5,11,21.4,0,0,0,0,0
20,2,20,24.6,0,0,2,7,2
6,1,6,13.0,0,0,2,9,2
17,0,17,28.8,0,0,4,12,2
22,0,22,23.8,0,0,11,0,14
11,5,11,13.5,0,0,1,2,1
5,5,5,4.9,0,0,0,32,5
23,6,23,15.2,0,0,35,43,0
16,2,16,26.0,0,0,9,0,10
9,5,9,22.3,0,0,2,16,2
23,4,23,9.2,0,0,2,21,3
19,3,19,26.1,0,0,18,32,6
18,3,18,12.5,0,0,0,5,8
21,3,21,19.3,0,0,13,19,13
16,5,16,18.5,0,0,2,13,2
14,2,14,19.0,0,0,22,56,4
6,0,6,12.2,0,0,0,8,8
7,3,7,13.1,0,0,0,29,8
19,6,19,12.3,0,0,2,4,2
6,0,6,1.7,0,0,24,28,30
7,4,7,14.9,0,0,0,13,8
9,4,9,11.9,0,0,2,36,3
10,3,10,11.6,0,0,0,8,8
5,1,5,16.5,0,0,2,10,3
7,6,7,20.7,0,0,0,78,8
18,5,18,12.8,0,0,0,33,8
13,2,13,13.3,0,0,4,5,2
11,1,11,17.2,0,0,0,53,0
5,3,5,13.0,0,0,0,5,5
11,0,11,23.3,0,0,0,13,8
20,3,20,20.3,0,0,0,16,5
4,4,4,15.9,0,0,0,7,8
10,2,10,11.8,0,0,0,21,0
13,3,13,10.0,1,2,0,8,8
6,5,6,9.4,1,2,0,0,0
15,5,15,27.7,0,0,16,10,2
10,1,10,15.7,0,0,2,34,3
6,6,6,0.5,0,0,0,8,8
17,1,17,15.2,0,0,0,16,5
2,2,2,15.7,0,0,9,0,18
4,5,4,16.3,0,0,2,4,3
4,6,4,11.8,0,0,0,9,5
21,3,21,6.1,0,0,0,9,8
3,4,3,14.9,0,0,5,9,4
4,4,4,8.8,0,0,0,5,8
13,1,13,11.8,1,2,0,1,0
8,0,8,20.2,0,0,2,10,3
4,3,4,2.8,0,0,1,2,6
6,4,6,10.9,0,0,0,8,5
2,1,2,13.7,0,0,0,37,0
5,1,5,13.1,0,0,2,3,3
1,0,1,16.1,0,0,1,2,6
20,4,20,21.1,0,0,2,7,2
6,6,6,16.6,0,0,2,16,2
8,3,8,5.6,0,0,0,10,5
18,5,18,12.9,0,0,0,44,8
17,0,17,16.8,0,0,7,0,7
2,5,2,15.0,0,0,1,2,6
6,2,6,9.2,0,0,4,5,2
17,4,17,30.6,0,0,16,11,2
12,0,12,24.4,0,1,0,44,8
10,5,10,7.7,0,0,2,16,2
12,1,12,11.9,0,0,0,32,5
13,3,13,10.0,1,2,16,10,5
23,0,23,16.0,0,0,35,43,0
9,3,9,8.9,0,0,0,7,8
19,3,19,10.0,0,0,0,17,0
4,3,4,14.0,0,0,8,0,9
13,1,13,25.8,0,0,2,12,3
7,0,7,2.7,0,0,0,8,8
8,0,8,6.1,0,0,0,29,8
9,5,9,7.8,0,0,0,8,8
11,5,11,13.5,0,0,0,21,0
14,1,14,19.7,1,1,10,51,17
8,2,8,11.7,0,0,17,0,7
6,6,6,8.7,0,0,6,9,5
4,2,4,10.6,0,0,0,3,8
16,2,16,33.1,0,0,2,44,2
13,4,13,25.3,0,0,14,17,13
9,3,9,5.7,0,0,2,13,2
7,6,7,3.3,0,0,0,33,5
7,6,7,13.1,0,0,0,34,5
1,2,1,12.0,0,0,23,41,15
8,1,8,11.5,0,0,0,33,5
5,1,5,13.1,0,0,2,7,3
8,0,8,6.2,0,0,2,8,3
16,1,16,12.8,0,0,0,9,0
22,3,22,18.0,0,0,14,24,9
19,4,19,15.5,0,0,2,12,3
19,1,19,13.9,0,0,0,13,5
17,0,17,24.9,0,0,4,38,3
6,0,6,8.4,0,0,0,4,5
17,0,17,28.6,0,0,4,38,2
11,4,11,13.8,0,0,2,29,3
17,6,17,22.6,0,0,2,12,2
1,3,1,19.0,0,0,0,1,0
5,5,5,15.8,0,0,2,11,3
0,3,0,6.3,0,0,0,6,14
17,5,17,19.0,0,0,6,9,0
0,4,0,14.3,0,0,0,6,9
21,0,21,8.7,0,0,0,4,8
9,6,9,7.4,0,0,4,7,2
8,1,8,9.4,0,2,10,100,36
6,1,6,8.8,0,0,2,7,3
5,1,5,11.7,0,0,0,5,8
10,6,10,25.0,0,0,0,54,8
18,5,18,17.5,0,0,2,12,2
17,6,17,14.5,0,0,2,12,2
7,0,7,9.6,0,0,0,5,8
16,5,16,21.5,0,0,2,3,3
4,2,4,9.8,0,0,2,5,3
18,1,18,16.4,0,0,2,4,3
8,4,8,5.9,0,0,0,32,5
16,5,16,17.0,0,0,0,3,8
10,4,10,9.0,0,0,10,85,19
8,5,8,13.1,0,0,0,5,8
9,2,9,19.5,0,0,0,25,8
20,2,20,12.5,0,0,2,54,3
17,4,17,11.4,0,0,0,21,8
15,6,15,25.8,0,0,0,16,5
20,5,20,28.7,0,0,10,8,17
19,4,19,15.2,0,0,16,21,8
5,6,5,1.4,0,0,2,9,2
15,0,15,12.2,0,0,2,7,2
23,3,23,15.6,0,0,0,0,0
15,0,15,27.0,0,0,2,45,3
6,3,6,3.7,0,0,2,21,3
3,2,3,5.3,0,0,0,68,8
6,4,6,12.8,0,0,0,12,8
4,3,4,10.8,1,2,1,2,1
8,6,8,4.0,0,0,2,16,3
15,5,15,15.9,0,0,0,21,8
13,6,13,10.6,0,0,30,9,35
20,0,20,9.8,0,0,6,9,5
21,1,21,18.4,0,0,0,17,0
4,2,4,4.8,0,0,0,5,8
16,1,16,13.7,0,0,9,0,10
3,1,3,12.4,0,0,16,21,5
8,3,8,15.7,0,0,2,16,2
18,6,18,9.8,0,0,18,32,6
8,1,8,12.4,0,0,0,44,8
12,1,12,24.8,0,1,0,45,5
14,0,14,8.0,0,0,0,44,5
18,4,18,14.5,0,0,0,54,5
5,1,5,8.0,0,0,0,12,5
0,6,0,6.8,0,0,15,6,3
0,1,0,15.9,0,0,0,22,14
8,2,8,10.2,0,0,0,9,8
22,6,22,17.3,0,0,2,9,2
12,0,12,23.8,0,0,0,11,5
4,2,4,9.8,0,0,0,5,5
19,2,19,11.0,0,0,4,4,3
9,0,9,23.5,0,0,2,7,3
4,1,4,14.4,0,0,0,25,8
4,0,4,9.9,0,0,0,11,8
5,6,5,15.9,0,0,0,52,5
17,2,17,26.3,0,0,0,13,5
6,1,6,10.5,0,0,4,6,3
22,4,22,19.4,0,0,2,8,2
10,2,10,10.0,0,0,0,29,5
8,5,8,15.4,0,0,0,32,5
20,6,20,11.3,0,0,6,9,5
19,3,19,9.5,0,0,2,8,2
5,5,5,11.4,0,0,2,4,2
5,2,5,4.1,0,0,0,5,5
3,6,3,7.6,1,2,6,9,5
6,0,6,5.3,0,0,2,119,3
14,5,14,30.2,0,0,0,44,8
19,3,19,13.2,0,0,8,0,9
8,2,8,7.8,0,0,0,10,5
13,2,13,16.0,0,0,0,30,5
6,5,6,9.0,1,2,0,0,0
19,3,19,10.1,0,0,2,4,2
8,5,8,4.3,0,0,0,4,8
16,4,16,27.3,0,0,7,0,7
6,2,6,4.6,0,0,0,5,8
18,2,18,25.8,0,0,0,54,5
18,1,18,19.3,0,0,16,21,8
4,4,4,7.1,0,0,0,4,8
11,3,11,20.9,0,0,1,2,1
13,2,13,15.5,0,0,2,5,3
0,5,0,16.0,0,0,14,17,13
13,1,13,23.1,0,0,33,62,0
6,0,6,5.5,0,0,24,47,22
12,1,12,27.4,0,0,2,11,5
20,3,20,22.3,0,0,2,33,3
21,5,21,15.3,0,0,0,9,5
14,6,14,17.6,0,0,4,54,3
23,1,23,10.2,0,0,0,20,14
19,5,19,24.1,0,0,2,3,2
11,1,11,14.8,0,0,4,63,3
10,3,10,22.7,0,0,2,16,3
6,5,6,2.2,0,0,15,6,3
0,1,0,16.7,0,0,0,20,0
10,6,10,22.7,0,1,0,21,8
15,1,15,22.4,0,0,2,3,3
16,3,16,27.7,0,0,4,5,5
4,3,4,8.4,0,0,0,11,8
12,5,12,24.6,0,0,18,9,6
7,4,7,10.3,0,0,2,33,3
8,6,8,12.5,0,0,0,25,8
7,6,7,11.5,0,0,0,13,5
1,4,1,11.6,0,0,16,21,5
16,3,16,27.2,0,0,0,45,5
12,2,12,27.9,0,0,26,49,13
8,1,8,5.3,0,0,10,100,28
10,0,10,17.6,0,0,18,32,6
4,2,4,11.9,0,0,0,16,5
16,4,16,17.1,0,0,0,54,5
6,6,6,8.5,0,0,16,89,3
4,0,4,17.2,0,0,0,16,5
11,6,11,17.6,0,0,14,17,13
5,0,5,1.3,0,0,2,5,3
0,0,0,15.1,0,0,4,54,2
13,3,13,11.7,0,0,0,44,5
1,2,1,12.1,0,0,7,0,7
15,2,15,14.4,0,0,16,10,5
17,3,17,27.9,0,0,2,3,3
15,0,15,18.9,0,0,4,5,3
14,2,14,29.9,0,0,0,7,8
10,1,10,22.1,0,0,2,33,2
12,3,12,12.4,0,0,0,7,8
4,4,4,12.5,0,0,9,0,7
14,3,14,12.8,0,0,0,16,8
14,5,14,17.3,0,0,2,7,2
7,5,7,1.0,0,0,0,16,8
19,1,19,8.1,0,0,4,32,3
10,3,10,11.0,1,2,18,54,20
19,4,19,14.4,0,0,0,44,5
8,5,8,6.5,0,0,17,2,7
14,5,14,8.6,0,0,0,21,8
6,1,6,2.5,0,0,0,7,5
11,1,11,23.2,0,0,0,16,5
13,1,13,25.6,0,0,4,7,2
14,0,14,31.5,0,0,4,42,5
6,4,6,2.1,0,0,2,21,2
14,6,14,27.9,0,0,0,3,8
8,3,8,19.9,0,0,7,0,7
18,6,18,14.3,0,0,0,12,8
22,5,22,6.9,0,0,14,17,13
17,1,17,21.3,0,0,0,54,5
14,2,14,10.0,0,0,16,21,8
5,5,5,7.2,0,0,2,5,3
8,4,8,8.2,0,0,0,54,8
19,5,19,17.1,0,0,2,12,2
23,6,23,6.3,0,0,0,43,14
21,4,21,21.7,0,0,17,2,7
13,5,13,26.3,0,0,26,49,13
0,4,0,14.9,0,0,11,23,14
6,0,6,9.9,0,0,24,47,23
4,3,4,12.5,0,0,2,5,3
9,4,9,15.4,0,0,0,9,8
7,1,7,6.0,0,0,0,36,8
13,2,13,21.5,0,0,33,62,0
21,3,21,15.9,0,0,0,17,0
15,1,15,26.8,0,0,16,110,2
6,2,6,12.9,0,0,0,25,8
5,6,5,15.0,0,0,4,12,2
9,4,9,20.6,0,0,9,0,10
7,0,7,4.7,0,0,24,28,30
14,0,14,31.4,0,0,0,34,5
8,1,8,12.1,0,0,0,53,0
17,4,17,6.8,0,0,4,11,2
10,6,10,20.3,0,1,0,44,5
11,6,11,22.6,0,0,27,36,0
8,6,8,9.4,0,0,0,9,14
6,2,6,9.6,0,0,4,32,3
10,2,10,19.7,0,1,2,45,3
13,1,13,24.0,0,0,4,7,3
12,0,12,19.3,0,0,14,24,9
0,1,0,14.0,0,0,0,22,0
16,4,16,31.4,0,0,0,15,5
7,5,7,3.8,0,0,0,4,8
5,6,5,13.2,0,0,4,11,2
1,4,1,15.8,0,0,0,37,0
8,1,8,9.0,0,0,18,32,6
10,3,10,10.8,0,0,0,8,8
4,0,4,1.8,0,0,0,11,8
23,0,23,13.2,0,0,11,0,14
22,2,22,7.4,0,0,18,36,6
8,1,8,9.5,0,0,19,5,66
1,2,1,11.5,0,0,1,2,6
8,6,8,3.4,0,0,2,3,2
17,1,17,18.5,0,0,0,6,14
4,4,4,4.8,0,0,0,3,8
13,1,13,18.9,0,0,0,32,5
19,0,19,14.4,0,0,2,8,3
15,6,15,15.1,0,0,6,93,5
14,0,14,16.0,0,0,84,33,55
4,5,4,5.5,0,0,1,2,6
15,2,15,28.8,0,0,18,32,6
7,4,7,6.8,0,0,4,7,3
1,0,1,16.6,0,0,10,7,17
18,1,18,12.6,0,0,2,5,3
9,6,9,11.0,0,0,0,44,8
7,5,7,7.8,0,0,4,5,2
7,4,7,8.6,0,0,0,13,8
20,5,20,18.7,0,0,7,0,7
13,6,13,17.4,0,0,0,29,8
7,4,7,7.5,0,0,0,36,8
20,6,20,8.1,0,0,2,54,3
19,5,19,10.7,0,0,2,44,3
19,6,19,22.4,0,0,16,21,2
23,2,23,6.1,0,0,0,0,0
23,0,23,19.2,0,0,2,21,3
12,6,12,28.5,0,0,7,0,7
10,6,10,20.2,0,0,0,57,0
11,2,11,7.5,0,0,0,3,5
18,3,18,17.4,0,0,4,32,3
1,5,1,8.0,0,0,0,21,8
0,2,0,3.1,0,0,15,6,3
6,2,6,6.3,0,0,0,36,8
14,3,14,13.0,0,0,16,110,5
5,2,5,4.6,0,0,4,7,5
12,4,12,16.0,0,1,4,11,2
22,0,22,18.4,0,1,12,18,7
5,1,5,11.2,0,0,4,10,2
4,4,4,5.5,0,0,2,10,3
14,0,14,15.2,0,0,15,6,3
5,5,5,13.1,0,0,2,11,5
21,6,21,10.6,0,0,13,19,13
4,0,4,9.0,0,0,0,16,5
15,1,15,11.7,0,0,2,58,3
10,2,10,10.7,0,0,2,16,2
14,4,14,11.3,0,0,4,21,2
17,3,17,25.4,0,0,6,9,5
20,5,20,13.4,0,0,0,36,5
9,6,9,11.0,0,0,0,13,8
19,5,19,14.9,0,0,0,78,8
0,0,0,11.3,0,0,2,21,3
7,1,7,7.3,0,0,0,5,8
15,0,15,19.9,0,0,24,33,8
18,6,18,25.2,0,0,0,8,5
16,3,16,31.7,0,0,4,7,2
17,4,17,31.1,0,0,0,15,8
18,2,18,23.2,0,0,2,7,2
17,5,17,17.5,0,0,4,38,2
18,3,18,19.4,0,0,0,61,8
8,1,8,9.7,0,0,6,9,5
10,6,10,16.7,0,0,0,57,14
17,6,17,14.0,0,0,4,44,3
8,6,8,4.1,0,0,0,29,8
18,3,18,27.3,0,0,0,7,8
17,5,17,16.5,0,0,0,32,5
10,5,10,16.7,0,0,10,103,11
1,3,1,8.9,0,0,0,21,8
6,3,6,6.0,0,0,4,5,3
5,6,5,10.8,0,0,0,3,8
5,0,5,7.9,0,0,4,21,3
14,4,14,16.8,0,0,4,21,2
3,6,3,20.1,0,0,1,2,1
12,1,12,12.2,0,0,26,49,13
4,6,4,5.9,0,0,2,11,2
0,1,0,6.6,0,0,0,6,14
3,4,3,6.7,0,0,1,2,1
10,1,10,19.5,0,0,0,25,8
23,3,23,17.9,0,0,0,20,14
14,2,14,29.4,0,1,0,9,5
19,1,19,14.7,0,0,2,54,3
23,0,23,19.5,0,0,18,32,6
8,2,8,10.2,0,0,0,32,5
1,5,1,17.5,0,0,15,6,3
13,6,13,15.3,0,0,0,12,8
2,2,2,2.5,0,0,1,2,1
14,6,14,18.2,0,0,29,26,10
0,4,0,8.1,0,0,1,2,6
16,0,16,30.9,0,0,0,11,8
20,1,20,9.3,0,0,0,4,5
12,3,12,21.9,0,0,2,13,2
14,6,14,14.3,0,0,0,9,8
5,6,5,9.4,0,0,4,5,2
0,5,0,11.5,0,0,1,2,6
12,6,12,13.3,0,0,2,44,3
12,1,12,24.6,0,0,0,11,8
19,5,19,26.8,0,0,18,32,6
5,4,5,11.8,0,0,4,8,3
10,0,10,6.2,0,0,0,5,8
22,6,22,10.3,0,0,7,6,7
9,0,9,13.1,0,0,2,16,2
10,1,10,11.8,0,1,10,7,44
2,1,2,5.6,0,0,1,2,1
3,0,3,9.8,0,0,2,6,3
18,2,18,21.1,0,0,0,13,5
14,6,14,19.5,0,0,18,54,20
23,4,23,8.4,0,0,0,20,0
11,0,11,26.3,0,0,0,34,5
17,6,17,19.3,0,0,2,5,3
9,2,9,7.8,0,0,0,53,0
21,5,21,10.9,0,0,2,9,2
16,0,16,8.0,0,0,0,78,8
15,3,15,24.5,0,0,2,33,2
5,4,5,10.7,0,0,0,5,8
14,1,14,21.2,0,0,2,33,3
7,1,7,13.0,0,0,19,92,60
18,4,18,6.4,0,0,0,13,8
6,0,6,9.6,0,0,0,8,8
20,1,20,22.6,0,0,0,4,8
5,2,5,11.6,0,0,0,5,8
2,2,2,4.9,0,0,1,2,1
11,0,11,11.2,0,0,44,25,58
16,1,16,19.5,0,0,2,8,2
20,4,20,14.9,0,0,0,7,8
0,3,0,12.5,0,0,0,25,5
10,6,10,14.6,0,0,0,13,5
10,6,10,12.9,0,0,0,44,8
5,1,5,19.2,0,0,4,6,3
21,4,21,26.5,0,1,4,16,3
12,4,12,18.7,0,0,4,63,3
6,3,6,8.4,0,0,4,50,5
4,3,4,6.3,0,0,0,16,8
13,4,13,15.8,0,0,0,32,5
8,6,8,16.1,0,0,4,14,3
13,3,13,16.7,0,0,28,55,0
0,6,0,8.4,0,0,1,2,6
5,2,5,15.4,0,0,6,9,5
20,0,20,8.9,0,0,0,36,8
15,3,15,10.7,0,0,7,0,7
22,5,22,8.3,1,0,0,4,8
23,1,23,6.9,0,0,0,20,14
9,3,9,5.1,0,0,7,9,7
13,1,13,24.8,0,0,0,45,5
11,1,11,26.1,0,0,2,33,2
6,1,6,5.1,0,0,0,7,5
15,6,15,25.3,0,0,28,55,0
7,4,7,10.9,0,0,0,3,8
8,3,8,7.4,0,0,0,32,5
13,3,13,17.6,0,0,0,5,8
19,2,19,13.3,0,0,2,32,3
18,3,18,28.3,0,1,20,0,7
13,3,13,24.3,0,0,14,17,13
7,2,7,8.1,0,0,0,8,8
6,1,6,12.1,0,0,4,12,2
12,4,12,26.0,0,0,4,11,2
15,2,15,28.2,0,0,7,0,7
4,6,4,2.6,0,0,2,10,3
6,3,6,7.7,0,0,0,5,8
5,6,5,13.6,0,0,8,0,9
16,0,16,22.7,0,0,0,54,5
3,4,3,18.7,0,0,5,9,4
9,2,9,10.1,0,0,2,8,3
6,0,6,13.7,0,0,2,7,3
7,1,7,3.8,0,0,24,47,22
7,6,7,7.7,0,0,30,9,24
5,4,5,8.8,0,0,0,7,8
6,2,6,8.7,0,0,0,12,8
5,0,5,14.7,0,0,2,11,5
14,2,14,11.6,0,0,0,9,8
9,1,9,7.1,0,0,0,44,5
5,2,5,8.6,0,0,0,3,8
7,0,7,13.6,0,0,0,29,8
19,6,19,15.3,0,0,0,16,5
12,2,12,20.2,0,0,2,16,2
4,6,4,1.4,0,0,2,11,2
15,5,15,15.9,0,0,4,16,3
9,0,9,14.2,0,0,2,7,3
23,2,23,13.3,0,0,4,3,2
4,6,4,15.5,0,0,0,4,8
5,6,5,16.6,0,0,6,9,5
6,6,6,10.0,0,0,6,9,5
11,1,11,8.5,0,0,1,2,1
18,0,18,29.0,0,0,10,77,17
18,5,18,32.6,0,0,10,7,11
6,0,6,9.7,0,0,4,21,3
19,3,19,11.0,0,0,0,16,8
23,0,23,5.5,0,0,2,21,3
12,3,12,10.0,1,2,0,36,5
18,2,18,24.1,0,0,0,44,8
7,5,7,13.1,0,0,4,5,5
4,4,4,9.0,0,0,3,26,4
1,4,1,15.9,0,0,0,37,0
13,6,13,10.5,0,0,0,12,5
23,5,23,18.7,0,0,0,0,0
18,0,18,26.2,0,0,2,12,2
11,4,11,11.4,0,0,2,30,3
11,6,11,12.3,0,0,0,66,14
7,3,7,11.0,0,0,0,36,8
4,0,4,4.0,0,0,1,2,6
13,4,13,10.9,0,0,0,44,8
4,5,4,4.6,0,0,2,11,2
15,1,15,18.4,0,0,4,3,2
23,3,23,7.1,0,0,0,43,14
17,4,17,21.7,0,0,0,21,0
7,0,7,14.4,0,0,0,7,8
1,2,1,9.2,0,0,9,0,18
4,1,4,4.6,0,0,1,2,6
12,6,12,13.7,0,0,0,8,8
5,4,5,14.9,0,0,10,3,36
23,1,23,15.6,0,0,0,0,0
21,4,21,18.5,0,0,0,4,8
1,5,1,7.2,0,0,0,1,0
12,5,12,14.6,0,0,0,5,8
5,1,5,3.8,0,0,6,9,5
15,6,15,17.1,0,0,2,45,3
5,3,5,9.5,0,0,0,5,5
13,0,13,29.3,0,0,10,71,17
13,6,13,14.7,0,0,0,9,5
5,5,5,4.9,0,0,0,7,8
14,5,14,19.0,0,0,4,5,3
12,2,12,16.8,0,0,19,39,38
16,1,16,21.0,0,0,2,58,3
20,4,20,22.9,0,0,4,32,3
0,3,0,10.9,0,0,15,6,15
16,5,16,12.7,0,0,2,44,3
4,6,4,7.3,0,0,0,7,8
8,1,8,12.8,0,0,4,5,2
7,5,7,9.8,0,0,2,33,3
14,0,14,27.2,0,0,4,8,3
3,5,3,7.6,1,2,9,36,10
13,0,13,29.3,0,0,24,25,23
23,4,23,11.5,0,0,0,22,0
7,4,7,12.6,0,0,8,0,9
5,4,5,8.8,0,0,4,21,3
21,1,21,4.1,0,0,63,44,26
10,1,10,25.0,1,0,50,48,51
14,4,14,21.2,0,0,0,29,5
8,1,8,9.5,0,0,4,5,2
15,1,15,21.3,0,0,4,21,2
21,4,21,7.5,0,0,0,25,8
6,0,6,9.7,0,0,0,5,8
1,3,1,15.3,0,0,1,2,6
2,2,2,11.3,0,0,0,6,0
5,4,5,5.2,0,0,0,11,8
13,5,13,19.5,0,0,0,61,8
4,2,4,6.4,0,0,0,4,8
5,0,5,9.2,0,0,2,8,3
5,2,5,12.4,0,0,4,12,3
9,4,9,9.3,0,0,4,14,3
11,1,11,21.0,0,0,0,3,8
15,6,15,17.4,0,0,0,13,5
18,4,18,11.4,0,0,0,44,5
18,6,18,14.2,0,0,0,16,8
7,2,7,9.1,0,0,0,13,8
0,1,0,10.4,0,0,0,6,14
4,3,4,8.6,0,0,6,9,15
4,5,4,13.4,0,0,0,12,5
21,1,21,5.4,0,0,18,32,33
13,1,13,28.6,0,0,27,36,0
15,1,15,11.1,0,0,0,32,5
10,1,10,9.6,0,0,0,8,8
16,2,16,14.3,0,0,2,13,2
9,5,9,21.9,0,0,0,53,0
9,6,9,8.1,0,0,0,5,8
5,6,5,5.7,0,0,0,11,8
22,6,22,20.0,0,0,11,0,12
18,4,18,28.2,0,0,4,44,2
13,5,13,14.8,0,0,18,32,6
1,1,1,8.8,0,0,15,6,3
22,5,22,21.7,0,1,12,18,7
8,3,8,13.6,0,0,0,53,14
18,5,18,17.2,0,0,0,13,8
23,1,23,22.4,0,1,12,18,7
14,5,14,16.0,0,0,15,6,3
7,5,7,2.8,0,0,0,8,8
4,2,4,9.3,0,0,0,3,8
11,0,11,13.9,0,0,0,0,14
21,1,21,5.4,0,0,13,19,13
5,6,5,10.6,0,0,1,2,6
19,1,19,12.9,0,0,2,5,3
11,6,11,7.4,0,0,7,0,7
7,6,7,5.3,0,0,2,5,3
1,3,1,18.8,0,0,1,2,6
11,1,11,23.9,0,1,40,0,10
8,5,8,15.9,0,0,0,9,9
17,4,17,25.5,0,0,0,8,5
17,6,17,25.9,0,0,9,0,18
11,5,11,11.6,0,0,4,63,3
13,2,13,29.1,0,0,2,36,3
4,3,4,9.7,0,0,2,11,2
16,1,16,21.3,0,0,4,3,3
0,1,0,18.5,0,0,0,22,0
5,6,5,16.0,0,0,0,16,5
6,4,6,0.3,0,0,2,32,3
8,5,8,12.6,0,0,0,13,8
6,1,6,11.9,0,0,16,21,8
11,1,11,10.5,1,0,0,5,8
9,5,9,15.7,0,0,0,76,0
7,0,7,7.6,0,0,4,5,3
4,6,4,1.4,0,0,0,4,8
10,3,10,14.6,0,0,0,15,8
4,1,4,11.1,0,0,2,8,3
7,0,7,13.9,0,0,0,30,5
1,6,1,5.6,0,0,0,21,5
12,5,12,13.5,0,0,0,11,8
10,5,10,14.7,0,0,0,45,5
9,5,9,21.6,0,1,6,9,5
11,2,11,13.3,0,0,0,13,5
7,0,7,17.9,0,0,0,5,8
6,6,6,6.5,0,0,0,12,8
6,1,6,8.8,0,0,4,32,3
14,3,14,13.0,0,0,0,21,8
8,6,8,8.0,0,0,10,35,17
23,5,23,25.0,0,1,12,18,7
7,2,7,4.4,0,0,19,28,63
12,3,12,10.0,1,2,2,13,3
7,3,7,1.9,0,0,0,3,5
12,6,12,12.1,0,0,2,7,3
23,0,23,20.0,0,1,13,19,13
0,0,0,8.8,0,0,23,41,15
1,6,1,12.9,0,0,1,2,6
23,5,23,9.1,0,0,23,41,15
12,2,12,8.7,0,0,0,8,8
17,3,17,26.7,0,0,0,3,5
6,1,6,11.0,0,0,4,7,2
6,6,6,6.6,0,0,0,7,8
21,3,21,15.9,0,0,4,44,2
15,1,15,21.0,0,0,2,33,3
5,6,5,16.0,0,0,4,11,5
6,3,6,8.9,0,0,0,7,5
17,6,17,13.1,0,0,0,54,5
8,5,8,17.5,0,0,0,32,5
5,2,5,9.3,0,0,4,12,2
6,6,6,8.3,0,0,8,0,9
4,3,4,8.7,0,0,2,5,3
8,0,8,16.9,0,0,2,16,3
9,3,9,8.7,0,0,24,47,22
14,5,14,13.1,0,0,7,0,7
10,3,10,18.6,0,1,0,15,5
5,1,5,5.5,0,0,0,36,5
0,0,0,9.4,0,0,0,22,9
4,1,4,19.9,0,0,2,4,3
4,4,4,5.4,0,0,0,5,8
6,0,6,5.2,0,0,16,21,8
6,4,6,9.0,1,2,28,55,0
1,0,1,5.4,0,0,16,21,8
18,5,18,11.6,0,0,0,33,8
10,3,10,9.1,0,0,0,21,0
11,6,11,18.1,0,0,2,34,3
18,2,18,24.7,1,0,16,21,8
12,2,12,19.6,0,0,0,32,5
0,0,0,13.3,0,0,0,1,0
20,5,20,19.0,0,0,2,21,3
19,5,19,23.7,0,0,0,25,8
5,2,5,9.4,0,0,2,9,2
14,1,14,15.2,0,0,0,21,8
4,2,4,6.5,0,0,0,11,8
7,1,7,1.8,0,0,4,7,2
23,1,23,18.2,0,0,9,0,18
23,2,23,11.2,0,0,18,36,6
12,5,12,27.8,0,0,0,44,8
8,0,8,6.7,0,0,4,7,3
5,1,5,13.1,0,0,0,7,5
3,5,3,13.5,0,0,1,2,1
20,3,20,7.4,0,0,0,33,5
8,4,8,5.4,0,0,0,9,14
5,1,5,14.6,0,0,2,11,5
19,4,19,9.2,0,0,0,16,8
14,0,14,27.8,0,0,2,9,3
7,2,7,9.6,0,0,0,7,5
16,1,16,17.1,0,0,0,32,5
18,1,18,23.4,0,0,2,7,3
17,2,17,25.5,0,0,0,13,8
23,0,23,13.8,0,0,0,7,8
11,0,11,10.9,0,0,4,5,2
18,5,18,28.0,0,0,16,11,5
1,4,1,6.5,0,0,0,21,8
15,1,15,20.4,0,0,28,55,0
17,2,17,25.3,0,0,0,3,5
19,0,19,13.0,0,0,0,5,8
12,1,12,24.0,0,0,2,16,2
1,4,1,8.3,0,0,0,1,0
23,3,23,15.0,0,0,0,20,0
6,2,6,5.8,0,0,2,9,2
9,4,9,7.8,0,0,2,16,3
8,0,8,13.2,0,1,0,33,5
21,2,21,14.2,0,0,0,7,8
7,4,7,13.7,0,0,0,36,8
1,0,1,5.4,0,0,0,37,0
6,2,6,9.1,0,0,2,9,2
4,2,4,10.5,0,0,0,11,8
8,0,8,12.0,0,0,0,33,5
13,5,13,29.1,0,0,2,12,3
6,5,6,11.8,0,0,0,52,5
22,3,22,4.8,0,0,23,41,15
15,2,15,16.6,0,0,16,10,5
15,4,15,19.2,0,0,2,5,2
14,5,14,13.1,0,0,0,9,8
15,4,15,18.3,0,0,0,8,5
20,4,20,12.9,0,0,0,44,8
10,6,10,14.1,0,0,2,16,2
9,0,9,17.9,0,0,0,53,0
9,4,9,13.0,0,0,2,13,2
18,4,18,25.7,0,0,6,9,0
4,1,4,6.4,0,0,2,4,2
20,4,20,8.2,0,0,4,16,2
16,0,16,16.0,0,0,22,56,4
16,3,16,29.9,0,1,6,9,7
8,5,8,1.0,0,0,0,44,5
6,0,6,11.4,0,0,0,8,5
8,1,8,2.8,0,0,0,10,5
13,0,13,26.1,0,0,2,36,3
6,0,6,10.3,0,1,0,8,5
12,2,12,21.7,0,0,10,34,55
20,3,20,12.9,0,0,0,25,5
22,4,22,18.1,0,0,12,18,7
16,5,16,16.5,0,0,0,17,0
7,2,7,13.0,0,0,15,6,3
8,2,8,13.2,0,0,0,9,14
4,5,4,4.8,0,0,1,2,6
8,4,8,16.8,0,1,2,29,2
13,2,13,16.9,0,0,2,110,3
3,1,3,13.6,0,0,1,2,1
13,4,13,20.3,0,0,10,44,55
16,5,16,18.4,0,0,0,36,8
16,3,16,17.9,0,0,0,36,8
15,4,15,18.5,0,0,10,102,17
8,5,8,4.4,0,0,0,76,0
4,6,4,5.0,0,0,6,9,7
22,2,22,5.3,0,0,18,36,6
6,1,6,10.5,0,0,0,7,8
20,5,20,6.7,0,0,2,9,2
4,0,4,12.7,0,0,1,2,1
17,6,17,10.1,0,0,19,59,29
12,1,12,12.1,0,0,0,13,8
16,3,16,19.3,0,0,0,45,5
12,6,12,14.9,0,0,2,13,3
16,2,16,17.0,0,0,0,11,8
5,3,5,8.1,0,0,4,5,3
0,1,0,7.1,0,0,15,6,3
20,4,20,9.9,0,0,0,4,5
18,2,18,27.9,0,0,2,12,3
12,6,12,27.1,0,0,2,16,3
7,0,7,2.8,0,0,0,7,8
14,0,14,15.0,0,0,0,9,0
5,1,5,1.0,0,0,0,36,8
6,0,6,9.8,0,0,10,28,34
15,2,15,13.7,0,0,19,7,60
21,0,21,11.8,0,0,13,19,13
2,2,2,16.4,0,0,1,2,6
16,2,16,7.3,0,0,0,8,8
16,4,16,23.9,0,0,0,7,8
14,0,14,30.4,0,0,0,44,5
16,5,16,26.8,0,0,0,3,8
17,3,17,19.2,0,0,2,5,2
5,3,5,14.1,0,0,1,2,6
15,2,15,29.0,0,1,6,9,5
8,2,8,10.0,0,0,4,5,3
5,1,5,12.5,0,0,2,3,3
6,4,6,5.8,0,0,0,5,8
2,5,2,6.0,0,0,10,16,11
16,6,16,19.5,0,0,2,54,3
15,0,15,28.0,0,0,15,6,3
11,0,11,24.2,0,0,4,5,3
16,0,16,22.9,0,0,4,44,2
8,0,8,18.8,0,0,0,32,5
17,6,17,18.3,0,0,4,3,3
20,2,20,6.3,0,0,0,4,8
16,1,16,11.1,0,0,4,7,5
4,4,4,1.2,0,0,0,4,8
15,3,15,13.5,0,0,2,13,3
7,1,7,8.9,0,0,24,47,22
18,0,18,28.9,0,0,2,33,3
22,6,22,14.7,0,0,11,0,14
20,4,20,24.3,1,0,0,7,8
19,4,19,14.4,0,0,4,32,3
8,0,8,8.5,0,0,2,8,3
12,0,12,20.7,0,0,14,17,13
7,2,7,5.2,0,0,0,7,5
5,0,5,12.8,0,0,4,3,2
13,6,13,20.7,0,0,7,0,7
0,5,0,5.5,0,0,15,6,3
23,5,23,13.5,0,0,11,0,14
21,3,21,10.3,0,0,6,9,5
8,4,8,12.5,0,0,2,16,3
14,6,14,21.0,0,0,0,7,8
17,6,17,14.8,0,0,0,17,0
17,2,17,13.3,0,0,0,7,8
13,5,13,14.5,0,0,0,29,8
12,1,12,27.1,0,0,0,13,8
8,1,8,20.0,0,0,2,16,2
22,3,22,15.7,0,0,0,16,8
5,2,5,16.0,0,0,4,11,3
11,0,11,10.1,0,0,0,44,5
6,5,6,6.0,0,0,4,7,3
20,6,20,10.0,0,0,4,13,2
5,5,5,12.4,0,0,2,5,3
2,2,2,11.1,0,0,14,24,9
8,5,8,3.0,0,0,6,9,5
8,4,8,4.5,0,0,0,9,8
1,0,1,20.0,0,0,1,2,6
12,6,12,17.9,0,0,0,34,5
16,6,16,29.7,0,0,0,44,8
4,3,4,6.9,0,0,0,25,8
0,0,0,7.1,0,0,23,41,15
21,6,21,10.5,0,0,3,6,4
10,6,10,9.6,0,0,10,45,34
5,6,5,18.5,0,0,0,12,5
4,1,4,5.6,0,0,2,10,3
23,3,23,9.1,0,0,0,22,14
1,5,1,17.0,0,0,0,21,5
5,2,5,15.0,0,0,4,6,3
12,0,12,31.4,0,1,0,21,8
1,2,1,11.7,0,0,15,6,3
4,3,4,18.7,0,0,0,7,8
5,6,5,11.0,0,0,2,5,3
5,6,5,13.5,0,0,0,21,5
13,2,13,11.3,0,0,0,9,5
13,4,13,16.8,0,0,0,5,8
20,4,20,10.2,0,0,0,36,8
23,6,23,13.7,0,0,0,22,14
23,2,23,9.3,0,0,0,20,14
16,3,16,27.8,0,0,0,5,8
13,4,13,15.2,0,0,0,5,8
23,5,23,10.3,0,0,0,0,0
17,4,17,25.6,0,0,16,11,2
17,1,17,27.9,0,0,16,11,5
8,0,8,5.2,0,0,0,15,8
9,3,9,18.0,0,0,2,16,3
5,1,5,13.6,0,0,2,7,3
2,1,2,9.0,0,0,1,2,1
5,0,5,2.4,0,0,4,10,3
23,4,23,13.6,0,0,16,21,5
6,2,6,8.2,0,0,0,8,8
16,4,16,12.0,0,0,0,17,14
20,2,20,22.9,0,1,0,4,5
22,4,22,6.9,1,2,9,21,10
0,1,0,19.2,0,0,11,23,14
20,3,20,9.6,1,0,4,63,5
22,2,22,8.0,0,0,2,21,3
22,5,22,8.3,0,0,16,21,2
9,4,9,10.2,0,0,0,53,14
10,6,10,22.6,0,0,0,13,8
20,6,20,23.4,0,0,2,54,3
20,0,20,24.6,0,0,7,0,7
4,1,4,9.5,0,0,0,5,5
14,4,14,29.4,0,0,9,0,10
5,3,5,17.5,0,0,7,0,7
21,5,21,15.3,1,0,0,10,5
18,0,18,10.5,0,0,4,32,5
16,4,16,13.8,0,0,4,54,3
19,0,19,8.5,0,0,2,54,3
23,2,23,17.0,0,0,0,20,14
20,1,20,27.6,0,1,0,3,8
18,0,18,17.1,1,2,24,33,23
2,4,2,12.0,0,0,0,1,0
7,0,7,8.8,0,0,0,33,5
19,3,19,21.3,0,0,16,11,5
5,2,5,6.7,0,0,16,21,8
11,4,11,25.0,0,0,7,21,7
8,2,8,10.2,0,0,0,10,5
15,1,15,19.0,0,0,0,11,8
5,4,5,13.2,0,0,1,2,6
10,3,10,16.9,0,0,0,45,5
15,6,15,31.2,0,0,2,7,3
8,6,8,12.4,0,1,0,9,5
18,6,18,14.6,0,0,0,13,8
6,6,6,8.2,0,0,0,8,5
4,0,4,3.9,0,0,0,3,8
6,0,6,4.5,0,0,4,5,2
17,1,17,19.6,0,0,0,5,8
13,0,13,21.0,0,0,0,44,8
11,5,11,10.0,0,0,0,30,5
13,5,13,29.0,0,0,27,36,0
21,3,21,19.1,0,0,25,46,14
13,3,13,17.8,0,0,4,8,3
9,4,9,24.0,0,1,17,0,7
1,3,1,8.9,0,0,1,2,6
3,4,3,13.6,0,0,16,21,8
7,2,7,9.2,0,0,0,29,5
3,0,3,10.5,0,0,8,0,9
12,1,12,24.1,0,0,0,3,8
5,1,5,11.4,0,0,6,9,15
23,4,23,8.7,0,0,0,20,0
0,6,0,17.3,0,0,14,17,13
20,3,20,12.7,0,0,4,5,3
6,3,6,8.4,0,0,0,8,5
20,0,20,22.6,0,0,0,5,8
0,3,0,7.4,0,0,8,0,9
23,5,23,8.5,0,0,0,22,14
9,5,9,8.9,0,0,80,26,7
16,4,16,20.2,0,0,0,13,8
14,1,14,25.7,0,0,4,5,2
5,5,5,11.7,0,0,0,16,8
4,3,4,12.8,0,0,2,4,2
9,6,9,9.6,0,0,0,57,0
0,0,0,12.4,0,0,2,21,3
7,0,7,6.8,0,0,17,0,7
18,4,18,10.9,0,0,0,44,5
19,1,19,12.5,0,0,0,17,0
12,4,12,19.1,0,0,0,32,5
12,3,12,11.6,0,0,2,61,3
13,0,13,29.6,0,1,1,2,6
22,3,22,9.3,0,0,14,17,13
0,0,0,15.5,0,0,0,1,0
13,2,13,12.1,0,0,4,8,3
4,5,4,6.9,0,0,0,78,5
16,0,16,25.9,0,0,16,10,5
8,5,8,14.9,0,0,0,10,5
8,1,8,7.4,0,0,0,29,8
6,1,6,9.2,0,0,16,21,8
17,0,17,14.5,0,0,0,16,8
13,6,13,10.8,0,0,0,61,8
10,4,10,8.1,0,0,4,7,3
6,6,6,6.9,0,0,4,12,2
9,5,9,8.4,0,0,0,16,8
7,1,7,9.2,0,0,0,5,8
12,3,12,25.5,0,1,0,48,5
20,1,20,21.4,0,0,9,0,18
12,3,12,15.5,0,0,0,8,5
4,3,4,10.3,0,0,2,7,2
10,1,10,22.3,0,0,0,25,8
6,4,6,4.6,0,0,2,7,3
15,1,15,25.2,0,0,15,6,3
6,3,6,9.3,0,0,4,7,3
18,2,18,21.1,0,0,2,5,3
2,1,2,16.2,0,0,7,0,7
11,5,11,15.6,0,0,2,16,3
10,2,10,21.0,0,1,2,13,2
17,6,17,24.7,0,0,0,54,5
15,0,15,16.6,0,0,4,54,3
15,2,15,21.0,0,0,2,44,3
6,4,6,10.7,0,0,15,6,3
18,6,18,17.8,0,0,7,6,7
5,2,5,13.7,0,0,0,7,5
23,1,23,19.3,0,1,22,56,4
11,0,11,21.4,0,0,2,7,3
23,2,23,10.8,1,2,2,7,3
21,6,21,11.0,0,0,11,0,14
17,0,17,18.1,0,0,0,54,5
7,6,7,9.7,0,0,15,6,3
14,5,14,16.2,0,0,0,44,8
15,3,15,23.7,0,0,28,55,0
12,2,12,13.4,0,0,2,7,2
5,5,5,14.4,0,0,2,11,2
8,2,8,13.2,0,0,2,8,3
13,2,13,22.7,0,0,14,17,13
12,2,12,24.9,0,0,0,3,5
11,0,11,12.0,0,0,27,36,0
23,6,23,16.3,0,0,0,6,5
20,6,20,23.2,0,0,2,54,3
22,4,22,6.5,0,0,16,21,2
16,0,16,16.9,0,0,4,3,3
11,3,11,10.2,0,0,4,63,3
20,3,20,19.9,0,0,2,7,3
9,6,9,12.8,0,0,0,42,5
7,2,7,4.3,0,0,2,33,3
18,3,18,26.2,0,0,2,12,2
3,6,3,12.7,0,0,1,2,1
6,3,6,15.3,0,0,0,8,5
9,3,9,4.9,0,0,0,29,8
0,2,0,9.5,0,0,2,21,3
16,3,16,18.5,0,0,4,21,2
5,5,5,11.6,0,0,4,32,3
6,6,6,9.0,0,0,4,21,2
6,4,6,13.2,0,0,4,7,2
18,5,18,9.8,0,0,0,25,8
10,2,10,9.8,0,0,0,44,5
20,3,20,11.0,0,0,4,32,5
11,2,11,14.2,0,0,0,3,5
8,1,8,5.2,0,0,0,33,5
6,3,6,9.3,0,0,0,5,8
6,0,6,17.2,0,0,2,32,3
15,0,15,20.4,0,0,4,44,3
7,6,7,12.7,0,0,0,33,8
23,0,23,11.9,0,0,2,21,3
21,3,21,6.0,1,0,2,16,3
5,0,5,11.9,0,0,4,3,3
19,1,19,12.0,0,0,0,44,5
8,0,8,16.8,0,0,7,0,7
20,4,20,6.7,0,0,2,9,3
9,4,9,9.0,0,0,2,16,3
7,2,7,8.2,0,0,4,3,2
9,2,9,19.1,0,0,2,8,3
13,3,13,11.5,0,0,2,7,3
16,1,16,26.2,0,0,0,36,8
19,0,19,12.0,0,0,24,33,23
3,6,3,13.3,0,0,8,0,9
5,0,5,7.4,0,0,0,3,8
9,2,9,8.6,0,0,2,5,2
3,4,3,16.3,0,0,8,6,9
11,3,11,20.5,0,0,16,21,8
20,4,20,8.8,0,0,2,5,3
14,4,14,11.3,0,0,18,32,6
16,2,16,25.6,0,0,4,44,2
3,6,3,14.1,0,0,0,4,5
9,6,9,16.8,0,0,22,56,4
4,3,4,16.1,0,0,2,5,3
16,0,16,27.2,0,0,0,6,9
4,3,4,11.7,0,0,0,7,5
23,0,23,7.2,0,0,0,20,14
18,5,18,23.6,0,0,2,5,2
14,2,14,9.4,0,0,4,21,5
8,1,8,5.4,0,0,4,7,3
23,6,23,15.2,0,0,16,21,3
14,5,14,16.2,0,0,0,21,8
4,2,4,17.3,0,0,2,3,3
18,4,18,28.6,0,0,16,11,5
7,4,7,13.7,0,0,7,0,7
12,6,12,9.1,0,0,26,49,13
5,1,5,12.5,0,0,0,7,8
6,3,6,14.9,0,0,4,6,3
3,3,3,8.0,0,0,9,0,10
13,6,13,20.8,0,0,0,29,8
13,6,13,21.5,0,0,33,62,0
6,2,6,12.7,0,0,0,3,8
10,4,10,17.1,0,0,0,34,5
6,5,6,13.4,0,0,0,5,8
22,1,22,3.1,0,0,23,41,15
7,2,7,10.0,0,0,2,5,3
3,2,3,15.3,0,0,7,0,7
12,2,12,22.1,0,0,2,45,3
12,5,12,28.1,0,0,0,13,8
14,4,14,22.2,0,0,0,29,8
0,4,0,15.1,0,0,0,22,14
16,0,16,26.5,0,0,0,45,5
16,3,16,28.9,0,0,0,36,8
7,2,7,3.6,0,0,4,7,3
6,1,6,3.2,0,0,0,8,8
15,5,15,20.9,0,1,0,9,5
14,4,14,28.0,0,0,4,16,2
16,5,16,27.4,0,0,0,5,8
5,4,5,10.7,0,0,0,7,5
14,2,14,14.3,0,0,6,93,5
12,6,12,18.3,0,0,2,44,3
17,3,17,25.3,0,0,16,11,8
6,3,6,3.5,0,0,0,3,5
10,6,10,14.6,0,0,0,44,8
15,3,15,21.4,0,0,2,44,3
5,3,5,10.4,0,0,0,32,5
3,0,3,15.9,0,0,1,2,1
0,5,0,12.1,0,0,0,43,14
19,6,19,26.7,0,0,10,3,17
9,5,9,22.2,0,0,0,76,14
18,5,18,10.6,0,0,2,5,3
1,6,1,21.9,0,0,7,9,7
0,4,0,17.1,0,0,7,0,7
8,0,8,21.2,0,0,0,13,8
10,5,10,9.9,0,0,0,7,8
10,0,10,18.8,0,0,0,13,5
17,6,17,15.4,0,0,4,50,2
6,6,6,6.3,0,0,4,21,2
6,6,6,5.0,0,0,0,12,8
5,3,5,12.5,0,0,1,2,6
19,3,19,19.3,0,1,2,32,3
19,0,19,23.2,0,0,2,5,3
17,6,17,17.5,0,0,0,21,5
7,4,7,9.8,0,0,2,33,3
5,2,5,9.3,0,0,4,21,2
15,0,15,16.3,0,0,2,13,2
6,4,6,8.1,0,0,4,5,2
20,1,20,19.4,0,0,0,3,8
4,1,4,8.7,0,0,0,11,8
0,3,0,12.0,0,0,4,14,3
7,5,7,4.1,0,0,9,0,18
21,0,21,13.6,0,0,13,19,13
16,2,16,16.8,0,0,0,54,5
13,4,13,16.8,0,0,0,5,5
18,6,18,30.7,0,0,0,7,8
18,2,18,12.2,0,0,0,16,5
19,0,19,10.1,0,0,2,5,3
18,1,18,20.5,0,0,4,44,2
21,1,21,10.5,0,0,14,24,9
6,1,6,10.1,0,0,0,3,8
12,6,12,14.6,0,0,2,110,3
11,3,11,24.8,0,0,7,0,7
11,3,11,9.3,0,0,18,54,20
11,5,11,10.3,0,0,0,0,14
17,1,17,28.8,0,0,0,5,8
5,2,5,3.4,0,0,4,11,5
15,1,15,11.3,0,0,28,55,0
5,5,5,12.4,0,0,0,3,8
7,3,7,10.4,0,0,0,44,8
9,3,9,19.3,0,0,6,9,5
5,0,5,4.4,0,0,4,10,2
17,6,17,23.4,0,0,0,5,8
20,5,20,12.2,0,0,6,9,5
7,0,7,17.3,0,0,6,9,5
5,6,5,11.7,0,0,2,10,3
5,6,5,11.7,0,0,4,10,3
9,4,9,18.4,0,1,2,44,3
15,2,15,24.5,1,0,0,11,8
7,1,7,5.1,0,0,24,47,23
12,6,12,22.6,0,0,2,16,3
4,2,4,9.8,0,0,0,7,8
21,2,21,19.6,0,0,4,5,3
12,6,12,14.5,0,0,0,11,8
12,0,12,17.6,0,0,20,0,7
23,3,23,12.4,0,0,13,19,13
6,5,6,1.8,0,0,0,8,8
20,4,20,8.5,0,0,2,54,3
13,6,13,17.6,0,0,18,54,20
1,0,1,15.2,0,0,1,2,6
13,6,13,24.4,0,0,24,7,30
16,2,16,20.9,0,0,0,21,8
11,6,11,23.7,0,0,7,0,7
6,5,6,8.2,0,0,0,8,8
8,2,8,17.4,0,0,4,13,3
14,0,14,14.1,0,0,9,0,18
10,6,10,17.9,0,1,0,8,5
14,2,14,17.7,0,0,4,21,5
8,2,8,20.6,0,0,0,13,5
7,2,7,8.9,0,1,17,0,7
16,2,16,28.5,0,0,2,33,3
6,5,6,12.5,0,0,9,26,10
19,0,19,13.8,0,0,2,4,3
11,5,11,13.8,0,0,2,7,3
20,2,20,16.3,0,0,2,32,3
14,3,14,19.7,1,2,2,21,3
16,6,16,18.7,0,0,2,58,3
8,0,8,5.4,0,0,0,10,5
13,4,13,24.1,0,0,0,9,5
21,1,21,13.1,0,0,4,8,3
18,1,18,25.9,0,0,4,7,3
7,1,7,11.4,0,0,2,42,3
1,4,1,13.5,0,0,1,2,6
11,0,11,17.6,0,0,0,33,8
9,0,9,19.9,0,0,2,45,3
22,3,22,16.4,0,0,0,16,8
7,1,7,16.4,0,0,2,5,3
22,5,22,10.6,0,0,14,17,13
20,4,20,21.4,0,0,2,16,3
5,0,5,9.8,0,0,2,5,3
19,3,19,12.6,0,0,2,32,3
8,3,8,3.9,0,0,0,15,8
7,0,7,9.8,0,0,0,5,8
17,0,17,14.5,0,0,2,16,3
9,4,9,13.2,0,0,6,9,5
17,1,17,13.8,0,0,0,6,14
16,0,16,22.6,0,0,0,8,8
19,3,19,26.0,0,0,0,61,5
23,6,23,7.0,0,0,0,25,5
12,1,12,19.4,0,0,18,32,6
6,5,6,12.8,0,0,0,52,5
13,3,13,17.1,0,0,4,5,3
9,0,9,8.5,0,0,2,8,3
20,4,20,10.3,0,0,13,19,13
1,4,1,10.3,0,0,0,37,0
9,2,9,5.0,0,0,2,8,3
20,2,20,11.7,0,0,2,5,3
23,1,23,12.4,0,0,0,20,0
23,1,23,3.1,0,0,0,20,14
11,3,11,26.5,0,0,13,19,54
11,4,11,22.3,0,0,27,36,0
11,2,11,10.2,0,0,14,17,13
17,3,17,28.4,0,0,0,3,8
6,3,6,15.0,0,0,0,5,8
5,0,5,16.9,0,0,0,5,8
20,5,20,14.8,0,1,0,36,5
5,0,5,13.3,0,0,4,5,2
15,1,15,15.2,0,0,0,32,5
15,0,15,18.8,0,0,4,54,5
8,2,8,18.2,0,0,2,44,3
6,5,6,12.5,0,0,4,6,3
13,5,13,20.1,0,0,16,21,5
16,3,16,27.3,0,0,0,9,8
7,3,7,3.7,0,0,0,33,8
10,3,10,10.0,0,0,0,3,8
15,2,15,22.4,0,0,0,16,8
8,4,8,13.9,0,0,17,0,7
9,5,9,13.9,0,0,6,9,5
13,3,13,17.3,0,0,45,58,6
20,1,20,7.0,0,0,2,5,3
17,3,17,27.8,0,0,0,33,5
17,4,17,6.6,0,0,0,44,5
14,0,14,15.3,0,0,0,61,8
14,5,14,13.2,0,0,16,110,3
11,1,11,13.3,0,0,0,53,0
11,2,11,15.8,0,0,0,3,8
9,5,9,15.1,0,0,0,15,8
15,1,15,21.4,0,0,2,3,2
14,2,14,14.2,0,0,24,47,22
17,1,17,14.7,0,0,0,16,8
16,1,16,11.1,0,0,4,8,3
15,3,15,28.2,0,1,9,0,7
10,6,10,18.0,0,0,0,57,14
9,1,9,6.2,0,0,4,44,3
1,1,1,4.0,0,0,0,1,0
16,6,16,21.5,0,0,4,3,2
19,2,19,30.3,0,0,0,8,5
5,3,5,14.5,0,0,2,7,2
0,6,0,14.5,0,0,0,22,0
13,1,13,11.8,1,2,6,9,7
1,6,1,5.9,0,0,2,36,2
4,3,4,8.7,0,0,2,5,3
20,0,20,21.3,0,0,0,5,5
9,5,9,20.4,0,0,0,43,14
5,2,5,14.4,0,0,2,7,3
6,1,6,10.5,0,0,0,8,5
22,2,22,11.6,0,0,0,4,5
8,6,8,8.1,0,0,0,54,5
22,5,22,14.6,0,0,14,24,9
10,6,10,6.1,0,0,0,33,5
7,0,7,10.9,0,0,19,7,19
16,0,16,22.7,0,0,16,21,8
8,3,8,8.4,0,0,0,29,5
10,3,10,10.1,0,0,0,25,8
10,6,10,20.9,0,0,0,34,5
14,5,14,31.6,0,0,7,0,7
12,4,12,14.5,0,0,2,45,3
13,1,13,20.0,0,0,0,61,5
11,5,11,21.7,0,0,0,21,14
6,4,6,4.6,0,0,9,0,10
5,4,5,9.5,0,0,0,25,8
15,1,15,21.3,0,0,2,58,3
11,6,11,11.1,0,0,14,17,13
11,4,11,24.8,0,0,2,16,2
11,3,11,11.4,0,0,14,17,13
20,2,20,15.5,0,0,0,3,5
15,6,15,17.2,0,0,0,78,8
4,6,4,13.5,0,0,0,5,8
18,6,18,24.4,0,0,2,8,3
15,3,15,14.7,0,0,0,11,8
15,1,15,21.4,0,0,4,7,2
18,6,18,11.7,0,0,18,32,6
5,3,5,3.8,0,0,2,5,3
12,5,12,25.0,0,0,2,16,2
9,2,9,9.3,0,0,2,5,3
7,0,7,8.1,0,0,0,33,5
0,5,0,18.8,0,0,0,6,14
15,2,15,31.6,0,0,4,3,3
23,3,23,5.6,0,0,0,22,0
4,6,4,11.0,0,0,2,11,2
22,3,22,8.7,0,0,2,8,2
7,0,7,10.0,0,0,0,33,5
1,1,1,14.8,0,0,15,6,15
4,4,4,0.2,0,0,1,2,6
4,0,4,13.5,0,0,0,5,5
13,4,13,14.5,0,0,2,36,3
21,5,21,20.8,0,0,2,8,2
18,6,18,9.3,0,0,0,7,8
12,1,12,15.5,0,0,0,44,8
13,3,13,10.8,0,0,0,34,5
4,3,4,8.7,0,0,0,16,8
10,6,10,22.3,0,0,2,16,2
17,1,17,4.8,0,0,4,44,3
10,3,10,11.6,0,0,0,21,0
7,6,7,13.4,0,0,0,33,8
14,1,14,10.9,0,0,4,21,2
7,0,7,7.4,0,0,4,7,2
5,0,5,9.9,0,0,0,7,5
13,4,13,26.5,0,0,0,5,8
1,0,1,2.8,0,0,6,9,7
21,6,21,9.7,0,0,2,7,3
12,3,12,15.4,0,0,0,11,8
14,1,14,18.1,0,0,2,45,3
1,5,1,8.0,0,0,9,0,10
7,0,7,10.1,0,0,17,0,7
9,1,9,16.0,1,0,0,3,8
14,3,14,14.3,0,0,16,21,8
4,1,4,5.0,0,0,0,16,5
19,2,19,12.8,0,0,0,17,0
1,6,1,12.9,0,0,1,2,6
6,0,6,5.9,0,0,24,28,30
8,2,8,3.1,0,0,18,32,26
4,0,4,13.2,0,0,2,3,3
16,6,16,33.0,0,0,4,50,2
23,1,23,16.4,0,0,13,19,13
8,5,8,1.2,0,0,0,11,8
21,0,21,11.8,0,0,4,8,3
21,1,21,10.3,1,2,6,9,5
3,1,3,12.8,0,0,80,26,7
10,6,10,14.8,0,0,0,3,8
8,4,8,7.3,0,0,6,9,5
8,1,8,13.3,0,0,0,32,5
12,4,12,24.1,0,0,2,34,3
18,2,18,10.0,0,0,0,32,5
4,2,4,10.6,0,0,0,7,5
4,3,4,3.1,0,0,2,4,3
5,0,5,16.8,0,0,4,8,5
4,4,4,16.4,0,0,8,6,9
5,0,5,13.9,0,0,0,7,8
9,1,9,11.6,0,0,0,29,8
10,5,10,11.0,0,0,29,26,10
2,0,2,14.4,0,0,10,5,17
17,6,17,29.2,0,0,42,36,7
11,2,11,9.2,0,0,0,13,8
16,2,16,11.3,0,0,0,5,8
15,6,15,19.4,0,0,0,21,8
6,0,6,6.9,0,0,0,4,8
12,1,12,11.3,0,0,0,32,5
16,2,16,16.5,0,0,19,59,29
1,6,1,8.4,0,0,2,36,2
7,3,7,15.0,0,0,2,42,3
13,6,13,29.2,0,1,0,12,5
16,2,16,12.1,0,0,0,3,8
8,1,8,14.6,0,0,0,25,5
16,0,16,8.1,0,0,0,13,5
14,1,14,28.0,0,1,0,44,5
10,4,10,21.3,0,0,10,3,11
15,3,15,24.7,0,0,24,47,30
12,4,12,15.2,0,0,26,49,13
8,1,8,10.3,0,0,0,12,8
20,3,20,6.0,0,0,2,9,2
9,0,9,21.4,0,0,0,53,0
5,4,5,5.8,0,0,2,8,3
6,0,6,3.4,0,0,2,119,3
10,4,10,9.9,0,0,2,16,3
21,3,21,9.6,0,0,14,24,9
4,0,4,14.9,0,0,2,4,3
15,5,15,15.5,0,0,0,21,8
4,0,4,14.7,0,0,4,6,3
16,1,16,28.7,0,0,4,12,2
13,0,13,25.9,0,0,0,32,8
11,4,11,7.2,0,0,0,21,8
13,5,13,14.5,0,0,0,9,5
15,0,15,27.4,0,0,4,12,2
8,2,8,7.1,0,0,2,16,3
9,6,9,14.9,0,0,18,32,6
1,2,1,13.3,0,0,14,17,13
17,6,17,17.3,0,0,4,38,3
8,2,8,13.1,0,0,2,29,3
16,5,16,16.5,0,0,2,13,3
13,5,13,19.1,0,0,2,36,3
12,5,12,11.4,0,0,0,11,8
14,2,14,13.9,0,0,2,44,3
5,0,5,15.0,0,0,0,5,5
22,1,22,10.5,0,0,14,17,13
22,5,22,17.2,0,0,11,0,12
5,1,5,4.9,0,0,2,5,3
7,4,7,13.4,0,0,0,8,5
6,3,6,9.1,0,0,0,52,5
6,6,6,5.4,0,0,2,36,3
4,4,4,3.7,0,0,8,6,9
19,6,19,14.4,0,0,2,16,3
6,4,6,4.5,0,0,4,5,2
17,3,17,12.7,0,0,7,0,7
19,6,19,22.4,0,0,16,21,2
10,2,10,9.9,0,0,27,36,0
19,0,19,16.5,1,2,0,13,5
4,0,4,13.8,0,0,0,4,8
19,4,19,10.7,0,0,0,33,5
6,0,6,8.3,0,0,0,5,8
13,6,13,21.6,0,1,18,54,20
6,4,6,11.7,0,0,0,12,8
7,5,7,12.5,0,0,0,25,5
8,2,8,14.7,0,0,0,53,0
10,5,10,7.5,0,0,0,21,0
5,3,5,0.8,0,0,2,9,2
5,3,5,9.5,0,0,0,9,5
4,2,4,12.2,0,0,2,4,3
4,1,4,9.6,0,0,1,2,6
18,0,18,26.5,0,0,7,0,7
0,5,0,9.9,0,0,23,41,5
5,2,5,15.8,0,0,0,7,8
14,1,14,12.3,0,0,6,93,5
6,5,6,12.7,0,0,2,4,2
7,0,7,9.3,0,0,0,13,8
5,0,5,11.3,0,0,2,4,3
4,0,4,14.9,0,0,0,16,5
15,6,15,25.9,0,0,4,32,3
5,6,5,8.2,0,0,4,11,2
16,6,16,19.3,0,0,0,33,8
5,5,5,16.0,0,0,0,16,5
5,0,5,15.6,0,0,1,2,6
18,6,18,9.7,0,0,16,11,5
16,1,16,19.1,0,0,0,12,8
22,2,22,4.1,0,0,0,4,5
19,6,19,32.3,0,0,9,0,10
11,1,11,8.9,0,0,0,5,8
16,3,16,13.6,0,0,0,17,14
18,4,18,16.6,0,0,0,8,5
19,2,19,16.8,0,0,0,44,5
16,2,16,7.3,0,0,2,5,3
4,2,4,14.6,0,0,0,7,8
17,0,17,26.6,0,0,0,12,8
23,1,23,9.2,0,0,0,22,14
14,3,14,12.6,0,0,4,11,2
16,5,16,16.6,0,0,0,32,5
16,3,16,14.5,0,0,0,17,0
10,1,10,12.2,0,0,2,3,2
3,6,3,9.0,0,0,1,2,1
18,4,18,29.5,0,0,2,12,2
4,0,4,7.5,0,0,1,2,6
5,4,5,5.9,0,0,0,4,8
9,6,9,18.4,0,1,6,9,5
18,4,18,11.1,0,0,0,8,8
0,0,0,11.2,0,0,0,43,0
17,6,17,17.6,0,0,2,13,3
19,0,19,12.0,0,0,0,8,8
8,6,8,0.8,0,0,6,9,5
7,0,7,12.9,0,0,0,44,8
7,1,7,9.0,0,0,2,16,2
17,4,17,16.9,0,0,2,16,2
15,6,15,26.0,0,0,16,10,8
12,0,12,25.6,0,0,2,16,2
11,6,11,12.7,0,0,2,45,3
4,3,4,6.2,0,0,0,3,8
4,1,4,12.5,0,0,2,4,3
5,0,5,13.8,0,0,0,5,8
11,4,11,10.2,0,0,4,9,5
16,0,16,24.6,0,0,0,44,8
12,2,12,24.7,0,0,0,29,8
19,5,19,10.5,0,0,2,4,3
18,2,18,27.6,0,0,0,32,8
13,6,13,24.9,0,0,0,61,8
7,6,7,8.6,0,0,2,21,2
17,4,17,11.2,0,0,2,12,3
0,5,0,7.0,0,0,1,2,6
7,2,7,9.5,0,0,2,7,3
22,6,22,15.0,0,0,0,25,8
5,2,5,4.5,0,0,0,12,8
15,6,15,19.7,0,0,18,32,6
12,1,12,11.5,0,0,2,3,3
23,3,23,9.1,0,0,0,22,0
5,5,5,13.5,0,0,4,5,3
4,3,4,15.5,0,0,4,6,3
4,3,4,11.5,0,0,1,2,1
19,3,19,21.0,0,0,2,44,3
22,5,22,6.6,0,0,14,17,13
15,2,15,22.2,0,0,0,21,8
17,1,17,13.3,0,0,0,8,8
18,4,18,12.5,0,0,0,33,5
14,1,14,25.8,0,0,16,21,8
12,5,12,13.5,0,0,0,13,8
23,3,23,9.6,1,2,0,3,8
10,2,10,14.0,0,0,0,13,8
8,6,8,6.1,0,0,0,32,5
6,6,6,11.1,0,0,16,89,3
22,0,22,12.3,0,0,11,0,14
14,1,14,24.9,0,0,2,12,3
4,4,4,7.7,0,0,5,9,4
5,5,5,7.6,0,0,4,12,5
7,0,7,3.6,0,0,2,7,3
1,5,1,17.0,0,0,1,2,6
9,4,9,7.9,0,0,4,14,3
13,2,13,19.1,0,0,26,49,13
8,5,8,6.7,0,0,4,54,3
9,5,9,4.9,0,0,4,54,3
0,1,0,11.3,0,0,15,6,3
6,3,6,8.6,0,0,4,50,2
1,2,1,11.5,0,0,7,0,7
8,6,8,11.3,0,0,2,16,2
13,6,13,22.7,0,0,7,26,7
22,0,22,9.2,0,0,16,21,8
8,3,8,5.9,0,0,0,29,8
22,2,22,7.4,0,0,13,19,13
15,3,15,24.6,0,0,2,58,3
16,1,16,25.4,0,0,0,32,5
19,1,19,14.9,0,0,2,44,3
13,3,13,13.9,0,0,0,5,8
22,1,22,6.7,0,0,0,4,8
11,1,11,18.7,0,0,0,16,8
18,5,18,11.3,0,0,0,33,5
20,4,20,9.8,0,0,0,36,5
16,2,16,31.2,0,0,0,3,8
5,1,5,7.1,0,0,1,2,6
17,4,17,26.1,0,0,2,44,3
6,3,6,8.4,0,0,4,21,2
14,1,14,24.4,0,0,4,5,2
6,3,6,3.4,0,0,17,0,7
4,5,4,6.6,0,0,2,11,2
1,0,1,8.7,0,0,1,2,6
19,0,19,22.8,0,0,2,5,3
19,6,19,8.1,0,0,0,4,5
1,2,1,9.2,0,0,0,21,5
10,6,10,25.3,0,1,0,54,5
10,2,10,22.2,0,0,0,53,14
13,1,13,19.1,0,0,0,9,5
7,1,7,11.4,0,0,0,8,8
20,1,20,21.8,0,0,2,32,3
20,2,20,11.7,0,0,16,21,8
9,3,9,11.0,0,0,24,47,23
11,5,11,17.6,0,0,0,7,8
5,4,5,10.8,0,0,16,21,8
15,5,15,18.1,0,0,18,32,6
15,4,15,21.3,0,0,7,0,7
10,6,10,17.6,0,0,10,30,36
0,4,0,9.2,0,0,0,0,14
0,0,0,8.6,0,0,1,2,6
17,5,17,26.7,0,0,0,13,5
1,3,1,11.6,0,0,23,41,15
15,0,15,8.0,0,0,0,21,5
19,5,19,10.5,0,0,4,16,3
16,5,16,17.3,0,0,2,13,2
14,6,14,25.3,0,0,18,32,6
5,2,5,11.6,0,0,6,9,5
10,4,10,18.0,0,0,18,32,6
0,3,0,15.8,0,0,2,16,3
20,0,20,22.5,0,0,0,4,5
10,5,10,19.9,0,1,22,56,4
9,4,9,20.6,0,0,18,32,6
17,6,17,24.0,0,0,0,11,8
7,6,7,10.0,0,0,0,44,8
9,3,9,9.7,0,0,27,36,0
6,3,6,8.6,0,0,0,8,5
5,1,5,19.2,0,0,2,11,5
17,2,17,25.0,0,0,42,6,61
23,1,23,9.4,0,0,2,21,3
15,0,15,30.0,0,0,0,11,8
14,4,14,16.0,0,0,0,21,8
10,2,10,8.6,0,0,2,5,3
4,6,4,11.0,0,0,2,10,3
16,3,16,17.7,0,0,6,9,0
22,3,22,18.3,0,0,45,58,6
7,0,7,13.4,0,0,15,6,3
5,0,5,14.0,0,0,10,28,16
0,6,0,18.6,0,0,0,1,0
8,2,8,10.1,0,0,17,0,7
20,0,20,22.6,0,0,2,5,3
19,6,19,23.0,0,0,0,16,5
5,1,5,5.6,0,0,2,9,2
13,4,13,24.9,0,0,2,16,3
20,0,20,8.6,0,0,6,9,5
12,4,12,20.1,0,0,9,0,10
23,4,23,7.5,0,0,0,22,0
13,5,13,24.7,0,0,0,13,8
4,0,4,11.0,0,0,2,7,3
6,3,6,3.2,0,0,2,21,2
17,2,17,16.3,0,0,4,32,5
19,2,19,8.9,0,0,2,32,3
6,0,6,2.9,0,0,4,7,2
22,1,22,4.0,0,0,11,0,12
17,2,17,18.2,0,0,2,5,2
7,3,7,15.7,0,1,9,0,10
4,0,4,13.8,0,0,0,4,8
13,6,13,15.5,0,0,4,11,3
6,4,6,8.0,0,0,4,5,3
1,0,1,10.5,0,0,0,21,5
18,4,18,17.3,0,0,2,12,3
16,5,16,18.1,0,0,0,32,5
14,1,14,15.9,0,0,4,7,5
22,4,22,18.7,0,0,12,18,7
5,4,5,11.7,0,0,0,3,5
8,6,8,11.9,0,0,4,14,3
0,5,0,15.4,0,0,23,41,15
5,5,5,2.6,0,0,2,9,2
12,0,12,17.5,0,0,2,34,3
7,4,7,1.0,0,0,0,7,5
17,5,17,17.7,0,0,0,13,8
12,4,12,18.8,0,0,2,5,3
5,3,5,17.6,0,0,4,6,3
16,2,16,20.5,0,0,0,11,8
17,4,17,16.9,0,0,0,11,8
7,1,7,0.5,0,0,2,3,3
5,2,5,9.7,0,0,6,9,15
23,5,23,16.9,0,0,0,20,14
17,0,17,27.1,0,0,4,38,3
17,4,17,15.0,0,0,2,12,2
20,5,20,19.8,0,0,0,36,8
0,5,0,7.4,0,0,23,41,15
7,6,7,8.5,0,0,2,16,3
4,1,4,5.8,0,0,0,3,8
7,0,7,10.1,0,0,1,2,6
0,1,0,14.0,0,0,0,6,9
11,2,11,10.7,0,0,0,3,8
14,5,14,24.7,0,0,2,45,3
11,2,11,25.6,0,0,10,39,11
23,2,23,6.2,0,0,0,4,8
9,5,9,8.6,0,0,6,9,5
1,6,1,19.3,0,0,15,6,3
19,6,19,31.2,0,0,0,44,5
5,2,5,11.8,0,0,4,10,2
15,0,15,26.9,0,0,16,10,5
5,5,5,16.4,0,0,4,12,5
20,5,20,12.2,0,0,0,4,5
10,2,10,9.5,0,0,2,33,3
15,1,15,12.4,0,0,6,9,7
5,1,5,11.9,0,0,4,3,2
15,6,15,11.2,0,0,6,93,5
12,5,12,16.2,0,0,4,63,3
9,6,9,10.5,0,0,0,7,8
16,1,16,19.6,0,0,16,21,2
16,6,16,24.6,0,0,16,21,8
14,4,14,14.9,0,0,29,26,10
6,6,6,4.9,0,0,2,36,3
19,5,19,6.8,0,0,2,54,3
2,1,2,21.1,0,0,7,26,7
7,4,7,8.7,0,0,2,16,3
17,5,17,17.8,0,0,6,9,0
10,2,10,13.7,0,0,17,0,7
5,0,5,2.2,0,0,2,7,2
8,1,8,5.4,0,0,2,16,2
19,4,19,9.5,0,0,2,4,3
1,6,1,9.2,0,0,1,2,1
7,0,7,12.0,0,1,7,0,7
8,1,8,14.3,0,0,4,7,3
6,3,6,9.7,0,0,0,52,5
6,3,6,8.5,0,0,0,5,8
11,0,11,28.8,0,0,2,16,3
11,3,11,10.6,0,0,0,0,0
7,6,7,8.7,0,0,2,3,2
4,4,4,0.1,0,0,0,25,5
21,1,21,10.1,1,2,10,25,11
15,6,15,34.0,0,1,4,8,3
17,2,17,11.2,0,0,2,12,2
15,2,15,16.6,0,0,2,33,2
13,6,13,20.8,0,0,0,3,8
4,3,4,5.4,0,0,0,5,8
18,5,18,14.2,0,0,0,33,8
4,3,4,6.8,0,0,2,11,2
10,1,10,13.3,0,0,2,34,2
16,4,16,21.1,0,0,16,21,8
8,2,8,4.5,0,0,0,54,5
5,3,5,15.6,0,0,0,11,8
17,1,17,27.2,0,0,0,21,0
5,0,5,15.3,0,0,1,2,6
12,3,12,21.3,0,0,2,5,3
19,4,19,23.9,0,0,0,5,8
19,6,19,12.3,0,0,0,16,5
6,2,6,10.3,0,0,0,3,5
11,4,11,13.4,0,1,0,10,5
21,1,21,10.2,0,0,14,24,9
5,0,5,13.6,0,0,6,9,5
13,2,13,11.1,0,0,0,13,5
2,0,2,16.2,0,0,1,2,6
6,0,6,17.0,0,0,8,0,9
5,3,5,0.9,0,0,2,3,3
11,6,11,15.2,0,0,8,0,9
6,1,6,5.0,0,0,4,21,3
13,3,13,30.2,0,0,0,21,8
10,6,10,9.6,0,0,0,13,8
15,2,15,12.4,0,0,4,3,5
4,0,4,10.0,0,0,2,4,2
12,6,12,21.3,0,0,0,7,8
7,5,7,3.4,0,0,0,8,8
2,5,2,14.0,0,0,80,26,7
1,4,1,8.1,0,0,2,36,2
17,3,17,17.3,0,0,6,9,0
18,6,18,25.1,0,0,0,16,5
0,0,0,5.5,0,0,0,1,0
19,6,19,14.7,0,0,0,44,5
3,1,3,13.9,0,0,80,26,7
16,6,16,17.9,0,0,4,50,2
7,5,7,8.3,0,0,0,8,8
11,4,11,19.9,0,0,0,3,8
14,5,14,15.5,0,0,0,44,8
6,4,6,6.5,0,0,8,6,9
1,5,1,10.5,0,0,16,21,8
4,3,4,12.2,0,0,0,3,8
5,1,5,9.1,0,0,0,7,8
16,2,16,17.1,0,0,4,44,5
11,1,11,11.5,0,0,7,26,7
6,4,6,11.6,0,0,0,8,5
18,0,18,11.0,0,0,0,13,8
16,3,16,14.8,0,0,0,32,5
4,5,4,4.5,0,0,0,11,8
12,2,12,7.9,0,0,26,49,13
17,6,17,34.5,0,0,4,54,2
16,2,16,20.1,0,0,4,44,2
17,1,17,12.6,0,0,0,32,5
10,3,10,11.2,0,0,27,36,0
6,1,6,13.1,0,0,4,7,3
6,0,6,11.4,0,0,20,0,7
13,0,13,18.1,0,0,2,3,3
17,3,17,12.2,0,0,2,33,3
20,3,20,15.3,0,0,0,4,5
8,0,8,18.5,0,1,22,56,4
8,2,8,16.6,0,0,7,0,7
8,6,8,15.0,0,0,0,36,5
6,2,6,9.2,0,0,0,25,8
19,2,19,29.1,0,0,16,21,8
4,4,4,12.5,0,0,2,4,3
15,6,15,13.3,0,0,2,5,3
13,0,13,21.4,0,0,0,44,8
15,6,15,22.5,0,0,15,6,3
5,1,5,8.9,0,0,0,3,8
3,4,3,6.6,0,0,0,37,0
18,3,18,9.6,0,0,4,5,2
22,4,22,12.9,0,0,11,0,14
8,4,8,1.4,0,0,6,9,5
9,3,9,8.4,0,0,11,0,14
16,1,16,16.9,0,0,4,5,3
17,4,17,16.3,0,0,16,11,3
0,0,0,6.4,0,0,1,2,6
15,5,15,19.0,0,0,18,32,26
9,2,9,10.2,0,0,6,9,5
16,2,16,19.9,0,0,0,8,5
17,4,17,19.5,0,0,40,0,10
4,3,4,4.7,0,0,1,2,6
16,6,16,16.7,0,0,0,11,8
5,2,5,18.0,0,0,4,8,5
5,0,5,12.1,0,0,2,3,3
14,4,14,17.3,0,0,0,9,8
0,0,0,13.3,0,0,11,23,14
18,2,18,12.3,0,0,0,8,5
10,6,10,11.9,0,0,0,33,5
6,3,6,8.8,0,0,0,12,8
5,1,5,13.6,0,0,7,26,7
14,5,14,26.6,0,0,2,16,3
13,4,13,27.9,0,0,0,5,8
12,0,12,15.5,0,0,5,9,4
6,5,6,6.4,0,0,4,32,5
15,6,15,24.1,0,0,4,8,3
15,3,15,29.1,0,0,0,9,5
9,0,9,10.3,0,0,5,9,4
11,6,11,14.1,0,0,7,0,7
2,3,2,14.5,0,0,7,21,7
13,2,13,14.1,0,0,33,62,0
6,0,6,4.1,0,0,24,47,22
5,6,5,10.6,0,0,4,11,2
7,2,7,9.2,0,0,0,7,8
11,1,11,19.7,0,0,0,44,8
15,6,15,20.4,0,0,28,55,0
19,1,19,14.6,0,0,4,32,3
8,6,8,10.2,0,0,0,9,14
7,1,7,10.7,0,0,0,29,5
6,1,6,3.8,0,0,15,6,3
15,6,15,16.5,0,0,4,5,3
20,4,20,21.4,0,0,2,16,3
4,3,4,4.3,0,0,0,3,8
5,6,5,10.7,0,0,4,11,2
12,0,12,23.0,0,0,2,11,3
12,4,12,25.0,0,0,4,11,2
5,3,5,18.5,0,0,8,6,9
17,2,17,15.7,0,0,4,5,2
10,4,10,13.2,0,0,0,53,0
6,4,6,11.0,0,0,0,3,8
14,5,14,18.3,0,0,0,13,8
16,4,16,20.3,0,0,2,5,2
4,1,4,13.7,0,0,0,4,8
13,4,13,15.4,0,1,4,13,5
15,3,15,11.3,0,0,16,10,5
0,5,0,18.7,0,0,0,22,0
8,2,8,12.8,0,0,0,45,5
5,2,5,12.8,0,0,4,11,2
19,2,19,19.5,0,0,4,5,3
6,4,6,15.5,0,0,4,5,2
11,2,11,13.3,0,0,0,44,8
7,1,7,9.1,0,0,2,8,3
21,2,21,21.3,0,0,2,8,2
8,4,8,11.2,0,0,17,0,7
1,2,1,1.8,0,0,0,1,0
16,4,16,30.4,0,0,10,13,17
11,1,11,9.5,0,0,2,34,3
8,3,8,10.8,0,0,2,16,3
16,5,16,18.9,0,0,6,93,5
13,5,13,25.9,0,0,2,12,3
6,4,6,8.5,0,0,4,5,2
11,0,11,17.9,0,0,0,5,8
23,3,23,10.4,1,2,0,32,5
18,1,18,15.0,0,0,2,44,3
6,3,6,9.5,0,0,4,50,2
4,6,4,11.2,0,0,0,4,8
14,3,14,10.1,0,0,4,5,2
12,1,12,18.3,0,0,0,13,8
5,1,5,16.1,0,0,4,16,3
8,5,8,9.7,0,1,7,0,7
23,0,23,17.6,0,0,18,32,6
1,4,1,14.0,0,0,23,41,15
4,4,4,14.1,0,0,2,5,3
18,5,18,8.6,0,0,4,5,3
16,2,16,26.1,0,0,0,36,8
6,3,6,7.2,0,0,16,21,8
19,4,19,15.6,0,0,0,44,5
5,2,5,4.1,0,0,0,3,5
9,6,9,9.8,0,0,0,25,8
16,4,16,17.5,0,0,0,7,8
6,1,6,9.3,0,0,0,8,8
7,3,7,1.2,0,0,0,33,5
7,0,7,4.5,0,0,0,7,8
8,2,8,9.2,0,0,17,0,7
15,3,15,27.6,0,0,16,110,2
15,3,15,21.4,0,0,0,78,5
3,2,3,12.0,0,0,16,21,3
13,1,13,17.6,0,0,0,29,8
12,2,12,20.1,0,0,0,7,5
0,1,0,4.1,0,0,15,6,3
13,1,13,21.7,0,0,0,45,5
16,0,16,18.8,0,0,4,12,3
19,5,19,16.7,0,0,2,54,3
9,3,9,11.4,0,0,0,9,5
12,6,12,14.4,0,0,26,49,13
8,0,8,10.5,0,0,2,36,2
7,6,7,3.3,0,0,15,6,14
18,1,18,13.6,0,0,0,32,5
5,5,5,13.0,0,0,2,11,2
23,5,23,16.8,0,0,12,18,7
7,5,7,13.9,0,0,0,52,5
13,4,13,26.8,0,0,2,11,3
16,4,16,28.8,0,1,4,44,2
4,2,4,17.3,0,0,2,3,3
4,4,4,0.6,0,0,1,2,6
12,4,12,18.5,0,0,0,13,8
16,5,16,32.6,0,1,0,36,5
5,0,5,13.1,0,0,4,11,3
12,5,12,12.2,0,0,0,16,8
5,2,5,3.4,0,0,0,5,8
10,6,10,13.3,0,0,0,44,8
5,4,5,10.2,0,0,0,3,8
18,6,18,27.0,0,0,6,9,0
11,4,11,10.4,0,0,0,5,8
18,0,18,25.5,0,1,0,33,5
21,5,21,15.4,0,0,2,9,2
4,1,4,9.8,0,0,0,27,5
12,4,12,10.4,0,0,2,16,2
11,1,11,10.6,0,0,2,45,3
13,2,13,12.3,0,0,0,3,8
0,1,0,7.5,0,0,0,43,14
15,6,15,28.9,0,0,2,34,2
11,3,11,19.7,0,0,0,8,8
1,4,1,15.3,0,0,1,2,6
12,5,12,18.2,0,0,0,21,0
8,6,8,11.6,0,0,0,10,5
11,3,11,10.6,1,2,2,4,3
12,0,12,31.1,0,0,0,44,5
4,2,4,9.5,0,0,0,25,5
20,2,20,20.3,0,1,13,19,13
19,3,19,26.4,0,0,2,33,3
15,4,15,18.0,0,0,2,9,2
16,6,16,15.7,0,0,0,17,0
10,0,10,19.8,0,0,7,21,7
7,4,7,13.8,0,0,0,45,5
18,5,18,16.5,0,0,0,7,8
9,3,9,15.2,0,0,0,43,14
11,3,11,19.7,0,0,9,0,10
8,1,8,17.0,0,0,0,10,5
15,1,15,19.2,0,0,28,55,0
16,0,16,24.9,0,0,0,78,8
19,3,19,16.0,0,0,0,17,0
10,1,10,12.8,0,0,27,36,0
15,2,15,20.4,0,0,4,5,3
7,0,7,11.4,0,0,0,8,8
0,1,0,8.2,0,0,0,6,14
14,4,14,7.1,0,0,0,9,14
0,5,0,6.2,0,0,1,2,6
17,2,17,13.7,0,0,6,9,0
5,1,5,4.3,0,0,6,9,15
3,2,3,10.7,0,0,2,6,3
12,3,12,24.4,0,0,0,25,5
11,4,11,10.7,0,0,0,33,8
9,4,9,8.2,0,0,4,14,3
5,4,5,8.5,0,0,5,9,4
12,5,12,11.2,0,0,2,8,3
17,1,17,21.2,0,0,0,15,8
15,5,15,21.4,0,0,10,51,17
5,5,5,4.1,0,0,16,21,8
14,4,14,24.1,0,0,0,16,5
15,4,15,11.7,0,0,2,9,3
6,0,6,9.7,0,0,0,3,8
14,3,14,20.3,0,0,4,8,5
0,4,0,17.0,0,0,0,43,14
16,0,16,16.5,0,0,0,78,8
4,1,4,9.6,0,0,2,7,3
13,4,13,22.8,0,0,33,62,0
7,1,7,9.3,0,0,0,5,8
16,0,16,8.0,0,0,0,8,8
8,4,8,14.6,0,0,0,5,8
5,5,5,15.8,0,0,0,25,8
19,2,19,21.7,0,1,0,5,5
14,0,14,12.5,0,0,0,9,14
13,5,13,14.4,0,0,4,11,5
5,6,5,17.6,0,0,6,9,5
18,3,18,26.6,0,0,0,16,5
21,2,21,22.5,0,0,25,46,14
19,6,19,24.7,0,0,0,44,5
10,2,10,10.5,0,0,2,45,3
6,3,6,8.7,0,0,0,3,5
15,0,15,24.8,0,0,4,16,3
5,5,5,4.0,0,0,2,5,3
12,0,12,23.7,0,0,0,44,8
8,4,8,5.2,0,0,0,54,8
9,5,9,24.7,0,0,0,5,8
14,0,14,24.2,0,0,2,3,2
20,3,20,9.7,0,0,0,8,8
12,2,12,10.8,0,0,0,3,8
12,4,12,14.4,0,0,1,2,1
6,2,6,9.3,0,0,4,5,3
5,5,5,15.9,0,0,4,10,3
1,3,1,10.8,1,2,0,5,8
15,6,15,17.5,0,0,7,36,7
12,2,12,17.2,0,0,2,16,2
17,5,17,15.6,0,0,0,17,14
7,0,7,9.4,0,0,0,7,8
11,3,11,10.5,0,0,4,63,5
5,1,5,10.2,0,0,0,7,8
21,5,21,20.7,1,0,0,16,8
7,6,7,7.9,0,0,0,33,5
21,5,21,20.9,0,0,49,86,49
16,2,16,28.1,0,0,19,74,19
4,2,4,5.0,0,0,2,11,2
18,6,18,12.6,0,0,16,11,5
6,4,6,10.7,0,0,2,8,3
15,0,15,24.4,0,0,4,5,3
17,0,17,30.6,0,0,4,38,3
2,0,2,7.6,0,0,1,2,1
16,0,16,26.6,0,0,15,6,3
7,3,7,8.5,0,0,15,6,3
12,6,12,17.9,0,0,0,11,8
14,1,14,12.0,0,0,16,21,8
7,5,7,10.2,0,0,2,42,3
4,4,4,15.9,0,0,4,3,3
20,4,20,14.9,0,0,0,3,8
15,4,15,16.9,0,0,2,33,3
8,0,8,14.7,0,0,4,14,3
15,0,15,12.3,0,0,16,10,5
1,0,1,14.2,0,0,0,1,0
5,2,5,8.9,0,0,4,12,2
17,3,17,27.2,0,0,0,21,14
9,3,9,19.2,0,1,6,9,5
4,1,4,12.7,0,0,2,7,3
0,5,0,11.9,0,0,16,21,5
8,6,8,14.8,0,0,2,16,3
7,0,7,8.5,0,0,0,7,8
8,5,8,17.3,0,0,4,44,2
14,6,14,27.5,0,0,28,55,0
6,5,6,4.1,0,0,4,7,5
5,3,5,10.8,0,0,17,0,7
15,6,15,16.2,0,0,0,12,8
11,2,11,12.4,0,0,0,3,5
15,6,15,15.4,0,0,28,55,0
6,1,6,9.8,0,0,0,5,8
6,6,6,12.7,0,0,0,12,5
16,1,16,30.4,0,0,4,3,2
8,0,8,2.9,0,0,10,100,28
1,4,1,9.4,0,0,0,37,0
2,2,2,10.9,0,0,0,1,0
6,2,6,12.5,0,0,2,7,3
20,6,20,15.9,0,0,0,17,0
5,2,5,16.2,0,0,6,9,5
21,4,21,8.9,0,0,0,3,5
8,4,8,7.6,0,0,0,3,8
11,1,11,22.0,0,0,0,5,8
19,5,19,26.1,0,0,2,54,3
23,3,23,9.6,0,0,18,32,6
16,4,16,18.4,0,0,0,17,14
14,6,14,28.3,0,0,2,12,3
7,6,7,3.0,0,0,0,36,5
20,3,20,9.0,0,0,0,36,8
5,4,5,14.6,0,0,4,12,5
15,4,15,28.8,0,0,2,33,2
5,0,5,9.7,0,0,0,7,5
6,4,6,6.8,0,0,4,3,2
23,0,23,19.4,0,0,0,25,8
22,3,22,19.5,0,0,23,41,15
23,0,23,5.7,0,0,0,22,0
16,6,16,20.1,0,0,4,78,5
23,1,23,9.4,0,0,23,41,15
6,4,6,8.1,0,0,0,5,5
21,2,21,11.1,1,2,0,11,8
15,3,15,14.2,0,0,2,13,3
7,2,7,9.4,0,0,0,0,0
15,3,15,12.8,0,0,0,7,8
12,1,12,18.6,0,0,14,17,13
16,3,16,32.4,0,0,0,36,5
11,0,11,15.5,0,0,0,16,8
9,2,9,9.3,0,0,2,5,3
0,2,0,7.1,0,0,15,6,3
14,3,14,26.5,0,0,24,47,22
9,1,9,16.8,0,0,0,43,14
0,2,0,6.4,0,0,0,20,14
14,0,14,16.4,0,0,4,5,2
13,0,13,25.8,0,0,40,22,10
6,2,6,9.3,0,0,0,7,5
6,6,6,8.4,1,2,13,19,13
12,1,12,24.1,0,0,0,5,5
8,4,8,11.2,0,0,0,9,0
11,2,11,10.0,0,0,0,0,14
19,6,19,23.6,0,0,2,5,3
5,0,5,14.6,0,0,4,7,2
13,2,13,8.4,0,0,44,13,58
6,6,6,9.6,0,0,2,5,3
5,1,5,14.5,0,0,4,3,5
11,4,11,22.3,0,0,0,3,8
17,0,17,14.4,0,0,0,21,8
7,1,7,10.6,0,0,0,3,8
4,3,4,12.2,0,0,0,7,5
5,6,5,6.7,0,0,0,52,5
12,3,12,11.2,0,0,26,49,13
13,4,13,17.8,0,0,10,4,11
18,5,18,15.3,0,0,22,56,4
0,5,0,9.9,0,0,15,6,3
21,2,21,12.0,0,0,0,4,5
17,3,17,10.1,0,0,0,17,0
19,6,19,8.7,0,0,0,44,8
5,0,5,12.2,0,0,0,36,8
4,0,4,4.0,0,0,1,2,6
7,3,7,7.8,0,0,2,33,3
12,3,12,12.8,0,0,19,91,38
5,4,5,13.6,0,0,4,11,2
16,4,16,28.0,0,0,0,7,5
13,6,13,20.8,0,0,33,62,0
16,2,16,18.4,0,0,0,8,8
16,2,16,16.5,0,0,7,41,7
12,1,12,19.3,0,0,2,16,2
4,2,4,4.7,0,0,0,16,8
0,3,0,21.1,0,0,0,53,14
15,4,15,21.7,0,0,0,78,5
7,1,7,5.9,0,0,0,5,8
17,2,17,19.5,0,0,4,16,3
23,4,23,20.3,0,0,0,20,0
18,3,18,9.5,0,0,4,7,2
14,3,14,19.2,0,0,15,6,3
11,6,11,29.1,0,0,0,25,8
19,1,19,14.2,0,0,4,44,5
14,4,14,20.5,0,0,0,13,5
15,0,15,12.4,0,0,15,6,3
19,2,19,31.3,0,1,0,36,5
6,4,6,14.6,0,0,6,9,5
14,4,14,17.5,0,0,15,6,3
0,6,0,14.2,0,0,15,6,3
15,5,15,20.0,0,0,4,21,2
18,4,18,9.9,0,0,0,12,8
17,2,17,10.0,0,0,0,44,5
6,2,6,12.4,0,0,0,8,8
5,3,5,11.9,0,0,4,10,2
7,6,7,6.7,0,0,2,21,2
11,1,11,10.1,0,0,1,2,1
14,5,14,23.7,0,0,2,61,3
19,2,19,32.5,0,0,2,44,3
0,6,0,10.7,0,0,0,6,9
23,0,23,19.7,0,1,14,24,9
20,6,20,12.1,0,0,0,4,5
23,0,23,7.8,0,0,2,21,3
18,6,18,14.2,0,0,6,9,0
21,5,21,22.8,0,1,4,32,3
15,3,15,19.9,1,2,4,21,2
16,2,16,17.6,0,0,0,21,0
12,6,12,19.9,0,0,0,3,8
7,0,7,2.6,0,0,0,44,5
5,4,5,16.8,0,0,8,0,9
6,6,6,12.6,0,0,0,7,8
12,4,12,29.0,0,1,2,45,3
5,6,5,16.4,0,0,4,11,5
12,2,12,15.2,0,0,27,36,0
6,2,6,11.4,0,0,10,28,34
12,1,12,16.7,0,0,16,21,8
0,1,0,15.6,0,0,14,17,13
5,4,5,10.6,0,0,0,3,8
6,4,6,13.1,0,0,7,21,7
19,3,19,16.1,0,0,2,44,3
5,4,5,12.7,0,0,1,2,6
11,5,11,13.2,0,0,2,34,3
11,4,11,13.8,0,0,16,21,8
16,0,16,29.5,0,0,0,3,8
8,4,8,7.0,0,0,0,11,8
13,1,13,25.3,0,0,0,0,0
16,5,16,17.1,0,0,0,6,14
14,0,14,15.4,0,0,7,9,7
14,5,14,8.3,0,0,15,6,3
18,0,18,27.7,0,0,0,13,8
4,3,4,13.0,0,0,2,7,3
23,6,23,14.1,0,0,40,0,10
16,5,16,22.2,0,0,0,45,5
4,1,4,12.6,0,0,2,5,3
10,0,10,25.8,0,0,0,3,8
9,2,9,14.5,0,0,0,53,0
18,1,18,13.1,0,0,0,33,5
12,0,12,13.8,0,0,0,8,8
9,2,9,16.8,0,1,10,51,17
6,4,6,11.1,0,0,0,8,8
17,6,17,17.5,0,1,4,38,3
17,6,17,16.4,0,0,0,33,8
23,5,23,16.5,0,0,16,21,3
1,2,1,15.6,0,0,0,1,0
5,3,5,11.0,0,0,0,3,8
4,1,4,15.5,0,0,0,25,5
7,2,7,8.0,0,0,10,85,17
1,1,1,17.5,0,0,16,21,8
14,3,14,22.3,0,0,4,5,3
3,2,3,14.3,0,0,1,2,1
18,4,18,12.6,0,0,4,32,5
22,4,22,18.8,0,0,16,21,2
10,1,10,26.8,0,0,0,53,14
22,0,22,8.8,0,0,18,32,26
16,0,16,19.6,0,0,0,44,5
10,2,10,19.5,0,1,0,12,5
6,6,6,3.2,0,0,4,21,2
2,2,2,14.9,0,0,0,21,8
11,6,11,18.7,0,0,0,13,8
11,5,11,10.4,0,0,2,7,3
18,1,18,10.9,0,0,16,21,8
5,1,5,9.7,0,0,0,7,8
8,0,8,3.9,0,0,0,44,5
12,1,12,24.4,0,0,2,11,3
5,1,5,14.8,0,0,1,2,6
17,1,17,27.7,0,0,0,32,5
14,5,14,15.5,0,0,0,5,8
11,3,11,9.4,0,0,0,7,8
18,3,18,32.0,0,0,0,5,8
4,6,4,16.1,0,0,2,11,3
9,5,9,20.4,0,0,0,8,5
5,0,5,12.5,0,0,0,32,5
18,2,18,9.0,0,0,0,13,8
15,4,15,14.3,0,0,0,11,8
14,3,14,25.9,0,0,4,3,2
13,5,13,21.4,0,0,0,5,8
18,6,18,26.8,0,0,2,12,2
20,2,20,24.6,0,1,0,16,5
11,0,11,11.4,0,0,2,30,3
19,3,19,24.2,0,0,2,32,3
1,2,1,19.5,0,0,1,2,6
4,0,4,9.1,0,0,2,7,3
11,2,11,10.8,0,0,14,17,13
6,6,6,18.3,0,0,4,7,2
6,2,6,6.4,0,0,0,3,8
17,2,17,12.0,0,0,0,7,8
13,6,13,12.3,0,0,26,49,13
6,5,6,7.7,0,0,0,5,8
17,0,17,8.5,0,0,0,16,8
8,2,8,9.0,0,0,18,32,6
18,5,18,15.7,0,0,16,21,8
8,3,8,15.7,0,0,4,7,2
17,0,17,14.8,0,0,4,44,3
8,2,8,7.3,0,0,0,5,8
4,1,4,10.1,0,0,2,4,2
13,2,13,10.4,0,0,0,61,8
5,2,5,10.0,0,0,0,7,5
10,6,10,8.2,0,0,0,21,0
13,6,13,27.2,0,0,0,9,5
23,6,23,6.4,0,0,0,25,5
7,5,7,4.5,0,0,1,2,1
17,5,17,16.6,0,0,2,12,3
5,2,5,6.8,0,0,6,9,15
5,6,5,13.5,0,0,2,4,3
3,1,3,20.8,0,0,7,0,7
19,4,19,16.8,0,0,16,21,2
11,3,11,12.0,0,0,18,54,20
21,0,21,18.3,0,0,25,46,14
10,5,10,14.2,0,0,2,44,3
19,6,19,15.5,0,0,0,8,8
22,2,22,7.4,0,0,16,21,8
8,5,8,20.9,0,0,9,26,18
17,4,17,13.0,0,0,2,12,3
15,5,15,20.0,0,0,4,5,3
15,0,15,23.5,0,0,0,21,8
22,6,22,7.1,0,0,3,6,4
6,5,6,9.0,1,2,0,36,5
19,2,19,11.4,0,0,2,32,3
15,1,15,20.0,0,0,2,3,2
1,4,1,18.9,0,0,0,6,14
8,1,8,5.4,0,0,0,44,8
13,5,13,12.5,0,0,0,9,5
5,1,5,11.6,0,0,0,8,8
12,1,12,21.0,0,0,18,32,6
9,1,9,14.9,0,0,17,0,7
6,2,6,9.1,0,0,2,32,3
7,1,7,9.4,0,0,0,44,8
7,6,7,13.6,0,0,2,13,3
12,2,12,10.4,0,0,0,5,8
4,1,4,12.1,0,0,0,7,5
15,2,15,10.1,0,0,6,93,5
7,0,7,0.0,0,0,0,13,8
5,3,5,9.9,0,0,0,42,5
9,1,9,7.5,0,0,0,16,5
22,4,22,5.9,0,0,16,21,2
11,2,11,10.7,0,0,14,17,13
8,5,8,3.3,0,0,6,9,5
5,2,5,15.4,0,0,2,11,5
18,1,18,19.0,0,0,0,13,8
4,6,4,7.4,0,0,0,5,5
17,3,17,22.3,0,0,0,7,8
23,5,23,19.8,0,1,34,0,7
23,5,23,18.9,0,0,16,21,2
11,0,11,8.7,0,0,2,5,3
7,3,7,3.6,0,0,0,13,8
21,4,21,9.6,0,0,10,25,17
0,2,0,18.1,0,0,0,0,0
20,1,20,20.1,0,0,0,3,5
11,5,11,27.8,1,0,0,36,5
5,1,5,12.7,0,0,1,2,6
7,6,7,8.6,0,0,0,29,8
0,3,0,5.9,0,0,0,6,14
11,0,11,11.7,0,0,4,8,5
5,1,5,13.1,0,0,1,2,6
22,4,22,8.6,0,0,2,8,2
17,5,17,7.5,0,0,6,9,0
5,2,5,13.4,0,0,2,7,2
12,6,12,18.8,0,0,0,34,5
21,4,21,13.2,0,0,0,25,8
15,2,15,28.8,0,0,0,32,5
10,0,10,17.1,0,0,0,9,14
16,4,16,28.3,0,0,2,33,2
4,4,4,9.3,0,0,1,2,6
2,6,2,18.5,0,0,1,2,6
4,3,4,4.2,0,0,2,4,3
7,2,7,8.4,0,0,0,7,8
4,2,4,9.8,0,0,1,2,1
17,6,17,25.3,0,0,2,44,2
9,3,9,2.6,0,0,0,32,5
7,5,7,10.1,0,0,2,33,3
15,5,15,30.4,0,0,2,13,3
8,0,8,15.7,0,0,44,16,58
18,5,18,13.1,0,0,0,32,5
1,4,1,6.6,0,0,0,0,0
11,2,11,9.6,0,0,22,56,4
19,5,19,13.6,0,0,0,17,0
0,1,0,10.1,0,0,2,21,3
5,6,5,7.1,0,0,4,5,3
1,5,1,14.2,0,0,1,2,6
7,4,7,1.7,0,0,2,16,2
20,5,20,20.4,0,0,0,36,8
12,4,12,14.3,0,0,16,21,8
6,6,6,10.7,0,0,40,0,10
17,5,17,30.4,0,0,0,21,0
0,0,0,6.7,0,0,0,0,0
2,3,2,20.9,0,0,1,2,6
13,2,13,12.2,0,0,0,30,5
0,4,0,8.6,0,0,0,6,14
15,2,15,17.5,0,0,0,78,8
12,4,12,15.0,0,0,0,11,5
15,0,15,20.7,0,0,0,13,5
13,6,13,26.6,0,0,0,44,5
5,3,5,10.0,0,0,2,8,3
6,5,6,15.4,0,0,6,9,5
5,1,5,11.7,0,0,0,7,8
19,3,19,9.5,0,0,0,8,8
6,4,6,9.5,0,0,0,5,8
1,4,1,8.0,0,0,1,2,6
7,4,7,6.9,0,0,2,33,3
11,1,11,13.1,0,0,0,7,8
21,2,21,14.5,0,0,2,3,2
17,1,17,26.2,0,0,2,7,3
17,6,17,15.0,0,0,6,9,5
6,3,6,15.2,0,0,2,9,2
7,0,7,3.8,0,0,0,7,8
12,5,12,21.4,0,0,0,3,8
11,5,11,18.8,0,0,0,30,5
13,0,13,32.2,0,0,2,3,2
4,0,4,4.7,0,0,1,2,6
5,3,5,14.2,0,0,4,10,5
5,2,5,8.3,0,0,2,11,2
13,3,13,9.5,0,0,0,8,8
8,1,8,7.3,0,0,4,21,2
16,1,16,11.9,0,0,0,32,5
23,3,23,8.6,0,0,0,43,14
10,0,10,10.8,0,0,0,13,5
4,2,4,14.5,0,0,0,5,5
15,6,15,22.5,0,0,29,26,10
14,2,14,19.4,0,0,0,54,5
15,4,15,17.8,0,0,0,7,8
19,4,19,23.4,0,0,4,44,5
14,3,14,25.0,0,0,0,9,5
5,6,5,9.3,0,0,2,4,3
13,1,13,9.7,0,0,19,44,17
12,0,12,16.7,0,0,0,32,5
8,6,8,13.7,0,0,2,3,3
13,6,13,21.9,0,0,28,55,0
18,6,18,12.6,0,0,0,33,5
19,2,19,6.8,0,0,0,8,8
4,5,4,5.9,0,0,2,11,2
16,1,16,12.3,0,0,0,8,5
10,2,10,10.3,0,0,2,13,2
18,3,18,25.5,0,1,6,9,0
7,6,7,13.4,0,0,6,9,5
4,1,4,13.8,0,0,0,5,5
15,3,15,12.7,0,0,4,5,3
7,2,7,9.8,0,0,0,29,5
11,1,11,11.3,0,0,4,63,3
11,5,11,15.3,0,0,0,25,8
8,4,8,17.2,0,0,4,5,3
15,4,15,25.0,0,0,0,13,5
13,0,13,25.9,0,0,4,5,3
20,0,20,13.3,0,0,0,3,5
6,4,6,13.3,0,0,0,12,8
13,2,13,19.3,0,0,2,36,3
4,2,4,4.8,0,0,0,16,8
13,0,13,14.8,0,0,0,33,5
5,6,5,13.2,0,0,7,0,7
8,1,8,9.2,0,0,0,29,5
11,4,11,10.4,1,0,0,13,5
16,0,16,25.6,0,0,16,21,8
6,0,6,11.5,0,0,0,5,8
18,2,18,27.9,0,0,2,4,2
1,3,1,19.0,0,0,0,1,0
1,1,1,6.6,0,0,14,17,13
1,2,1,19.7,0,0,0,1,0
7,0,7,12.8,0,0,0,45,5
7,3,7,8.5,0,0,7,36,7
1,1,1,15.2,0,0,7,0,7
5,0,5,4.2,0,0,2,8,3
11,2,11,14.6,0,0,1,2,1
1,1,1,14.8,0,0,1,2,6
15,2,15,20.3,0,0,6,9,7
0,0,0,5.6,0,0,1,2,6
6,2,6,9.3,0,0,2,21,3
16,6,16,19.8,0,0,0,8,8
2,4,2,17.0,0,0,2,6,3
19,1,19,22.3,0,0,0,3,8
7,0,7,6.7,0,0,0,3,8
14,2,14,26.8,0,0,0,9,5
5,2,5,9.4,0,0,0,7,5
4,4,4,8.5,0,0,1,2,6
10,2,10,7.4,0,0,27,36,0
18,5,18,28.7,0,0,0,44,5
5,3,5,14.4,0,0,4,16,2
11,0,11,19.2,0,0,0,33,8
6,4,6,16.3,0,0,9,0,18
6,0,6,13.5,0,0,0,7,8
15,6,15,28.9,0,0,16,21,8
6,4,6,13.2,0,0,2,3,2
14,2,14,15.9,0,0,0,21,8
8,5,8,2.5,0,0,0,33,5
23,1,23,12.7,0,0,0,43,14
5,2,5,11.9,0,0,0,4,5
20,1,20,11.2,0,0,0,36,8
15,5,15,8.0,0,0,0,11,8
9,6,9,7.7,0,0,0,29,8
0,6,0,13.8,0,0,14,17,13
12,0,12,21.7,0,0,26,49,13
5,4,5,15.2,0,0,0,53,14
7,4,7,5.1,0,0,0,33,5
21,4,21,7.0,0,0,0,3,5
19,0,19,12.1,0,0,2,32,3
12,2,12,14.7,0,0,0,44,8
11,1,11,13.4,0,0,0,0,0
7,0,7,9.5,0,0,0,5,8
3,2,3,14.6,0,0,1,2,1
5,2,5,6.9,0,0,0,4,5
3,4,3,13.3,0,0,5,9,4
8,4,8,5.1,0,0,0,13,5
14,6,14,15.2,0,0,0,7,8
15,3,15,28.0,0,0,2,12,2
19,6,19,21.0,0,0,18,32,6
7,3,7,7.4,0,0,0,36,8
15,4,15,15.4,0,0,0,5,5
14,2,14,18.4,0,0,0,29,8
5,6,5,12.9,0,0,4,11,2
13,6,13,15.8,0,0,10,74,31
18,0,18,8.3,0,0,0,54,5
7,4,7,5.2,0,0,0,8,5
17,0,17,16.2,0,0,4,12,2
7,0,7,3.1,0,0,4,3,2
4,1,4,5.7,0,0,0,12,8
22,2,22,8.8,0,0,0,5,8
1,5,1,13.8,0,0,23,41,15
3,3,3,16.4,0,0,2,6,3
17,5,17,31.8,0,0,2,16,2
7,5,7,16.0,0,0,6,9,5
19,3,19,8.9,1,2,24,47,22
5,4,5,11.7,0,0,0,4,8
13,2,13,9.4,0,0,2,3,2
13,2,13,14.1,0,0,2,44,2
6,6,6,8.9,0,0,2,9,2
9,0,9,18.3,0,0,9,0,18
5,6,5,16.8,0,0,4,10,2
11,0,11,16.5,0,0,0,3,8
13,1,13,25.3,0,0,4,5,2
4,4,4,8.9,1,2,15,6,3
13,1,13,24.8,0,0,14,17,13
18,3,18,27.4,0,0,0,7,8
14,6,14,27.3,0,0,45,58,6
19,6,19,14.5,0,0,0,25,8
4,1,4,5.6,0,0,6,9,5
0,6,0,8.9,0,0,1,2,6
20,2,20,12.8,0,0,2,5,3
6,0,6,7.8,0,0,4,5,2
16,5,16,31.7,0,0,0,13,8
22,2,22,11.4,1,2,0,3,8
10,2,10,8.1,0,0,0,7,5
1,2,1,10.9,0,0,0,37,0
9,1,9,10.8,0,0,19,136,63
4,3,4,7.8,0,0,0,25,8
15,6,15,19.4,0,0,2,5,3
19,0,19,12.4,0,0,0,16,5
10,1,10,9.6,0,0,10,93,19
18,0,18,26.2,0,0,2,8,2
5,0,5,3.9,0,0,4,21,5
16,2,16,26.2,0,0,4,44,2
21,1,21,12.9,0,0,13,19,13
6,1,6,13.0,0,0,0,9,5
4,6,4,10.6,0,0,0,25,5
7,5,7,5.2,0,0,0,16,5
15,0,15,24.9,0,0,0,78,8
16,0,16,25.7,0,0,0,7,8
7,1,7,5.9,0,0,0,7,8
7,0,7,12.0,0,0,16,21,5
4,2,4,14.6,0,0,2,4,3
6,2,6,4.5,0,0,4,7,5
5,6,5,17.6,0,0,2,10,3
0,3,0,6.7,0,0,0,0,0
7,3,7,6.7,0,0,0,44,5
0,3,0,15.7,0,0,11,23,14
12,1,12,15.2,0,0,14,17,13
6,2,6,12.4,0,0,0,5,8
12,4,12,19.0,0,0,4,11,2
8,3,8,7.0,0,0,0,29,5
14,0,14,19.0,0,0,0,5,8
13,2,13,13.9,0,0,0,16,8
10,0,10,13.7,0,0,0,44,5
21,1,21,16.7,0,0,2,8,3
23,1,23,10.3,0,0,0,43,14
5,6,5,7.6,0,0,4,6,3
7,6,7,13.8,0,0,15,6,3
23,4,23,12.2,0,0,4,5,3
11,5,11,13.6,0,0,29,26,10
22,3,22,9.1,0,0,16,21,8
11,3,11,13.5,0,0,0,8,8
5,1,5,8.8,0,0,2,9,2
2,0,2,14.3,0,0,0,1,0
9,2,9,20.8,0,0,2,7,3
11,2,11,25.6,0,0,0,33,8
11,3,11,9.5,0,0,0,53,0
1,2,1,16.9,0,0,1,2,6
15,2,15,25.8,0,0,0,78,8
5,0,5,16.3,0,0,2,11,3
11,2,11,13.4,0,0,2,16,2
17,5,17,31.8,0,0,18,32,6
18,5,18,13.6,0,0,2,8,2
22,0,22,17.8,0,0,11,0,12
21,1,21,18.9,0,0,2,8,3
9,5,9,4.9,0,0,2,16,3
11,3,11,18.3,0,0,2,16,3
15,6,15,16.4,0,0,0,16,5
6,2,6,11.1,0,0,0,7,8
15,1,15,20.2,0,0,4,8,3
10,1,10,12.7,0,0,0,25,8
12,1,12,23.0,0,0,21,26,7
0,5,0,19.7,0,0,0,22,0
14,0,14,18.7,0,0,0,7,8
6,0,6,12.2,0,0,4,11,2
15,3,15,13.5,0,0,0,12,8
11,3,11,10.1,0,0,0,0,14
5,0,5,1.0,0,0,9,0,10
5,3,5,9.0,0,0,0,3,8
12,1,12,14.2,0,0,0,7,8
12,2,12,21.9,0,0,26,49,13
14,2,14,20.3,0,0,0,25,8
12,3,12,16.5,0,0,2,13,2
19,3,19,12.7,0,0,2,54,2
8,0,8,7.4,0,0,3,0,4
20,3,20,18.3,0,0,2,33,3
14,2,14,20.2,0,0,0,7,8
8,5,8,7.9,0,0,0,15,8
3,3,3,13.0,0,0,1,2,1
11,2,11,11.1,0,0,2,30,3
12,2,12,27.4,0,1,0,3,5
12,4,12,24.2,0,0,4,11,2
7,1,7,2.2,0,0,24,47,22
4,1,4,5.1,0,0,0,3,8
4,2,4,1.6,0,0,0,25,8
20,0,20,12.0,0,0,2,4,3
15,6,15,20.1,0,0,0,9,8
6,4,6,13.2,0,0,0,12,8
5,6,5,8.1,0,0,4,12,2
5,6,5,2.6,0,0,4,10,2
4,0,4,4.3,0,0,2,11,2
22,2,22,11.2,1,2,9,36,10
7,2,7,11.5,0,0,2,33,3
7,6,7,6.8,0,0,4,13,3
14,2,14,17.9,0,0,2,44,2
15,1,15,12.4,0,0,0,78,5
18,2,18,31.2,0,0,0,33,8
12,1,12,17.9,0,0,4,63,5
16,2,16,20.7,0,0,0,6,14
5,2,5,11.9,0,0,1,2,6
17,0,17,13.6,0,0,16,11,5
22,1,22,8.6,0,0,14,17,13
9,0,9,13.1,0,0,2,3,2
10,6,10,6.1,0,0,0,33,5
8,6,8,5.2,0,0,0,21,8
15,6,15,19.4,0,0,2,54,3
11,1,11,21.5,0,0,13,19,54
10,0,10,11.8,0,0,0,7,8
7,1,7,10.0,0,0,1,2,1
6,6,6,7.2,0,0,0,12,8
16,5,16,17.6,0,0,6,93,5
1,0,1,8.8,0,0,1,2,6
13,3,13,14.4,0,0,2,13,3
17,6,17,14.3,0,0,16,21,8
6,6,6,8.4,1,2,8,70,9
9,3,9,4.9,0,0,2,3,3
9,3,9,21.2,0,0,6,9,5
2,2,2,15.7,0,0,0,1,0
5,3,5,15.2,0,0,4,11,3
5,2,5,9.2,0,0,16,21,5
13,1,13,26.1,0,0,0,61,8
7,3,7,4.0,0,0,0,44,8
6,6,6,6.6,0,0,4,8,3
20,3,20,8.5,0,0,4,32,3
12,1,12,20.9,0,0,4,63,3
2,1,2,12.4,0,0,0,62,0
7,0,7,10.7,0,0,0,36,8
17,3,17,14.0,0,0,7,0,7
2,4,2,5.5,0,0,1,2,1
12,3,12,20.8,0,0,10,28,34
4,0,4,15.7,0,0,2,5,3
17,6,17,25.3,0,0,0,15,8
13,0,13,23.2,0,0,2,36,3
14,4,14,24.6,0,0,2,54,3
13,0,13,26.5,0,0,45,58,6
7,4,7,6.8,0,0,0,9,14
11,3,11,19.6,0,0,97,127,82
19,1,19,7.0,0,0,0,17,0
16,1,16,13.7,0,0,4,5,3
10,1,10,11.0,0,0,0,21,0
11,2,11,14.4,0,0,2,34,3
14,6,14,28.9,0,0,29,26,10
16,2,16,26.1,0,0,6,93,5
13,2,13,19.5,0,0,0,9,5
13,3,13,19.1,0,0,0,32,5
5,0,5,9.9,0,0,0,5,8
12,1,12,15.3,0,0,2,8,2
6,3,6,4.4,0,0,7,0,7
2,1,2,12.5,0,0,1,2,1
16,0,16,24.9,0,0,2,5,3
9,2,9,11.3,0,0,0,53,14
5,3,5,8.1,0,0,2,8,3
5,1,5,13.7,0,0,4,10,5
18,1,18,13.4,0,0,2,4,2
5,0,5,14.7,0,0,4,5,2
16,6,16,25.2,0,0,0,6,14
23,6,23,11.3,0,0,0,0,0
13,3,13,18.9,0,0,26,49,13
18,1,18,28.8,0,0,2,44,3
6,3,6,0.8,0,0,4,50,3
18,1,18,11.3,0,0,4,44,5
4,0,4,2.0,0,0,0,4,5
20,6,20,10.8,0,0,7,26,7
4,0,4,16.6,0,0,0,16,8
0,0,0,18.4,0,0,11,23,14
0,6,0,20.6,0,0,2,21,3
0,1,0,9.1,0,0,4,36,2
19,2,19,7.7,0,0,0,25,8
0,0,0,18.7,0,0,2,16,3
6,6,6,6.1,0,0,2,21,2
16,5,16,14.7,0,0,4,44,2
16,3,16,27.3,0,0,0,36,8
17,3,17,13.1,0,0,0,7,5
14,0,14,30.8,0,0,2,5,3
22,4,22,6.9,1,2,7,36,7
8,6,8,9.8,0,0,4,13,5
13,1,13,12.4,0,0,0,61,8
5,0,5,9.9,0,0,2,5,3
0,6,0,3.4,0,0,16,21,8
0,2,0,13.7,0,0,14,17,13
16,2,16,20.7,0,0,0,12,8
1,5,1,7.3,0,0,1,2,6
16,4,16,21.1,0,0,0,33,8
9,3,9,8.9,1,0,27,36,0
14,1,14,18.0,0,0,2,61,3
14,4,14,17.9,0,0,0,34,5
11,1,11,14.6,0,0,0,5,8
19,4,19,10.6,0,0,2,4,3
15,1,15,27.8,0,0,16,21,8
14,5,14,16.7,0,0,2,12,3
11,6,11,19.0,0,0,0,34,5
5,2,5,14.3,0,0,0,11,8
6,3,6,12.8,0,0,0,7,5
13,1,13,23.2,0,0,2,36,3
19,2,19,27.8,0,0,2,5,3
5,3,5,6.2,0,0,0,5,5
11,6,11,21.9,0,0,2,8,3
5,0,5,14.9,0,0,2,7,2
15,1,15,13.3,0,0,2,13,3
23,5,23,22.5,0,0,35,43,0
5,6,5,8.1,0,0,0,52,5
10,0,10,15.2,0,0,0,3,5
8,0,8,13.8,0,1,47,87,47
1,5,1,17.7,0,0,0,1,0
12,0,12,18.7,0,0,0,11,8
15,2,15,20.0,0,0,0,13,8
11,1,11,15.5,0,0,0,16,8
17,4,17,7.0,0,0,2,44,3
7,3,7,5.9,0,0,2,33,3
5,4,5,8.8,0,0,16,21,8
6,6,6,10.6,0,0,0,9,3
5,4,5,10.7,0,0,4,11,2
6,3,6,8.0,0,0,0,7,8
6,1,6,5.1,0,0,4,3,2
23,5,23,8.1,0,0,0,0,0
13,3,13,12.9,0,0,0,8,8
5,2,5,11.8,0,0,4,12,2
13,6,13,19.4,0,0,33,62,0
17,1,17,14.1,0,0,0,17,14
16,1,16,27.6,0,0,0,45,5
10,4,10,17.5,0,0,2,16,2
23,1,23,17.7,0,0,0,16,5
4,5,4,13.6,0,0,0,4,8
14,6,14,21.8,0,0,0,13,5
8,0,8,7.4,0,0,2,33,3
16,6,16,35.0,0,0,0,3,8
3,4,3,13.2,0,0,1,2,1
16,4,16,15.1,0,0,0,15,5
6,0,6,11.5,0,0,0,8,5
20,1,20,17.1,0,0,4,5,2
1,4,1,6.1,0,0,0,37,0
23,0,23,13.6,0,0,0,20,14
18,2,18,9.7,1,0,2,13,3
7,0,7,17.2,0,0,24,47,22
18,5,18,27.0,0,0,0,33,8
15,3,15,11.2,0,0,2,8,3
10,6,10,21.3,0,0,27,36,0
5,3,5,6.3,0,0,0,36,8
17,5,17,33.1,0,0,4,38,2
9,4,9,8.1,0,0,0,53,0
18,0,18,22.3,0,0,2,4,3
7,6,7,11.3,0,0,0,36,8
12,0,12,13.2,0,0,2,33,3
21,1,21,13.6,0,0,0,9,5
8,1,8,10.0,0,0,0,53,14
15,3,15,25.8,0,0,7,36,7
7,6,7,10.7,0,0,0,29,5
18,4,18,29.4,0,0,9,0,18
5,2,5,3.4,0,0,0,7,8
20,5,20,8.3,0,0,2,8,2
6,6,6,18.4,0,0,16,21,8
11,2,11,11.0,0,0,2,16,2
8,1,8,3.0,0,0,0,10,5
5,2,5,6.8,0,0,0,7,5
12,4,12,14.9,0,0,1,2,1
7,4,7,11.3,0,0,0,9,5
14,2,14,14.4,0,0,0,21,8
8,4,8,7.6,0,0,0,8,8
8,0,8,17.8,0,0,0,9,14
14,6,14,11.4,1,0,10,103,16
8,0,8,0.4,0,0,18,32,26
18,0,18,30.2,0,0,4,5,3
21,4,21,20.5,0,0,0,4,8
15,0,15,11.4,0,0,15,6,15
10,0,10,7.6,0,0,0,44,5
19,4,19,14.5,0,0,0,21,5
13,4,13,15.8,0,0,2,33,2
7,1,7,9.2,0,0,0,36,5
14,1,14,20.7,0,0,2,30,3
20,2,20,8.2,0,0,2,8,3
1,3,1,12.1,0,0,15,6,3
12,6,12,26.9,0,0,0,3,5
0,5,0,19.1,0,0,0,6,14
15,1,15,18.2,0,0,0,5,5
22,1,22,13.3,0,0,2,8,3
10,0,10,12.2,0,0,0,5,8
8,6,8,22.3,0,0,2,13,3
14,4,14,28.7,0,0,0,16,5
17,0,17,30.0,0,0,2,7,3
7,3,7,10.8,0,0,15,6,14
16,4,16,11.2,0,0,0,11,8
1,1,1,9.7,0,0,15,6,3
17,0,17,11.2,0,0,0,36,8
7,2,7,9.3,0,0,0,13,5
16,0,16,23.0,0,0,7,14,7
5,3,5,6.8,0,0,2,5,3
5,4,5,8.3,0,0,4,11,2
5,3,5,3.5,0,0,0,8,5
3,2,3,5.3,0,0,2,6,3
5,3,5,14.6,0,0,0,4,8
0,1,0,12.8,0,0,1,2,6
23,2,23,9.7,0,0,13,19,13
19,3,19,11.5,0,0,0,8,5
4,2,4,9.4,0,0,2,4,3
7,5,7,12.6,0,0,16,21,5
4,5,4,14.2,0,0,0,4,8
17,6,17,9.6,0,0,0,54,5
1,3,1,9.2,0,0,1,2,6
7,0,7,11.6,0,0,8,0,9
19,1,19,14.5,0,0,0,17,0
5,1,5,11.1,0,0,0,36,8
22,1,22,17.8,0,1,23,41,15
16,2,16,19.1,0,0,19,45,17
17,3,17,13.7,0,0,2,7,3
13,0,13,25.7,0,1,2,36,3
4,3,4,2.2,0,0,6,9,5
7,1,7,10.1,0,0,6,9,15
20,5,20,6.7,0,0,0,36,5
8,2,8,12.0,0,0,0,44,8
15,1,15,11.2,1,2,4,7,5
13,0,13,15.5,0,0,4,21,2
15,3,15,27.3,0,0,0,45,5
17,2,17,26.1,0,0,0,44,5
17,4,17,14.6,0,0,4,38,2
9,2,9,13.5,0,0,2,13,2
7,5,7,6.8,0,0,0,33,5
0,5,0,11.6,0,0,15,6,3
11,4,11,10.9,0,0,0,7,8
9,0,9,6.0,0,0,0,13,5
18,6,18,15.8,0,0,0,21,5
18,2,18,9.9,0,0,0,3,8
9,0,9,13.1,0,0,2,34,2
22,1,22,8.7,0,0,7,0,7
17,3,17,12.8,0,0,8,0,9
11,2,11,10.9,0,0,16,21,8
5,5,5,12.8,0,0,4,11,2
13,1,13,11.7,0,0,2,36,3
2,5,2,6.1,0,0,1,2,1
23,0,23,9.8,0,0,0,4,5
0,4,0,12.6,1,2,0,21,8
13,2,13,19.6,0,0,4,11,2
14,1,14,14.6,0,0,0,21,8
16,6,16,15.2,0,0,0,8,8
12,4,12,11.1,0,0,4,8,3
23,5,23,10.1,0,0,9,0,10
13,5,13,12.6,0,0,4,8,3
0,0,0,5.8,0,0,1,2,6
18,1,18,14.6,0,0,0,5,8
5,6,5,15.0,0,0,0,42,5
17,3,17,14.1,0,0,2,12,3
4,2,4,14.8,0,0,2,5,3
13,5,13,26.2,0,0,0,5,5
5,4,5,8.7,0,0,4,7,2
17,1,17,12.1,0,0,4,7,3
5,3,5,8.9,0,0,0,5,8
11,4,11,10.9,0,0,2,16,2
5,2,5,6.8,0,0,0,8,8
1,3,1,19.3,0,0,0,1,0
21,2,21,21.9,0,1,6,9,5
10,6,10,12.2,0,0,2,34,3
4,4,4,8.6,0,0,9,0,10
9,2,9,11.0,0,0,10,35,17
16,6,16,21.7,0,0,0,54,5
17,3,17,17.2,0,0,0,7,5
8,3,8,4.2,0,0,0,53,0
15,2,15,21.7,0,0,0,16,8
5,5,5,7.2,0,0,4,11,2
16,5,16,26.5,0,0,0,8,5
16,4,16,20.3,0,0,2,8,3
13,1,13,15.5,0,0,0,9,5
14,1,14,11.4,0,0,16,21,8
6,6,6,13.3,0,0,1,2,6
22,4,22,13.5,0,0,2,9,2
1,6,1,13.4,0,0,1,2,1
14,6,14,16.7,0,0,0,9,8
21,4,21,19.0,0,0,0,36,5
8,6,8,11.2,0,1,0,9,5
23,5,23,11.0,0,0,0,9,8
7,2,7,11.4,0,0,2,9,2
6,1,6,12.0,0,0,2,9,2
20,6,20,13.6,0,0,0,36,8
20,0,20,6.7,0,0,0,9,5
18,2,18,18.5,0,1,0,32,5
4,6,4,8.6,0,0,8,0,9
22,0,22,10.0,0,0,18,32,26
16,3,16,27.8,0,0,0,3,5
14,0,14,7.7,0,0,4,21,2
4,3,4,8.9,0,0,0,4,8
23,0,23,13.6,0,0,0,17,0
15,0,15,24.9,0,0,2,33,3
13,3,13,14.7,0,0,7,0,7
10,4,10,25.7,0,1,25,46,0
13,3,13,10.8,0,0,2,36,3
5,5,5,15.6,0,0,4,10,2
5,0,5,8.4,0,0,4,21,2
19,1,19,5.9,0,0,4,8,3
6,5,6,3.5,0,0,0,16,8
10,5,10,17.4,0,0,2,13,3
16,1,16,18.1,0,0,0,33,8
21,2,21,12.6,0,0,0,5,8
12,6,12,17.5,0,0,2,3,2
12,3,12,21.7,0,0,0,11,8
13,2,13,18.6,0,0,0,32,5
6,0,6,8.5,0,0,0,8,5
5,5,5,7.7,0,0,2,4,2
4,3,4,9.1,0,0,0,11,8
5,5,5,5.2,0,0,4,12,3
1,4,1,12.9,0,0,1,2,6
13,5,13,12.4,0,0,4,8,3
11,1,11,8.3,0,0,4,63,3
12,6,12,12.5,0,0,0,3,8
11,0,11,20.5,0,0,0,25,5
6,1,6,9.7,0,0,2,5,3
6,4,6,6.7,0,0,6,9,5
17,1,17,27.7,0,0,0,33,8
0,6,0,14.3,0,0,11,0,14
19,4,19,8.9,0,0,2,54,2
6,0,6,1.8,0,0,4,5,2
16,4,16,20.0,0,0,0,15,5
5,4,5,8.5,0,0,0,5,5
18,6,18,13.1,0,0,16,21,8
5,0,5,10.7,0,0,0,11,5
23,1,23,7.0,0,0,0,22,0
13,3,13,26.6,0,0,27,36,0
14,1,14,26.6,0,0,4,5,3
11,6,11,12.0,0,0,2,34,2
9,5,9,9.5,0,0,0,29,8
11,2,11,19.8,0,0,0,3,8
14,1,14,11.6,1,2,10,5,34
8,4,8,18.7,0,0,0,44,8
23,2,23,8.8,0,0,2,8,3
22,3,22,6.0,0,0,14,17,13
5,3,5,0.2,0,0,4,10,5
5,1,5,15.2,0,0,2,7,3
8,0,8,5.6,0,0,2,33,3
9,6,9,5.8,0,0,4,13,5
16,5,16,17.4,0,0,0,8,8
5,3,5,3.5,0,0,4,3,2
10,3,10,11.5,0,0,0,8,8
21,1,21,17.6,0,0,16,11,3
15,4,15,17.6,0,0,2,33,3
17,6,17,14.0,0,0,0,21,8
23,1,23,6.1,0,0,0,43,14
19,2,19,22.7,0,0,2,32,3
4,2,4,9.8,0,0,6,9,5
4,2,4,15.8,0,0,36,0,10
5,5,5,12.7,0,0,6,9,5
16,3,16,25.2,0,0,2,5,2
11,1,11,16.2,0,0,0,21,8
5,0,5,13.7,0,0,0,7,5
16,3,16,29.4,0,0,15,6,3
15,3,15,18.7,0,0,2,58,3
5,6,5,7.6,0,0,2,5,3
16,2,16,30.5,0,1,18,32,20
15,5,15,21.8,0,0,10,51,17
20,1,20,11.9,0,0,2,9,2
12,1,12,16.6,0,0,10,16,11
23,2,23,7.1,0,0,0,20,0
8,3,8,11.0,0,0,2,16,3
15,3,15,26.0,0,0,18,32,26
8,3,8,8.9,0,0,2,5,3
11,0,11,19.4,0,0,0,45,5
18,1,18,29.3,0,1,6,9,7
0,5,0,6.7,1,2,15,14,3
9,6,9,11.2,0,0,0,53,0
4,0,4,9.8,0,0,0,3,8
5,0,5,9.1,0,0,4,21,2
10,6,10,20.0,0,0,2,16,2
6,2,6,8.7,0,0,4,7,3
4,3,4,10.3,0,0,2,4,3
5,1,5,12.5,0,0,2,3,3
5,3,5,7.8,0,0,4,5,2
1,5,1,4.9,0,0,10,8,17
16,0,16,22.9,0,0,16,21,8
14,6,14,11.2,0,0,15,6,15
5,3,5,15.8,0,0,4,12,5
5,5,5,2.5,0,0,2,9,2
23,0,23,19.3,0,0,18,32,6
9,1,9,19.6,0,0,2,13,3
5,3,5,13.7,0,0,7,75,7
8,0,8,13.8,0,0,2,16,3
12,3,12,11.4,0,0,0,3,8
6,4,6,11.3,0,0,4,7,3
22,3,22,8.5,0,0,23,41,15
19,6,19,21.6,0,0,0,61,5
18,5,18,8.9,0,0,0,33,5
10,5,10,21.0,0,0,2,45,3
5,4,5,16.1,0,0,2,10,3
16,1,16,19.1,0,0,4,44,3
4,3,4,8.6,0,0,2,4,3
12,5,12,11.7,0,0,1,2,1
9,1,9,19.4,0,0,0,42,5
16,0,16,19.5,0,0,6,9,0
6,6,6,9.9,0,0,2,3,3
19,1,19,23.8,0,0,4,7,2
8,0,8,21.5,0,0,0,44,5
6,3,6,9.6,0,0,4,50,2
9,3,9,10.3,0,0,0,15,8
12,3,12,10.5,0,0,0,5,8
14,4,14,23.0,0,0,2,54,3
5,2,5,9.3,0,0,2,9,2
5,4,5,5.0,0,0,2,7,3
7,6,7,3.8,0,0,7,0,7
20,3,20,20.4,0,0,2,21,3
11,2,11,8.8,0,0,14,17,13
12,1,12,20.8,0,0,0,32,5
11,1,11,14.3,0,0,2,3,3
16,1,16,13.8,0,0,0,8,8
15,2,15,20.9,0,0,0,13,8
23,1,23,12.6,0,0,0,20,0
22,1,22,11.4,0,0,23,41,15
16,6,16,25.4,0,0,0,7,8
0,5,0,5.5,0,0,15,6,3
3,2,3,18.4,0,0,21,36,7
16,3,16,9.1,1,2,0,3,8
9,2,9,4.9,0,0,0,32,5
8,5,8,2.4,0,0,0,5,8
6,0,6,5.0,0,0,0,3,8
18,6,18,22.9,0,0,16,11,3
17,2,17,20.5,0,0,4,38,3
6,1,6,12.0,0,0,6,9,5
8,5,8,8.5,0,0,2,16,3
17,5,17,17.7,0,0,2,12,3
13,5,13,14.9,0,0,0,44,8
19,3,19,11.7,0,0,0,17,0
16,0,16,8.1,0,0,0,11,8
23,3,23,9.8,1,2,0,8,8
12,5,12,14.3,0,0,4,8,3
22,1,22,9.2,1,2,0,32,5
11,4,11,12.6,0,0,0,10,5
13,2,13,11.0,0,0,0,13,5
18,1,18,10.0,0,0,0,13,8
10,3,10,11.1,1,2,0,5,8
23,3,23,20.9,0,0,13,19,13
8,6,8,18.2,0,0,0,3,8
9,5,9,16.2,0,0,18,32,6
8,0,8,9.6,0,0,0,44,8
4,6,4,16.1,0,0,0,4,8
0,1,0,11.9,0,0,0,43,14
4,0,4,12.7,0,0,0,25,8
12,0,12,22.1,0,0,26,49,13
12,3,12,21.6,0,0,2,13,2
1,4,1,8.9,0,0,0,6,14
9,0,9,19.3,0,0,0,21,8
22,0,22,21.1,0,0,2,9,2
23,0,23,10.8,0,0,0,20,14
20,6,20,12.6,0,0,0,17,0
10,1,10,11.3,0,0,0,44,5
7,4,7,3.6,0,0,0,9,14
9,6,9,12.4,0,0,0,57,0
19,2,19,8.6,0,0,2,32,2
5,4,5,11.6,0,0,0,9,5
14,3,14,10.1,0,0,7,0,7
15,0,15,28.6,0,0,18,32,33
10,2,10,14.3,0,0,0,30,5
17,6,17,28.6,0,0,38,48,39
8,3,8,18.7,0,0,0,8,5
20,1,20,12.7,0,0,0,36,8
23,3,23,5.5,0,0,2,21,3
8,4,8,6.7,0,0,4,14,3
8,6,8,22.4,0,0,0,32,8
16,1,16,21.3,0,0,16,21,2
8,2,8,3.7,0,0,4,5,3
15,5,15,29.9,0,0,2,44,3
9,3,9,15.3,0,0,18,32,6
4,6,4,8.4,0,0,2,10,3
9,4,9,11.9,0,0,6,9,5
7,0,7,8.8,0,0,4,7,2
17,3,17,22.5,0,0,8,0,9
1,1,1,16.3,0,0,0,1,0
7,6,7,3.0,0,0,2,8,3
5,1,5,12.8,0,0,0,5,8
16,2,16,21.9,0,0,4,3,5
10,2,10,13.5,0,0,27,36,0
7,5,7,15.7,0,0,20,0,7
16,1,16,28.8,0,0,0,6,9
9,2,9,11.5,0,0,2,45,3
16,2,16,21.3,0,0,4,5,2
14,3,14,19.1,0,0,24,47,22
6,0,6,1.2,0,0,10,28,34
5,1,5,10.3,0,0,1,2,6
16,0,16,27.3,0,0,0,11,8
23,3,23,15.0,0,0,0,22,0
12,5,12,14.4,0,0,2,61,2
7,2,7,12.5,0,0,0,5,5
11,3,11,20.0,0,0,7,0,7
6,1,6,5.8,0,0,4,7,3
20,4,20,14.8,0,0,13,19,13
15,6,15,14.8,0,0,0,44,5
12,5,12,14.3,0,0,4,3,2
1,6,1,7.7,1,2,2,4,2
13,5,13,23.7,0,0,0,13,5
14,0,14,24.0,0,0,18,32,33
16,6,16,10.9,0,0,0,9,14
12,1,12,10.5,0,0,0,13,8
20,4,20,23.1,0,0,2,32,3
16,1,16,24.3,0,0,0,16,8
18,0,18,28.3,0,0,16,21,8
6,0,6,6.8,0,0,0,7,8
15,2,15,18.9,0,0,6,93,5
7,0,7,10.0,0,0,0,13,8
6,6,6,8.3,0,0,2,36,3
7,5,7,8.0,0,0,0,29,8
11,0,11,9.9,0,0,0,25,8
22,6,22,19.0,0,0,12,18,7
11,2,11,12.9,0,0,14,17,13
15,3,15,17.1,0,0,15,6,3
13,3,13,22.7,0,0,28,55,0
6,3,6,13.9,0,0,2,7,3
8,0,8,7.4,0,0,2,7,3
20,0,20,8.6,0,0,2,3,2
23,2,23,6.1,0,0,0,22,0
9,0,9,13.3,0,0,0,53,0
18,4,18,9.0,0,0,0,25,8
19,0,19,8.6,0,0,0,17,0
5,0,5,4.5,0,0,6,9,5
8,3,8,11.3,0,0,2,3,3
16,2,16,22.0,0,0,0,6,14
6,1,6,6.1,0,0,4,32,5
18,3,18,9.6,0,0,16,21,8
5,5,5,14.7,0,0,0,3,8
5,6,5,7.1,0,0,4,12,3
13,4,13,21.9,0,0,2,36,3
6,2,6,6.7,0,0,0,8,5
8,6,8,13.4,0,0,4,14,3
6,3,6,3.4,0,0,0,16,8
5,4,5,17.4,0,0,0,3,8
15,2,15,28.8,0,0,0,5,8
16,4,16,19.6,0,0,6,93,5
5,0,5,1.1,0,0,2,7,2
15,5,15,8.1,0,0,2,13,3
3,2,3,14.5,0,0,1,2,6
11,5,11,10.6,0,0,2,34,3
16,1,16,11.9,0,0,0,6,14
23,6,23,18.4,0,1,18,32,6
2,6,2,14.6,0,0,8,0,9
9,6,9,15.0,0,0,0,13,8
1,2,1,5.6,0,0,0,21,8
11,0,11,15.4,0,0,0,45,5
18,1,18,16.0,0,1,2,5,3
8,5,8,7.2,0,0,2,16,3
10,6,10,9.4,0,0,2,30,3
1,2,1,11.4,0,0,0,37,0
16,1,16,28.6,0,0,0,45,5
13,6,13,32.2,0,0,19,65,17
7,5,7,1.7,0,0,4,32,3
16,3,16,21.7,0,0,0,21,0
17,4,17,13.1,0,0,16,11,5
15,4,15,18.0,0,0,4,5,2
9,6,9,8.3,0,0,0,53,14
18,5,18,11.6,0,0,74,98,73
7,6,7,11.4,0,0,0,33,8
9,5,9,13.3,0,0,0,3,5
10,0,10,22.8,0,1,0,8,5
8,0,8,4.8,0,0,4,5,3
3,5,3,14.9,0,0,2,6,3
4,3,4,10.2,0,0,1,2,1
11,6,11,25.4,0,0,2,33,3
16,6,16,16.1,0,0,0,15,5
14,6,14,17.6,0,0,0,9,8
15,5,15,20.6,0,0,0,78,5
21,1,21,17.3,0,0,0,17,0
21,6,21,11.4,0,0,4,54,5
12,2,12,24.1,0,1,0,3,8
17,2,17,11.6,0,0,2,16,3
13,4,13,27.3,0,1,14,17,13
5,6,5,8.8,0,0,6,9,5
17,6,17,21.2,0,0,0,44,8
7,4,7,10.8,0,0,15,6,14
14,2,14,14.7,0,0,15,6,3
6,2,6,13.2,0,0,2,7,3
7,2,7,12.4,0,0,0,33,5
6,5,6,15.7,0,0,2,9,2
21,6,21,10.6,0,0,4,16,2
5,5,5,0.4,0,0,6,9,5
4,1,4,13.4,0,0,0,5,8
8,5,8,5.9,0,0,0,13,8
16,5,16,24.9,0,0,0,12,8
10,1,10,20.0,0,0,0,0,14
17,2,17,28.9,0,0,4,38,3
11,5,11,11.2,0,0,0,0,0
19,5,19,22.6,0,0,10,25,11
0,2,0,12.8,0,0,0,6,14
5,4,5,4.6,0,0,3,26,4
8,3,8,11.2,0,0,0,53,14
4,2,4,17.7,0,0,0,5,5
11,0,11,16.8,0,0,14,17,13
8,1,8,17.4,0,0,8,0,9
7,6,7,8.0,0,0,10,114,19
15,5,15,15.4,0,0,18,32,26
11,3,11,13.9,0,0,1,2,1
14,1,14,25.6,0,0,0,9,5
11,5,11,24.5,0,0,2,25,2
13,3,13,24.1,0,0,2,8,2
16,4,16,27.2,0,0,28,55,0
15,1,15,22.3,0,0,0,33,5
12,0,12,21.7,0,0,0,16,8
20,0,20,7.7,0,0,4,8,3
5,6,5,5.9,0,0,0,11,8
19,6,19,21.5,0,0,0,7,8
17,2,17,14.7,0,0,0,54,5
19,6,19,23.8,0,0,0,7,5
23,1,23,9.3,0,0,0,22,0
0,6,0,20.4,0,0,0,6,14
17,0,17,18.8,0,0,0,6,14
5,0,5,4.2,0,0,2,9,2
18,4,18,10.0,0,0,9,0,18
14,6,14,19.0,0,0,6,93,5
6,3,6,11.4,0,0,6,9,5
9,1,9,16.4,0,0,10,29,55
12,3,12,14.5,0,0,0,12,5
2,1,2,6.7,0,0,2,98,3
8,6,8,5.8,0,0,0,8,5
15,5,15,15.8,0,0,10,51,17
6,4,6,10.6,0,0,2,9,2
15,1,15,20.4,0,0,2,58,3
11,1,11,10.0,0,0,2,3,3
5,5,5,15.6,0,0,2,5,3
13,1,13,12.4,0,0,0,33,8
8,3,8,10.8,0,0,0,3,8
18,0,18,13.5,0,0,0,13,5
6,1,6,5.9,0,0,16,21,2
13,0,13,29.8,0,0,16,21,8
14,3,14,12.7,0,0,4,5,3
10,6,10,9.7,0,0,0,53,0
0,4,0,9.2,0,0,2,21,3
13,3,13,15.3,0,0,4,16,2
0,0,0,8.0,0,0,15,6,3
18,3,18,28.2,0,0,0,33,5
7,6,7,8.7,0,0,0,5,8
12,5,12,24.9,0,0,9,0,18
21,5,21,12.0,0,0,2,8,3
5,2,5,12.2,0,0,0,3,8
17,2,17,10.0,0,0,4,32,5
0,4,0,3.8,0,0,16,21,2
4,3,4,9.3,0,0,0,5,8
17,6,17,17.5,0,0,0,44,8
14,1,14,17.2,0,0,2,7,2
22,3,22,9.3,0,0,0,25,8
21,5,21,8.4,0,0,14,24,9
11,6,11,15.3,0,0,0,25,8
8,2,8,9.8,0,0,0,29,8
1,3,1,21.9,0,0,0,21,8
14,1,14,26.3,0,0,20,0,7
22,0,22,8.5,0,0,0,25,8
8,6,8,4.6,0,0,0,10,5
5,6,5,10.2,0,0,0,11,8
18,6,18,10.3,0,0,10,4,11
19,3,19,7.6,0,0,7,0,7
11,3,11,10.6,1,2,0,37,0
17,1,17,26.7,0,0,16,110,8
4,5,4,14.2,0,0,0,12,5
14,0,14,21.5,0,0,32,5,58
6,5,6,3.5,0,0,6,9,5
12,5,12,21.5,0,0,1,2,1
23,4,23,11.3,0,0,0,20,0
9,6,9,15.0,0,0,10,80,17
20,2,20,25.6,0,0,0,36,8
5,5,5,17.1,0,0,4,12,2
7,6,7,3.7,0,0,0,29,8
11,1,11,11.5,0,0,14,17,13
8,0,8,14.2,0,0,4,5,2
5,3,5,1.2,0,0,0,52,5
0,1,0,17.6,0,0,0,6,9
10,0,10,7.7,0,0,4,8,3
12,2,12,24.8,0,0,19,35,44
15,4,15,13.1,0,0,10,45,11
14,5,14,27.1,0,0,0,13,5
9,1,9,15.7,0,0,2,34,3
23,1,23,15.4,0,0,13,19,13
4,5,4,14.3,0,0,0,16,5
19,0,19,15.0,0,0,0,16,5
11,4,11,15.1,0,0,0,7,8
15,3,15,15.0,0,0,0,3,8
7,3,7,9.5,0,0,0,36,5
14,5,14,16.7,0,0,15,6,3
7,3,7,11.4,0,0,2,8,2
15,5,15,25.0,0,0,16,10,5
7,3,7,8.0,0,0,0,7,8
19,6,19,12.6,0,0,0,4,8
5,4,5,12.3,0,0,0,32,5
13,3,13,13.4,0,0,2,34,3
16,1,16,27.5,0,0,2,44,2
5,6,5,16.2,0,0,2,10,3
16,1,16,11.1,0,0,0,78,8
5,4,5,8.4,0,0,2,5,3
14,6,14,22.3,0,0,16,110,3
4,1,4,6.1,0,0,1,2,6
20,6,20,18.3,0,0,0,17,0
16,6,16,16.2,0,0,2,11,2
2,1,2,9.7,0,0,2,10,3
13,6,13,12.8,0,0,0,3,8
8,3,8,9.2,0,0,0,53,0
19,4,19,23.9,0,0,2,16,2
15,2,15,11.0,0,0,2,5,2
5,2,5,10.5,0,0,2,3,3
20,3,20,11.8,0,0,2,5,2
6,4,6,3.8,0,0,4,32,5
10,0,10,11.2,0,0,27,36,0
17,2,17,10.9,0,0,0,54,5
12,1,12,24.2,0,0,26,49,13
19,1,19,13.8,0,0,16,21,8
21,3,21,14.9,0,0,10,4,11
9,2,9,11.2,0,0,2,13,2
6,1,6,11.1,0,0,0,5,8
23,0,23,16.3,0,0,18,32,26
21,0,21,7.3,0,0,0,3,8
12,2,12,10.8,0,0,0,11,8
5,0,5,13.7,0,0,4,7,3
16,3,16,28.1,0,0,0,11,0
16,1,16,13.0,0,0,0,5,8
9,2,9,18.8,0,0,0,21,5
5,3,5,6.0,0,0,7,36,7
12,0,12,12.6,0,0,0,16,8
17,4,17,17.5,0,0,0,16,8
19,4,19,7.9,1,2,0,7,8
1,0,1,7.0,0,0,0,1,0
19,1,19,28.5,0,1,2,3,2
10,2,10,24.2,0,0,0,7,5
12,1,12,20.6,0,0,0,3,5
10,5,10,6.1,0,0,2,16,2
5,2,5,8.1,0,0,4,5,2
6,1,6,13.0,0,0,0,16,8
9,4,9,7.6,0,0,18,32,33
4,4,4,12.2,0,0,0,27,5
23,2,23,14.0,0,0,12,18,7
5,4,5,8.4,0,0,2,9,2
20,0,20,12.1,0,0,6,9,5
19,3,19,25.1,0,0,2,33,3
2,1,2,5.9,0,0,1,2,1
21,6,21,6.7,0,0,4,6,3
12,6,12,12.8,0,0,0,30,5
16,5,16,32.2,0,0,15,6,3
4,6,4,5.2,0,0,2,4,2
5,2,5,4.4,0,0,4,12,3
8,5,8,20.3,0,0,0,32,5
6,0,6,11.2,0,0,0,7,8
8,4,8,23.4,0,1,17,0,7
23,4,23,9.0,0,0,0,20,14
22,2,22,13.3,0,0,4,8,3
17,6,17,22.8,0,0,4,38,3
12,3,12,22.1,0,0,0,25,8
7,5,7,6.7,0,0,0,13,8
3,6,3,8.6,0,0,2,11,2
19,2,19,21.4,0,1,0,17,0
20,0,20,8.5,0,0,40,0,10
7,0,7,8.4,0,0,0,5,5
6,2,6,8.7,0,0,4,5,2
8,4,8,7.3,0,0,0,3,8
9,6,9,3.3,0,0,0,5,8
7,5,7,15.8,0,0,9,0,18
8,3,8,8.5,0,0,0,9,8
21,1,21,16.4,0,0,0,9,8
9,0,9,17.1,0,0,0,10,5
15,1,15,18.0,0,0,0,32,5
9,3,9,5.6,0,0,73,117,78
12,2,12,22.2,0,0,26,49,13
8,0,8,12.0,0,1,17,0,7
19,5,19,8.3,0,0,2,54,3
16,0,16,25.4,0,0,0,7,8
16,0,16,7.9,0,0,6,9,0
4,6,4,7.3,0,0,0,25,8
19,2,19,14.9,0,0,0,17,0
18,6,18,14.5,0,0,16,11,3
4,4,4,13.0,0,0,5,9,4
6,6,6,7.5,0,0,2,36,3
22,4,22,20.2,0,0,11,0,12
7,6,7,14.5,0,0,0,34,5
13,3,13,10.8,0,0,4,8,3
7,1,7,7.6,0,0,0,5,8
17,4,17,27.1,0,0,6,9,15
8,0,8,8.4,0,0,0,33,5
4,0,4,10.7,0,0,2,11,2
10,3,10,17.7,0,0,0,25,8
11,4,11,17.4,0,0,0,33,8
17,2,17,14.7,0,0,0,16,8
12,2,12,21.3,0,0,0,11,5
20,6,20,19.0,0,0,0,36,8
12,5,12,27.9,0,0,2,44,2
9,5,9,8.9,0,0,16,11,8
9,6,9,8.6,0,0,7,0,7
10,2,10,7.3,0,0,19,7,60
9,5,9,10.3,0,0,4,54,5
12,1,12,9.7,0,0,0,11,8
15,0,15,16.1,0,0,7,0,7
18,5,18,17.2,0,0,2,5,3
16,2,16,11.5,0,0,0,15,8
1,6,1,9.1,0,0,0,6,14
14,6,14,15.4,0,0,7,36,7
19,1,19,10.9,1,2,19,92,60
15,1,15,12.5,1,0,4,48,3
23,4,23,17.0,0,0,12,18,7
8,4,8,9.5,0,0,0,21,8
4,6,4,12.4,0,0,0,25,8
1,5,1,15.2,0,0,14,17,13
5,6,5,12.3,0,0,4,10,2
10,3,10,15.4,0,0,24,47,30
7,1,7,9.5,0,0,2,8,2
8,6,8,12.2,0,0,0,9,5
9,3,9,20.7,0,0,17,0,7
6,5,6,2.5,0,0,0,8,8
5,5,5,9.5,0,0,2,7,2
13,3,13,23.5,0,1,0,5,8
8,4,8,11.8,0,0,0,32,5
8,4,8,6.7,0,0,18,32,6
11,3,11,19.8,0,0,0,7,8
17,6,17,28.8,0,0,0,25,5
13,5,13,26.8,0,0,4,5,3
21,5,21,19.4,0,0,0,25,5
5,6,5,10.5,0,0,4,12,5
4,1,4,8.5,0,0,0,16,8
5,6,5,5.3,0,0,0,7,8
4,2,4,9.6,0,0,2,11,2
8,3,8,14.8,0,0,0,9,5
9,2,9,22.2,0,1,17,0,7
1,1,1,17.4,0,0,12,18,7
1,3,1,10.7,0,0,0,6,14
15,3,15,19.2,0,0,2,44,2
8,5,8,3.6,0,0,4,5,2
5,6,5,11.7,0,0,20,21,7
0,6,0,13.4,0,0,2,21,3
1,2,1,9.6,0,0,0,37,0
15,3,15,10.6,0,0,2,8,2
8,0,8,9.5,0,0,0,15,8
6,0,6,10.4,0,0,4,6,3
22,0,22,5.1,0,0,0,16,5
14,6,14,16.0,0,0,0,9,8
17,0,17,30.0,0,0,2,44,2
23,4,23,17.3,0,0,18,32,6
15,1,15,12.1,0,0,0,11,8
20,2,20,9.5,0,0,2,9,3
3,3,3,13.6,0,0,14,24,9
1,4,1,12.0,0,0,1,2,6
9,1,9,10.3,0,0,0,25,8
12,6,12,29.7,0,0,0,45,5
11,6,11,14.0,0,0,0,13,8
17,2,17,17.2,0,0,2,8,3
7,1,7,5.6,0,0,2,16,3
7,0,7,14.7,0,0,9,0,10
12,0,12,10.8,0,0,2,13,3
17,0,17,11.8,0,0,2,12,2
7,5,7,1.6,0,0,0,13,5
16,3,16,26.9,0,0,0,36,8
9,1,9,11.1,0,0,20,0,7
6,0,6,4.5,0,0,0,8,8
11,1,11,26.5,0,0,0,0,14
6,6,6,2.5,0,0,0,4,5
0,5,0,16.8,0,0,0,6,14
20,1,20,4.7,0,0,2,5,3
8,0,8,10.3,0,0,2,16,3
17,5,17,15.7,0,0,4,32,3
13,4,13,14.9,0,0,2,110,3
10,4,10,13.3,0,0,2,8,2
12,1,12,21.3,0,0,0,8,8
17,6,17,19.8,0,0,0,12,8
18,0,18,14.3,0,0,0,25,8
8,1,8,10.9,0,0,0,29,8
5,5,5,4.0,0,0,2,9,2
18,6,18,10.3,0,0,2,33,3
5,4,5,5.5,0,0,2,9,2
11,0,11,9.4,0,0,2,16,2
7,6,7,12.3,0,0,2,29,2
3,0,3,10.6,0,0,2,6,3
0,0,0,15.9,0,0,0,22,9
5,1,5,10.3,0,0,7,26,7
5,1,5,5.2,0,0,2,7,3
13,2,13,24.8,0,0,0,21,8
5,1,5,5.7,0,0,0,7,8
22,3,22,22.1,0,1,11,0,12
12,0,12,28.4,0,0,4,11,2
14,4,14,17.8,0,0,0,13,8
2,2,2,12.6,0,0,16,21,8
9,4,9,18.0,0,0,0,21,8
7,5,7,12.4,0,0,0,8,8
6,5,6,4.4,0,0,15,6,3
5,6,5,15.8,0,0,4,5,3
19,3,19,11.5,0,0,2,4,3
16,5,16,21.8,0,0,0,4,5
11,1,11,13.4,0,0,14,17,13
13,6,13,23.5,0,0,16,21,8
7,3,7,15.5,0,0,0,36,8
15,2,15,20.8,0,0,16,10,8
20,5,20,6.8,0,0,0,36,8
17,2,17,30.0,0,0,16,11,5
21,2,21,12.4,0,0,13,19,13
0,0,0,16.9,0,0,0,22,14
11,5,11,24.4,0,0,0,3,5
7,0,7,10.4,0,0,0,3,8
13,3,13,11.7,0,0,2,33,2
16,4,16,27.3,0,0,4,9,2
7,5,7,9.2,0,0,0,29,8
5,6,5,7.0,0,0,4,3,2
14,1,14,12.0,0,0,0,9,8
20,4,20,24.0,0,0,0,36,8
4,6,4,10.2,0,0,2,5,3
13,0,13,18.0,0,0,0,9,5
16,5,16,11.9,0,0,0,32,5
23,3,23,22.1,0,1,7,26,7
15,3,15,13.7,0,0,2,13,3
12,5,12,25.7,0,0,26,49,13
20,5,20,6.8,0,0,0,4,5
13,5,13,27.8,0,0,27,36,12
9,3,9,13.0,0,0,0,54,5
0,4,0,14.4,0,0,0,6,14
8,5,8,8.6,0,0,0,76,0
5,3,5,16.9,0,0,4,12,5
20,4,20,18.0,0,1,4,3,3
6,4,6,4.5,0,0,0,5,5
11,0,11,18.7,0,0,0,15,8
11,3,11,15.4,0,0,0,53,0
0,3,0,14.1,0,0,15,6,3
10,1,10,12.4,0,0,0,25,8
11,1,11,15.2,0,0,0,53,0
1,1,1,16.7,0,0,1,2,6
17,2,17,20.2,0,0,2,7,2
11,5,11,13.4,0,0,2,16,2
12,3,12,9.4,0,0,0,11,8
8,0,8,4.1,0,0,6,9,5
11,3,11,18.8,0,0,0,8,8
8,3,8,18.2,0,0,0,10,5
15,0,15,14.5,0,0,0,7,8
18,0,18,26.7,0,0,4,7,3
2,0,2,12.3,0,0,8,0,9
15,4,15,19.0,0,0,9,0,18
13,5,13,28.2,0,0,14,17,13
4,4,4,13.0,0,0,2,7,3
8,4,8,11.3,0,0,0,44,8
15,5,15,30.3,0,0,0,11,8
12,5,12,18.2,0,0,0,7,5
8,2,8,9.2,0,0,0,5,5
11,6,11,18.1,0,0,0,0,0
3,0,3,6.8,0,0,5,9,4
5,4,5,10.6,0,0,1,2,6
8,3,8,4.9,0,0,16,21,8
0,6,0,11.3,0,0,23,41,15
0,1,0,4.0,0,0,16,21,8
9,5,9,9.4,0,0,0,29,5
11,2,11,23.7,0,0,4,7,3
12,0,12,20.2,0,0,0,7,5
11,6,11,19.7,0,0,0,34,8
4,3,4,10.0,0,0,0,7,8
4,6,4,4.4,0,0,0,4,5
10,3,10,16.5,0,0,0,54,5
3,2,3,4.4,0,0,0,9,5
21,3,21,18.2,0,0,6,9,5
11,6,11,8.0,0,0,1,2,1
5,1,5,17.0,0,0,4,11,3
22,3,22,16.8,0,0,0,9,8
7,6,7,16.6,0,0,2,36,3
5,2,5,6.5,0,0,1,2,6
23,2,23,8.6,0,0,0,0,0
18,1,18,13.4,0,0,2,7,2
17,0,17,12.1,0,0,4,50,2
0,2,0,6.4,0,0,0,1,0
15,5,15,24.0,0,0,4,5,3
23,0,23,7.2,0,0,0,0,0
13,5,13,28.7,0,0,2,30,3
21,2,21,11.6,0,0,11,0,14
10,2,10,14.4,0,0,2,30,3
22,1,22,4.2,0,0,23,41,15
16,1,16,16.4,0,0,0,54,5
2,1,2,13.3,0,0,1,2,1
5,3,5,5.9,0,0,2,3,2
14,3,14,10.8,0,0,0,33,5
21,0,21,7.6,0,0,13,19,13
21,6,21,8.6,0,0,3,6,4
12,6,12,24.7,0,0,2,25,2
0,2,0,12.8,0,0,15,6,3
15,4,15,18.1,0,0,28,55,0
6,5,6,13.2,0,0,4,11,2
5,1,5,2.4,0,0,2,3,3
7,3,7,9.6,0,0,0,33,8
12,4,12,7.2,0,0,2,16,2
13,6,13,23.4,0,0,0,29,8
12,1,12,14.4,0,0,2,61,2
23,2,23,19.0,0,0,16,21,8
20,2,20,14.7,0,0,0,25,5
15,1,15,21.2,0,0,6,9,7
15,3,15,15.3,0,0,16,10,5
12,3,12,13.5,0,0,0,11,8
12,0,12,29.3,0,0,0,5,8
20,2,20,25.1,0,0,4,7,3
21,1,21,7.4,0,0,14,24,9
14,2,14,19.4,0,0,0,29,8
6,4,6,9.3,0,0,9,0,7
17,4,17,11.3,0,0,4,44,2
5,2,5,11.0,0,0,4,11,2
7,2,7,9.5,0,0,0,7,8
16,6,16,33.0,0,0,0,36,5
15,4,15,21.5,0,0,2,33,3
1,3,1,9.4,0,0,1,2,6
12,2,12,20.7,0,0,14,24,9
15,6,15,34.9,0,0,15,6,3
22,0,22,16.0,0,0,0,7,8
5,0,5,8.5,0,0,0,16,5
12,3,12,11.4,0,0,10,103,16
6,3,6,8.9,0,0,4,21,2
4,1,4,5.8,0,0,0,7,5
22,1,22,18.1,1,0,10,8,11
23,5,23,22.7,0,0,13,19,13
9,5,9,21.3,0,0,10,51,17
15,2,15,12.0,0,0,0,3,5
3,5,3,12.9,0,0,1,2,1
18,2,18,29.6,0,0,4,5,2
9,2,9,8.3,0,0,19,54,43
23,6,23,9.7,0,0,0,20,14
6,0,6,4.6,0,0,2,3,3
8,6,8,8.6,0,0,0,5,8
11,6,11,10.3,0,0,0,44,5
17,4,17,13.4,0,0,4,38,3
4,2,4,6.9,0,0,2,11,2
2,6,2,9.0,0,0,0,1,0
4,1,4,12.4,0,0,0,16,5
7,2,7,5.4,0,0,15,6,3
16,1,16,31.3,0,0,4,3,2
17,2,17,14.1,0,0,0,32,5
10,4,10,17.2,0,0,7,26,7
14,3,14,18.0,0,0,2,7,3
8,1,8,6.3,0,0,0,29,8
21,1,21,9.2,0,0,2,4,3
14,4,14,24.4,0,0,0,7,8
10,4,10,6.6,0,0,0,30,5
6,1,6,7.3,0,0,19,5,66
15,1,15,18.1,0,0,2,13,2
5,6,5,2.0,0,0,0,25,8
17,6,17,15.8,0,0,0,3,8
7,6,7,12.7,0,0,0,36,5
13,2,13,17.7,0,0,2,36,3
21,2,21,5.1,0,0,0,7,8
4,3,4,7.9,0,0,1,2,6
5,2,5,13.7,0,0,0,3,8
8,2,8,4.7,0,0,16,21,8
4,1,4,9.8,0,0,2,8,3
23,3,23,9.8,1,2,1,2,6
1,3,1,6.0,0,0,0,1,0
6,2,6,0.9,0,0,0,16,8
11,0,11,15.6,0,0,1,2,1
0,6,0,8.5,0,0,0,1,0
14,0,14,22.2,0,0,4,5,5
21,3,21,20.2,0,0,2,8,3
15,1,15,11.9,0,0,0,5,5
9,3,9,9.5,0,0,0,32,5
3,4,3,3.5,0,0,5,9,4
16,2,16,30.6,0,0,4,3,5
13,4,13,13.9,0,0,0,9,5
5,2,5,10.4,0,0,0,25,5
11,5,11,9.9,0,0,0,30,5
0,6,0,8.5,0,0,2,36,2
6,0,6,12.1,0,0,0,8,5
8,5,8,7.7,0,0,2,7,3
4,4,4,5.8,0,0,2,4,3
7,0,7,9.5,0,0,0,33,5
16,3,16,28.9,0,0,0,3,8
19,3,19,9.4,0,0,4,32,5
15,3,15,9.9,0,0,24,47,23
6,2,6,3.1,0,0,0,8,5
19,5,19,26.1,0,0,0,5,8
16,6,16,11.0,0,0,0,15,5
5,4,5,7.3,0,0,0,11,8
5,6,5,15.9,0,0,4,5,2
19,4,19,15.4,0,0,2,8,3
9,2,9,8.6,0,0,0,53,14
16,0,16,28.8,0,1,6,9,7
16,6,16,29.5,0,0,0,7,5
6,3,6,15.2,0,0,4,16,3
7,4,7,14.9,0,0,0,13,8
15,5,15,19.0,0,0,2,16,3
3,2,3,11.7,0,0,80,26,7
6,0,6,8.4,0,0,4,3,2
16,3,16,26.6,0,0,7,21,7
16,4,16,16.7,0,0,0,36,8
6,1,6,6.4,0,0,2,3,3
21,4,21,19.7,0,0,16,21,8
11,3,11,30.8,0,0,0,44,5
13,5,13,21.4,0,0,2,7,3
12,6,12,25.9,0,1,0,29,5
6,1,6,0.7,0,0,2,7,2
7,6,7,10.6,0,0,0,25,5
6,6,6,8.3,1,2,0,20,14
18,4,18,10.4,0,0,0,33,5
15,6,15,20.0,0,0,0,12,8
8,3,8,8.9,0,0,0,10,5
23,1,23,13.8,0,1,40,0,10
5,2,5,14.9,0,0,15,64,15
12,5,12,28.4,0,0,0,11,5
1,4,1,4.4,0,0,1,2,6
5,1,5,9.2,0,0,4,5,3
11,0,11,14.2,0,0,0,25,8
19,6,19,15.6,0,0,2,4,3
16,1,16,17.1,0,0,2,44,2
22,4,22,5.7,0,0,6,9,7
22,0,22,5.1,0,0,23,41,15
8,2,8,13.1,0,0,0,9,5
0,6,0,11.0,0,0,0,22,9
5,3,5,8.7,0,0,4,10,2
8,6,8,6.7,0,0,2,5,3
5,4,5,15.5,0,0,2,11,5
14,1,14,18.9,0,0,15,6,3
13,4,13,16.2,0,0,2,34,3
5,2,5,15.6,0,0,4,5,3
18,6,18,24.8,0,0,4,54,5
18,5,18,28.9,0,0,2,4,3
5,4,5,8.1,0,0,0,5,8
14,1,14,11.1,0,0,0,61,8
23,1,23,3.9,0,0,0,43,14
8,4,8,8.3,0,0,0,32,5
10,1,10,22.7,0,0,0,8,5
12,2,12,26.3,0,0,1,2,1
4,3,4,19.0,0,0,2,3,2
19,2,19,26.2,0,0,2,5,2
10,4,10,13.6,0,0,27,36,0
1,0,1,17.1,0,0,0,21,5
11,5,11,17.7,0,0,0,0,0
21,3,21,20.4,0,0,10,8,11
16,0,16,25.7,0,0,0,6,14
9,2,9,11.6,0,0,2,16,2
7,5,7,5.3,0,0,4,5,2
15,6,15,11.4,0,0,0,12,5
5,2,5,4.4,0,0,2,9,2
14,3,14,17.0,0,0,2,21,3
10,5,10,25.1,0,1,0,15,5
7,4,7,6.5,0,0,0,8,8
7,4,7,11.2,0,0,17,0,7
5,2,5,3.1,0,0,16,21,8
15,1,15,28.6,0,0,0,5,8
8,0,8,6.5,0,0,0,10,5
11,5,11,13.2,0,0,14,17,13
5,4,5,17.2,0,0,0,3,8
10,2,10,12.5,0,0,0,8,5
18,3,18,11.5,0,0,16,10,5
8,0,8,12.4,0,0,4,44,2
13,1,13,15.8,0,0,0,30,5
6,0,6,9.7,0,0,2,3,3
4,0,4,11.9,0,0,2,7,3
8,5,8,0.2,0,0,2,16,3
22,6,22,10.4,0,0,16,21,8
3,4,3,4.0,0,0,5,9,4
19,4,19,28.8,0,0,4,32,2
0,2,0,6.2,0,0,15,6,3
6,1,6,3.7,0,0,2,36,2
0,5,0,19.1,0,0,13,19,13
18,5,18,29.2,0,0,10,7,17
5,2,5,9.2,0,0,0,36,8
8,2,8,16.5,0,0,2,9,2
5,2,5,3.0,0,0,4,3,2
7,1,7,9.1,0,0,17,0,7
2,5,2,13.6,0,0,7,21,7
7,4,7,12.0,0,0,2,8,3
20,6,20,9.8,0,0,9,0,18
7,6,7,3.5,0,0,0,13,8
18,5,18,22.8,0,0,0,32,5
1,2,1,2.8,0,0,4,8,3
11,1,11,10.7,0,0,1,2,1
11,6,11,29.2,0,0,18,54,20
6,4,6,0.4,0,0,15,6,14
4,4,4,15.6,0,0,0,16,5
12,4,12,13.7,0,0,19,35,19
14,6,14,24.0,0,0,0,9,5
5,3,5,7.2,0,0,0,16,8
15,1,15,15.0,0,0,4,7,3
5,2,5,9.5,0,0,2,5,3
22,3,22,5.6,0,0,14,17,13
8,0,8,12.9,0,0,4,14,3
5,0,5,7.1,0,0,0,3,5
23,1,23,23.7,0,1,12,18,7
8,3,8,8.8,0,0,4,5,3
16,5,16,27.9,0,0,4,12,2
3,6,3,7.3,0,0,0,0,0
5,3,5,9.7,1,0,0,9,5
4,2,4,6.9,0,0,6,9,5
5,3,5,18.0,0,0,4,10,5
17,3,17,30.1,0,1,0,3,8
17,4,17,25.7,0,0,6,9,0
5,1,5,12.4,0,0,2,11,2
5,1,5,11.9,0,0,4,10,2
10,4,10,20.3,0,1,0,12,8
16,5,16,17.3,0,0,2,9,3
1,2,1,12.0,0,0,1,2,6
7,5,7,3.7,0,0,18,32,33
7,5,7,8.1,0,0,0,52,5
23,5,23,4.3,0,0,0,43,14
6,3,6,10.7,0,0,22,56,4
15,5,15,32.0,0,0,0,3,8
20,3,20,9.5,0,0,0,5,5
14,4,14,30.7,0,1,33,62,0
7,5,7,14.4,0,0,0,33,5
22,2,22,7.2,0,0,11,0,14
10,6,10,9.1,0,0,27,36,0
5,0,5,7.8,0,0,0,8,8
18,2,18,13.6,0,0,0,44,8
5,2,5,1.0,0,0,2,3,3
0,0,0,13.4,0,0,0,1,0
5,3,5,8.6,0,0,1,2,6
6,6,6,9.1,0,0,2,36,3
5,0,5,8.1,0,0,2,7,3
5,5,5,0.9,0,0,6,9,5
7,1,7,11.4,0,0,0,5,8
6,4,6,15.4,0,0,0,8,5
12,0,12,27.8,0,0,0,29,5
19,5,19,16.9,0,0,18,32,6
18,2,18,6.6,0,0,16,11,5
6,1,6,5.6,0,0,0,21,14
12,1,12,11.0,0,0,0,45,5
7,3,7,3.8,0,0,2,5,3
9,3,9,16.5,0,1,6,9,5
11,2,11,15.3,0,0,27,36,0
5,0,5,5.8,0,0,4,21,5
1,0,1,11.0,0,0,0,6,14
16,5,16,26.9,0,0,4,58,3
16,5,16,26.3,0,0,0,36,8
15,3,15,27.6,0,0,16,21,8
6,1,6,14.4,0,0,2,7,3
10,3,10,11.2,1,2,0,33,5
22,5,22,17.7,0,0,10,16,11
6,3,6,10.9,0,0,2,9,2
5,4,5,8.5,0,0,0,3,8
9,2,9,14.8,0,1,0,53,14
21,1,21,5.5,0,0,2,5,3
3,5,3,14.0,0,0,15,14,3
17,2,17,20.1,0,0,2,11,3
21,3,21,19.2,0,1,0,3,8
11,0,11,18.3,0,0,0,21,0
20,3,20,11.5,0,0,4,5,2
5,4,5,9.4,0,0,4,21,2
7,5,7,4.7,0,0,0,29,8
0,1,0,17.7,0,0,20,0,7
6,4,6,12.6,0,0,2,16,3
0,0,0,8.4,0,0,0,6,14
12,5,12,12.8,0,0,4,3,2
0,2,0,13.8,0,0,14,17,13
5,0,5,1.3,0,0,4,10,2
7,6,7,12.5,0,0,0,29,5
0,1,0,16.3,0,0,0,43,14
12,5,12,22.9,0,1,26,49,12
9,5,9,10.1,0,0,0,32,5
16,1,16,30.4,0,0,0,5,5
6,4,6,11.4,0,0,0,5,8
0,2,0,5.5,0,0,0,6,14
5,1,5,11.1,0,0,4,10,2
13,6,13,14.8,0,0,33,62,0
10,1,10,10.7,0,0,0,21,0
14,4,14,18.2,0,0,0,16,8
17,1,17,19.9,0,0,2,44,2
9,2,9,9.8,0,0,2,13,3
8,5,8,15.0,0,0,0,9,14
7,6,7,9.8,0,0,4,3,2
8,5,8,9.2,0,0,2,16,2
3,6,3,10.6,0,0,9,0,10
1,3,1,19.0,0,0,0,21,5
1,3,1,22.2,0,0,0,9,5
12,5,12,26.9,0,0,0,15,8
21,2,21,20.7,0,0,0,17,0
16,3,16,24.7,0,0,4,44,3
13,3,13,22.9,0,0,0,13,8
6,4,6,6.8,0,0,2,32,3
17,6,17,18.4,0,0,2,8,3
4,2,4,12.2,0,0,2,4,3
14,5,14,13.1,0,0,4,8,3
15,6,15,19.2,0,0,2,34,3
7,4,7,9.8,0,0,0,36,5
0,4,0,8.0,0,0,15,6,3
16,5,16,26.8,0,0,0,17,14
19,5,19,24.5,0,0,0,25,5
8,3,8,13.7,0,0,0,5,8
17,2,17,7.0,0,0,4,38,3
9,5,9,8.9,0,0,0,5,8
11,6,11,19.6,0,0,2,34,3
7,0,7,6.8,0,0,0,16,5
14,3,14,25.4,0,0,0,9,5
4,3,4,6.5,0,0,2,7,2
6,0,6,5.3,0,0,2,8,3
8,3,8,3.0,0,0,0,6,14
0,4,0,5.8,0,0,1,2,6
18,0,18,15.7,0,0,0,13,5
18,6,18,16.0,0,0,0,32,5
6,0,6,5.6,0,0,0,3,8
7,6,7,3.8,0,0,0,36,5
17,4,17,13.8,0,0,0,15,8
10,2,10,9.9,0,0,27,36,0
8,1,8,6.0,0,0,0,9,5
15,1,15,28.0,0,0,0,9,5
5,6,5,5.5,0,0,0,3,8
17,0,17,15.4,0,0,2,12,2
6,2,6,6.4,0,0,0,8,8
7,3,7,14.8,0,0,0,13,8
16,6,16,16.1,0,0,29,26,10
15,5,15,27.8,0,0,16,10,8
4,4,4,14.9,0,0,2,3,3
17,6,17,24.4,0,0,4,54,2
6,0,6,5.9,0,0,2,3,2
17,1,17,11.4,0,0,0,21,8
4,4,4,5.9,0,0,0,7,8
12,0,12,24.1,0,0,0,11,5
8,6,8,4.2,0,0,4,3,2
11,2,11,12.3,0,0,2,5,3
6,1,6,9.8,0,0,2,5,3
14,2,14,24.1,0,0,45,58,6
5,6,5,10.8,0,0,4,11,2
16,2,16,20.0,0,0,0,8,8
15,2,15,11.9,0,0,2,13,3
6,5,6,12.6,0,0,16,21,2
9,4,9,14.0,0,0,0,42,5
14,1,14,15.2,0,0,4,5,2
12,3,12,24.5,0,1,0,15,5
14,5,14,15.3,1,3,2,48,3
12,1,12,15.3,0,0,14,17,13
13,2,13,26.0,0,0,0,8,8
12,0,12,20.7,0,0,19,48,17
8,2,8,14.8,0,0,0,76,14
6,6,6,4.9,0,0,0,4,5
13,4,13,28.3,0,0,19,102,19
23,3,23,15.6,0,0,18,32,6
8,3,8,11.7,0,0,17,0,7
11,5,11,14.6,0,0,0,8,8
15,1,15,25.4,0,0,16,21,8
11,5,11,20.6,0,0,27,36,0
20,0,20,15.7,1,2,23,41,15
1,6,1,15.2,0,0,1,2,6
1,3,1,8.7,0,0,4,4,3
6,5,6,8.9,0,0,4,21,3
17,6,17,20.7,0,0,0,5,8
2,0,2,18.7,0,0,2,6,3
22,3,22,10.4,0,0,0,9,8
17,1,17,28.5,0,0,45,147,6
5,0,5,11.3,0,0,0,5,8
1,6,1,15.6,0,0,0,22,14
5,3,5,2.9,0,0,0,3,8
17,2,17,14.5,0,0,6,9,0
12,5,12,14.7,0,0,0,11,8
5,6,5,6.4,0,0,0,52,5
19,1,19,22.3,0,0,2,33,3
15,6,15,28.7,0,0,16,21,8
9,3,9,8.1,0,0,0,44,8
16,2,16,25.9,0,0,0,78,5
12,6,12,14.4,0,0,0,13,5
12,0,12,25.0,0,1,8,6,9
13,1,13,11.4,0,0,0,32,5
16,1,16,11.9,0,0,0,6,14
19,0,19,9.5,0,0,0,17,0
7,1,7,5.9,0,0,2,21,2
13,2,13,10.5,0,0,4,7,3
15,5,15,26.2,0,1,0,16,5
1,6,1,20.5,0,0,16,21,8
11,1,11,13.6,0,0,2,3,3
13,1,13,25.5,0,0,14,17,13
5,5,5,15.6,0,0,4,32,5
7,5,7,12.8,0,0,0,16,8
21,1,21,10.1,0,0,14,24,9
13,5,13,15.0,0,0,4,11,5
22,2,22,9.1,0,0,16,21,3
10,3,10,11.1,1,2,2,7,3
6,3,6,11.9,0,0,2,32,3
14,6,14,19.9,0,0,0,13,8
1,1,1,9.8,0,0,0,21,5
18,4,18,28.4,0,0,4,8,3
1,1,1,11.3,0,0,16,21,5
17,2,17,20.1,0,0,2,11,3
6,6,6,12.4,0,0,0,12,8
5,2,5,14.5,0,0,4,21,3
14,6,14,20.7,0,0,0,8,8
21,4,21,12.8,0,0,2,4,2
1,5,1,18.7,0,0,1,2,6
9,1,9,6.5,0,0,0,32,5
13,1,13,16.2,0,0,33,62,0
11,5,11,21.6,0,0,4,5,2
8,3,8,4.6,0,0,2,7,3
15,1,15,17.5,0,0,0,5,8
18,3,18,8.0,0,0,0,33,5
1,5,1,16.1,0,0,23,41,15
17,4,17,13.8,0,0,2,7,2
7,1,7,13.3,0,0,0,36,8
16,3,16,21.3,0,0,2,5,3
12,0,12,20.5,0,0,1,2,1
5,0,5,10.4,0,0,0,3,5
10,2,10,21.6,0,0,9,0,10
20,2,20,17.4,0,0,0,44,8
17,3,17,17.3,0,0,2,33,3
7,1,7,8.9,0,0,0,3,8
10,2,10,22.4,0,0,2,13,2
6,1,6,3.7,0,0,15,6,14
9,1,9,6.8,0,0,0,45,5
13,2,13,22.3,0,0,14,17,13
8,0,8,18.2,0,1,0,10,5
17,0,17,24.7,0,0,0,6,14
3,1,3,18.2,0,0,1,2,1
20,4,20,12.8,0,0,0,36,8
9,3,9,24.1,0,1,17,0,7
7,3,7,1.7,0,0,4,21,2
15,0,15,23.3,0,0,2,34,3
19,0,19,11.7,0,0,0,25,5
19,3,19,16.5,0,0,7,26,7
8,0,8,7.4,0,0,0,5,8
4,5,4,0.5,0,0,2,11,2
11,3,11,19.7,0,0,7,36,7
11,4,11,20.3,0,0,0,5,5
13,0,13,18.2,0,0,0,12,5
16,2,16,11.0,0,0,0,78,8
13,3,13,24.3,0,0,0,8,8
3,4,3,8.7,1,2,4,3,2
1,1,1,8.8,0,0,1,2,6
16,6,16,21.7,0,0,4,44,3
6,0,6,13.2,0,0,2,9,2
6,4,6,12.9,0,0,0,5,8
17,6,17,15.0,0,0,2,12,2
1,1,1,14.9,0,0,23,41,15
16,5,16,31.3,0,0,2,11,5
14,3,14,18.4,0,0,0,44,8
11,5,11,17.4,0,0,4,63,3
11,2,11,9.4,0,0,1,2,1
22,3,22,13.8,0,0,0,4,8
4,1,4,5.6,0,0,1,2,6
11,3,11,22.5,0,0,0,3,8
1,4,1,18.5,0,0,1,2,6
11,5,11,14.0,0,0,0,21,8
12,3,12,10.0,0,0,0,16,8
9,3,9,15.6,0,0,0,45,5
4,2,4,10.6,0,0,0,9,5
13,6,13,27.0,0,0,16,21,8
11,4,11,17.3,0,0,0,7,5
9,2,9,11.7,0,0,0,21,8
10,3,10,17.5,0,0,0,8,8
10,0,10,9.8,0,0,2,34,2
18,4,18,17.0,0,0,4,7,2
16,3,16,27.2,0,0,2,5,2
5,6,5,8.2,0,0,0,3,8
16,3,16,26.7,0,0,0,11,8
21,1,21,10.3,1,2,0,10,5
14,5,14,16.6,0,0,4,5,3
11,4,11,17.3,0,0,0,0,14
5,1,5,4.2,0,0,4,10,2
11,6,11,13.5,0,0,1,2,1
7,6,7,11.1,0,0,0,36,5
16,1,16,27.2,0,0,2,7,3
5,6,5,18.7,0,0,2,5,3
15,0,15,19.3,0,0,2,5,3
5,4,5,16.2,0,0,4,7,2
8,5,8,2.3,0,0,18,32,26
5,1,5,16.2,0,0,0,7,5
18,5,18,28.1,0,0,0,44,5
11,1,11,14.4,0,0,0,7,8
8,3,8,14.0,0,0,0,10,5
5,1,5,1.0,0,0,0,5,8
7,5,7,12.9,0,0,2,42,3
9,5,9,14.5,0,0,4,44,2
4,4,4,4.0,0,0,1,2,6
9,0,9,7.0,0,0,0,7,8
14,5,14,15.7,0,0,16,110,3
15,2,15,20.8,0,0,6,93,5
21,5,21,21.3,0,0,4,3,2
20,0,20,8.5,0,0,2,8,3
14,6,14,22.6,0,0,0,29,8
8,0,8,4.5,0,0,19,9,38
5,5,5,7.0,1,0,17,36,7
15,5,15,20.4,0,0,0,44,5
14,0,14,24.4,0,0,2,34,2
23,1,23,20.3,0,1,13,19,54
8,6,8,5.0,0,0,0,54,8
6,2,6,8.7,0,0,0,3,8
10,0,10,15.5,0,0,2,5,3
8,0,8,18.3,0,1,0,44,5
6,6,6,9.8,0,0,0,4,5
17,4,17,31.2,0,1,2,44,3
16,1,16,27.8,0,0,0,6,14
0,4,0,20.7,0,0,2,21,3
5,0,5,10.9,0,0,4,7,3
17,4,17,26.4,0,0,0,8,5
5,2,5,8.1,0,0,7,6,7
19,0,19,28.7,0,0,2,7,2
5,0,5,15.3,0,0,2,3,3
18,2,18,10.3,0,0,16,11,5
23,1,23,4.1,0,0,0,22,0
18,1,18,28.9,0,0,0,13,5
12,3,12,10.7,0,0,2,7,3
11,0,11,11.3,0,0,8,6,9
18,0,18,12.8,0,0,16,21,8
12,5,12,21.4,0,0,2,8,3
14,6,14,16.4,0,0,18,32,6
13,3,13,9.5,0,0,0,9,5
4,5,4,3.6,0,0,1,2,6
8,1,8,2.2,0,0,0,32,5
3,3,3,14.2,0,0,2,6,3
8,3,8,5.4,0,0,0,13,8
5,1,5,11.0,0,0,0,16,8
11,6,11,29.4,0,0,0,44,8
5,0,5,13.5,0,0,0,11,8
23,4,23,5.4,0,0,0,43,14
15,4,15,13.6,0,0,2,3,3
16,2,16,7.2,0,0,4,5,3
12,0,12,17.5,0,1,7,0,7
21,2,21,14.8,0,0,4,7,2
5,2,5,15.6,0,0,0,32,5
15,3,15,15.2,0,0,4,3,2
11,3,11,26.7,0,0,0,66,14
12,6,12,22.5,0,0,0,21,8
5,3,5,7.4,0,0,2,3,3
4,2,4,3.6,0,0,6,9,5
1,4,1,12.3,0,0,15,6,3
15,0,15,34.2,0,0,2,33,3
13,2,13,19.6,0,0,0,13,8
7,3,7,8.4,0,0,0,36,5
5,0,5,10.0,0,0,0,7,8
6,2,6,2.9,0,0,2,21,2
5,1,5,5.1,0,0,0,4,8
6,0,6,11.6,0,0,2,32,3
4,6,4,10.2,0,0,1,2,1
15,0,15,27.0,0,0,0,13,8
9,3,9,16.3,0,0,2,16,3
22,1,22,8.1,0,0,23,41,15
16,6,16,23.8,0,0,0,11,8
12,2,12,10.9,0,0,0,34,5
9,0,9,8.6,0,0,0,44,5
11,1,11,13.5,0,0,0,13,8
5,0,5,9.1,0,0,4,11,2
8,5,8,8.4,0,0,2,45,3
10,6,10,16.6,0,0,7,0,7
1,3,1,17.1,0,0,0,25,8
15,0,15,8.1,0,0,0,11,8
21,6,21,19.6,0,0,0,9,8
14,1,14,11.2,0,0,0,61,8
16,0,16,20.8,0,0,0,32,5
8,4,8,9.4,0,0,0,7,5
4,0,4,12.6,0,0,2,5,3
14,2,14,16.3,0,0,4,7,3
19,1,19,5.4,0,0,2,32,3
12,6,12,22.5,0,0,1,2,1
3,0,3,16.2,0,0,1,2,1
20,0,20,25.6,0,1,0,16,5
5,0,5,12.0,0,0,2,11,2
7,0,7,12.8,0,0,0,29,8
9,5,9,21.5,0,0,2,34,3
12,5,12,23.6,0,0,0,25,8
4,1,4,11.1,0,0,80,26,7
5,6,5,18.3,0,0,2,7,3
19,2,19,10.2,0,0,2,32,3
11,4,11,9.8,0,0,0,3,8
15,3,15,31.3,0,0,10,51,17
10,3,10,11.1,0,0,2,16,2
5,5,5,16.0,0,0,0,3,8
14,2,14,16.1,0,0,0,9,5
6,2,6,1.7,0,0,7,0,7
15,3,15,26.2,0,0,16,110,2
0,2,0,5.8,0,0,23,41,15
8,6,8,6.0,0,0,0,33,8
3,1,3,11.4,0,0,7,36,7
5,0,5,6.6,0,0,2,5,3
16,1,16,26.9,0,0,0,3,8
6,0,6,15.8,0,0,0,8,5
16,2,16,10.8,0,0,0,15,8
14,2,14,11.4,0,0,4,21,5
13,4,13,12.1,0,0,16,21,8
9,1,9,6.2,0,0,2,7,3
5,4,5,12.7,0,0,4,7,2
13,4,13,7.3,0,0,0,29,8
4,5,4,8.1,0,0,0,16,8
9,1,9,7.6,1,0,0,21,8
12,3,12,29.4,0,0,0,8,5
4,4,4,8.1,0,0,1,2,6
19,0,19,15.8,1,2,14,17,13
5,6,5,9.7,0,0,4,11,5
18,4,18,25.9,0,0,2,33,3
9,4,9,16.5,0,0,0,53,0
4,4,4,7.0,0,0,2,5,3
19,2,19,28.0,0,0,2,4,2
22,0,22,12.5,0,0,0,7,8
13,5,13,15.4,0,0,4,13,5
0,3,0,11.0,1,2,8,0,9
8,5,8,19.3,0,0,4,5,3
17,0,17,11.9,0,0,2,5,3
6,3,6,15.0,0,0,2,32,3
5,5,5,9.9,0,0,2,9,2
7,0,7,8.2,0,0,0,7,8
18,4,18,11.8,0,0,4,32,3
15,4,15,18.8,0,0,6,93,5
10,4,10,10.3,0,0,0,12,5
14,3,14,23.8,0,0,16,21,8
11,5,11,15.0,0,0,4,63,3
6,3,6,15.2,0,0,2,16,2
11,6,11,10.1,0,0,0,0,0
16,2,16,33.1,0,0,2,7,2
13,2,13,16.0,0,0,0,33,8
9,5,9,10.9,0,0,24,47,30
17,5,17,16.9,0,0,2,12,2
2,4,2,16.0,0,0,1,2,6
19,0,19,23.4,0,0,0,5,8
17,6,17,20.3,0,0,0,5,8
8,5,8,5.3,0,0,0,3,8
16,5,16,30.2,0,0,2,8,3
12,4,12,16.2,0,0,4,32,5
18,1,18,13.4,0,0,9,0,18
4,3,4,15.0,0,0,2,4,3
20,3,20,12.1,0,0,0,5,8
17,5,17,27.8,0,0,16,21,8
19,0,19,10.1,0,0,16,21,8
8,0,8,8.1,0,0,4,5,3
13,6,13,17.8,0,0,0,7,8
15,2,15,28.9,0,0,33,62,0
21,3,21,17.2,0,0,6,9,5
5,6,5,13.2,0,0,2,4,3
5,0,5,15.7,0,0,4,10,2
10,5,10,11.4,0,0,0,13,8
23,6,23,7.0,0,0,0,0,0
8,5,8,2.7,0,0,0,36,8
13,5,13,17.3,0,0,0,13,5
9,0,9,9.6,0,0,2,16,2
15,2,15,13.7,0,0,2,45,3
22,4,22,6.8,1,2,4,44,5
19,4,19,9.2,0,0,2,7,2
23,4,23,7.2,0,0,4,8,3
10,2,10,10.1,0,0,2,5,2
10,3,10,9.0,0,0,0,21,0
2,0,2,16.2,0,0,12,18,7
11,5,11,8.5,0,0,14,17,13
16,4,16,28.1,0,0,6,9,7
5,3,5,5.8,0,0,0,5,8
6,3,6,8.0,0,0,4,7,3
14,0,14,18.1,0,0,2,33,2
19,0,19,29.8,0,1,0,25,8
18,6,18,14.4,0,0,2,12,2
1,4,1,20.6,0,0,0,1,0
0,4,0,16.9,0,0,7,21,7
15,6,15,14.7,0,0,15,6,3
17,6,17,15.2,0,0,0,15,8
11,2,11,18.9,0,0,0,21,0
16,5,16,7.4,0,0,2,44,3
14,4,14,15.2,0,0,16,21,8
7,2,7,5.5,0,0,0,33,5
21,4,21,13.2,0,0,2,9,2
8,3,8,5.5,0,0,0,53,0
14,6,14,25.0,0,0,19,21,19
3,4,3,11.4,0,0,1,2,1
5,6,5,7.2,0,0,4,5,2
18,2,18,25.7,0,0,0,32,5
6,0,6,11.1,0,0,0,7,8
2,1,2,16.9,0,0,1,2,1
11,6,11,13.4,0,0,0,44,8
0,4,0,4.2,0,0,1,2,1
2,6,2,12.2,0,0,16,21,8
5,3,5,3.8,0,0,4,10,5
11,3,11,12.0,0,0,2,8,3
7,2,7,13.2,0,0,2,29,3
15,4,15,18.6,0,0,0,16,5
9,5,9,19.3,0,0,2,16,2
15,2,15,31.4,0,0,0,8,5
10,6,10,22.5,0,0,0,0,0
13,6,13,16.5,0,0,6,9,5
0,0,0,18.8,0,0,21,36,7
17,4,17,7.2,0,0,4,21,2
21,5,21,20.7,0,0,13,19,13
17,3,17,14.6,0,0,2,5,3
13,0,13,29.2,0,0,0,34,5
6,6,6,7.4,0,0,6,9,5
21,3,21,7.0,0,0,2,7,3
19,1,19,4.3,0,0,2,32,3
21,1,21,4.2,0,0,0,36,5
10,1,10,16.8,0,0,0,34,5
16,5,16,30.5,0,0,0,5,8
13,1,13,17.1,0,0,0,11,8
14,3,14,31.5,0,0,0,34,5
10,0,10,24.4,0,0,0,0,14
5,0,5,4.9,0,0,0,8,8
4,6,4,7.0,0,0,2,10,3
14,1,14,17.3,0,0,0,9,0
8,2,8,1.3,0,0,0,44,5
17,6,17,27.0,0,0,0,32,5
1,0,1,14.9,0,0,15,6,3
9,0,9,5.5,0,0,6,9,5
5,0,5,16.8,0,0,4,6,3
15,0,15,21.1,0,0,2,34,3
7,6,7,8.2,0,0,0,36,5
14,1,14,27.6,0,1,18,32,6
21,0,21,19.1,0,0,13,19,13
18,3,18,18.0,0,0,0,16,8
18,6,18,23.7,0,0,0,54,5
19,6,19,12.0,0,0,2,54,3
5,3,5,7.9,0,0,0,7,8
8,5,8,13.9,0,0,7,0,7
23,6,23,19.7,0,0,12,18,7
9,3,9,17.3,0,1,0,32,5
20,5,20,9.0,0,0,0,9,8
15,6,15,29.3,0,0,16,10,8
8,4,8,18.4,0,0,0,9,8
6,0,6,3.6,0,0,2,7,2
4,6,4,11.8,0,0,0,5,8
8,4,8,5.0,0,0,4,14,3
10,3,10,12.6,0,0,0,13,8
22,3,22,8.9,0,0,18,32,6
5,3,5,13.6,0,0,0,5,8
12,3,12,13.2,0,0,0,34,5
18,5,18,23.9,0,0,0,7,5
2,6,2,5.0,0,0,1,2,1
21,1,21,12.9,0,0,0,3,8
20,6,20,21.0,0,0,0,3,8
20,4,20,8.7,0,0,4,3,2
14,0,14,13.9,0,0,0,33,5
0,2,0,9.0,0,0,2,9,2
7,1,7,3.8,0,0,0,36,8
1,2,1,11.8,0,0,1,2,6
13,2,13,12.5,0,0,0,7,8
20,6,20,7.5,0,0,2,9,2
16,4,16,11.9,0,0,2,33,2
17,4,17,7.1,0,0,2,5,2
10,5,10,10.0,0,0,0,44,5
11,3,11,11.2,0,0,0,53,0
7,3,7,8.6,0,0,16,21,2
23,5,23,11.4,0,0,0,43,14
20,3,20,11.1,0,0,2,4,3
2,6,2,7.2,0,0,1,2,1
12,4,12,7.2,0,0,0,29,8
12,0,12,11.5,0,0,7,0,7
7,1,7,13.1,0,0,0,16,8
23,6,23,6.8,0,0,2,21,3
2,5,2,2.7,0,0,15,14,3
6,5,6,13.3,0,0,6,9,5
8,3,8,8.8,0,0,0,10,5
4,4,4,9.3,0,0,6,9,5
22,6,22,13.1,0,0,0,36,8
15,6,15,16.1,0,0,4,32,3
5,5,5,3.7,0,0,4,21,2
0,0,0,13.5,0,0,4,8,3
7,0,7,9.9,0,0,15,6,14
6,2,6,12.9,0,0,0,8,5
9,0,9,10.1,0,0,0,13,5
20,4,20,14.6,0,0,7,0,7
13,1,13,11.2,0,0,0,9,5
0,4,0,10.9,1,2,2,32,3
23,1,23,9.9,0,0,0,22,0
12,2,12,17.1,0,0,0,13,8
12,1,12,27.2,0,0,0,13,5
15,6,15,17.1,0,0,0,9,8
13,0,13,9.6,0,2,18,32,6
17,4,17,15.5,0,0,4,38,2
6,2,6,9.7,0,0,2,5,3
16,0,16,8.0,0,0,2,7,3
5,4,5,12.8,0,0,2,5,3
5,3,5,14.7,0,0,4,3,5
5,6,5,16.1,0,0,2,11,5
5,1,5,12.4,0,0,0,4,5
11,5,11,21.5,0,0,0,13,8
9,6,9,9.0,0,0,7,36,7
7,2,7,10.1,0,0,0,16,8
6,1,6,0.8,0,0,4,5,3
9,4,9,13.1,0,0,0,30,5
19,6,19,14.3,0,0,16,21,8
13,3,13,29.5,0,0,2,11,3
5,4,5,11.8,0,0,0,7,8
17,6,17,13.8,0,0,4,38,3
1,3,1,10.0,0,0,0,1,0
5,1,5,14.9,0,0,0,3,8
18,1,18,17.1,0,0,0,5,8
10,2,10,7.9,0,0,2,16,2
8,0,8,17.4,0,0,4,5,2
19,0,19,13.7,0,0,2,16,2
17,5,17,17.8,0,0,6,9,14
23,0,23,16.3,0,0,13,19,13
10,0,10,23.2,0,0,0,7,8
15,5,15,16.7,0,0,0,78,8
4,2,4,3.9,0,0,2,11,2
23,5,23,6.6,0,0,0,0,0
14,3,14,15.5,0,0,0,9,8
23,5,23,7.0,0,0,23,41,15
23,0,23,8.8,0,0,0,0,0
10,3,10,9.4,0,0,0,25,8
16,5,16,32.0,0,0,0,8,8
10,2,10,12.5,0,0,0,5,5
14,4,14,7.3,0,0,4,44,5
14,5,14,13.0,0,0,18,32,6
17,1,17,16.6,0,0,6,9,0
3,1,3,15.1,0,0,16,21,2
9,0,9,6.9,0,0,0,53,0
5,3,5,9.8,0,0,4,10,3
10,2,10,10.3,0,0,0,8,8
23,0,23,8.8,0,0,0,22,0
6,4,6,10.7,0,0,4,32,3
13,1,13,14.3,0,0,4,8,3
14,3,14,16.2,0,0,24,47,23
20,5,20,8.0,0,0,2,8,2
17,4,17,17.8,0,0,0,3,8
4,0,4,7.4,0,0,6,9,5
12,0,12,25.4,0,1,0,13,5
15,4,15,25.1,0,0,4,54,3
6,0,6,10.0,0,0,4,7,3
6,0,6,0.8,0,0,4,5,3
17,1,17,10.1,0,0,2,12,2
13,3,13,23.9,0,0,7,0,7
6,4,6,1.6,0,0,2,21,3
17,1,17,18.1,0,0,0,32,5
16,0,16,24.4,0,0,0,8,8
9,1,9,14.1,0,0,0,53,0
6,2,6,7.7,0,0,0,9,5
7,1,7,6.0,0,0,0,5,8
23,3,23,15.4,0,0,35,43,14
12,5,12,13.7,0,0,4,3,2
23,3,23,16.8,0,0,16,21,2
4,5,4,12.8,0,0,4,10,2
10,0,10,18.1,0,0,0,7,5
15,4,15,31.8,0,1,0,10,5
13,3,13,19.1,0,0,0,25,8
19,0,19,9.9,0,0,0,17,0
1,2,1,11.8,0,0,15,6,3
8,5,8,7.0,0,0,9,26,18
18,1,18,12.2,0,0,0,13,8
8,5,8,3.1,0,0,6,9,5
18,2,18,25.7,0,0,10,5,17
13,0,13,26.1,0,0,27,36,0
16,2,16,26.0,0,0,0,11,8
13,6,13,19.2,0,0,2,44,3
14,4,14,15.2,0,0,24,25,22
8,1,8,13.0,0,0,18,32,26
9,1,9,7.1,0,0,0,25,8
0,6,0,20.0,0,0,14,17,13
8,3,8,10.8,0,0,17,0,7
15,5,15,27.3,0,0,16,21,8
15,2,15,19.8,0,0,2,45,3
5,1,5,16.1,0,0,6,9,5
5,6,5,13.3,0,0,6,9,5
13,4,13,21.5,0,0,0,32,5
4,5,4,16.1,0,0,0,11,8
19,5,19,9.4,0,0,9,0,10
9,0,9,13.2,0,0,0,8,5
21,0,21,12.0,0,0,13,19,13
9,1,9,9.2,0,0,0,13,5
20,0,20,9.2,0,0,2,5,2
23,5,23,19.0,0,0,0,20,0
18,5,18,32.5,0,0,0,13,5
4,0,4,4.0,0,0,0,5,5
8,0,8,3.6,0,0,0,15,8
1,0,1,12.3,0,0,0,6,14
14,1,14,15.4,0,0,2,3,3
8,1,8,18.3,0,0,0,9,14
14,6,14,15.8,0,0,16,110,5
16,5,16,22.1,0,0,0,17,14
3,0,3,3.8,0,0,9,0,10
18,2,18,13.3,0,0,0,54,5
7,0,7,8.0,0,0,4,3,2
1,6,1,15.7,0,0,0,1,0
16,5,16,32.3,0,0,2,9,3
9,0,9,19.1,0,1,0,13,8
15,3,15,27.2,0,0,0,3,8
5,5,5,8.2,0,0,1,2,6
12,6,12,22.0,0,0,0,25,5
20,1,20,19.3,0,0,0,8,8
15,3,15,13.7,0,0,4,8,3
1,2,1,6.3,0,0,16,21,8
23,2,23,17.5,0,1,9,0,10
23,5,23,6.5,0,0,23,41,15
3,6,3,4.1,0,0,1,2,1
14,2,14,19.3,0,0,0,33,8
6,2,6,10.6,0,0,2,9,2
11,0,11,9.9,0,0,2,45,3
16,1,16,11.1,0,0,4,44,2
18,4,18,19.4,0,0,0,8,5
21,4,21,22.1,0,1,12,18,7
7,0,7,8.5,0,0,0,13,5
0,1,0,16.7,0,0,2,21,3
16,6,16,16.7,0,0,0,15,5
9,5,9,8.5,0,0,0,16,8
5,5,5,16.4,0,0,4,32,3
1,4,1,8.6,0,0,15,6,3
16,6,16,29.2,0,0,4,8,3
17,0,17,17.9,0,0,4,5,2
1,3,1,6.5,0,0,0,21,8
5,2,5,13.7,0,0,4,6,3
12,5,12,17.9,0,0,2,44,3
14,1,14,14.7,0,0,16,11,5
13,6,13,15.3,0,0,0,7,5
6,4,6,13.5,0,0,0,32,5
16,0,16,18.3,0,0,0,32,5
15,6,15,25.8,0,0,4,5,2
15,3,15,24.9,0,0,0,33,8
8,3,8,8.4,0,0,0,9,5
18,6,18,9.2,0,0,18,32,6
5,6,5,12.2,0,0,2,11,2
12,2,12,16.1,0,0,10,81,17
14,6,14,23.2,0,0,19,12,64
1,0,1,19.7,0,0,16,21,8
20,5,20,10.0,0,0,2,9,3
18,3,18,10.6,0,0,7,26,7
13,1,13,10.6,1,0,10,3,11
15,2,15,28.4,0,0,16,10,8
5,2,5,9.6,0,0,2,9,2
2,6,2,5.9,0,0,4,8,3
9,4,9,8.2,0,0,4,7,5
8,4,8,5.4,0,0,0,8,8
10,5,10,17.0,0,0,0,0,0
23,2,23,16.2,0,1,13,19,13
15,0,15,12.1,0,0,4,44,5
4,3,4,4.1,0,0,0,25,8
18,0,18,12.6,0,0,0,33,5
1,5,1,5.0,0,0,0,21,8
11,2,11,10.4,0,0,0,25,8
21,0,21,21.4,0,0,0,17,0
9,6,9,11.2,0,0,2,33,3
21,0,21,10.2,0,0,0,9,8
12,2,12,25.2,0,0,2,11,3
11,0,11,9.9,0,0,2,30,3
16,6,16,17.2,0,0,2,9,3
18,4,18,13.4,0,0,0,44,5
15,3,15,14.2,0,0,16,10,5
13,2,13,17.2,0,0,0,29,8
12,3,12,11.6,0,0,0,8,8
2,6,2,9.1,0,0,10,5,17
5,4,5,14.9,0,0,4,6,3
22,3,22,10.3,0,0,2,9,2
8,5,8,3.3,0,0,16,21,8
8,3,8,15.1,0,0,24,47,22
18,1,18,19.7,0,0,16,11,8
20,2,20,23.4,0,0,2,16,3
9,3,9,15.3,0,0,0,33,8
15,4,15,27.2,0,0,0,5,5
13,3,13,23.6,0,0,2,5,2
12,0,12,24.3,0,0,0,44,8
7,3,7,12.1,0,0,2,42,3
17,3,17,15.4,0,0,2,16,2
17,5,17,26.6,0,0,2,5,3
5,3,5,6.7,0,0,2,9,2
12,3,12,22.3,0,0,0,32,5
5,0,5,10.0,0,0,2,8,3
8,5,8,14.2,0,1,9,0,18
23,2,23,8.8,0,0,2,21,3
4,0,4,15.0,0,0,0,5,5
12,2,12,14.7,0,0,2,110,3
8,4,8,8.0,0,0,2,7,3
20,3,20,9.0,0,0,80,26,7
5,3,5,0.9,0,0,2,4,3
21,3,21,9.5,0,0,14,24,9
23,2,23,9.4,0,0,0,43,14
8,3,8,10.1,0,0,0,11,8
12,2,12,9.2,0,0,26,49,13
9,5,9,14.2,0,0,0,43,14
13,1,13,16.8,0,0,0,44,8
4,1,4,4.8,0,0,0,5,8
1,1,1,12.9,0,0,1,2,6
10,3,10,11.0,1,2,0,3,8
17,6,17,19.7,0,0,2,5,2
6,3,6,3.3,0,0,4,7,2
18,2,18,26.2,0,0,19,7,38
5,3,5,10.9,0,0,0,25,5
8,2,8,4.8,0,0,0,7,8
2,2,2,13.2,0,0,16,21,8
6,2,6,14.6,0,0,2,7,3
10,6,10,17.5,0,0,2,25,2
17,6,17,20.6,0,0,6,9,0
4,1,4,12.2,0,0,2,10,3
1,0,1,14.2,0,0,0,6,9
16,6,16,24.4,0,0,4,7,3
13,2,13,20.6,0,0,0,7,8
16,0,16,27.4,0,0,16,10,8
18,6,18,13.5,0,0,18,32,6
6,0,6,13.6,0,0,0,3,5
9,2,9,10.0,0,0,0,16,8
16,5,16,25.7,0,0,6,93,5
5,4,5,11.5,0,0,0,5,5
5,0,5,3.8,0,0,4,10,2
5,4,5,15.4,0,0,3,26,4
23,6,23,12.3,0,0,4,8,3
3,3,3,15.8,0,0,1,2,1
5,6,5,11.8,0,0,2,5,3
4,1,4,11.2,0,0,0,16,8
13,2,13,16.1,0,0,33,62,0
21,6,21,10.5,0,0,6,9,5
13,4,13,12.3,0,0,0,44,8
16,0,16,25.7,0,0,0,8,8
13,0,13,26.4,0,0,14,17,13
11,3,11,13.3,0,0,0,66,14
15,3,15,23.6,0,0,16,10,5
13,0,13,28.7,0,0,2,34,3
14,0,14,16.9,0,0,4,21,2
15,6,15,21.9,0,0,0,78,8
23,1,23,10.5,0,0,0,22,0
8,6,8,15.1,0,1,30,9,24
7,4,7,-0.1,0,0,0,7,8
4,4,4,15.1,0,0,0,7,8
6,0,6,4.8,0,0,2,5,3
13,3,13,19.1,0,0,0,9,5
17,6,17,17.9,0,0,4,7,2
13,3,13,13.9,0,0,4,16,3
5,6,5,12.9,0,0,2,11,2
5,0,5,13.2,0,0,2,11,2
17,3,17,27.0,0,1,0,13,8
14,2,14,19.5,0,0,2,7,2
9,3,9,5.5,0,0,0,32,5
9,0,9,14.1,0,0,0,43,14
11,4,11,21.9,0,0,0,3,8
5,1,5,8.7,0,0,1,2,6
18,0,18,11.8,0,0,2,12,2
4,3,4,10.1,0,0,0,5,5
6,2,6,10.4,0,0,2,7,3
20,0,20,22.1,0,0,20,0,7
16,5,16,31.0,0,0,0,11,8
16,6,16,10.4,0,0,15,6,3
19,1,19,11.8,0,0,0,17,0
6,6,6,7.7,0,0,0,5,8
23,6,23,11.3,0,0,18,32,6
4,4,4,15.9,0,0,0,3,8
6,0,6,4.1,0,0,10,28,16
16,5,16,22.0,0,0,2,44,3
4,1,4,10.4,0,0,2,3,3
23,1,23,10.4,0,0,2,21,3
18,4,18,26.6,0,0,2,4,2
16,0,16,31.0,0,0,0,13,5
17,6,17,24.9,0,0,0,17,14
5,4,5,0.3,0,0,2,5,3
9,4,9,11.8,0,0,0,43,14
5,0,5,12.1,0,0,2,8,2
14,4,14,28.5,0,0,28,55,0
17,1,17,13.6,0,0,2,5,3
22,5,22,18.2,0,0,23,41,15
21,6,21,20.9,0,0,6,9,5
11,6,11,11.8,0,0,0,0,0
5,6,5,18.2,0,0,1,2,6
23,6,23,7.5,0,0,6,9,5
11,6,11,26.3,0,1,0,10,5
0,6,0,23.4,0,0,13,19,13
13,3,13,15.2,0,0,0,9,5
17,1,17,4.8,0,0,0,16,5
10,1,10,15.9,0,0,2,45,3
13,1,13,14.9,0,0,26,49,13
8,6,8,8.5,0,0,0,54,5
17,2,17,11.4,1,0,0,33,8
6,1,6,5.9,0,0,0,8,8
16,4,16,16.6,0,0,2,44,2
13,5,13,22.6,0,0,2,5,3
8,1,8,10.4,0,0,2,16,3
9,4,9,7.3,0,0,2,16,3
15,0,15,25.0,0,0,2,34,3
14,2,14,23.9,0,0,0,44,8
0,5,0,20.8,0,0,2,21,3
16,2,16,12.8,0,0,2,33,3
17,6,17,23.8,0,0,0,17,0
19,6,19,26.0,0,0,2,4,2
15,5,15,16.2,0,0,0,13,8
11,0,11,27.2,0,0,0,45,5
11,3,11,10.1,0,0,0,13,8
12,3,12,21.3,0,0,18,54,20
15,5,15,17.1,0,0,16,110,5
12,6,12,21.0,0,0,27,36,0
6,1,6,9.6,0,0,4,7,5
8,4,8,7.3,0,0,0,5,8
16,4,16,27.7,0,0,15,6,3
6,2,6,10.2,0,0,0,16,5
11,5,11,25.9,0,0,8,0,9
21,6,21,17.8,0,0,6,9,5
1,6,1,12.6,0,0,15,6,3
8,2,8,9.2,0,0,0,32,5
6,4,6,13.1,0,0,2,32,3
4,2,4,3.2,0,0,0,7,8
14,0,14,26.3,0,0,2,12,3
14,6,14,30.9,0,0,29,26,10
13,2,13,11.7,0,0,4,11,5
7,2,7,4.9,0,0,24,44,30
10,5,10,11.9,0,0,2,30,3
5,6,5,16.0,0,0,6,9,5
10,6,10,14.5,0,0,0,3,8
17,2,17,30.3,0,0,0,54,5
14,1,14,11.1,0,0,6,9,5
8,1,8,11.7,0,0,19,146,64
14,1,14,20.1,0,0,0,13,5
11,0,11,9.3,0,0,1,2,1
3,6,3,7.6,0,0,2,6,3
7,2,7,11.7,0,0,2,7,3
16,3,16,13.8,0,0,0,32,5
15,6,15,14.7,0,0,0,9,8
11,6,11,21.3,0,0,0,13,8
15,1,15,15.2,0,0,16,21,8
0,5,0,17.1,0,0,7,21,7
16,5,16,18.4,0,0,0,8,8
13,3,13,28.5,0,1,7,0,7
20,1,20,8.3,0,0,0,3,8
7,3,7,3.8,0,0,0,30,5
0,0,0,9.1,0,0,15,6,3
2,5,2,11.6,0,0,1,2,1
4,2,4,16.8,0,0,0,25,5
6,1,6,5.8,0,0,2,36,3
7,2,7,9.5,0,0,2,33,3
8,1,8,6.2,0,0,0,54,8
5,2,5,4.7,0,0,2,5,3
16,5,16,11.2,0,0,6,9,0
16,1,16,11.1,0,0,0,11,8
6,1,6,11.1,0,0,0,7,8
21,2,21,10.7,0,0,6,9,5
9,5,9,20.0,0,0,0,30,5
11,3,11,10.8,0,0,0,8,5
1,2,1,6.0,0,0,0,37,0
12,0,12,8.5,0,0,0,32,5
4,2,4,9.9,0,0,7,0,7
5,3,5,7.3,0,0,4,11,2
12,6,12,22.3,0,0,0,11,8
2,5,2,15.4,0,0,16,21,8
7,0,7,0.7,0,0,0,8,8
10,5,10,13.3,0,0,0,5,5
18,5,18,25.6,0,0,0,33,5
19,1,19,17.4,0,0,0,44,8
21,3,21,7.4,0,0,0,3,8
15,0,15,25.0,0,0,16,10,5
19,2,19,11.2,0,0,0,44,8
5,1,5,12.8,0,0,0,7,8
8,4,8,8.7,0,0,2,16,3
21,2,21,11.3,1,2,10,3,21
12,5,12,24.6,0,0,0,3,8
5,4,5,12.1,0,0,9,0,10
7,0,7,13.3,0,0,0,29,5
5,3,5,6.2,0,0,2,3,3
19,3,19,16.8,0,0,2,32,2
20,6,20,24.0,0,1,4,44,2
20,5,20,16.4,0,0,2,8,3
12,6,12,21.2,0,0,0,25,8
15,5,15,22.4,0,0,2,9,2
11,0,11,8.9,0,0,49,86,49
6,4,6,9.1,1,2,0,22,14
1,2,1,17.2,0,0,1,2,6
20,2,20,25.9,0,0,2,21,3
4,1,4,13.0,0,0,0,7,8
13,0,13,29.4,0,0,0,33,8
12,2,12,14.4,0,0,0,32,5
16,1,16,17.0,0,0,2,3,2
10,6,10,14.6,0,0,0,4,8
1,1,1,14.1,0,0,0,6,14
7,2,7,13.9,0,0,0,13,8
12,0,12,21.8,0,0,0,9,8
16,2,16,28.4,0,0,0,78,5
9,1,9,4.5,0,0,2,13,3
5,4,5,10.5,0,0,0,36,5
15,3,15,27.2,0,0,16,110,2
11,4,11,13.1,0,0,0,13,8
4,4,4,8.6,0,0,2,11,2
15,2,15,14.8,0,0,2,36,3
8,0,8,2.2,0,0,0,4,8
20,4,20,14.6,0,0,0,17,0
9,1,9,15.5,0,0,0,53,14
15,1,15,13.8,0,0,2,44,2
6,4,6,13.4,0,0,2,9,2
11,6,11,19.0,0,0,4,16,3
0,1,0,16.4,0,0,11,23,14
21,3,21,8.7,0,0,13,19,13
4,6,4,13.2,0,0,0,4,8
5,1,5,5.7,0,0,4,5,3
1,5,1,6.6,0,0,0,21,5
7,1,7,10.5,0,0,0,8,8
8,1,8,0.9,0,0,0,33,8
4,3,4,18.5,0,0,2,7,3
13,0,13,14.7,0,0,2,44,3
7,4,7,7.5,1,2,0,20,14
5,4,5,16.0,0,0,0,52,5
6,5,6,8.4,0,0,4,12,2
11,0,11,9.8,0,0,7,9,7
6,5,6,9.2,1,2,11,0,14
0,2,0,12.2,0,0,15,6,3
7,2,7,12.9,0,0,2,16,2
20,6,20,13.7,0,0,0,25,5
15,2,15,12.0,0,0,6,9,7
10,2,10,7.6,0,0,4,13,5
7,6,7,3.1,0,0,30,9,35
23,0,23,8.3,0,0,2,21,3
16,1,16,14.4,0,0,7,14,7
15,0,15,10.5,0,0,2,34,3
3,3,3,4.9,0,0,22,56,4
14,6,14,17.3,0,0,4,54,5
21,6,21,13.7,0,0,0,9,5
4,5,4,12.8,0,0,0,25,8
11,4,11,10.9,0,0,29,26,10
8,6,8,6.8,0,0,0,4,8
21,1,21,11.7,0,0,2,8,3
10,4,10,19.4,0,0,0,3,5
16,0,16,16.7,0,0,0,13,5
16,2,16,20.9,0,0,4,7,2
6,0,6,4.2,0,0,15,6,3
5,3,5,9.2,0,0,0,11,8
6,3,6,8.8,0,0,2,9,2
16,4,16,7.6,0,0,2,3,2
5,6,5,16.1,0,0,2,10,3
17,0,17,25.5,0,0,26,49,13
17,0,17,25.9,0,0,4,38,3
5,2,5,8.1,0,0,16,21,8
4,4,4,13.6,0,0,2,4,3
11,6,11,13.1,0,0,4,16,5
8,3,8,12.6,0,0,0,53,14
8,1,8,5.8,0,0,0,7,8
0,1,0,7.3,0,0,20,0,7
0,2,0,12.8,0,0,0,43,14
1,5,1,18.9,0,0,1,2,6
8,1,8,6.4,0,0,6,9,5
12,2,12,19.8,0,0,0,3,8
4,3,4,9.3,0,0,0,4,8
14,5,14,29.5,0,0,18,32,6
6,5,6,12.6,0,0,4,16,3
8,5,8,2.4,0,0,2,16,3
6,5,6,4.4,0,0,2,21,2
6,2,6,9.0,0,0,0,16,8
23,6,23,9.7,0,0,0,22,0
6,0,6,11.8,0,0,0,5,8
2,6,2,12.3,0,0,0,6,0
17,1,17,15.3,0,0,2,12,3
0,3,0,6.0,0,0,15,6,3
21,6,21,14.0,0,1,0,4,5
16,3,16,13.9,0,0,0,32,5
1,0,1,13.1,0,0,0,6,9
6,4,6,4.2,0,0,0,5,5
5,5,5,7.9,0,0,4,10,2
17,4,17,22.2,0,0,16,11,8
0,4,0,21.4,0,0,13,19,13
4,4,4,11.0,0,0,0,4,5
5,3,5,8.4,0,0,0,32,5
18,3,18,23.1,0,0,2,4,3
5,4,5,8.4,0,0,4,32,3
4,1,4,11.2,0,0,0,25,5
13,1,13,19.5,0,0,0,32,5
8,6,8,7.6,0,0,8,0,9
20,2,20,14.3,0,0,0,44,5
20,2,20,8.8,0,0,2,9,2
21,1,21,16.6,0,0,2,9,2
18,3,18,30.8,0,0,0,44,5
15,4,15,21.2,0,0,0,82,8
9,6,9,10.9,0,0,0,45,5
5,5,5,11.5,0,0,0,9,5
17,0,17,11.3,0,0,2,12,3
22,4,22,13.4,0,0,4,16,2
5,3,5,9.9,0,0,4,11,3
19,6,19,28.7,0,1,2,32,5
19,2,19,11.4,0,0,0,17,0
5,0,5,12.2,0,0,1,2,6
1,6,1,13.3,0,0,1,2,6
4,4,4,12.3,0,0,0,5,8
15,1,15,21.5,0,0,0,33,5
5,3,5,18.7,0,0,0,5,5
18,6,18,13.3,0,0,4,5,5
6,1,6,7.1,0,0,0,5,8
11,4,11,14.8,0,0,0,21,0
16,2,16,22.6,0,0,2,3,3
7,2,7,9.5,0,0,10,8,17
7,5,7,1.4,0,0,4,21,5
14,2,14,27.7,0,0,16,21,8
6,3,6,14.5,0,0,4,12,5
8,6,8,5.3,0,0,2,3,2
8,5,8,15.3,0,0,0,9,9
13,6,13,21.9,0,0,4,8,3
14,3,14,31.4,0,1,7,36,7
15,6,15,20.8,0,0,0,9,5
19,5,19,8.4,0,0,2,32,3
8,6,8,13.3,0,0,2,29,3
21,2,21,22.2,0,0,0,3,8
15,6,15,17.5,0,0,0,33,5
19,1,19,31.2,0,1,0,13,5
14,4,14,11.7,0,0,33,62,0
21,1,21,11.1,0,0,7,26,7
23,5,23,4.1,0,0,23,41,15
3,1,3,18.9,0,0,7,0,7
5,1,5,16.9,0,0,0,16,8
14,5,14,18.7,0,0,0,13,8
8,3,8,4.8,0,0,2,13,3
7,4,7,6.5,0,0,0,8,8
5,5,5,12.9,0,0,1,2,6
16,2,16,21.9,0,0,4,44,2
12,5,12,24.1,0,0,9,0,10
6,4,6,0.4,0,0,2,32,3
5,3,5,10.9,0,0,0,42,5
8,1,8,14.4,0,0,0,32,5
5,4,5,13.5,0,0,0,5,5
11,5,11,15.7,0,0,2,7,3
4,6,4,16.1,0,0,0,12,5
5,3,5,15.7,0,0,0,4,8
6,1,6,3.8,0,0,4,3,2
12,5,12,25.3,0,0,4,5,2
2,6,2,15.9,0,0,1,2,6
5,3,5,15.1,0,0,2,11,5
16,3,16,28.0,0,0,7,0,7
4,0,4,10.0,0,0,0,5,5
22,6,22,7.8,0,0,23,41,15
0,0,0,18.1,0,0,0,6,14
6,5,6,3.9,0,0,2,21,2
5,4,5,5.1,0,0,4,5,3
11,5,11,8.4,0,0,0,0,14
16,5,16,32.1,0,0,16,21,5
16,6,16,26.1,0,0,4,44,2
16,3,16,13.7,0,0,0,17,14
22,0,22,17.7,0,0,11,0,12
6,6,6,11.3,0,0,0,52,5
15,5,15,19.1,0,0,2,7,2
15,0,15,16.4,0,0,15,6,3
6,5,6,12.7,0,0,16,21,8
23,4,23,3.8,0,0,0,22,0
4,4,4,10.5,0,0,0,25,8
6,6,6,6.5,0,2,10,44,36
7,2,7,9.2,0,0,15,6,3
5,2,5,3.0,0,0,4,12,5
20,2,20,15.6,0,0,2,16,3
7,2,7,10.1,0,0,2,16,3
18,3,18,27.2,0,0,0,5,8
16,6,16,19.1,0,0,28,55,0
13,6,13,19.3,0,0,0,32,8
7,4,7,8.7,0,0,0,68,8
4,1,4,11.2,0,0,2,4,3
17,3,17,32.2,0,0,20,0,7
9,0,9,18.8,0,0,18,32,6
18,3,18,25.4,0,0,0,12,8
15,3,15,25.9,0,0,16,21,8
4,0,4,3.3,0,0,6,9,5
21,2,21,8.4,0,0,2,9,2
5,4,5,17.5,0,0,2,8,3
14,1,14,11.9,0,0,0,13,8
21,4,21,9.9,0,0,0,3,8
7,4,7,7.3,0,0,0,8,8
5,4,5,1.9,0,0,0,11,8
9,0,9,14.5,0,0,18,32,6
0,0,0,19.2,0,0,11,23,14
5,1,5,9.7,0,0,4,11,3
8,4,8,11.5,0,0,0,10,5
10,5,10,6.1,0,0,0,8,8
8,3,8,11.6,0,0,0,10,5
5,6,5,16.4,0,0,0,5,5
6,5,6,1.6,0,0,4,7,3
4,1,4,5.8,0,0,0,7,5
12,2,12,14.1,0,0,26,49,13
0,5,0,16.4,0,0,0,0,0
18,6,18,25.5,0,0,0,8,5
21,1,21,11.9,0,0,0,4,8
16,5,16,19.1,0,0,0,36,5
22,5,22,10.0,0,0,11,0,14
3,1,3,19.1,0,0,1,2,1
15,5,15,26.7,0,1,2,13,2
10,4,10,12.2,0,0,2,34,3
19,2,19,12.8,0,0,0,3,5
5,1,5,16.7,0,0,9,0,18
11,4,11,20.3,0,1,0,3,8
12,4,12,11.5,1,2,29,69,10
16,0,16,30.6,0,0,4,5,2
4,2,4,13.0,0,0,0,11,8
9,2,9,19.5,0,0,9,0,18
12,1,12,21.1,0,0,2,7,3
1,0,1,7.9,0,0,0,37,0
15,4,15,19.6,0,0,0,78,8
21,0,21,11.4,0,0,0,16,8
5,3,5,13.5,0,0,2,8,3
20,1,20,21.7,0,0,0,36,8
5,4,5,11.0,0,0,0,7,5
11,5,11,26.6,0,0,2,30,3
16,0,16,25.7,0,0,2,13,2
4,0,4,17.2,0,0,0,7,5
6,3,6,4.2,0,0,7,36,7
19,3,19,27.4,0,0,10,4,17
19,0,19,8.1,0,0,2,5,3
10,0,10,11.1,0,0,2,13,3
14,1,14,14.3,0,0,15,6,3
19,0,19,7.8,0,0,0,21,5
4,1,4,10.9,0,0,2,5,3
21,3,21,8.9,0,0,14,24,9
14,2,14,24.2,0,0,9,0,18
8,6,8,16.8,0,0,4,13,3
6,6,6,5.8,0,0,0,7,8
18,0,18,22.5,0,0,2,12,3
6,5,6,10.9,0,0,0,8,8
12,2,12,15.3,0,0,0,3,8
9,1,9,17.2,0,0,2,34,3
20,6,20,12.1,0,0,0,25,8
13,5,13,27.5,0,0,2,34,2
13,5,13,21.6,0,0,0,13,5
23,3,23,8.4,0,0,0,20,14
2,5,2,6.2,1,2,0,32,5
4,4,4,16.1,0,0,0,7,8
15,5,15,17.0,0,0,16,21,8
5,5,5,13.1,0,0,2,5,3
17,6,17,25.8,0,0,0,13,8
7,1,7,4.6,0,0,2,8,3
10,3,10,9.9,0,0,0,21,0
13,0,13,29.4,0,0,0,33,8
23,4,23,7.1,0,0,0,20,14
22,5,22,15.4,0,0,0,25,5
22,3,22,22.7,0,0,4,8,3
2,6,2,20.5,0,0,1,2,6
21,6,21,17.2,0,0,0,9,8
6,3,6,3.4,0,0,0,52,5
8,6,8,7.2,0,0,2,16,2
5,4,5,5.8,0,0,4,8,5
4,3,4,15.6,0,0,4,6,3
14,6,14,15.0,0,0,0,13,5
9,2,9,5.8,0,0,0,53,0
19,4,19,11.2,0,0,2,32,3
13,2,13,18.2,0,0,4,5,3
15,4,15,12.1,0,0,7,0,7
10,3,10,11.4,0,0,0,54,5
15,0,15,25.3,0,0,0,21,8
18,4,18,15.6,0,0,2,7,3
5,1,5,18.2,0,0,0,7,8
21,6,21,13.1,0,0,2,9,2
4,0,4,1.3,0,0,0,11,8
14,0,14,18.7,0,1,7,0,7
8,3,8,12.7,0,0,0,9,8
4,4,4,5.7,0,0,2,11,2
15,3,15,24.9,0,0,0,78,8
14,0,14,23.4,0,0,4,21,2
9,0,9,10.1,0,0,18,32,6
10,5,10,10.7,0,0,0,0,0
14,6,14,24.2,0,0,2,58,3
5,6,5,10.5,0,0,6,9,5
16,4,16,12.7,0,0,0,33,5
17,1,17,22.2,0,1,0,16,5
14,1,14,14.2,0,0,2,16,2
7,1,7,9.6,0,0,0,5,5
5,2,5,17.2,0,0,0,3,8
11,4,11,18.4,0,0,2,29,3
4,0,4,3.4,0,0,0,4,8
17,5,17,20.0,0,0,2,12,2
7,0,7,-0.1,0,0,2,33,3
5,5,5,3.4,0,0,0,11,8
13,4,13,7.2,0,0,2,33,3
2,3,2,8.2,0,0,1,2,1
20,1,20,11.8,0,0,2,9,3
7,0,7,4.5,0,0,4,32,3
16,6,16,10.7,0,0,0,32,5
18,0,18,19.3,0,0,0,8,8
8,5,8,14.6,0,0,4,16,3
12,4,12,14.2,0,0,4,11,2
13,0,13,25.7,0,0,0,21,8
11,3,11,10.4,0,0,18,54,20
18,3,18,30.8,0,0,0,3,8
5,5,5,16.5,0,0,0,25,8
14,3,14,18.1,0,0,0,7,8
5,4,5,14.4,0,0,2,3,3
13,2,13,19.5,0,0,2,44,3
4,5,4,2.8,0,0,0,4,8
1,2,1,13.5,0,0,7,0,7
5,4,5,2.2,0,0,2,9,2
6,4,6,4.2,0,0,0,7,8
4,1,4,13.8,0,0,2,5,3
6,2,6,11.3,0,0,2,7,3
8,3,8,8.5,0,0,2,16,3
5,0,5,9.5,0,0,4,10,5
14,3,14,18.7,0,1,0,5,5
13,4,13,24.0,0,0,0,5,8
20,3,20,20.7,0,0,0,25,8
0,1,0,11.7,0,0,23,41,15
4,3,4,7.3,0,0,0,9,3
4,4,4,13.8,0,0,7,0,7
7,2,7,8.3,0,0,15,6,3
15,3,15,14.1,0,0,15,6,3
19,3,19,16.6,0,0,2,8,3
1,0,1,17.5,0,0,0,37,0
16,0,16,14.8,0,0,0,13,5
4,5,4,13.4,0,0,80,26,7
4,1,4,14.7,0,0,0,16,5
22,4,22,11.5,0,0,11,23,14
18,1,18,9.6,0,0,0,5,5
16,0,16,16.6,0,0,0,78,8
7,6,7,12.8,0,0,8,0,9
22,2,22,11.5,1,2,0,25,8
18,4,18,12.0,0,0,0,3,8
11,1,11,14.8,0,0,0,3,8
22,0,22,17.4,0,0,22,56,4
18,3,18,22.2,0,0,2,12,2
18,0,18,29.3,0,0,4,38,3
4,4,4,13.9,0,0,5,9,4
9,5,9,10.4,0,0,0,32,5
7,5,7,4.6,0,0,2,33,3
19,2,19,16.9,0,0,0,8,5
14,3,14,10.8,0,0,24,47,22
8,0,8,0.7,0,0,4,14,3
12,1,12,11.5,1,0,16,110,3
17,6,17,17.3,0,0,0,13,8
11,3,11,23.4,0,0,2,16,3
5,2,5,9.2,0,0,4,3,2
1,2,1,9.6,0,0,18,36,20
17,3,17,28.1,0,0,2,5,2
14,4,14,29.4,0,0,2,5,3
15,6,15,14.9,0,0,2,13,3
17,0,17,7.8,0,0,4,38,3
12,0,12,21.9,0,0,2,11,5
1,2,1,4.6,0,0,7,0,7
22,0,22,17.2,0,0,49,17,49
17,0,17,28.9,0,0,4,54,3
14,6,14,23.0,0,0,18,54,20
3,0,3,13.7,0,0,1,2,1
17,5,17,28.5,0,0,0,13,8
12,2,12,11.7,0,0,2,30,3
8,5,8,5.5,0,0,0,7,8
23,3,23,10.8,0,0,0,22,0
7,1,7,9.0,0,0,0,8,8
0,2,0,9.5,0,0,0,43,14
20,3,20,9.7,0,0,0,25,5
19,4,19,26.0,0,0,2,16,2
16,2,16,17.6,0,0,0,44,5
16,2,16,10.6,0,0,2,44,3
8,3,8,15.2,0,0,0,53,0
8,4,8,4.6,0,0,0,32,5
9,6,9,14.9,0,0,0,42,5
4,6,4,5.9,0,0,2,11,2
11,0,11,18.4,0,0,0,13,8
11,1,11,9.7,0,0,0,53,0
12,1,12,9.5,0,0,2,61,2
19,0,19,23.5,0,0,2,5,3
7,4,7,5.5,0,0,0,9,14
12,3,12,23.3,0,0,0,44,5
5,3,5,15.9,0,0,0,42,5
10,4,10,11.9,0,0,0,54,8
15,6,15,24.4,0,0,2,54,3
12,3,12,19.7,0,0,18,32,6
12,5,12,14.2,0,0,26,49,13
12,1,12,24.6,0,0,18,32,6
13,1,13,23.6,0,0,7,26,7
10,3,10,9.5,0,0,2,33,3
21,6,21,10.7,0,0,2,9,2
13,2,13,15.9,0,0,33,62,0
17,1,17,30.6,0,0,0,3,8
11,0,11,22.4,0,0,0,7,5
23,4,23,14.5,0,0,0,20,14
19,1,19,10.9,1,2,0,13,8
14,6,14,20.9,0,0,4,8,3
10,4,10,6.6,1,2,10,74,31
19,1,19,22.8,0,0,0,16,8
20,1,20,9.2,0,0,2,9,2
8,1,8,8.9,0,0,0,53,0
10,6,10,10.7,0,0,2,16,2
4,1,4,12.0,0,0,2,3,2
4,0,4,14.8,0,0,2,4,3
1,1,1,10.2,0,0,1,2,6
5,4,5,8.8,0,0,2,5,3
1,2,1,1.7,0,0,2,36,2
0,1,0,4.0,0,0,1,2,6
4,2,4,12.3,0,0,0,9,5
23,2,23,11.0,0,0,2,21,3
11,1,11,10.0,0,0,0,44,8
8,4,8,6.0,0,0,6,9,5
7,6,7,9.4,0,0,0,7,8
1,0,1,7.8,0,0,0,1,0
8,6,8,8.5,0,0,0,32,5
8,3,8,5.8,0,0,0,32,5
2,3,2,12.3,0,0,9,0,10
11,3,11,13.8,0,0,18,54,20
13,0,13,29.5,0,1,2,16,3
13,0,13,17.5,0,0,0,9,5
23,5,23,20.2,0,1,12,18,7
16,6,16,20.2,0,0,9,0,7
8,5,8,7.4,0,0,10,51,17
16,2,16,37.2,0,0,19,72,38
7,5,7,13.4,0,0,0,3,5
6,6,6,8.3,1,2,0,17,0
18,4,18,16.1,0,0,16,21,8
13,3,13,24.1,0,0,27,36,12
16,4,16,11.9,0,0,0,3,8
12,1,12,27.0,0,0,0,8,8
0,4,0,18.8,0,0,0,6,14
18,1,18,21.0,0,0,0,21,5
19,0,19,21.1,0,0,0,8,8
5,0,5,15.2,0,0,2,5,3
9,1,9,19.9,0,0,0,21,8
9,5,9,9.6,0,0,22,56,4
21,0,21,17.5,0,0,0,16,8
22,4,22,6.9,1,2,0,34,5
14,0,14,15.8,0,0,4,8,3
1,5,1,14.7,0,0,15,6,3
9,3,9,7.6,0,0,0,15,5
9,0,9,3.2,0,0,2,8,3
21,3,21,9.2,0,0,10,25,11
18,4,18,18.8,0,0,0,12,5
5,2,5,8.0,0,0,0,3,8
6,3,6,7.6,0,0,4,10,2
5,1,5,10.7,0,0,1,2,6
3,2,3,11.9,0,0,7,0,7
10,3,10,17.9,0,0,0,29,8
21,4,21,7.1,1,2,10,5,11
16,1,16,20.3,0,0,2,7,3
6,3,6,3.2,0,0,0,5,5
14,0,14,15.6,0,0,18,32,6
6,3,6,11.9,0,0,4,11,3
0,6,0,19.1,0,0,2,21,3
17,2,17,30.0,0,0,0,3,8
9,0,9,10.4,0,0,0,7,8
17,1,17,27.7,0,0,0,5,8
7,5,7,10.1,0,0,0,33,8
19,4,19,15.6,0,0,16,21,8
19,0,19,13.0,0,0,0,17,0
10,2,10,12.5,0,0,49,113,49
15,4,15,30.5,0,0,2,13,3
1,0,1,14.7,0,0,1,2,6
6,6,6,4.9,0,0,6,9,5
7,2,7,14.5,0,0,0,13,8
20,0,20,22.1,0,0,2,3,3
8,0,8,7.6,0,0,0,9,5
16,0,16,30.0,0,1,6,9,7
4,2,4,9.1,0,0,0,9,5
16,6,16,24.3,0,0,0,16,5
4,3,4,19.2,0,0,2,4,3
9,2,9,13.5,0,0,2,45,3
5,3,5,0.5,0,0,2,3,2
12,5,12,20.7,0,0,0,11,5
16,2,16,20.0,0,0,4,7,2
8,6,8,7.8,0,0,0,21,8
23,4,23,6.1,0,0,0,20,0
23,1,23,10.4,0,0,0,43,14
5,4,5,15.3,0,0,4,7,2
8,2,8,9.2,0,0,0,10,5
10,3,10,11.7,0,0,0,7,8
11,4,11,18.9,0,0,92,53,6
15,1,15,25.9,0,0,6,93,5
14,0,14,11.2,0,0,0,21,8
15,5,15,22.0,0,0,0,78,5
15,1,15,26.2,0,0,15,6,3
6,0,6,13.6,0,0,39,75,9
4,0,4,15.7,0,0,5,9,4
10,0,10,17.7,0,0,0,15,5
10,6,10,12.8,0,0,2,45,3
9,5,9,14.1,0,0,0,44,5
16,3,16,13.5,0,0,4,44,2
5,0,5,4.0,0,0,2,3,3
13,2,13,18.1,0,0,0,32,8
13,5,13,23.6,0,0,9,0,18
5,2,5,9.5,0,0,4,12,3
14,6,14,28.5,0,0,0,45,5
19,0,19,24.4,0,0,0,8,8
6,3,6,7.3,0,0,2,12,3
15,5,15,29.8,0,1,18,32,20
7,6,7,12.3,0,0,2,45,3
9,5,9,18.3,0,0,0,54,5
23,1,23,19.5,0,1,12,18,7
16,5,16,20.8,0,0,0,3,8
5,4,5,2.4,0,0,16,21,8
22,4,22,19.7,0,1,12,18,7
14,6,14,24.6,0,0,2,132,3
5,1,5,9.3,0,0,6,9,5
15,6,15,14.6,0,0,6,93,5
8,2,8,7.1,0,0,0,21,8
21,3,21,17.2,0,0,0,3,5
18,1,18,25.0,0,0,0,16,8
5,0,5,1.1,0,0,2,9,2
12,4,12,12.0,0,0,26,49,13
5,5,5,15.9,0,0,2,3,3
11,0,11,17.9,0,0,0,34,5
4,4,4,2.3,0,0,2,10,3
19,4,19,10.7,0,0,0,8,5
8,3,8,14.1,0,1,0,32,5
20,3,20,10.8,0,0,0,36,8
7,4,7,7.6,1,2,13,19,13
8,6,8,15.2,0,1,30,9,24
13,6,13,28.1,0,1,14,17,13
17,3,17,21.8,0,0,2,13,3
13,1,13,25.7,0,0,0,3,5
2,3,2,10.3,0,0,0,1,0
17,0,17,25.1,0,0,4,12,2
6,3,6,6.9,0,0,0,52,5
5,6,5,10.6,0,0,2,10,3
17,1,17,13.8,0,0,0,21,8
13,5,13,23.5,0,0,10,33,17
19,2,19,10.1,0,0,2,54,3
17,1,17,14.9,0,0,4,5,3
18,2,18,17.9,0,1,0,16,5
21,2,21,11.9,0,0,13,19,13
7,6,7,6.9,0,0,2,33,3
2,0,2,2.1,0,0,9,0,10
15,0,15,20.8,0,0,4,54,5
17,6,17,13.8,0,0,4,8,5
1,2,1,16.2,0,0,23,41,15
4,2,4,9.4,0,0,10,5,41
4,5,4,8.2,0,0,0,11,8
10,4,10,21.0,0,0,0,53,0
22,1,22,9.4,1,2,0,53,0
14,4,14,24.4,0,0,0,29,5
6,0,6,12.1,0,0,2,8,3
22,3,22,9.2,0,0,6,9,5
12,4,12,15.0,0,0,14,17,13
9,5,9,5.9,0,0,0,13,8
5,2,5,14.8,0,0,4,12,2
5,4,5,7.0,0,0,4,11,2
11,4,11,10.5,0,0,0,13,8
18,3,18,22.1,0,0,0,33,8
16,3,16,19.0,0,0,0,32,5
20,1,20,15.5,0,0,2,7,3
5,5,5,1.3,0,0,2,12,3
16,0,16,17.5,0,0,0,13,5
5,2,5,17.3,0,0,4,6,3
22,1,22,6.7,0,0,23,41,15
18,6,18,25.2,0,0,0,44,5
14,1,14,19.8,0,0,4,8,3
20,5,20,24.7,0,1,2,3,2
0,1,0,15.1,0,0,0,6,9
5,1,5,6.5,0,0,4,5,3
7,0,7,13.6,0,0,17,0,7
13,2,13,13.6,0,0,0,61,8
12,0,12,8.9,0,0,2,33,3
18,5,18,15.2,1,0,0,11,8
6,2,6,3.2,0,0,0,8,8
18,3,18,9.9,0,0,4,5,3
5,0,5,4.1,0,0,4,21,5
12,1,12,9.4,1,2,0,36,8
5,3,5,12.5,0,0,0,4,5
23,2,23,9.7,0,0,0,22,14
23,3,23,20.9,0,0,0,20,14
16,4,16,31.0,0,0,16,10,8
23,0,23,9.5,0,0,0,22,0
15,2,15,28.7,0,0,0,8,5
16,2,16,11.3,0,0,2,11,2
4,2,4,10.7,0,0,2,11,2
13,1,13,19.3,0,0,2,36,3
5,2,5,8.1,0,0,2,3,3
11,3,11,18.3,0,0,0,0,0
23,5,23,11.5,0,0,11,23,14
12,3,12,11.6,0,0,0,8,8
20,2,20,18.0,0,0,20,0,7
9,6,9,9.6,0,0,2,13,3
5,0,5,13.8,0,0,6,9,5
6,6,6,10.6,0,0,0,52,5
17,6,17,29.1,0,0,4,54,2
5,3,5,2.6,0,0,0,7,8
7,2,7,4.5,0,0,0,3,5
5,2,5,8.3,0,0,2,3,3
13,3,13,28.1,0,0,0,5,8
20,4,20,13.7,0,0,0,36,5
16,5,16,36.0,0,0,2,11,5
5,3,5,15.2,0,0,6,9,5
12,5,12,11.9,0,0,9,0,18
5,1,5,11.0,0,0,0,7,8
20,3,20,9.4,0,0,4,5,5
13,1,13,19.3,0,0,4,11,2
11,1,11,19.4,0,1,0,13,5
19,4,19,9.9,0,0,16,21,8
4,4,4,11.2,0,0,0,27,5
15,0,15,16.6,0,0,24,33,23
5,6,5,12.1,0,0,1,2,6
2,6,2,13.5,0,0,16,21,8
13,3,13,22.2,0,0,0,32,5
16,6,16,14.9,0,0,0,15,8
12,4,12,25.3,0,0,0,11,8
13,5,13,25.9,0,0,0,61,5
4,1,4,5.1,0,0,0,7,5
10,0,10,12.7,0,0,0,21,14
19,2,19,10.4,0,0,0,36,8
4,0,4,4.5,0,0,1,2,6
1,3,1,16.5,0,0,0,1,0
6,3,6,8.6,0,0,2,12,3
15,1,15,11.5,0,0,4,3,2
7,0,7,9.9,0,0,0,5,5
15,4,15,27.6,0,0,0,16,5
14,2,14,13.6,0,0,4,5,3
23,3,23,12.3,0,0,0,43,14
23,0,23,14.5,0,0,13,19,13
19,5,19,14.8,0,0,0,25,8
5,3,5,3.9,0,0,2,9,2
6,3,6,12.2,0,0,16,21,5
15,5,15,26.6,0,0,0,11,8
11,1,11,17.5,0,0,0,25,8
13,6,13,15.8,0,0,6,9,5
7,3,7,7.2,0,0,4,7,3
12,0,12,20.4,0,0,2,44,2
16,5,16,28.5,0,0,2,7,3
21,2,21,12.6,0,0,13,19,13
10,0,10,11.1,0,0,2,45,3
21,3,21,12.3,0,0,0,3,8
9,4,9,5.7,0,0,10,7,17
9,5,9,13.8,0,0,0,16,8
23,6,23,7.4,0,0,0,43,14
8,2,8,5.3,0,0,2,16,3
8,6,8,1.4,0,0,0,44,5
18,5,18,28.5,0,0,0,3,8
16,2,16,22.0,0,0,4,3,5
18,4,18,19.9,0,0,2,44,2
1,4,1,13.1,0,0,0,6,14
13,6,13,18.3,0,0,2,110,3
5,5,5,16.7,0,0,2,11,5
11,4,11,13.7,0,0,2,16,2
20,2,20,8.8,0,0,0,5,8
4,2,4,4.8,0,0,0,7,8
15,4,15,17.1,0,0,4,11,5
18,2,18,19.6,0,0,0,32,5
7,5,7,9.6,1,2,26,49,13
11,6,11,24.7,0,0,0,3,8
12,0,12,22.0,0,0,0,44,8
21,3,21,15.9,0,0,0,4,8
15,2,15,24.6,0,0,0,16,8
9,6,9,7.6,0,0,0,32,5
14,2,14,15.7,0,0,15,6,3
22,3,22,11.4,0,0,11,0,14
9,4,9,22.4,0,0,2,30,3
7,4,7,14.3,0,0,0,13,5
23,6,23,7.3,0,0,0,0,0
16,6,16,21.3,0,0,0,7,5
16,1,16,19.8,0,0,0,12,8
3,3,3,4.4,0,0,10,5,17
12,5,12,24.2,0,0,21,26,7
22,5,22,10.7,0,0,23,41,15
1,2,1,15.5,0,0,1,2,6
10,3,10,9.0,0,0,0,8,8
8,4,8,13.5,0,0,0,9,8
10,0,10,14.2,0,0,2,34,2
16,0,16,20.0,0,0,2,44,3
4,1,4,10.5,0,0,0,16,5
3,3,3,18.2,0,0,2,6,3
14,6,14,22.9,0,1,18,32,6
14,4,14,30.5,0,0,2,45,3
8,1,8,6.3,0,0,2,16,3
5,4,5,15.8,0,0,4,6,3
13,4,13,14.1,0,0,0,13,8
10,2,10,20.6,0,0,0,8,5
1,1,1,9.0,0,0,1,2,6
20,2,20,5.3,0,0,6,9,5
17,2,17,26.0,0,0,4,38,3
16,5,16,31.5,0,0,0,17,0
6,2,6,12.7,0,0,0,8,5
6,2,6,13.2,0,0,4,12,2
1,6,1,16.6,0,0,0,6,9
4,6,4,15.7,0,0,2,3,3
12,2,12,14.1,0,0,0,13,8
17,0,17,13.7,0,0,9,0,18
11,2,11,15.4,0,0,0,29,8
15,1,15,15.0,0,0,2,7,2
14,4,14,18.3,0,0,0,9,8
5,1,5,11.0,0,0,0,11,5
14,6,14,29.7,0,1,7,0,7
17,4,17,26.4,0,0,0,17,0
5,4,5,6.8,0,0,80,26,7
6,3,6,9.8,0,0,22,56,4
13,4,13,16.0,0,0,2,5,2
1,5,1,13.8,0,0,15,6,3
22,5,22,19.8,0,0,23,41,15
9,6,9,18.6,0,0,18,32,6
21,4,21,8.5,0,0,0,3,8
13,0,13,17.8,0,0,2,21,3
19,5,19,8.0,0,0,16,21,8
0,0,0,15.5,0,0,15,6,3
9,5,9,5.7,0,0,0,53,0
6,5,6,1.9,0,0,24,47,23
14,4,14,27.6,0,0,0,30,5
21,4,21,14.1,0,0,6,9,5
6,6,6,12.1,0,0,4,21,2
8,6,8,5.2,0,0,0,54,8
6,2,6,14.0,0,0,0,12,8
15,2,15,25.2,0,0,0,9,8
17,1,17,31.8,0,0,4,38,2
20,5,20,30.8,0,0,2,7,3
10,3,10,9.2,0,0,9,0,10
15,2,15,10.6,0,0,6,9,7
13,1,13,11.8,0,0,0,13,8
12,0,12,28.1,0,1,0,5,5
16,2,16,26.0,0,0,19,16,38
1,3,1,18.9,0,0,0,1,0
8,2,8,12.3,0,0,0,5,8
12,2,12,24.2,0,0,21,26,7
14,0,14,27.4,0,0,0,29,8
8,4,8,15.1,0,1,8,6,9
15,6,15,11.2,0,0,0,8,8
2,2,2,5.9,0,0,1,2,1
22,6,22,23.7,0,0,0,25,5
1,3,1,12.3,0,0,0,1,0
20,3,20,10.1,0,0,4,7,2
1,5,1,10.2,0,0,14,17,13
8,0,8,17.5,0,0,0,9,9
5,2,5,8.5,0,0,0,36,8
13,4,13,17.9,0,0,0,44,5
21,5,21,11.9,0,0,13,19,13
22,1,22,10.1,0,0,23,41,15
10,1,10,11.6,0,0,10,100,28
10,5,10,8.7,0,0,0,21,14
7,2,7,13.1,0,0,0,30,5
22,4,22,9.3,0,0,23,41,15
17,5,17,14.9,0,0,2,58,3
12,1,12,11.5,0,0,0,30,5
18,5,18,28.1,0,0,0,7,8
13,5,13,20.0,0,0,2,45,3
0,1,0,18.1,0,0,11,23,14
14,1,14,24.9,0,0,7,26,7
23,1,23,13.6,0,0,0,20,14
14,1,14,18.5,0,0,2,8,3
13,1,13,11.2,0,0,4,11,2
5,1,5,19.6,0,0,1,2,6
5,6,5,7.0,0,0,4,10,2
17,6,17,20.5,0,0,2,33,2
7,4,7,7.0,0,0,8,0,9
1,0,1,10.7,0,0,0,37,0
23,6,23,18.6,0,0,35,43,0
9,3,9,13.1,0,0,9,26,18
16,5,16,25.6,0,0,0,13,8
16,6,16,18.1,0,0,2,9,2
0,0,0,10.5,0,0,0,43,0
11,4,11,15.9,0,0,0,7,5
5,4,5,5.1,0,0,0,4,5
23,3,23,9.7,0,0,0,20,0
20,4,20,22.9,0,1,2,5,3
13,0,13,11.1,0,0,2,36,3
11,4,11,12.5,0,0,14,17,13
15,1,15,13.7,0,0,0,13,8
20,6,20,19.9,0,0,4,5,2
15,1,15,12.3,0,0,28,55,0
8,2,8,11.5,0,1,0,5,5
15,2,15,22.8,0,0,59,94,33
18,1,18,18.8,0,0,2,33,3
6,3,6,3.5,0,0,0,8,8
12,6,12,21.2,0,0,16,21,8
13,6,13,21.8,0,0,0,13,8
17,6,17,16.8,0,1,0,54,5
9,5,9,16.3,0,1,6,9,5
19,5,19,11.0,0,0,2,54,3
5,4,5,16.9,0,0,2,7,3
12,0,12,20.5,0,0,2,5,2
22,1,22,17.7,0,0,11,0,12
8,3,8,5.9,0,0,0,10,5
4,1,4,19.5,0,0,2,3,3
10,5,10,23.1,0,0,0,12,8
4,6,4,7.0,0,0,0,5,8
6,1,6,11.1,0,0,4,5,2
7,4,7,6.7,0,0,4,32,5
4,0,4,11.2,0,0,2,5,3
8,1,8,9.9,0,0,0,7,8
13,0,13,15.9,0,0,4,7,3
22,3,22,9.9,0,0,2,21,3
17,2,17,10.8,0,0,0,33,8
23,5,23,7.7,0,0,2,21,3
11,0,11,23.7,0,0,0,45,5
12,1,12,12.2,0,0,44,48,58
14,6,14,18.4,0,0,16,21,8
11,2,11,16.1,0,0,0,21,0
8,5,8,12.3,0,0,0,32,5
15,0,15,14.6,0,0,4,54,5
7,0,7,8.6,0,0,0,5,5
18,2,18,10.2,0,0,16,21,5
14,4,14,16.1,0,0,4,21,2
4,0,4,17.7,0,0,16,21,2
5,4,5,13.4,0,0,4,7,5
11,0,11,27.1,0,0,13,19,54
11,3,11,26.9,0,0,0,34,5
11,3,11,7.7,0,0,2,33,2
14,0,14,8.0,0,0,0,9,8
11,4,11,25.3,0,0,45,58,6
17,6,17,14.6,0,0,7,36,7
4,2,4,12.1,0,0,0,5,8
0,1,0,7.4,0,0,15,6,3
15,1,15,25.1,0,0,2,7,3
13,6,13,19.8,0,0,88,50,86
1,1,1,11.9,0,0,1,2,6
1,3,1,10.1,0,0,15,6,3
19,2,19,5.8,0,0,4,7,5
7,5,7,8.4,0,0,0,13,8
10,6,10,9.4,0,0,10,5,17
11,3,11,23.0,0,0,0,54,5
12,5,12,15.6,0,0,0,16,8
3,6,3,20.2,0,0,9,0,18
13,1,13,29.3,0,0,27,36,0
16,5,16,19.0,0,0,2,3,3
11,1,11,11.9,0,0,4,8,3
11,2,11,15.4,0,0,0,8,8
13,1,13,25.3,0,0,0,44,8
20,3,20,13.3,0,0,2,9,3
20,1,20,19.5,0,0,0,36,8
23,6,23,9.3,0,0,0,20,14
12,1,12,23.7,0,0,1,2,1
18,3,18,31.1,0,0,4,5,3
7,1,7,5.6,0,0,0,5,8
5,2,5,1.8,0,0,4,12,2
0,6,0,6.5,0,0,9,0,10
5,0,5,9.2,0,0,0,5,5
19,6,19,22.3,0,0,7,36,7
5,6,5,10.8,0,0,1,2,6
11,6,11,25.3,0,0,0,0,14
7,6,7,1.3,0,0,2,5,3
3,5,3,14.7,0,0,1,2,1
18,0,18,12.4,0,0,2,12,2
5,3,5,4.5,0,0,0,4,8
12,3,12,29.0,0,0,0,15,5
12,1,12,10.8,0,0,26,49,13
3,6,3,19.6,0,0,2,6,3
5,3,5,9.8,0,0,2,8,3
17,4,17,12.3,0,0,16,11,5
19,5,19,19.9,0,0,0,25,5
9,1,9,10.0,0,0,9,0,18
1,5,1,6.5,1,2,0,78,8
8,0,8,21.4,0,0,19,5,64
23,1,23,6.9,0,0,0,20,14
7,4,7,5.9,0,0,0,44,8
16,5,16,30.1,0,0,6,93,5
21,0,21,18.6,0,1,40,0,10
9,1,9,5.8,0,0,17,0,7
7,5,7,1.7,0,0,0,4,8
5,2,5,12.2,0,0,4,5,3
17,1,17,23.5,0,0,0,8,8
15,2,15,19.4,0,0,0,3,5
16,3,16,16.4,0,0,0,78,5
9,4,9,17.1,0,1,0,25,5
6,0,6,4.1,0,0,4,32,3
6,1,6,13.2,0,0,7,21,7
23,6,23,10.4,0,0,4,5,3
5,5,5,17.3,0,0,0,11,5
15,3,15,24.1,1,0,10,5,17
19,2,19,13.4,0,0,16,21,8
12,5,12,14.9,0,0,0,3,5
13,5,13,16.4,0,0,0,54,8
19,1,19,12.0,0,0,2,4,3
5,2,5,9.3,0,0,6,9,5
5,5,5,5.1,0,0,2,9,2
17,5,17,20.6,0,0,0,44,5
6,4,6,13.3,0,0,2,32,3
11,5,11,15.7,0,0,0,30,5
4,1,4,7.9,0,0,0,7,5
10,1,10,11.9,0,0,10,48,16
18,4,18,25.8,0,0,4,5,2
4,0,4,15.1,0,0,0,3,5
21,0,21,20.0,1,0,0,16,5
9,3,9,12.0,0,0,0,9,5
13,0,13,14.9,0,0,4,16,2
16,5,16,15.1,0,0,4,16,2
18,2,18,19.8,0,0,0,45,5
17,1,17,23.4,0,0,16,11,2
9,1,9,18.8,0,0,6,9,5
18,1,18,29.2,0,0,6,9,0
13,1,13,19.4,0,0,2,36,3
12,0,12,27.3,0,0,0,3,5
6,4,6,13.3,0,0,0,21,5
7,4,7,1.6,0,0,0,33,5
19,6,19,11.7,0,0,2,4,2
8,1,8,8.9,0,0,2,16,2
14,3,14,18.4,0,0,0,9,5
4,0,4,13.9,0,0,5,9,4
19,3,19,23.8,0,0,2,33,3
22,1,22,8.3,0,0,14,17,13
8,5,8,7.2,0,0,4,54,3
23,6,23,14.5,1,0,0,17,14
11,1,11,24.1,1,2,55,48,52
1,0,1,16.4,0,0,0,1,0
7,6,7,20.4,0,0,0,13,8
15,2,15,11.9,0,0,16,10,5
19,1,19,18.1,0,1,2,44,3
9,5,9,6.3,0,0,4,44,2
4,4,4,11.7,0,0,0,9,5
4,1,4,15.6,0,0,0,3,8
19,6,19,10.9,0,0,2,33,2
6,5,6,15.7,0,0,4,32,3
16,1,16,11.9,0,0,4,7,5
22,4,22,8.3,0,0,18,36,6
11,2,11,21.9,0,1,0,3,8
12,5,12,22.0,0,0,16,21,8
8,0,8,3.8,0,0,2,8,3
5,1,5,9.1,0,0,0,36,8
4,1,4,1.4,0,0,7,26,7
6,0,6,2.6,0,0,0,5,8
1,0,1,16.1,0,0,15,6,3
4,3,4,16.6,0,0,0,3,5
13,1,13,20.8,0,0,33,62,0
13,4,13,21.1,0,0,0,7,8
22,6,22,7.8,0,0,18,32,6
11,2,11,15.2,0,0,0,7,8
12,1,12,24.2,0,0,4,63,3
18,6,18,13.1,0,0,4,32,5
10,0,10,21.2,0,1,0,3,8
5,0,5,14.2,0,0,0,5,5
17,1,17,13.7,0,0,0,7,5
18,6,18,10.3,0,0,4,32,5
12,0,12,8.6,0,0,0,32,5
14,0,14,17.4,0,0,2,44,3
16,1,16,19.6,0,0,0,16,8
16,3,16,28.8,0,0,0,36,8
5,4,5,5.0,0,0,16,21,2
14,2,14,11.5,0,0,0,44,8
6,4,6,11.5,0,0,2,7,3
12,3,12,13.7,0,0,0,13,8
4,4,4,2.1,0,0,0,7,8
1,3,1,18.3,0,0,23,41,15
11,1,11,25.9,0,0,0,7,8
18,1,18,23.3,0,0,4,7,3
7,1,7,11.7,0,0,2,42,3
6,3,6,0.5,0,0,0,8,8
11,4,11,25.0,0,0,0,33,8
15,5,15,19.8,0,0,16,10,5
11,6,11,9.8,0,0,0,5,8
23,3,23,9.9,1,2,4,21,2
21,0,21,22.1,0,1,0,36,5
10,0,10,10.6,0,0,0,13,5
5,4,5,4.3,0,0,3,26,4
17,6,17,12.7,0,0,2,12,2
3,4,3,15.1,0,0,16,21,2
10,0,10,9.3,0,0,0,45,5
8,6,8,9.6,0,0,0,5,5
2,1,2,9.3,0,0,15,14,3
10,0,10,20.0,0,0,2,45,3
15,5,15,31.5,0,0,16,21,8
15,6,15,24.3,0,0,2,33,3
6,4,6,2.5,0,0,4,21,5
11,5,11,10.1,0,0,0,16,5
23,2,23,8.9,0,0,0,22,0
15,6,15,21.0,0,0,2,44,3
4,3,4,7.7,0,0,2,11,2
12,4,12,14.8,0,0,26,49,13
17,6,17,29.3,0,0,10,79,17
0,1,0,9.8,0,0,0,43,14
23,3,23,8.9,0,0,2,21,3
5,3,5,15.5,0,0,4,8,3
17,5,17,18.4,0,0,0,11,8
17,5,17,27.6,0,0,0,21,0
19,5,19,8.2,0,0,16,21,8
11,3,11,9.4,0,0,1,2,1
16,6,16,25.9,0,0,0,8,5
11,4,11,9.0,0,0,0,0,0
5,4,5,12.3,0,0,16,124,3
5,6,5,18.8,0,0,2,11,5
12,3,12,21.9,0,1,26,49,13
8,0,8,14.0,0,1,9,0,18
7,1,7,11.0,0,0,0,8,8
4,3,4,8.5,0,0,0,11,5
21,6,21,10.3,0,0,2,9,2
8,4,8,7.6,0,0,0,13,8
4,1,4,5.6,0,0,0,25,8
18,3,18,13.1,0,0,0,13,8
13,5,13,24.9,0,0,2,36,3
8,3,8,3.6,0,0,10,30,11
6,2,6,2.9,0,0,4,5,3
6,1,6,11.1,0,0,2,5,3
6,0,6,16.3,0,0,6,9,5
17,0,17,27.2,0,0,0,33,8
5,4,5,18.2,0,0,4,12,4
5,0,5,7.4,0,0,4,7,3
11,1,11,13.6,0,0,2,16,2
0,0,0,8.5,0,0,0,6,14
23,3,23,8.6,0,0,0,0,0
0,2,0,8.9,0,0,1,2,6
19,0,19,15.7,0,0,0,44,8
17,1,17,13.1,0,0,2,12,2
20,3,20,18.1,0,0,2,21,3
5,6,5,14.3,0,0,0,16,5
4,2,4,17.5,0,0,2,7,3
12,3,12,13.9,0,0,0,13,5
7,3,7,3.9,0,0,0,36,8
17,2,17,33.1,0,0,10,80,17
8,1,8,2.5,0,0,0,5,5
15,5,15,21.9,0,0,0,16,8
18,4,18,27.0,0,1,0,3,5
23,2,23,9.7,0,0,2,4,3
9,2,9,9.6,0,0,0,44,5
11,6,11,10.1,0,0,0,8,8
5,0,5,13.6,0,0,2,5,3
2,0,2,1.8,0,0,1,2,1
1,3,1,16.6,0,0,0,25,8
14,3,14,9.5,1,2,2,11,2
15,4,15,18.3,0,0,7,0,7
8,1,8,18.7,0,1,0,10,5
17,4,17,30.7,0,0,0,21,0
5,3,5,8.4,0,0,2,3,3
4,1,4,12.9,0,0,2,3,2
0,6,0,17.1,0,0,7,36,7
11,0,11,13.0,0,0,0,5,8
13,0,13,9.6,0,0,4,5,2
15,6,15,25.3,0,0,2,45,3
15,6,15,29.0,0,0,15,6,3
23,3,23,8.3,0,0,7,0,7
12,1,12,16.0,1,0,10,48,55
17,3,17,11.7,0,0,2,44,2
14,5,14,29.3,0,0,0,9,5
10,4,10,14.9,0,0,0,33,8
5,4,5,11.7,0,0,4,11,3
1,6,1,7.6,0,0,0,21,8
6,3,6,8.9,0,0,0,52,5
11,4,11,14.4,0,0,2,34,3
5,4,5,11.6,0,0,0,36,5
1,1,1,14.0,0,0,0,20,14
13,6,13,24.6,0,0,2,36,3
4,0,4,11.0,0,0,0,3,5
6,4,6,5.8,0,0,4,32,5
17,0,17,21.1,0,0,2,12,2
5,4,5,17.1,0,0,2,11,2
1,0,1,12.9,0,0,23,41,15
4,0,4,15.6,0,0,2,5,3
13,3,13,11.5,0,0,2,36,2
12,1,12,15.0,0,0,0,7,8
5,4,5,13.6,0,0,0,7,5
19,4,19,14.1,0,0,0,25,5
16,2,16,22.1,0,0,0,44,5
1,2,1,5.2,0,0,1,2,6
4,6,4,15.8,0,0,0,16,5
12,5,12,13.6,0,0,0,16,8
1,0,1,17.3,0,0,1,2,6
15,1,15,17.7,0,0,2,44,2
10,1,10,21.2,0,0,0,0,0
4,3,4,12.9,0,0,8,6,9
2,5,2,3.7,0,0,1,2,1
4,5,4,4.5,0,0,0,4,8
5,5,5,15.5,0,0,0,11,8
16,6,16,20.2,0,0,0,6,0
16,0,16,16.8,0,0,4,7,5
19,6,19,13.9,0,0,0,33,5
5,1,5,4.7,0,0,4,21,2
16,6,16,20.5,0,0,4,54,5
23,5,23,15.1,0,0,35,43,0
13,4,13,15.6,0,0,0,9,5
13,0,13,27.1,0,0,14,17,13
5,3,5,8.0,0,0,2,8,3
8,0,8,3.9,0,0,2,8,3
12,3,12,13.6,0,0,1,2,1
17,3,17,27.6,0,0,0,9,0
12,3,12,11.1,0,0,0,32,5
15,3,15,9.9,0,0,24,47,22
3,2,3,10.6,0,0,1,2,1
20,4,20,20.4,0,0,45,58,6
10,1,10,12.7,0,0,0,8,5
15,0,15,8.1,0,0,15,6,3
17,5,17,17.6,0,0,0,13,5
15,5,15,25.7,0,0,16,21,8
23,4,23,5.1,0,0,2,21,3
14,2,14,31.7,0,1,0,9,5
16,0,16,11.7,0,0,2,34,3
4,2,4,10.0,0,0,0,3,5
21,3,21,7.1,0,0,2,9,3
7,3,7,15.2,0,0,0,7,8
6,5,6,15.5,0,0,0,8,8
0,3,0,16.0,0,0,0,6,14
23,0,23,13.6,0,0,10,99,31
5,4,5,13.6,0,0,4,8,3
19,4,19,15.0,0,0,0,17,0
4,3,4,11.2,1,2,16,21,8
8,3,8,8.2,0,0,18,32,20
12,2,12,24.6,0,0,2,30,3
19,1,19,26.2,0,0,16,21,2
4,4,4,4.4,0,0,2,4,2
4,2,4,9.2,0,0,7,0,7
16,5,16,32.2,0,1,29,26,10
22,6,22,11.5,0,0,6,9,5
16,0,16,26.8,0,1,6,9,7
22,1,22,5.8,0,0,18,32,6
20,3,20,18.8,0,0,2,7,3
18,2,18,25.8,0,0,6,9,0
5,0,5,12.0,0,0,4,5,2
5,0,5,8.6,0,0,0,25,5
5,4,5,9.6,0,0,2,119,3
14,6,14,11.4,0,0,16,110,5
12,4,12,12.0,0,0,0,32,5
8,5,8,9.6,0,0,2,33,3
16,4,16,26.1,0,0,16,21,8
6,1,6,10.8,0,0,4,6,3
16,1,16,18.2,0,0,2,13,3
11,3,11,9.2,0,0,2,42,2
20,0,20,24.3,0,0,2,21,3
9,2,9,7.6,0,0,2,33,3
16,0,16,19.5,0,0,10,86,31
7,2,7,10.6,0,0,4,3,2
6,3,6,8.6,0,0,80,26,7
4,3,4,10.0,0,0,0,11,8
2,1,2,10.1,0,0,1,2,1
6,1,6,6.4,0,0,2,7,2
1,1,1,14.9,0,0,23,41,15
14,5,14,16.0,0,0,0,9,8
0,1,0,18.6,0,0,23,41,15
10,5,10,24.1,0,0,0,29,8
15,3,15,29.0,0,0,16,21,8
17,3,17,13.1,0,0,6,9,0
7,0,7,9.5,0,0,0,7,5
2,4,2,14.8,0,0,9,36,10
5,6,5,11.7,0,0,2,4,3
18,5,18,10.8,0,0,4,32,5
8,2,8,11.1,0,0,0,33,8
15,2,15,24.9,0,0,0,9,8
8,3,8,8.7,0,0,0,11,8
22,6,22,8.2,0,0,0,25,5
0,4,0,14.3,0,0,14,17,13
9,3,9,17.9,0,0,53,48,53
18,5,18,24.3,0,0,6,9,0
11,5,11,25.2,0,0,0,34,8
8,0,8,10.5,0,0,6,9,5
19,6,19,18.5,0,0,0,21,8
10,5,10,9.8,0,0,0,21,14
10,0,10,15.1,0,0,0,21,14
10,4,10,13.4,0,0,0,0,0
10,4,10,16.0,0,0,0,7,8
23,4,23,9.0,0,0,2,21,3
11,2,11,22.7,0,0,0,5,8
5,6,5,5.6,0,0,2,9,2
12,1,12,9.0,0,0,0,8,5
10,3,10,9.0,0,0,0,25,8
15,0,15,22.2,0,0,0,21,8
16,1,16,16.5,0,0,0,9,0
15,3,15,26.1,0,1,0,13,5
7,0,7,12.1,0,0,6,9,5
12,1,12,9.3,0,0,0,3,8
0,3,0,10.8,0,0,2,21,3
1,3,1,13.0,0,0,4,8,3
14,4,14,11.8,0,0,6,93,5
11,2,11,22.4,0,0,0,42,5
0,0,0,10.4,0,0,7,26,7
9,2,9,11.5,0,0,0,54,5
18,3,18,10.9,0,0,4,5,2
19,0,19,12.0,0,0,2,32,3
14,4,14,12.5,0,0,2,45,3
6,1,6,13.1,0,0,0,7,8
8,5,8,15.9,0,0,0,13,8
4,0,4,10.0,0,0,20,0,7
20,6,20,9.6,0,0,0,4,8
6,0,6,6.0,0,0,4,7,3
18,1,18,4.1,0,0,0,5,8
14,1,14,20.2,0,0,4,8,3
18,2,18,26.4,0,0,4,7,2
4,3,4,7.7,0,0,6,9,5
2,3,2,2.8,0,0,1,2,1
10,3,10,17.9,0,0,0,13,8
5,0,5,9.9,0,0,1,2,6
6,6,6,7.0,0,0,6,9,5
13,0,13,15.5,0,0,14,17,13
0,4,0,19.3,0,0,0,22,14
3,0,3,4.3,0,0,5,9,4
21,5,21,21.5,0,0,0,17,0
19,1,19,25.9,0,0,16,21,2
5,4,5,5.0,0,0,0,5,8
0,6,0,19.9,0,0,0,0,0
7,5,7,3.8,0,0,0,36,8
17,3,17,12.9,0,0,2,12,2
3,2,3,15.2,0,0,21,36,7
20,1,20,8.8,0,0,6,9,5
6,0,6,11.5,0,0,10,28,16
0,3,0,16.8,0,0,0,1,0
15,3,15,17.2,0,0,2,3,3
0,2,0,15.7,0,0,11,23,14
18,6,18,11.5,0,0,2,4,3
11,5,11,16.1,0,0,0,7,8
22,3,22,14.0,0,0,0,36,8
13,5,13,25.2,0,0,0,61,5
15,1,15,17.5,0,0,4,5,3
6,2,6,9.5,0,0,0,7,8
4,3,4,16.1,0,0,2,7,2
20,6,20,18.4,0,0,0,17,0
23,4,23,7.2,0,0,0,25,5
17,6,17,16.5,0,0,0,33,8
19,3,19,10.1,0,0,2,54,3
1,5,1,15.6,0,0,14,17,13
17,1,17,15.8,0,0,0,13,5
7,1,7,5.6,0,0,0,29,8
19,4,19,7.3,0,0,2,3,3
8,4,8,13.5,0,0,4,8,5
15,6,15,14.6,0,0,0,7,8
17,5,17,12.3,0,0,6,9,0
5,6,5,13.4,0,0,4,12,3
13,3,13,16.8,0,0,2,5,2
6,0,6,3.7,0,0,2,7,3
10,6,10,8.9,0,0,0,3,8
6,1,6,9.9,0,0,0,7,5
16,0,16,22.4,0,0,0,32,5
10,3,10,11.5,0,0,2,16,2
23,6,23,9.3,0,0,0,22,0
5,4,5,11.7,0,0,0,27,5
15,3,15,24.4,0,0,2,13,3
8,5,8,8.5,0,0,0,7,8
14,6,14,14.9,0,0,4,54,5
4,1,4,13.4,0,0,0,7,5
1,6,1,22.0,0,0,14,17,13
14,1,14,26.9,0,0,0,29,8
5,6,5,13.5,0,0,0,32,5
7,5,7,6.7,0,0,6,9,5
6,6,6,18.0,0,0,4,11,5
8,3,8,10.3,0,0,0,54,5
15,2,15,28.4,0,0,0,11,8
18,1,18,27.3,0,0,9,0,18
9,6,9,12.2,0,0,0,21,8
17,5,17,24.2,0,0,6,9,0
4,6,4,15.8,0,0,0,25,8
4,1,4,4.8,0,0,0,3,8
13,3,13,13.7,0,0,18,32,6
9,4,9,6.2,0,0,2,16,3
3,4,3,18.8,0,0,1,2,1
21,4,21,7.8,0,0,11,0,14
22,1,22,5.7,0,0,14,17,13
19,6,19,10.9,0,0,4,8,3
5,6,5,15.0,0,0,4,5,3
19,3,19,8.8,1,2,4,16,2
11,6,11,15.1,0,0,2,34,2
14,6,14,14.7,0,0,4,11,2
23,1,23,19.7,0,0,0,0,14
12,0,12,11.0,0,0,26,49,13
16,5,16,36.0,0,0,4,12,2
4,4,4,3.8,0,0,1,2,6
16,4,16,20.2,0,0,0,15,8
1,4,1,16.0,0,0,0,37,0
22,0,22,10.1,0,0,23,41,15
7,4,7,11.2,0,0,0,8,8
4,3,4,15.5,0,0,0,16,5
14,5,14,15.7,1,0,6,9,0
21,5,21,6.7,0,0,14,24,9
11,6,11,11.2,0,0,2,16,2
16,3,16,28.6,0,0,10,96,21
5,3,5,15.9,0,0,2,7,2
1,3,1,10.3,0,0,8,0,9
19,0,19,27.5,0,0,9,0,18
2,3,2,6.3,0,0,1,2,1
7,4,7,7.7,0,0,0,13,5
12,5,12,26.4,0,0,0,3,8
6,6,6,10.1,0,0,2,9,2
7,0,7,9.9,0,0,16,21,2
7,3,7,11.9,0,0,7,21,7
16,6,16,18.1,0,0,0,7,5
23,2,23,4.3,0,0,0,0,0
5,3,5,8.5,0,0,2,5,3
15,6,15,11.0,0,0,4,32,5
17,2,17,28.4,0,0,0,7,8
17,5,17,12.0,0,0,0,11,8
23,6,23,12.5,0,0,0,20,14
12,5,12,26.8,0,0,4,32,3
7,2,7,7.8,0,0,0,9,14
2,4,2,13.0,0,0,8,0,9
21,4,21,7.9,0,0,8,14,9
6,2,6,8.7,0,0,4,32,3
11,6,11,10.3,0,0,2,34,2
12,5,12,14.9,0,0,2,5,3
17,1,17,14.0,0,0,2,8,3
17,3,17,26.9,0,0,0,11,8
7,5,7,8.6,1,2,27,36,0
10,2,10,20.2,1,0,19,48,17
14,3,14,12.1,0,0,4,16,3
17,6,17,14.7,0,0,4,7,5
16,0,16,33.4,1,0,19,48,11
23,3,23,18.9,0,1,18,32,6
18,1,18,7.8,0,0,16,11,2
6,4,6,8.2,0,0,2,7,3
9,0,9,21.2,0,0,0,43,14
6,3,6,0.8,0,0,0,8,8
15,5,15,26.5,0,0,0,78,8
13,0,13,19.6,0,0,0,44,8
5,1,5,12.2,0,0,1,2,6
3,3,3,11.6,1,2,0,3,8
16,0,16,17.8,0,0,0,6,14
6,5,6,7.5,0,0,4,5,2
12,4,12,14.7,0,0,0,7,8
14,3,14,13.8,0,0,0,5,8
7,0,7,14.6,0,0,0,5,8
10,2,10,13.8,0,0,2,16,2
12,5,12,11.0,0,0,4,13,2
22,1,22,15.0,0,0,4,8,3
10,3,10,9.4,0,0,0,13,8
19,4,19,20.4,0,0,4,7,2
4,4,4,12.4,0,0,0,16,8
10,4,10,9.7,0,0,0,32,5
14,6,14,10.8,0,0,18,54,20
22,2,22,10.9,0,0,23,41,5
12,1,12,15.2,0,0,0,13,8
12,6,12,13.9,0,0,26,49,13
5,1,5,8.1,0,0,0,25,5
6,0,6,9.6,0,0,2,11,2
4,4,4,7.5,0,0,3,26,4
13,5,13,15.5,0,0,2,44,3
9,3,9,15.8,0,1,0,42,5
21,6,21,11.5,0,0,0,17,0
13,1,13,17.6,0,0,0,9,5
5,4,5,2.1,0,0,4,12,2
7,4,7,12.0,0,0,0,8,8
5,4,5,2.1,0,0,2,5,3
6,1,6,9.8,0,0,4,7,5
23,4,23,7.8,0,0,0,22,0
12,5,12,24.3,1,0,0,54,8
23,1,23,13.8,0,0,0,25,5
6,0,6,6.6,0,0,24,28,30
2,2,2,15.0,0,0,1,2,6
16,6,16,21.5,0,0,0,17,0
14,1,14,11.4,1,2,15,6,3
8,4,8,10.2,0,0,4,7,5
14,3,14,14.9,0,0,24,47,22
11,5,11,10.2,0,0,16,21,8
12,5,12,13.5,0,0,4,44,2
14,6,14,21.4,0,0,4,36,3
20,4,20,10.3,0,0,2,3,3
9,4,9,9.6,0,0,0,8,5
22,0,22,16.1,0,0,16,21,8
10,2,10,7.2,0,0,27,36,0
9,5,9,15.6,0,0,0,32,8
6,2,6,4.0,0,0,0,30,5
2,0,2,14.5,0,0,0,1,0
16,0,16,12.0,0,0,6,9,0
15,0,15,28.0,0,0,10,7,17
16,5,16,17.8,0,0,4,44,3
23,0,23,9.6,0,0,0,43,14
18,5,18,29.4,0,0,0,44,8
15,3,15,27.8,0,0,0,44,5
5,1,5,8.9,0,0,4,32,5
20,4,20,10.6,0,0,2,5,3
6,3,6,0.6,0,0,0,3,8
7,0,7,10.4,0,0,2,16,2
19,2,19,18.1,0,0,0,8,8
10,2,10,6.1,0,0,0,21,14
7,6,7,6.4,0,0,4,13,5
23,3,23,21.8,0,0,0,0,14
17,1,17,11.6,0,0,4,3,2
10,2,10,7.6,0,0,0,8,8
4,5,4,10.3,0,0,6,9,5
10,2,10,17.3,0,0,0,42,5
21,6,21,9.3,0,0,4,8,3
23,5,23,3.8,0,0,0,0,0
6,0,6,9.6,0,0,10,28,34
5,1,5,8.6,0,0,2,9,3
19,2,19,21.3,0,0,10,5,17
0,2,0,13.6,0,0,0,6,9
10,4,10,7.1,0,0,2,30,3
15,3,15,28.0,0,0,24,47,23
13,4,13,14.3,0,0,2,36,3
13,4,13,15.5,0,0,19,35,19
7,1,7,17.0,0,0,0,8,5
15,4,15,18.7,0,0,16,21,8
17,6,17,26.5,0,0,4,38,2
20,6,20,13.0,0,0,13,19,13
8,0,8,18.1,0,0,0,13,5
11,0,11,16.8,0,0,17,0,7
6,3,6,8.1,0,0,0,9,3
22,6,22,10.3,0,0,0,25,8
10,3,10,13.9,0,0,0,9,14
17,5,17,32.8,0,0,0,12,8
16,1,16,26.0,0,0,2,7,3
5,0,5,16.1,0,0,6,9,5
5,3,5,8.2,0,0,20,21,7
17,1,17,10.8,1,2,16,21,3
18,5,18,26.1,0,0,2,4,3
11,0,11,12.4,0,0,0,0,14
15,4,15,15.9,0,0,2,5,2
12,1,12,13.6,0,0,0,11,8
8,4,8,2.2,0,0,16,21,8
17,2,17,32.6,0,1,2,44,3
8,0,8,4.7,0,0,0,9,8
16,2,16,31.2,0,0,2,11,3
20,3,20,11.5,0,0,2,5,3
0,4,0,21.5,0,0,11,23,14
9,0,9,17.5,0,0,0,9,8
12,3,12,12.1,0,0,7,0,7
20,1,20,9.3,0,0,2,5,3
20,6,20,25.0,0,0,4,16,5
10,6,10,22.6,0,1,47,36,47
16,4,16,7.3,0,0,0,36,8
17,4,17,11.7,0,0,0,21,8
0,0,0,6.3,0,0,15,6,3
7,0,7,9.6,0,0,0,30,5
4,3,4,8.2,0,0,1,2,6
5,2,5,17.1,0,0,4,38,3
13,2,13,12.0,0,0,2,36,3
5,6,5,16.6,0,0,4,11,3
6,5,6,11.2,0,0,4,21,3
14,2,14,11.7,0,0,15,6,3
21,0,21,9.8,0,0,0,9,8
5,5,5,6.4,0,0,0,11,8
23,2,23,11.1,1,2,0,9,8
16,2,16,7.1,0,0,0,13,5
4,0,4,9.3,0,0,2,3,3
13,0,13,14.8,0,0,0,7,8
16,3,16,33.1,0,0,16,21,8
10,1,10,6.7,0,0,0,44,5
5,6,5,5.8,0,0,0,5,8
18,5,18,17.2,0,0,6,9,0
6,5,6,9.1,1,2,4,8,3
17,5,17,25.2,0,0,4,63,5
1,1,1,14.7,0,0,7,0,7
0,2,0,5.9,0,0,0,1,0
13,5,13,19.6,0,0,2,36,3
20,4,20,10.8,0,0,0,36,8
17,3,17,27.6,0,0,7,0,7
11,0,11,23.8,0,0,0,7,5
22,3,22,13.3,0,0,16,21,2
4,2,4,13.7,0,0,0,5,8
23,0,23,7.3,0,0,14,17,13
13,0,13,20.7,0,0,0,32,5
19,0,19,14.9,0,0,0,8,8
21,5,21,8.4,0,0,0,9,8
5,1,5,10.9,0,0,1,2,6
21,4,21,18.8,0,0,2,9,2
13,3,13,13.1,0,0,0,34,5
0,4,0,20.8,0,0,14,17,3
6,0,6,8.3,0,0,4,32,3
13,5,13,20.6,0,0,0,13,8
8,3,8,12.7,0,0,19,7,63
8,4,8,17.4,0,0,0,5,8
19,5,19,31.8,0,0,2,4,3
12,4,12,17.8,0,0,2,7,3
17,6,17,21.4,0,0,0,33,8
11,3,11,20.9,0,0,2,16,2
7,4,7,8.5,0,0,0,44,8
23,0,23,16.4,0,0,0,20,14
15,0,15,12.2,0,0,4,54,5
3,1,3,11.3,0,0,1,2,1
7,3,7,7.9,0,0,0,33,5
14,3,14,30.0,0,0,4,5,2
12,1,12,10.7,0,0,2,8,3
18,1,18,18.9,0,0,0,32,5
10,5,10,8.9,0,0,0,16,8
1,4,1,16.4,0,0,15,6,3
17,6,17,9.9,0,0,0,16,8
6,4,6,2.1,0,0,0,5,8
18,1,18,16.2,0,0,0,44,5
4,3,4,6.5,0,0,0,16,8
5,4,5,8.1,1,2,7,36,7
14,6,14,17.2,0,0,0,44,5
5,4,5,7.5,0,0,2,7,3
18,2,18,19.5,0,0,2,12,2
15,6,15,16.0,0,0,2,58,3
17,3,17,27.8,0,0,16,11,2
15,4,15,25.9,0,0,14,17,13
17,1,17,18.5,0,0,2,7,3
3,5,3,6.1,1,2,0,8,8
7,2,7,9.0,0,0,0,3,5
16,5,16,19.0,0,0,2,44,3
19,0,19,12.4,0,0,2,54,3
7,6,7,13.4,0,0,0,20,0
14,3,14,25.2,0,0,2,34,3
16,4,16,7.4,0,0,4,5,2
9,1,9,6.6,0,0,10,71,11
3,3,3,15.4,0,0,2,6,3
4,2,4,4.7,0,0,2,11,2
16,6,16,24.7,0,0,0,15,8
6,3,6,9.6,0,0,0,7,5
13,3,13,10.9,0,0,10,45,11
4,3,4,2.7,0,0,1,2,6
20,0,20,22.8,0,0,2,12,2
6,0,6,5.4,0,0,24,28,30
19,5,19,24.7,0,1,2,54,3
16,0,16,8.1,0,0,2,44,3
4,2,4,5.0,0,0,0,16,5
19,5,19,20.5,0,0,16,21,8
5,0,5,4.5,0,0,2,7,2
6,1,6,4.4,0,0,0,7,5
21,1,21,16.9,0,0,2,16,3
10,4,10,12.3,0,0,0,30,5
5,2,5,12.0,0,0,0,5,5
18,2,18,23.8,0,1,0,33,8
14,3,14,14.0,0,0,10,100,28
11,0,11,9.7,0,0,16,21,8
6,5,6,13.7,0,0,4,11,5
16,4,16,11.2,0,0,0,6,14
9,6,9,14.2,0,0,15,6,3
11,4,11,13.2,0,0,2,3,3
7,4,7,5.5,0,0,0,36,8
1,6,1,11.7,0,0,1,2,6
6,4,6,13.2,0,0,80,26,7
18,2,18,25.2,0,0,0,13,8
10,5,10,16.1,0,0,2,16,3
16,1,16,16.9,0,0,4,44,5
18,2,18,24.4,0,0,2,44,3
7,2,7,1.5,0,0,0,9,14
5,2,5,4.7,0,0,2,7,2
7,1,7,11.2,0,0,0,29,8
15,1,15,21.2,0,0,4,5,3
15,0,15,10.3,0,0,0,44,8
23,4,23,18.6,0,0,11,0,12
0,5,0,16.0,0,0,4,5,2
8,1,8,4.9,0,0,10,100,28
21,1,21,18.2,0,0,14,24,9
1,4,1,14.7,0,0,0,1,0
21,4,21,28.0,0,1,4,7,3
22,3,22,17.9,0,0,11,0,12
5,0,5,14.9,0,0,0,5,8
19,2,19,7.0,0,0,0,17,0
14,4,14,30.0,0,0,0,29,8
8,3,8,15.1,0,0,0,10,5
11,4,11,17.0,0,0,2,16,2
5,5,5,1.2,0,0,6,9,5
21,3,21,9.7,1,2,2,13,3
7,0,7,12.0,0,0,0,3,8
14,3,14,28.6,0,0,0,8,8
4,3,4,5.4,0,0,2,8,3
11,1,11,25.5,0,0,2,16,3
17,3,17,27.4,0,0,0,32,5
12,2,12,28.2,0,0,1,2,1
5,4,5,12.4,0,0,2,119,3
5,5,5,6.4,0,0,4,32,3
8,2,8,8.9,0,0,0,33,8
14,6,14,21.0,0,0,0,3,5
8,4,8,11.2,0,0,0,5,5
14,3,14,26.7,0,0,24,47,23
10,3,10,11.4,0,0,0,8,5
19,0,19,16.2,0,0,16,21,8
2,1,2,5.9,0,0,15,14,5
7,5,7,13.6,0,0,2,16,3
18,1,18,20.5,0,1,0,7,8
6,2,6,9.3,0,0,0,7,8
8,5,8,10.1,0,0,0,9,8
13,1,13,15.1,0,0,0,5,8
4,0,4,4.8,0,0,0,16,8
9,1,9,16.2,0,0,0,42,5
9,1,9,7.2,0,0,44,51,17
22,1,22,9.8,0,0,4,8,5
6,2,6,4.6,0,0,15,6,3
12,5,12,26.6,0,0,2,16,3
1,1,1,14.7,0,0,1,2,6
21,2,21,12.7,0,0,0,54,8
11,2,11,20.0,0,0,2,16,2
0,4,0,12.1,0,0,0,25,8
11,3,11,19.3,0,0,4,16,3
19,4,19,14.5,0,0,0,4,5
6,4,6,1.4,0,0,4,32,3
1,4,1,3.7,0,0,2,36,2
16,6,16,15.6,0,0,4,5,3
17,5,17,20.0,0,0,0,13,8
23,5,23,14.5,0,0,18,36,6
12,6,12,14.9,0,0,0,32,5
10,2,10,7.8,0,0,0,21,0
1,2,1,19.8,0,0,23,41,15
0,1,0,10.4,0,0,1,2,6
23,0,23,19.6,0,0,14,24,9
16,4,16,27.6,0,0,6,93,5
5,2,5,11.3,0,0,4,12,2
17,1,17,13.5,0,0,16,21,8
13,6,13,23.2,0,0,0,13,8
21,5,21,18.7,0,0,16,21,8
6,2,6,8.9,0,0,0,8,8
14,2,14,16.5,0,0,2,7,2
21,6,21,19.0,0,0,4,36,2
21,5,21,8.4,0,0,14,24,9
10,1,10,22.0,0,0,2,3,3
3,6,3,11.8,0,0,1,2,1
16,3,16,14.8,0,0,4,44,3
8,1,8,14.4,0,0,0,53,14
7,2,7,8.7,0,0,0,44,8
4,0,4,3.8,0,0,0,4,5
4,3,4,8.3,0,0,2,11,2
13,1,13,19.6,0,0,0,8,8
11,2,11,15.1,0,0,0,21,0
4,6,4,7.5,0,0,6,9,5
19,2,19,13.4,0,0,4,7,3
14,1,14,24.6,1,1,4,44,2
23,1,23,13.5,0,0,0,25,8
23,5,23,8.9,0,0,0,0,0
19,5,19,13.4,0,0,0,8,8
11,6,11,12.6,0,0,0,21,8
15,2,15,11.7,0,0,2,34,2
6,0,6,9.7,0,0,0,3,5
14,0,14,17.8,0,0,0,30,5
8,5,8,5.9,0,0,6,9,5
11,4,11,12.2,0,0,22,56,4
21,3,21,24.0,0,1,0,17,0
17,0,17,13.7,0,0,4,38,3
18,6,18,25.4,0,0,0,32,5
10,2,10,16.3,0,0,44,48,58
13,4,13,24.1,0,1,2,36,3
5,2,5,9.6,0,0,0,5,8
17,6,17,13.1,0,0,2,44,2
4,2,4,14.4,0,0,2,7,2
11,1,11,26.0,0,0,0,5,8
18,4,18,26.9,0,0,6,9,0
11,5,11,10.3,0,0,7,0,7
12,1,12,23.7,0,0,0,11,5
12,1,12,16.3,0,0,14,17,13
15,0,15,11.7,0,0,2,13,2
22,3,22,18.6,0,0,2,9,2
17,4,17,11.7,0,0,4,38,3
23,1,23,19.0,0,0,0,25,5
2,3,2,17.2,0,0,0,62,0
6,1,6,6.2,0,0,2,21,3
7,2,7,13.8,0,1,0,36,5
16,0,16,19.2,0,0,0,36,8
23,6,23,17.4,0,0,0,25,8
12,2,12,10.0,0,0,26,49,13
18,2,18,19.6,0,0,0,7,5
23,3,23,9.1,0,0,0,0,0
0,5,0,19.4,0,0,11,23,0
5,1,5,13.1,0,0,2,9,2
6,5,6,5.1,0,0,4,21,3
21,2,21,23.7,0,0,0,4,8
20,6,20,16.2,0,0,0,36,8
3,0,3,15.9,0,0,0,21,14
13,6,13,26.5,0,0,26,49,13
11,1,11,11.2,0,0,0,53,0
4,5,4,16.0,0,0,0,25,8
21,3,21,19.3,0,1,0,9,5
5,5,5,5.9,0,0,6,9,5
13,4,13,10.9,0,0,33,62,0
5,0,5,12.8,0,0,2,5,3
5,0,5,12.9,0,0,0,4,8
17,6,17,17.9,0,0,4,50,2
4,1,4,5.9,0,0,1,2,6
7,5,7,13.1,0,1,0,33,5
6,4,6,7.5,0,0,0,8,8
19,2,19,12.8,0,0,2,54,3
7,0,7,6.7,0,0,0,5,5
12,4,12,25.9,0,0,0,25,8
19,0,19,31.9,0,1,2,32,5
5,3,5,15.6,0,0,0,5,5
20,0,20,10.6,0,0,0,36,8
20,6,20,9.7,0,0,7,0,7
23,0,23,16.5,0,0,0,3,5
22,1,22,10.5,0,0,16,21,8
20,0,20,21.1,0,0,2,16,3
13,6,13,23.5,0,0,14,17,13
19,2,19,21.6,0,0,2,4,2
15,3,15,27.8,0,0,4,7,2
5,4,5,18.3,0,0,2,7,3
0,6,0,9.0,0,0,0,6,14
19,4,19,27.8,0,0,9,26,18
5,1,5,8.3,0,0,0,4,8
18,4,18,6.5,0,0,4,3,5
14,3,14,19.8,0,0,2,34,3
12,3,12,22.9,0,0,0,33,5
15,1,15,14.0,0,0,0,7,8
1,4,1,11.5,0,0,0,37,0
7,3,7,16.0,0,0,15,6,14
10,5,10,10.6,0,0,7,6,7
8,3,8,12.9,0,0,0,13,5
5,3,5,8.3,0,0,4,11,3
9,0,9,14.6,0,0,9,0,7
15,1,15,20.2,0,0,16,110,5
11,3,11,17.6,0,0,0,16,8
9,1,9,17.5,0,0,2,45,3
12,6,12,14.6,0,0,0,9,8
11,6,11,12.5,0,0,0,21,8
8,3,8,13.8,0,0,0,10,5
8,2,8,7.9,0,0,0,32,5
8,0,8,14.3,0,0,4,5,3
23,2,23,9.3,0,0,11,0,14
23,3,23,8.8,0,0,0,43,14
20,6,20,20.6,0,0,0,36,8
16,4,16,13.1,0,0,0,15,8
0,1,0,10.4,0,0,0,6,14
13,0,13,22.0,0,0,0,9,5
12,1,12,9.1,0,0,0,3,5
5,6,5,6.8,0,0,0,5,5
0,3,0,16.1,0,0,91,144,4
12,5,12,15.7,0,0,0,13,8
20,5,20,13.4,0,0,2,4,2
10,6,10,14.8,0,0,9,0,18
20,0,20,20.9,0,0,0,3,5
13,0,13,12.0,0,0,10,9,73
14,0,14,21.7,1,0,0,8,8
1,3,1,15.8,0,0,23,41,15
9,6,9,20.0,0,0,0,13,8
4,2,4,6.9,0,0,1,2,6
23,0,23,20.0,0,0,0,20,14
16,6,16,21.9,0,0,4,32,5
11,3,11,18.6,0,0,0,53,0
23,2,23,12.3,0,0,0,20,0
23,2,23,8.6,0,0,0,43,14
17,1,17,14.8,0,0,0,32,5
7,2,7,9.2,0,0,22,56,4
12,0,12,25.2,0,0,26,49,13
13,2,13,10.4,0,0,4,8,3
15,0,15,23.1,0,0,2,33,3
9,5,9,18.6,0,0,0,15,8
4,1,4,16.0,0,0,0,25,5
8,0,8,12.2,0,0,2,8,3
12,5,12,23.6,0,0,16,21,8
15,5,15,16.8,0,0,4,13,5
7,6,7,7.7,0,0,4,14,3
8,1,8,3.7,0,0,0,13,8
15,3,15,22.7,0,0,2,33,3
4,0,4,10.2,0,0,0,3,8
4,4,4,13.7,0,0,2,5,3
17,0,17,18.4,0,0,4,44,5
2,6,2,7.3,0,0,1,2,1
4,1,4,14.0,0,0,2,3,3
15,0,15,10.5,0,0,16,10,5
12,6,12,12.9,0,0,2,16,2
21,5,21,17.5,0,0,2,9,2
12,5,12,21.2,0,0,0,5,8
17,5,17,28.6,0,0,0,21,0
13,2,13,13.3,0,0,0,3,8
0,6,0,3.4,0,0,1,2,6
19,6,19,10.9,0,0,0,17,0
1,5,1,18.3,0,0,1,2,6
8,1,8,6.1,0,0,0,13,8
11,4,11,24.7,0,0,0,7,5
0,6,0,20.9,0,0,4,8,3
9,1,9,25.7,0,0,0,42,5
19,0,19,20.7,0,0,0,61,5
4,6,4,10.1,0,0,0,4,8
22,5,22,9.5,1,0,4,7,3
17,2,17,25.5,0,0,0,8,8
22,6,22,7.3,0,0,23,41,15
11,4,11,22.8,0,0,2,16,2
21,3,21,5.7,0,0,0,8,8
6,4,6,0.2,0,0,4,3,2
7,4,7,14.3,0,0,2,5,3
5,5,5,3.3,0,0,2,4,3
5,6,5,8.1,0,0,4,10,2
12,2,12,9.8,0,0,0,11,8
17,1,17,13.6,0,0,0,44,8
20,5,20,11.2,0,0,6,9,5
11,4,11,13.3,0,0,0,7,8
17,3,17,18.6,0,0,0,13,8
12,6,12,11.8,0,0,2,45,3
11,3,11,11.6,0,0,0,7,8
13,6,13,16.0,0,0,29,26,10
4,4,4,10.4,0,0,0,4,5
8,6,8,9.5,0,0,2,16,3
8,4,8,11.1,0,0,2,16,3
16,0,16,19.2,0,0,4,5,2
5,0,5,12.7,0,0,4,5,2
8,3,8,20.4,0,0,24,47,22
10,6,10,10.7,0,0,0,44,5
12,3,12,11.8,0,0,0,8,5
16,1,16,27.4,0,0,0,36,5
6,6,6,17.9,0,0,0,25,5
17,3,17,11.5,0,0,0,11,8
23,6,23,10.4,0,0,0,43,14
11,4,11,23.1,0,0,0,3,8
13,5,13,28.7,0,0,4,8,3
19,0,19,13.0,0,0,0,44,5
20,0,20,13.2,0,0,0,17,0
11,4,11,10.4,0,0,0,21,8
16,4,16,17.7,0,0,0,33,8
16,6,16,29.3,0,0,0,6,14
18,4,18,19.6,0,0,0,32,5
6,4,6,0.4,0,0,0,3,5
6,4,6,15.4,0,1,7,0,7
8,1,8,9.0,0,0,0,32,5
1,5,1,7.2,0,0,1,2,6
19,1,19,17.8,0,0,0,44,5
11,1,11,16.3,0,0,0,3,8
11,6,11,11.8,0,0,1,2,1
12,3,12,22.1,0,0,7,36,7
6,1,6,1.0,0,0,2,21,3
14,2,14,14.4,0,0,6,9,5
9,1,9,6.6,0,0,2,16,3
19,3,19,23.6,0,0,0,8,8
16,4,16,27.6,0,0,4,5,3
22,4,22,20.6,0,0,12,18,7
17,1,17,10.4,0,0,9,0,10
1,6,1,15.9,0,0,15,6,15
5,4,5,15.5,0,0,1,2,6
5,6,5,12.4,0,0,4,11,2
5,3,5,15.9,0,0,8,6,9
0,5,0,17.1,0,0,0,22,14
19,3,19,10.4,0,0,0,21,5
20,5,20,9.7,0,0,2,9,3
19,1,19,7.9,0,0,0,7,8
13,0,13,17.6,0,0,2,36,3
16,0,16,19.5,0,0,0,16,8
18,0,18,12.1,0,0,0,12,5
6,6,6,3.5,0,0,0,5,8
12,0,12,8.3,0,0,0,11,8
6,4,6,13.6,0,0,2,11,5
15,1,15,11.5,1,2,0,16,8
6,0,6,4.5,0,0,0,7,8
16,5,16,21.8,0,0,0,6,14
7,5,7,3.9,0,0,0,29,5
17,5,17,24.3,0,0,0,5,8
0,4,0,17.1,0,0,0,1,0
12,0,12,23.7,0,0,14,24,9
4,2,4,4.3,0,0,2,5,3
16,0,16,12.0,0,0,0,33,8
17,4,17,6.9,0,0,2,12,3
17,4,17,12.5,0,0,0,8,8
21,6,21,7.5,0,0,0,9,5
14,6,14,11.6,0,0,2,45,3
13,1,13,25.5,0,0,26,49,13
20,0,20,20.4,0,0,94,22,4
5,4,5,13.4,0,0,2,4,2
12,1,12,24.2,0,0,2,11,3
11,3,11,10.5,1,2,0,36,5
13,0,13,26.3,0,0,9,0,10
13,4,13,20.0,0,0,4,16,2
7,1,7,10.1,0,0,0,36,8
7,5,7,10.1,0,0,18,32,20
23,5,23,11.0,0,0,4,8,3
16,0,16,18.7,0,0,2,13,3
13,4,13,14.9,0,0,4,16,5
9,5,9,14.3,0,0,0,53,0
13,2,13,22.2,0,0,21,26,7
13,2,13,15.3,0,0,33,62,0
12,4,12,11.2,1,2,6,9,5
23,1,23,16.4,0,0,0,0,14
15,2,15,18.9,0,0,2,110,3
6,5,6,10.7,0,0,2,21,2
14,1,14,21.7,0,0,16,110,5
10,3,10,11.8,0,0,0,25,5
5,5,5,1.2,0,0,2,4,2
18,1,18,22.6,0,0,0,13,5
2,5,2,14.4,0,0,1,2,6
16,4,16,12.0,0,0,0,36,8
10,0,10,7.7,0,0,0,3,8
13,4,13,7.1,0,0,33,62,0
7,0,7,7.0,0,0,0,5,5
17,3,17,10.8,0,0,0,61,5
8,0,8,1.2,0,0,10,100,28
20,2,20,13.0,0,0,2,5,3
11,0,11,8.1,0,0,16,21,8
14,3,14,25.2,0,0,4,3,2
6,5,6,12.7,0,0,2,16,3
11,4,11,11.7,0,0,2,8,2
11,0,11,15.1,0,0,0,0,14
14,1,14,15.3,0,0,0,9,8
6,0,6,9.9,0,0,6,9,5
19,1,19,13.2,0,1,2,54,3
5,2,5,12.8,0,0,4,3,2
17,4,17,10.9,0,0,0,54,5
23,2,23,12.8,0,0,18,36,6
20,6,20,22.9,0,0,2,16,2
8,3,8,11.4,0,0,0,44,8
12,0,12,20.9,0,0,1,2,1
16,4,16,17.4,0,0,28,55,0
5,2,5,10.5,0,0,2,7,3
6,5,6,2.5,0,0,2,21,3
23,0,23,5.6,0,0,0,0,0
6,0,6,15.7,0,0,0,3,8
20,1,20,10.7,0,0,6,9,5
5,0,5,9.3,0,0,2,3,2
11,2,11,19.4,0,0,0,5,8
12,3,12,11.5,0,0,26,49,13
6,6,6,9.7,0,0,4,21,2
17,1,17,13.7,0,0,0,15,8
4,0,4,10.1,0,0,2,11,2
5,3,5,3.8,0,0,2,7,3
5,3,5,3.9,0,0,4,10,3
9,1,9,22.1,0,0,0,9,5
11,2,11,15.2,0,0,22,56,4
11,5,11,25.8,0,0,2,16,2
15,0,15,22.1,0,0,2,13,3
21,5,21,26.5,0,0,2,12,3
21,0,21,20.1,0,1,0,17,0
18,5,18,12.8,0,0,16,21,8
8,3,8,11.2,0,0,2,16,3
15,2,15,28.4,0,0,19,59,63
5,5,5,8.6,0,0,2,3,2
10,6,10,12.2,0,0,0,13,8
11,4,11,10.4,0,0,0,5,5
13,5,13,18.9,0,0,19,8,19
14,0,14,21.2,0,0,0,45,5
12,0,12,17.6,0,0,0,32,5
23,0,23,13.6,0,0,0,0,0
5,3,5,6.7,0,0,4,11,2
17,0,17,21.7,0,0,4,38,2
17,4,17,15.1,0,0,0,44,5
9,0,9,17.5,0,0,0,9,9
6,1,6,9.0,0,0,19,92,60
3,5,3,14.0,0,0,80,26,7
13,6,13,21.5,0,0,2,36,3
17,1,17,11.4,0,0,2,44,3
4,4,4,13.7,0,0,0,11,8
11,0,11,16.0,0,0,0,7,8
8,1,8,13.3,0,0,0,9,9
1,0,1,19.4,0,0,0,1,0
18,1,18,12.4,0,0,16,11,2
8,1,8,9.9,0,0,0,9,8
10,6,10,9.0,0,0,2,16,3
6,4,6,15.2,0,0,4,12,5
6,5,6,6.5,0,0,0,8,8
1,4,1,6.6,0,0,2,36,2
10,2,10,27.9,0,1,2,13,3
12,5,12,25.7,0,0,4,63,3
17,2,17,11.4,0,0,4,32,3
6,6,6,8.7,0,0,0,8,8
15,3,15,17.2,0,0,16,10,8
15,6,15,16.7,0,0,0,21,8
18,0,18,26.9,0,0,2,12,2
14,4,14,11.5,0,0,0,5,8
8,5,8,15.5,0,0,4,44,2
5,2,5,9.1,1,0,1,2,1
23,6,23,7.9,0,0,0,22,0
7,0,7,7.6,0,0,0,33,5
13,6,13,20.8,0,0,0,32,5
9,4,9,4.8,0,0,0,53,0
17,5,17,17.9,0,0,0,7,8
11,5,11,11.7,0,0,19,72,64
11,1,11,25.7,0,0,2,33,3
7,0,7,8.2,0,0,0,5,8
19,6,19,15.4,0,1,0,25,5
14,2,14,20.0,0,0,4,5,2
17,1,17,22.5,1,2,55,48,52
16,3,16,18.6,0,0,0,21,0
19,3,19,14.3,0,0,2,4,2
10,2,10,10.0,0,0,0,8,8
15,3,15,12.7,0,0,2,45,3
17,0,17,20.8,0,0,16,10,5
4,5,4,12.9,0,0,0,25,8
7,5,7,4.9,0,0,0,8,5
21,5,21,25.6,0,0,16,21,2
22,4,22,10.3,0,0,18,36,33
19,1,19,18.2,0,0,0,44,5
11,3,11,9.6,0,0,0,53,0
11,5,11,11.1,0,0,0,3,8
15,4,15,17.3,0,0,0,12,5
23,4,23,18.0,0,0,0,20,14
5,5,5,2.1,0,0,2,3,2
11,2,11,20.0,0,0,7,21,7
17,0,17,14.0,0,0,4,54,5
16,0,16,24.0,0,0,0,3,8
6,6,6,7.8,0,0,0,7,8
5,5,5,12.8,0,0,0,4,8
22,0,22,7.2,0,0,16,21,3
6,4,6,4.7,0,0,2,8,3
15,3,15,27.8,0,0,0,9,8
17,5,17,26.8,0,0,2,7,2
5,3,5,12.2,0,0,0,5,8
7,5,7,13.3,0,0,2,16,3
6,6,6,6.3,0,0,2,36,3
15,3,15,13.7,0,0,0,13,8
6,2,6,0.9,0,0,4,32,3
4,6,4,12.4,0,0,0,11,5
17,6,17,25.6,0,0,2,11,3
13,6,13,16.1,0,0,2,36,3
13,3,13,22.3,0,0,0,8,5
13,4,13,17.0,0,0,2,54,3
6,1,6,9.4,0,0,19,92,60
7,3,7,12.9,0,0,2,16,3
12,1,12,17.2,0,0,26,49,13
11,5,11,26.5,0,0,13,19,54
6,4,6,4.7,0,0,4,32,3
0,1,0,18.1,0,0,14,17,13
6,2,6,9.6,0,0,4,5,2
18,1,18,3.9,0,0,16,21,8
17,0,17,18.5,1,2,0,43,14
21,3,21,10.8,0,0,0,9,5
10,3,10,16.7,0,0,0,45,5
0,0,0,19.0,0,0,2,21,3
4,2,4,14.9,0,0,2,4,3
0,2,0,10.7,0,0,0,20,14
0,1,0,10.6,0,0,15,6,15
17,5,17,7.4,0,0,4,5,3
8,3,8,19.3,0,0,2,16,3
17,5,17,33.0,0,1,2,16,2
9,5,9,19.6,0,1,17,2,7
16,3,16,29.1,0,0,0,5,5
13,5,13,21.5,0,0,2,4,2
22,4,22,19.0,0,0,2,9,2
0,3,0,7.0,0,0,1,2,6
5,1,5,11.2,0,0,4,3,3
19,5,19,10.4,0,0,0,17,0
16,2,16,13.6,0,0,2,8,3
10,6,10,16.5,0,0,0,3,8
16,5,16,17.1,0,0,2,44,3
7,5,7,20.0,0,0,4,7,2
8,6,8,23.6,0,0,22,56,4
5,6,5,5.8,0,0,4,7,2
8,6,8,3.4,0,0,0,25,5
19,5,19,9.9,0,0,0,44,5
15,6,15,35.1,0,0,2,54,3
23,0,23,12.7,0,0,0,20,14
16,3,16,29.3,0,0,2,33,3
21,3,21,10.4,0,0,4,5,3
13,2,13,17.1,0,0,4,8,3
7,2,7,1.5,0,0,0,13,5
15,4,15,17.0,0,0,0,44,5
13,5,13,14.3,0,0,2,36,3
10,3,10,9.6,0,0,27,36,0
12,3,12,10.8,0,0,1,2,1
7,1,7,10.0,0,1,17,0,7
10,3,10,11.0,1,2,2,7,3
1,4,1,12.6,0,0,1,2,6
21,5,21,6.4,0,0,0,9,8
15,6,15,33.9,0,0,18,54,20
19,3,19,16.5,0,0,7,0,7
6,1,6,9.7,0,0,2,9,3
15,0,15,24.8,0,0,4,54,5
15,6,15,29.0,0,0,2,9,3
16,6,16,23.9,0,0,0,33,8
14,2,14,21.0,0,0,19,16,29
16,5,16,31.6,0,0,0,6,14
17,3,17,23.1,0,0,2,4,2
23,4,23,16.1,0,0,35,43,0
12,5,12,24.7,0,0,14,24,9
9,4,9,18.4,0,1,0,9,5
5,5,5,4.4,0,0,4,12,5
19,5,19,9.0,0,0,2,54,3
2,4,2,6.2,0,0,0,36,5
11,5,11,20.2,0,0,0,34,8
4,0,4,13.0,0,0,2,7,3
14,6,14,22.7,0,0,4,78,2
10,2,10,15.5,0,0,2,34,2
0,3,0,19.8,0,0,11,23,14
8,2,8,5.6,0,0,0,32,5
3,4,3,19.0,0,0,9,0,10
16,1,16,11.9,0,0,0,13,8
20,4,20,20.2,0,0,2,54,3
14,5,14,16.4,0,0,16,21,8
19,1,19,7.0,0,0,2,33,3
9,4,9,14.0,0,2,10,51,17
17,4,17,13.1,0,0,2,33,3
6,4,6,11.4,0,0,9,0,10
23,4,23,9.1,0,0,0,22,0
23,1,23,16.6,0,0,0,20,14
20,3,20,19.1,0,0,2,32,3
21,0,21,22.7,0,1,4,16,3
16,4,16,15.2,0,0,0,13,5
5,1,5,9.2,0,0,0,7,8
20,2,20,15.6,0,0,2,5,3
4,2,4,12.0,0,0,0,25,8
6,4,6,4.4,0,0,0,21,14
10,0,10,19.3,0,0,8,6,9
10,3,10,10.1,0,0,0,25,8
17,1,17,19.5,0,0,9,0,18
6,2,6,9.5,0,0,0,7,5
5,0,5,12.6,0,0,8,6,9
6,2,6,9.5,0,0,4,3,2
5,2,5,11.6,0,0,2,11,2
15,5,15,29.2,0,0,16,21,8
10,1,10,10.7,0,0,2,34,3
10,3,10,10.1,0,0,0,21,0
7,1,7,6.0,0,0,24,47,23
11,4,11,12.8,0,0,0,0,0
9,1,9,12.1,0,0,2,34,3
12,6,12,19.0,0,0,0,29,8
2,4,2,12.4,0,0,16,21,8
4,0,4,10.1,0,0,0,16,5
16,2,16,15.1,0,0,6,9,0
0,2,0,16.2,0,0,0,43,14
8,4,8,11.2,0,0,0,3,8
7,1,7,12.0,0,0,0,8,8
7,4,7,8.4,0,0,4,7,3
13,3,13,11.8,0,0,7,9,7
12,4,12,22.0,0,0,1,2,1
17,6,17,19.8,0,0,0,16,8
1,1,1,14.7,0,0,0,21,5
12,6,12,14.7,0,0,0,30,5
12,5,12,25.7,0,0,0,21,8
14,5,14,15.4,0,0,4,5,3
11,1,11,12.7,0,0,0,53,0
16,0,16,13.7,0,0,0,13,5
8,3,8,7.0,0,0,6,9,5
7,0,7,10.8,0,0,24,28,23
8,5,8,12.6,0,0,2,3,3
11,4,11,25.4,1,0,0,33,8
5,2,5,12.3,0,0,0,7,8
6,3,6,12.3,0,0,4,32,3
23,4,23,7.2,0,0,0,25,8
17,3,17,22.4,0,0,10,3,11
13,1,13,10.7,0,0,0,8,8
14,1,14,15.6,0,0,0,33,5
11,1,11,8.1,0,0,0,44,8
23,0,23,7.2,0,0,0,43,14
14,5,14,16.5,0,0,6,93,5
9,3,9,8.6,0,0,2,33,3
13,2,13,15.9,0,0,2,30,3
20,6,20,10.1,0,0,0,36,8
22,2,22,11.5,1,2,1,2,6
2,3,2,10.4,0,0,1,2,1
11,3,11,20.5,0,0,24,28,30
6,0,6,10.6,0,0,24,47,23
6,3,6,8.1,0,0,0,8,5
12,3,12,28.9,0,0,4,63,3
9,6,9,20.6,0,0,0,9,8
21,2,21,16.9,0,0,2,9,2
17,2,17,15.5,0,0,0,11,8
7,5,7,13.3,0,0,2,16,3
17,5,17,27.1,0,0,15,6,14
11,1,11,20.8,0,0,0,34,5
11,5,11,24.1,0,0,0,7,5
4,0,4,7.2,0,0,2,4,3
20,6,20,14.9,0,0,2,3,3
9,3,9,8.9,0,0,0,15,8
6,2,6,8.3,0,0,4,21,2
8,0,8,1.1,0,0,6,9,5
5,4,5,11.4,0,0,4,11,2
5,1,5,13.1,0,0,2,5,3
4,3,4,3.9,0,0,0,5,8
5,0,5,9.9,0,0,0,5,5
21,0,21,13.8,0,0,4,8,3
22,5,22,8.6,0,0,16,21,8
4,0,4,8.4,0,0,0,9,5
8,4,8,7.3,0,0,4,44,2
1,0,1,11.6,0,0,0,1,0
9,5,9,3.5,0,0,4,44,2
2,5,2,6.4,0,0,1,2,1
12,4,12,26.8,0,0,1,2,1
7,2,7,8.3,0,0,4,7,5
5,1,5,12.2,0,0,7,26,7
5,4,5,16.5,0,0,2,4,3
12,6,12,11.6,0,0,1,2,1
15,1,15,15.2,0,0,0,16,8
9,3,9,11.6,0,0,2,16,2
13,4,13,14.7,0,0,2,36,3
17,4,17,11.2,0,0,0,17,14
13,5,13,27.1,0,0,0,61,5
4,2,4,6.8,0,0,0,25,8
0,2,0,12.8,0,0,0,25,5
11,1,11,15.0,0,0,0,0,0
17,6,17,24.8,0,0,0,11,8
3,3,3,1.4,0,0,7,36,7
17,0,17,13.8,0,0,0,21,8
5,0,5,3.4,0,0,4,12,3
7,6,7,10.7,0,0,0,13,8
17,5,17,20.1,0,0,0,5,8
1,0,1,7.6,0,0,0,37,0
0,5,0,6.6,0,0,15,6,3
10,6,10,21.9,0,1,0,57,0
10,3,10,21.5,0,0,0,13,8
16,2,16,29.8,0,0,2,5,3
13,3,13,17.2,0,0,0,9,5
4,2,4,1.5,0,0,1,2,6
9,5,9,18.4,0,0,0,9,5
9,4,9,8.4,0,0,0,53,14
6,2,6,9.3,0,0,0,12,8
4,2,4,14.6,0,0,0,16,8
16,6,16,16.5,0,0,0,17,0
12,3,12,14.6,0,0,4,8,5
1,3,1,18.0,0,0,1,2,6
15,1,15,27.4,0,0,2,5,3
21,2,21,16.2,0,0,6,9,5
6,3,6,7.9,0,0,16,21,2
5,4,5,13.1,0,0,0,52,5
17,5,17,16.9,0,0,0,5,8
19,5,19,23.5,0,0,2,4,3
2,0,2,8.6,0,0,1,2,1
21,6,21,13.8,0,0,13,19,13
4,1,4,2.3,0,0,1,2,6
6,2,6,15.3,0,0,4,21,2
8,0,8,16.6,0,0,0,33,5
11,5,11,24.9,0,0,2,44,3
5,4,5,13.5,0,0,0,4,8
12,1,12,10.8,0,0,2,16,2
16,2,16,31.5,0,0,4,44,3
1,2,1,11.8,0,0,0,37,0
13,1,13,16.3,0,0,26,49,13
10,6,10,20.7,0,0,2,16,2
14,4,14,11.9,0,0,0,9,5
1,4,1,17.3,0,0,0,1,0
16,5,16,17.9,0,0,0,16,5
8,4,8,8.8,0,0,0,8,8
7,0,7,4.8,0,0,0,5,8
6,4,6,13.2,0,0,15,6,3
9,1,9,5.0,0,0,0,32,5
6,4,6,17.9,0,0,2,3,3
13,0,13,9.6,0,0,0,61,5
11,6,11,10.3,0,0,0,21,14
0,6,0,20.7,0,0,9,0,10
11,4,11,10.1,0,0,2,8,2
18,3,18,22.0,0,0,24,47,30
0,2,0,6.2,0,0,0,25,5
4,2,4,17.5,0,0,0,5,8
18,4,18,16.7,0,0,4,7,5
6,2,6,6.1,0,0,0,12,8
3,5,3,12.6,0,0,1,2,1
21,3,21,25.4,0,1,0,36,8
12,3,12,23.6,0,0,26,49,13
13,1,13,10.7,0,0,2,36,3
11,0,11,15.7,0,0,0,44,5
4,6,4,13.3,0,0,2,4,2
11,1,11,22.5,0,1,4,13,5
13,5,13,17.5,0,0,0,61,5
10,5,10,12.9,0,0,2,45,3
1,4,1,11.6,0,0,0,6,0
14,4,14,7.6,0,0,15,6,3
17,1,17,29.5,0,1,7,0,7
15,3,15,15.0,0,0,0,21,8
19,3,19,7.8,0,0,4,5,3
9,0,9,8.7,0,0,2,8,3
11,2,11,16.5,0,0,0,34,5
4,1,4,10.6,0,0,0,5,5
9,1,9,11.0,0,0,2,33,3
7,5,7,13.5,0,0,0,13,8
10,1,10,13.1,0,0,0,21,14
23,4,23,10.6,0,0,0,20,0
18,0,18,26.1,0,0,6,9,0
4,2,4,3.6,0,0,0,4,8
15,4,15,14.4,0,0,0,7,5
8,3,8,18.3,0,0,4,5,2
11,5,11,13.7,0,0,2,16,2
4,2,4,4.2,0,0,2,11,2
17,1,17,11.1,0,0,2,7,3
17,0,17,22.3,0,0,0,5,8
15,6,15,16.0,0,0,0,21,8
19,0,19,27.4,0,1,2,16,2
19,6,19,11.6,0,0,2,54,3
5,2,5,9.5,0,0,1,2,6
4,2,4,9.5,0,0,10,3,21
15,1,15,21.4,0,0,4,5,2
8,4,8,13.1,0,0,0,29,8
0,5,0,19.3,0,0,4,8,3
7,0,7,10.2,0,0,2,5,3
19,4,19,10.0,0,0,0,13,5
8,4,8,4.3,0,0,4,14,3
22,3,22,9.0,0,0,14,17,13
15,2,15,13.7,0,0,2,45,3
13,3,13,9.5,0,0,0,5,8
18,3,18,26.0,0,0,0,13,8
11,2,11,13.0,0,0,0,0,0
17,6,17,13.4,0,0,2,33,3
12,2,12,17.1,0,0,4,11,5
12,0,12,18.6,0,0,4,5,2
9,0,9,11.5,0,0,0,53,0
19,2,19,18.9,0,0,0,8,8
3,5,3,3.6,0,0,2,6,3
9,2,9,9.3,0,0,44,48,58
17,2,17,20.9,0,0,0,7,8
5,5,5,15.7,0,0,6,9,5
11,0,11,10.9,0,0,2,16,2
13,3,13,10.9,0,0,0,13,5
11,2,11,9.3,0,0,0,8,8
9,5,9,21.2,0,0,0,54,5
5,4,5,10.6,0,0,0,4,8
14,2,14,29.1,0,1,33,62,0
12,5,12,15.2,0,0,0,5,8
14,3,14,23.2,0,0,0,29,8
11,4,11,24.0,0,1,0,16,5
11,5,11,26.3,0,0,0,7,5
0,4,0,9.1,0,0,0,43,14
16,3,16,15.7,0,0,0,3,8
13,3,13,17.0,0,0,2,36,3
13,4,13,15.2,0,0,0,9,5
1,6,1,10.0,0,0,16,21,8
6,6,6,7.8,0,0,0,5,8
12,5,12,12.3,0,0,0,3,8
15,2,15,13.8,0,0,0,5,8
12,0,12,10.0,0,0,0,11,8
16,1,16,20.3,0,0,2,44,3
12,3,12,23.4,0,0,0,7,8
19,3,19,19.6,0,0,18,32,6
9,3,9,9.5,0,0,6,9,5
0,0,0,16.6,0,0,21,36,7
0,5,0,16.3,0,0,7,0,7
20,6,20,18.2,0,0,0,25,8
7,1,7,3.4,0,0,0,7,8
7,0,7,8.6,0,0,0,36,5
11,2,11,12.6,0,0,2,45,3
15,3,15,19.2,0,0,28,55,0
16,2,16,28.3,0,0,0,15,8
6,1,6,10.9,0,0,2,8,3
7,3,7,17.4,0,0,0,13,5
15,4,15,16.1,0,0,0,21,8
16,6,16,29.8,0,0,6,93,5
19,4,19,27.7,0,0,0,3,5
4,6,4,10.9,0,0,0,5,5
11,1,11,19.2,0,0,1,2,1
8,6,8,12.1,0,0,7,0,7
7,6,7,9.5,0,0,4,13,3
13,3,13,9.7,0,0,2,33,3
8,4,8,18.0,0,0,0,7,8
6,0,6,0.5,0,0,2,21,3
6,3,6,7.7,0,0,0,8,8
5,4,5,12.0,0,0,0,7,8
5,4,5,12.6,0,0,6,9,15
2,6,2,5.2,0,0,8,14,9
17,2,17,21.2,0,0,0,8,8
22,2,22,12.1,0,0,2,21,3
14,0,14,27.0,0,0,0,29,8
8,5,8,9.1,0,0,0,15,8
9,1,9,15.9,0,0,0,9,8
12,0,12,21.9,0,0,0,36,8
5,5,5,21.6,0,0,0,11,5
19,5,19,30.0,0,1,29,26,10
1,1,1,16.6,0,0,15,6,3
13,0,13,26.2,0,0,0,7,8
5,4,5,11.7,0,0,0,16,5
11,3,11,20.3,0,0,14,17,13
5,4,5,2.7,0,0,0,27,5
3,4,3,9.4,0,0,8,0,9
15,0,15,20.1,0,0,7,0,7
18,1,18,25.7,0,1,0,13,8
0,5,0,19.2,0,0,11,23,14
11,0,11,11.2,0,0,0,29,8
1,6,1,14.7,0,0,15,6,3
1,0,1,7.8,0,0,1,2,6
18,0,18,12.5,0,0,0,12,5
14,0,14,23.5,0,0,16,21,8
9,3,9,9.7,0,0,2,5,3
21,1,21,21.5,0,1,0,36,5
5,3,5,12.9,0,0,0,4,8
16,0,16,19.0,0,0,0,33,8
17,2,17,15.5,0,0,4,32,5
4,0,4,7.4,0,0,2,11,2
6,6,6,7.6,0,0,0,8,8
19,4,19,15.5,0,0,2,44,3
15,1,15,21.2,0,0,2,13,3
5,2,5,9.6,0,0,0,4,8
21,6,21,10.7,0,0,0,36,8
0,6,0,9.3,0,0,15,6,3
6,6,6,5.0,0,0,16,21,2
12,3,12,21.6,0,0,18,54,20
15,2,15,24.2,0,0,4,5,2
17,6,17,24.9,0,0,4,50,2
16,1,16,30.8,0,0,0,78,8
5,1,5,11.2,0,0,2,10,3
3,4,3,16.3,0,0,5,9,4
12,1,12,10.5,0,0,16,21,8
6,1,6,17.9,0,0,0,3,5
21,2,21,10.6,0,0,2,9,2
11,3,11,21.7,0,0,0,3,8
4,6,4,3.0,0,0,2,11,2
13,6,13,11.6,0,0,0,16,8
6,4,6,9.8,0,0,4,11,3
13,1,13,23.8,0,0,0,29,8
4,5,4,10.3,0,0,1,2,6
9,5,9,8.8,0,0,0,21,5
17,0,17,13.9,0,0,10,10,73
19,2,19,13.0,0,0,0,8,5
20,5,20,12.5,0,0,4,3,2
17,6,17,24.4,0,0,0,25,8
1,2,1,8.8,0,0,1,2,6
16,2,16,18.1,0,0,0,5,5
18,4,18,24.0,0,0,7,0,7
10,3,10,18.6,0,0,0,53,0
5,0,5,3.7,0,0,0,5,5
7,0,7,5.5,0,0,19,4,38
23,5,23,6.3,0,0,2,21,3
5,0,5,7.9,0,0,0,7,8
12,4,12,26.8,0,0,10,51,17
10,3,10,9.5,0,0,10,51,17
0,5,0,10.1,0,0,7,0,7
9,6,9,8.4,0,0,4,13,5
11,4,11,21.9,0,0,0,34,5
0,2,0,20.3,0,0,2,21,3
6,6,6,6.9,0,0,4,21,3
17,4,17,26.1,0,0,4,38,2
10,6,10,10.3,0,0,2,16,3
18,1,18,13.3,0,0,16,11,8
8,5,8,15.5,0,0,7,21,7
5,3,5,3.9,0,0,4,32,5
5,0,5,14.4,0,0,0,5,5
8,2,8,4.8,0,0,2,16,3
15,4,15,30.5,0,0,2,12,2
6,3,6,1.2,0,0,15,6,14
8,6,8,8.3,0,0,4,16,2
7,0,7,8.1,0,0,2,3,2
19,1,19,14.3,0,0,0,44,5
11,2,11,22.1,0,0,2,34,2
1,5,1,18.1,0,0,0,21,8
7,0,7,10.1,0,0,0,7,8
20,4,20,14.2,0,0,2,32,3
1,3,1,8.6,0,0,15,14,3
15,4,15,11.7,0,0,0,78,5
19,1,19,27.0,0,1,2,7,3
5,3,5,17.0,0,0,4,11,5
8,6,8,8.3,0,0,30,9,24
10,2,10,19.3,0,1,7,6,7
11,5,11,23.2,0,0,0,0,14
12,5,12,28.5,0,0,0,21,8
10,3,10,17.1,0,1,25,46,0
12,1,12,28.7,0,1,12,18,7
4,0,4,13.2,0,0,4,6,3
17,0,17,15.9,0,0,9,0,18
15,4,15,28.9,0,0,16,21,8
8,2,8,10.3,0,0,16,21,8
4,6,4,12.4,0,0,8,0,9
11,3,11,9.8,0,0,18,54,20
6,3,6,16.3,0,1,0,7,8
23,6,23,11.7,0,0,0,20,14
16,4,16,16.6,0,0,2,33,3
16,1,16,23.3,0,0,2,7,2
17,6,17,14.1,0,0,16,11,8
19,2,19,11.6,0,0,2,54,3
9,0,9,20.3,0,0,0,53,14
16,6,16,26.4,0,0,4,50,3
5,5,5,5.0,0,0,0,3,8
5,0,5,8.1,0,0,2,5,3
6,4,6,8.0,0,0,0,8,8
4,2,4,6.9,0,0,6,9,5
4,0,4,16.8,0,0,0,25,5
15,0,15,27.0,0,0,2,5,3
4,2,4,16.4,0,0,80,26,7
6,0,6,14.9,0,0,4,12,2
11,1,11,9.6,0,0,2,16,2
20,0,20,19.3,0,0,2,21,3
12,5,12,14.2,0,0,0,11,8
6,0,6,5.5,0,0,4,36,3
6,5,6,10.7,0,0,15,6,14
11,3,11,28.2,0,1,22,56,4
4,3,4,13.8,0,0,0,4,8
19,1,19,25.9,0,0,2,54,3
14,6,14,33.3,0,0,2,58,3
6,3,6,5.5,0,0,0,8,8
16,0,16,18.7,0,0,0,6,14
9,2,9,15.6,0,0,0,21,5
15,1,15,11.3,0,0,6,9,7
17,5,17,16.7,0,0,0,6,14
14,1,14,24.8,0,0,0,29,8
17,3,17,17.6,0,0,2,33,2
21,5,21,12.0,0,0,13,19,13
4,0,4,4.4,0,0,0,25,8
14,4,14,16.7,0,0,0,9,5
16,0,16,27.8,0,0,4,12,2
16,6,16,17.8,0,0,2,8,3
6,1,6,11.7,0,0,2,7,3
13,6,13,14.9,0,0,0,61,8
5,3,5,11.5,0,0,0,32,5
13,6,13,32.1,0,0,14,17,13
10,3,10,20.1,0,0,2,13,3
7,2,7,9.7,0,0,10,140,17
20,3,20,9.9,0,0,6,9,5
5,3,5,10.9,0,0,0,52,5
9,0,9,9.2,0,0,2,7,3
15,2,15,25.7,0,0,2,44,3
11,3,11,17.4,0,0,0,8,5
20,0,20,11.5,0,0,2,3,3
12,4,12,14.4,0,0,2,110,3
21,3,21,10.4,0,0,2,5,3
7,2,7,10.5,0,0,0,29,8
4,0,4,4.8,0,0,0,5,5
5,3,5,12.1,0,0,1,2,6
10,1,10,9.0,0,0,0,13,8
11,1,11,26.6,0,0,0,21,14
10,4,10,12.6,0,0,0,5,8
4,5,4,14.7,0,0,0,25,8
1,4,1,8.0,0,0,1,2,6
21,2,21,5.4,0,0,0,3,8
19,1,19,14.6,0,0,2,32,3
7,6,7,11.0,0,0,0,8,5
6,4,6,10.7,0,0,2,7,3
12,0,12,12.8,0,0,2,16,3
1,3,1,16.3,0,0,1,2,6
17,6,17,16.3,0,0,2,8,3
11,6,11,14.1,0,0,8,0,9
5,0,5,9.8,0,0,0,7,5
18,0,18,13.3,0,0,4,16,3
23,0,23,20.9,0,0,14,24,9
12,6,12,21.9,0,0,29,26,10
5,5,5,20.5,0,0,4,32,3
6,1,6,3.2,0,0,10,5,19
5,1,5,5.3,0,0,4,10,5
21,5,21,7.8,0,0,13,19,13
12,6,12,20.0,0,1,0,13,5
16,4,16,15.9,0,0,10,13,17
15,5,15,31.6,0,0,0,44,5
11,4,11,12.9,0,0,1,2,1
22,3,22,8.2,0,0,23,41,15
3,0,3,17.5,0,0,1,2,1
16,5,16,26.7,0,0,2,44,2
19,1,19,10.4,0,0,2,8,3
15,3,15,13.2,0,0,4,5,2
5,0,5,8.2,0,0,0,5,8
12,1,12,16.0,0,0,16,21,8
15,6,15,26.0,0,0,2,54,3
7,3,7,8.4,0,0,0,29,8
11,2,11,17.9,0,0,0,8,8
19,3,19,13.0,0,0,2,54,3
21,6,21,5.8,0,0,11,0,14
17,1,17,30.7,0,0,0,11,8
15,4,15,25.3,0,0,0,45,5
6,6,6,11.2,0,0,4,10,2
15,0,15,20.2,0,0,0,8,5
18,2,18,13.8,0,0,4,32,3
9,6,9,25.8,0,0,0,43,14
7,0,7,3.9,0,0,0,8,8
14,2,14,9.7,0,0,2,44,2
5,4,5,11.8,0,0,0,4,8
12,1,12,23.8,0,0,0,42,5
6,3,6,1.5,0,0,0,8,8
13,1,13,11.6,0,0,33,62,0
16,3,16,9.8,0,0,0,13,8
18,0,18,28.9,0,0,2,4,2
5,3,5,6.1,0,0,0,36,8
11,1,11,23.1,0,0,0,44,8
7,0,7,16.6,0,1,4,12,2
13,0,13,24.2,0,0,0,44,8
6,0,6,4.9,0,0,4,32,5
6,2,6,12.7,0,0,0,8,8
16,3,16,16.5,0,0,0,21,14
23,0,23,10.5,0,0,11,0,14
14,2,14,27.7,0,0,19,45,17
13,3,13,19.0,0,0,2,5,2
5,5,5,12.0,0,0,2,7,3
13,0,13,21.0,0,0,0,5,5
16,5,16,15.4,0,0,4,16,2
20,5,20,8.2,0,0,0,4,8
6,5,6,0.3,0,0,0,8,5
5,3,5,11.1,0,0,0,5,8
18,4,18,31.1,0,0,0,16,8
22,1,22,4.0,0,0,2,8,2
20,0,20,21.2,0,0,10,7,17
17,3,17,14.6,0,0,2,12,2
8,6,8,9.7,0,0,0,32,5
18,4,18,15.9,0,0,0,33,5
21,2,21,15.5,0,0,4,7,3
4,3,4,7.3,0,0,1,2,6
21,1,21,12.9,0,0,2,32,3
13,1,13,12.0,1,2,2,21,3
5,1,5,12.2,0,0,0,5,8
20,6,20,11.2,0,0,2,16,2
15,3,15,15.1,0,0,4,21,2
16,5,16,14.7,0,0,0,6,14
11,4,11,13.5,0,0,0,0,0
8,5,8,7.8,0,0,0,9,8
4,2,4,13.0,0,0,80,26,7
0,2,0,9.6,0,0,0,25,5
21,1,21,13.3,0,0,4,8,3
23,0,23,14.5,0,0,13,19,13
15,5,15,17.0,0,0,4,9,2
16,5,16,11.9,0,0,0,21,14
5,1,5,10.3,0,0,4,5,2
19,1,19,11.0,0,0,0,17,0
16,4,16,15.5,0,0,4,5,3
14,5,14,16.3,0,0,6,9,5
6,2,6,6.5,0,0,0,12,8
19,2,19,11.4,0,0,2,7,2
14,5,14,16.8,0,0,15,6,3
10,0,10,13.3,0,0,2,7,3
18,0,18,27.3,0,0,0,32,5
15,2,15,20.9,0,0,0,3,8
16,0,16,22.6,0,0,2,44,2
19,6,19,11.0,0,0,2,8,3
9,4,9,20.0,0,0,2,3,2
20,6,20,12.5,0,0,0,7,5
7,2,7,0.8,0,0,0,3,5
4,0,4,17.4,0,0,0,7,8
19,5,19,28.4,0,0,0,7,8
20,6,20,18.8,0,0,2,54,2
10,3,10,13.4,0,0,0,8,8
13,1,13,18.3,0,0,2,36,3
15,1,15,20.0,0,0,0,7,8
19,1,19,8.1,0,0,2,54,3
13,0,13,24.0,0,0,4,11,5
0,6,0,11.2,0,0,15,6,3
20,4,20,22.6,0,0,0,36,8
18,2,18,26.0,0,0,2,4,2
17,4,17,17.8,0,0,16,11,5
9,5,9,19.5,0,0,16,21,8
5,5,5,17.1,0,0,2,5,3
16,2,16,16.6,0,0,2,44,2
13,1,13,12.8,0,0,2,33,2
11,3,11,13.9,0,0,0,13,5
17,3,17,12.1,0,0,4,44,5
7,5,7,12.0,0,0,0,5,8
19,3,19,22.1,0,0,16,21,5
15,3,15,13.7,0,0,0,78,5
8,4,8,10.6,0,0,0,9,8
7,5,7,13.0,0,1,0,25,5
5,6,5,15.2,0,0,0,11,5
21,5,21,8.4,0,0,2,4,2
6,4,6,9.4,0,0,16,124,3
21,5,21,22.3,0,0,0,17,0
22,1,22,18.5,0,0,14,24,9
16,5,16,32.9,0,0,0,36,5
19,3,19,22.0,0,0,4,16,2
1,0,1,6.9,0,0,0,37,0
5,5,5,3.5,0,0,0,5,5
5,2,5,14.8,0,0,4,5,3
7,2,7,13.2,0,0,0,33,8
8,3,8,7.9,0,0,0,13,5
7,6,7,17.3,0,0,16,21,5
8,6,8,16.9,0,0,7,0,7
20,0,20,12.5,0,0,0,5,8
20,5,20,6.4,0,0,0,3,8
4,5,4,0.0,0,0,0,12,5
7,0,7,2.5,0,0,0,33,8
10,3,10,10.6,0,0,2,13,3
10,6,10,17.5,0,0,0,3,8
13,6,13,24.3,0,0,0,45,5
2,1,2,12.3,0,0,15,6,3
11,3,11,10.4,0,0,2,44,3
12,3,12,11.3,0,0,2,16,3
17,0,17,8.9,0,0,4,11,3
17,2,17,13.8,0,0,0,54,5
12,3,12,16.3,0,0,0,66,14
2,3,2,12.5,0,0,91,144,4
11,5,11,23.0,0,0,0,5,5
16,2,16,21.9,0,0,0,45,5
10,1,10,8.1,0,0,2,45,3
10,0,10,15.4,0,0,0,15,8
6,0,6,17.0,0,0,2,9,2
14,3,14,18.9,0,0,2,44,3
19,6,19,9.9,0,0,0,17,0
15,1,15,12.2,0,0,10,48,21
12,4,12,14.4,0,0,0,33,8
19,5,19,11.3,0,0,0,33,8
4,2,4,4.9,0,0,2,4,2
4,1,4,6.4,0,0,0,5,5
5,5,5,7.1,0,0,0,32,5
11,5,11,22.7,0,0,0,21,8
16,5,16,31.2,0,0,2,13,3
10,0,10,10.4,0,0,27,36,12
9,6,9,15.1,0,0,7,21,7
4,1,4,15.4,0,0,0,4,8
15,0,15,18.8,0,0,4,54,5
16,0,16,18.3,0,0,0,6,14
10,3,10,13.4,0,0,24,47,22
17,1,17,30.5,0,0,4,44,3
7,4,7,7.7,0,0,0,36,5
5,5,5,12.0,0,0,2,4,3
14,5,14,23.6,0,1,2,34,2
20,5,20,19.9,0,0,18,32,6
21,4,21,14.2,0,0,0,8,5
13,0,13,25.9,0,0,0,21,8
20,6,20,10.7,0,0,4,78,3
10,4,10,10.1,0,0,0,25,8
15,3,15,15.5,0,0,0,44,5
11,6,11,12.6,0,0,2,16,3
19,2,19,12.1,0,0,4,7,3
21,3,21,9.1,0,0,13,19,13
1,2,1,4.6,0,0,0,1,0
16,3,16,27.5,0,0,7,9,7
16,3,16,33.7,0,0,2,4,2
5,4,5,12.9,0,0,4,5,2
22,1,22,11.7,0,0,14,24,9
17,6,17,14.6,0,0,16,11,3
1,4,1,1.9,0,0,1,2,6
5,3,5,12.5,0,0,0,68,8
11,5,11,14.6,0,0,0,66,14
16,3,16,29.3,0,1,4,50,3
19,5,19,26.0,0,0,2,3,2
1,6,1,12.6,0,0,9,0,10
16,3,16,32.0,0,0,0,7,8
19,2,19,5.5,0,0,0,17,0
19,3,19,20.8,0,0,2,5,3
8,1,8,9.7,0,0,0,10,5
6,4,6,2.5,0,0,0,7,5
23,1,23,6.1,0,0,0,0,14
12,1,12,18.4,0,0,0,11,8
9,3,9,6.9,0,0,0,7,8
15,6,15,23.5,0,0,0,5,5
19,4,19,17.6,0,0,4,32,5
21,4,21,16.6,0,1,2,8,2
0,5,0,15.5,0,0,0,6,9
5,0,5,13.6,0,0,5,9,4
5,4,5,10.6,0,0,2,7,3
19,3,19,14.3,1,0,0,44,8
16,4,16,27.0,0,0,19,15,64
23,5,23,18.4,0,0,12,18,7
6,4,6,4.6,0,0,15,6,14
12,2,12,14.8,0,0,2,16,2
15,0,15,27.7,0,0,0,3,5
14,0,14,21.2,0,0,0,13,5
13,6,13,15.2,0,0,33,62,0
16,0,16,18.9,0,0,2,5,3
4,2,4,18.1,0,0,2,5,3
2,0,2,6.1,0,0,1,2,1
1,5,1,25.0,0,0,0,1,0
4,4,4,10.5,0,0,0,11,8
7,1,7,10.1,0,0,0,5,8
6,3,6,8.7,0,0,0,12,8
19,2,19,6.2,0,0,0,7,5
23,6,23,20.2,0,1,12,18,7
1,6,1,13.5,0,0,0,1,0
6,5,6,13.3,0,0,0,52,5
14,4,14,16.7,0,0,0,8,5
17,6,17,14.2,0,0,6,9,0
5,5,5,11.4,0,0,4,6,3
13,1,13,10.1,0,0,0,9,5
14,6,14,15.4,0,0,0,12,5
18,6,18,16.9,0,0,0,13,5
14,6,14,19.9,0,0,2,45,3
16,0,16,24.5,0,0,0,45,5
16,0,16,19.4,0,0,0,54,5
17,5,17,26.7,0,0,2,7,2
10,0,10,13.9,0,0,2,13,3
4,6,4,5.9,0,0,2,10,3
17,4,17,25.5,0,0,0,15,8
9,4,9,14.1,0,1,0,9,5
2,2,2,17.6,0,0,1,2,6
4,4,4,16.6,0,0,0,7,8
5,3,5,4.9,0,0,4,3,2
6,3,6,3.2,0,0,0,3,8
12,0,12,27.8,0,0,0,5,8
2,2,2,9.4,0,0,1,2,1
15,0,15,22.9,0,0,0,3,8
7,3,7,13.1,0,0,0,7,5
6,0,6,13.3,0,0,0,8,5
3,2,3,13.6,0,0,15,6,3
11,2,11,7.6,0,0,0,8,8
21,2,21,8.4,0,0,0,3,8
4,2,4,12.2,0,0,2,7,3
12,0,12,20.9,0,0,16,21,8
0,3,0,8.7,0,0,0,1,0
7,4,7,5.7,0,0,0,13,8
20,1,20,21.3,0,0,20,0,7
22,0,22,6.1,0,0,11,0,14
10,2,10,15.2,0,0,2,30,3
14,3,14,27.0,0,0,10,9,73
10,0,10,20.8,0,0,0,0,0
16,0,16,30.6,0,0,0,6,9
18,1,18,26.6,0,0,6,9,0
17,0,17,34.4,0,1,2,44,2
16,0,16,30.3,0,0,15,6,3
4,5,4,1.6,0,0,1,2,6
4,5,4,11.5,0,0,0,11,8
13,1,13,25.6,0,0,28,55,0
17,5,17,16.9,0,0,0,11,5
16,6,16,19.7,0,0,0,34,8
20,4,20,10.8,0,0,6,9,5
19,6,19,15.3,0,0,2,32,3
14,0,14,29.9,0,0,4,5,2
12,3,12,13.3,0,0,10,28,34
8,1,8,14.3,0,0,9,0,18
18,5,18,12.1,0,0,16,21,2
6,5,6,9.2,0,0,2,5,3
7,4,7,8.6,0,0,0,9,14
16,6,16,30.2,0,1,4,7,2
8,1,8,7.5,0,0,0,53,0
6,1,6,9.8,0,0,19,92,60
5,4,5,8.1,1,2,0,25,8
10,6,10,17.1,0,0,2,16,2
12,2,12,14.4,0,0,0,3,5
6,5,6,13.3,0,0,2,16,3
11,3,11,11.8,0,0,18,54,20
16,0,16,28.9,0,0,0,3,8
3,1,3,11.6,0,0,1,2,1
0,2,0,5.7,0,0,1,2,6
16,6,16,15.2,0,0,2,13,2
21,6,21,6.9,0,0,13,19,13
10,1,10,9.9,0,0,2,45,3
6,4,6,11.6,0,0,4,12,2
1,6,1,12.3,0,0,7,0,7
12,5,12,25.8,0,1,4,5,3
10,2,10,17.2,0,0,2,30,3
19,2,19,19.3,0,0,2,54,3
16,4,16,7.4,0,0,0,11,8
5,5,5,1.2,0,0,0,32,5
4,4,4,13.0,0,0,0,3,8
18,2,18,11.6,0,0,2,44,3
20,6,20,8.4,0,0,49,86,49
18,2,18,17.6,0,0,16,21,8
19,1,19,17.4,0,0,2,54,3
11,2,11,14.2,1,0,4,3,2
5,5,5,0.6,0,0,0,11,8
10,4,10,10.7,0,0,10,44,31
12,0,12,13.2,0,0,0,5,8
11,4,11,12.6,0,0,4,5,3
23,2,23,7.2,0,0,0,43,14
10,5,10,8.9,0,0,2,30,3
13,4,13,12.7,0,0,0,5,8
15,1,15,14.4,0,0,0,9,8
5,4,5,12.2,0,0,2,3,2
7,1,7,9.1,0,0,0,36,8
15,3,15,20.5,0,0,0,9,8
20,6,20,7.7,0,0,2,9,3
12,0,12,24.4,0,0,0,21,8
18,0,18,15.3,0,0,16,21,2
15,5,15,16.1,0,0,16,10,5
16,0,16,12.1,0,0,0,44,8
10,6,10,15.4,0,0,0,12,8
6,3,6,7.0,0,0,4,50,5
0,1,0,13.3,0,0,0,6,9
6,3,6,12.2,0,0,2,11,2
4,5,4,13.3,0,0,0,16,5
1,5,1,16.2,0,0,14,17,13
11,0,11,11.7,0,0,2,16,2
16,3,16,19.9,0,0,0,3,5
14,1,14,12.9,0,0,2,7,3
7,6,7,11.1,0,0,0,33,8
4,4,4,13.9,0,0,5,9,4
16,3,16,28.0,0,0,0,36,8
5,5,5,13.1,0,0,4,21,2
21,6,21,15.4,0,0,0,9,8
17,2,17,19.0,0,0,0,32,5
5,3,5,7.2,0,0,8,0,9
8,1,8,9.5,0,0,0,8,8
19,1,19,14.3,0,0,2,5,2
8,3,8,11.1,0,0,4,5,5
11,5,11,15.1,0,0,14,17,13
5,2,5,13.7,0,0,0,7,8
5,1,5,9.2,0,0,7,120,7
20,2,20,31.8,0,1,2,5,3
1,2,1,16.3,0,0,0,6,9
16,6,16,24.4,0,0,2,54,3
13,1,13,25.2,0,0,2,36,3
5,6,5,13.4,0,0,2,4,3
6,4,6,11.6,0,0,0,36,5
18,1,18,24.3,0,0,9,0,10
15,3,15,25.7,0,1,22,56,4
4,1,4,5.1,0,0,0,12,5
16,1,16,14.6,0,0,4,44,3
23,4,23,8.1,0,0,4,8,3
13,6,13,18.6,0,0,0,44,8
19,1,19,17.1,0,0,2,54,3
16,6,16,10.5,0,0,0,17,0
16,3,16,20.4,0,0,16,10,5
13,4,13,24.9,0,0,19,102,60
6,6,6,4.3,0,0,15,6,14
14,6,14,11.4,0,0,0,44,8
20,3,20,8.5,1,2,4,5,3
11,4,11,23.2,0,0,0,0,0
10,2,10,10.3,0,0,0,44,8
5,3,5,13.7,0,0,0,25,8
20,0,20,16.5,0,0,2,16,2
7,1,7,6.0,0,0,0,33,8
1,2,1,19.5,0,0,0,37,0
11,4,11,10.5,0,0,1,2,1
19,4,19,15.2,0,0,4,44,5
7,5,7,12.1,0,0,4,7,3
16,2,16,31.5,0,0,0,3,8
6,0,6,5.8,0,0,2,8,3
7,0,7,13.6,0,0,0,30,5
12,3,12,21.9,0,0,10,28,34
16,6,16,24.9,0,0,6,93,5
5,5,5,11.5,0,0,2,5,3
20,2,20,16.7,0,0,2,5,3
12,0,12,28.8,0,0,0,32,8
16,3,16,27.6,0,0,0,78,5
22,4,22,11.6,0,0,11,0,12
4,0,4,10.0,0,0,0,25,5
15,1,15,11.3,0,0,16,10,2
3,3,3,17.4,0,0,2,6,3
7,5,7,15.6,0,0,2,9,2
11,5,11,10.5,0,0,14,17,13
1,6,1,18.1,0,0,15,6,3
5,3,5,17.0,0,0,0,42,5
5,2,5,16.8,0,0,2,7,3
6,0,6,6.9,0,0,15,6,3
22,4,22,7.6,0,0,23,41,15
12,5,12,25.4,0,0,0,3,5
16,6,16,19.0,0,0,0,11,8
7,2,7,8.2,0,0,4,7,5
4,0,4,1.8,0,0,0,3,8
6,1,6,8.7,0,0,24,28,30
23,6,23,16.0,0,0,0,25,5
0,4,0,20.1,0,0,0,22,0
5,0,5,8.3,0,0,0,7,8
7,0,7,10.0,0,0,2,119,3
4,1,4,1.4,0,0,2,11,2
6,0,6,9.6,0,0,4,3,2
15,1,15,18.7,0,0,2,3,2
7,3,7,12.5,0,1,20,0,7
3,0,3,6.3,0,0,15,14,3
5,6,5,7.0,0,0,0,3,8
12,3,12,14.1,0,0,0,11,8
15,2,15,11.6,0,0,2,13,3
23,5,23,6.6,0,0,0,22,0
14,1,14,11.6,0,0,4,7,3
10,5,10,22.8,0,0,7,0,7
18,6,18,16.0,0,0,4,8,3
4,3,4,11.0,0,0,0,3,8
5,1,5,12.3,0,0,4,3,3
23,2,23,10.8,0,0,0,20,14
20,1,20,13.1,0,0,0,16,5
4,3,4,9.3,0,0,80,26,7
16,5,16,27.2,0,0,2,12,2
13,4,13,7.2,0,0,4,16,2
20,2,20,10.6,0,0,13,19,13
1,2,1,6.4,0,0,0,1,0
23,0,23,16.7,0,0,11,0,14
15,3,15,14.6,0,0,0,12,8
0,6,0,9.4,0,0,1,2,6
6,2,6,3.4,0,0,0,3,8
7,3,7,15.9,0,0,0,29,5
9,2,9,11.4,0,0,2,5,2
4,3,4,13.1,0,0,0,25,8
9,5,9,13.6,0,0,0,8,8
13,0,13,26.0,0,0,0,7,8
18,4,18,25.5,0,1,0,32,5
19,3,19,26.1,0,0,2,5,3
4,0,4,12.3,0,0,2,7,3
4,5,4,13.5,0,0,0,16,5
4,6,4,4.6,0,0,1,2,6
18,0,18,24.1,0,0,16,11,5
7,3,7,9.7,0,0,2,21,3
7,5,7,13.7,0,0,2,33,3
15,5,15,16.8,0,0,16,21,8
13,0,13,8.2,0,0,2,3,3
20,5,20,10.1,0,0,0,36,5
13,4,13,17.4,0,0,0,30,5
7,3,7,5.7,0,0,16,21,8
4,1,4,8.9,0,0,1,2,6
14,5,14,16.7,0,0,16,110,8
19,5,19,8.8,0,0,10,5,17
4,6,4,7.1,0,0,0,7,5
15,1,15,20.0,0,0,6,93,5
13,3,13,27.5,0,0,2,7,3
13,6,13,12.7,1,0,16,10,5
15,5,15,31.6,0,0,2,9,3
6,4,6,8.1,0,0,0,3,8
0,0,0,19.1,0,0,21,36,7
0,2,0,20.0,0,0,0,25,5
0,5,0,3.2,0,0,4,4,3
15,5,15,30.1,0,0,0,82,5
11,5,11,13.1,0,0,0,45,5
7,2,7,9.5,0,0,0,36,5
21,2,21,11.5,0,0,0,4,8
15,2,15,19.5,0,0,0,3,8
21,4,21,19.4,0,0,2,8,3
10,3,10,8.2,0,0,0,21,14
8,0,8,13.9,0,1,17,0,7
18,1,18,25.1,0,0,4,7,3
11,3,11,9.9,0,0,1,2,1
18,3,18,28.6,0,1,37,69,4
12,3,12,10.5,0,0,18,54,20
5,2,5,8.3,0,0,2,7,3
4,6,4,7.9,0,0,0,9,5
10,6,10,12.2,0,0,0,44,8
4,3,4,10.0,0,0,0,4,8
11,0,11,27.5,0,0,0,13,8
7,5,7,3.9,0,0,0,33,8
5,4,5,14.1,0,0,0,52,5
19,3,19,25.3,0,0,0,16,8
16,4,16,30.8,0,0,0,11,8
13,5,13,17.1,0,0,16,110,3
16,4,16,16.8,0,0,0,6,14
15,5,15,30.0,0,0,0,11,8
7,3,7,2.7,0,0,0,7,8
17,0,17,13.7,0,0,2,44,2
12,4,12,26.8,0,0,26,49,13
7,5,7,11.6,0,0,0,16,8
15,5,15,14.3,0,0,0,78,5
9,5,9,14.4,0,0,0,32,5
7,0,7,5.4,0,0,2,3,2
22,2,22,8.7,0,0,0,4,8
12,3,12,11.4,0,0,26,49,13
16,0,16,28.0,0,0,19,33,29
5,3,5,4.3,0,0,0,5,8
14,3,14,19.2,0,0,2,58,3
13,3,13,24.3,0,0,14,17,13
8,4,8,12.0,0,0,0,5,8
17,3,17,8.9,1,2,0,11,8
9,4,9,10.6,0,0,0,30,5
22,4,22,6.7,0,0,18,36,6
22,4,22,21.9,0,1,12,18,7
15,5,15,16.5,0,0,2,13,3
18,0,18,28.5,0,0,0,54,8
23,5,23,9.4,0,0,2,21,3
13,6,13,12.7,0,0,4,5,2
5,4,5,13.4,0,0,4,12,3
12,6,12,20.5,0,0,0,11,5
8,2,8,9.4,0,0,18,32,26
5,5,5,13.1,0,0,4,11,2
11,4,11,11.1,0,0,2,34,3
8,4,8,16.8,0,0,0,44,8
5,6,5,7.1,0,0,2,9,2
14,1,14,27.1,0,0,0,34,5
15,2,15,19.6,0,0,2,5,3
4,2,4,9.9,0,0,0,4,5
14,6,14,20.9,0,0,15,6,3
9,2,9,17.5,0,0,0,9,14
8,5,8,17.4,0,0,0,13,8
6,5,6,11.8,0,0,2,16,3
8,3,8,4.1,0,0,7,69,7
1,6,1,12.0,0,0,15,6,3
0,3,0,19.2,0,0,18,32,6
1,0,1,2.5,0,0,0,37,0
17,5,17,19.3,0,0,0,16,8
13,5,13,27.1,0,0,2,16,2
15,3,15,19.1,0,0,0,34,5
11,3,11,12.9,0,0,0,30,5
23,0,23,17.5,0,1,12,18,7
18,1,18,13.4,0,0,4,7,2
6,0,6,1.7,0,0,2,5,3
9,5,9,20.0,0,0,0,53,0
11,0,11,28.6,0,0,22,56,4
18,6,18,28.3,0,0,6,9,5
7,1,7,7.6,0,0,2,5,3
8,3,8,4.0,0,0,0,10,5
15,2,15,21.9,0,0,0,9,8
20,3,20,11.0,0,0,2,16,3
23,6,23,10.1,0,0,18,32,6
6,1,6,4.6,0,0,4,3,3
13,1,13,25.0,0,0,0,32,5
7,4,7,4.5,1,0,14,17,13
7,5,7,4.1,0,0,24,47,22
20,2,20,16.5,0,0,0,36,5
19,3,19,13.8,0,0,0,8,8
11,6,11,25.0,0,0,0,13,8
6,6,6,12.8,0,0,4,5,3
10,3,10,25.5,0,0,2,33,3
9,5,9,21.7,0,0,0,10,5
5,2,5,12.2,0,0,4,7,2
1,6,1,13.2,0,0,16,21,8
17,6,17,28.8,0,0,0,44,5
18,6,18,25.1,0,0,2,4,2
15,5,15,29.3,0,0,2,45,3
5,3,5,15.0,0,0,2,7,2
4,3,4,12.4,0,0,7,36,7
11,4,11,19.0,0,0,0,33,8
12,2,12,17.6,0,0,0,25,8
11,4,11,21.1,0,0,0,33,5
8,2,8,2.5,0,0,0,32,5
21,2,21,14.3,0,0,2,9,2
18,4,18,11.0,0,0,0,44,5
21,4,21,6.8,0,0,6,9,5
4,1,4,8.6,0,0,2,11,2
13,6,13,18.5,0,0,0,44,8
22,0,22,9.7,0,0,0,7,8
11,4,11,10.9,0,0,0,21,8
16,2,16,22.6,0,0,0,8,8
13,1,13,27.9,0,0,0,3,5
17,2,17,14.7,0,0,2,3,3
16,0,16,16.6,0,0,0,44,8
12,3,12,20.8,0,0,0,8,8
4,0,4,7.3,0,0,2,11,2
8,3,8,2.2,0,0,0,44,8
8,2,8,8.5,0,0,44,44,17
19,3,19,16.6,0,0,7,0,7
14,3,14,15.0,0,0,16,110,8
12,1,12,15.9,0,0,0,3,8
13,0,13,21.8,0,0,0,61,8
8,4,8,16.1,0,0,0,3,8
7,1,7,7.3,0,0,0,7,8
17,3,17,19.3,0,0,2,44,2
5,2,5,14.9,0,0,2,7,3
19,4,19,26.9,0,0,25,0,7
9,5,9,21.9,0,0,0,5,8
19,2,19,19.3,0,0,0,11,8
13,5,13,12.7,0,0,2,36,3
14,0,14,16.8,0,0,0,9,8
22,6,22,18.7,0,1,12,18,7
6,6,6,0.1,0,0,0,8,5
4,3,4,9.0,0,0,0,25,5
2,3,2,18.5,0,0,1,2,6
23,4,23,8.5,0,0,0,0,0
12,3,12,15.4,0,0,2,7,3
19,1,19,13.2,0,0,4,32,3
6,2,6,1.5,0,0,4,7,3
20,3,20,20.1,0,0,2,32,3
14,4,14,9.3,1,2,4,3,2
10,5,10,23.4,0,1,7,0,7
16,3,16,23.1,0,0,0,32,5
0,3,0,12.3,0,0,2,21,3
5,3,5,12.1,0,0,80,26,7
5,4,5,16.4,0,0,2,10,3
10,4,10,8.5,0,0,27,36,0
14,0,14,15.2,0,0,0,33,5
18,1,18,14.0,0,0,0,13,8
19,3,19,16.4,0,0,0,44,5
16,2,16,11.3,0,0,6,9,0
5,6,5,9.8,0,0,4,10,2
7,4,7,8.5,0,0,0,9,14
19,2,19,13.2,0,0,0,32,5
8,0,8,4.6,0,0,10,100,28
18,5,18,10.5,0,0,0,12,5
8,6,8,8.2,0,0,0,10,5
5,1,5,11.4,0,0,2,10,3
4,6,4,7.0,0,0,1,2,6
11,6,11,11.2,0,0,2,45,3
7,4,7,4.7,0,0,2,7,3
6,6,6,11.2,0,0,4,21,2
13,2,13,10.3,0,0,18,32,26
6,0,6,6.0,0,0,0,3,8
11,0,11,20.0,0,0,2,7,3
12,4,12,14.0,0,0,2,3,3
1,2,1,18.4,0,0,0,37,0
5,2,5,8.2,0,0,4,11,2
4,6,4,2.6,0,0,1,2,6
4,0,4,4.8,0,0,0,11,8
11,1,11,16.1,0,0,0,53,0
8,1,8,14.9,0,0,4,5,3
5,4,5,16.2,0,0,0,7,8
12,1,12,15.0,0,0,0,32,5
3,2,3,13.2,0,0,80,26,7
9,2,9,9.9,0,0,2,13,3
8,3,8,10.8,0,0,0,33,8
5,1,5,11.3,0,0,9,0,10
7,1,7,11.1,0,0,4,5,2
16,2,16,29.7,0,0,0,15,8
21,2,21,20.2,0,0,25,46,14
4,4,4,13.6,0,0,2,7,2
5,2,5,1.0,0,0,2,9,2
14,5,14,8.3,0,0,0,8,8
10,4,10,9.1,0,0,2,16,2
1,5,1,16.3,0,0,0,1,0
19,6,19,30.8,1,0,4,7,2
16,2,16,17.5,0,0,0,45,5
19,5,19,24.5,0,0,2,5,3
16,2,16,14.7,0,0,0,11,8
6,0,6,8.6,1,0,0,20,0
0,0,0,15.0,0,0,11,23,14
10,3,10,11.8,0,0,0,7,8
19,2,19,15.4,0,0,4,38,3
8,1,8,17.5,0,1,17,0,7
16,0,16,20.0,0,0,0,11,8
19,6,19,9.2,0,0,2,32,3
9,1,9,6.5,0,0,4,7,3
2,5,2,15.2,0,0,1,2,6
15,5,15,16.6,0,0,0,11,8
16,5,16,15.9,0,0,0,6,14
14,5,14,29.7,0,0,2,45,3
7,6,7,9.7,0,0,2,21,2
23,4,23,13.5,0,0,0,17,0
12,0,12,27.4,0,0,2,8,3
9,2,9,11.3,0,0,2,44,2
5,0,5,3.9,0,0,0,11,8
11,3,11,19.7,0,0,0,16,8
5,5,5,8.4,0,0,4,6,3
0,6,0,9.2,0,0,14,24,9
6,6,6,13.0,0,0,2,9,2
18,6,18,23.5,0,0,0,8,5
8,4,8,8.8,0,0,4,14,3
16,4,16,19.0,0,0,0,17,14
16,5,16,30.3,0,0,0,7,8
3,5,3,14.1,0,0,1,2,1
8,0,8,17.8,0,1,0,13,5
5,2,5,16.1,0,0,0,16,5
20,4,20,7.1,1,2,4,10,3
12,5,12,20.5,0,0,4,63,3
7,1,7,7.0,0,0,10,47,34
8,0,8,15.3,0,1,0,33,8
6,3,6,8.1,0,0,0,5,5
22,0,22,18.6,0,0,10,4,11
9,1,9,11.9,0,0,0,32,5
19,3,19,13.9,0,0,0,8,5
11,6,11,17.3,0,0,0,44,8
9,6,9,3.2,0,0,0,10,5
8,2,8,17.4,0,0,0,10,5
16,1,16,28.4,0,0,0,36,8
8,5,8,13.3,0,0,0,13,8
16,5,16,28.1,0,0,2,13,3
22,2,22,21.8,0,0,4,16,5
21,0,21,18.5,0,0,0,17,0
23,3,23,12.0,0,0,16,21,8
23,0,23,10.2,0,0,14,17,13
23,5,23,11.5,0,0,0,20,14
1,5,1,13.7,0,0,0,43,14
16,2,16,19.5,0,0,4,5,2
19,0,19,28.3,0,0,0,44,5
5,3,5,11.0,0,0,2,9,2
10,5,10,12.8,0,0,4,8,3
3,4,3,9.6,0,0,1,2,1
13,2,13,18.2,0,0,0,5,8
23,5,23,11.4,0,0,0,22,14
9,1,9,11.3,0,0,0,8,8
17,2,17,14.5,0,0,0,13,8
0,1,0,4.1,0,0,1,2,6
7,6,7,13.4,0,0,2,16,2
9,4,9,4.2,0,0,4,14,3
16,1,16,12.3,0,0,4,3,2
9,6,9,18.0,0,0,0,9,14
16,1,16,19.7,0,0,0,3,8
17,4,17,16.9,0,0,0,17,14
6,2,6,3.7,0,0,0,5,8
11,5,11,14.4,0,0,0,3,8
11,3,11,13.7,0,0,0,21,8
8,6,8,15.9,0,0,2,44,3
18,3,18,9.5,0,0,0,8,5
1,0,1,17.9,0,0,0,1,0
18,3,18,22.1,0,0,0,16,8
22,1,22,8.3,0,0,0,25,5
23,3,23,12.1,0,0,0,43,14
13,5,13,23.2,0,0,0,61,5
13,4,13,20.3,0,0,4,13,2
16,6,16,16.9,0,0,0,15,8
9,4,9,9.0,0,0,18,32,6
22,0,22,21.0,0,0,11,0,12
23,2,23,8.3,0,0,0,43,14
21,0,21,17.8,0,1,12,18,7
8,4,8,12.6,0,0,0,7,8
15,4,15,14.3,0,0,0,44,5
6,6,6,11.1,0,0,2,32,3
5,0,5,10.9,0,0,2,4,3
6,5,6,15.5,0,0,2,32,3
23,6,23,9.6,0,0,2,21,3
5,0,5,8.3,0,0,4,7,5
23,4,23,17.8,0,0,0,22,0
6,4,6,16.5,0,0,4,21,2
7,3,7,12.2,0,0,0,45,5
5,6,5,16.5,0,0,0,16,5
7,0,7,11.0,0,0,2,8,3
10,1,10,11.8,0,0,27,36,0
6,3,6,1.3,0,0,0,3,8
15,0,15,17.2,0,0,0,11,8
9,2,9,11.4,0,0,19,5,29
1,2,1,18.7,0,0,0,20,14
11,2,11,14.8,0,0,2,16,2
5,2,5,8.9,0,0,4,11,2
18,3,18,26.5,0,0,0,16,8
15,2,15,20.0,0,0,0,34,5
10,1,10,8.7,0,0,0,13,8
9,4,9,19.6,0,0,0,76,14
16,3,16,23.6,0,0,0,17,0
15,3,15,16.4,0,0,10,74,31
11,2,11,12.7,0,0,14,17,13
7,1,7,9.1,0,0,4,3,3
17,3,17,14.1,0,0,0,5,8
10,2,10,12.3,0,0,2,16,3
12,2,12,14.4,0,0,0,25,8
13,0,13,26.0,0,0,4,32,3
13,2,13,22.2,0,0,2,3,3
5,3,5,0.2,0,0,0,7,8
13,5,13,22.3,0,0,2,36,3
17,0,17,26.8,0,0,9,0,18
8,2,8,3.1,0,0,2,16,3
15,4,15,24.9,0,0,0,21,8
6,6,6,13.4,0,0,4,8,5
14,1,14,12.0,0,0,2,44,3
13,0,13,15.1,0,0,0,7,8
3,6,3,7.8,0,0,2,6,3
7,4,7,7.0,0,0,2,32,3
11,3,11,19.8,0,0,0,33,5
4,1,4,5.7,0,0,0,11,8
8,2,8,8.9,0,0,15,6,14
23,5,23,6.4,0,0,23,41,15
5,4,5,8.2,0,0,2,9,2
13,1,13,15.5,0,0,0,45,5
13,4,13,11.7,0,0,33,62,0
5,3,5,18.5,0,0,4,8,3
7,2,7,12.5,0,0,0,16,8
11,6,11,13.2,0,0,0,21,8
17,3,17,27.2,0,0,2,4,2
22,4,22,6.8,0,0,7,36,7
4,4,4,16.0,0,0,2,3,3
13,1,13,10.8,0,0,18,32,6
21,2,21,12.2,0,0,0,5,5
5,5,5,4.1,0,0,4,11,2
12,5,12,25.3,1,0,0,54,5
1,5,1,6.3,0,0,7,0,7
0,2,0,6.5,0,0,16,21,8
10,4,10,11.3,0,0,0,21,14
5,2,5,1.8,0,0,2,7,3
12,6,12,14.1,0,0,0,3,5
10,6,10,10.4,0,0,0,25,8
7,0,7,5.1,0,0,4,3,2
15,5,15,31.9,0,0,6,93,5
17,3,17,30.6,0,0,37,69,4
7,2,7,13.4,0,0,2,33,3
12,4,12,15.6,0,0,0,32,5
13,4,13,14.9,0,0,33,62,0
19,1,19,5.8,0,0,4,3,2
11,0,11,9.3,0,0,29,26,10
7,5,7,9.7,0,0,2,42,3
4,1,4,10.0,0,0,0,12,8
6,4,6,4.5,0,0,4,32,3
12,6,12,21.1,0,0,1,2,1
5,6,5,14.7,0,0,2,7,3
22,3,22,18.4,0,0,14,24,9
23,6,23,7.4,0,0,18,32,6
4,4,4,8.3,0,0,0,16,5
7,1,7,9.4,0,0,0,13,8
16,3,16,22.9,0,0,0,3,8
16,6,16,10.9,0,0,0,11,8
9,4,9,8.8,0,0,0,13,5
0,5,0,3.2,0,0,0,6,14
9,6,9,9.6,0,0,0,42,5
12,0,12,25.6,0,0,14,24,9
17,2,17,37.0,0,0,2,5,2
1,3,1,15.5,0,0,0,25,8
19,4,19,13.8,0,0,2,32,3
22,1,22,16.7,0,0,0,25,5
7,2,7,10.4,0,0,0,13,5
13,4,13,26.7,0,0,26,49,13
13,6,13,14.7,0,0,0,7,8
4,4,4,10.5,0,0,0,7,8
5,4,5,10.8,0,0,2,3,3
23,6,23,19.6,0,0,21,36,7
13,6,13,21.7,0,0,0,61,8
3,1,3,11.6,0,0,15,14,3
6,0,6,13.6,0,0,2,8,3
16,2,16,31.3,0,0,4,44,2
1,5,1,18.5,0,0,15,6,3
15,1,15,27.6,0,0,0,9,8
7,4,7,11.9,0,0,0,36,8
16,5,16,17.7,0,0,18,32,6
4,2,4,12.0,0,0,0,3,8
7,0,7,13.3,0,0,2,8,3
5,1,5,10.9,0,0,4,5,2
20,4,20,23.7,0,0,9,26,18
12,1,12,14.3,0,0,0,11,8
1,2,1,19.6,0,0,0,37,0
5,4,5,14.7,0,0,2,4,3
15,1,15,26.0,0,0,0,34,5
21,1,21,18.7,0,0,25,46,14
23,6,23,8.0,0,0,18,32,6
5,3,5,7.9,0,0,1,2,6
15,6,15,24.3,0,0,0,9,8
0,5,0,17.3,0,0,2,21,3
19,5,19,27.0,0,1,0,21,5
17,5,17,8.9,0,0,0,61,8
4,6,4,13.7,0,0,0,3,5
4,4,4,15.3,0,0,5,9,4
14,1,14,11.9,0,0,0,7,8
23,2,23,13.4,0,0,18,32,26
10,1,10,24.3,0,0,2,45,3
8,3,8,16.1,0,0,2,8,3
20,2,20,12.9,0,0,0,3,8
19,0,19,7.6,0,0,0,17,0
10,5,10,10.3,0,0,10,129,17
14,3,14,13.4,0,0,2,44,3
15,6,15,14.6,0,0,28,55,0
18,5,18,25.4,0,0,16,11,3
17,6,17,21.4,0,1,4,38,3
16,4,16,20.1,0,0,0,17,14
8,5,8,13.6,0,0,0,45,5
5,6,5,13.3,0,0,4,8,5
4,1,4,9.7,0,0,0,5,5
12,3,12,10.0,1,2,0,8,5
19,5,19,20.4,0,0,4,16,5
5,1,5,9.5,0,0,2,7,2
1,4,1,7.5,0,0,2,36,2
5,6,5,18.6,0,0,2,119,3
13,3,13,15.1,0,0,2,33,3
10,0,10,12.7,0,0,10,74,31
5,6,5,17.6,0,0,1,2,6
13,6,13,21.7,0,0,14,17,13
20,3,20,19.7,0,0,0,17,0
11,2,11,25.8,0,0,0,5,5
5,4,5,6.7,0,0,0,7,8
6,4,6,16.8,0,0,4,12,3
9,2,9,5.1,0,0,10,74,73
13,0,13,31.8,0,1,1,2,6
2,5,2,4.9,0,0,15,14,3
6,2,6,3.7,0,0,16,21,2
16,2,16,15.3,0,0,0,21,0
15,3,15,24.7,0,0,0,32,5
16,2,16,20.9,0,0,4,3,3
13,5,13,22.0,0,0,26,49,13
16,5,16,31.4,0,0,0,3,8
5,3,5,8.2,0,0,4,10,5
4,3,4,12.2,0,0,0,3,8
17,2,17,16.2,0,0,0,3,8
9,1,9,10.1,0,0,2,16,2
11,1,11,24.7,0,1,0,44,8
12,1,12,12.3,0,0,0,3,8
13,0,13,20.1,0,0,18,32,33
14,2,14,24.1,0,0,47,10,47
4,1,4,13.0,0,0,2,10,3
6,2,6,9.5,0,0,0,7,8
16,5,16,29.0,0,0,0,13,8
4,2,4,3.1,0,0,0,11,8
4,0,4,13.9,0,0,8,0,9
11,2,11,21.9,0,0,0,16,8
8,2,8,3.5,0,0,0,3,8
10,0,10,21.2,0,0,2,16,2
12,0,12,18.9,0,0,0,32,5
11,1,11,15.0,0,0,27,36,25
7,1,7,5.6,0,0,0,33,5
5,3,5,17.5,0,0,4,8,3
9,6,9,14.9,0,0,0,53,0
9,6,9,18.0,0,0,0,9,8
14,1,14,26.6,0,0,0,9,5
12,5,12,17.8,0,0,0,15,8
18,6,18,17.7,0,0,18,32,6
12,5,12,12.2,0,0,2,61,2
6,2,6,9.6,0,0,0,3,8
20,2,20,13.6,0,0,0,4,5
21,3,21,20.8,0,0,4,32,2
16,2,16,14.7,0,0,0,3,8
19,3,19,14.8,0,0,0,32,5
7,5,7,12.1,0,0,0,52,5
16,6,16,25.0,0,0,2,9,3
7,0,7,13.5,0,0,0,5,5
9,3,9,8.8,0,0,0,45,5
6,1,6,0.7,0,0,0,5,8
5,3,5,18.8,0,0,4,12,5
15,2,15,15.5,0,0,0,78,8
6,2,6,10.6,0,0,0,8,8
1,5,1,14.0,0,0,0,6,0
14,0,14,25.6,0,0,0,9,5
11,6,11,14.5,0,0,7,0,7
22,3,22,8.9,0,0,0,9,0
20,1,20,21.8,0,0,4,5,2
12,6,12,25.3,0,0,0,25,8
13,3,13,17.1,0,0,0,44,5
15,0,15,24.7,0,0,4,12,3
5,0,5,12.3,0,0,4,10,2
12,6,12,14.5,0,0,26,49,13
6,5,6,12.0,0,0,2,42,3
6,1,6,4.2,0,0,0,5,8
13,5,13,12.8,0,0,0,9,5
17,3,17,31.0,0,1,15,6,3
15,2,15,31.3,0,0,6,93,5
12,6,12,24.6,0,0,0,13,8
7,4,7,10.2,0,0,10,85,17
12,5,12,19.1,0,0,0,66,0
16,4,16,15.5,0,0,0,3,8
5,3,5,13.6,0,0,0,52,5
7,1,7,12.4,0,0,15,6,14
5,0,5,16.2,0,0,9,0,18
8,6,8,7.0,0,0,0,16,8
6,2,6,6.4,0,0,16,21,2
6,4,6,3.9,0,0,0,3,5
6,6,6,13.4,0,0,4,11,2
5,2,5,17.4,0,0,0,4,5
14,2,14,13.6,0,0,0,61,5
15,0,15,29.2,0,0,0,44,5
15,0,15,26.4,0,0,2,9,3
21,6,21,22.1,0,1,0,4,5
13,6,13,22.1,0,0,0,32,5
10,1,10,13.2,0,0,0,3,8
6,4,6,4.4,0,0,6,9,5
9,6,9,9.0,0,0,2,16,2
19,2,19,17.9,0,0,4,5,3
16,2,16,7.2,0,0,0,6,14
17,1,17,19.6,0,0,0,13,5
22,6,22,22.8,0,1,12,18,7
6,4,6,10.9,0,0,2,7,3
6,0,6,7.6,0,0,24,47,23
9,0,9,5.8,0,0,0,15,8
6,4,6,13.5,0,1,0,25,5
23,3,23,9.0,0,0,7,0,7
22,3,22,8.4,0,0,2,8,2
19,3,19,26.8,1,0,19,35,19
3,4,3,13.4,0,0,80,26,7
13,4,13,16.4,0,0,2,21,3
5,1,5,15.5,0,0,0,16,5
12,6,12,22.0,0,0,0,45,5
16,1,16,11.9,0,0,0,6,14
4,4,4,3.0,0,0,3,26,4
8,2,8,16.0,0,0,0,13,8
6,5,6,3.8,0,0,15,6,14
10,1,10,10.2,0,0,0,21,0
11,2,11,13.0,0,0,0,30,5
9,3,9,19.1,0,0,0,29,8
4,2,4,12.1,0,0,0,7,8
6,2,6,10.5,0,0,0,5,8
5,0,5,8.7,0,0,2,7,3
1,4,1,6.1,0,0,1,2,6
7,1,7,9.1,0,0,0,8,8
3,2,3,18.1,0,0,1,2,1
18,2,18,25.9,0,0,10,13,17
6,6,6,8.4,0,0,0,7,5
4,0,4,4.3,0,0,2,11,2
10,5,10,8.3,0,0,0,21,14
1,6,1,12.0,0,0,16,21,5
8,2,8,3.6,0,0,73,9,78
0,4,0,12.9,0,0,0,7,5
12,3,12,14.2,0,0,10,28,16
19,0,19,26.6,0,0,0,8,5
12,3,12,21.8,0,0,16,21,8
19,5,19,10.6,0,0,2,4,3
23,0,23,12.7,0,0,2,21,3
16,1,16,29.5,0,0,0,45,5
22,0,22,15.7,0,0,19,145,38
6,3,6,17.1,0,0,8,6,9
22,0,22,14.0,0,0,14,17,13
5,5,5,15.7,0,0,4,11,3
7,6,7,5.4,0,0,0,44,8
8,2,8,3.5,0,0,19,5,66
1,5,1,3.5,0,0,0,1,0
14,3,14,14.8,0,0,2,5,3
6,4,6,8.8,0,0,0,8,8
5,0,5,4.1,0,0,2,7,3
8,1,8,11.9,0,0,0,3,8
21,2,21,10.2,0,0,4,11,2
5,4,5,13.6,0,0,2,3,3
6,6,6,18.3,0,0,2,8,3
11,6,11,12.1,0,0,16,21,8
3,4,3,16.7,0,0,9,0,10
5,5,5,16.3,0,0,0,3,8
8,5,8,13.8,0,0,0,76,0
12,2,12,27.7,0,0,0,11,5
7,1,7,10.2,0,0,4,7,3
8,1,8,8.9,0,0,0,10,5
5,0,5,12.2,0,0,4,7,3
19,3,19,23.5,0,1,49,86,49
6,4,6,4.5,0,0,4,7,2
6,6,6,17.9,0,0,8,0,9
7,6,7,6.4,0,0,4,21,2
14,6,14,33.7,0,0,0,13,8
17,2,17,22.0,0,0,0,21,0
8,1,8,8.9,0,0,2,16,3
10,1,10,16.6,0,0,0,29,8
16,3,16,23.4,0,0,4,5,3
5,0,5,12.1,0,0,0,7,8
8,1,8,6.5,0,0,0,53,14
15,5,15,31.4,0,0,16,21,8
9,5,9,20.9,0,0,4,16,3
6,4,6,11.7,0,0,0,5,8
21,2,21,8.4,0,0,0,36,8
1,0,1,10.5,0,0,16,21,8
10,0,10,19.0,0,0,2,16,3
7,4,7,8.9,0,0,0,29,5
4,4,4,7.6,0,0,0,25,5
13,1,13,12.0,1,2,0,6,14
16,2,16,22.0,0,0,0,3,5
12,3,12,21.4,0,0,10,28,16
5,3,5,10.0,0,0,0,36,8
12,3,12,24.2,0,0,0,7,8
13,3,13,30.4,0,0,2,5,3
20,5,20,8.3,0,0,0,3,8
10,5,10,9.3,0,0,2,34,3
14,2,14,23.8,0,0,0,8,8
11,2,11,13.0,0,0,16,21,8
11,2,11,18.6,1,0,2,32,3
20,2,20,11.7,0,0,0,4,5
18,6,18,10.4,0,0,0,33,8
18,1,18,25.9,0,0,0,13,8
9,2,9,18.1,0,0,2,8,3
16,3,16,27.2,0,0,4,44,2
23,6,23,7.0,0,0,0,22,14
14,1,14,11.9,0,0,0,21,8
14,0,14,30.2,0,0,18,32,6
20,2,20,11.8,0,0,0,7,8
16,6,16,11.2,0,0,4,7,2
14,1,14,20.5,0,0,0,9,5
15,2,15,20.0,0,0,0,9,8
6,5,6,8.9,0,0,2,7,3
7,3,7,2.3,0,0,0,13,8
16,0,16,27.2,0,0,0,5,8
11,0,11,10.4,0,0,0,16,8
12,5,12,25.5,0,0,0,15,8
14,4,14,15.2,0,0,4,78,2
12,2,12,10.6,0,0,26,49,13
7,3,7,3.8,0,0,0,7,8
12,2,12,11.4,0,0,0,32,5
14,4,14,20.8,0,0,0,29,8
13,0,13,17.9,0,0,0,44,8
9,6,9,9.4,0,0,2,16,2
2,4,2,13.4,0,0,1,2,6
18,6,18,11.1,0,0,0,32,5
21,3,21,8.7,0,0,0,4,8
18,0,18,15.5,0,0,0,36,5
15,3,15,27.0,0,0,2,5,3
23,5,23,11.7,0,0,13,19,13
22,3,22,20.7,0,1,11,0,12
8,2,8,12.0,0,0,0,5,8
10,4,10,10.2,0,0,0,30,5
5,1,5,4.4,0,0,4,3,2
17,3,17,13.1,0,0,4,38,3
18,0,18,16.5,0,0,0,12,5
1,2,1,16.7,0,0,15,6,3
22,2,22,21.1,0,1,12,18,7
19,4,19,14.9,0,0,0,8,5
8,0,8,9.9,0,0,4,14,3
21,6,21,12.8,0,0,0,16,5
0,1,0,14.1,0,0,20,6,7
7,5,7,10.1,0,0,0,29,8
10,0,10,23.7,0,0,0,42,5
13,4,13,16.9,0,0,19,35,29
15,6,15,28.8,0,0,0,44,5
13,5,13,29.8,0,0,4,13,2
20,5,20,30.5,0,0,0,9,8
18,0,18,23.4,0,0,0,13,8
11,1,11,13.6,0,0,0,0,0
0,0,0,14.1,0,0,0,22,0
0,2,0,14.1,0,0,11,23,14
12,1,12,11.2,0,0,26,49,13
2,3,2,14.9,0,0,1,2,6
10,3,10,7.6,0,0,27,36,0
18,0,18,12.6,0,0,0,36,8
13,5,13,17.8,0,0,2,7,3
8,1,8,9.6,0,0,0,13,5
20,5,20,13.7,0,0,0,9,8
7,2,7,1.4,0,0,0,33,8
6,4,6,12.6,0,0,0,7,5
7,1,7,11.1,0,0,0,29,8
23,5,23,11.4,0,0,0,20,0
17,5,17,14.4,0,0,2,12,3
15,1,15,14.7,0,0,0,13,8
11,2,11,14.2,0,0,27,36,0
17,3,17,17.3,0,0,6,9,0
8,2,8,9.8,0,0,2,7,3
16,2,16,22.1,0,0,2,44,3
18,4,18,16.6,0,0,0,36,8
4,0,4,14.7,0,0,4,6,3
8,0,8,2.3,0,0,0,10,5
4,1,4,8.7,0,0,2,5,2
16,0,16,27.8,0,0,0,33,8
23,3,23,12.2,0,0,35,43,14
5,6,5,5.0,0,0,2,9,2
23,1,23,2.7,0,0,0,43,14
14,1,14,20.6,0,0,4,3,3
0,4,0,2.9,0,0,1,2,6
16,6,16,29.3,0,0,0,15,5
5,2,5,10.4,0,0,2,11,2
4,2,4,6.9,0,0,1,2,6
10,0,10,12.6,0,0,0,44,5
6,2,6,11.4,0,0,2,16,2
8,5,8,17.9,0,1,17,2,7
20,6,20,10.9,0,0,4,5,2
5,3,5,7.0,0,0,4,7,3
22,0,22,6.3,1,0,0,13,5
10,4,10,21.0,0,0,20,0,7
13,1,13,27.5,0,0,1,2,1
14,5,14,13.2,0,0,16,21,8
15,0,15,18.9,0,0,2,7,2
11,6,11,17.4,0,0,4,9,5
20,4,20,22.3,0,0,0,3,5
20,2,20,14.3,0,0,0,9,8
11,3,11,11.0,0,0,0,16,8
5,6,5,13.1,0,0,2,119,3
16,5,16,31.9,0,0,0,45,5
23,0,23,11.3,0,0,0,43,14
1,6,1,10.4,0,0,0,1,0
14,1,14,20.9,0,0,0,9,8
17,3,17,10.6,0,0,0,21,0
16,5,16,16.6,0,0,0,13,8
5,5,5,21.3,0,0,6,9,5
6,3,6,11.0,0,0,0,5,8
16,3,16,21.3,0,0,6,9,0
4,1,4,12.3,0,0,0,27,5
5,0,5,9.7,0,0,0,16,5
5,1,5,5.6,0,0,2,3,3
11,1,11,13.3,0,0,0,0,0
11,3,11,22.6,0,0,0,53,0
3,0,3,12.8,0,0,1,2,1
10,2,10,12.8,0,0,4,78,3
13,5,13,28.2,0,1,7,0,7
12,5,12,25.1,0,0,0,11,5
6,6,6,12.8,0,0,0,25,8
8,4,8,5.8,0,0,0,8,8
6,1,6,7.0,0,0,17,0,7
16,4,16,11.5,0,0,0,3,8
13,3,13,12.9,0,0,4,8,3
15,1,15,21.4,0,0,16,21,8
0,5,0,20.2,0,0,4,8,3
8,3,8,8.4,0,0,4,3,2
3,2,3,9.3,0,0,0,54,8
14,3,14,11.3,0,0,4,3,5
15,1,15,18.4,0,0,2,3,3
13,5,13,17.0,0,0,0,61,8
17,5,17,15.5,0,0,2,12,3
9,6,9,20.3,0,0,0,13,8
7,3,7,1.2,0,0,0,36,8
17,4,17,31.1,0,0,4,8,3
4,1,4,19.4,0,0,2,7,3
12,4,12,14.5,0,0,19,48,32
22,3,22,18.8,0,0,6,9,5
11,4,11,22.8,0,1,0,5,8
12,0,12,21.6,0,0,0,5,8
4,5,4,14.7,0,0,2,7,3
12,4,12,19.1,0,0,2,33,3
16,2,16,18.3,0,0,0,8,5
16,4,16,17.1,0,0,0,7,5
13,1,13,17.2,0,0,0,33,8
4,6,4,15.4,0,0,2,5,3
18,0,18,35.0,0,1,0,8,8
5,6,5,5.7,0,0,0,52,5
8,0,8,14.9,0,0,0,13,8
7,5,7,6.3,0,0,4,21,2
6,6,6,0.8,0,0,2,7,2
12,5,12,23.4,0,0,2,8,3
23,0,23,4.9,0,0,0,43,14
19,1,19,5.2,0,0,0,3,8
11,1,11,14.2,0,0,2,7,3
11,2,11,21.3,0,0,2,16,2
8,3,8,15.2,0,0,10,35,17
10,6,10,16.1,0,0,4,7,3
5,4,5,0.8,0,0,0,36,8
20,3,20,21.9,0,0,2,7,3
6,0,6,0.9,0,0,0,7,8
8,1,8,5.7,0,0,0,5,5
18,4,18,8.0,1,2,4,13,5
6,1,6,4.4,0,0,4,32,3
8,0,8,8.9,0,0,6,9,5
7,0,7,10.0,0,0,10,100,57
14,0,14,16.7,0,0,16,21,8
10,2,10,16.6,0,0,10,54,34
6,2,6,9.2,0,0,15,6,3
12,0,12,15.5,0,0,2,7,3
5,2,5,7.1,0,0,2,8,3
8,3,8,13.9,0,0,0,44,8
19,4,19,8.0,1,2,1,2,1
15,4,15,15.0,0,0,16,10,8
21,3,21,11.3,0,0,2,8,2
11,5,11,21.4,0,0,2,16,2
4,5,4,13.2,0,0,0,3,5
17,2,17,21.4,0,0,0,13,8
17,4,17,24.5,0,0,4,38,3
15,1,15,29.3,1,0,0,5,8
16,5,16,31.6,0,0,0,34,5
15,6,15,17.3,0,0,29,26,10
15,3,15,29.1,0,0,16,110,2
6,5,6,11.9,0,0,0,3,5
6,3,6,8.9,0,0,0,3,8
20,1,20,20.9,0,0,0,4,5
11,3,11,9.5,0,0,0,3,8
13,3,13,19.2,0,0,2,12,3
23,2,23,18.0,0,0,0,20,14
15,1,15,18.0,0,0,0,78,5
16,3,16,14.0,0,0,0,44,8
8,1,8,6.1,0,0,0,21,8
4,3,4,7.8,0,0,1,2,6
13,5,13,28.7,0,0,0,9,5
13,0,13,19.1,0,0,0,8,5
23,0,23,11.1,0,0,0,25,8
19,5,19,10.5,0,0,0,17,0
23,5,23,8.2,0,0,0,0,0
10,2,10,5.7,0,0,0,5,8
23,1,23,7.1,0,0,2,21,3
6,6,6,8.3,0,0,2,21,3
19,5,19,23.6,0,0,0,5,5
13,0,13,22.5,0,0,0,5,5
7,5,7,5.8,0,0,17,2,7
8,4,8,17.4,0,0,0,32,5
1,0,1,20.8,0,0,0,6,14
20,1,20,9.0,0,0,0,36,5
17,2,17,9.3,0,0,0,32,5
11,2,11,8.5,0,0,0,7,8
8,4,8,13.2,0,0,0,13,8
18,6,18,16.6,0,0,0,7,8
22,1,22,3.3,0,0,17,0,7
11,6,11,22.5,0,0,7,0,7
10,6,10,27.2,0,0,0,57,0
23,3,23,8.3,0,0,2,21,3
9,5,9,9.3,0,0,4,44,2
8,2,8,12.9,0,0,0,76,14
8,6,8,18.0,0,0,0,9,14
14,5,14,15.9,0,0,2,36,3
22,0,22,6.3,0,0,14,17,13
1,5,1,15.3,0,0,23,41,15
15,6,15,22.8,0,0,0,5,8
16,6,16,21.7,0,0,0,11,8
1,4,1,15.3,0,0,15,6,3
20,0,20,19.3,0,0,0,3,5
8,6,8,5.1,0,0,4,3,2
16,1,16,28.6,0,0,0,16,8
17,0,17,27.8,0,0,4,38,3
17,2,17,8.8,0,0,0,54,5
16,3,16,26.6,0,0,0,33,5
4,0,4,16.8,0,0,2,4,3
10,1,10,17.7,0,0,0,54,8
16,5,16,17.1,0,0,4,32,3
5,4,5,4.2,0,0,2,9,2
20,4,20,13.0,0,0,0,3,8
7,2,7,1.7,0,0,4,5,3
7,1,7,10.0,0,0,0,5,8
11,1,11,23.5,0,0,0,3,8
10,0,10,20.6,0,0,2,33,3
10,4,10,8.6,0,0,0,53,0
16,3,16,28.3,0,0,4,44,2
15,2,15,14.9,0,0,2,8,2
19,0,19,14.1,0,0,0,8,8
10,1,10,11.7,0,0,19,16,58
18,6,18,26.0,0,0,0,21,8
19,0,19,29.5,0,0,2,54,3
7,3,7,6.1,0,0,17,0,7
4,3,4,9.3,0,0,0,11,8
22,0,22,12.5,0,0,23,41,15
14,4,14,15.0,0,0,0,45,5
7,2,7,9.0,0,0,0,9,14
20,3,20,13.6,0,0,0,36,8
3,3,3,9.7,0,0,15,14,5
16,6,16,20.0,0,0,4,50,2
16,3,16,28.0,0,0,0,36,8
7,5,7,15.6,0,0,4,5,3
6,0,6,9.9,0,0,24,28,30
19,0,19,22.0,0,0,2,7,3
1,1,1,11.8,0,0,23,41,15
6,3,6,3.2,0,0,4,5,3
5,1,5,14.5,0,0,0,5,8
6,5,6,12.4,0,0,0,8,5
8,6,8,7.4,0,0,0,30,5
23,1,23,9.3,0,0,0,20,14
6,3,6,9.3,0,0,0,7,8
13,3,13,23.9,0,0,0,32,5
7,0,7,9.9,0,0,0,36,8
19,6,19,30.3,0,0,2,33,3
22,0,22,12.3,0,0,23,41,15
5,3,5,8.6,0,0,2,9,2
11,1,11,13.2,0,0,4,63,3
13,6,13,21.7,0,0,4,5,2
11,6,11,10.1,0,0,0,0,0
8,1,8,9.7,0,0,4,7,2
1,3,1,13.5,0,0,0,6,14
13,1,13,18.7,0,0,0,30,5
13,1,13,25.5,0,0,33,62,0
16,3,16,10.0,0,0,0,78,8
8,0,8,5.2,0,0,4,7,3
5,3,5,13.6,0,0,0,32,5
7,5,7,14.5,0,0,0,13,5
2,6,2,10.2,0,0,0,1,0
7,1,7,8.8,0,0,0,16,5
4,3,4,7.2,0,0,1,2,6
7,6,7,12.8,0,0,2,8,3
1,1,1,11.1,0,0,16,21,8
17,1,17,19.1,0,0,6,9,0
13,4,13,21.8,0,0,0,5,8
16,3,16,29.3,0,0,0,3,5
7,5,7,4.6,0,0,0,4,8
12,5,12,25.2,0,0,2,11,3
6,1,6,6.4,0,0,4,5,2
21,4,21,14.2,0,0,0,9,8
9,0,9,22.9,0,1,17,0,7
16,2,16,11.0,0,0,0,32,5
10,1,10,14.5,0,0,27,36,0
6,1,6,11.2,0,0,0,8,8
23,4,23,17.2,0,0,13,19,13
15,6,15,15.2,0,0,9,0,18
13,0,13,17.7,0,0,0,5,8
19,2,19,12.0,0,0,16,21,8
23,6,23,4.9,0,0,0,22,14
22,4,22,14.9,0,0,18,36,6
16,3,16,20.3,0,0,7,0,7
6,5,6,4.3,0,0,0,3,8
14,2,14,16.1,0,0,16,21,8
4,0,4,14.9,0,0,0,5,5
15,5,15,14.0,0,0,6,93,5
15,2,15,19.5,0,0,2,44,3
5,4,5,12.0,0,0,80,26,7
4,4,4,13.2,0,0,0,7,5
21,6,21,12.4,0,0,0,9,5
8,3,8,7.2,0,0,0,9,8
11,0,11,15.8,0,0,0,5,8
5,1,5,11.7,0,0,2,7,3
8,4,8,11.1,0,0,0,9,14
1,0,1,17.0,0,0,3,6,4
14,0,14,27.2,0,0,2,12,3
0,4,0,7.5,0,0,23,41,15
8,2,8,13.3,0,0,0,44,5
5,1,5,9.2,0,0,4,5,2
8,1,8,8.9,0,0,0,5,5
13,6,13,15.1,0,0,0,12,5
16,3,16,14.4,0,0,0,21,0
16,6,16,23.5,1,1,0,42,5
16,2,16,17.2,0,0,0,33,8
5,0,5,10.8,0,0,4,7,3
11,6,11,20.2,0,0,0,5,8
0,4,0,3.3,0,0,16,21,8
10,4,10,10.4,0,0,0,44,8
13,5,13,15.7,0,0,0,21,8
11,1,11,14.2,0,0,0,16,8
12,3,12,21.0,0,0,0,66,0
17,4,17,13.4,0,0,0,36,8
13,5,13,26.1,0,0,0,61,8
6,3,6,6.3,0,0,4,7,2
1,4,1,16.8,0,0,15,6,15
9,6,9,11.3,0,0,0,13,8
10,5,10,12.3,0,0,27,36,0
17,2,17,21.9,0,0,2,11,3
7,1,7,4.0,0,0,0,36,8
16,2,16,28.1,0,0,0,61,5
23,3,23,9.7,0,0,18,32,6
20,2,20,19.9,0,0,0,9,8
6,3,6,6.5,0,0,0,9,3
4,0,4,9.1,0,0,0,3,8
20,5,20,12.2,0,0,2,9,2
14,6,14,17.7,0,0,4,7,2
8,6,8,4.4,0,0,0,32,5
14,0,14,17.3,0,0,32,25,58
12,2,12,24.0,0,0,18,32,6
6,5,6,16.3,0,0,1,2,6
7,4,7,8.6,0,0,4,7,3
1,3,1,16.1,0,0,1,2,6
9,1,9,21.4,0,1,17,0,7
6,6,6,13.3,0,0,2,4,3
15,4,15,17.5,0,0,4,21,2
13,6,13,12.8,0,0,0,32,5
0,1,0,14.3,0,0,11,23,14
23,2,23,7.4,0,0,0,22,14
12,0,12,22.0,0,0,10,91,37
11,2,11,26.2,0,0,7,0,7
14,5,14,15.8,0,0,6,93,5
5,1,5,6.1,0,0,2,9,2
15,2,15,21.4,0,0,2,44,3
6,2,6,4.5,0,0,2,36,3
0,6,0,6.4,0,0,15,6,3
5,2,5,1.8,0,0,4,11,2
5,5,5,6.4,0,0,2,9,2
15,6,15,19.7,0,0,6,93,5
4,3,4,9.1,0,0,0,6,14
22,4,22,7.0,1,2,0,36,8
4,5,4,12.7,0,0,0,11,8
23,6,23,11.5,0,0,0,43,14
20,3,20,21.5,0,0,2,7,3
1,0,1,5.1,0,0,9,0,10
8,2,8,6.2,0,0,2,8,3
5,4,5,16.4,0,0,2,7,3
17,4,17,6.9,0,0,0,33,5
10,1,10,10.9,0,0,0,21,14
5,4,5,4.4,0,0,7,0,7
11,2,11,14.5,0,0,1,2,1
2,6,2,6.0,0,0,9,0,18
21,5,21,17.8,0,0,2,12,3
15,4,15,19.3,0,0,4,54,3
1,3,1,9.9,0,0,2,8,2
0,5,0,16.8,0,0,0,22,0
4,4,4,8.0,1,2,2,9,3
23,5,23,17.6,0,0,0,0,0
4,3,4,8.4,0,0,0,25,8
8,0,8,4.6,0,0,4,14,3
22,5,22,23.9,0,0,11,0,12
8,2,8,12.4,0,0,0,44,8
6,3,6,6.0,0,0,0,5,8
6,3,6,8.3,0,0,4,50,2
14,0,14,8.0,0,0,18,32,26
17,0,17,11.6,0,0,6,9,0
0,6,0,3.7,0,0,9,0,10
12,2,12,17.1,0,0,0,3,8
7,6,7,1.3,0,0,0,9,14
13,6,13,22.7,0,0,26,49,13
6,2,6,15.3,0,0,15,6,3
18,5,18,29.3,0,0,0,9,0
4,2,4,6.4,0,0,2,6,3
14,0,14,15.6,0,0,9,9,10
11,3,11,13.5,0,0,14,17,13
19,3,19,29.8,0,0,16,21,5
17,5,17,29.6,0,0,6,9,0
18,3,18,23.3,0,0,0,5,8
21,6,21,12.2,0,0,11,0,14
7,0,7,9.5,0,0,0,8,8
16,4,16,13.3,0,0,0,3,8
18,0,18,13.4,0,0,0,36,5
18,6,18,28.2,0,0,16,11,2
19,1,19,15.9,0,0,16,21,2
6,2,6,12.5,0,0,4,21,2
5,4,5,4.6,0,0,0,7,8
8,4,8,11.3,0,0,0,5,8
5,1,5,5.4,0,0,2,8,3
6,6,6,7.6,0,0,2,21,3
20,2,20,5.3,0,0,2,5,3
9,2,9,14.3,0,0,2,16,3
14,6,14,16.2,0,0,4,7,2
0,0,0,17.9,0,0,9,0,10
4,2,4,6.4,0,0,2,4,3
9,2,9,10.0,0,0,0,7,8
11,3,11,9.4,0,0,4,63,5
11,1,11,14.5,0,0,0,53,0
5,3,5,19.2,0,0,1,2,6
10,5,10,21.1,0,0,0,8,8
14,5,14,15.1,0,0,0,54,5
6,5,6,7.4,0,0,0,5,8
6,2,6,9.3,0,0,0,9,5
19,1,19,17.6,0,0,6,9,7
22,3,22,9.2,0,0,18,32,33
8,1,8,9.2,0,0,9,69,18
13,2,13,15.2,0,0,0,9,5
15,0,15,11.4,0,0,0,9,5
9,6,9,19.7,0,0,0,53,14
5,4,5,3.7,0,0,2,7,2
21,2,21,11.1,0,0,0,4,5
6,6,6,13.1,0,0,0,7,5
18,0,18,13.3,0,0,16,11,5
5,6,5,5.1,0,0,4,12,2
5,1,5,13.5,0,0,2,11,2
10,4,10,10.6,0,0,0,12,5
9,6,9,2.2,0,0,0,13,5
16,4,16,16.6,0,0,0,6,14
17,1,17,14.2,0,0,0,16,8
19,6,19,8.5,0,0,0,17,0
1,4,1,17.0,0,0,0,21,5
23,3,23,5.3,0,0,10,8,11
21,2,21,17.8,0,0,25,46,0
16,3,16,14.3,0,0,0,17,14
4,5,4,16.4,0,0,0,4,8
16,3,16,13.8,0,0,0,3,8
2,5,2,5.6,0,0,9,0,10
1,4,1,14.9,0,0,23,41,5
14,2,14,24.2,0,0,0,7,8
20,5,20,23.0,0,0,0,36,5
21,0,21,18.0,0,0,2,7,2
15,0,15,26.2,0,0,0,78,8
13,6,13,14.7,0,0,0,13,8
11,2,11,19.0,0,0,0,7,8
9,5,9,9.5,0,0,0,53,0
6,6,6,8.7,0,0,2,36,3
5,1,5,11.1,0,0,2,3,3
0,3,0,18.1,0,0,18,32,6
8,4,8,5.1,0,0,0,9,14
12,5,12,21.2,0,0,4,63,3
12,2,12,22.3,0,0,0,13,8
12,2,12,19.8,0,0,14,17,13
4,3,4,13.4,0,0,10,16,36
8,0,8,6.7,0,0,0,9,8
13,4,13,27.4,0,0,0,32,5
13,5,13,25.0,0,0,2,4,3
8,3,8,8.7,0,0,0,13,8
4,3,4,9.1,0,0,2,7,3
16,2,16,29.5,0,0,15,6,3
21,0,21,23.5,0,1,0,9,5
5,6,5,7.3,0,0,4,11,2
18,4,18,28.9,0,0,0,33,8
8,2,8,4.8,0,0,0,29,5
16,2,16,25.5,0,0,0,25,8
16,4,16,20.9,0,0,2,5,3
1,1,1,13.9,0,0,15,6,3
7,2,7,6.1,0,0,4,7,5
11,1,11,13.7,0,0,0,3,8
5,1,5,11.5,0,0,0,25,8
13,5,13,28.7,0,0,0,5,5
12,1,12,28.8,0,0,0,44,8
17,0,17,21.7,0,0,2,11,2
13,0,13,29.1,0,0,4,6,3
5,1,5,10.3,0,0,2,11,2
14,1,14,19.4,0,0,0,61,8
5,4,5,12.7,0,0,2,119,3
8,0,8,11.4,0,0,0,32,5
4,6,4,7.3,0,0,0,7,8
10,3,10,8.5,0,0,19,39,29
17,5,17,29.5,0,0,4,38,3
3,1,3,15.1,0,0,0,0,14
6,6,6,2.2,0,0,15,6,14
1,1,1,13.6,0,0,0,1,0
8,1,8,10.0,0,0,2,7,2
23,1,23,13.1,0,0,16,21,2
15,4,15,17.7,0,0,6,93,5
15,6,15,11.5,0,0,2,54,3
0,3,0,19.5,0,0,0,6,14
4,2,4,8.5,0,0,2,11,2
18,3,18,10.7,0,0,0,32,5
20,6,20,19.8,0,1,2,9,3
6,2,6,12.3,0,0,2,32,3
19,3,19,15.0,0,0,2,33,3
18,6,18,25.1,0,0,2,4,2
5,0,5,8.0,0,0,4,11,2
12,4,12,7.2,0,0,26,49,13
14,0,14,30.2,0,0,0,21,5
12,3,12,13.0,0,0,0,11,8
7,0,7,0.1,0,0,4,21,5
1,0,1,18.1,0,0,0,37,0
6,4,6,11.0,0,0,2,8,3
5,2,5,8.0,0,0,0,36,8
1,2,1,12.2,0,0,23,41,15
14,3,14,13.8,0,0,4,5,2
21,1,21,11.1,0,0,2,8,3
1,6,1,8.5,0,0,0,21,8
6,2,6,9.2,0,0,2,21,2
5,3,5,14.9,0,0,4,7,2
4,0,4,8.2,0,0,0,7,5
1,3,1,9.6,0,0,1,2,6
12,1,12,20.4,0,0,0,7,5
14,6,14,21.1,0,0,18,54,20
15,4,15,16.0,0,0,1,2,6
12,0,12,25.7,0,0,0,13,8
12,4,12,25.0,0,0,0,13,8
10,2,10,6.0,0,0,0,8,8
7,3,7,15.8,0,0,2,33,3
9,5,9,23.5,0,1,2,16,3
11,5,11,16.1,0,0,0,3,8
5,5,5,12.3,0,0,2,3,3
10,1,10,13.4,0,0,2,8,3
5,2,5,13.4,0,0,0,7,5
4,5,4,13.0,0,0,0,4,8
19,4,19,15.0,0,0,0,25,8
8,2,8,9.8,0,0,2,16,2
5,2,5,12.3,0,0,2,3,3
4,4,4,15.0,0,0,2,4,3
21,0,21,13.0,0,0,13,19,13
14,5,14,21.0,0,0,7,0,7
9,3,9,5.5,0,0,0,53,0
12,3,12,26.3,0,0,26,49,13
12,5,12,14.9,0,0,0,32,5
11,6,11,12.4,0,0,2,34,2
9,6,9,7.7,0,0,0,29,8
4,2,4,9.9,0,0,0,11,8
15,4,15,29.7,0,1,7,0,7
11,2,11,14.7,0,0,0,5,8
13,4,13,24.8,0,0,28,55,0
23,2,23,11.9,0,0,0,20,14
10,5,10,23.3,0,0,9,0,10
12,3,12,9.4,0,0,2,7,3
7,6,7,5.2,0,0,2,16,2
12,4,12,21.6,0,0,1,2,1
19,6,19,13.7,0,0,2,44,3
4,1,4,5.0,0,0,0,12,5
5,4,5,11.4,0,0,4,12,2
4,3,4,9.1,0,0,0,25,8
0,2,0,17.0,0,0,11,23,14
11,0,11,14.6,0,0,14,17,13
1,0,1,11.9,0,0,16,21,8
11,4,11,17.2,0,0,14,17,13
14,6,14,33.5,0,0,2,12,2
23,1,23,18.6,0,1,12,18,7
14,0,14,10.4,0,0,15,6,15
16,2,16,15.2,0,0,0,15,8
15,0,15,24.6,0,0,15,6,3
7,3,7,6.8,0,0,4,3,2
15,3,15,14.5,0,0,2,3,2
10,4,10,6.2,0,0,0,5,8
20,0,20,19.2,0,0,0,36,5
11,3,11,13.0,0,0,1,2,1
17,2,17,12.2,0,0,0,8,5
16,4,16,7.5,0,0,16,21,2
12,5,12,12.3,0,0,0,11,8
22,0,22,7.8,0,0,18,32,6
10,4,10,13.6,0,1,0,54,8
15,1,15,29.0,0,0,0,9,8
16,3,16,28.0,0,0,0,78,5
19,1,19,13.4,0,0,18,32,6
8,4,8,15.2,0,0,0,13,8
5,5,5,3.4,0,0,4,10,2
16,4,16,23.9,0,0,0,10,8
10,5,10,21.2,0,0,2,45,3
7,1,7,11.1,0,0,0,5,8
8,4,8,8.2,0,0,0,44,8
11,0,11,9.0,0,0,14,17,13
21,6,21,20.6,0,0,0,25,8
16,3,16,27.7,0,0,0,36,5
16,5,16,18.5,0,0,4,13,2
12,3,12,15.0,0,0,4,16,2
18,0,18,30.9,0,0,16,11,5
11,0,11,8.0,0,0,0,13,8
23,3,23,4.5,0,0,0,43,14
13,4,13,21.4,0,0,0,61,8
11,0,11,20.7,0,0,0,44,8
12,5,12,17.9,0,0,2,7,3
5,0,5,16.0,0,0,4,12,2
9,0,9,14.9,0,0,2,16,2
15,1,15,12.4,0,0,0,21,8
12,2,12,12.0,0,0,2,110,3
15,0,15,11.6,0,0,2,44,2
6,1,6,10.3,0,0,4,7,2
4,1,4,13.3,0,0,0,27,5
9,6,9,16.3,0,0,0,25,8
6,6,6,5.0,0,0,0,5,8
8,4,8,7.3,0,0,0,33,8
10,3,10,10.6,0,0,0,21,0
14,1,14,17.6,0,0,60,27,62
19,1,19,13.8,0,0,2,4,3
17,4,17,18.4,0,0,6,9,0
23,2,23,4.4,0,0,0,22,14
0,6,0,5.6,0,0,15,6,3
22,0,22,13.4,0,0,18,32,6
2,3,2,5.4,0,0,1,2,6
4,4,4,11.3,0,0,0,9,5
1,2,1,11.9,0,0,0,37,0
18,6,18,20.6,0,0,0,5,5
1,0,1,18.0,0,0,1,2,6
5,1,5,7.8,0,0,0,32,5
19,6,19,29.1,0,0,2,32,3
13,4,13,17.2,0,0,8,0,9
6,0,6,12.2,0,0,40,22,10
18,5,18,17.2,0,0,0,32,5
17,3,17,25.9,0,0,0,21,14
17,6,17,14.2,0,0,2,12,3
17,1,17,19.8,0,0,0,5,5
3,6,3,16.7,0,0,1,2,1
12,0,12,18.2,0,0,0,11,8
1,0,1,14.9,0,0,15,6,3
2,5,2,13.6,0,0,16,21,8
10,5,10,11.4,0,0,27,36,0
13,0,13,28.8,0,0,10,13,44
14,6,14,24.9,0,0,0,3,5
15,2,15,14.7,0,0,0,3,8
6,4,6,15.4,0,1,0,7,5
15,3,15,13.3,0,0,15,6,3
18,6,18,10.4,0,0,18,32,6
23,2,23,13.7,0,0,18,32,6
17,3,17,17.8,0,0,10,7,17
16,2,16,22.4,0,0,0,6,14
14,3,14,24.3,0,0,0,9,8
15,3,15,15.5,0,0,7,0,7
6,0,6,1.6,0,0,19,92,60
23,5,23,6.2,0,0,0,43,14
16,1,16,11.2,0,0,6,9,0
6,3,6,9.0,0,0,16,21,3
12,6,12,22.3,0,0,19,45,17
14,2,14,8.5,0,0,2,33,3
8,0,8,1.6,0,0,16,21,8
6,2,6,1.6,0,0,16,21,8
6,5,6,3.6,0,0,2,21,2
14,3,14,13.0,0,0,2,13,3
20,0,20,8.4,0,0,2,9,2
5,5,5,2.4,0,0,0,11,8
17,1,17,21.1,0,0,0,13,8
21,5,21,15.8,0,0,2,9,2
18,6,18,15.4,0,0,0,32,5
4,5,4,15.9,0,0,0,16,5
15,6,15,19.2,0,0,6,93,5
1,4,1,8.3,0,0,1,2,6
4,2,4,13.8,0,0,2,5,3
11,1,11,16.2,0,0,2,16,2
1,3,1,2.3,0,0,1,2,6
0,2,0,12.3,0,0,0,6,14
12,3,12,14.1,0,0,0,8,8
14,1,14,19.6,0,0,2,45,3
14,5,14,18.3,0,0,0,9,5
5,1,5,10.8,0,0,0,7,8
9,4,9,8.2,0,0,0,5,8
5,1,5,5.8,0,0,0,25,8
12,2,12,19.6,0,0,0,8,5
22,1,22,5.0,0,0,2,8,3
20,5,20,11.7,0,0,13,19,13
7,1,7,11.5,0,0,24,47,23
4,4,4,9.3,0,0,0,3,8
4,2,4,18.1,0,0,10,5,11
19,0,19,23.3,0,0,2,5,3
21,2,21,10.0,0,0,13,19,13
6,2,6,9.1,0,0,0,12,8
21,1,21,4.5,0,0,0,4,5
7,6,7,12.7,0,0,0,8,5
9,5,9,14.4,0,0,2,16,2
14,3,14,28.9,0,0,0,33,5
23,3,23,16.9,0,0,0,20,14
8,3,8,18.9,0,0,24,47,22
11,4,11,28.3,0,1,0,0,14
12,5,12,27.1,0,0,0,25,5
10,3,10,9.4,0,0,0,34,5
13,0,13,8.3,0,0,0,7,8
18,1,18,12.0,0,0,0,13,5
3,0,3,9.8,0,0,9,0,10
22,1,22,9.4,1,2,2,61,3
7,1,7,9.9,0,0,19,28,63
17,5,17,20.2,0,0,4,32,2
18,6,18,17.8,0,0,16,21,8
22,0,22,12.1,0,0,20,0,7
8,1,8,2.0,0,0,0,53,14
21,1,21,24.6,0,1,22,0,4
9,0,9,10.3,0,0,0,15,8
19,3,19,8.0,0,0,0,17,0
4,2,4,17.5,0,0,0,16,8
6,6,6,9.7,0,0,0,52,5
6,3,6,3.2,0,0,4,7,5
7,0,7,1.5,0,0,0,13,5
15,6,15,16.5,0,0,2,45,3
6,0,6,8.2,0,0,24,28,23
15,6,15,21.8,0,0,2,9,2
21,5,21,27.6,0,1,0,36,5
7,0,7,4.5,0,0,2,33,3
6,5,6,7.2,0,0,0,25,5
6,3,6,9.5,0,0,2,9,2
19,6,19,26.2,0,0,0,61,5
21,4,21,19.1,0,1,22,56,4
4,5,4,15.9,0,0,2,4,2
0,0,0,19.3,0,0,0,22,14
16,1,16,20.1,0,0,4,44,5
8,5,8,11.7,0,0,18,32,26
7,0,7,14.4,0,0,2,33,3
11,0,11,12.3,0,0,0,44,8
15,0,15,18.7,0,0,2,7,2
6,1,6,11.0,0,0,16,21,5
18,3,18,25.7,0,0,0,7,8
15,2,15,31.0,0,1,22,40,4
13,5,13,15.0,0,0,0,13,5
5,4,5,16.8,0,0,6,9,5
12,6,12,13.6,0,0,7,0,7
23,0,23,15.5,0,0,0,0,0
14,4,14,17.0,0,0,4,8,3
5,6,5,1.9,0,0,0,52,5
12,5,12,17.3,0,0,2,8,2
19,4,19,14.6,0,0,2,5,3
6,6,6,8.5,0,0,2,32,3
6,3,6,10.7,0,0,0,52,5
12,4,12,15.7,0,0,4,11,2
21,0,21,6.8,0,0,0,3,5
17,3,17,12.6,0,0,2,33,3
0,4,0,12.2,0,0,0,1,0
14,0,14,17.9,0,0,4,11,5
19,0,19,27.6,0,0,0,4,8
5,2,5,3.9,0,0,6,9,5
10,5,10,14.6,0,0,0,5,8
11,5,11,8.4,0,0,1,2,1
16,2,16,14.7,0,0,0,13,5
16,6,16,18.1,0,0,0,17,14
11,3,11,10.3,0,0,0,53,0
16,5,16,28.8,0,0,0,11,8
12,6,12,14.4,0,0,26,49,13
1,2,1,5.7,0,0,2,36,3
5,4,5,3.7,0,0,4,10,2
14,2,14,20.4,0,0,16,110,3
4,3,4,1.0,0,0,4,32,5
15,3,15,13.7,0,0,4,21,2
12,2,12,27.0,0,0,21,26,7
1,1,1,18.3,0,0,10,7,17
19,3,19,24.8,0,0,4,32,5
1,6,1,15.5,0,0,0,62,0
16,0,16,26.9,0,0,0,33,8
5,3,5,3.2,0,0,6,9,5
16,4,16,13.1,0,0,0,44,5
21,3,21,7.0,0,0,6,9,5
9,1,9,9.5,0,0,0,25,8
17,1,17,30.5,0,0,0,6,14
17,6,17,18.1,0,0,0,16,8
19,3,19,7.9,0,0,0,44,5
7,2,7,3.5,0,0,17,0,7
13,4,13,16.5,0,0,2,21,3
8,4,8,6.8,1,2,0,7,8
7,1,7,12.2,0,0,24,47,22
19,5,19,31.7,0,0,2,54,3
14,4,14,9.3,1,2,10,8,19
12,3,12,20.7,0,0,0,13,5
8,0,8,5.6,0,0,0,15,5
5,4,5,5.1,0,0,0,7,8
20,6,20,20.7,0,0,0,4,8
15,3,15,13.7,0,0,4,21,2
13,2,13,19.0,0,0,2,7,3
7,3,7,3.8,0,0,0,36,8
1,6,1,15.6,0,0,23,41,15
16,3,16,28.7,0,0,0,45,5
18,0,18,13.4,0,0,20,0,7
5,5,5,16.5,0,0,1,2,6
16,6,16,21.7,0,0,18,32,33
10,4,10,25.3,0,1,10,51,17
15,5,15,29.8,0,0,0,9,8
9,6,9,14.6,0,0,0,21,8
17,6,17,12.7,0,0,2,8,3
18,5,18,14.8,0,0,2,4,3
6,0,6,13.8,0,0,24,47,22
23,5,23,9.7,0,0,14,17,13
18,1,18,17.2,0,0,16,21,8
18,1,18,25.7,0,0,2,12,2
0,3,0,22.6,0,0,0,6,14
12,3,12,29.2,0,0,0,11,5
17,1,17,26.2,0,0,0,8,8
12,3,12,23.5,0,0,0,15,8
15,0,15,16.2,0,0,0,45,5
20,6,20,20.3,0,0,0,5,5
23,6,23,7.6,0,0,0,20,14
10,0,10,11.7,0,0,19,133,64
7,2,7,10.5,0,0,0,36,8
18,0,18,16.0,0,0,0,54,5
9,0,9,12.2,0,0,0,9,5
8,0,8,6.9,0,0,0,33,8
8,1,8,9.9,0,0,4,3,2
11,3,11,10.0,0,0,0,13,8
11,6,11,14.0,0,0,1,2,1
10,1,10,7.7,0,0,0,12,5
14,4,14,17.8,0,0,0,5,8
10,6,10,6.6,0,0,2,13,3
21,3,21,9.7,0,0,11,0,14
12,2,12,13.3,0,0,1,2,1
23,0,23,7.8,0,0,0,20,14
15,6,15,21.3,0,0,4,21,2
8,6,8,12.9,0,1,0,54,5
5,6,5,12.6,0,0,2,9,2
10,6,10,12.6,0,0,0,21,0
5,0,5,4.4,0,0,0,5,8
17,0,17,14.4,0,0,0,8,8
19,1,19,26.9,0,1,0,13,5
20,2,20,12.6,0,0,0,5,5
10,4,10,24.0,0,0,0,0,0
11,1,11,10.9,0,0,2,16,2
6,1,6,5.7,0,0,24,28,30
11,6,11,16.8,0,0,0,10,5
7,0,7,11.7,0,0,24,47,22
0,4,0,11.9,0,0,0,16,8
1,0,1,17.1,0,0,7,0,7
8,5,8,3.4,0,0,0,10,5
15,2,15,19.8,0,0,0,5,5
16,6,16,18.5,0,0,4,5,3
6,0,6,11.1,0,0,15,6,14
13,3,13,19.4,1,2,2,5,3
19,5,19,7.9,0,0,16,21,8
5,4,5,16.4,0,0,4,6,3
18,2,18,13.6,0,0,0,32,5
20,0,20,9.3,0,0,2,7,3
22,0,22,15.7,0,0,11,0,12
15,3,15,32.0,0,0,0,44,5
9,0,9,17.1,0,1,0,7,5
0,1,0,12.2,0,0,14,17,13
12,1,12,16.9,0,0,2,7,3
17,3,17,26.7,0,0,0,12,8
21,5,21,20.8,0,0,0,9,5
12,5,12,27.8,0,0,2,34,2
8,2,8,13.8,0,0,4,14,3
16,3,16,26.5,0,0,15,6,3
11,0,11,9.8,0,0,19,9,29
13,6,13,12.5,0,0,0,16,8
15,0,15,24.3,0,0,0,5,8
10,4,10,11.4,0,0,2,34,3
11,3,11,18.7,0,0,0,44,5
12,1,12,21.7,0,0,0,3,8
23,5,23,6.5,0,0,0,20,0
14,6,14,20.3,0,0,0,3,8
19,1,19,7.3,0,0,0,33,5
13,0,13,26.9,0,0,0,13,5
19,5,19,12.0,0,0,0,17,0
8,5,8,20.8,0,0,0,32,5
12,0,12,21.7,0,0,4,32,3
3,0,3,13.2,0,0,1,2,1
4,6,4,9.7,0,0,0,3,8
9,4,9,17.7,0,1,7,70,7
8,0,8,10.8,0,0,0,33,8
15,4,15,25.1,0,0,0,16,5
14,5,14,20.2,0,0,6,9,5
16,5,16,28.4,0,0,6,93,5
20,6,20,20.3,0,0,2,7,3
15,5,15,21.4,0,0,16,10,5
5,6,5,13.1,0,0,0,52,5
19,6,19,26.0,0,0,0,3,5
22,5,22,10.7,0,0,16,21,3
5,6,5,10.0,0,0,2,5,3
4,5,4,2.9,0,0,1,2,6
13,4,13,7.3,0,0,0,16,8
9,2,9,10.8,0,0,2,45,3
13,2,13,8.5,0,0,0,13,5
13,0,13,17.9,0,0,0,44,8
14,1,14,15.0,0,0,2,30,3
12,0,12,8.3,0,0,2,33,3
11,6,11,12.9,0,0,7,0,7
7,0,7,5.0,0,0,2,3,2
15,4,15,17.8,0,0,0,5,8
17,2,17,20.3,0,0,0,11,8
8,4,8,15.7,0,1,0,32,5
11,5,11,10.7,0,0,4,63,5
11,5,11,18.5,0,0,0,21,14
7,0,7,10.2,0,0,2,8,3
14,6,14,32.9,0,0,0,9,5
5,1,5,11.0,0,0,0,42,5
15,5,15,30.9,0,0,14,24,9
8,1,8,6.6,0,0,2,33,3
6,3,6,8.6,0,0,2,8,3
12,5,12,18.2,0,0,26,49,13
7,0,7,4.8,0,0,9,0,18
4,4,4,16.7,0,0,0,3,5
7,5,7,8.2,0,0,2,42,3
12,0,12,31.4,0,0,26,49,12
11,0,11,23.3,0,0,0,13,8
18,6,18,17.7,0,0,4,5,3
0,0,0,15.6,0,0,18,32,26
23,6,23,18.8,0,0,10,33,17
6,1,6,12.9,0,0,16,21,8
6,2,6,5.5,0,0,4,32,3
6,2,6,0.7,0,0,0,5,8
0,0,0,12.0,0,0,23,41,5
8,2,8,9.4,0,0,0,9,14
6,4,6,12.1,0,0,4,5,3
5,6,5,12.7,0,0,0,32,5
6,5,6,12.2,0,0,2,9,2
5,0,5,7.4,0,0,0,5,8
22,6,22,8.4,0,0,11,0,14
10,3,10,20.9,0,0,7,21,7
14,0,14,20.7,0,0,2,21,3
17,1,17,12.3,0,0,16,11,5
15,4,15,25.2,0,0,10,3,17
4,3,4,18.6,0,0,0,3,8
13,1,13,25.0,0,0,4,7,3
22,5,22,9.2,0,0,6,9,5
7,0,7,8.4,0,0,24,47,23
16,3,16,9.3,1,2,0,29,8
6,1,6,8.8,0,0,24,47,23
19,5,19,13.6,0,0,2,32,3
13,1,13,27.6,0,0,2,5,2
2,4,2,18.3,0,0,0,37,0
19,5,19,12.9,0,0,2,16,3
15,6,15,19.3,0,0,4,21,2
7,5,7,3.3,0,0,0,7,8
19,3,19,7.5,0,0,16,21,8
6,6,6,12.8,0,0,0,52,5
11,5,11,24.9,0,0,0,7,8
2,6,2,8.3,0,0,1,2,1
5,4,5,8.1,0,0,2,9,2
19,1,19,11.1,0,0,2,7,2
13,2,13,15.4,0,0,18,32,33
16,2,16,28.6,0,0,2,36,3
22,1,22,9.4,0,0,7,0,7
13,5,13,8.6,0,0,0,7,8
3,6,3,13.4,0,0,1,2,1
11,5,11,8.5,0,0,0,3,8
4,6,4,16.2,0,0,0,16,5
12,4,12,14.2,0,0,10,44,34
4,1,4,10.0,0,0,0,27,5
0,1,0,10.8,0,0,0,4,5
5,1,5,15.5,0,0,4,16,3
5,0,5,4.8,0,0,2,9,2
18,4,18,12.7,1,0,2,16,3
12,1,12,24.0,0,0,2,44,3
19,2,19,12.7,0,0,0,4,8
15,0,15,31.4,0,0,0,9,5
7,2,7,9.2,0,0,6,9,5
13,2,13,16.8,0,0,2,36,3
12,0,12,20.1,0,1,2,3,2
17,0,17,13.7,0,0,4,16,5
19,0,19,29.6,0,1,0,3,8
15,3,15,19.2,1,2,7,36,8
2,3,2,8.2,0,0,1,2,1
14,1,14,19.5,0,2,0,5,8
4,0,4,17.3,0,0,2,5,3
16,5,16,11.3,0,0,0,17,0
11,1,11,11.2,0,0,2,16,3
6,5,6,7.9,0,0,0,12,8
15,0,15,11.5,0,0,10,48,66
8,5,8,10.0,0,0,0,44,8
15,6,15,13.3,0,0,0,8,8
16,4,16,25.9,0,0,0,78,8
13,2,13,25.3,0,0,2,36,3
2,6,2,14.7,0,0,7,26,7
1,0,1,19.7,0,0,20,0,7
18,4,18,15.7,0,0,0,13,8
5,5,5,2.8,0,0,0,25,5
1,0,1,16.0,0,0,15,6,3
16,4,16,24.3,0,0,2,5,2
15,1,15,11.5,0,0,0,12,8
17,6,17,26.0,0,0,2,12,2
20,0,20,22.9,0,1,7,0,7
13,2,13,13.6,0,0,0,9,5
19,4,19,9.6,0,0,4,32,3
10,3,10,25.0,0,0,10,5,34
8,2,8,9.2,0,0,0,10,5
10,6,10,12.6,0,0,2,16,3
6,5,6,3.9,0,0,0,12,8
15,1,15,18.9,0,0,0,8,8
5,6,5,2.6,0,0,0,36,8
17,3,17,27.3,0,1,22,56,4
15,5,15,14.1,0,0,0,13,8
11,5,11,22.8,0,1,22,56,4
13,3,13,10.1,1,2,17,36,7
18,2,18,8.5,0,0,2,44,3
8,6,8,5.5,0,0,0,16,8
5,1,5,19.5,0,0,4,11,5
10,5,10,13.5,0,0,4,3,3
12,2,12,25.1,0,0,10,96,36
10,1,10,7.8,1,0,19,48,17
15,4,15,16.0,0,0,0,7,5
12,6,12,24.8,0,0,0,8,8
12,0,12,22.0,0,0,0,0,0
4,2,4,12.0,0,0,2,7,2
14,4,14,20.6,0,0,0,34,5
20,1,20,4.8,0,0,0,4,5
5,1,5,9.8,0,0,0,3,5
7,2,7,12.4,0,0,0,29,5
13,2,13,19.2,0,0,2,36,3
13,0,13,15.3,0,0,0,34,5
19,6,19,10.0,0,0,0,25,8
17,0,17,18.2,1,2,0,32,5
6,1,6,11.2,0,0,2,5,3
14,2,14,19.3,0,0,16,21,8
17,6,17,16.1,0,0,0,21,0
15,0,15,26.1,0,0,0,3,8
4,4,4,12.7,0,0,0,3,8
8,5,8,-1.0,0,0,0,7,8
19,1,19,17.7,0,0,16,11,8
16,4,16,30.8,0,0,0,3,8
11,3,11,24.7,0,0,2,7,3
23,4,23,5.7,0,0,2,21,3
8,5,8,7.0,0,0,4,54,5
6,0,6,12.1,0,0,2,9,2
17,0,17,18.9,1,2,0,29,8
7,3,7,6.0,0,0,0,16,8
23,4,23,5.5,0,0,0,20,0
9,3,9,22.4,0,1,6,9,5
5,2,5,12.8,0,0,0,7,8
8,4,8,7.5,0,0,0,54,8
19,2,19,28.4,0,1,2,3,2
10,3,10,9.5,0,0,0,8,8
5,6,5,5.9,0,0,4,10,5
17,4,17,25.5,0,0,0,11,8
1,6,1,18.2,0,0,7,0,7
16,0,16,16.8,0,0,2,13,2
5,3,5,3.1,0,0,16,21,8
19,1,19,13.7,0,0,2,54,3
2,2,2,16.7,0,0,2,8,2
12,3,12,11.5,0,0,2,5,2
6,6,6,0.1,0,0,0,52,5
23,0,23,8.6,0,0,0,20,0
10,6,10,21.6,0,0,0,8,8
6,4,6,5.6,0,0,0,5,8
16,2,16,20.5,0,0,4,16,3
10,1,10,11.0,0,0,0,33,8
4,6,4,7.9,0,0,2,4,3
4,4,4,13.9,0,0,0,4,5
18,0,18,25.0,0,0,0,33,5
20,6,20,13.7,0,0,0,4,5
18,1,18,16.3,0,0,2,12,2
4,0,4,13.2,0,0,0,12,5
18,1,18,28.4,0,0,0,54,5
5,3,5,5.1,0,0,0,7,8
5,1,5,9.8,0,0,80,26,7
4,1,4,5.3,0,0,1,2,6
13,1,13,25.8,1,1,18,32,6
0,3,0,5.8,0,0,1,2,6
13,5,13,12.4,0,0,2,61,3
11,0,11,24.8,0,0,13,19,54
14,5,14,24.5,0,0,0,44,5
4,3,4,12.2,0,0,0,25,5
4,4,4,8.1,0,0,0,11,8
10,0,10,25.7,0,0,2,45,3
16,5,16,32.6,0,0,4,13,5
3,6,3,17.4,0,0,1,2,1
7,6,7,10.8,0,0,6,9,5
10,5,10,21.4,0,0,9,0,10
18,0,18,29.3,0,0,0,16,5
14,2,14,20.6,0,0,0,3,5
16,5,16,19.3,0,0,0,32,5
1,2,1,9.4,0,0,0,1,0
8,4,8,8.5,0,0,2,13,3
12,1,12,16.8,0,0,27,36,0
13,0,13,17.4,0,0,18,32,33
21,4,21,22.8,0,0,16,21,8
0,4,0,8.2,0,0,23,41,15
8,3,8,17.2,0,0,0,13,8
7,4,7,11.5,0,0,2,33,3
17,3,17,27.2,0,0,19,33,63
13,6,13,16.2,0,0,0,61,8
0,0,0,19.4,0,0,0,22,0
12,3,12,14.4,0,0,2,8,3
23,6,23,18.9,0,0,21,36,7
18,3,18,26.6,0,0,2,4,2
18,2,18,6.6,0,0,0,13,8
20,1,20,16.4,0,0,2,32,3
23,5,23,18.4,0,0,12,18,7
8,1,8,9.5,0,0,0,29,8
0,5,0,16.3,0,0,23,41,15
19,3,19,19.9,0,0,0,8,5
11,1,11,21.8,0,0,0,53,14
6,2,6,2.9,0,0,0,7,8
5,3,5,7.3,0,0,2,5,3
19,3,19,7.1,0,0,0,17,0
16,2,16,16.5,0,0,0,15,8
5,2,5,17.9,0,0,2,11,5
0,4,0,15.6,0,0,11,23,14
8,6,8,1.8,0,0,16,21,8
11,5,11,10.2,0,0,2,16,2
8,5,8,6.5,0,0,0,10,5
5,6,5,17.1,0,0,4,32,5
6,3,6,5.5,0,0,15,6,3
16,2,16,28.3,0,0,0,15,8
23,5,23,6.5,0,0,0,43,14
6,0,6,17.1,0,0,24,28,30
20,4,20,10.8,0,0,2,9,3
15,5,15,17.3,0,0,0,9,8
13,6,13,14.7,0,0,6,9,5
9,2,9,15.7,0,0,0,32,5
8,4,8,7.5,0,0,0,29,8
12,6,12,20.1,0,0,10,87,11
17,2,17,16.3,0,0,4,7,2
23,2,23,8.6,0,0,0,20,0
10,2,10,10.9,0,0,0,21,0
8,5,8,13.2,0,0,0,16,8
3,1,3,17.8,0,0,41,84,45
18,3,18,25.5,0,0,0,7,5
21,6,21,10.0,0,0,0,3,5
19,1,19,17.9,0,0,16,21,8
13,5,13,27.8,0,0,2,36,3
12,2,12,10.5,0,0,0,11,8
4,3,4,12.3,0,0,7,21,7
14,5,14,18.4,0,0,2,58,3
12,0,12,28.0,0,0,0,15,8
10,4,10,10.7,0,0,0,7,8
5,0,5,10.4,0,0,0,7,5
16,4,16,27.9,0,0,0,13,8
16,2,16,17.4,0,0,0,8,5
12,0,12,19.9,0,0,1,2,1
8,5,8,3.4,0,0,16,11,8
18,4,18,17.3,0,0,0,12,5
5,0,5,12.9,0,0,2,3,2
17,2,17,14.2,0,0,4,38,2
6,4,6,16.5,0,0,4,7,2
13,1,13,19.4,0,0,33,62,0
4,5,4,4.0,0,0,0,4,8
5,3,5,7.4,0,0,0,32,5
5,3,5,2.8,0,0,4,21,2
6,5,6,7.8,0,0,2,32,3
7,5,7,14.5,0,0,2,33,3
17,6,17,17.4,0,0,0,5,8
23,6,23,7.0,0,0,0,43,14
6,2,6,9.0,0,0,0,21,14
21,4,21,20.5,0,0,0,16,5
9,0,9,12.9,0,0,0,53,14
5,2,5,15.0,0,0,4,3,3
7,0,7,10.0,0,0,0,7,5
17,5,17,16.8,0,0,0,5,8
9,6,9,15.2,0,0,0,13,5
19,3,19,9.5,0,0,2,44,2
11,5,11,11.1,0,0,4,63,3
7,1,7,10.8,0,0,0,36,8
2,0,2,16.4,0,0,8,6,9
3,4,3,10.3,0,0,16,21,2
23,1,23,13.1,0,0,0,4,5
6,4,6,4.5,0,0,0,25,8
12,5,12,14.4,0,0,2,8,3
7,3,7,15.6,0,0,0,21,0
13,5,13,15.1,0,0,0,16,8
13,2,13,12.4,0,0,0,9,5
21,5,21,10.7,0,0,0,32,5
14,3,14,25.4,0,0,0,8,8
15,1,15,18.6,0,0,4,7,2
12,2,12,23.6,0,0,0,13,5
10,3,10,20.8,0,1,7,0,7
13,5,13,14.4,0,0,22,40,4
4,0,4,11.1,0,0,1,2,6
12,1,12,17.0,0,0,26,49,13
4,2,4,9.7,0,0,2,3,3
4,4,4,9.3,0,0,2,11,2
10,2,10,10.5,0,0,19,92,60
1,5,1,18.1,0,0,15,6,3
5,5,5,12.9,0,0,6,9,5
7,1,7,17.8,0,0,0,21,0
9,4,9,12.6,0,0,2,30,3
18,4,18,26.1,0,0,2,5,3
16,0,16,26.5,0,0,2,9,3
18,5,18,26.9,0,0,0,4,5
17,3,17,27.1,0,0,2,25,3
21,3,21,16.9,0,0,25,46,14
14,3,14,27.0,0,0,0,44,5
5,1,5,2.3,0,0,2,9,3
6,2,6,9.3,0,0,15,6,3
9,6,9,19.9,0,0,18,32,6
0,6,0,8.5,0,0,14,17,13
17,6,17,18.4,0,0,4,38,3
4,0,4,15.1,0,0,0,7,5
15,3,15,10.2,0,0,16,10,5
9,4,9,21.0,0,0,2,45,3
14,2,14,11.3,0,0,33,62,0
15,6,15,16.7,0,0,0,7,8
9,3,9,20.7,0,0,0,53,0
10,3,10,21.9,0,0,0,5,8
9,4,9,10.8,0,0,27,36,0
8,3,8,2.3,0,0,4,3,3
22,3,22,12.1,0,0,2,8,3
9,6,9,16.8,0,0,0,53,14
6,3,6,1.5,0,0,4,50,2
11,3,11,9.8,0,0,0,3,8
5,2,5,14.3,0,0,0,16,8
4,1,4,11.5,0,0,2,3,3
10,5,10,21.5,0,0,2,13,3
1,0,1,13.3,0,0,1,2,6
16,1,16,20.8,0,0,2,13,3
17,1,17,23.3,0,0,0,13,5
14,1,14,30.2,0,0,2,5,3
6,3,6,15.6,0,0,4,8,5
8,6,8,20.6,0,0,0,34,5
20,0,20,10.9,0,0,2,4,3
5,6,5,7.0,0,0,2,10,3
17,1,17,27.9,0,0,2,7,3
15,2,15,13.6,0,0,0,34,5
15,6,15,15.0,0,0,4,7,2
9,6,9,9.6,0,0,0,25,8
4,2,4,4.9,0,0,0,3,8
6,6,6,17.9,0,0,15,64,15
19,2,19,10.3,0,0,0,8,5
8,4,8,14.3,1,0,22,56,4
5,1,5,8.8,0,0,2,8,3
8,2,8,10.8,0,0,0,13,8
19,1,19,11.0,0,0,0,16,5
17,1,17,15.2,0,0,7,0,7
5,1,5,19.4,0,0,0,16,8
15,2,15,20.4,0,0,15,6,3
7,3,7,8.0,0,0,0,36,5
5,0,5,8.4,0,0,0,3,8
23,1,23,12.8,0,0,0,20,0
14,0,14,30.0,0,1,47,9,47
11,0,11,12.5,0,0,10,100,74
6,2,6,9.2,0,0,0,36,8
18,2,18,10.7,0,0,0,61,8
23,2,23,6.9,0,0,0,43,14
19,6,19,13.1,0,0,0,8,8
19,3,19,11.8,0,0,0,32,5
5,3,5,1.3,0,0,4,3,2
14,6,14,25.3,0,0,2,54,3
8,3,8,9.0,0,0,2,16,2
17,5,17,11.7,0,0,0,33,8
6,1,6,5.9,0,0,15,6,3
21,5,21,15.8,0,0,16,21,2
12,3,12,14.7,0,0,7,0,7
4,4,4,4.5,0,0,1,2,6
14,3,14,15.3,0,0,4,5,3
6,0,6,0.8,0,0,15,6,14
14,1,14,24.0,0,0,27,36,12
14,3,14,10.2,0,0,4,21,2
14,4,14,20.6,0,0,0,21,8
16,0,16,17.4,0,0,7,6,7
5,0,5,15.2,0,0,4,7,5
23,6,23,11.5,0,0,0,22,0
15,3,15,10.7,0,0,0,12,8
20,1,20,13.1,0,0,2,32,3
15,6,15,17.5,0,0,16,10,5
16,6,16,29.9,0,0,0,34,8
0,1,0,7.2,0,0,0,21,8
6,2,6,0.7,0,0,0,5,5
17,3,17,27.0,0,0,2,33,3
20,2,20,7.5,0,0,2,5,3
5,2,5,9.4,0,0,2,7,2
6,2,6,8.6,0,0,0,8,5
23,6,23,10.5,0,0,0,17,0
12,6,12,14.1,0,0,0,30,5
21,0,21,18.4,0,0,17,0,7
13,5,13,25.6,0,0,26,49,13
13,4,13,16.2,0,0,0,61,8
0,6,0,17.2,0,0,0,22,0
8,4,8,7.4,0,0,0,5,8
16,0,16,13.6,0,0,6,9,0
12,1,12,23.4,0,0,2,16,2
12,1,12,9.3,0,0,0,16,8
15,3,15,14.4,0,0,7,26,7
17,0,17,21.6,0,0,0,13,5
16,5,16,25.6,0,0,4,11,2
5,4,5,8.4,0,0,0,9,3
20,3,20,22.7,0,1,2,7,3
15,0,15,18.0,0,0,16,21,8
16,0,16,25.7,0,0,0,54,5
0,3,0,21.3,0,0,0,22,14
10,1,10,12.8,0,0,10,25,11
6,3,6,5.9,0,0,0,12,8
13,5,13,16.5,0,0,0,3,5
8,0,8,1.3,0,0,0,8,5
8,3,8,7.5,0,2,10,116,77
18,6,18,13.6,0,0,2,33,2
5,2,5,11.9,0,0,0,3,8
2,3,2,15.0,0,0,16,21,8
0,6,0,11.3,0,0,0,9,5
9,0,9,20.8,0,1,17,0,7
16,5,16,17.3,0,0,0,11,8
18,5,18,32.9,0,0,6,9,0
8,1,8,17.9,0,0,0,13,5
11,3,11,23.0,0,0,0,7,8
23,0,23,19.0,0,0,0,3,8
5,0,5,9.3,0,0,4,11,2
12,5,12,13.3,0,0,0,11,8
7,0,7,3.3,0,0,9,0,18
22,3,22,10.4,0,0,0,4,8
6,4,6,7.7,0,0,4,7,2
12,3,12,26.0,0,1,26,49,12
17,6,17,13.3,0,0,16,21,8
7,0,7,10.1,0,0,0,5,8
9,5,9,19.7,0,0,7,0,7
12,0,12,12.7,0,0,26,49,13
1,1,1,18.1,0,0,14,17,13
14,3,14,17.5,0,0,0,9,8
16,5,16,28.1,0,0,10,42,34
5,1,5,16.1,0,0,0,7,8
6,1,6,13.1,0,0,0,8,5
15,6,15,28.6,0,0,4,12,3
23,0,23,6.0,0,0,2,21,3
4,3,4,10.0,0,0,0,3,8
13,3,13,10.9,0,0,10,28,16
8,6,8,9.3,0,0,0,21,8
8,4,8,7.5,0,0,4,5,3
7,0,7,9.4,0,0,0,5,8
0,3,0,11.6,0,0,23,41,15
5,1,5,8.2,0,0,0,11,8
9,3,9,12.3,0,0,0,53,14
21,6,21,10.3,0,0,49,113,49
3,6,3,20.1,0,0,0,21,14
16,0,16,30.5,0,0,4,12,2
18,2,18,20.0,0,0,6,93,5
18,6,18,19.5,0,0,2,44,2
9,5,9,9.1,0,0,0,76,0
2,4,2,7.4,0,0,40,0,10
11,3,11,11.7,0,0,27,36,0
18,0,18,25.3,0,0,16,21,8
10,1,10,22.9,0,1,0,21,0
18,0,18,21.7,0,0,10,78,73
7,1,7,5.0,0,0,17,0,7
13,1,13,25.2,0,0,33,62,0
15,6,15,24.1,0,0,15,6,3
5,6,5,6.5,0,0,4,7,3
16,6,16,18.0,0,0,0,33,5
14,2,14,29.2,0,0,4,7,2
10,6,10,22.0,0,0,0,45,5
12,3,12,14.1,0,1,10,34,34
5,2,5,4.4,0,0,4,11,5
15,0,15,17.5,0,0,2,45,3
17,5,17,11.3,0,0,4,5,3
1,1,1,12.4,0,0,18,36,6
5,0,5,16.2,0,0,4,5,5
3,2,3,4.3,0,0,2,6,3
5,1,5,5.6,0,0,0,7,5
8,1,8,15.6,0,0,0,5,8
13,6,13,14.8,0,0,2,44,3
4,3,4,18.4,0,0,4,6,3
4,2,4,9.3,0,0,2,7,3
0,6,0,16.4,0,0,0,6,9
5,4,5,15.1,0,0,2,11,5
4,4,4,18.4,0,0,2,4,3
16,2,16,12.1,0,0,2,11,2
8,0,8,6.7,0,0,0,33,8
5,3,5,15.4,0,0,0,5,8
20,1,20,12.8,0,0,6,9,5
20,6,20,23.9,0,0,0,36,8
4,5,4,13.0,0,0,0,3,8
8,5,8,14.7,0,0,0,30,5
12,2,12,21.6,0,0,2,3,2
20,6,20,15.7,0,0,2,9,2
10,1,10,15.2,0,0,0,21,14
13,0,13,17.9,0,0,2,36,3
1,4,1,12.1,0,0,23,41,15
7,0,7,4.7,0,0,24,47,23
13,0,13,26.6,0,0,10,42,73
6,0,6,4.1,0,0,6,9,5
18,3,18,8.7,1,2,10,28,16
12,6,12,12.5,0,0,26,49,13
7,5,7,12.1,0,0,2,42,3
13,2,13,16.1,0,0,2,36,3
6,6,6,11.2,0,0,0,12,8
18,5,18,35.2,0,1,0,33,5
6,5,6,3.9,0,0,0,8,8
17,4,17,16.7,0,0,4,38,3
6,2,6,15.2,0,0,0,12,8
19,2,19,7.0,0,0,4,5,3
7,1,7,9.2,0,0,19,91,19
1,5,1,15.1,0,0,0,6,14
14,0,14,30.6,0,0,7,0,7
20,0,20,19.5,0,0,0,5,8
21,2,21,7.6,0,0,0,5,8
14,0,14,29.0,0,1,7,0,7
13,6,13,14.7,0,0,0,61,8
12,3,12,21.0,0,0,7,36,7
10,4,10,8.6,0,0,0,53,0
22,4,22,22.0,0,1,11,0,12
5,4,5,5.9,0,0,0,27,5
10,0,10,23.2,0,0,9,0,18
13,3,13,12.4,0,0,0,7,8
16,3,16,29.2,0,0,4,8,3
5,2,5,7.2,0,0,4,21,2
3,5,3,16.1,0,0,1,2,1
22,5,22,8.1,0,0,11,0,14
15,0,15,16.5,0,0,16,10,5
14,2,14,25.1,0,0,0,45,5
5,3,5,7.7,0,0,4,5,2
20,2,20,14.2,0,0,2,9,3
15,0,15,16.4,0,0,2,9,3
9,3,9,13.5,0,0,2,13,3
12,5,12,20.7,0,1,22,56,4
1,1,1,18.5,0,0,14,17,13
11,2,11,7.4,0,0,0,25,8
5,6,5,15.5,0,0,2,7,3
4,3,4,8.6,0,0,80,26,7
1,2,1,11.2,0,0,1,2,6
18,0,18,10.7,0,0,9,26,10
14,1,14,11.1,0,0,0,3,8
16,0,16,27.6,0,0,0,7,8
15,6,15,16.6,0,0,18,32,6
15,2,15,19.1,0,0,2,7,2
5,4,5,16.2,0,0,2,7,3
6,1,6,10.0,0,0,4,5,3
3,0,3,17.5,0,0,1,2,6
12,0,12,15.4,0,0,0,3,5
5,6,5,12.1,0,0,0,25,8
12,6,12,22.1,0,0,1,2,1
11,5,11,15.7,0,0,0,5,8
20,4,20,19.6,0,0,2,16,2
6,1,6,12.1,0,0,10,28,16
16,1,16,19.9,0,0,0,8,5
21,2,21,23.9,0,0,25,46,14
6,3,6,10.8,0,0,4,7,2
22,6,22,15.8,0,0,16,10,8
5,5,5,15.6,0,0,2,5,3
12,1,12,23.9,0,0,0,8,8
16,6,16,24.8,0,0,16,21,3
20,4,20,25.1,0,0,0,9,5
6,5,6,10.8,0,0,16,21,8
4,5,4,2.7,0,0,6,9,5
6,0,6,13.4,0,0,0,5,8
17,5,17,27.0,0,0,0,16,5
11,6,11,12.3,0,0,7,26,7
18,6,18,24.8,0,0,0,13,8
19,6,19,11.2,0,0,2,54,3
5,0,5,7.8,0,0,0,5,5
23,4,23,15.3,0,1,22,56,4
8,2,8,4.7,0,0,0,13,8
6,5,6,12.6,0,0,0,52,5
23,3,23,15.8,0,0,11,0,14
2,0,2,11.1,0,0,1,2,1
13,2,13,19.5,0,1,2,36,3
5,6,5,11.1,0,0,0,11,8
9,3,9,9.2,0,0,0,10,5
16,0,16,29.4,0,0,0,7,8
4,1,4,5.9,0,0,2,10,3
13,6,13,11.7,0,0,0,12,5
13,0,13,12.5,0,0,0,13,8
20,2,20,14.6,0,2,2,4,3
12,2,12,15.9,0,0,0,5,8
13,2,13,13.7,0,0,4,21,2
21,4,21,6.4,0,0,4,8,3
20,3,20,21.6,0,1,0,36,5
11,2,11,16.4,0,0,0,13,8
10,5,10,20.1,0,0,2,16,2
6,2,6,0.9,0,0,4,7,5
14,1,14,20.0,0,0,4,7,3
22,0,22,6.6,0,0,18,32,6
0,1,0,7.9,0,0,0,1,0
3,3,3,19.8,0,0,9,0,18
20,2,20,11.8,0,0,6,9,5
12,0,12,23.8,0,0,4,14,3
20,6,20,12.7,0,0,6,9,5
16,5,16,16.8,0,0,6,9,0
10,4,10,19.1,0,0,2,16,3
16,1,16,21.4,0,0,0,78,8
11,2,11,18.6,0,0,2,16,2
22,1,22,13.3,0,0,2,8,3
15,1,15,17.8,0,0,0,16,8
10,3,10,17.2,0,0,0,5,8
16,5,16,11.8,0,0,0,6,14
11,5,11,15.7,0,0,2,13,2
15,5,15,20.1,0,0,2,7,3
4,6,4,10.8,0,0,0,4,8
9,0,9,10.7,0,0,19,15,64
12,6,12,15.6,0,0,0,7,8
16,1,16,26.1,0,0,0,6,14
7,2,7,8.8,0,0,17,0,7
18,0,18,7.5,0,0,16,11,8
6,2,6,12.4,0,0,2,9,2
19,0,19,8.7,0,0,2,54,3
11,6,11,12.0,0,0,2,16,3
19,1,19,12.6,0,0,0,16,5
4,3,4,6.9,0,0,1,2,1
4,0,4,12.7,0,0,0,7,8
19,4,19,17.2,0,0,2,44,3
19,3,19,12.7,0,0,2,7,3
17,6,17,17.5,0,0,2,12,2
7,3,7,11.2,0,0,2,42,3
15,6,15,29.0,0,0,0,7,8
4,3,4,16.0,0,0,4,6,3
8,3,8,7.1,0,0,0,44,5
23,3,23,15.7,0,0,0,20,14
23,3,23,8.9,0,0,0,22,0
4,5,4,3.1,0,0,2,11,2
9,1,9,6.7,0,0,0,44,5
0,0,0,6.7,0,0,0,6,14
12,5,12,27.3,0,0,2,30,3
21,3,21,18.8,0,0,2,9,2
4,0,4,11.9,0,0,5,9,4
5,0,5,2.0,0,0,4,12,3
23,4,23,6.2,0,0,0,22,0
11,0,11,15.4,0,0,0,0,14
23,6,23,13.5,0,0,35,43,0
0,0,0,7.8,0,0,0,21,5
15,4,15,16.5,0,0,2,9,3
6,0,6,13.6,0,0,24,47,30
16,1,16,22.7,0,0,0,11,5
19,3,19,25.6,0,0,18,32,6
7,0,7,9.5,0,0,2,33,3
16,5,16,18.4,0,0,0,6,14
7,2,7,16.4,0,0,2,16,3
15,6,15,20.2,0,0,15,6,3
15,4,15,25.7,0,0,6,93,5
7,6,7,12.7,0,0,6,9,5
11,6,11,11.2,0,0,0,25,8
7,0,7,12.3,0,0,4,5,3
6,3,6,6.7,0,0,4,50,3
15,5,15,16.0,0,0,0,12,8
18,1,18,8.7,0,0,0,44,5
4,6,4,12.3,0,0,0,3,8
5,1,5,18.6,0,0,0,27,5
0,5,0,18.7,0,0,0,1,0
18,4,18,16.0,0,0,19,13,17
8,5,8,16.3,0,0,17,2,7
23,0,23,17.1,0,0,0,22,0
1,0,1,10.3,0,0,23,41,15
15,0,15,23.0,0,0,2,34,3
8,2,8,9.9,0,0,0,44,5
21,0,21,11.6,0,0,13,19,13
6,5,6,4.1,0,0,2,32,3
17,5,17,30.7,0,0,4,5,2
12,0,12,22.3,0,0,0,15,8
12,1,12,28.0,0,0,26,49,12
12,6,12,26.8,0,1,18,54,20
17,3,17,26.1,0,0,2,3,2
20,6,20,11.8,0,0,0,36,8
18,2,18,12.1,0,0,16,11,3
13,0,13,29.8,0,0,0,9,5
15,1,15,21.5,0,0,2,5,3
8,1,8,5.1,0,0,0,33,5
23,3,23,9.0,0,0,2,21,3
1,6,1,15.8,0,0,1,2,6
18,1,18,9.6,0,0,16,11,2
5,0,5,16.5,0,0,4,10,2
16,6,16,17.0,0,0,6,9,5
9,4,9,16.7,0,0,10,16,21
8,2,8,6.5,0,0,2,16,3
7,4,7,1.6,0,0,0,8,8
21,2,21,15.3,0,0,0,36,5
4,0,4,15.8,0,0,0,25,5
0,0,0,16.4,0,0,23,41,15
17,3,17,13.8,0,0,2,3,3
18,3,18,25.6,0,0,6,9,0
22,2,22,11.3,0,0,16,21,8
4,3,4,6.9,0,0,0,25,8
5,1,5,9.5,0,0,0,9,5
15,6,15,16.3,0,0,0,78,8
5,1,5,16.8,0,0,0,25,5
10,1,10,18.7,0,0,10,34,55
15,2,15,20.4,0,0,16,10,8
8,6,8,8.2,0,0,0,10,5
2,3,2,5.9,0,0,15,14,3
6,0,6,9.8,0,0,0,8,5
22,2,22,11.6,0,0,18,36,26
16,3,16,10.1,0,0,6,9,0
15,3,15,17.2,0,0,4,8,3
14,5,14,18.3,0,0,10,4,21
14,5,14,20.2,0,0,4,21,3
12,0,12,11.2,1,0,10,28,34
18,1,18,12.6,0,0,0,7,8
5,5,5,2.6,0,0,0,5,8
14,5,14,20.8,0,0,0,33,5
2,5,2,5.7,0,0,1,2,1
18,6,18,24.1,0,0,0,5,5
11,2,11,22.4,0,0,0,44,8
4,2,4,10.2,0,0,0,16,8
12,4,12,10.2,0,0,0,7,5
7,1,7,10.7,0,0,24,47,22
9,3,9,10.6,1,2,0,8,8
5,2,5,9.2,0,0,4,11,3
16,2,16,11.3,0,0,4,3,5
10,3,10,17.3,0,0,0,3,8
23,6,23,6.7,0,0,2,21,3
15,5,15,17.6,0,0,2,45,3
5,4,5,5.8,0,0,0,4,8
8,4,8,7.8,0,0,0,7,5
6,3,6,11.1,0,0,0,7,8
7,1,7,7.2,0,0,2,8,3
5,0,5,9.9,0,0,5,9,4
7,0,7,0.7,0,0,0,7,8
13,2,13,18.1,0,0,4,11,3
15,3,15,14.3,0,0,4,3,5
5,1,5,12.3,0,0,1,2,6
19,5,19,26.8,0,0,0,16,5
5,3,5,8.6,0,0,0,52,5
12,2,12,16.6,0,0,14,17,13
20,4,20,22.1,0,0,0,44,8
4,2,4,14.7,0,0,0,5,8
6,1,6,9.7,0,0,15,6,14
15,5,15,29.1,0,0,0,9,8
9,5,9,20.6,0,0,0,25,8
4,1,4,19.6,0,0,0,4,5
12,5,12,27.1,0,0,1,2,1
5,2,5,13.0,0,0,2,3,2
21,5,21,16.1,0,0,25,46,14
7,0,7,8.4,0,0,2,16,3
7,4,7,8.6,0,0,0,29,5
5,1,5,11.0,0,0,4,10,2
19,3,19,22.6,0,1,0,21,5
18,4,18,11.7,0,0,4,32,3
1,6,1,12.3,0,0,0,21,5
9,3,9,15.8,0,0,2,34,2
17,3,17,13.2,0,0,6,9,0
5,4,5,13.1,0,0,0,5,8
18,1,18,27.4,0,0,0,5,5
14,3,14,17.8,0,0,0,3,8
8,0,8,7.4,0,0,2,8,3
15,3,15,25.9,0,0,0,44,5
11,3,11,19.7,0,0,0,16,8
5,1,5,10.3,0,0,0,9,5
16,6,16,17.0,0,0,10,74,31
8,2,8,3.7,0,0,2,16,3
16,0,16,18.0,0,0,0,7,8
7,6,7,7.0,0,0,0,12,8
6,6,6,11.2,0,0,4,21,2
11,1,11,10.3,0,0,2,7,3
1,6,1,18.2,0,0,16,21,8
20,2,20,17.8,0,1,2,3,3
14,0,14,27.2,0,0,0,29,8
1,2,1,11.4,0,0,15,6,3
1,2,1,11.6,0,0,1,2,6
15,3,15,28.4,0,0,2,3,3
14,6,14,15.8,0,0,2,21,3
19,5,19,8.0,0,0,6,9,5
14,2,14,11.6,0,0,0,29,8
21,3,21,10.8,0,0,7,0,7
17,3,17,17.6,0,0,0,21,0
19,0,19,8.1,0,0,0,5,8
8,2,8,3.7,0,0,6,9,5
6,2,6,9.1,0,1,0,9,5
15,3,15,26.0,0,0,0,45,5
10,1,10,17.6,0,0,0,54,5
7,6,7,9.5,0,0,0,33,8
4,0,4,10.1,0,0,0,4,5
5,0,5,15.6,0,0,0,5,8
18,0,18,12.6,0,0,0,5,8
7,4,7,7.0,0,0,0,7,5
0,2,0,17.9,0,0,0,6,14
12,6,12,13.1,0,0,26,49,13
19,6,19,28.3,0,1,2,5,3
11,0,11,23.0,0,0,0,33,5
12,1,12,14.8,0,0,0,11,8
5,4,5,18.4,0,0,4,38,3
15,1,15,30.4,0,0,0,5,8
11,0,11,17.4,0,0,0,45,5
16,0,16,18.9,0,0,2,13,2
0,0,0,10.4,0,0,15,6,3
0,5,0,8.1,0,0,0,6,14
18,4,18,30.8,0,0,16,21,8
7,1,7,9.4,0,0,2,33,3
20,2,20,15.1,0,0,0,36,5
16,2,16,25.8,0,0,2,5,2
7,5,7,-1.2,0,0,24,47,23
18,2,18,28.6,0,0,0,13,8
1,0,1,17.9,0,0,3,6,4
5,1,5,11.3,0,0,0,16,5
6,4,6,16.3,0,0,0,42,5
12,2,12,31.9,0,1,26,49,12
15,6,15,19.2,0,0,2,33,3
6,2,6,6.5,0,0,6,9,5
6,2,6,12.4,0,0,16,21,5
13,1,13,26.3,0,0,4,5,3
10,5,10,9.0,0,0,0,8,8
22,6,22,12.8,0,0,18,32,6
1,4,1,11.7,0,0,15,6,3
1,2,1,18.3,0,0,1,2,6
8,4,8,4.1,0,0,0,10,5
17,5,17,15.7,0,0,2,16,2
1,0,1,7.1,0,0,0,1,0
8,0,8,4.2,0,0,0,44,8
12,5,12,12.5,0,0,2,45,3
1,3,1,5.6,0,0,0,6,14
8,5,8,16.4,0,0,0,13,5
19,4,19,23.9,0,0,4,7,2
9,0,9,10.4,0,0,2,7,3
6,5,6,9.0,1,2,4,38,3
20,2,20,11.5,0,0,2,4,3
22,4,22,9.4,0,0,11,0,14
19,6,19,14.2,0,0,2,44,3
6,5,6,0.1,0,0,2,36,3
9,2,9,6.9,0,0,2,5,3
4,1,4,9.7,0,0,0,4,8
15,6,15,16.9,0,0,4,7,2
6,2,6,15.2,0,0,0,4,8
21,4,21,12.8,0,0,16,21,2
4,4,4,6.0,0,0,0,4,8
6,1,6,10.9,0,0,4,7,3
0,4,0,3.0,0,0,1,2,6
20,3,20,19.7,0,0,0,61,5
21,4,21,7.3,0,0,0,8,5
5,0,5,8.0,0,0,2,9,2
8,1,8,6.0,0,0,2,7,3
17,2,17,20.1,0,0,0,21,0
14,3,14,10.0,1,2,0,6,14
17,1,17,30.4,0,0,0,33,5
13,5,13,20.6,0,0,0,54,5
14,5,14,17.7,0,0,16,21,8
10,6,10,11.1,0,0,0,3,8
16,6,16,18.3,0,0,4,50,2
23,0,23,8.7,0,0,0,0,0
13,3,13,23.8,0,2,10,48,36
10,2,10,14.8,0,0,10,5,17
6,4,6,0.0,0,0,0,3,5
4,3,4,13.0,0,0,0,4,8
16,3,16,27.1,0,0,2,3,2
20,2,20,19.6,0,0,0,25,5
19,3,19,24.2,0,1,0,33,5
13,0,13,27.9,0,1,0,44,5
8,5,8,15.3,0,1,17,2,7
10,5,10,8.5,0,0,0,13,8
7,1,7,9.9,0,0,2,3,3
0,5,0,16.6,0,0,0,22,0
10,2,10,12.3,0,0,0,25,8
23,2,23,13.5,0,0,2,7,3
18,2,18,29.5,0,0,2,12,2
13,5,13,18.5,0,0,2,36,3
1,5,1,15.5,0,0,1,2,6
22,4,22,12.2,0,0,16,21,5
4,6,4,10.6,0,0,0,4,5
12,0,12,12.3,0,0,26,49,13
0,0,0,5.6,0,0,15,6,3
15,5,15,16.8,0,0,2,7,2
16,2,16,17.2,0,0,0,3,5
22,4,22,14.1,0,0,6,9,5
18,6,18,9.6,0,0,0,5,8
9,3,9,22.4,0,0,18,32,6
5,4,5,15.4,0,0,2,5,3
6,6,6,5.0,0,0,15,6,14
2,5,2,17.0,0,0,15,6,3
7,1,7,8.8,0,0,6,9,5
4,5,4,6.8,0,0,0,4,5
8,0,8,18.3,0,0,0,8,8
5,4,5,2.4,0,0,2,7,3
6,4,6,8.1,0,0,4,32,2
19,3,19,25.4,0,0,2,12,2
20,0,20,12.5,0,0,2,9,3
7,6,7,8.9,0,0,0,8,8
13,2,13,13.2,0,0,0,9,5
8,4,8,5.2,0,0,2,16,3
9,1,9,11.2,0,0,0,53,14
5,2,5,9.5,0,0,4,11,2
15,2,15,27.9,0,0,4,5,3
8,5,8,9.9,0,0,0,8,5
18,4,18,19.5,0,0,4,13,2
12,5,12,25.8,0,0,4,63,3
16,5,16,16.6,0,0,2,13,3
6,1,6,16.4,0,0,4,7,2
6,5,6,4.8,0,0,2,21,2
22,6,22,16.3,0,0,12,18,7
8,2,8,13.6,0,0,18,32,33
6,0,6,6.1,0,0,2,119,3
18,6,18,24.7,0,0,0,13,8
0,4,0,7.0,0,0,0,1,0
5,2,5,9.7,0,0,0,5,5
7,6,7,11.0,0,0,0,9,3
11,6,11,13.5,0,0,0,0,14
17,1,17,27.2,0,0,2,7,3
19,5,19,16.1,0,0,0,25,8
19,5,19,9.7,0,0,2,32,3
11,6,11,26.1,0,1,18,54,20
16,5,16,11.5,0,0,0,3,8
17,3,17,14.5,0,0,6,9,0
7,4,7,8.7,0,0,0,9,14
18,1,18,14.2,0,0,16,21,2
1,2,1,13.1,0,0,1,2,6
18,1,18,15.9,0,0,4,7,3
21,6,21,18.6,0,0,0,9,5
23,5,23,14.1,0,0,16,21,3
20,4,20,14.4,0,0,0,25,5
12,4,12,24.8,0,0,19,65,17
9,6,9,15.9,0,0,0,13,8
4,4,4,8.7,1,2,1,2,1
5,2,5,10.4,0,0,0,5,8
16,5,16,15.2,0,0,0,21,14
14,2,14,20.4,0,0,18,32,6
4,3,4,6.3,0,0,0,25,8
5,1,5,7.8,0,0,4,10,3
12,4,12,26.1,0,0,14,17,13
13,1,13,14.9,0,0,0,33,8
20,0,20,24.1,0,0,20,0,7
7,5,7,10.1,0,0,4,16,3
3,5,3,15.2,0,0,0,21,5
8,2,8,6.4,0,0,0,44,8
12,6,12,24.3,0,0,0,11,5
11,1,11,13.4,0,0,4,3,3
5,6,5,6.4,0,0,6,9,5
0,3,0,9.9,0,0,15,6,3
10,5,10,14.5,0,0,9,0,18
1,6,1,14.5,0,0,23,41,15
23,3,23,8.6,0,0,2,21,3
19,4,19,10.4,0,0,0,17,0
13,6,13,31.4,0,1,26,49,12
8,5,8,14.2,0,0,2,16,3
5,2,5,11.6,0,0,0,7,8
19,2,19,6.3,0,0,4,5,3
17,1,17,20.7,0,0,2,12,2
13,2,13,28.5,0,0,0,21,8
5,0,5,4.7,0,0,0,7,8
10,2,10,10.0,0,0,27,36,0
9,6,9,22.1,0,1,10,79,17
4,2,4,16.1,0,0,2,5,3
16,6,16,10.8,0,0,4,78,2
1,5,1,6.7,1,2,0,5,5
12,1,12,9.8,0,0,2,7,2
11,5,11,17.0,0,0,0,0,14
15,2,15,16.4,0,0,2,45,3
5,2,5,13.4,0,0,2,11,5
12,2,12,20.5,0,0,14,24,9
12,4,12,18.5,0,0,26,49,13
16,5,16,19.8,0,0,0,3,5
5,6,5,16.6,0,0,4,5,3
21,4,21,7.6,0,0,2,8,2
11,0,11,14.3,0,0,0,44,8
6,3,6,7.7,0,0,4,21,2
8,1,8,5.5,0,0,0,53,14
21,2,21,12.1,0,0,0,3,8
21,6,21,9.6,0,0,4,16,2
10,5,10,22.7,0,0,0,29,5
13,4,13,28.7,0,0,0,7,5
0,5,0,19.1,0,0,0,22,14
11,3,11,10.1,0,0,0,7,8
2,3,2,16.3,0,0,1,2,6
22,5,22,10.4,0,0,11,0,14
4,4,4,10.9,0,0,2,10,3
19,4,19,7.9,0,0,0,7,8
13,3,13,24.0,0,0,2,7,3
2,4,2,8.4,0,0,0,41,5
21,3,21,6.2,0,0,0,36,8
0,1,0,15.5,0,0,14,17,13
5,5,5,7.1,0,0,2,4,2
4,0,4,6.8,0,0,1,2,6
18,4,18,18.9,0,0,0,3,5
7,5,7,9.5,0,0,2,30,3
8,6,8,7.8,0,0,8,0,9
3,4,3,14.6,0,0,21,36,7
4,0,4,17.4,0,0,2,4,3
10,3,10,16.7,0,0,0,13,8
16,0,16,18.9,0,0,0,7,8
10,0,10,10.5,0,0,0,34,5
8,4,8,13.1,0,0,0,44,8
12,3,12,9.2,0,0,2,5,2
2,1,2,5.0,0,0,1,2,1
18,0,18,28.8,0,0,2,44,3
7,3,7,3.8,0,0,10,3,11
4,0,4,9.6,0,0,2,11,2
3,0,3,15.2,0,0,1,2,1
15,0,15,30.0,0,0,0,78,5
5,5,5,11.5,0,0,2,11,2
1,4,1,13.2,0,0,7,26,7
16,1,16,27.5,0,0,0,5,5
11,6,11,21.2,0,0,0,44,8
6,3,6,1.4,0,0,0,5,8
6,4,6,7.6,0,0,0,7,8
8,5,8,7.3,0,0,0,29,8
12,4,12,16.4,0,0,4,11,2
10,5,10,23.4,0,0,0,8,8
6,3,6,9.8,0,0,2,9,2
1,4,1,14.9,0,0,1,2,6
14,3,14,18.1,0,0,0,21,8
16,1,16,15.0,0,0,4,7,5
3,2,3,13.2,1,2,7,0,7
17,2,17,14.7,0,0,0,33,8
9,6,9,20.1,0,0,7,21,7
14,5,14,21.8,0,0,0,8,8
10,1,10,12.2,0,0,0,54,5
5,1,5,4.9,0,0,0,4,5
20,4,20,18.2,0,1,0,36,8
6,0,6,11.3,0,0,2,7,2
0,5,0,11.7,0,0,0,6,14
19,4,19,12.2,0,0,0,7,8
12,2,12,11.4,0,0,0,32,5
17,4,17,30.7,0,0,4,54,2
15,0,15,16.5,0,0,15,6,3
5,6,5,9.5,0,0,4,10,2
22,1,22,10.8,0,0,14,17,13
14,5,14,15.7,0,0,16,21,8
9,1,9,9.6,0,0,10,7,44
2,6,2,15.5,0,0,1,2,6
16,2,16,25.5,0,0,0,3,5
16,3,16,18.1,0,0,4,16,2
13,0,13,23.1,0,0,0,34,5
10,6,10,27.4,0,0,0,8,8
23,5,23,10.8,0,0,0,43,14
0,1,0,15.2,0,0,14,17,13
18,1,18,19.4,0,0,2,5,3
8,4,8,18.0,0,0,17,0,7
17,0,17,28.5,0,0,2,13,2
12,5,12,10.9,0,0,2,7,2
7,3,7,1.3,0,0,0,36,8
6,0,6,9.3,0,0,0,8,8
12,0,12,26.3,0,0,0,34,5
4,2,4,10.2,0,0,2,4,3
10,3,10,18.1,0,0,0,8,8
9,5,9,12.5,0,0,0,32,5
13,2,13,15.6,0,0,0,9,5
10,5,10,8.4,0,0,2,30,3
7,0,7,8.5,0,0,0,33,8
12,1,12,29.1,0,0,0,33,8
23,2,23,17.6,0,0,12,18,7
16,2,16,20.2,0,0,0,15,8
6,3,6,5.1,0,0,2,3,2
4,0,4,13.9,0,0,0,11,8
6,1,6,5.8,0,0,2,5,3
10,1,10,10.5,0,0,27,36,0
14,6,14,11.5,0,0,18,54,20
11,6,11,17.4,0,0,0,0,0
11,1,11,16.9,0,0,4,63,5
10,3,10,14.1,0,0,0,25,8
19,1,19,7.0,0,0,0,32,5
9,4,9,10.6,0,0,10,129,17
19,0,19,23.9,0,0,16,21,8
11,1,11,10.4,0,0,0,53,14
17,5,17,25.6,0,0,0,78,8
21,1,21,10.3,1,2,14,17,13
5,6,5,18.4,0,0,0,32,5
4,2,4,4.8,0,0,0,4,8
17,6,17,14.4,0,0,4,38,3
11,3,11,9.4,0,0,10,100,28
18,0,18,17.3,1,2,0,13,5
17,4,17,19.6,0,0,0,32,5
16,5,16,15.5,0,0,0,6,14
0,1,0,15.3,0,0,8,0,9
0,0,0,19.4,0,0,0,0,0
10,5,10,10.7,0,0,27,36,0
12,3,12,10.7,0,0,0,32,5
21,6,21,21.7,0,0,0,17,0
11,2,11,19.2,0,0,2,7,3
7,1,7,4.8,0,0,0,8,8
11,6,11,18.8,0,0,1,2,1
18,4,18,25.0,0,0,0,13,8
15,2,15,26.0,0,0,0,8,8
0,1,0,4.7,0,0,15,6,3
4,5,4,13.5,0,0,0,3,5
4,1,4,5.2,0,0,0,27,5
12,0,12,11.0,0,0,0,16,8
20,2,20,15.5,0,0,0,44,8
8,5,8,2.9,0,0,0,13,5
2,3,2,14.5,0,0,0,21,5
16,2,16,25.8,0,0,4,7,2
5,3,5,10.9,0,0,2,11,2
15,1,15,21.0,0,0,15,6,3
22,1,22,10.1,0,0,14,17,13
19,4,19,26.2,0,0,0,8,8
2,6,2,20.5,0,0,1,2,6
17,3,17,27.6,0,0,0,21,0
18,3,18,26.0,0,0,6,9,0
11,1,11,26.7,0,0,2,13,3
3,1,3,7.3,0,0,1,2,1
9,1,9,13.4,0,0,0,9,8
1,1,1,14.6,0,0,1,2,6
4,1,4,13.4,0,0,0,3,8
5,6,5,7.8,0,0,4,11,2
7,1,7,11.7,0,0,0,44,8
9,0,9,21.1,0,0,2,45,3
5,2,5,9.5,0,0,0,3,8
15,3,15,14.1,0,0,0,44,5
6,0,6,9.9,0,0,4,21,2
16,3,16,27.3,0,0,7,0,7
16,1,16,17.0,0,0,0,13,8
13,3,13,13.2,0,0,4,11,5
5,4,5,11.8,0,0,2,16,3
5,5,5,11.3,0,0,2,11,2
11,3,11,15.5,1,2,0,7,8
19,5,19,13.8,0,0,0,8,5
14,0,14,29.6,0,0,2,12,3
18,5,18,12.9,0,0,0,13,8
6,0,6,15.9,0,0,4,11,2
4,6,4,16.9,0,0,0,25,8
15,6,15,14.7,0,0,4,54,5
7,1,7,1.8,0,0,0,36,8
17,0,17,16.4,0,0,0,11,8
2,5,2,8.8,0,0,1,2,1
17,6,17,11.1,0,0,0,13,5
1,4,1,2.8,0,0,0,1,0
7,3,7,8.5,1,2,17,0,7
21,4,21,21.0,0,0,0,3,5
14,5,14,20.8,0,0,16,21,8
15,5,15,16.7,0,0,0,13,5
14,6,14,22.4,0,0,0,3,8
21,3,21,16.5,0,0,16,21,2
4,1,4,5.2,0,0,6,9,15
20,1,20,12.2,0,0,2,5,3
4,6,4,11.2,0,0,1,2,6
18,3,18,25.0,0,0,6,9,0
21,1,21,9.7,0,0,18,32,33
8,0,8,9.6,0,0,2,8,3
11,2,11,20.0,0,0,0,16,5
12,0,12,24.5,0,0,0,44,5
10,4,10,8.5,0,0,24,47,23
6,0,6,13.6,0,0,0,5,5
9,5,9,19.5,0,0,0,15,8
9,1,9,10.1,0,0,10,51,17
0,1,0,15.4,0,0,0,22,0
0,5,0,8.2,0,0,1,2,6
13,0,13,28.2,0,0,0,44,8
13,3,13,12.4,0,0,0,5,8
6,0,6,2.6,0,0,15,6,3
4,4,4,13.1,0,0,2,3,3
14,4,14,29.8,0,0,2,3,3
19,3,19,8.9,0,2,4,44,2
1,5,1,10.4,0,0,23,41,15
8,4,8,16.5,0,0,0,5,8
7,3,7,10.2,0,0,0,8,8
4,3,4,14.4,0,0,0,7,5
1,5,1,7.0,1,2,4,21,2
11,3,11,27.8,0,0,10,72,17
4,3,4,17.2,0,0,2,4,3
13,2,13,22.1,1,0,16,10,8
11,2,11,13.4,0,0,2,16,2
14,5,14,31.4,0,0,16,110,8
0,4,0,8.1,0,0,1,2,6
7,1,7,10.0,0,0,4,5,3
13,2,13,23.1,0,0,0,3,8
6,6,6,11.1,0,0,2,7,2
20,1,20,10.7,0,0,4,7,3
5,0,5,4.4,0,0,4,7,2
15,5,15,32.0,0,0,0,11,8
0,5,0,5.4,0,0,0,6,14
5,0,5,6.5,0,0,2,7,3
12,3,12,14.8,0,0,0,32,5
8,6,8,19.4,0,0,0,4,8
5,0,5,8.0,0,0,0,7,5
4,3,4,5.4,0,0,0,11,8
16,6,16,19.0,0,0,0,32,5
21,3,21,20.4,0,0,25,46,14
17,3,17,13.0,0,0,2,7,2
21,3,21,7.2,0,0,14,24,9
22,1,22,13.2,0,0,18,32,26
14,1,14,19.5,0,0,16,110,3
11,3,11,13.8,0,0,2,16,2
8,2,8,9.3,0,0,0,9,14
18,6,18,14.3,0,0,2,44,3
5,3,5,3.9,0,0,7,36,7
14,5,14,26.7,0,0,4,9,2
16,2,16,20.1,0,0,0,32,5
7,1,7,4.8,0,0,0,44,8
6,6,6,8.8,0,0,2,16,3
5,3,5,7.8,0,0,1,2,6
13,0,13,24.0,0,0,4,32,3
23,5,23,18.5,0,1,12,18,7
22,0,22,23.5,0,0,9,0,18
7,6,7,11.5,0,0,2,33,2
5,3,5,11.1,0,0,2,4,3
11,3,11,15.2,0,0,2,16,2
6,4,6,6.8,0,0,0,3,8
11,4,11,13.1,0,0,1,2,1
1,2,1,15.5,0,0,15,6,3
5,1,5,19.1,0,0,4,16,3
23,6,23,9.3,0,0,0,0,14
18,0,18,13.4,0,0,16,21,5
1,6,1,9.1,0,0,1,2,6
11,6,11,11.2,0,0,14,17,13
16,1,16,19.1,0,0,15,6,3
16,4,16,16.8,0,0,0,33,8
8,1,8,13.8,0,0,0,7,8
21,0,21,13.6,0,0,11,0,14
18,1,18,9.3,0,0,0,44,5
6,4,6,11.5,0,0,4,21,3
8,0,8,13.7,0,0,9,0,18
18,2,18,12.2,0,0,4,7,2
4,5,4,6.5,0,0,6,9,5
5,1,5,13.1,0,0,2,5,3
22,1,22,7.1,0,0,0,4,5
7,6,7,7.8,0,0,0,9,14
11,5,11,13.2,0,0,14,17,13
1,5,1,6.4,1,2,0,54,5
6,3,6,9.9,0,0,2,36,3
6,1,6,5.8,0,0,0,3,5
12,6,12,14.5,0,0,0,32,5
15,4,15,17.6,0,0,16,21,8
0,0,0,13.2,0,0,23,41,15
8,4,8,6.0,0,0,17,0,7
17,2,17,7.0,0,0,2,13,2
17,2,17,28.9,0,0,0,13,5
21,2,21,16.1,0,0,2,12,3
12,0,12,21.6,0,0,0,8,8
23,2,23,8.4,0,0,2,54,3
12,3,12,10.0,0,0,2,3,3
14,1,14,13.0,0,0,0,9,8
13,2,13,23.2,0,0,14,17,13
4,0,4,13.8,0,0,0,25,5
0,0,0,11.8,0,0,15,6,3
12,3,12,15.5,0,0,19,35,29
2,3,2,8.9,0,0,9,0,10
7,2,7,8.8,0,0,0,34,8
22,3,22,22.5,0,0,0,25,5
23,0,23,14.5,0,0,0,3,5
20,1,20,13.1,0,0,0,4,8
16,0,16,27.8,0,0,15,6,3
7,4,7,14.1,0,0,2,33,3
7,2,7,11.4,0,0,2,5,3
16,5,16,15.9,0,0,0,21,14
7,1,7,9.1,0,0,0,5,8
18,4,18,12.8,0,0,4,44,3
5,5,5,13.0,0,0,4,10,2
7,6,7,8.1,0,0,2,5,3
6,5,6,15.1,0,0,4,32,5
20,1,20,7.0,0,0,0,4,8
4,2,4,9.1,0,0,0,16,8
14,6,14,25.2,0,0,6,93,5
6,1,6,11.0,0,0,7,0,7
18,3,18,19.8,0,0,16,21,8
2,5,2,13.8,0,0,2,6,3
4,4,4,9.6,0,0,2,4,3
13,4,13,15.6,0,1,0,3,5
6,5,6,9.2,0,0,0,9,5
14,3,14,11.4,0,0,0,21,8
23,6,23,16.2,0,0,13,19,13
20,6,20,16.0,0,0,0,8,8
4,1,4,14.7,0,0,2,7,3
13,5,13,23.3,0,0,2,8,3
22,5,22,7.4,0,0,16,21,8
18,4,18,32.3,0,1,9,0,18
9,6,9,8.2,0,0,0,5,8
19,2,19,15.6,0,0,0,25,5
20,6,20,10.1,0,0,49,17,49
9,5,9,3.9,0,0,4,44,2
17,5,17,11.6,0,0,2,12,2
10,6,10,20.3,0,0,0,4,8
18,2,18,23.1,0,0,2,12,2
6,0,6,11.7,0,0,4,5,2
7,4,7,5.6,0,0,10,13,11
4,3,4,0.9,0,0,0,3,8
7,3,7,8.6,0,0,4,5,3
12,4,12,15.2,0,0,0,21,8
20,6,20,9.7,0,0,0,3,8
5,6,5,5.0,0,0,4,21,5
15,6,15,22.9,0,0,2,13,3
20,6,20,17.6,0,0,7,0,7
9,0,9,10.9,0,0,0,53,0
8,1,8,5.8,0,0,9,0,10
15,5,15,12.6,0,0,0,21,8
13,0,13,26.0,0,0,26,49,13
23,4,23,11.0,0,0,9,0,10
17,5,17,10.8,0,0,4,13,5
16,5,16,30.7,0,0,0,45,5
13,6,13,19.4,0,0,2,12,3
9,3,9,10.4,0,0,10,5,17
17,1,17,17.1,0,0,0,54,5
11,5,11,11.8,0,0,2,16,3
5,5,5,11.4,0,0,1,2,6
17,0,17,7.9,0,0,0,44,8
21,1,21,4.2,0,0,14,24,9
8,0,8,3.1,0,0,18,32,6
6,6,6,18.3,0,0,0,25,8
13,3,13,17.7,0,0,4,5,2
17,1,17,18.2,0,0,2,7,3
13,4,13,22.6,1,0,0,29,8
12,5,12,12.1,0,0,0,25,8
8,2,8,3.5,0,0,0,44,8
11,1,11,10.0,0,0,2,16,3
6,4,6,11.4,0,0,4,5,3
8,6,8,5.4,0,0,0,13,8
16,3,16,28.7,0,0,4,8,3
18,3,18,8.7,1,2,0,13,8
4,6,4,5.8,0,0,2,11,2
11,4,11,17.5,0,0,0,3,8
5,0,5,7.3,0,0,4,10,2
12,3,12,12.3,0,0,2,61,2
23,3,23,20.8,0,0,4,8,3
7,0,7,7.1,0,0,0,4,5
0,5,0,6.2,0,0,0,25,5
4,4,4,2.6,0,0,2,11,2
19,5,19,10.5,0,0,0,16,8
0,2,0,2.6,0,0,1,2,6
13,0,13,14.8,0,0,4,7,2
17,1,17,11.0,1,2,2,3,3
13,3,13,24.1,0,0,0,29,8
6,4,6,6.0,0,0,6,9,5
16,3,16,33.7,0,0,0,34,5
12,3,12,13.6,0,0,26,49,13
6,2,6,9.1,0,0,0,7,5
15,0,15,8.1,0,0,4,54,3
8,0,8,5.4,0,0,0,44,5
21,4,21,13.0,0,0,2,9,3
6,1,6,5.8,0,0,0,7,5
15,0,15,20.0,0,0,0,21,8
12,6,12,18.2,0,0,2,45,3
14,6,14,11.4,0,0,0,13,8
13,0,13,15.4,0,0,2,7,3
22,4,22,8.7,0,0,11,0,14
20,6,20,14.3,0,2,0,5,8
16,4,16,15.8,0,0,0,6,14
6,6,6,11.2,0,0,4,12,3
9,1,9,6.3,0,0,0,54,8
13,3,13,11.8,0,0,0,5,8
11,5,11,10.8,0,0,1,2,1
21,2,21,8.6,0,0,4,7,2
19,3,19,28.7,0,0,2,5,3
5,1,5,3.6,1,0,0,25,5
23,6,23,15.3,0,0,0,20,14
7,4,7,7.0,0,0,2,8,3
14,5,14,17.0,0,0,0,8,8
17,0,17,20.2,0,0,16,21,8
14,2,14,18.7,1,0,2,34,5
18,3,18,27.1,0,0,0,32,5
5,6,5,8.7,0,0,0,5,5
16,5,16,17.3,0,0,4,16,3
16,4,16,16.3,0,0,2,11,2
4,1,4,16.4,0,0,0,3,8
6,3,6,3.2,0,0,4,5,3
3,0,3,10.7,0,0,16,21,8
8,5,8,13.1,0,0,2,3,3
7,3,7,8.5,0,0,0,7,8
14,2,14,28.6,0,0,18,32,6
19,3,19,20.1,0,0,18,32,6
14,0,14,15.0,0,0,4,5,3
8,3,8,8.4,0,0,0,44,8
16,5,16,7.7,0,0,0,6,14
10,3,10,7.9,0,0,2,16,3
19,1,19,10.8,1,2,2,5,3
21,2,21,13.0,0,0,0,3,8
17,1,17,13.8,0,0,2,44,3
12,6,12,14.9,0,0,0,44,5
4,4,4,16.4,0,0,14,17,13
18,0,18,24.9,0,0,2,4,3
17,2,17,20.0,0,0,0,33,8
0,1,0,13.9,0,0,11,0,14
0,5,0,12.0,0,0,15,6,15
5,0,5,13.3,0,0,0,9,5
9,3,9,5.9,0,0,18,32,6
0,2,0,7.0,0,0,1,2,6
15,6,15,25.4,0,0,18,54,20
20,2,20,5.0,0,0,0,7,8
7,2,7,14.2,0,0,2,16,3
20,1,20,14.7,0,0,0,4,8
6,3,6,10.4,1,2,13,19,13
18,1,18,24.8,0,1,0,13,5
5,6,5,15.0,0,0,4,11,5
5,0,5,1.3,0,0,4,12,3
18,1,18,22.7,0,0,2,44,2
11,1,11,10.0,0,0,0,0,0
5,4,5,12.9,0,0,2,10,3
6,2,6,1.6,0,0,0,21,14
14,4,14,9.7,1,2,2,32,3
13,5,13,12.9,0,0,2,21,3
21,0,21,12.5,0,0,4,32,3
9,3,9,11.2,0,0,0,32,5
14,3,14,15.3,0,0,2,7,2
5,5,5,13.2,0,0,4,5,3
6,3,6,8.8,0,0,0,7,5
6,2,6,6.0,0,0,2,21,2
14,0,14,15.9,0,0,2,33,3
23,4,23,18.0,0,0,10,7,17
6,1,6,0.9,0,0,0,7,8
3,5,3,14.1,0,0,28,55,0
8,1,8,14.6,0,0,0,44,5
7,4,7,7.5,0,0,4,5,2
13,1,13,23.0,0,0,33,62,0
18,6,18,16.0,0,0,0,7,8
10,5,10,10.8,0,0,0,33,5
17,3,17,10.2,0,0,7,0,7
10,5,10,21.3,0,0,0,0,14
13,3,13,23.9,0,0,0,32,5
20,3,20,8.5,0,0,0,25,8
20,2,20,12.6,0,0,0,9,5
21,6,21,10.5,0,0,0,5,8
19,6,19,8.6,0,0,0,16,8
15,0,15,11.5,0,0,0,11,8
5,5,5,13.6,0,0,2,4,2
1,0,1,17.3,0,0,16,21,8
12,4,12,15.5,0,0,0,13,8
11,1,11,21.1,0,0,0,3,8
4,3,4,15.5,0,0,2,4,3
13,6,13,26.7,0,0,0,21,8
8,4,8,10.8,0,0,4,14,3
1,2,1,19.3,0,0,16,21,8
9,6,9,21.0,0,0,6,9,5
23,6,23,7.0,0,0,2,21,3
16,1,16,23.0,0,0,2,8,3
13,2,13,11.1,0,0,2,110,3
1,0,1,5.6,0,0,1,2,6
8,3,8,12.2,0,0,19,29,17
22,0,22,10.1,0,0,18,32,6
9,0,9,24.3,0,0,2,34,2
0,5,0,5.1,0,0,0,21,5
21,3,21,8.3,0,0,38,32,83
7,4,7,11.7,0,0,0,7,8
18,1,18,27.2,0,0,2,7,3
4,4,4,8.8,0,0,2,10,3
16,5,16,33.0,0,0,7,0,7
8,0,8,17.1,0,0,44,16,58
13,5,13,23.8,0,1,2,36,5
4,2,4,14.8,0,0,2,5,3
7,5,7,4.0,0,0,0,36,8
7,5,7,12.8,0,0,0,9,5
0,1,0,9.6,0,0,2,36,3
5,1,5,11.3,0,0,0,25,8
11,5,11,10.6,0,0,0,21,8
9,4,9,14.5,0,0,0,25,8
5,3,5,13.1,0,0,4,10,2
20,2,20,15.4,0,0,0,36,5
3,5,3,10.5,0,0,1,2,1
4,2,4,12.1,0,0,2,7,3
9,1,9,9.9,0,0,6,9,5
16,6,16,35.5,0,0,0,36,8
7,6,7,7.5,0,0,2,8,3
12,2,12,17.4,0,0,16,21,8
10,0,10,15.9,0,0,0,3,8
13,5,13,21.6,0,0,0,45,5
11,6,11,14.5,0,0,0,0,0
1,3,1,17.1,0,0,15,6,3
9,1,9,18.0,0,0,0,29,8
17,1,17,28.8,0,0,0,21,0
4,0,4,16.0,0,0,2,4,3
11,0,11,26.3,0,1,2,16,2
6,5,6,12.6,0,0,2,9,2
16,3,16,28.7,0,0,4,44,2
5,3,5,5.4,0,0,0,7,8
20,0,20,22.4,0,1,2,8,3
20,6,20,11.2,0,0,2,7,3
11,1,11,12.8,0,0,0,8,5
13,5,13,19.7,0,0,16,110,3
11,5,11,11.2,0,0,1,2,1
0,3,0,15.1,0,0,0,43,14
23,2,23,15.7,0,0,0,0,0
8,6,8,8.2,0,0,2,33,3
13,6,13,20.7,0,0,0,44,8
22,2,22,16.6,0,0,12,18,7
11,5,11,26.1,0,1,7,0,7
6,4,6,9.0,1,2,0,36,8
19,3,19,7.9,0,0,49,86,49
22,3,22,17.3,0,0,0,25,8
5,3,5,8.7,0,0,2,3,3
20,5,20,6.7,0,0,0,3,8
8,2,8,9.7,0,0,4,5,3
8,1,8,13.7,0,0,0,53,0
7,0,7,18.8,0,0,0,21,0
11,6,11,23.2,0,0,0,13,8
4,3,4,3.0,0,0,0,7,8
5,3,5,1.3,0,0,2,8,3
13,5,13,29.1,0,0,2,11,3
0,2,0,2.3,0,0,0,6,14
9,6,9,11.3,0,0,0,9,8
14,5,14,20.6,0,0,0,3,8
19,0,19,12.1,0,0,2,54,2
7,2,7,4.0,0,0,0,36,8
7,3,7,2.3,0,0,4,5,3
4,4,4,13.2,0,0,0,7,5
10,2,10,14.6,0,0,0,8,8
12,5,12,24.6,0,0,0,13,8
6,6,6,9.1,0,0,0,7,5
13,3,13,23.9,0,0,4,5,2
18,0,18,26.5,0,0,0,16,5
7,1,7,7.0,0,0,0,8,8
5,5,5,15.6,0,0,0,3,5
5,1,5,1.1,0,0,0,27,5
10,6,10,21.6,0,0,0,44,8
0,5,0,7.1,0,0,1,2,6
15,0,15,27.4,0,0,20,0,7
1,3,1,15.4,0,0,4,6,3
7,4,7,8.9,1,2,8,87,9
10,4,10,22.1,0,0,0,25,8
21,1,21,20.6,0,0,25,46,14
6,5,6,13.0,0,0,0,12,8
12,1,12,16.2,0,0,0,3,8
17,3,17,19.3,0,0,4,7,3
0,5,0,18.7,0,0,11,23,14
13,5,13,19.5,0,0,4,8,5
1,4,1,2.6,0,0,0,37,0
13,0,13,21.2,0,0,2,36,3
21,5,21,11.2,0,0,13,19,13
13,1,13,25.3,0,0,4,8,3
13,5,13,14.4,0,0,2,16,3
17,4,17,17.2,0,0,0,21,8
20,1,20,4.9,0,0,2,5,3
6,5,6,8.7,0,0,4,21,5
10,1,10,13.0,0,0,0,25,8
7,0,7,6.7,0,0,2,5,3
13,1,13,16.4,0,0,0,32,5
15,3,15,27.1,0,0,9,26,18
15,5,15,26.5,0,0,16,10,8
6,2,6,12.9,0,0,1,2,6
11,5,11,16.9,0,0,1,2,1
10,3,10,24.1,0,1,7,0,7
7,6,7,13.8,0,0,2,3,2
6,5,6,1.8,0,0,2,36,3
10,4,10,23.7,0,0,44,48,58
4,1,4,4.6,0,0,2,8,3
8,1,8,13.0,0,1,0,13,5
6,0,6,5.3,0,0,0,8,8
4,3,4,12.4,0,0,0,11,8
12,4,12,11.0,0,0,0,3,8
6,2,6,12.8,0,0,4,32,3
1,6,1,8.5,0,0,1,2,6
22,5,22,5.3,0,0,7,36,7
13,2,13,12.4,0,0,2,44,3
16,1,16,31.6,0,0,0,21,8
23,5,23,6.7,0,0,0,22,14
16,0,16,34.5,0,0,0,3,8
17,2,17,14.1,0,0,0,12,5
12,1,12,24.1,0,0,0,45,5
7,2,7,3.6,1,0,0,5,8
17,1,17,20.9,0,0,0,32,5
5,2,5,4.7,0,0,2,3,3
18,2,18,25.4,0,0,16,11,3
0,1,0,10.1,0,0,2,36,3
12,6,12,19.6,0,0,14,17,13
10,6,10,12.1,0,0,0,21,0
17,2,17,21.2,0,0,0,3,8
4,1,4,13.0,0,0,0,5,8
1,1,1,18.4,0,0,0,1,0
16,4,16,21.3,0,0,2,33,3
23,1,23,8.7,0,0,0,43,14
13,0,13,15.3,0,0,2,44,3
16,2,16,22.3,0,0,0,3,8
18,3,18,12.4,0,0,0,61,8
15,4,15,30.8,0,0,0,9,8
4,1,4,5.8,0,0,0,11,8
20,2,20,7.6,0,0,0,9,8
20,0,20,20.2,0,0,2,3,3
15,6,15,18.9,0,0,29,26,10
17,2,17,17.5,0,0,16,21,3
17,5,17,30.6,0,0,0,5,8
12,6,12,20.8,0,0,1,2,1
7,1,7,11.0,0,0,0,36,8
17,3,17,17.6,0,0,0,44,8
12,5,12,18.0,0,0,2,7,3
15,0,15,12.2,0,0,0,78,8
12,1,12,13.5,0,0,2,5,2
5,6,5,8.3,0,0,4,21,3
18,5,18,15.2,0,0,0,13,8
18,5,18,27.3,0,0,2,12,2
5,3,5,8.3,0,0,4,3,3
6,1,6,9.6,0,0,2,7,3
11,3,11,30.4,0,0,0,0,0
12,1,12,10.5,0,0,0,5,8
5,4,5,13.6,0,0,2,7,3
20,4,20,22.1,0,0,10,3,17
1,4,1,11.5,0,0,0,1,0
8,6,8,8.2,0,0,0,12,8
13,0,13,22.8,0,0,2,13,3
5,2,5,11.6,0,0,0,7,5
5,4,5,12.9,0,0,9,0,10
19,5,19,8.7,0,0,0,3,5
0,3,0,15.7,0,0,2,8,3
1,6,1,15.9,0,0,23,41,15
14,2,14,12.0,0,0,6,9,5
10,6,10,10.0,0,0,27,36,0
16,4,16,21.0,0,0,15,6,3
1,4,1,14.7,0,0,16,21,5
8,1,8,9.7,0,0,2,16,2
4,1,4,10.4,0,0,2,11,2
20,0,20,19.1,0,0,2,32,3
6,2,6,12.7,0,0,1,2,6
15,1,15,15.3,0,0,2,7,3
14,1,14,14.6,0,0,7,0,7
15,1,15,14.6,0,0,2,13,3
10,6,10,11.7,0,0,0,44,5
4,0,4,5.2,0,0,0,3,8
19,1,19,21.9,0,0,4,7,5
15,2,15,11.2,0,0,64,11,16
17,4,17,30.8,0,0,9,0,18
16,6,16,31.5,0,0,4,44,3
20,4,20,8.8,0,0,0,36,5
2,4,2,17.3,0,0,1,2,6
18,0,18,18.7,0,0,0,61,5
10,4,10,18.8,0,0,0,29,5
18,3,18,10.4,0,0,2,8,2
13,0,13,17.2,0,0,2,44,3
7,4,7,4.3,0,0,0,29,8
21,4,21,12.8,0,0,18,36,6
7,5,7,13.4,0,0,2,33,3
16,5,16,30.1,0,0,2,13,3
0,6,0,15.3,0,0,23,41,15
13,3,13,22.9,0,0,27,36,0
10,5,10,8.9,0,0,0,5,8
5,6,5,13.1,0,0,2,11,2
12,0,12,21.6,0,0,0,44,8
4,2,4,3.6,0,0,1,2,6
10,3,10,20.5,0,0,2,45,3
0,3,0,4.2,0,0,1,2,6
17,5,17,24.0,0,0,19,9,29
11,4,11,11.9,0,0,0,5,8
16,4,16,15.9,0,0,0,7,8
11,3,11,14.9,0,0,0,25,8
8,1,8,8.9,0,0,0,33,8
5,3,5,2.8,0,0,7,36,7
1,3,1,8.8,0,0,0,21,8
11,5,11,16.1,0,0,0,21,0
7,0,7,9.3,0,0,15,6,3
6,2,6,4.6,0,0,0,7,8
13,6,13,27.0,0,0,9,26,10
9,4,9,11.9,0,0,18,32,6
16,5,16,26.8,0,0,0,5,8
15,2,15,11.6,0,0,0,34,5
21,3,21,11.4,0,0,0,4,8
2,6,2,5.8,0,0,1,2,1
17,0,17,24.3,0,0,0,33,8
11,2,11,20.9,0,0,1,2,1
2,2,2,11.7,0,0,80,26,7
13,2,13,26.4,0,0,10,5,11
15,0,15,31.6,0,0,0,78,5
11,5,11,14.7,0,0,0,8,8
5,2,5,3.6,0,0,4,3,2
11,3,11,9.9,0,0,0,66,14
18,1,18,12.4,0,0,4,44,2
19,2,19,17.6,0,0,4,5,3
21,3,21,12.2,0,0,14,24,9
14,6,14,24.0,0,0,0,29,8
12,2,12,13.3,0,0,0,3,8
11,6,11,23.4,0,0,0,5,8
5,3,5,15.1,0,0,7,21,7
5,3,5,15.0,0,0,4,8,3
13,2,13,16.5,0,0,10,83,43
11,3,11,9.5,0,0,0,33,8
7,5,7,8.1,0,0,6,9,5
9,4,9,11.9,0,0,0,21,8
4,0,4,11.7,0,0,0,12,8
8,6,8,8.7,0,0,10,44,31
6,0,6,0.5,0,0,24,47,22
5,0,5,9.8,0,0,1,2,6
5,1,5,5.4,0,0,4,11,2
14,5,14,16.6,0,0,22,56,4
20,5,20,23.9,0,0,2,16,3
12,4,12,26.0,0,0,0,9,8
12,3,12,23.1,0,0,0,25,8
10,0,10,19.0,0,0,0,7,8
11,1,11,23.0,0,0,0,7,8
5,6,5,13.6,0,0,6,9,5
7,4,7,6.6,0,0,0,36,8
0,6,0,22.3,0,0,4,8,3
15,0,15,8.0,0,0,0,34,5
6,0,6,9.6,0,0,1,2,6
21,0,21,21.8,0,0,0,36,5
2,1,2,9.8,0,0,1,2,1
23,6,23,12.7,0,0,11,0,14
22,5,22,5.0,0,0,14,17,13
13,4,13,7.2,0,0,0,9,5
16,6,16,16.1,0,0,0,6,14
8,3,8,3.7,0,0,0,3,8
9,3,9,10.8,1,2,0,7,8
20,3,20,22.8,0,0,0,25,5
13,5,13,28.8,0,0,2,36,3
3,0,3,14.1,0,0,1,2,1
4,0,4,4.0,0,0,0,4,8
4,0,4,13.8,0,0,2,7,3
10,5,10,15.1,0,0,0,8,8
7,4,7,13.3,0,0,2,7,3
12,0,12,11.2,0,0,0,7,8
16,5,16,17.1,0,0,0,54,5
18,4,18,11.6,0,0,7,0,7
10,1,10,9.6,0,0,0,21,14
20,1,20,11.9,0,0,2,5,3
1,2,1,12.0,0,0,2,36,2
4,1,4,15.1,0,0,0,3,5
22,6,22,8.5,0,0,0,4,5
1,6,1,10.0,0,0,18,36,6
20,3,20,11.5,0,0,0,16,8
16,1,16,20.9,0,0,2,3,2
4,4,4,8.8,0,0,0,9,5
11,5,11,13.3,0,0,16,21,8
0,2,0,9.9,0,0,15,6,3
6,1,6,5.8,0,0,2,21,2
5,0,5,8.5,0,0,16,21,8
7,5,7,2.8,0,0,0,16,8
6,3,6,4.1,0,0,2,21,3
20,4,20,8.1,0,0,0,4,8
11,2,11,9.4,0,0,2,16,2
4,2,4,9.7,0,0,0,5,8
12,6,12,21.4,0,0,0,7,8
5,2,5,14.5,0,0,2,11,2
5,1,5,10.5,0,0,80,26,7
13,6,13,16.0,0,0,2,36,3
6,1,6,10.3,0,0,0,7,5
6,1,6,12.8,0,1,16,21,8
5,4,5,5.0,0,0,4,11,2
10,3,10,9.2,0,0,24,47,23
4,6,4,17.1,0,0,0,3,5
4,6,4,12.8,0,0,0,3,5
16,6,16,16.5,0,0,4,7,2
1,1,1,17.4,0,0,15,6,15
14,2,14,15.8,1,0,44,48,17
5,2,5,13.7,0,0,4,6,3
6,6,6,6.0,0,0,0,3,8
22,3,22,16.2,0,0,2,8,3
1,3,1,11.5,0,0,1,2,6
4,0,4,13.1,0,0,0,5,5
5,1,5,15.2,0,0,1,2,6
21,5,21,13.9,0,0,2,9,2
13,6,13,12.1,0,0,2,36,3
8,6,8,7.9,0,0,2,13,3
17,5,17,10.0,0,0,0,7,8
2,5,2,16.2,0,0,0,62,0
13,2,13,20.2,0,0,4,5,3
4,4,4,15.8,0,0,2,3,3
13,5,13,27.8,0,0,0,13,8
13,5,13,28.3,0,0,2,36,3
5,2,5,6.7,0,0,0,7,8
1,3,1,18.6,0,0,0,21,5
20,4,20,13.5,0,0,0,8,8
15,3,15,27.5,0,0,0,33,5
11,5,11,10.4,0,0,2,16,2
13,5,13,25.4,0,0,4,13,3
8,6,8,8.2,0,0,0,54,8
12,6,12,20.8,0,0,2,11,3
16,3,16,28.9,0,0,2,5,3
5,6,5,18.7,0,0,4,16,5
5,2,5,9.7,0,0,0,16,5
16,5,16,31.2,0,0,0,21,0
22,5,22,19.4,0,0,14,24,9
6,3,6,0.8,0,0,15,6,3
5,6,5,13.3,0,0,2,11,5
18,4,18,10.1,0,0,4,32,5
10,5,10,16.7,0,0,0,25,8
16,4,16,27.9,0,0,0,45,5
7,5,7,5.5,0,0,4,32,5
4,6,4,9.8,0,0,0,5,8
12,0,12,16.8,0,0,26,49,13
16,0,16,16.7,0,0,0,44,8
6,4,6,8.6,0,0,4,32,2
11,2,11,19.1,0,0,10,85,17
4,2,4,3.9,0,0,0,25,8
7,4,7,5.5,0,0,4,7,3
6,6,6,14.9,0,0,1,2,6
18,4,18,15.5,0,0,2,16,3
10,3,10,11.9,0,0,0,33,8
5,6,5,17.1,0,0,1,2,6
7,6,7,17.3,0,0,0,36,8
16,1,16,27.4,0,0,19,44,17
9,2,9,21.9,0,1,19,35,29
2,3,2,8.3,0,0,1,2,1
4,3,4,6.7,0,0,9,0,10
0,2,0,8.3,0,0,1,2,6
8,2,8,11.5,0,0,0,44,8
5,0,5,11.4,0,0,4,7,3
18,1,18,7.4,0,0,2,44,2
19,5,19,12.1,0,0,0,8,5
4,3,4,9.0,0,0,6,9,5
2,0,2,10.5,0,0,0,1,0
8,5,8,12.9,0,0,0,10,5
21,0,21,18.7,0,0,16,21,8
11,5,11,21.9,0,0,2,8,3
15,2,15,29.9,0,0,4,5,3
8,3,8,15.1,0,0,0,9,14
14,1,14,12.0,0,0,0,33,5
12,0,12,11.2,0,0,0,8,8
17,2,17,21.2,0,0,0,3,8
20,0,20,7.7,0,0,2,9,3
8,5,8,8.4,0,0,4,44,2
10,3,10,17.4,0,1,0,9,5
5,0,5,14.4,0,0,7,0,7
4,6,4,8.4,0,0,0,7,8
6,2,6,3.8,0,0,0,11,8
4,5,4,8.9,0,0,6,9,5
22,6,22,21.4,0,1,11,0,12
8,4,8,6.4,0,0,18,32,6
11,0,11,16.7,0,0,0,13,8
16,1,16,21.4,0,0,0,12,8
21,6,21,8.9,0,0,0,4,5
23,6,23,8.0,0,0,2,21,3
4,0,4,10.1,0,0,6,9,5
15,6,15,24.3,0,0,7,0,7
12,2,12,17.8,0,0,2,3,3
19,1,19,28.6,0,0,2,5,3
10,2,10,13.5,0,0,0,44,5
8,0,8,12.8,0,0,0,33,8
1,2,1,15.9,0,0,11,0,14
19,0,19,14.6,0,0,2,5,3
19,6,19,10.5,0,0,2,7,2
20,3,20,21.1,0,0,2,16,2
22,5,22,7.1,0,0,11,0,14
12,1,12,9.7,0,0,0,45,5
15,6,15,21.3,0,0,2,13,2
6,0,6,11.4,0,0,24,47,23
11,1,11,16.1,0,0,0,13,5
11,4,11,17.5,0,0,0,42,5
7,6,7,6.5,0,0,0,8,8
21,1,21,21.3,0,0,0,17,0
1,4,1,13.4,0,0,1,2,6
17,2,17,14.5,0,0,0,3,8
11,4,11,10.6,1,0,10,48,37
16,3,16,9.1,1,2,0,5,8
19,6,19,23.8,0,0,0,3,8
10,6,10,17.2,0,0,10,129,17
17,3,17,12.0,0,0,4,44,5
18,6,18,16.4,0,0,0,21,5
6,5,6,11.1,0,1,2,9,2
12,3,12,11.2,0,0,0,11,8
16,3,16,27.3,0,0,0,44,5
19,5,19,25.9,0,0,18,32,6
5,1,5,12.4,0,0,4,10,5
17,2,17,17.6,0,1,0,3,8
5,2,5,14.2,0,0,0,16,8
8,1,8,5.9,0,0,0,9,8
17,5,17,30.8,0,0,0,5,8
8,3,8,11.2,0,0,0,13,8
20,3,20,26.9,0,0,4,32,2
16,3,16,24.6,0,0,0,5,5
8,3,8,4.0,0,0,0,9,5
4,2,4,10.5,0,0,0,4,8
19,3,19,30.5,0,0,2,32,3
5,6,5,10.7,0,0,1,2,6
14,2,14,7.8,0,0,15,6,3
8,6,8,10.0,0,0,0,32,5
12,5,12,23.4,0,1,7,0,7
15,5,15,30.7,0,0,6,9,5
8,6,8,7.3,0,0,4,3,2
11,5,11,10.1,0,0,2,44,3
0,3,0,16.5,0,0,4,8,3
10,4,10,5.6,0,0,9,0,10
17,6,17,23.5,0,0,0,3,8
14,3,14,10.8,0,0,16,21,8
16,2,16,30.0,0,0,0,3,8
12,2,12,18.0,0,0,1,2,1
7,4,7,4.5,0,0,0,36,8
20,4,20,14.3,0,0,2,9,2
14,1,14,18.6,0,0,33,62,0
5,3,5,8.2,0,0,6,9,5
2,1,2,12.0,0,0,0,21,0
13,3,13,11.7,0,0,4,8,3
17,3,17,14.6,0,0,2,12,3
16,4,16,16.1,0,0,0,36,8
4,4,4,9.6,0,0,0,3,8
0,0,0,5.8,0,0,0,6,14
5,5,5,0.1,0,0,0,52,5
5,5,5,13.2,0,0,9,0,7
8,4,8,1.5,0,0,0,3,8
19,3,19,9.4,0,0,0,17,0
13,2,13,11.4,0,0,4,11,2
22,5,22,11.5,0,0,2,9,2
23,1,23,6.0,0,0,2,21,3
16,3,16,19.6,0,0,10,5,17
4,4,4,8.2,0,0,0,11,8
4,2,4,12.0,0,0,0,5,5
0,0,0,21.7,0,0,3,6,4
15,0,15,8.1,0,0,4,5,2
7,0,7,5.0,0,0,0,8,8
7,6,7,13.4,0,0,0,33,8
19,0,19,10.7,0,0,0,5,8
10,1,10,11.7,0,0,2,16,3
20,1,20,13.2,0,0,2,5,3
4,3,4,14.2,0,0,10,16,21
5,1,5,11.3,0,0,0,5,8
11,5,11,14.2,0,0,2,33,3
10,2,10,10.2,0,0,0,21,0
15,5,15,16.6,0,0,18,32,6
12,5,12,16.1,0,0,14,17,13
4,6,4,7.2,0,0,0,16,8
18,2,18,10.3,0,0,16,21,8
22,0,22,20.0,0,0,2,25,3
9,3,9,12.9,0,0,2,45,3
1,3,1,6.0,0,0,0,21,5
11,0,11,18.4,0,0,0,45,5
7,4,7,3.7,0,0,0,36,8
22,6,22,20.4,0,1,12,18,7
4,3,4,4.2,0,0,6,9,5
8,1,8,16.6,0,0,2,45,3
22,3,22,9.7,1,2,14,17,13
0,5,0,9.7,0,0,0,1,0
17,1,17,4.3,0,0,0,8,8
9,3,9,13.2,0,0,0,32,5
16,4,16,26.4,0,0,0,78,5
5,6,5,16.9,0,0,0,16,8
15,0,15,14.6,0,0,10,16,17
11,5,11,9.9,0,0,0,5,5
7,2,7,16.6,0,0,0,13,8
20,1,20,24.4,0,0,0,3,8
10,3,10,11.7,0,0,0,25,5
20,0,20,12.6,0,0,0,17,0
21,3,21,8.4,0,0,0,4,5
9,3,9,11.0,0,0,0,53,0
18,6,18,32.0,0,0,0,13,5
12,5,12,25.1,0,0,2,11,3
9,3,9,11.5,0,0,18,32,6
4,3,4,18.3,0,0,0,7,5
9,0,9,7.4,0,0,0,21,0
1,1,1,4.2,0,0,0,1,0
15,6,15,21.2,0,0,0,44,5
7,1,7,11.0,0,0,0,5,8
11,0,11,16.6,0,0,0,45,5
8,0,8,4.5,0,0,10,100,28
10,0,10,7.3,0,0,0,21,14
4,6,4,16.8,0,0,0,3,5
15,4,15,25.5,0,0,2,36,3
8,5,8,4.5,0,0,0,15,5
7,4,7,8.7,0,0,0,13,8
7,2,7,1.2,0,0,0,29,8
17,2,17,20.0,0,0,0,33,8
0,2,0,4.5,0,0,1,2,6
0,5,0,19.7,0,0,0,6,14
23,2,23,16.3,0,0,10,4,11
16,2,16,21.5,0,0,0,45,5
5,6,5,3.9,0,0,16,21,5
13,6,13,22.7,0,0,0,61,8
7,6,7,5.1,0,0,0,8,8
22,4,22,18.2,0,1,12,18,7
23,1,23,3.1,0,0,14,17,13
5,2,5,3.6,0,0,0,11,8
11,0,11,9.5,0,0,0,3,8
4,2,4,16.6,0,0,0,3,8
7,3,7,5.8,0,0,0,3,8
11,3,11,24.5,0,1,0,68,5
16,2,16,16.4,0,0,0,7,5
9,6,9,10.3,0,0,0,53,0
6,1,6,16.3,0,0,0,16,8
23,6,23,7.5,0,0,0,43,14
9,4,9,9.7,0,0,0,5,8
8,6,8,7.3,0,0,0,3,5
20,4,20,25.4,0,0,0,16,8
7,3,7,8.7,0,0,2,7,2
13,2,13,19.8,0,0,2,5,3
6,2,6,11.4,0,0,2,5,3
5,3,5,17.2,0,0,2,7,2
6,4,6,11.2,0,0,4,32,3
20,5,20,6.7,0,0,0,9,8
6,6,6,18.7,0,0,2,32,3
6,4,6,6.2,0,0,16,21,8
19,3,19,12.4,0,0,4,7,2
18,4,18,12.3,0,0,4,16,3
6,0,6,7.0,0,0,0,8,5
5,3,5,9.9,0,0,4,32,3
8,2,8,8.1,0,0,2,16,3
16,5,16,15.7,0,0,0,3,8
19,4,19,14.7,0,0,0,3,8
15,1,15,32.2,0,0,9,0,18
18,6,18,9.6,0,0,2,5,3
20,2,20,5.6,0,0,0,7,8
17,1,17,25.1,0,0,0,7,8
9,3,9,8.9,0,0,0,10,5
21,3,21,19.4,0,0,16,21,8
18,2,18,20.3,0,0,0,5,8
4,1,4,12.4,0,0,2,7,3
5,5,5,9.8,0,0,0,9,8
11,2,11,15.2,0,0,0,44,8
0,5,0,20.5,0,0,11,23,14
5,2,5,8.6,0,0,0,5,8
11,3,11,19.3,0,0,2,34,2
0,4,0,8.1,0,0,15,6,15
8,4,8,2.4,0,0,1,2,1
15,3,15,14.4,0,0,2,3,3
0,4,0,14.8,0,0,0,6,14
12,4,12,21.8,0,0,0,11,5
18,4,18,10.9,0,0,0,25,8
0,5,0,19.3,0,0,11,23,14
1,0,1,5.5,0,0,0,37,0
23,2,23,17.2,0,0,0,3,8
14,1,14,18.3,0,0,7,0,7
15,5,15,30.3,0,0,0,3,5
21,2,21,18.1,0,0,0,17,0
6,5,6,-0.2,0,0,0,16,8
8,1,8,14.8,0,0,0,13,8
6,2,6,0.7,0,0,0,3,8
9,1,9,22.4,0,0,0,13,5
6,1,6,11.4,0,0,4,5,3
8,5,8,9.8,0,0,0,21,8
15,2,15,29.5,0,0,0,32,5
0,5,0,12.6,0,0,0,43,14
5,2,5,11.4,0,0,4,5,3
12,2,12,27.2,0,0,0,5,5
18,3,18,11.2,0,0,0,32,5
6,4,6,9.3,0,0,5,9,4
14,4,14,23.8,0,0,9,26,18
16,3,16,22.9,0,0,0,3,5
6,3,6,3.7,0,0,4,7,2
0,2,0,12.5,0,0,2,21,3
0,3,0,8.7,0,0,1,2,6
6,2,6,14.3,0,0,0,8,8
18,6,18,26.8,0,1,0,54,5
10,2,10,10.0,0,0,2,45,3
13,6,13,12.5,0,0,0,7,8
8,2,8,1.9,0,0,0,9,5
5,1,5,13.7,0,0,4,10,2
21,4,21,18.0,0,0,0,3,5
17,5,17,14.9,0,0,0,44,8
21,4,21,9.9,0,0,2,8,2
1,6,1,13.6,0,0,18,36,6
5,4,5,15.0,0,0,0,11,8
15,5,15,25.2,0,0,2,34,3
17,6,17,14.2,0,0,2,44,3
5,5,5,12.9,0,0,2,3,3
14,1,14,11.8,0,0,10,51,17
0,2,0,15.6,0,0,23,41,15
12,2,12,17.0,0,0,4,13,5
19,2,19,19.5,0,0,0,61,8
8,0,8,11.0,0,0,2,16,3
12,6,12,14.4,0,0,2,45,3
19,3,19,24.8,0,0,16,11,3
9,3,9,7.2,0,0,19,8,17
17,3,17,25.9,0,0,0,12,5
8,2,8,18.4,0,0,2,7,3
3,3,3,1.4,0,0,10,16,11
5,3,5,12.5,0,0,4,11,3
15,3,15,32.6,0,0,0,33,5
9,5,9,8.5,0,0,0,45,5
4,6,4,7.7,0,0,6,9,5
17,5,17,24.2,0,0,0,17,0
7,5,7,5.4,0,0,0,36,8
21,4,21,20.0,0,0,2,9,2
7,1,7,5.6,0,0,0,8,8
5,5,5,4.2,0,0,0,52,5
6,3,6,9.0,0,0,4,6,3
18,6,18,13.7,0,0,16,21,8
18,3,18,12.8,0,0,16,21,8
19,2,19,27.3,0,0,2,44,3
18,1,18,20.1,0,0,0,32,5
6,0,6,7.9,0,0,24,28,30
4,5,4,15.1,0,0,0,11,8
6,1,6,9.7,0,0,4,7,2
6,5,6,9.0,1,2,13,19,13
23,0,23,12.0,0,0,0,22,0
18,3,18,12.9,0,0,4,5,2
13,2,13,28.8,0,0,0,34,5
5,5,5,4.2,0,0,2,5,3
8,1,8,6.1,0,0,0,53,0
12,3,12,11.6,0,0,0,44,8
19,2,19,29.1,0,0,2,32,3
13,1,13,21.5,0,0,0,5,8
0,3,0,14.1,0,0,0,1,0
13,2,13,12.1,0,0,4,16,2
11,0,11,27.6,0,0,0,45,5
20,5,20,22.0,0,0,0,36,5
13,1,13,12.1,1,2,2,11,2
17,0,17,17.1,0,0,0,36,8
20,1,20,27.1,1,0,10,7,17
21,4,21,6.9,1,2,0,10,5
14,3,14,18.0,0,0,0,21,8
5,0,5,16.8,0,0,4,11,3
5,0,5,5.7,0,0,16,21,2
5,2,5,6.3,0,0,7,0,7
5,2,5,13.7,0,0,2,11,5
4,4,4,12.4,0,0,0,3,8
17,6,17,9.8,0,0,4,8,3
12,6,12,25.9,0,0,2,11,3
8,3,8,8.8,0,0,0,36,8
4,2,4,10.4,0,0,1,2,1
12,6,12,25.3,0,0,2,11,3
8,2,8,9.0,0,0,2,29,3
13,1,13,23.4,0,0,0,7,8
23,4,23,5.4,0,0,0,43,14
15,2,15,19.3,0,0,16,10,5
17,5,17,33.0,0,0,0,45,5
12,3,12,19.2,0,0,26,49,13
4,4,4,-0.1,0,0,0,5,5
2,0,2,11.0,0,0,15,14,3
11,5,11,10.0,0,0,0,66,14
20,3,20,9.1,0,0,8,0,9
1,4,1,5.4,0,0,0,1,0
16,2,16,13.5,0,0,0,44,5
12,1,12,24.0,0,0,0,45,5
6,1,6,11.1,0,0,0,8,5
13,1,13,18.7,0,0,0,13,8
18,0,18,24.6,0,0,2,12,2
11,1,11,10.1,0,0,10,48,21
23,1,23,14.9,0,0,0,20,14
17,5,17,12.8,0,0,0,16,5
5,6,5,13.4,0,0,0,52,5
5,4,5,13.5,0,0,3,26,4
16,5,16,14.8,0,0,0,6,14
6,5,6,3.7,0,0,0,5,5
9,0,9,5.6,0,0,0,15,8
21,5,21,17.8,0,0,4,32,2
11,0,11,9.1,0,0,0,25,8
9,4,9,20.8,0,0,2,13,2
18,0,18,25.1,0,0,4,7,3
7,1,7,6.0,0,0,2,16,2
18,0,18,21.9,0,0,16,11,5
18,6,18,13.2,0,0,4,44,3
15,5,15,25.4,0,0,0,21,5
9,5,9,20.0,0,0,0,42,5
20,1,20,15.2,0,0,2,32,3
1,4,1,18.8,0,0,15,6,3
0,0,0,16.6,0,0,11,23,14
22,1,22,16.2,0,0,0,0,0
5,4,5,5.0,0,0,6,9,5
4,0,4,4.6,0,0,0,12,5
6,2,6,12.1,0,0,4,11,2
8,5,8,7.7,0,0,2,16,3
6,5,6,12.5,0,0,4,7,3
14,0,14,15.6,0,0,4,9,5
17,6,17,14.9,0,0,0,21,8
16,3,16,14.4,0,0,9,0,10
12,5,12,28.3,0,0,2,16,2
13,0,13,21.4,0,0,2,36,3
23,6,23,11.3,0,0,11,0,14
17,6,17,24.4,0,0,6,9,5
7,1,7,11.3,0,0,0,13,5
19,0,19,22.1,0,0,0,8,5
6,0,6,9.6,0,0,0,9,5
6,6,6,17.8,0,0,1,2,6
6,5,6,8.3,0,0,2,7,3
20,2,20,6.4,0,0,6,9,5
5,0,5,9.3,0,0,4,5,2
15,6,15,22.9,0,0,18,54,20
17,3,17,18.6,0,0,2,3,2
14,0,14,25.5,0,0,0,3,5
18,1,18,9.7,0,0,0,5,8
2,4,2,15.4,0,0,1,2,6
16,2,16,31.5,0,0,31,32,81
1,3,1,10.9,0,0,1,2,6
8,0,8,11.3,0,0,4,7,2
9,4,9,6.9,0,0,0,5,8
18,3,18,12.6,0,0,0,8,8
5,3,5,9.1,0,0,80,26,7
2,6,2,13.3,0,0,0,62,0
8,0,8,12.8,0,1,9,0,18
5,4,5,16.2,0,0,4,10,2
5,3,5,12.5,0,0,0,9,5
21,5,21,10.3,0,0,0,9,5
16,1,16,23.0,0,0,2,44,2
6,2,6,6.1,0,0,0,7,8
14,3,14,13.1,0,0,0,5,8
6,1,6,6.5,0,0,2,9,2
8,4,8,17.9,0,0,0,29,5
11,3,11,10.0,0,0,0,53,0
19,3,19,22.6,0,0,2,44,3
1,1,1,16.6,0,0,16,21,8
15,4,15,23.1,0,0,16,21,8
16,3,16,10.5,0,0,4,5,2
9,4,9,16.1,0,1,25,46,0
6,3,6,0.5,0,0,4,5,3
9,3,9,6.0,0,0,2,3,3
14,5,14,30.4,0,0,0,13,8
23,3,23,17.7,0,1,12,18,7
5,0,5,12.2,0,0,0,7,8
23,1,23,10.5,0,0,0,20,14
12,6,12,11.1,0,0,0,34,5
5,0,5,2.0,0,0,0,5,8
21,3,21,19.2,0,0,0,9,8
18,2,18,25.9,0,0,4,3,2
1,6,1,5.6,0,0,0,1,0
21,2,21,15.4,0,0,0,9,8
14,6,14,14.8,0,0,0,61,8
5,0,5,13.4,0,0,0,3,5
17,6,17,30.2,0,0,0,16,8
14,2,14,20.5,0,0,33,62,0
7,0,7,8.2,0,0,24,47,22
5,4,5,14.6,0,0,3,26,4
8,3,8,12.9,0,0,4,5,2
16,2,16,14.2,0,0,0,11,8
23,2,23,11.5,0,0,0,43,14
16,3,16,12.5,0,0,0,34,5
17,0,17,27.0,0,0,0,21,0
10,6,10,13.4,0,0,0,44,8
13,1,13,24.3,0,0,0,32,5
6,6,6,8.4,0,0,4,5,3
4,6,4,7.0,0,0,0,3,8
11,6,11,12.1,0,0,0,0,0
3,1,3,11.9,0,0,10,3,17
13,3,13,24.0,0,0,2,16,2
17,1,17,22.9,0,1,0,8,5
4,5,4,8.2,0,0,0,4,8
12,3,12,19.7,0,0,0,7,8
7,3,7,14.9,0,0,0,7,8
15,3,15,10.8,0,0,0,44,8
19,2,19,27.6,0,0,0,44,8
19,2,19,17.2,0,0,0,25,8
8,5,8,12.9,0,0,4,5,3
6,0,6,17.1,0,0,4,6,3
20,0,20,14.0,0,0,10,51,17
11,2,11,13.4,0,0,1,2,1
10,5,10,7.9,0,0,27,36,0
22,0,22,11.0,0,0,23,41,15
20,0,20,9.0,0,0,2,9,3
12,4,12,16.7,0,0,0,16,8
10,2,10,10.1,0,0,0,21,0
20,6,20,22.6,0,0,95,124,88
6,2,6,10.4,0,0,0,3,8
10,1,10,13.4,0,0,2,45,3
4,1,4,9.7,0,0,1,2,6
4,2,4,7.4,0,0,2,4,3
18,2,18,14.4,0,0,0,54,5
14,1,14,11.4,0,0,6,93,5
1,0,1,17.6,0,0,0,1,0
2,4,2,9.2,0,0,1,2,1
10,3,10,18.5,0,2,55,48,52
9,6,9,11.2,0,0,0,32,5
7,0,7,5.5,0,0,4,5,3
9,2,9,18.8,0,0,7,9,7
17,2,17,12.4,0,0,0,61,8
17,2,17,25.0,0,0,42,6,7
11,0,11,22.7,0,0,0,44,5
7,3,7,9.6,0,0,0,25,8
9,6,9,14.8,0,0,0,43,14
23,1,23,17.0,0,0,0,20,14
4,1,4,10.0,0,0,2,4,3
17,4,17,15.9,0,0,0,33,8
21,5,21,29.5,0,1,0,21,0
16,6,16,16.4,0,0,0,33,8
10,0,10,13.7,0,0,27,36,0
23,1,23,7.1,0,0,0,0,0
18,3,18,30.4,0,0,2,44,3
7,5,7,8.2,0,0,0,33,5
15,3,15,27.8,0,0,4,5,2
12,0,12,14.5,0,0,16,21,8
14,2,14,24.4,0,0,2,45,3
18,2,18,19.4,0,0,2,12,2
18,1,18,27.6,0,0,0,13,8
14,3,14,13.7,0,0,16,110,5
17,6,17,14.9,0,0,2,11,3
18,2,18,25.9,0,0,2,7,2
15,5,15,18.2,0,0,0,21,8
4,1,4,12.6,0,0,2,4,3
12,5,12,14.7,0,0,26,49,13
4,2,4,9.0,0,0,0,5,8
2,5,2,11.0,0,0,7,21,7
12,2,12,21.3,0,0,0,3,8
17,3,17,14.0,0,0,2,7,3
17,5,17,16.2,0,0,0,21,0
3,3,3,13.5,0,0,16,21,8
1,3,1,8.3,0,0,0,1,0
5,3,5,8.4,0,0,2,3,3
7,0,7,17.6,0,0,0,30,5
12,2,12,15.6,0,0,0,13,8
19,4,19,15.4,0,0,2,54,3
9,6,9,19.3,0,0,0,13,8
12,1,12,24.7,0,0,0,11,5
19,0,19,11.5,0,0,0,5,8
19,4,19,23.4,0,0,16,11,5
11,4,11,12.2,0,0,0,13,8
16,6,16,19.8,0,0,4,44,2
13,0,13,11.8,0,0,0,9,5
7,5,7,15.6,0,0,0,34,5
12,5,12,11.8,0,0,16,21,8
11,5,11,26.3,0,0,0,8,5
16,6,16,21.5,0,0,0,17,0
18,5,18,23.0,0,0,16,11,5
14,3,14,17.0,0,0,2,7,2
10,0,10,10.3,0,0,0,3,5
14,3,14,25.4,0,1,7,0,7
8,1,8,6.1,0,0,0,10,5
23,2,23,8.6,0,0,16,21,8
12,2,12,19.4,0,0,0,11,8
5,5,5,15.8,0,0,4,6,3
6,4,6,0.5,0,0,2,8,3
12,4,12,24.7,0,1,27,36,0
19,0,19,8.5,0,0,0,17,0
4,3,4,3.0,0,0,0,16,8
13,5,13,21.6,0,0,2,61,3
4,1,4,14.6,0,0,1,2,6
0,4,0,17.7,0,0,2,21,3
12,0,12,21.7,0,0,2,30,3
11,5,11,9.4,0,0,0,66,14
23,6,23,16.3,0,0,0,20,0
17,3,17,12.9,0,0,2,5,3
1,5,1,5.5,0,0,0,1,0
8,5,8,7.7,0,0,0,44,8
19,4,19,29.6,0,0,2,33,3
6,2,6,9.3,0,0,16,21,5
7,2,7,9.3,0,0,0,5,8
11,4,11,13.0,0,0,0,8,8
17,0,17,14.5,0,0,4,38,3
9,2,9,22.4,0,1,18,32,6
13,0,13,29.4,0,0,4,44,2
12,6,12,20.7,0,0,9,0,10
19,4,19,10.8,0,0,16,21,8
7,1,7,14.0,0,0,2,33,3
5,6,5,11.4,0,0,2,10,3
2,0,2,8.1,0,0,15,14,15
20,2,20,12.3,0,0,2,9,2
5,1,5,12.2,0,0,4,11,3
21,1,21,11.3,0,0,0,16,8
4,5,4,13.8,0,0,2,11,2
14,0,14,15.3,0,0,0,9,5
20,6,20,19.9,0,0,0,3,5
9,5,9,6.5,0,0,0,53,0
8,4,8,9.2,0,0,4,14,3
5,6,5,4.6,0,0,0,5,8
16,1,16,25.8,0,0,0,16,8
11,4,11,13.6,0,0,0,5,8
8,6,8,4.8,0,0,0,32,5
15,6,15,34.9,0,0,0,7,36
13,1,13,24.9,0,0,14,17,13
9,0,9,15.3,0,0,0,53,14
7,6,7,8.6,0,0,0,36,8
8,2,8,11.0,0,0,0,9,14
5,6,5,2.5,0,0,0,11,8
8,1,8,9.2,0,0,0,7,8
6,5,6,7.3,0,0,2,7,3
16,0,16,16.6,0,0,0,12,8
15,1,15,27.9,0,0,16,21,8
14,6,14,22.2,0,0,8,0,9
9,3,9,20.8,0,0,0,43,14
15,6,15,30.6,0,0,29,26,10
4,0,4,4.8,0,0,0,12,8
6,1,6,9.0,0,0,0,5,8
9,0,9,10.6,0,0,6,9,5
18,0,18,11.9,0,0,16,11,3
8,1,8,12.0,0,0,17,0,7
11,4,11,8.6,0,0,0,5,8
5,1,5,5.7,0,0,4,11,2
8,5,8,2.4,0,0,0,11,8
18,3,18,12.6,0,0,2,44,2
7,2,7,9.6,0,0,0,8,8
4,2,4,12.8,0,0,0,7,5
21,3,21,20.0,0,0,0,3,5
20,3,20,21.3,0,0,4,5,3
5,3,5,12.3,0,0,1,2,6
18,0,18,12.5,0,0,4,32,5
13,0,13,22.5,0,0,0,9,5
5,4,5,5.8,0,0,4,10,5
12,5,12,28.9,0,0,2,7,3
5,1,5,9.1,0,0,4,11,3
1,1,1,19.1,0,0,1,2,6
21,1,21,9.9,0,0,0,3,8
16,6,16,29.2,0,0,0,36,5
0,3,0,2.8,0,0,8,0,9
12,2,12,15.1,0,0,14,17,13
0,2,0,20.7,0,0,2,21,3
12,4,12,20.1,0,0,16,21,8
8,3,8,8.4,0,0,2,8,2
11,0,11,25.8,0,1,10,51,17
14,2,14,12.5,0,0,2,44,2
4,0,4,6.7,0,0,0,25,8
5,4,5,8.1,1,2,0,9,5
2,1,2,15.4,0,0,1,2,6
8,0,8,9.3,0,0,4,14,3
23,3,23,8.7,0,0,15,6,3
7,0,7,11.8,0,0,6,9,5
1,5,1,15.0,0,0,1,2,6
5,6,5,8.1,0,0,2,3,3
14,5,14,31.1,0,0,2,12,2
17,4,17,11.6,0,0,0,32,5
16,5,16,32.6,0,1,0,4,8
0,6,0,16.3,0,0,0,1,14
4,1,4,8.9,1,3,2,10,3
7,2,7,4.2,0,0,17,0,7
7,3,7,15.5,0,0,0,29,8
18,5,18,17.8,0,0,0,8,5
7,5,7,12.8,0,0,0,44,8
9,5,9,11.0,0,0,9,0,18
5,6,5,18.2,0,0,2,11,5
19,4,19,13.6,0,0,0,17,0
12,0,12,18.1,0,0,0,7,8
4,0,4,17.0,0,0,5,9,4
5,4,5,3.8,0,0,4,5,2
9,1,9,6.4,0,0,9,0,10
5,5,5,12.4,0,0,1,2,6
7,3,7,15.7,0,1,16,21,8
19,0,19,22.7,0,1,0,8,5
19,3,19,12.2,0,0,0,44,8
23,2,23,11.2,0,0,0,22,14
13,5,13,27.7,0,0,0,61,5
16,1,16,12.4,0,0,0,5,8
12,1,12,17.9,0,0,2,45,3
13,3,13,12.8,0,0,0,34,5
14,3,14,19.5,1,2,0,22,0
10,1,10,7.6,0,0,10,7,44
13,6,13,24.8,0,0,0,29,8
8,0,8,6.7,0,0,18,32,6
1,5,1,7.1,0,0,68,109,7
17,3,17,10.0,0,0,0,33,8
17,4,17,12.6,0,0,2,7,2
23,3,23,15.0,0,0,18,36,6
5,4,5,11.8,0,0,0,3,8
5,6,5,14.3,0,0,0,11,8
14,3,14,9.6,1,2,2,8,3
6,0,6,8.4,0,0,0,7,8
5,1,5,12.5,0,0,4,5,2
20,6,20,29.9,0,0,2,16,3
0,6,0,13.7,0,0,0,0,0
19,5,19,7.9,0,0,0,17,0
17,0,17,27.1,0,1,0,33,8
7,0,7,4.5,0,0,0,33,8
20,3,20,23.2,0,0,2,5,3
0,0,0,20.1,0,0,4,54,5
14,3,14,26.4,0,0,10,39,11
5,2,5,8.4,0,0,0,9,3
4,1,4,11.3,0,0,2,3,2
12,5,12,11.3,0,0,0,44,8
16,0,16,9.2,0,0,6,9,0
9,0,9,7.5,0,0,0,53,14
4,0,4,12.0,0,0,0,25,5
0,0,0,21.1,0,0,7,0,7
23,6,23,18.8,0,1,12,18,7
14,5,14,17.9,0,0,15,6,3
8,1,8,20.8,0,0,0,53,14
16,0,16,19.2,0,1,7,0,7
23,5,23,9.2,0,0,0,8,5
1,5,1,7.6,0,0,0,21,5
7,3,7,17.2,0,0,0,91,5
16,6,16,18.4,0,1,0,6,14
15,4,15,24.8,0,0,0,9,8
0,0,0,12.1,0,0,23,41,15
16,6,16,34.2,0,1,9,0,18
4,2,4,13.5,0,0,0,3,8
7,4,7,8.8,0,0,2,16,3
17,0,17,14.4,0,0,0,3,8
16,4,16,17.1,0,0,4,14,3
17,0,17,11.7,0,0,0,54,5
21,4,21,8.1,0,0,11,0,14
22,0,22,11.3,0,0,14,17,13
15,0,15,27.4,0,0,18,32,26
16,3,16,32.1,0,0,2,33,3
21,0,21,11.0,0,0,9,0,10
18,4,18,12.6,0,0,16,11,5
6,6,6,5.0,0,0,4,12,5
8,4,8,13.8,0,0,18,32,6
5,5,5,11.0,0,0,16,21,8
7,5,7,13.4,0,0,2,33,3
22,6,22,17.5,0,0,21,36,7
17,6,17,17.9,0,0,0,78,8
11,1,11,18.5,0,0,10,102,19
16,3,16,26.7,0,0,16,110,2
8,3,8,7.5,0,0,2,13,3
16,2,16,11.5,0,0,0,11,8
11,1,11,11.5,0,0,2,45,3
8,4,8,15.0,0,0,0,44,5
15,6,15,17.5,0,0,0,12,8
4,1,4,5.3,0,0,2,11,2
7,5,7,12.7,0,0,0,4,8
16,5,16,29.0,0,0,0,3,8
1,2,1,5.3,0,0,0,21,8
20,6,20,21.1,0,0,2,54,3
6,6,6,8.0,0,0,4,5,3
18,2,18,18.0,0,1,0,36,8
0,4,0,16.9,0,0,0,22,0
18,2,18,13.6,0,0,0,8,8
4,2,4,10.6,0,0,2,4,2
19,2,19,12.7,0,0,0,8,8
19,3,19,7.2,0,0,2,32,3
13,3,13,12.9,0,0,0,9,5
1,6,1,17.1,0,0,0,1,0
14,3,14,19.6,0,0,4,3,2
13,3,13,16.5,0,0,0,9,5
9,1,9,19.2,0,0,2,45,3
8,4,8,9.0,0,0,4,8,5
6,3,6,13.0,0,0,4,3,2
16,4,16,29.1,0,1,0,82,8
10,6,10,16.1,0,0,2,16,2
6,4,6,4.5,0,0,2,21,2
8,4,8,13.9,0,0,10,129,17
14,5,14,30.9,0,0,0,29,8
0,0,0,12.8,0,0,0,6,14
12,0,12,21.7,0,0,26,49,12
4,0,4,4.4,0,0,8,6,9
9,2,9,18.1,0,0,4,13,3
7,3,7,3.5,0,0,0,30,5
3,2,3,18.2,0,0,1,2,6
18,4,18,12.7,0,0,0,44,8
19,4,19,25.2,0,0,0,25,8
11,1,11,18.5,0,0,0,7,8
7,0,7,9.9,0,0,0,5,8
5,6,5,7.7,0,0,4,10,2
16,4,16,31.2,0,0,0,54,5
17,1,17,15.4,0,0,16,11,8
19,1,19,12.0,0,0,0,4,8
1,4,1,7.6,0,0,0,1,0
18,1,18,25.0,0,0,6,9,0
5,0,5,16.1,0,0,0,5,5
17,2,17,20.7,0,0,0,3,8
11,6,11,10.8,0,0,14,17,13
7,1,7,10.1,0,0,0,3,8
19,2,19,6.2,0,0,2,32,3
5,4,5,12.8,0,0,0,3,5
5,3,5,11.7,0,0,0,5,8
13,2,13,14.4,0,0,0,3,5
9,5,9,18.6,0,0,2,16,2
6,2,6,13.7,0,0,4,21,2
6,2,6,12.4,0,0,19,143,64
15,2,15,31.5,0,0,0,11,8
5,0,5,10.0,0,0,4,7,3
13,1,13,24.7,0,1,0,16,5
7,4,7,9.7,0,0,2,16,2
17,3,17,25.0,0,0,0,3,5
17,2,17,21.5,0,0,0,33,8
16,3,16,13.2,0,0,0,11,8
22,4,22,22.8,0,0,0,36,3
4,6,4,8.3,0,0,0,25,8
4,1,4,5.7,0,0,2,5,3
23,4,23,13.6,0,0,11,0,14
10,4,10,10.2,0,0,4,9,3
17,1,17,21.3,0,0,2,12,2
13,4,13,25.5,0,1,14,17,13
10,3,10,15.1,0,0,0,8,8
6,4,6,11.1,0,0,2,9,2
6,4,6,6.7,0,0,0,3,5
16,5,16,26.6,0,0,0,12,8
17,4,17,15.9,0,0,29,26,10
12,2,12,17.0,0,0,2,3,3
11,1,11,13.9,0,0,0,53,0
13,2,13,8.9,0,0,2,36,3
1,0,1,13.4,0,0,0,37,0
5,6,5,16.5,0,0,0,11,8
12,1,12,26.9,0,1,1,2,6
11,1,11,7.8,0,0,0,53,0
11,1,11,14.0,0,0,10,13,19
5,3,5,17.4,0,0,1,2,6
11,0,11,18.0,0,0,0,13,8
4,4,4,6.0,0,0,5,9,4
17,0,17,8.6,0,0,4,50,2
16,1,16,27.5,0,0,4,5,3
8,2,8,7.6,0,0,0,32,5
19,2,19,6.9,0,0,0,4,8
5,1,5,9.4,0,0,4,11,2
12,1,12,17.3,0,0,0,13,5
1,0,1,17.0,0,0,1,2,6
8,3,8,10.5,0,0,0,34,5
19,2,19,19.1,0,0,0,61,8
12,5,12,28.1,0,0,0,5,5
12,0,12,22.1,0,0,0,21,14
8,1,8,5.9,0,0,0,7,8
6,2,6,3.4,0,0,4,5,2
18,6,18,12.8,0,0,0,33,5
8,2,8,11.8,0,0,0,10,5
23,2,23,10.9,1,2,4,7,2
13,5,13,14.9,0,0,2,36,3
22,1,22,18.8,0,0,4,63,3
7,5,7,4.6,0,0,7,0,7
11,3,11,20.6,0,0,0,34,5
1,5,1,4.8,0,0,0,1,0
21,3,21,10.4,0,0,0,16,8
13,3,13,25.6,1,0,0,44,5
6,3,6,7.5,0,0,0,16,8
15,3,15,14.6,0,1,10,7,44
5,6,5,10.9,0,0,9,0,18
14,1,14,13.0,0,0,15,6,3
12,4,12,27.1,0,1,26,49,12
8,3,8,8.6,0,0,18,32,6
4,6,4,19.5,0,0,0,4,8
20,4,20,8.8,0,0,0,5,5
11,4,11,13.3,0,0,0,7,8
8,0,8,17.2,0,0,17,0,7
16,6,16,21.4,0,0,9,0,18
5,2,5,3.5,0,0,0,7,8
19,6,19,22.3,0,0,2,5,3
6,1,6,9.4,0,0,0,32,5
15,0,15,33.4,0,0,0,3,8
8,3,8,9.9,0,0,0,36,8
6,2,6,9.4,0,0,80,26,7
20,2,20,12.6,0,0,0,7,8
16,2,16,28.3,0,0,2,45,3
17,0,17,12.8,0,0,0,54,8
4,6,4,6.1,0,0,2,10,3
12,2,12,11.4,0,0,26,49,13
7,6,7,8.7,0,0,7,21,7
11,3,11,20.9,0,0,2,7,3
10,2,10,14.1,0,0,0,8,5
13,2,13,19.0,0,0,2,5,3
8,3,8,5.2,0,0,0,53,14
9,0,9,18.0,0,0,10,13,44
5,6,5,8.1,0,0,0,25,8
4,0,4,15.6,0,0,5,9,4
7,5,7,12.5,0,0,4,3,5
17,6,17,24.0,0,0,4,78,5
14,4,14,23.0,0,0,0,34,5
5,0,5,14.5,0,0,2,11,3
17,6,17,24.4,0,0,4,38,3
5,0,5,12.8,0,0,5,9,4
8,6,8,7.6,0,0,0,7,8
15,6,15,19.4,0,0,0,9,5
15,6,15,16.8,0,0,2,58,3
7,2,7,14.8,0,0,17,0,7
11,0,11,10.5,0,0,0,16,8
1,2,1,15.1,0,0,0,6,9
6,5,6,11.9,0,0,20,0,7
17,1,17,23.3,0,0,9,0,18
1,0,1,15.8,0,0,1,2,6
9,3,9,16.1,0,0,0,9,8
5,5,5,1.6,0,0,4,21,2
19,6,19,23.4,0,0,2,8,3
23,1,23,14.8,0,0,13,19,13
11,5,11,21.4,0,0,0,5,5
20,5,20,13.2,0,0,0,4,8
7,1,7,10.0,0,0,0,36,5
4,5,4,8.1,0,0,0,11,8
14,0,14,31.3,0,0,4,42,5
5,5,5,4.2,0,0,0,52,5
18,1,18,8.0,0,0,0,11,8
11,5,11,16.1,0,0,0,0,14
13,3,13,21.0,0,0,0,5,8
6,5,6,4.4,0,0,0,16,5
12,5,12,15.3,0,0,2,61,3
13,0,13,16.9,0,0,2,13,3
22,6,22,14.8,0,0,4,8,3
1,5,1,19.6,0,0,9,0,10
21,2,21,9.8,0,0,0,5,8
6,2,6,12.7,0,0,0,16,5
6,5,6,1.4,0,0,0,8,8
4,1,4,5.7,0,0,0,4,8
16,3,16,28.8,0,0,2,4,3
4,3,4,3.3,0,0,2,5,3
7,1,7,7.3,0,0,2,16,2
5,6,5,8.2,1,2,10,3,36
16,1,16,21.3,0,0,0,11,8
7,0,7,8.5,0,0,0,29,8
16,1,16,13.8,0,0,19,28,63
4,1,4,14.8,0,0,2,4,3
0,2,0,18.0,0,0,0,22,14
23,0,23,9.8,0,0,0,0,0
11,4,11,19.7,0,0,0,7,8
15,2,15,14.3,0,0,0,5,8
8,5,8,2.3,0,0,0,9,8
7,1,7,11.9,0,0,0,5,8
5,4,5,6.8,0,0,2,3,3
16,2,16,20.6,0,0,4,16,2
9,3,9,15.6,0,0,2,16,2
6,0,6,1.7,0,0,2,7,3
11,6,11,12.9,0,0,2,7,2
19,0,19,15.5,0,0,16,11,3
6,4,6,8.0,0,0,4,21,2
7,1,7,7.1,0,0,0,8,8
2,6,2,7.5,1,2,0,4,8
8,0,8,16.1,0,0,4,5,3
10,5,10,15.8,0,0,2,30,3
13,3,13,11.9,0,0,4,8,3
21,0,21,17.1,0,0,0,5,8
4,1,4,19.3,0,0,0,4,8
0,1,0,11.4,0,0,1,2,1
21,2,21,7.5,0,0,0,7,8
4,1,4,13.1,0,0,0,7,5
16,2,16,20.3,0,0,16,21,8
23,1,23,10.2,0,0,2,21,3
19,6,19,17.9,0,0,2,54,3
8,0,8,6.7,0,0,9,0,18
8,3,8,8.2,0,0,4,16,3
23,5,23,16.1,0,0,0,22,9
5,5,5,12.9,0,0,0,32,5
16,3,16,19.6,0,0,15,6,3
10,6,10,11.5,0,0,0,8,8
8,1,8,17.4,0,0,0,32,5
20,6,20,7.6,0,0,2,44,2
16,6,16,18.7,0,0,0,6,14
16,2,16,17.5,0,0,0,6,14
16,1,16,11.2,0,0,2,44,2
7,3,7,10.4,0,0,0,36,8
6,6,6,7.2,0,0,2,9,2
12,0,12,9.0,0,0,0,16,8
7,6,7,17.3,0,0,0,33,8
5,2,5,14.3,0,0,0,5,5
18,4,18,11.6,0,0,0,3,8
4,4,4,5.7,0,0,2,11,2
4,5,4,5.1,0,0,2,11,2
6,1,6,5.2,0,0,16,21,5
8,1,8,9.5,0,0,0,33,5
3,2,3,14.7,0,0,1,2,1
13,3,13,12.7,0,0,2,36,3
13,2,13,29.7,0,0,0,5,5
5,3,5,11.0,0,0,1,2,6
16,6,16,16.0,0,1,10,16,36
10,4,10,8.0,0,0,2,30,3
0,6,0,14.7,0,0,8,0,9
20,4,20,19.1,0,0,2,9,3
8,1,8,6.4,0,0,2,3,3
9,5,9,8.4,0,0,0,8,8
17,5,17,11.1,0,0,0,32,5
9,0,9,19.3,0,0,0,9,8
12,1,12,21.0,0,0,1,2,1
3,2,3,11.0,0,0,1,2,1
13,1,13,24.4,0,0,27,36,0
9,3,9,13.3,0,0,0,7,8
15,5,15,28.0,0,0,24,33,23
6,0,6,9.7,0,0,4,7,2
14,4,14,17.9,0,0,0,16,8
23,5,23,6.6,0,0,0,22,0
13,1,13,27.4,0,2,52,48,56
12,0,12,17.5,0,0,0,44,8
19,2,19,12.6,0,0,2,5,3
7,5,7,13.1,0,1,0,42,5
20,6,20,7.8,0,0,6,9,5
6,0,6,11.5,0,0,0,32,5
19,3,19,10.1,0,0,0,44,8
7,1,7,7.4,0,0,0,33,5
15,2,15,18.7,0,0,2,45,3
6,2,6,4.3,0,0,4,7,2
19,5,19,9.7,0,0,0,4,8
12,6,12,17.6,0,0,0,11,8
17,2,17,19.7,0,0,0,3,5
16,6,16,25.7,0,0,2,33,3
20,3,20,8.5,0,0,2,9,2
10,5,10,13.2,0,0,0,13,8
6,1,6,10.0,0,0,4,11,3
19,0,19,24.4,0,0,0,44,8
12,6,12,25.3,0,0,0,21,8
9,1,9,9.5,0,0,0,10,5
18,1,18,9.9,1,2,2,44,3
2,6,2,14.9,0,0,0,62,0
3,0,3,7.6,0,0,5,9,4
5,3,5,7.6,0,0,0,5,8
16,4,16,17.0,0,0,4,11,2
19,2,19,12.4,0,0,2,32,3
8,3,8,4.8,0,0,4,3,2
8,2,8,4.3,0,0,0,32,5
6,5,6,9.4,1,2,0,20,14
9,2,9,19.9,0,1,25,46,0
15,3,15,27.3,0,0,0,13,5
23,5,23,23.2,0,0,0,20,0
8,2,8,3.8,0,0,0,21,8
9,0,9,19.5,0,0,17,0,7
16,4,16,24.3,0,0,9,0,7
15,6,15,33.3,0,1,2,54,3
18,1,18,15.2,0,0,0,3,8
9,6,9,17.2,0,0,0,9,8
4,0,4,9.9,0,0,0,12,5
5,0,5,9.4,0,0,0,4,8
13,3,13,11.7,0,0,2,36,3
5,5,5,7.2,0,0,16,21,8
13,1,13,17.4,0,0,2,7,3
13,1,13,24.3,1,0,10,48,57
5,2,5,9.0,0,0,0,5,5
6,1,6,18.1,0,0,4,32,3
1,2,1,12.6,0,0,15,6,3
12,6,12,22.5,0,0,0,32,5
10,2,10,11.7,0,0,0,29,8
13,6,13,17.0,0,0,0,7,8
7,0,7,3.6,0,0,0,7,8
4,4,4,5.8,0,0,3,26,4
5,1,5,5.5,0,0,4,21,2
18,5,18,11.5,0,0,0,13,5
15,0,15,16.7,0,0,0,11,5
8,5,8,10.4,0,0,4,12,3
22,2,22,11.4,0,0,0,4,8
9,1,9,15.2,0,0,0,25,8
4,3,4,17.0,0,0,2,3,3
13,2,13,18.4,1,0,2,29,3
12,1,12,15.2,0,0,0,30,5
11,3,11,22.6,0,0,0,7,8
18,5,18,14.9,0,0,16,21,8
23,0,23,16.1,0,0,0,17,0
11,3,11,16.9,0,0,0,3,5
8,2,8,7.2,0,0,0,54,5
5,5,5,11.4,0,0,4,32,3
17,1,17,16.0,0,0,0,32,5
6,4,6,9.4,0,0,0,12,8
18,0,18,24.9,0,0,4,32,3
12,1,12,27.8,0,0,1,2,1
8,6,8,7.8,0,0,4,14,3
1,2,1,7.9,0,0,1,2,6
18,1,18,14.2,0,0,16,21,2
23,0,23,12.9,0,0,6,9,7
20,5,20,18.8,0,0,0,36,8
15,0,15,8.1,0,0,0,13,5
20,0,20,11.5,0,0,2,16,3
1,0,1,19.3,0,0,3,6,4
8,4,8,11.5,0,0,0,7,8
6,3,6,8.9,0,0,4,5,3
4,2,4,4.1,0,0,0,5,8
16,5,16,17.5,0,0,0,34,5
21,6,21,17.7,0,0,0,25,8
6,6,6,7.9,0,0,0,16,5
14,2,14,15.8,0,0,4,5,5
13,0,13,17.9,0,0,0,7,5
12,1,12,24.6,0,0,18,32,6
11,0,11,8.8,0,0,14,17,13
4,4,4,15.1,0,0,2,4,3
1,2,1,16.6,0,0,1,2,6
11,2,11,18.9,0,0,0,3,5
5,6,5,10.0,0,0,16,21,2
21,1,21,3.9,0,0,4,8,3
13,0,13,15.1,0,0,18,32,6
10,2,10,8.3,0,0,0,25,8
19,6,19,14.6,0,0,2,58,3
0,0,0,13.7,0,0,0,43,0
8,2,8,12.3,0,0,0,44,5
9,5,9,19.2,0,0,0,21,8
20,2,20,6.1,0,0,6,9,5
17,1,17,4.8,0,0,0,32,5
7,0,7,6.9,0,0,0,36,5
19,0,19,7.1,0,0,2,8,3
13,5,13,18.3,0,0,0,9,8
2,6,2,18.1,0,0,0,1,0
20,2,20,9.6,0,0,4,5,3
14,1,14,18.4,0,0,2,3,2
20,4,20,10.1,0,0,2,7,2
22,4,22,11.8,0,1,9,0,10
5,2,5,9.1,0,0,0,7,8
12,3,12,14.1,0,0,0,32,5
12,5,12,16.8,0,0,2,34,3
14,3,14,13.2,0,0,2,7,2
0,1,0,8.0,0,0,0,4,5
20,6,20,23.8,0,1,0,3,5
18,5,18,11.8,0,0,0,13,8
16,2,16,13.3,0,0,0,45,5
21,3,21,10.3,0,0,4,7,3
10,4,10,9.8,0,0,0,9,8
5,0,5,9.7,0,0,0,5,8
19,6,19,22.4,0,0,0,8,8
18,5,18,23.5,0,0,0,5,8
7,0,7,13.7,0,0,0,8,8
9,2,9,9.9,0,0,2,5,3
12,3,12,11.5,0,0,0,5,8
16,4,16,20.1,0,0,4,5,2
11,2,11,20.2,0,0,0,8,8
12,6,12,13.9,0,0,0,32,5
18,0,18,26.3,0,0,0,13,5
20,0,20,9.7,0,0,0,3,8
8,1,8,10.0,0,0,0,53,0
1,3,1,16.5,0,0,1,2,6
7,6,7,8.1,1,2,14,17,13
16,6,16,11.4,0,0,0,21,8
11,1,11,23.7,0,0,0,10,8
5,5,5,9.5,0,0,4,11,2
2,2,2,10.7,0,0,0,1,0
13,6,13,20.4,0,0,0,8,8
13,0,13,19.6,0,0,4,11,5
10,5,10,11.4,0,0,0,12,5
22,3,22,10.5,0,0,2,7,2
16,1,16,21.1,0,0,0,17,14
20,4,20,12.8,0,0,0,8,8
11,0,11,20.6,0,0,0,21,14
16,1,16,11.3,0,0,0,6,14
5,4,5,8.5,0,0,2,7,3
21,1,21,20.2,0,0,25,46,14
6,2,6,13.0,0,0,0,45,5
10,2,10,8.3,0,0,2,16,2
6,6,6,13.4,0,0,4,12,2
8,1,8,9.1,0,0,4,3,3
11,1,11,9.5,0,0,14,17,13
18,0,18,30.6,0,0,16,21,8
21,3,21,5.9,0,0,13,19,13
14,0,14,22.1,0,0,0,9,5
20,6,20,8.5,0,0,13,19,13
23,4,23,17.9,0,0,0,0,0
8,1,8,10.1,0,0,2,16,3
23,5,23,6.6,0,0,23,41,15
18,3,18,12.9,0,0,10,3,17
17,2,17,11.4,0,0,0,16,8
8,6,8,7.6,0,0,0,9,5
12,3,12,20.5,0,0,18,54,20
22,3,22,7.8,0,0,11,0,14
9,2,9,7.5,0,0,4,5,2
20,1,20,10.2,1,2,2,8,3
8,1,8,15.5,0,0,0,33,8
5,2,5,9.6,0,0,2,3,3
13,0,13,23.7,0,0,26,49,13
14,0,14,17.9,0,0,16,21,8
4,0,4,13.6,0,0,0,16,5
11,0,11,18.7,0,0,2,30,3
16,3,16,13.3,0,0,0,33,5
16,5,16,17.4,0,0,15,6,3
13,0,13,18.0,0,0,0,61,5
7,4,7,8.8,0,0,2,32,3
4,6,4,10.3,0,0,7,21,7
0,3,0,14.9,0,0,9,0,10
16,2,16,20.9,0,0,6,93,5
17,1,17,28.1,0,0,0,5,8
5,5,5,20.4,0,0,1,2,6
17,1,17,15.0,0,0,0,8,8
20,1,20,16.1,0,0,0,36,5
6,0,6,11.8,0,0,0,5,5
9,1,9,15.9,0,0,7,75,7
19,5,19,11.7,0,0,0,16,8
8,1,8,5.3,0,0,10,9,73
20,3,20,11.8,0,0,0,17,0
6,6,6,13.4,0,1,0,8,8
13,1,13,18.7,0,0,2,21,3
13,4,13,19.5,0,0,2,110,3
8,4,8,15.4,0,0,0,8,8
16,2,16,19.4,0,0,0,13,5
11,1,11,14.4,0,0,16,21,8
12,5,12,22.4,0,1,2,34,2
6,4,6,4.3,0,0,0,7,8
16,5,16,31.2,0,0,0,6,9
3,3,3,16.1,0,0,1,2,1
19,1,19,22.8,0,0,18,32,6
7,0,7,9.3,0,0,24,47,30
7,4,7,13.6,0,0,0,8,8
6,3,6,8.3,0,0,0,5,8
5,5,5,1.5,0,0,0,5,8
8,1,8,9.2,0,0,2,16,2
19,6,19,13.0,0,0,2,54,3
19,0,19,13.9,0,0,2,32,3
6,5,6,12.9,0,0,4,21,2
0,4,0,18.9,0,0,49,86,49
19,1,19,15.9,0,0,0,16,5
21,5,21,6.3,0,0,14,24,9
3,1,3,5.6,0,0,7,26,7
8,0,8,11.7,0,0,9,0,18
6,1,6,13.1,0,0,4,38,3
4,4,4,7.0,0,0,0,11,8
13,4,13,24.4,0,0,0,21,8
8,6,8,8.5,0,0,0,21,8
7,0,7,3.4,0,0,0,36,8
4,2,4,1.4,0,0,28,55,0
7,2,7,12.4,0,0,0,8,8
18,0,18,24.5,0,0,4,54,2
17,0,17,32.6,0,0,2,12,3
15,6,15,16.8,0,0,2,8,3
15,3,15,16.7,0,0,2,33,3
8,0,8,14.4,0,0,2,8,3
14,2,14,18.8,0,0,4,5,3
0,1,0,17.6,0,0,0,6,9
4,6,4,5.2,0,0,1,2,6
4,6,4,13.2,0,0,0,5,5
20,6,20,12.8,0,0,0,3,8
5,3,5,6.8,0,0,2,4,3
17,4,17,18.6,0,0,4,38,2
11,5,11,24.4,0,0,0,8,8
5,2,5,12.3,0,0,17,0,7
20,6,20,7.6,0,0,0,3,8
13,5,13,8.8,0,0,2,36,3
4,4,4,8.8,0,0,1,2,6
1,5,1,11.5,0,0,1,2,6
20,6,20,11.9,0,0,0,9,5
8,6,8,8.2,0,0,0,9,5
20,6,20,23.0,0,0,4,32,3
10,3,10,17.3,0,1,0,13,8
8,1,8,6.1,0,0,0,10,5
17,6,17,25.6,0,0,6,9,15
4,1,4,11.4,0,0,0,27,5
17,6,17,17.4,0,0,2,11,2
5,4,5,10.6,0,0,4,7,2
23,6,23,7.8,0,0,2,21,3
18,3,18,22.2,0,0,0,16,5
13,4,13,14.2,0,0,4,11,2
17,5,17,16.6,0,0,0,5,5
15,1,15,12.1,0,0,0,21,5
4,6,4,4.5,0,0,2,10,3
21,4,21,7.0,1,2,0,21,5
23,4,23,8.9,0,0,2,21,3
7,6,7,-0.1,0,0,2,5,3
17,1,17,25.6,0,0,0,12,8
23,3,23,16.0,0,0,11,0,12
13,4,13,27.5,0,0,0,21,8
18,2,18,19.3,0,0,2,7,3
5,2,5,13.7,0,0,15,64,15
17,2,17,21.7,1,0,0,3,5
14,6,14,11.6,0,0,29,26,10
15,3,15,29.1,0,1,45,32,6
5,4,5,6.9,0,0,2,9,2
1,4,1,14.1,0,0,14,17,13
9,1,9,12.7,0,0,0,5,8
23,0,23,14.9,0,0,14,17,13
5,4,5,2.6,0,0,4,3,2
7,3,7,12.8,0,0,4,32,3
16,4,16,18.7,0,0,0,11,8
17,1,17,10.8,1,2,10,3,36
18,5,18,9.7,0,0,4,32,5
9,5,9,14.1,0,0,0,11,8
8,4,8,7.1,0,0,4,13,3
14,5,14,17.4,0,0,0,21,8
8,6,8,10.6,0,0,0,10,5
14,5,14,15.6,0,0,0,5,5
6,1,6,11.5,0,0,0,7,8
13,6,13,15.1,0,0,7,0,7
5,6,5,5.7,0,0,16,21,5
23,2,23,14.6,0,0,11,0,12
7,5,7,3.2,0,0,4,32,5
12,4,12,23.5,0,0,0,13,8
20,2,20,22.1,0,0,2,34,2
17,3,17,27.2,0,0,2,3,2
9,0,9,17.6,0,0,4,14,3
13,1,13,26.0,1,0,0,48,14
11,5,11,24.2,0,0,0,8,8
11,2,11,16.4,0,0,0,13,8
6,2,6,10.4,0,0,0,7,8
11,6,11,22.6,0,0,2,34,2
20,1,20,14.7,0,0,0,3,8
5,1,5,11.0,0,0,0,25,8
7,5,7,13.1,0,0,2,42,3
5,0,5,10.0,0,0,1,2,1
5,4,5,15.4,0,0,4,38,2
0,3,0,7.3,0,0,0,25,5
11,1,11,13.6,0,0,0,53,0
10,6,10,6.0,0,0,0,13,8
16,1,16,13.8,0,0,16,21,5
7,1,7,13.0,0,0,2,16,2
4,2,4,12.2,0,0,0,5,8
16,5,16,18.2,0,0,4,3,3
14,5,14,18.2,0,0,16,110,5
16,6,16,29.2,0,0,0,34,5
15,0,15,15.4,0,0,2,9,3
8,4,8,4.6,0,0,0,21,8
9,1,9,9.4,0,0,10,5,34
12,5,12,20.9,0,0,4,5,3
7,4,7,0.1,0,0,4,32,5
7,4,7,7.1,0,0,0,5,8
14,3,14,12.9,0,0,19,48,23
19,4,19,14.5,0,0,2,4,3
12,3,12,24.0,0,0,28,55,0
9,5,9,6.7,0,0,2,16,3
6,5,6,-0.3,0,0,4,32,5
5,5,5,13.4,0,0,4,10,2
5,3,5,13.1,0,0,0,5,8
18,6,18,13.5,0,0,0,32,5
5,0,5,16.1,0,0,0,7,8
20,5,20,7.9,0,0,2,9,3
0,3,0,6.7,0,0,15,6,3
23,0,23,5.6,0,0,0,20,0
9,5,9,11.5,0,0,0,7,8
23,0,23,11.0,0,0,0,20,0
11,0,11,23.1,0,0,0,15,8
19,1,19,14.1,0,0,2,5,3
12,2,12,12.1,0,0,0,5,8
11,2,11,23.0,0,0,2,16,3
0,6,0,22.0,0,0,0,0,0
5,0,5,12.6,0,0,1,2,6
16,4,16,25.6,0,0,0,15,8
22,6,22,19.7,0,1,12,18,7
6,5,6,9.2,0,0,0,5,5
14,2,14,15.7,0,0,0,9,8
3,3,3,14.1,0,0,1,2,1
5,3,5,10.7,0,0,0,5,5
20,6,20,15.7,0,0,2,44,3
15,1,15,20.0,0,0,4,8,3
8,4,8,1.7,0,0,4,8,3
22,3,22,20.3,0,1,9,0,10
11,3,11,12.7,0,0,0,66,14
23,2,23,17.1,0,0,0,0,14
7,6,7,7.0,0,0,4,7,3
11,3,11,20.0,0,0,0,7,8
20,0,20,8.5,0,0,2,3,3
6,5,6,1.8,0,0,2,3,3
10,2,10,8.7,0,0,0,25,8
19,5,19,6.9,0,0,0,8,5
1,3,1,22.9,0,0,0,1,0
5,6,5,7.5,0,0,2,11,2
6,5,6,7.5,0,0,4,7,2
2,3,2,10.2,0,0,4,5,3
10,1,10,19.7,0,0,7,14,7
7,6,7,13.6,0,0,0,13,8
16,6,16,16.8,0,0,4,50,2
18,2,18,28.8,0,1,7,26,7
12,2,12,10.7,0,0,0,5,8
11,5,11,10.7,0,0,2,16,3
15,6,15,19.6,0,0,4,5,3
19,1,19,23.3,0,0,2,32,3
21,1,21,10.2,1,2,0,3,8
15,2,15,13.7,0,0,2,44,2
22,2,22,11.6,0,0,9,0,18
8,5,8,9.6,0,0,0,16,5
2,4,2,7.8,0,0,1,2,1
21,1,21,9.0,0,0,0,4,5
7,0,7,15.3,0,1,22,56,4
3,4,3,10.7,0,0,0,1,0
20,6,20,19.0,0,0,4,32,3
14,3,14,13.8,0,0,0,13,5
5,6,5,13.0,0,0,6,9,15
23,2,23,11.0,0,0,0,43,14
12,2,12,18.7,0,1,0,8,8
21,2,21,19.8,0,0,0,4,5
5,2,5,15.7,0,0,4,7,3
16,2,16,12.6,0,0,0,13,8
8,4,8,14.9,0,0,0,10,5
12,0,12,16.6,0,0,4,44,2
10,2,10,11.7,0,0,2,5,3
16,1,16,27.6,0,0,4,44,3
15,2,15,26.2,0,0,4,3,2
23,0,23,15.6,0,0,18,32,6
8,4,8,4.5,0,0,2,16,3
5,3,5,8.3,0,0,0,52,5
10,6,10,16.9,0,0,27,36,0
11,2,11,13.6,0,0,2,16,2
8,2,8,13.8,1,2,0,13,8
23,0,23,15.3,0,0,0,20,14
4,4,4,7.0,0,0,0,25,8
22,6,22,9.7,0,0,11,0,14
21,3,21,23.7,0,0,10,16,17
16,1,16,13.7,0,0,0,78,8
14,3,14,15.0,0,0,0,21,8
6,1,6,18.2,0,0,1,2,6
5,3,5,10.4,1,2,0,6,14
9,5,9,10.5,0,0,0,30,5
8,4,8,8.6,0,0,18,32,6
23,6,23,9.3,0,0,0,43,14
5,2,5,14.3,0,0,6,9,15
22,2,22,9.3,0,0,0,25,8
8,4,8,8.2,0,0,0,30,5
6,0,6,0.4,0,0,0,5,5
16,1,16,31.9,0,0,0,7,8
5,4,5,7.8,0,0,0,21,14
23,5,23,15.9,0,0,14,17,13
5,2,5,12.3,0,0,0,9,3
23,6,23,8.3,0,0,0,43,14
18,0,18,24.9,0,0,0,33,8
5,4,5,16.8,0,0,1,2,6
15,6,15,16.9,0,0,0,12,8
16,1,16,20.5,0,0,4,44,3
1,6,1,4.9,0,0,1,2,6
8,1,8,8.4,0,0,4,5,3
6,2,6,3.3,0,0,0,5,8
9,0,9,6.9,0,0,8,6,9
17,0,17,22.7,0,0,4,50,2
8,6,8,8.6,0,0,0,29,8
20,0,20,11.5,0,0,13,19,13
15,5,15,18.0,0,0,0,9,8
6,5,6,13.7,0,0,0,25,5
18,4,18,15.7,0,0,4,32,5
7,5,7,4.6,0,0,0,36,8
23,4,23,17.6,0,0,35,43,0
7,6,7,7.7,0,0,0,36,5
13,2,13,19.8,0,0,26,49,13
12,2,12,9.9,0,0,2,30,3
8,4,8,14.5,0,0,0,53,0
8,4,8,9.1,0,0,0,7,8
1,0,1,10.2,0,0,15,6,3
11,0,11,16.4,0,0,2,16,2
23,2,23,13.1,0,0,7,0,7
19,4,19,16.1,0,0,2,54,3
1,5,1,19.6,0,0,1,2,6
5,4,5,13.5,0,0,4,16,2
16,1,16,12.8,0,0,4,3,2
18,3,18,9.7,0,0,0,21,5
13,3,13,24.5,0,0,0,25,8
0,5,0,5.9,1,2,4,78,5
19,5,19,12.4,0,0,18,32,6
7,1,7,7.8,0,0,2,33,3
18,0,18,7.7,0,0,0,5,8
5,1,5,9.1,0,0,4,10,2
5,6,5,15.2,0,0,4,10,5
2,4,2,14.1,0,0,1,2,6
16,2,16,19.8,0,0,0,6,14
21,4,21,19.5,0,1,2,16,3
6,2,6,9.1,0,0,4,8,3
14,1,14,17.8,0,0,33,62,0
11,1,11,13.4,0,0,2,33,2
10,5,10,10.2,0,0,9,0,18
19,1,19,12.8,0,0,2,54,3
22,3,22,15.8,0,0,11,0,12
3,6,3,14.4,0,0,1,2,1
5,6,5,14.9,0,0,0,52,5
4,0,4,15.1,0,0,2,3,2
8,3,8,2.8,0,0,0,44,5
1,3,1,11.9,0,0,15,6,3
9,2,9,12.3,0,0,0,21,5
5,3,5,6.3,0,0,0,7,8
7,1,7,9.6,0,1,0,8,5
21,3,21,10.2,0,0,2,8,3
23,3,23,9.6,0,0,6,9,5
21,5,21,14.8,0,0,25,46,14
8,0,8,5.2,0,0,2,16,3
13,5,13,18.9,0,0,4,11,5
12,5,12,14.9,0,0,2,5,3
13,0,13,24.3,0,0,2,11,3
2,4,2,14.8,0,0,2,6,3
11,5,11,19.4,0,0,2,8,3
20,4,20,8.9,0,0,0,9,5
6,4,6,12.4,0,0,2,9,2
11,6,11,23.0,0,0,0,5,8
5,5,5,2.5,0,0,4,11,5
8,2,8,10.0,0,0,2,16,2
9,3,9,9.6,0,0,0,54,5
18,2,18,27.9,0,0,2,44,3
10,4,10,10.2,0,0,10,8,43
16,2,16,29.3,0,0,10,39,17
23,0,23,9.8,0,0,0,22,0
5,5,5,11.5,0,0,4,11,2
6,2,6,7.8,0,0,4,7,3
10,0,10,18.8,0,0,0,7,8
7,1,7,4.1,0,0,0,5,8
20,0,20,18.9,0,0,4,32,3
20,0,20,22.9,0,0,4,32,2
10,2,10,14.5,0,0,0,44,8
5,0,5,16.8,0,0,3,56,4
11,4,11,7.2,0,0,0,21,0
2,6,2,2.6,0,0,1,2,1
12,1,12,23.8,0,0,7,26,7
13,4,13,21.8,0,0,2,12,3
13,0,13,21.1,0,0,2,30,3
4,1,4,12.4,0,0,0,7,5
5,4,5,11.1,0,0,0,3,5
12,2,12,26.8,0,1,0,21,14
22,6,22,11.9,0,0,7,21,7
2,5,2,18.1,0,0,1,2,6
5,5,5,15.8,0,0,4,10,2
20,0,20,12.2,0,0,0,9,5
23,3,23,11.1,0,0,0,20,14
12,1,12,28.4,0,0,18,32,26
19,3,19,9.3,0,0,2,5,3
15,4,15,14.3,0,0,0,45,5
11,3,11,18.7,0,1,0,33,5
5,3,5,8.5,0,0,4,21,2
12,3,12,19.9,0,0,0,32,5
18,6,18,13.4,0,0,0,33,8
7,1,7,12.6,0,0,0,5,8
18,0,18,10.7,0,0,0,33,5
8,6,8,15.4,0,0,2,13,3
23,2,23,17.0,0,1,0,9,8
22,0,22,4.9,0,0,14,17,13
5,1,5,9.9,0,0,0,7,5
1,3,1,8.5,0,0,0,1,0
14,6,14,19.9,0,0,0,7,8
5,5,5,17.1,0,0,4,8,5
4,6,4,2.9,0,0,0,11,8
10,6,10,15.1,0,0,4,5,2
19,1,19,10.7,1,2,10,114,19
11,1,11,13.9,0,0,0,53,0
8,5,8,7.7,0,0,2,16,3
11,3,11,11.3,0,0,10,100,28
22,4,22,21.7,0,0,0,25,8
2,0,2,16.6,0,0,2,6,3
13,6,13,23.4,0,0,2,12,3
16,5,16,18.2,0,0,2,9,2
13,3,13,13.5,0,0,18,32,6
19,0,19,13.9,0,0,2,32,3
19,1,19,13.5,0,0,4,32,5
21,4,21,19.1,0,0,4,5,3
6,0,6,12.0,0,0,4,12,2
16,5,16,21.3,0,0,10,53,34
23,4,23,6.7,1,2,0,78,5
2,2,2,8.5,0,0,7,0,7
5,2,5,9.3,0,0,4,12,5
21,2,21,11.9,0,0,11,0,14
10,0,10,9.5,0,0,0,25,5
21,2,21,14.6,0,0,0,3,8
16,5,16,24.9,0,0,0,11,8
16,6,16,11.2,0,0,2,54,3
11,2,11,16.4,0,0,2,33,2
5,0,5,14.3,0,0,0,5,8
1,5,1,18.8,0,0,8,6,9
23,2,23,12.2,0,0,18,36,6
4,5,4,9.3,0,0,0,6,14
14,3,14,24.2,0,0,2,45,3
15,3,15,24.7,0,0,15,6,3
19,0,19,20.3,0,0,2,8,3
14,4,14,7.2,0,0,0,13,8
2,1,2,8.8,0,0,0,1,0
13,5,13,14.1,0,0,0,9,5
15,4,15,19.4,0,0,16,10,8
5,3,5,1.4,0,0,0,5,8
13,5,13,26.3,0,0,14,17,13
7,2,7,9.9,0,0,0,33,5
8,1,8,20.6,0,0,0,13,8
5,4,5,12.8,0,0,4,3,2
8,5,8,7.6,0,0,0,32,5
6,2,6,3.7,0,0,0,3,5
19,4,19,14.3,0,0,0,33,8
7,6,7,13.7,0,0,0,21,0
22,6,22,13.1,0,0,4,54,3
21,5,21,12.4,0,0,0,9,5
0,1,0,15.3,0,0,2,21,3
12,5,12,22.3,0,1,0,7,5
4,1,4,14.7,0,0,0,25,14
8,6,8,12.6,0,0,0,53,14
22,1,22,12.9,0,0,0,8,8
0,6,0,11.2,0,0,2,9,3
12,3,12,13.2,0,0,2,61,2
5,6,5,10.9,0,0,0,25,5
7,4,7,13.5,0,0,8,0,9
9,3,9,12.8,0,0,2,16,2
4,3,4,1.8,0,0,2,11,2
11,6,11,18.8,0,0,0,3,8
20,1,20,19.0,0,0,4,5,2
20,4,20,10.0,0,0,0,44,8
15,4,15,18.6,0,0,0,7,5
21,3,21,7.6,0,0,4,5,3
18,0,18,20.8,0,0,0,54,5
18,0,18,15.5,0,0,2,44,3
18,2,18,25.2,0,0,0,44,5
18,2,18,15.9,0,0,4,32,3
5,0,5,13.7,0,0,0,5,8
18,6,18,24.7,0,0,2,5,3
10,4,10,22.4,0,0,0,29,8
3,5,3,14.9,0,0,1,2,1
20,3,20,6.0,0,0,0,7,5
16,6,16,24.4,0,0,0,7,5
4,0,4,15.6,0,0,0,25,5
12,1,12,11.1,0,0,0,11,8
12,3,12,9.5,0,0,0,8,8
9,1,9,11.5,0,0,2,45,3
13,3,13,10.9,0,0,0,5,8
14,5,14,23.6,0,0,4,9,5
12,6,12,16.1,0,0,0,11,8
5,4,5,10.8,0,0,2,16,3
5,1,5,5.0,0,0,7,26,7
23,3,23,16.3,0,0,16,21,8
11,6,11,23.6,0,0,13,19,54
7,2,7,4.3,0,0,4,5,3
20,4,20,6.5,0,0,0,5,8
9,5,9,8.1,0,0,0,53,14
0,4,0,21.3,0,0,0,0,0
6,5,6,5.0,0,0,0,16,8
14,5,14,22.9,0,0,20,6,7
15,0,15,13.7,0,0,0,16,8
5,1,5,9.6,0,0,2,10,3
22,3,22,5.6,0,0,16,21,2
4,2,4,16.7,0,0,0,7,5
11,2,11,13.9,0,0,18,8,6
9,4,9,8.0,0,0,6,9,5
16,2,16,31.7,0,0,16,10,8
14,1,14,30.5,0,1,0,13,5
7,5,7,10.2,0,0,0,36,8
17,2,17,15.9,0,0,6,9,0
16,6,16,17.0,0,0,0,4,5
4,4,4,5.8,0,0,2,4,3
18,0,18,31.6,0,0,2,12,2
10,4,10,8.2,0,0,10,130,34
5,6,5,13.0,0,0,2,5,3
20,6,20,17.7,0,0,13,19,13
16,1,16,28.7,0,0,0,6,14
16,6,16,13.4,0,0,2,5,2
10,0,10,20.5,0,0,0,13,5
22,4,22,7.6,0,0,18,36,6
3,2,3,10.7,0,0,9,0,7
10,5,10,22.0,0,0,2,16,2
5,1,5,9.2,0,0,4,32,5
5,4,5,15.7,0,0,1,2,6
4,6,4,16.8,0,0,4,12,2
11,3,11,16.3,0,0,18,54,20
6,2,6,9.3,0,0,0,5,8
16,1,16,28.5,0,0,0,25,8
4,4,4,16.1,0,0,2,5,3
0,2,0,15.8,0,0,11,23,14
15,4,15,11.7,0,0,7,0,7
9,5,9,15.7,0,0,0,6,14
16,0,16,19.1,0,1,0,21,8
21,6,21,11.8,0,0,0,9,5
4,2,4,4.5,0,0,2,5,3
5,4,5,11.5,0,0,0,9,5
20,4,20,15.8,0,0,0,25,8
0,2,0,8.9,0,0,16,21,8
10,2,10,9.2,0,0,0,5,8
16,4,16,30.1,0,1,6,9,7
19,2,19,18.0,0,0,2,44,3
11,2,11,15.6,0,0,0,25,8
19,0,19,30.6,0,0,2,5,3
12,0,12,28.3,0,0,0,11,5
11,5,11,10.1,0,0,0,5,8
23,6,23,16.3,0,0,18,32,6
16,3,16,20.1,0,0,4,44,2
22,1,22,16.9,0,0,12,18,7
23,6,23,6.5,0,0,0,22,14
15,6,15,11.1,0,0,2,58,3
11,1,11,8.4,0,0,2,16,2
8,3,8,7.3,0,0,2,5,3
1,2,1,15.0,0,0,0,37,0
18,3,18,16.5,0,0,2,13,2
4,4,4,4.5,0,0,2,11,2
8,6,8,4.0,0,0,0,33,5
6,0,6,0.8,0,0,4,32,5
16,2,16,29.6,0,0,0,7,5
14,0,14,16.0,0,0,10,45,19
9,3,9,13.8,0,0,0,32,5
10,1,10,12.0,0,0,0,8,8
6,0,6,13.7,0,0,24,47,23
18,6,18,9.5,0,0,40,0,10
4,3,4,17.1,0,0,2,3,2
7,4,7,12.9,0,0,7,21,7
23,5,23,19.1,0,0,0,20,0
5,1,5,14.9,0,0,0,16,5
3,4,3,16.8,0,0,21,36,7
16,1,16,20.6,0,0,0,6,14
11,6,11,24.6,0,0,0,7,5
0,5,0,19.5,0,0,7,0,7
13,0,13,22.5,0,0,0,13,8
21,4,21,13.8,0,0,0,16,5
10,2,10,12.6,0,0,0,32,5
15,3,15,24.6,0,0,15,6,3
0,3,0,16.2,0,0,13,19,13
16,6,16,13.3,0,0,4,12,2
16,1,16,31.6,0,0,2,7,2
9,3,9,8.6,0,0,0,45,5
5,4,5,8.4,0,0,0,7,8
5,6,5,10.4,0,0,4,21,2
5,5,5,2.4,0,0,4,12,3
7,4,7,4.5,0,0,2,8,3
12,0,12,23.7,0,0,14,24,9
21,6,21,17.1,0,0,13,19,13
8,1,8,9.8,0,0,4,5,3
9,1,9,13.3,0,0,10,48,19
23,5,23,6.8,0,0,2,21,3
6,1,6,3.9,0,0,2,21,3
16,2,16,10.9,0,0,4,5,2
9,0,9,20.8,0,0,0,21,5
21,2,21,17.7,0,0,16,21,5
11,0,11,12.6,0,0,1,2,1
9,6,9,15.2,0,0,0,25,8
11,1,11,13.8,0,0,0,13,5
16,3,16,14.9,0,0,0,11,8
16,3,16,29.3,0,0,0,34,5
10,5,10,23.9,0,0,9,0,18
19,2,19,9.3,0,0,4,5,3
13,3,13,10.0,1,2,15,6,3
6,5,6,6.0,0,0,4,21,2
7,5,7,13.4,0,0,0,5,5
8,0,8,10.4,0,0,18,32,26
5,6,5,12.3,0,0,2,7,2
18,3,18,9.7,0,0,0,32,5
11,1,11,11.5,0,0,4,8,3
20,5,20,28.3,0,0,0,25,8
5,6,5,15.5,0,0,8,0,9
15,3,15,27.7,0,0,2,3,3
18,5,18,10.9,0,0,16,21,8
10,4,10,9.1,0,0,4,9,3
17,4,17,15.6,0,0,2,11,2
9,1,9,12.0,0,0,2,34,3
4,3,4,15.0,0,0,0,3,5
5,0,5,6.7,0,0,2,11,2
8,4,8,13.7,0,1,0,44,5
20,4,20,10.6,0,0,2,9,3
17,2,17,13.6,0,0,2,44,3
19,6,19,24.6,0,0,9,0,18
23,6,23,9.7,0,0,2,21,3
19,3,19,12.8,0,0,0,17,0
9,6,9,10.6,0,0,7,36,7
1,2,1,13.4,0,0,0,1,0
0,0,0,11.6,0,0,15,6,3
5,1,5,4.3,0,0,0,7,8
19,3,19,11.6,0,0,2,5,3
15,0,15,16.3,0,0,16,10,8
19,4,19,9.2,0,0,2,44,3
12,0,12,27.9,0,0,0,11,8
22,0,22,6.7,0,0,11,0,14
14,1,14,26.3,0,0,4,3,77
1,2,1,13.8,0,0,0,37,0
6,3,6,13.0,0,0,2,5,3
17,4,17,30.9,0,0,19,16,17
7,1,7,13.2,0,0,4,5,3
17,3,17,31.4,0,0,0,12,8
5,3,5,16.0,0,0,4,9,3
7,6,7,9.3,0,0,0,9,14
5,1,5,5.2,0,0,6,9,5
12,5,12,16.1,0,0,0,34,5
0,5,0,3.3,0,0,1,2,6
7,3,7,9.7,0,0,0,7,8
21,1,21,12.1,0,0,0,3,5
14,4,14,23.6,0,0,0,9,5
0,0,0,9.2,0,0,4,50,2
1,3,1,11.8,0,0,11,0,14
16,4,16,11.5,0,0,16,21,8
1,1,1,14.6,0,0,0,6,14
20,5,20,16.7,0,0,10,5,17
7,3,7,5.7,0,0,0,33,8
5,3,5,6.6,0,0,4,11,2
17,0,17,27.2,0,0,0,8,8
17,4,17,14.7,0,0,2,5,3
19,5,19,8.5,0,0,4,5,3
23,3,23,4.5,0,0,2,21,3
23,4,23,17.3,0,0,12,18,7
17,2,17,30.0,0,0,0,12,8
18,2,18,13.9,0,0,0,13,8
10,5,10,23.6,0,0,0,3,8
20,6,20,23.8,0,1,22,56,4
10,2,10,15.3,0,0,0,8,8
22,6,22,16.4,0,0,11,0,12
7,0,7,5.0,0,0,0,16,8
12,3,12,13.6,0,0,16,21,8
20,2,20,15.3,0,0,2,32,3
17,6,17,17.3,0,0,0,36,5
4,4,4,8.1,0,0,6,9,5
10,2,10,23.2,0,0,0,25,8
7,0,7,6.6,0,0,24,47,23
8,1,8,11.0,0,0,0,53,0
19,5,19,16.2,0,0,0,25,8
4,2,4,10.2,0,0,2,7,3
21,3,21,14.4,0,0,0,9,8
5,0,5,9.7,0,0,4,12,2
0,4,0,19.8,0,0,0,6,9
5,3,5,13.0,0,0,4,10,2
5,0,5,9.8,0,0,4,10,2
7,3,7,10.9,0,0,2,42,3
18,1,18,15.8,0,0,0,3,5
15,5,15,20.8,0,1,0,3,5
5,0,5,14.4,0,0,4,3,2
6,4,6,8.7,0,0,2,21,2
4,0,4,9.7,0,0,7,21,7
15,1,15,17.2,0,0,0,78,8
23,1,23,8.3,0,0,0,0,0
12,0,12,8.8,0,0,7,0,7
23,2,23,6.2,0,0,0,0,0
0,6,0,3.4,0,0,15,6,3
18,1,18,18.6,0,0,2,13,3
6,2,6,3.7,0,0,2,3,3
5,4,5,7.0,0,0,6,9,5
16,4,16,23.5,0,0,28,55,0
16,6,16,19.2,0,0,0,21,8
22,0,22,5.1,0,0,16,21,2
2,0,2,16.5,0,0,2,6,3
16,0,16,28.9,0,0,2,44,2
2,0,2,16.3,0,0,3,6,4
15,0,15,16.1,0,0,2,33,3
5,6,5,7.6,0,0,6,9,5
8,3,8,3.2,0,0,6,9,5
9,0,9,17.2,0,0,10,149,17
10,0,10,9.4,0,0,0,25,8
20,5,20,30.5,0,0,2,7,3
12,5,12,15.5,0,0,2,8,3
5,5,5,5.0,0,0,4,10,2
15,3,15,15.3,0,0,2,45,3
4,0,4,15.0,0,0,5,9,4
12,4,12,20.4,0,0,0,44,5
12,5,12,27.0,0,0,4,63,3
9,5,9,12.0,0,0,0,5,8
16,2,16,22.3,0,0,4,3,3
10,3,10,9.2,0,0,0,12,5
11,5,11,14.8,0,0,0,0,0
6,3,6,3.3,0,0,0,5,5
9,3,9,9.9,0,0,2,45,3
10,0,10,24.0,0,0,0,5,8
15,0,15,24.5,0,0,0,5,8
14,0,14,16.5,0,0,0,21,8
5,4,5,13.6,0,0,1,2,6
10,3,10,20.9,0,0,0,5,8
15,3,15,13.0,0,0,24,47,22
7,5,7,13.5,0,0,0,45,5
18,2,18,23.7,0,0,20,0,7
9,5,9,5.8,0,0,18,32,6
15,6,15,19.1,0,0,16,21,8
16,1,16,25.5,0,0,0,45,5
20,2,20,12.7,0,0,2,8,3
7,6,7,7.5,0,0,0,33,5
1,4,1,15.6,0,0,1,2,6
19,6,19,22.4,0,0,0,61,5
8,5,8,5.3,0,0,0,44,8
17,1,17,18.3,0,0,2,12,2
7,4,7,7.3,1,2,26,49,13
14,1,14,30.0,0,0,2,58,3
22,1,22,16.8,0,1,12,18,7
3,2,3,9.3,0,0,2,6,3
6,0,6,10.2,0,0,0,8,5
7,1,7,13.3,0,0,0,5,8
0,4,0,20.3,0,0,2,21,3
10,0,10,8.0,0,0,0,44,5
16,1,16,16.8,0,0,4,44,2
1,4,1,13.1,0,0,15,6,3
16,3,16,22.9,0,0,0,6,9
17,3,17,11.7,0,0,0,13,8
7,2,7,9.5,0,0,4,16,5
20,6,20,14.8,0,1,2,9,3
5,4,5,8.5,0,0,2,9,2
1,0,1,6.4,0,0,9,0,18
6,0,6,8.5,0,0,0,8,8
21,3,21,15.6,0,0,0,36,8
12,1,12,17.9,0,0,0,0,14
21,3,21,10.6,0,0,7,0,7
13,5,13,15.0,0,0,4,8,3
20,2,20,25.4,0,0,0,9,8
11,6,11,12.7,0,0,0,0,0
23,1,23,16.2,0,0,35,43,0
0,0,0,15.8,0,0,2,21,3
17,2,17,13.6,0,0,4,5,3
12,5,12,18.6,0,0,0,13,8
19,6,19,23.8,0,0,18,32,6
5,2,5,9.3,0,0,2,11,2
8,1,8,12.7,0,0,0,8,8
5,5,5,2.7,0,0,0,5,8
17,1,17,14.7,0,0,6,9,0
13,2,13,18.2,0,0,0,34,5
10,2,10,9.2,0,0,0,8,8
5,1,5,15.0,0,0,0,4,5
13,5,13,24.8,0,1,2,48,3
11,3,11,13.9,0,0,27,36,0
15,0,15,34.6,0,0,15,6,3
8,0,8,10.4,0,0,0,33,8
20,3,20,21.4,0,0,0,4,5
12,6,12,13.9,0,0,2,45,3
5,0,5,13.8,0,0,4,16,3
7,5,7,9.8,1,2,14,17,13
4,1,4,17.7,0,0,2,5,3
8,3,8,10.8,0,0,0,13,5
5,0,5,9.6,0,0,2,7,2
13,1,13,24.9,0,0,16,21,8
10,5,10,20.7,0,0,46,53,26
21,6,21,12.9,0,0,4,8,3
13,6,13,17.0,0,0,0,61,8
10,1,10,14.4,0,0,4,8,3
16,6,16,26.0,0,0,0,11,8
14,6,14,30.0,0,1,29,26,10
1,6,1,18.5,0,0,1,2,6
4,4,4,16.0,0,0,0,5,5
7,6,7,8.0,0,0,30,9,24
14,2,14,19.7,0,0,0,34,5
6,0,6,8.2,0,0,0,3,5
21,0,21,14.3,0,0,6,9,5
15,5,15,17.9,0,0,2,34,3
8,0,8,21.5,0,0,0,32,8
5,5,5,13.4,0,0,2,9,2
8,1,8,5.9,0,0,0,8,8
7,2,7,9.7,0,0,15,6,14
17,1,17,19.4,0,0,0,15,8
6,5,6,9.4,0,0,0,52,5
22,5,22,11.9,0,0,14,17,13
5,0,5,13.9,0,0,0,3,8
4,5,4,14.2,0,0,0,25,8
11,0,11,16.0,0,0,0,25,8
9,1,9,15.2,0,0,0,9,8
15,4,15,24.6,0,0,0,9,8
8,0,8,8.1,0,0,32,42,58
13,2,13,15.8,0,0,0,3,8
9,3,9,23.3,0,0,0,54,8
18,6,18,10.7,0,0,0,13,8
16,4,16,27.8,0,0,0,54,5
5,4,5,18.2,0,0,2,11,5
8,0,8,8.3,0,0,0,44,5
16,2,16,7.2,0,0,0,32,5
12,3,12,15.8,0,0,0,3,8
12,2,12,8.9,0,0,0,3,8
7,6,7,9.2,0,0,0,8,5
4,1,4,10.9,0,0,0,11,8
16,5,16,25.9,0,0,4,5,3
13,5,13,26.9,0,0,14,17,13
12,6,12,17.1,0,0,0,32,5
20,2,20,10.5,0,0,2,5,3
15,3,15,12.7,0,0,0,33,8
15,0,15,29.7,0,0,0,3,5
17,5,17,24.6,0,0,0,21,0
8,2,8,10.1,0,0,2,16,3
5,1,5,5.5,0,0,10,41,34
4,6,4,19.4,0,0,0,11,8
7,0,7,6.2,0,0,4,32,5
23,4,23,17.5,0,0,0,0,0
23,4,23,21.3,0,0,0,20,14
12,3,12,11.0,0,0,10,28,16
10,3,10,21.8,0,0,2,44,3
11,3,11,11.0,0,0,0,33,5
13,0,13,8.4,0,0,7,0,7
9,1,9,18.5,0,0,0,43,14
18,6,18,14.9,0,0,16,21,2
23,6,23,19.5,0,0,13,19,13
17,4,17,16.8,0,0,0,78,8
20,6,20,7.8,0,0,0,36,5
22,4,22,5.9,0,0,16,21,2
1,2,1,15.6,0,0,15,6,3
17,0,17,15.6,0,0,0,21,8
7,0,7,6.6,0,0,16,21,5
15,3,15,25.9,0,0,0,33,5
9,5,9,6.1,0,0,0,5,8
16,1,16,19.8,0,0,4,44,5
7,2,7,7.9,0,0,2,5,3
20,5,20,22.6,0,0,2,32,3
20,4,20,13.5,0,0,0,3,8
16,0,16,24.1,0,0,4,50,2
11,0,11,16.2,0,0,0,10,8
13,6,13,15.3,0,0,2,44,3
5,0,5,4.4,0,0,4,21,5
8,2,8,4.7,0,0,2,13,3
6,0,6,11.1,0,0,2,3,3
23,6,23,15.9,0,0,0,20,14
14,2,14,9.3,0,0,17,0,7
5,6,5,5.0,0,0,2,5,3
9,5,9,14.4,0,0,0,44,5
17,1,17,13.8,0,0,86,33,55
11,0,11,17.4,0,0,2,16,2
4,0,4,15.4,0,0,0,4,8
12,2,12,25.7,0,0,0,13,8
6,3,6,8.8,0,0,2,5,3
17,3,17,15.1,0,0,0,3,8
1,2,1,13.0,0,0,1,2,6
16,4,16,23.6,1,0,0,7,8
18,2,18,21.3,0,0,0,3,8
1,1,1,12.2,0,0,0,43,14
6,4,6,16.3,0,0,4,6,3
11,3,11,22.9,0,0,2,16,3
5,4,5,6.9,0,0,2,3,3
4,2,4,12.3,0,0,0,7,5
14,6,14,20.3,0,0,0,13,8
8,5,8,9.3,0,0,0,10,5
5,0,5,8.1,0,0,4,5,2
0,5,0,6.0,1,2,2,12,3
16,2,16,21.8,0,0,4,44,2
12,2,12,11.5,0,0,2,30,3
0,4,0,13.5,0,0,0,25,5
11,3,11,13.6,0,0,0,53,0
23,3,23,12.6,0,0,0,20,0
12,2,12,25.6,0,0,1,2,1
20,4,20,20.9,0,0,16,21,3
12,1,12,20.6,0,0,0,11,5
5,1,5,6.7,0,0,2,5,3
13,5,13,16.6,0,0,10,51,17
4,5,4,13.0,0,0,0,7,8
17,2,17,19.9,0,0,0,21,0
5,1,5,4.5,0,0,4,11,2
5,1,5,11.0,0,0,4,11,5
17,2,17,16.6,0,0,0,25,8
7,6,7,8.6,0,0,0,5,8
9,0,9,10.0,0,0,0,45,5
22,2,22,8.0,0,0,2,3,3
6,2,6,1.5,0,0,0,3,8
7,0,7,4.9,0,0,4,21,3
6,3,6,12.2,0,0,2,3,3
7,4,7,12.0,0,0,6,9,5
14,1,14,21.9,0,0,15,6,3
13,0,13,8.2,0,0,0,30,5
2,0,2,10.3,0,0,1,2,1
20,0,20,22.5,0,0,20,0,7
14,4,14,12.2,0,0,0,44,5
6,4,6,6.9,0,0,0,8,8
2,3,2,7.4,0,0,9,0,10
13,3,13,31.3,0,0,4,8,3
0,6,0,7.9,0,0,15,6,3
10,6,10,21.3,0,0,0,7,8
12,0,12,16.1,0,0,0,32,5
12,4,12,15.7,0,1,26,49,13
15,6,15,19.9,0,0,16,21,8
15,2,15,19.7,0,0,15,6,3
4,4,4,13.0,0,0,0,7,8
11,3,11,10.7,0,0,0,8,5
5,0,5,9.2,0,0,0,16,5
12,2,12,26.7,0,1,26,49,12
5,1,5,11.0,0,0,2,10,3
5,3,5,12.1,0,0,0,3,5
8,0,8,14.7,0,0,4,5,3
19,5,19,23.9,0,1,2,11,5
9,1,9,6.5,0,0,4,5,2
14,4,14,16.3,0,0,0,29,8
17,6,17,28.4,0,0,6,9,5
10,3,10,10.7,0,0,0,44,5
12,0,12,20.9,0,0,0,44,8
1,2,1,16.5,0,0,15,6,3
16,6,16,16.2,0,0,0,8,8
12,1,12,12.0,0,0,2,7,3
6,4,6,4.5,0,0,15,6,14
20,1,20,10.9,0,0,13,19,13
19,3,19,6.5,0,0,20,6,7
10,0,10,10.8,0,0,0,25,5
14,6,14,24.2,0,0,0,9,5
18,4,18,13.9,0,0,2,8,3
9,5,9,18.9,0,0,0,42,5
5,3,5,0.6,0,0,0,3,8
19,6,19,9.5,0,0,0,17,0
8,2,8,3.6,0,0,10,67,16
4,0,4,10.1,0,0,2,7,2
11,5,11,17.2,0,0,0,16,5
13,4,13,19.8,0,0,0,61,8
21,1,21,8.9,0,0,11,0,14
5,3,5,15.1,0,0,2,10,3
11,5,11,14.1,0,0,14,17,13
20,0,20,21.8,0,0,2,21,3
5,0,5,7.2,0,0,4,21,5
7,4,7,5.2,0,0,4,13,2
7,3,7,3.9,0,0,4,7,3
7,3,7,6.0,0,0,0,9,14
17,6,17,17.8,0,0,2,13,2
19,3,19,20.9,0,0,0,3,8
12,3,12,21.5,0,0,0,3,8
8,0,8,8.5,0,0,2,16,3
17,4,17,8.4,1,2,2,8,3
18,0,18,11.1,0,0,0,33,8
11,4,11,7.2,0,0,1,2,1
5,4,5,14.8,0,0,4,5,5
11,5,11,23.5,0,0,2,13,3
4,2,4,9.0,0,0,0,16,8
5,1,5,16.4,0,0,0,5,8
20,5,20,16.6,0,1,0,36,8
22,3,22,17.4,0,0,0,16,8
12,6,12,16.9,0,0,2,30,3
15,3,15,19.4,0,0,0,12,5
12,1,12,18.0,0,0,2,61,2
6,0,6,16.2,0,0,2,8,3
21,3,21,11.1,0,0,0,3,8
5,5,5,22.2,0,0,2,4,3
8,0,8,8.7,0,0,4,7,5
13,3,13,15.3,0,0,2,36,2
18,0,18,24.8,0,0,0,5,8
4,2,4,14.7,0,0,2,6,3
11,6,11,28.7,0,0,10,85,17
14,0,14,31.4,0,0,4,44,5
6,2,6,3.2,0,0,0,8,8
1,6,1,14.2,0,0,16,21,8
0,2,0,12.3,0,0,0,0,0
17,5,17,17.0,0,0,0,12,8
13,3,13,18.7,1,2,16,21,8
10,3,10,23.0,0,0,4,5,3
19,2,19,17.2,0,1,18,32,20
8,1,8,9.0,0,0,4,5,2
9,2,9,10.2,0,0,0,5,8
5,0,5,1.3,0,0,16,21,8
5,1,5,13.3,0,0,0,16,8
13,3,13,30.7,0,0,4,7,2
15,1,15,25.5,0,0,4,7,3
5,4,5,4.8,0,0,6,9,5
23,1,23,12.6,0,0,0,0,0
0,1,0,18.8,0,0,0,20,0
10,0,10,10.2,0,0,0,21,14
8,4,8,7.7,0,0,4,14,3
15,4,15,24.9,0,0,0,9,8
16,6,16,21.7,0,0,2,11,2
16,2,16,21.4,0,0,0,8,8
5,0,5,1.1,0,0,0,3,8
12,1,12,16.2,0,0,1,2,1
18,4,18,25.0,0,0,0,32,5
20,5,20,16.6,0,0,4,32,3
17,0,17,32.7,0,0,0,21,0
12,3,12,13.2,0,0,26,49,13
11,6,11,16.8,0,0,0,21,0
1,5,1,5.1,0,0,1,2,6
11,0,11,13.5,0,0,0,21,8
21,3,21,19.3,0,0,2,9,2
4,3,4,9.3,0,0,2,8,3
17,4,17,11.8,0,0,0,8,5
4,6,4,8.6,0,0,0,4,8
4,3,4,17.1,0,0,2,5,3
2,3,2,10.1,0,0,1,2,6
14,4,14,18.1,0,0,0,29,8
5,3,5,0.9,0,0,6,9,5
8,1,8,10.2,0,0,17,0,7
4,0,4,10.0,0,0,2,7,3
1,2,1,14.9,0,0,15,6,3
0,6,0,9.5,0,0,1,2,6
0,3,0,12.8,0,0,69,6,5
15,1,15,11.1,0,0,0,13,5
16,2,16,20.6,0,0,0,54,5
20,4,20,14.0,0,0,0,36,5
21,1,21,3.6,0,0,0,7,5
23,3,23,9.8,1,2,0,12,8
5,5,5,2.5,0,0,0,52,5
0,2,0,4.1,0,0,15,6,15
5,4,5,14.7,0,0,2,11,5
23,1,23,9.9,0,0,0,20,14
15,0,15,27.6,0,0,0,45,5
12,5,12,12.1,0,0,0,13,8
7,3,7,8.4,0,0,0,33,5
1,3,1,4.0,0,0,1,2,6
18,0,18,28.8,0,0,16,11,3
11,6,11,13.6,0,0,0,25,8
4,5,4,13.4,0,0,0,3,5
7,4,7,7.6,1,2,9,11,10
5,3,5,12.1,0,0,0,4,5
2,1,2,9.1,0,0,1,2,1
12,0,12,11.2,0,0,0,16,8
6,0,6,3.4,0,0,0,5,8
4,1,4,5.0,0,0,0,11,8
22,3,22,5.7,0,0,0,25,5
19,1,19,12.6,0,0,0,44,5
9,6,9,12.8,0,0,16,21,8
16,2,16,20.8,0,0,0,12,5
11,3,11,14.0,0,0,0,45,5
9,2,9,10.0,0,0,2,8,3
20,3,20,21.3,0,0,0,25,5
20,4,20,21.7,0,1,2,4,3
21,3,21,9.6,0,0,13,19,13
4,3,4,4.7,0,0,2,11,2
14,5,14,15.8,0,0,7,0,7
22,6,22,16.8,0,0,4,16,2
4,3,4,10.0,0,0,0,4,8
20,0,20,6.5,0,0,2,16,2
7,2,7,12.8,0,0,6,9,15
20,6,20,10.7,0,0,0,36,8
3,4,3,13.7,0,0,1,2,1
12,5,12,16.3,0,0,4,8,2
13,1,13,11.1,0,0,2,36,3
5,6,5,11.2,0,0,2,7,3
18,2,18,8.4,0,0,16,11,5
1,4,1,12.1,0,0,15,6,3
20,3,20,8.6,0,0,2,5,3
17,4,17,18.9,0,0,4,38,2
3,0,3,11.2,0,0,1,2,1
7,2,7,9.3,0,0,0,29,8
15,6,15,25.5,0,0,0,9,5
14,3,14,26.5,0,0,4,5,3
4,1,4,12.3,0,0,0,3,8
1,4,1,9.1,0,0,15,6,3
22,2,22,14.3,0,0,0,4,8
23,5,23,23.6,0,1,12,18,7
7,6,7,7.1,0,0,0,5,8
1,5,1,15.5,0,0,0,21,5
6,6,6,6.5,0,0,2,36,3
8,1,8,14.8,0,0,9,0,10
9,1,9,10.7,0,0,10,33,21
11,3,11,12.6,0,0,0,0,0
7,3,7,4.0,0,0,18,32,26
16,3,16,27.0,0,0,0,6,14
5,3,5,3.6,0,0,0,25,5
7,0,7,12.3,0,0,0,36,8
9,1,9,23.1,0,0,0,21,8
18,3,18,18.3,0,0,0,44,5
23,4,23,14.6,0,0,11,0,14
18,6,18,15.4,0,0,16,11,5
18,6,18,23.3,0,0,0,33,5
11,1,11,11.4,0,0,2,3,3
8,1,8,9.1,0,0,0,44,5
5,0,5,15.5,0,0,0,7,8
14,2,14,15.8,0,0,0,33,5
19,0,19,11.0,0,0,4,32,5
23,5,23,11.4,0,0,0,0,0
21,3,21,8.3,0,0,4,3,2
20,2,20,15.3,0,0,2,3,3
19,6,19,8.7,0,0,2,4,3
15,6,15,22.9,0,0,4,48,2
22,1,22,11.6,0,0,11,0,14
13,6,13,24.9,0,0,0,34,5
16,6,16,31.5,0,1,6,9,7
5,4,5,3.7,0,0,4,11,5
5,6,5,11.0,0,0,0,7,8
1,1,1,17.1,0,0,16,21,8
17,5,17,18.5,0,0,0,54,5
13,2,13,11.2,0,0,0,9,5
16,2,16,14.7,0,0,4,44,5
15,4,15,18.4,0,0,2,33,3
6,2,6,2.6,0,0,2,21,3
5,6,5,9.7,0,0,4,12,5
16,5,16,20.2,0,0,0,6,14
8,4,8,15.7,0,0,4,14,3
19,1,19,15.8,0,0,0,44,8
5,3,5,12.5,0,0,2,11,2
7,3,7,8.6,0,0,0,33,5
23,0,23,15.5,0,0,16,21,5
13,6,13,28.8,0,1,26,49,12
4,2,4,9.6,0,0,2,4,2
16,6,16,28.9,0,0,16,21,8
8,2,8,10.1,0,0,0,54,5
23,2,23,11.0,1,2,0,78,8
16,2,16,7.2,0,0,0,44,5
6,3,6,3.5,0,0,2,36,3
0,5,0,19.7,0,0,0,0,0
10,5,10,23.8,0,0,0,0,0
14,3,14,18.2,0,0,0,13,5
19,5,19,7.8,0,0,0,17,0
16,5,16,19.9,0,0,0,32,5
23,4,23,9.4,0,0,0,0,0
5,1,5,1.1,0,0,0,3,8
23,2,23,13.0,0,0,0,17,0
4,3,4,16.6,0,0,4,6,3
17,5,17,31.0,0,0,4,3,3
16,5,16,31.4,0,0,0,78,8
5,4,5,15.2,0,0,8,6,9
5,6,5,13.5,0,0,4,11,5
9,6,9,15.7,0,0,0,42,5
5,2,5,6.2,0,0,2,3,3
5,0,5,9.7,0,0,4,5,2
7,1,7,9.5,0,0,24,47,23
10,5,10,14.2,0,0,27,36,0
13,6,13,16.4,0,0,18,54,20
8,0,8,4.4,0,0,4,7,3
14,3,14,18.1,0,0,0,44,8
5,5,5,12.9,0,0,2,5,3
18,1,18,24.6,0,0,2,12,2
8,3,8,9.1,0,0,0,29,8
12,5,12,25.7,0,0,2,13,2
20,1,20,11.2,0,0,6,9,5
17,0,17,15.3,0,0,4,38,2
6,6,6,11.2,0,0,4,7,3
4,0,4,4.3,0,0,2,11,2
16,0,16,25.3,0,0,0,44,8
23,3,23,12.3,0,0,0,20,14
6,6,6,8.7,0,0,0,12,5
11,1,11,12.9,0,0,0,3,5
5,2,5,16.8,0,0,4,12,2
9,4,9,3.5,0,0,0,29,8
4,0,4,10.2,0,0,1,2,6
5,0,5,10.8,0,0,2,9,2
12,0,12,12.4,0,0,26,49,13
9,5,9,22.7,0,0,0,21,8
1,3,1,18.1,0,0,0,25,8
12,6,12,22.0,0,0,14,17,13
23,0,23,12.4,0,0,0,0,0
16,5,16,20.2,0,0,0,3,5
7,4,7,7.7,0,0,17,0,7
6,3,6,8.8,0,0,0,9,5
5,2,5,4.4,0,0,2,7,2
13,2,13,22.5,0,0,2,36,3
12,0,12,17.1,0,0,26,49,13
7,4,7,7.0,0,0,0,9,14
7,6,7,5.3,0,0,4,13,3
12,5,12,13.3,0,0,0,32,5
9,6,9,7.5,0,0,0,30,5
13,3,13,32.0,0,1,0,8,5
9,3,9,20.4,0,1,2,4,3
20,2,20,13.4,0,0,0,44,5
18,1,18,24.2,0,0,16,11,5
21,1,21,10.2,0,0,0,9,5
11,3,11,18.3,0,0,0,8,8
17,1,17,11.3,0,0,2,12,2
15,2,15,24.1,0,0,0,78,5
4,6,4,17.4,0,0,4,7,5
18,5,18,28.6,0,0,0,13,5
5,3,5,6.8,0,0,16,21,8
9,3,9,15.8,0,0,0,42,5
8,6,8,13.3,0,1,0,9,5
20,5,20,12.1,0,0,0,3,8
5,3,5,4.1,0,0,0,3,8
23,0,23,8.6,0,0,0,0,14
4,3,4,5.4,0,0,0,3,5
10,2,10,16.1,0,0,10,33,17
11,4,11,16.6,0,0,0,34,5
23,1,23,17.8,0,0,0,25,5
0,0,0,15.1,0,0,20,0,7
22,6,22,11.6,1,0,1,2,6
20,6,20,21.2,1,0,24,25,30
5,4,5,14.7,0,0,2,10,3
1,5,1,15.0,0,0,1,2,6
21,6,21,7.4,0,0,13,19,13
17,2,17,15.5,0,0,2,11,2
4,6,4,2.3,0,0,2,11,2
4,5,4,6.5,0,0,1,2,6
13,3,13,12.9,0,0,0,5,8
15,1,15,21.3,0,0,0,9,8
15,3,15,13.7,0,0,2,45,3
17,4,17,28.6,0,0,0,7,5
8,6,8,12.4,0,0,2,29,3
21,4,21,6.8,1,2,0,15,5
7,4,7,4.5,0,0,0,13,5
13,1,13,14.0,0,0,2,12,3
11,5,11,12.5,0,0,0,3,8
17,2,17,11.6,0,0,2,44,2
1,4,1,12.3,0,0,1,2,6
5,0,5,9.3,0,0,0,5,8
20,3,20,18.7,0,0,4,32,3
10,3,10,14.4,0,0,0,3,8
16,5,16,27.5,0,0,0,11,8
1,2,1,11.9,0,0,0,1,0
13,3,13,9.6,0,0,2,36,3
7,6,7,7.9,0,0,0,8,8
19,5,19,13.4,0,0,2,32,3
17,5,17,19.8,0,0,2,44,3
21,5,21,21.5,0,0,0,36,5
12,5,12,13.2,0,0,0,11,8
12,3,12,22.2,0,0,1,2,1
13,3,13,23.1,0,0,18,32,6
5,0,5,1.3,0,0,0,3,8
9,6,9,11.2,0,0,0,30,5
0,0,0,17.5,0,0,23,41,15
9,6,9,26.5,0,0,2,34,3
14,4,14,17.9,0,0,4,16,2
4,0,4,5.8,0,0,1,2,6
13,2,13,12.5,1,0,0,44,8
4,2,4,12.3,0,0,0,5,8
1,4,1,6.1,0,0,2,36,2
8,0,8,9.8,0,0,2,8,3
22,4,22,12.7,0,0,0,17,0
8,0,8,4.9,0,0,19,29,17
8,4,8,5.9,0,0,0,9,5
19,2,19,27.7,0,0,0,44,8
0,3,0,11.9,0,0,4,6,3
18,3,18,26.6,0,0,2,12,2
17,3,17,27.0,0,0,0,3,5
15,4,15,17.9,0,0,0,21,8
5,6,5,15.0,0,0,6,9,5
21,6,21,8.9,0,0,0,25,5
16,5,16,24.8,0,0,0,34,5
6,2,6,6.0,0,0,4,5,3
7,3,7,9.7,0,0,0,7,8
12,1,12,17.9,0,0,2,8,2
11,3,11,18.3,0,0,0,8,5
12,0,12,8.5,0,0,2,7,3
6,1,6,8.1,0,0,0,16,5
12,2,12,14.1,0,0,0,11,8
9,6,9,13.3,0,0,15,6,14
5,6,5,13.3,0,0,0,25,5
0,2,0,19.9,0,0,0,0,0
1,5,1,3.5,0,0,0,1,0
4,6,4,8.8,0,0,0,16,8
7,5,7,10.0,0,0,0,33,8
8,0,8,2.5,0,0,0,33,8
1,5,1,18.7,0,0,23,41,15
0,6,0,14.5,0,0,0,6,14
4,2,4,8.6,0,0,6,9,5
0,4,0,5.6,0,0,23,41,15
0,2,0,6.1,0,0,0,6,14
9,4,9,9.3,0,0,2,8,3
5,5,5,17.4,0,0,4,6,3
13,2,13,18.7,0,0,33,62,0
21,4,21,21.5,0,1,0,3,8
17,4,17,17.0,0,0,2,12,2
0,3,0,8.7,0,0,0,6,14
11,1,11,11.3,0,0,0,53,0
4,5,4,7.9,1,2,16,21,2
12,3,12,25.5,0,1,26,49,13
16,5,16,18.2,0,0,2,44,2
3,6,3,1.5,0,0,2,6,3
1,5,1,15.6,0,0,1,2,6
5,0,5,9.9,0,0,4,5,3
5,1,5,2.0,0,0,16,21,8
5,5,5,5.9,0,0,1,2,6
12,3,12,23.5,0,0,10,28,16
16,1,16,19.2,0,0,6,9,7
12,2,12,15.7,0,0,0,44,5
8,2,8,4.6,0,0,0,29,8
18,4,18,29.4,0,0,6,9,0
12,4,12,24.5,0,0,22,56,4
14,3,14,19.8,0,0,19,35,29
13,3,13,15.6,0,0,4,8,3
8,4,8,7.3,0,0,0,44,8
22,0,22,12.2,0,0,0,9,7
0,4,0,6.4,0,0,1,2,6
1,4,1,6.6,0,0,0,37,0
12,0,12,12.6,0,0,0,11,8
1,4,1,12.0,0,0,0,6,14
17,5,17,13.0,0,0,0,33,5
1,0,1,7.4,0,0,15,14,3
11,6,11,7.0,0,0,0,0,14
16,5,16,27.5,0,0,0,6,14
5,3,5,8.5,0,0,0,5,8
20,6,20,10.0,0,0,0,4,8
14,1,14,27.1,0,0,9,0,18
3,4,3,16.8,0,0,10,3,11
20,6,20,10.7,0,0,2,44,3
10,1,10,17.1,0,0,2,16,3
15,4,15,18.0,0,0,6,93,5
17,0,17,11.9,0,0,2,16,2
5,0,5,3.8,0,0,2,8,2
17,5,17,28.5,0,0,2,7,3
6,0,6,13.5,0,0,2,32,3
1,3,1,12.9,0,0,1,2,6
20,6,20,13.0,0,0,0,36,8
7,3,7,6.0,0,0,16,21,8
7,0,7,10.0,0,0,0,7,8
6,0,6,16.2,0,0,0,8,5
0,5,0,5.0,0,0,0,21,5
8,0,8,9.7,0,0,0,16,8
6,6,6,11.1,0,0,0,8,8
14,5,14,20.6,0,0,4,9,2
15,0,15,10.2,0,0,2,44,2
16,2,16,16.8,0,0,0,13,8
1,1,1,13.9,0,0,0,1,0
23,6,23,14.7,0,0,16,21,8
11,0,11,9.5,0,0,2,34,3
16,5,16,33.0,0,0,2,13,2
8,2,8,3.8,0,0,0,13,8
6,2,6,12.4,0,0,6,9,5
12,1,12,26.5,0,1,26,49,12
16,2,16,25.8,0,0,16,10,8
14,1,14,11.3,1,2,16,21,8
15,4,15,30.4,0,0,0,8,8
17,2,17,11.7,0,0,0,32,5
12,1,12,28.7,0,0,26,49,13
7,2,7,13.5,0,0,2,5,3
12,4,12,21.0,0,0,18,32,6
10,4,10,7.4,0,0,0,44,8
5,4,5,10.7,0,0,0,7,8
0,6,0,15.5,0,0,0,43,14
1,4,1,13.4,0,0,15,6,3
5,5,5,9.6,0,0,1,2,1
23,2,23,11.3,0,0,0,22,14
10,2,10,11.9,0,0,0,44,8
5,4,5,0.4,0,0,2,3,3
16,3,16,26.7,0,0,15,6,3
11,6,11,12.0,0,0,0,5,8
13,1,13,22.9,0,0,14,17,13
7,5,7,-0.6,0,0,2,3,3
16,4,16,13.3,0,0,0,15,5
15,3,15,13.8,0,0,0,11,8
13,3,13,24.3,0,0,2,12,3
14,6,14,23.7,0,0,2,36,3
4,1,4,16.4,0,0,0,16,5
17,5,17,26.1,0,0,0,13,8
14,5,14,8.3,0,0,6,93,5
4,6,4,8.3,0,0,6,9,15
20,6,20,26.8,0,1,4,32,3
10,5,10,11.1,0,0,9,0,10
9,2,9,15.4,0,0,6,9,5
5,6,5,5.0,0,0,4,10,2
21,2,21,10.5,0,0,0,5,8
0,5,0,16.7,0,0,2,21,3
4,0,4,17.4,0,0,2,5,3
7,3,7,13.9,0,0,0,13,8
10,0,10,19.2,0,0,0,42,5
4,0,4,9.5,0,0,0,16,8
5,6,5,15.8,0,0,0,3,5
20,2,20,9.9,0,0,2,5,2
15,4,15,24.3,0,0,2,5,3
12,3,12,12.4,0,0,0,13,8
13,0,13,22.8,0,0,1,2,1
23,2,23,8.6,0,0,0,20,14
14,5,14,14.9,0,0,2,4,2
16,0,16,30.1,0,0,2,44,2
15,0,15,12.0,0,0,2,45,3
14,6,14,11.3,0,0,4,54,5
13,2,13,22.3,0,0,27,36,0
16,2,16,19.7,0,0,0,5,8
11,5,11,16.4,0,0,4,63,3
1,5,1,11.5,0,0,0,1,0
11,6,11,11.0,0,0,0,25,8
13,3,13,28.1,0,0,0,54,8
19,2,19,12.5,0,0,0,7,8
18,5,18,15.8,0,0,0,33,8
7,6,7,13.7,0,0,0,8,5
9,3,9,9.1,0,0,7,36,7
6,6,6,14.7,0,1,1,2,6
23,0,23,7.0,0,0,0,0,0
4,1,4,13.2,0,0,1,2,6
7,3,7,10.1,0,0,15,6,14
9,6,9,15.0,0,0,0,57,0
6,2,6,9.8,0,0,4,7,2
17,0,17,8.5,0,0,2,12,3
22,4,22,12.2,0,0,13,19,13
14,4,14,18.6,0,0,4,78,5
6,4,6,2.5,0,0,4,7,2
20,5,20,11.6,0,0,0,3,8
13,1,13,9.8,0,0,0,9,5
14,5,14,30.1,0,0,0,8,8
6,2,6,13.6,0,0,4,7,3
13,6,13,26.4,0,0,2,30,3
8,6,8,8.3,0,0,0,21,8
11,4,11,13.7,0,0,2,16,3
16,3,16,28.1,0,0,2,9,3
11,0,11,14.3,0,0,2,16,2
5,3,5,13.6,0,0,6,9,5
20,6,20,13.3,0,0,0,8,8
13,5,13,17.1,0,0,2,36,3
19,5,19,23.2,0,0,9,0,18
18,6,18,31.0,0,0,2,8,3
11,6,11,25.7,0,1,7,36,7
3,6,3,17.9,0,0,2,6,3
6,3,6,8.3,0,0,6,9,5
16,0,16,24.8,0,0,16,21,3
5,3,5,14.7,0,0,0,7,8
7,4,7,4.5,0,0,2,33,2
17,5,17,28.0,0,0,0,13,5
5,0,5,8.3,0,0,6,9,5
11,1,11,13.5,0,0,0,10,5
17,2,17,20.4,0,0,0,13,5
10,6,10,18.1,0,0,2,45,3
7,0,7,12.2,0,0,0,8,8
17,5,17,15.7,0,0,0,8,5
20,6,20,8.5,0,0,0,21,8
6,1,6,9.7,0,0,4,7,2
11,5,11,26.8,0,0,0,34,8
6,5,6,8.4,0,0,2,12,3
9,2,9,17.8,0,0,0,25,8
5,3,5,10.2,0,0,0,7,8
18,1,18,13.4,0,0,0,13,5
8,4,8,7.2,0,0,4,13,3
1,1,1,9.9,0,0,2,98,3
7,5,7,1.0,0,0,0,8,8
4,4,4,8.3,0,0,0,7,8
20,0,20,15.8,0,0,4,7,2
3,6,3,11.8,0,0,1,2,1
9,6,9,13.2,0,0,0,54,5
12,0,12,21.0,0,0,0,25,8
21,3,21,12.1,0,0,7,0,7
15,0,15,23.4,0,0,4,54,3
10,3,10,21.8,0,0,0,9,5
3,5,3,6.1,0,0,2,6,3
5,4,5,13.1,0,0,0,5,8
17,6,17,13.4,0,0,4,50,2
15,0,15,16.1,0,0,16,21,5
20,5,20,30.1,0,0,2,21,3
22,0,22,8.5,0,0,14,17,13
1,4,1,14.6,0,0,1,2,6
8,5,8,2.2,0,0,0,10,5
7,4,7,11.1,0,0,0,13,8
9,1,9,9.0,0,0,11,0,14
12,4,12,10.6,0,0,2,16,3
2,5,2,17.7,0,0,0,22,0
7,2,7,5.5,0,0,0,13,8
15,2,15,17.6,0,1,0,44,5
7,6,7,2.5,0,0,0,29,8
14,4,14,29.5,0,0,10,96,36
4,4,4,13.7,0,0,0,3,5
10,0,10,9.3,0,0,4,8,3
6,6,6,18.6,0,0,16,89,3
9,6,9,14.6,0,0,0,53,14
3,1,3,12.1,0,0,15,14,3
13,3,13,19.0,0,0,16,21,8
1,4,1,15.6,0,0,15,6,3
20,0,20,10.6,0,0,0,3,5
16,5,16,19.9,0,0,0,4,8
11,4,11,20.2,0,0,2,25,2
23,6,23,8.7,0,0,0,22,0
21,0,21,18.1,0,0,13,19,13
6,1,6,9.8,0,0,0,21,14
12,0,12,13.8,0,0,1,2,1
5,0,5,13.2,0,0,4,5,2
2,1,2,2.2,0,0,1,2,1
19,2,19,5.4,0,0,0,8,5
11,6,11,12.2,0,0,0,29,8
23,4,23,9.3,0,0,0,0,0
15,3,15,27.5,0,0,16,21,8
9,3,9,18.1,0,0,10,59,11
19,4,19,15.0,0,0,2,54,3
5,1,5,16.1,0,0,1,2,6
12,4,12,23.8,0,0,0,11,5
4,5,4,8.6,0,0,0,16,8
15,5,15,28.5,0,0,2,7,3
17,0,17,19.0,0,0,0,3,8
17,5,17,14.4,0,0,0,13,8
13,2,13,21.5,0,0,2,5,3
21,4,21,19.5,1,0,0,44,5
10,4,10,9.5,0,0,27,36,0
9,6,9,14.8,0,0,0,43,14
13,1,13,11.4,0,0,2,44,3
4,4,4,17.6,0,0,0,4,5
7,3,7,8.9,0,0,15,6,14
2,2,2,9.7,0,0,9,0,18
5,6,5,13.5,0,0,2,11,2
12,4,12,18.7,0,0,26,49,13
13,1,13,17.6,0,0,2,36,3
13,5,13,16.3,0,0,2,36,3
5,1,5,15.2,0,0,40,36,10
6,0,6,7.0,0,0,0,3,5
14,5,14,19.2,0,0,2,44,3
20,3,20,26.5,0,0,2,21,3
15,3,15,14.7,0,0,2,33,3
20,6,20,23.3,0,0,20,0,7
18,2,18,12.2,0,0,2,7,3
13,5,13,28.7,0,0,2,11,3
7,2,7,3.6,0,0,4,5,3
1,5,1,17.8,0,0,1,2,6
1,1,1,12.2,0,0,0,62,0
5,2,5,14.3,0,0,1,2,1
8,6,8,7.8,0,0,0,44,8
15,2,15,24.3,0,0,0,16,5
12,0,12,20.6,0,0,2,44,3
18,2,18,21.1,0,0,0,78,5
4,6,4,4.2,0,0,2,11,2
7,1,7,16.3,0,0,4,3,2
5,4,5,5.0,0,0,2,3,3
7,5,7,12.1,0,0,0,25,5
7,2,7,3.4,0,0,2,33,3
19,3,19,15.8,0,0,7,26,7
16,3,16,11.1,0,0,0,17,14
18,0,18,7.6,0,0,0,54,5
4,0,4,12.1,0,0,5,9,4
23,3,23,13.9,0,0,12,18,7
23,2,23,9.0,0,0,16,21,5
5,6,5,7.0,0,0,4,21,5
23,0,23,7.4,0,0,2,21,3
15,5,15,32.3,0,0,4,8,3
5,5,5,14.1,0,0,4,10,2
18,4,18,13.0,0,0,2,8,3
0,3,0,5.3,0,0,1,2,6
22,2,22,18.6,0,1,23,41,15
19,3,19,21.0,0,0,4,5,3
13,1,13,15.8,0,0,4,11,2
19,4,19,14.6,0,0,2,54,3
20,0,20,8.5,0,0,0,36,5
7,0,7,0.2,0,0,0,8,8
11,0,11,8.9,0,0,0,8,8
1,0,1,19.9,0,0,0,6,14
14,6,14,19.9,0,0,0,32,5
19,1,19,13.3,0,0,2,32,3
6,4,6,11.4,0,0,0,7,5
7,1,7,14.0,0,0,0,33,5
9,5,9,20.5,0,0,0,54,8
19,2,19,15.5,0,0,2,16,2
16,6,16,18.6,0,0,9,0,18
1,2,1,15.3,0,0,1,2,6
14,6,14,11.5,0,0,0,30,5
14,3,14,14.0,0,0,0,34,5
17,2,17,16.0,0,0,0,78,8
0,4,0,20.3,0,0,18,32,6
19,3,19,10.0,0,0,15,6,3
10,6,10,9.2,0,0,4,5,2
23,0,23,10.4,0,0,0,4,8
10,4,10,8.1,0,0,0,21,0
5,3,5,19.1,0,0,4,6,3
14,3,14,19.2,1,2,0,13,8
8,1,8,5.4,0,0,18,32,6
17,1,17,10.7,0,0,6,9,0
16,1,16,11.1,1,2,16,11,8
15,2,15,22.1,0,0,4,54,5
7,4,7,14.5,0,0,0,91,5
5,2,5,7.0,0,0,0,7,8
5,3,5,9.1,0,0,2,11,2
14,6,14,18.8,0,0,7,0,7
14,5,14,20.3,0,0,0,21,5
4,1,4,13.6,0,0,2,5,3
5,2,5,10.5,0,0,2,7,3
15,4,15,19.6,0,0,20,0,7
9,0,9,22.9,0,0,10,29,21
4,4,4,12.5,0,0,2,7,2
20,2,20,14.3,0,0,2,3,2
10,1,10,9.7,0,0,0,5,8
6,1,6,10.9,0,0,0,3,8
15,4,15,27.1,0,0,6,93,5
4,5,4,6.5,0,0,1,2,6
17,5,17,18.7,0,0,0,16,8
0,6,0,19.2,0,0,0,22,14
7,4,7,7.2,0,0,2,119,3
17,2,17,14.4,0,0,0,45,5
5,5,5,7.1,0,0,2,12,3
5,5,5,4.4,0,0,2,4,2
12,3,12,16.8,0,0,0,11,5
5,4,5,12.7,0,0,0,21,0
11,3,11,18.8,0,0,0,13,5
12,5,12,18.5,0,0,0,7,8
2,1,2,11.0,0,0,7,26,7
8,1,8,9.7,0,0,19,111,63
6,6,6,7.9,0,0,16,21,8
7,4,7,14.4,0,0,0,8,8
19,5,19,9.6,0,0,0,17,0
12,1,12,19.0,0,0,27,36,0
12,4,12,7.2,0,0,2,110,3
6,0,6,8.1,0,0,15,6,14
0,1,0,12.9,0,0,15,6,3
9,6,9,26.1,0,0,4,14,3
5,5,5,11.4,0,0,2,3,3
5,4,5,11.5,0,0,4,11,2
6,6,6,5.4,0,0,0,12,8
15,3,15,26.2,0,0,16,21,8
23,1,23,8.8,0,0,7,9,7
7,0,7,8.9,0,0,4,21,2
19,4,19,27.4,0,1,2,16,2
4,4,4,15.6,0,0,2,5,3
8,4,8,2.0,0,0,6,9,5
20,4,20,25.8,0,0,0,5,5
8,2,8,4.8,0,0,2,16,3
5,4,5,6.9,0,0,2,7,2
4,1,4,5.1,0,0,2,4,2
8,3,8,9.0,0,0,2,33,3
13,0,13,11.2,0,0,2,13,2
14,2,14,14.3,0,0,6,93,5
13,0,13,14.7,0,0,0,5,8
12,5,12,17.5,0,0,0,32,5
14,6,14,15.6,0,0,9,0,18
19,2,19,16.3,0,0,0,44,8
23,5,23,6.3,0,0,0,22,14
19,2,19,10.5,0,0,2,32,3
0,6,0,8.5,0,0,15,6,3
0,3,0,8.7,0,0,23,41,15
4,4,4,10.4,0,0,7,21,7
4,6,4,19.5,0,0,0,7,5
17,0,17,20.1,0,0,0,36,8
0,0,0,7.8,0,0,1,2,6
11,3,11,10.8,0,0,2,7,3
4,6,4,8.7,0,0,0,5,8
23,2,23,9.5,0,0,0,22,14
15,3,15,28.9,0,0,24,47,22
14,0,14,10.5,0,0,0,21,5
16,1,16,17.6,0,0,0,6,14
18,3,18,31.5,0,0,16,21,8
16,4,16,30.8,0,0,6,93,5
5,1,5,10.7,0,0,2,11,5
9,6,9,11.1,0,0,19,29,17
1,5,1,5.0,0,0,0,1,0
8,3,8,16.9,0,0,0,13,5
15,2,15,13.6,0,0,0,78,8
5,3,5,10.9,0,0,2,5,3
13,0,13,18.1,0,0,0,13,5
6,4,6,14.6,0,0,0,8,5
5,2,5,13.6,0,0,4,10,5
20,1,20,13.1,0,0,0,3,8
3,3,3,18.4,0,0,1,2,6
10,2,10,10.1,0,0,0,33,8
5,4,5,9.3,0,0,1,2,6
19,2,19,13.8,0,0,0,7,8
5,6,5,16.9,0,0,4,10,3
14,1,14,19.9,0,0,0,21,8
9,0,9,18.8,0,0,0,43,14
15,2,15,11.8,0,0,0,5,8
6,4,6,4.3,0,0,4,11,2
15,3,15,15.5,0,0,15,6,3
5,5,5,13.6,0,0,2,3,2
1,0,1,18.6,0,0,0,21,5
8,6,8,21.2,0,0,0,25,8
7,0,7,2.3,0,0,0,7,5
15,3,15,19.8,0,0,2,13,3
23,3,23,17.5,0,0,0,20,14
2,1,2,12.3,0,0,16,21,8
8,1,8,9.9,0,0,0,13,8
22,5,22,21.2,0,1,34,0,7
8,5,8,15.3,0,0,0,13,5
17,2,17,10.4,0,0,0,54,5
16,2,16,11.3,0,0,0,45,5
12,6,12,19.4,0,0,0,11,8
15,3,15,16.6,0,0,28,55,0
6,3,6,12.4,0,1,0,5,8
12,3,12,11.9,0,0,0,13,5
10,6,10,10.9,0,0,19,9,29
11,1,11,15.1,0,0,0,7,8
23,4,23,16.8,0,0,2,21,3
19,3,19,24.8,0,0,16,11,3
4,1,4,11.3,0,0,2,7,3
9,0,9,12.8,1,0,44,48,58
7,1,7,15.0,0,1,0,7,5
12,0,12,9.3,0,0,26,49,13
4,0,4,15.6,0,0,0,5,5
4,5,4,15.7,0,0,2,4,2
7,4,7,8.4,0,0,0,8,8
20,2,20,8.3,0,0,2,5,3
21,0,21,15.1,1,2,2,33,3
12,3,12,11.0,0,0,0,13,8
7,5,7,3.6,0,0,0,13,8
7,2,7,6.2,0,0,0,9,14
10,6,10,6.0,0,0,0,57,0
5,0,5,9.9,0,0,0,7,8
18,4,18,24.7,0,0,16,21,2
6,4,6,14.5,0,0,0,5,5
7,5,7,5.2,0,0,24,47,23
16,5,16,17.3,0,0,2,9,2
20,6,20,11.8,0,0,2,9,2
18,4,18,12.1,0,0,0,13,8
16,1,16,32.5,0,1,0,44,5
17,6,17,13.1,0,0,4,50,2
8,2,8,9.8,0,0,0,8,8
8,4,8,4.8,0,0,0,44,8
11,1,11,18.8,0,0,0,5,8
1,6,1,21.0,0,0,0,21,5
8,1,8,15.5,0,0,2,16,3
18,1,18,7.2,0,0,9,0,18
7,0,7,10.9,0,0,0,7,5
8,2,8,15.9,0,0,4,14,3
8,4,8,11.4,0,0,0,45,5
19,4,19,17.6,0,0,0,5,5
5,4,5,0.8,0,0,2,3,3
5,2,5,3.1,0,0,4,11,2
0,4,0,21.5,0,0,0,22,14
20,1,20,14.0,0,0,0,36,8
4,2,4,14.6,0,0,0,3,8
7,6,7,9.0,0,0,0,29,8
19,5,19,10.4,0,0,0,8,5
23,5,23,9.1,0,0,0,43,14
17,2,17,28.5,0,0,4,44,2
12,3,12,26.8,0,1,18,54,20
19,3,19,10.7,0,0,2,4,2
8,0,8,18.5,0,0,0,10,5
5,3,5,8.3,0,0,2,9,2
8,3,8,4.8,0,0,16,21,8
9,3,9,12.2,0,0,2,16,2
4,2,4,10.5,0,0,0,25,5
18,3,18,9.6,0,0,0,25,5
15,0,15,27.7,0,0,2,5,3
8,1,8,6.2,0,0,0,29,8
5,1,5,15.4,0,0,4,5,5
23,4,23,18.0,0,0,13,19,13
0,5,0,14.6,0,0,0,43,14
1,3,1,8.8,0,0,1,2,6
6,0,6,0.7,0,0,4,3,2
6,1,6,9.4,0,0,0,5,8
0,3,0,8.8,0,0,0,6,14
15,6,15,11.5,0,0,9,0,18
5,0,5,13.3,0,0,4,3,3
0,4,0,8.5,0,0,0,6,14
5,3,5,8.9,0,0,0,3,5
22,2,22,19.5,0,1,12,18,7
20,3,20,9.7,0,0,2,3,2
18,3,18,15.2,0,0,0,32,5
12,5,12,14.3,0,0,0,32,5
15,5,15,32.8,0,1,7,0,7
8,4,8,8.4,0,0,0,5,8
5,2,5,6.8,0,0,2,3,3
15,6,15,24.8,0,0,15,6,3
20,2,20,20.1,0,0,45,58,6
7,4,7,9.7,0,0,4,30,3
15,4,15,14.3,0,0,28,55,0
10,6,10,11.6,0,0,2,3,2
23,0,23,15.7,0,0,7,6,7
15,3,15,28.7,0,0,0,48,14
12,4,12,15.0,0,0,18,32,6
17,4,17,19.9,0,0,6,9,0
16,1,16,27.3,0,0,0,45,5
6,4,6,3.9,0,0,8,0,9
7,2,7,10.2,0,0,0,30,5
19,4,19,25.8,0,0,2,13,3
21,5,21,9.3,0,0,11,0,14
21,1,21,8.8,0,0,13,19,13
15,5,15,16.9,0,0,16,10,5
6,2,6,12.3,0,0,0,4,5
4,0,4,14.9,0,0,2,3,3
16,0,16,24.7,0,0,0,44,5
17,0,17,14.7,0,0,4,12,2
23,0,23,16.6,0,0,13,19,13
6,0,6,6.6,1,2,0,3,8
11,4,11,11.3,0,0,2,34,2
14,3,14,19.6,1,2,7,10,7
12,4,12,26.4,0,0,2,16,3
5,1,5,8.1,0,0,0,3,8
19,3,19,9.3,0,0,0,8,8
23,3,23,8.6,0,0,0,20,14
11,2,11,10.6,0,0,0,3,5
5,6,5,3.0,0,0,2,10,3
17,6,17,24.8,0,0,0,3,8
4,3,4,15.9,0,0,0,7,8
15,1,15,12.1,0,0,6,93,5
1,5,1,5.1,0,0,0,1,0
15,6,15,15.3,0,0,0,16,5
7,6,7,12.7,0,0,4,32,3
15,1,15,11.7,1,2,0,30,5
18,6,18,30.5,0,0,2,36,3
13,0,13,26.7,0,0,0,3,5
8,4,8,15.4,0,0,0,36,8
5,1,5,12.2,0,0,4,5,3
7,3,7,1.1,0,0,2,5,3
19,1,19,13.7,0,0,2,4,3
13,3,13,17.3,0,0,14,17,13
15,0,15,15.2,0,0,0,11,8
9,1,9,12.9,0,0,0,45,5
16,3,16,12.6,0,0,0,7,5
6,4,6,7.6,0,0,0,7,5
16,0,16,16.7,0,0,0,45,5
13,1,13,11.8,0,0,0,9,5
17,4,17,20.3,0,0,4,3,3
19,1,19,30.3,0,0,10,44,11
7,0,7,10.1,0,0,0,36,8
15,2,15,12.0,0,0,6,9,7
1,4,1,11.9,0,0,1,2,6
6,6,6,10.6,0,0,2,36,3
8,6,8,1.7,0,0,4,3,2
20,1,20,5.3,0,0,10,5,11
1,4,1,16.9,0,0,0,37,0
23,4,23,6.9,1,2,4,3,5
18,5,18,22.8,0,0,4,32,3
15,3,15,14.1,0,0,7,0,7
0,2,0,4.0,0,0,0,25,8
10,5,10,8.7,0,0,2,34,3
4,2,4,14.5,0,0,2,3,2
7,3,7,11.1,0,0,0,7,8
17,5,17,21.0,0,0,0,5,8
2,3,2,7.8,0,0,15,14,3
6,5,6,12.8,0,0,4,32,3
18,4,18,28.3,0,0,16,21,2
19,2,19,6.2,0,0,0,17,0
1,3,1,9.9,0,0,16,21,8
18,1,18,12.8,0,0,2,8,3
18,6,18,13.8,0,0,2,5,3
13,3,13,24.5,0,0,2,33,3
9,5,9,14.6,0,0,0,5,8
5,4,5,10.6,0,0,4,8,3
17,6,17,13.4,0,0,0,12,5
13,1,13,19.2,0,0,2,13,3
6,2,6,1.7,0,0,4,32,3
12,1,12,10.8,0,0,2,34,2
16,1,16,21.0,0,0,0,11,8
15,3,15,12.7,0,0,28,55,0
18,6,18,9.3,0,0,0,13,5
5,6,5,16.3,0,0,42,0,7
2,5,2,17.6,0,0,1,2,6
6,0,6,8.4,0,0,2,9,2
0,6,0,20.3,0,0,2,21,3
5,3,5,9.4,0,0,2,8,3
22,2,22,12.1,0,0,23,41,15
5,3,5,11.2,0,0,4,5,3
10,4,10,26.2,0,0,2,45,3
20,0,20,20.8,0,0,2,16,3
14,0,14,15.5,0,0,0,9,5
19,6,19,25.6,0,0,0,25,8
12,1,12,20.3,0,0,2,44,3
5,1,5,12.3,0,0,0,4,8
23,2,23,8.5,0,0,0,43,14
15,4,15,15.7,0,0,10,102,17
19,1,19,27.0,0,0,2,5,3
1,3,1,13.1,0,0,1,2,6
18,2,18,10.8,0,0,0,54,5
4,6,4,17.4,0,0,0,12,5
21,5,21,6.0,0,0,13,19,13
19,0,19,9.1,0,0,2,4,3
12,4,12,10.6,0,0,0,5,8
18,0,18,17.7,0,0,0,12,5
9,5,9,10.7,0,0,0,8,5
5,2,5,10.1,0,0,0,32,5
11,6,11,20.1,0,0,2,30,3
0,2,0,13.3,0,0,4,6,3
6,3,6,7.8,0,0,0,5,8
17,5,17,16.9,0,0,0,3,8
8,5,8,12.9,0,0,0,11,5
12,4,12,13.2,0,0,0,5,8
8,5,8,17.9,0,0,0,44,5
19,5,19,23.9,0,0,0,3,8
7,1,7,5.1,0,0,0,11,8
8,5,8,17.5,0,1,0,32,5
9,5,9,13.7,0,0,0,53,0
5,1,5,10.0,0,0,0,7,8
14,0,14,20.4,0,0,7,0,7
7,1,7,5.3,0,0,0,33,5
20,1,20,5.0,0,0,0,7,8
20,5,20,22.9,0,0,0,3,5
10,6,10,10.1,0,0,0,57,0
13,4,13,21.5,0,0,4,13,3
23,2,23,20.4,0,0,0,25,5
17,3,17,17.9,0,0,0,12,8
11,0,11,12.0,0,0,0,34,8
7,5,7,6.6,0,0,9,0,18
6,3,6,14.1,0,0,8,6,9
6,1,6,3.7,0,0,4,7,3
13,6,13,19.4,0,0,2,36,3
11,6,11,18.6,0,0,22,56,4
11,6,11,23.3,0,0,2,34,2
2,6,2,18.1,0,0,1,2,6
17,0,17,18.8,0,0,2,7,3
13,3,13,24.1,0,0,0,21,8
4,3,4,18.6,0,0,2,5,3
5,4,5,11.8,0,0,0,7,5
5,6,5,8.3,0,0,2,9,2
9,2,9,7.3,0,0,2,33,3
11,4,11,9.5,0,0,2,5,2
3,5,3,12.8,0,0,1,2,6
15,5,15,19.4,0,0,16,10,5
4,3,4,12.4,0,0,2,4,2
16,0,16,23.4,0,0,0,78,8
6,5,6,8.4,0,0,0,52,5
10,3,10,14.7,0,0,2,8,3
9,2,9,11.1,0,0,2,33,3
2,0,2,16.1,0,0,2,6,3
5,6,5,5.8,0,0,2,3,3
9,1,9,4.8,0,0,0,25,8
8,3,8,8.3,0,0,0,9,8
0,6,0,23.3,0,0,2,21,3
14,5,14,20.5,0,0,0,3,5
13,5,13,14.8,0,0,4,11,3
12,0,12,15.3,0,0,0,16,8
15,6,15,25.3,0,0,4,32,3
12,5,12,17.6,0,0,0,21,14
16,5,16,16.9,0,0,0,21,0
5,1,5,6.2,0,0,0,3,5
16,6,16,16.5,0,0,0,32,5
2,3,2,16.6,0,0,1,2,6
6,6,6,10.7,0,0,0,7,5
0,2,0,15.9,0,0,2,21,3
4,0,4,9.9,0,0,9,26,7
21,4,21,14.0,0,0,4,16,5
4,1,4,9.1,0,0,2,11,2
8,1,8,8.9,0,0,4,11,5
9,3,9,11.1,0,0,18,32,6
18,0,18,13.4,0,0,10,3,11
8,6,8,2.5,0,0,0,13,5
8,1,8,7.3,0,0,2,33,3
6,0,6,4.1,0,0,16,21,2
22,6,22,21.1,0,1,12,18,7
8,0,8,5.6,0,0,2,33,3
6,5,6,12.1,0,0,10,28,16
0,3,0,11.7,0,0,0,6,9
2,3,2,18.7,0,0,1,2,6
8,0,8,13.6,0,0,2,16,3
22,0,22,16.1,0,0,11,0,12
9,2,9,10.3,0,0,2,13,2
7,3,7,8.5,0,0,0,33,8
6,5,6,6.3,0,0,7,0,7
1,5,1,13.7,0,0,1,2,6
5,2,5,9.5,0,0,2,11,2
19,5,19,26.0,0,0,2,4,3
6,1,6,2.5,0,0,4,3,3
23,4,23,17.8,0,0,18,32,6
20,6,20,18.1,0,0,0,4,8
13,3,13,10.0,1,2,0,9,14
15,1,15,20.0,0,0,0,78,8
4,4,4,17.9,0,0,7,21,7
12,2,12,10.1,0,0,0,5,8
5,2,5,6.7,0,0,0,3,8
22,1,22,22.0,0,0,10,16,11
7,0,7,5.6,0,0,0,33,8
14,2,14,23.0,0,0,0,9,5
8,5,8,1.5,0,0,0,10,5
13,3,13,23.2,0,0,2,36,3
4,2,4,12.3,0,0,2,5,3
16,6,16,21.5,0,0,4,32,3
13,2,13,19.4,0,0,2,3,2
7,3,7,8.5,0,0,0,8,8
9,5,9,7.8,0,0,0,53,0
6,1,6,9.3,0,0,2,5,3
16,6,16,21.7,0,0,0,15,8
18,6,18,14.0,0,0,18,32,6
9,6,9,11.1,0,0,4,13,5
4,3,4,9.3,0,0,2,7,2
15,4,15,24.7,0,0,2,12,2
5,3,5,3.9,0,0,0,16,8
23,3,23,8.5,0,0,0,20,0
6,2,6,4.3,0,0,0,8,5
8,0,8,16.5,0,0,0,44,8
23,3,23,16.2,0,0,0,20,14
19,6,19,8.9,0,0,16,21,8
13,1,13,11.6,0,0,0,8,8
15,2,15,25.3,0,0,0,16,8
15,0,15,15.3,0,0,16,10,5
6,2,6,4.6,0,0,0,3,8
14,2,14,19.1,0,0,0,21,8
19,3,19,30.4,0,0,0,13,5
19,4,19,26.6,0,0,16,21,3
15,3,15,28.7,0,0,0,9,8
15,3,15,14.1,0,0,2,44,3
18,1,18,7.3,0,0,2,7,2
20,6,20,19.6,0,0,0,4,8
1,6,1,4.7,0,0,0,1,0
17,5,17,27.6,0,0,0,5,8
11,2,11,12.3,0,0,0,7,8
15,2,15,19.7,0,0,2,44,3
13,2,13,11.6,0,0,0,9,5
11,4,11,13.6,0,0,14,17,13
1,1,1,16.9,0,0,1,2,6
21,6,21,17.0,0,0,2,7,3
9,6,9,14.4,0,0,0,9,5
17,3,17,19.3,0,0,0,3,8
6,0,6,9.7,0,0,2,36,3
5,1,5,16.8,0,0,2,4,3
3,6,3,12.7,0,0,9,0,7
8,0,8,4.2,0,0,6,9,5
13,6,13,14.9,0,0,10,51,17
14,5,14,26.6,0,0,2,34,3
18,1,18,18.9,0,0,0,33,5
22,6,22,7.9,0,0,0,9,5
21,5,21,6.7,0,0,13,19,13
10,1,10,5.4,0,0,2,8,3
17,0,17,14.6,0,0,2,12,3
3,6,3,3.6,0,0,2,6,3
5,4,5,-0.2,0,0,0,11,8
18,1,18,23.8,0,0,19,3,19
10,6,10,10.4,0,0,0,21,0
9,5,9,7.0,0,0,0,30,5
16,5,16,15.7,0,0,0,17,14
7,5,7,12.9,0,0,0,25,5
6,1,6,9.1,0,0,2,9,2
23,0,23,12.7,0,0,0,0,0
8,3,8,10.5,1,2,0,8,8
8,1,8,13.6,0,0,4,5,2
15,1,15,17.9,0,0,16,21,8
19,4,19,23.9,0,1,0,5,5
17,5,17,7.5,0,0,0,32,5
13,3,13,17.3,0,0,0,32,5
11,2,11,16.6,0,0,0,3,5
12,5,12,13.1,0,0,0,3,8
7,2,7,13.6,0,0,10,5,11
10,3,10,12.6,0,0,2,45,3
15,0,15,10.3,0,0,4,13,5
14,1,14,20.6,0,0,16,110,2
15,3,15,12.6,0,0,0,44,8
19,3,19,25.9,0,0,2,16,2
12,2,12,17.1,0,0,0,5,8
4,1,4,5.6,0,0,0,4,5
7,5,7,9.6,0,0,0,25,5
8,4,8,8.7,0,0,0,8,8
13,2,13,13.8,0,0,0,61,5
12,5,12,17.7,0,0,4,63,3
3,3,3,20.3,0,0,1,2,1
9,5,9,18.1,0,0,4,14,3
15,1,15,18.4,0,0,2,3,3
2,1,2,14.4,0,0,18,36,6
10,0,10,18.9,0,0,27,36,0
15,0,15,27.2,0,0,2,45,3
18,3,18,9.7,0,0,2,13,3
10,0,10,10.3,0,0,0,44,5
5,6,5,8.7,0,0,1,2,6
19,5,19,30.9,0,0,0,8,5
13,3,13,24.1,0,0,4,5,3
4,4,4,2.1,0,0,2,4,3
6,4,6,3.9,0,0,2,8,3
5,3,5,9.0,0,0,4,5,2
6,0,6,13.6,0,0,8,6,9
8,5,8,6.6,0,0,0,15,8
18,5,18,8.7,0,0,0,25,8
18,3,18,12.2,0,0,2,7,3
6,5,6,12.6,0,0,0,16,8
8,3,8,13.2,0,0,4,5,2
11,0,11,14.5,0,0,2,45,3
4,0,4,6.5,0,0,1,2,6
21,5,21,19.9,0,0,13,19,13
8,1,8,15.0,0,0,0,9,9
16,6,16,25.7,0,0,0,17,0
16,3,16,16.4,0,0,0,6,14
16,2,16,20.0,0,0,2,8,3
11,0,11,16.3,0,0,0,33,8
15,1,15,21.0,0,0,15,6,3
5,1,5,9.2,0,0,2,9,2
6,1,6,10.6,0,0,0,7,8
17,1,17,12.0,0,0,0,5,5
15,5,15,15.3,0,0,2,13,2
10,5,10,25.0,0,0,0,13,8
6,1,6,5.5,0,0,7,26,7
7,2,7,4.9,0,0,4,5,3
12,5,12,27.4,0,0,2,3,3
1,4,1,12.2,0,0,16,21,8
0,0,0,20.5,0,0,0,1,0
16,5,16,13.8,0,0,4,32,5
23,5,23,3.8,0,0,23,41,15
13,4,13,16.5,0,0,2,36,3
11,5,11,24.6,0,1,0,21,8
6,1,6,11.2,0,0,0,3,8
12,5,12,27.7,0,0,2,11,3
17,5,17,18.2,0,0,6,9,0
13,1,13,17.0,0,0,4,7,2
17,3,17,22.9,0,0,16,21,8
8,5,8,18.6,0,0,2,16,3
10,5,10,5.6,0,0,10,3,36
18,0,18,11.2,0,0,0,13,5
16,6,16,19.8,0,0,16,10,8
22,4,22,5.9,0,0,0,25,8
2,3,2,21.6,0,0,1,2,6
8,4,8,1.7,0,0,0,9,5
15,2,15,10.5,0,0,4,54,5
0,2,0,12.6,0,0,23,41,5
14,3,14,10.8,0,0,16,110,5
3,6,3,19.7,0,0,2,6,3
23,0,23,9.9,0,0,0,0,0
23,6,23,21.3,0,0,11,23,14
4,0,4,4.5,0,0,1,2,6
4,6,4,1.4,0,0,0,25,5
8,0,8,17.7,0,0,0,16,8
13,4,13,17.3,0,0,0,7,8
5,6,5,12.2,0,0,2,10,3
9,6,9,5.4,0,0,0,5,5
11,1,11,27.0,0,0,0,54,8
13,3,13,24.4,0,0,0,21,8
4,6,4,11.7,0,0,0,4,8
22,2,22,6.8,0,0,0,25,8
19,3,19,22.9,0,0,18,32,26
12,0,12,25.1,0,0,2,16,2
14,3,14,13.1,0,0,16,110,5
16,5,16,30.9,0,0,2,33,3
20,2,20,10.6,0,0,6,9,5
18,0,18,7.5,0,0,0,3,8
5,2,5,15.4,0,0,4,5,2
15,2,15,10.7,0,0,0,78,8
11,2,11,15.3,0,0,0,44,8
9,6,9,5.8,0,0,4,13,5
9,3,9,23.8,0,0,6,9,5
16,3,16,26.2,0,1,7,36,7
19,6,19,12.8,0,0,2,32,3
4,4,4,3.8,0,0,0,25,5
5,4,5,0.6,0,0,16,21,8
16,1,16,17.4,0,0,2,44,3
5,3,5,2.9,0,0,2,7,3
20,3,20,16.6,0,0,2,21,3
18,2,18,16.9,0,0,16,11,2
4,6,4,4.2,0,0,2,10,3
17,0,17,23.0,0,0,7,0,7
3,6,3,14.4,0,0,9,0,10
10,2,10,13.9,0,0,0,32,5
13,5,13,12.7,0,0,0,54,5
8,1,8,10.2,0,0,0,8,5
16,0,16,27.2,1,0,0,5,8
9,2,9,7.2,0,0,0,44,5
13,6,13,20.8,0,0,2,12,3
14,5,14,17.2,0,0,6,93,5
20,3,20,9.6,0,0,6,9,5
19,3,19,8.2,0,0,16,21,8
4,2,4,4.4,0,0,0,7,5
3,1,3,11.6,0,0,16,21,8
5,6,5,15.7,0,0,0,11,8
13,0,13,23.5,0,0,0,33,8
6,2,6,3.6,0,0,15,6,3
17,4,17,18.3,0,0,0,54,5
5,4,5,8.1,0,0,2,5,3
0,2,0,9.4,0,0,7,0,7
15,4,15,12.1,0,0,2,45,3
5,4,5,16.4,0,0,2,4,3
23,5,23,16.2,0,0,12,18,7
0,0,0,10.5,0,0,0,0,0
19,6,19,23.6,0,0,0,25,8
5,5,5,6.4,0,0,0,3,8
2,1,2,12.1,0,0,0,1,0
12,6,12,17.6,0,0,14,17,13
12,0,12,28.0,0,0,14,24,9
8,5,8,11.7,0,0,4,16,3
5,6,5,8.3,0,0,7,36,7
0,1,0,16.7,0,0,2,21,3
7,2,7,9.8,0,0,0,13,8
11,5,11,11.1,0,0,0,0,14
21,5,21,8.1,0,0,0,4,8
0,2,0,12.1,0,0,0,21,5
7,3,7,6.2,0,0,0,13,8
6,2,6,8.6,0,0,4,32,3
6,6,6,13.1,0,0,0,25,8
6,4,6,6.1,0,0,4,32,3
12,6,12,19.6,0,0,0,16,8
9,5,9,22.3,0,0,0,8,8
7,2,7,13.0,0,0,2,5,3
0,4,0,10.4,0,0,0,6,14
3,5,3,15.5,0,0,80,26,7
6,2,6,9.1,0,0,0,8,5
12,6,12,11.3,0,0,2,44,2
4,1,4,13.0,0,0,2,11,2
17,6,17,18.8,0,0,16,11,5
13,6,13,14.3,0,0,4,5,2
16,3,16,12.3,0,0,4,5,3
22,0,22,9.1,0,0,18,32,6
5,4,5,4.9,0,0,0,27,5
16,1,16,30.0,0,0,0,5,8
8,4,8,5.4,0,0,0,13,8
5,4,5,10.6,0,0,4,3,2
12,5,12,28.4,0,0,0,7,8
15,3,15,29.2,0,0,0,33,5
19,0,19,22.6,0,0,16,21,2
6,4,6,8.1,0,0,2,21,2
20,2,20,31.2,0,1,0,8,5
22,0,22,16.3,0,0,2,9,2
20,5,20,18.9,0,0,45,58,6
2,3,2,12.7,0,0,0,62,0
23,2,23,12.2,0,0,0,0,0
17,0,17,26.1,0,0,2,44,3
9,6,9,4.7,0,0,0,54,5
17,4,17,30.7,0,0,2,44,2
16,2,16,26.2,0,0,2,33,3
1,0,1,6.9,0,0,0,21,8
10,0,10,22.9,0,0,9,0,18
0,6,0,8.4,0,0,0,6,14
15,0,15,23.5,0,0,0,3,5
19,5,19,8.2,0,0,2,54,3
4,2,4,10.5,0,0,2,4,2
14,3,14,28.7,0,0,0,21,8
20,6,20,8.5,0,0,0,3,5
11,1,11,10.0,0,0,65,32,72
12,4,12,21.0,0,0,0,21,0
17,0,17,19.0,0,0,7,36,7
7,6,7,10.8,0,1,0,44,5
20,3,20,28.0,0,0,0,36,8
8,6,8,14.9,0,0,7,0,7
13,0,13,8.4,0,0,0,9,5
23,5,23,18.9,0,0,0,22,14
4,2,4,8.9,0,0,2,4,3
17,1,17,11.8,0,0,0,21,8
7,6,7,8.9,0,0,0,33,8
9,5,9,21.6,0,0,6,9,5
14,0,14,16.1,0,0,18,32,26
21,4,21,6.9,1,2,0,13,5
15,3,15,19.6,1,2,2,13,2
22,6,22,7.5,0,0,0,4,8
18,0,18,23.9,0,0,0,16,8
21,0,21,12.3,0,0,0,9,8
6,0,6,7.9,0,0,4,3,2
5,4,5,8.6,0,0,2,9,2
13,0,13,14.9,0,0,0,13,5
19,5,19,23.5,0,0,0,8,8
9,5,9,5.7,0,0,2,13,2
5,6,5,7.5,0,0,2,10,3
12,5,12,28.0,0,0,0,8,5
23,1,23,13.1,0,0,0,20,14
18,5,18,23.7,0,0,16,11,5
14,2,14,21.4,0,0,0,13,8
10,4,10,7.4,0,0,27,36,0
9,3,9,17.8,0,0,18,32,6
19,0,19,16.7,1,2,2,16,3
2,4,2,14.6,0,0,16,21,8
21,3,21,18.8,0,0,4,7,3
5,5,5,14.8,0,0,2,5,3
16,5,16,32.7,0,0,0,36,5
10,3,10,14.2,0,0,0,33,8
6,3,6,3.0,0,0,0,3,8
13,4,13,22.9,0,0,4,13,3
7,3,7,8.3,0,0,0,13,8
15,5,15,14.1,0,0,18,32,26
18,5,18,17.2,0,0,0,5,8
22,2,22,7.4,0,0,2,8,3
20,5,20,8.4,0,0,2,8,3
18,1,18,26.3,0,0,7,9,7
6,6,6,13.0,0,0,4,32,3
3,2,3,11.7,0,0,1,2,1
15,1,15,28.8,0,0,16,21,8
4,1,4,6.3,0,0,0,11,8
12,1,12,16.8,0,0,4,63,3
14,6,14,15.9,0,0,29,26,10
19,0,19,10.7,0,0,4,16,5
9,3,9,25.9,0,0,2,33,3
2,6,2,14.6,0,0,0,62,0
14,0,14,19.0,0,0,26,49,13
22,1,22,7.5,0,0,11,0,14
9,1,9,19.2,0,0,2,45,3
20,0,20,19.3,0,0,2,21,3
5,2,5,9.7,0,0,4,12,2
18,2,18,13.3,0,0,4,7,2
12,5,12,12.8,0,0,2,7,3
16,2,16,11.1,0,0,2,7,3
7,6,7,14.7,0,0,0,44,8
4,1,4,9.7,0,0,2,10,3
5,3,5,15.7,0,0,2,7,2
8,2,8,4.9,0,0,2,16,3
12,2,12,17.5,0,0,0,13,8
7,6,7,8.6,0,0,0,29,8
13,6,13,20.0,0,0,0,45,5
21,3,21,20.7,0,1,13,19,13
17,4,17,14.4,0,0,16,21,8
10,3,10,20.5,0,0,24,47,22
15,3,15,25.9,0,0,2,12,3
8,4,8,8.5,0,0,0,10,5
7,6,7,3.2,0,0,0,8,5
17,2,17,21.0,0,0,2,12,3
17,6,17,14.6,0,0,4,38,3
19,4,19,7.4,0,0,2,7,3
6,6,6,3.2,0,0,2,3,3
6,1,6,9.6,0,0,0,8,5
4,4,4,10.9,0,0,2,11,2
9,3,9,18.3,0,0,6,9,5
20,6,20,18.1,0,0,7,0,7
8,1,8,15.5,0,0,2,33,2
5,5,5,15.9,0,0,1,2,6
10,5,10,13.5,0,0,0,8,8
7,1,7,13.2,0,0,6,9,5
13,5,13,16.3,0,0,4,13,2
0,6,0,8.1,0,0,0,6,14
11,5,11,17.3,0,0,0,34,5
5,2,5,4.4,0,0,2,9,2
11,3,11,18.3,0,0,10,51,17
21,5,21,5.9,0,0,11,0,14
3,4,3,12.6,0,0,7,21,7
23,5,23,9.4,0,0,0,22,14
6,4,6,9.0,1,2,0,20,14
8,2,8,4.8,0,0,0,7,5
16,3,16,31.2,0,0,18,32,6
12,1,12,16.5,0,0,0,3,5
23,3,23,9.7,0,0,0,0,14
10,5,10,10.2,0,0,2,45,3
14,5,14,26.8,0,0,0,8,5
12,1,12,23.9,0,0,0,32,5
5,0,5,10.0,0,0,0,5,8
11,5,11,19.7,0,0,0,5,5
12,0,12,9.4,1,0,4,3,2
4,1,4,5.8,0,0,2,11,2
5,5,5,7.6,0,0,1,2,6
18,4,18,16.0,0,0,0,16,8
4,4,4,8.7,0,0,0,27,5
10,5,10,20.8,0,0,0,29,8
11,0,11,21.7,0,0,0,5,8
13,1,13,13.9,0,0,2,8,3
17,0,17,19.7,0,0,2,12,2
22,4,22,5.2,0,0,0,4,8
14,5,14,18.2,0,0,16,110,5
18,2,18,25.9,0,0,2,12,3
21,1,21,23.7,0,1,0,9,5
9,4,9,12.7,0,0,0,32,5
18,2,18,8.4,0,0,65,16,72
5,6,5,14.8,0,0,0,11,8
20,4,20,9.9,0,0,13,19,13
20,6,20,10.4,0,0,0,36,8
13,0,13,12.5,0,0,2,33,3
10,4,10,19.2,0,0,0,54,8
4,1,4,10.1,0,0,2,5,3
11,6,11,13.8,0,0,2,7,3
7,0,7,6.7,0,0,0,36,5
5,2,5,4.5,0,0,0,4,8
8,2,8,10.3,0,0,2,16,3
9,3,9,11.8,0,0,17,0,7
5,3,5,6.4,0,0,2,9,2
18,0,18,29.1,0,0,0,32,5
10,0,10,14.3,0,0,0,13,8
8,6,8,1.2,0,0,4,16,2
13,0,13,19.5,0,0,0,3,8
20,2,20,24.9,0,0,0,25,8
19,6,19,21.0,0,0,0,25,8
14,6,14,17.1,0,0,16,21,8
10,3,10,10.5,0,0,0,8,8
10,6,10,12.1,0,0,0,3,8
10,1,10,13.0,1,0,44,48,58
14,1,14,19.7,0,0,4,21,3
22,4,22,19.8,0,0,4,16,2
9,1,9,9.4,0,0,0,32,5
10,4,10,10.7,0,0,0,12,5
18,4,18,11.0,0,0,0,13,5
4,4,4,13.1,0,0,0,25,8
22,2,22,7.4,0,0,2,4,2
12,1,12,9.7,0,0,0,7,8
5,4,5,15.3,0,0,8,6,9
8,0,8,10.8,0,0,2,8,3
18,6,18,12.2,0,0,0,54,5
8,3,8,11.8,0,0,0,53,14
16,2,16,16.4,0,0,2,7,2
2,6,2,18.4,0,0,0,1,0
11,6,11,16.4,0,0,87,11,85
4,2,4,12.3,0,0,4,14,3
17,1,17,11.5,0,0,2,7,3
16,5,16,34.1,0,0,0,11,5
5,3,5,17.2,0,0,4,32,3
8,1,8,6.5,0,0,18,32,6
6,6,6,5.0,0,0,2,21,2
17,4,17,15.2,0,0,4,44,3
7,4,7,8.2,0,0,0,33,5
0,1,0,7.4,0,0,16,21,8
13,3,13,17.7,0,0,2,34,3
23,2,23,13.5,0,0,4,8,3
3,2,3,16.3,0,0,1,2,6
7,4,7,11.4,0,1,0,13,5
15,4,15,24.3,0,0,16,21,8
5,3,5,7.5,0,0,0,5,8
22,3,22,10.6,1,0,0,21,8
5,4,5,10.7,0,0,2,5,3
5,0,5,1.9,0,0,0,7,8
9,0,9,20.6,0,0,7,0,7
6,5,6,1.1,0,0,15,6,3
7,5,7,8.4,0,0,2,33,2
7,0,7,8.2,0,0,0,5,8
16,6,16,25.4,0,0,2,13,3
10,5,10,13.0,0,0,0,21,0
17,3,17,17.7,0,0,0,13,8
7,0,7,3.5,0,0,0,13,8
7,5,7,-0.8,0,0,4,21,3
6,1,6,3.8,0,0,4,7,3
1,0,1,11.3,0,0,9,0,10
21,1,21,10.8,0,0,0,7,8
13,3,13,26.8,0,0,10,54,17
4,4,4,9.2,0,0,0,4,8
23,0,23,14.1,0,0,0,25,8
5,6,5,11.0,0,0,4,10,2
18,0,18,25.5,0,0,6,9,0
21,6,21,26.5,0,0,0,3,5
19,0,19,21.5,0,0,0,8,8
19,0,19,25.5,0,0,0,16,5
21,1,21,17.3,0,0,0,17,0
1,5,1,18.8,0,0,0,6,9
19,3,19,27.2,0,0,10,3,17
14,6,14,20.9,0,0,16,110,3
0,2,0,21.0,0,0,0,22,9
2,5,2,6.6,0,0,15,14,3
4,3,4,7.7,0,0,2,4,2
12,2,12,16.7,0,0,14,17,13
2,3,2,14.9,0,0,0,1,0
21,4,21,14.2,0,0,0,3,8
8,1,8,14.4,0,1,7,0,7
17,6,17,25.8,0,0,4,54,2
7,6,7,10.8,0,0,0,3,5
22,4,22,7.5,0,0,18,36,6
4,6,4,9.8,0,0,0,4,5
11,1,11,18.9,0,0,0,10,5
23,6,23,10.1,0,0,0,20,14
5,4,5,14.8,0,0,2,10,3
19,4,19,10.8,0,0,0,17,0
12,1,12,15.8,0,0,0,10,5
6,3,6,3.5,0,0,9,0,18
14,4,14,20.7,0,0,22,56,4
15,4,15,11.8,0,0,6,93,5
0,5,0,6.8,0,0,15,6,3
8,6,8,7.1,0,0,22,56,4
12,3,12,26.4,0,0,0,32,5
20,4,20,25.3,0,1,29,26,10
6,5,6,7.0,0,0,2,8,3
7,2,7,9.7,0,0,4,7,3
4,6,4,10.7,0,0,0,5,8
16,5,16,15.2,0,0,0,4,8
7,4,7,7.0,0,0,2,4,3
6,4,6,8.5,0,0,0,8,5
23,3,23,17.1,0,0,12,18,7
1,0,1,17.4,0,0,0,1,0
5,2,5,12.7,0,0,0,4,5
5,0,5,9.8,0,0,0,9,5
4,0,4,4.6,0,0,7,0,7
13,0,13,13.7,0,0,0,61,8
6,6,6,10.6,0,0,0,7,5
6,6,6,5.0,0,0,0,3,8
13,3,13,16.8,0,0,2,33,3
5,3,5,12.4,0,0,2,8,3
5,3,5,12.2,0,0,0,52,5
16,1,16,19.4,0,0,24,7,23
8,3,8,4.9,0,0,2,16,3
17,3,17,26.5,0,0,6,9,15
16,3,16,26.8,0,0,0,8,5
15,3,15,19.0,0,0,2,7,3
14,1,14,12.8,0,0,16,110,8
5,4,5,4.9,0,0,0,21,14
14,1,14,29.1,0,0,16,21,8
7,3,7,7.5,0,0,0,33,5
17,1,17,20.2,0,0,0,36,8
19,6,19,30.0,0,0,2,4,2
11,5,11,13.4,0,0,0,3,8
5,0,5,3.5,0,0,2,9,2
5,3,5,14.1,0,0,2,5,3
7,4,7,1.6,0,0,4,21,3
21,6,21,21.9,0,1,0,17,0
5,5,5,5.9,0,0,2,5,3
10,5,10,10.9,0,0,0,12,5
8,3,8,9.6,0,0,22,56,4
19,6,19,11.6,0,0,2,33,3
6,5,6,9.2,0,0,0,25,5
7,5,7,8.9,1,2,0,17,0
12,4,12,14.2,0,0,0,7,8
8,4,8,10.1,0,0,0,32,5
19,3,19,9.3,0,0,2,32,3
19,3,19,25.0,0,0,2,13,3
17,3,17,26.5,0,0,2,44,2
11,3,11,18.7,0,0,27,36,0
18,4,18,15.9,0,0,0,13,8
19,1,19,10.4,0,0,2,32,3
17,6,17,13.5,0,0,0,5,8
13,1,13,29.5,0,0,4,3,2
2,0,2,6.9,0,0,1,2,1
12,3,12,10.3,0,0,2,5,2
6,3,6,9.3,0,0,0,7,8
21,0,21,15.2,0,0,0,3,8
21,3,21,20.3,0,0,0,4,8
5,1,5,15.5,0,0,0,3,8
6,4,6,4.4,0,0,4,21,2
5,1,5,14.5,0,0,1,2,6
4,2,4,9.3,0,0,0,5,8
16,3,16,23.9,0,0,0,6,14
5,3,5,0.7,0,0,2,5,3
9,5,9,19.7,0,0,0,9,8
11,0,11,24.1,0,0,0,5,8
7,1,7,13.8,0,0,2,33,2
22,5,22,18.5,0,0,14,24,9
11,0,11,8.1,0,0,2,45,3
12,1,12,19.2,0,0,0,11,5
15,6,15,17.5,0,0,15,6,3
18,1,18,13.3,0,0,0,33,8
4,1,4,11.2,0,0,80,26,7
18,4,18,11.6,0,0,0,13,8
13,2,13,27.9,0,1,0,13,5
5,1,5,4.3,0,0,4,10,2
12,6,12,14.5,0,0,0,21,8
15,1,15,28.8,0,0,16,110,5
10,2,10,11.6,0,0,0,68,8
19,5,19,13.1,0,0,2,4,3
15,1,15,32.8,0,1,0,11,8
21,6,21,9.4,0,0,0,5,5
8,2,8,5.6,0,0,0,29,8
8,3,8,16.2,0,0,19,74,38
13,3,13,19.0,1,2,0,9,5
7,1,7,10.5,0,0,0,33,5
17,6,17,15.5,0,0,2,33,2
6,3,6,1.0,0,0,0,8,5
5,5,5,17.1,0,0,1,2,6
6,3,6,16.8,0,0,4,7,2
7,2,7,13.4,0,0,4,5,2
17,6,17,14.9,0,0,0,32,5
5,4,5,7.5,0,0,0,36,8
10,3,10,7.6,0,0,0,12,5
15,5,15,19.8,0,0,0,21,8
7,3,7,10.5,1,2,0,22,0
14,3,14,15.1,0,0,0,5,8
16,3,16,10.0,0,0,0,17,14
15,3,15,28.1,0,0,0,11,8
17,4,17,21.8,0,0,9,26,18
13,2,13,8.3,0,0,0,45,5
11,4,11,14.4,0,0,2,30,3
17,5,17,20.4,0,0,0,7,8
5,3,5,3.7,0,0,2,3,3
0,5,0,7.7,0,0,15,6,3
7,6,7,11.6,0,0,0,7,8
16,0,16,18.2,0,0,2,44,3
18,6,18,11.2,0,0,16,11,5
14,2,14,21.7,0,0,0,8,8
5,0,5,13.8,0,0,0,3,8
4,5,4,17.4,0,0,0,25,8
6,4,6,6.4,0,0,0,5,5
17,6,17,14.9,0,0,0,21,5
17,3,17,13.5,0,0,2,3,3
11,5,11,25.9,0,0,0,3,8
6,0,6,0.5,0,0,0,7,8
23,3,23,6.1,0,0,0,43,14
1,1,1,7.8,0,0,0,21,8
16,3,16,12.3,0,0,0,11,8
6,0,6,0.6,0,0,4,32,3
11,1,11,11.5,0,0,1,2,1
23,5,23,8.6,0,0,0,0,14
16,0,16,25.4,0,0,2,13,3
5,4,5,4.6,0,0,6,9,5
11,4,11,20.2,0,0,0,3,5
15,1,15,19.3,0,0,0,44,8
11,6,11,10.5,0,0,2,16,3
14,2,14,18.3,0,0,4,11,2
17,0,17,15.2,0,0,0,8,8
21,1,21,12.9,0,0,13,19,13
12,3,12,13.2,0,0,0,13,8
9,4,9,12.3,0,1,0,54,8
12,6,12,21.6,0,0,0,8,8
6,0,6,5.3,0,0,2,21,2
6,1,6,5.8,0,0,6,9,5
23,0,23,6.9,0,0,0,43,14
7,6,7,6.7,0,0,0,44,8
6,5,6,6.2,0,0,0,25,5
16,5,16,20.2,0,0,0,21,14
15,3,15,26.4,0,0,0,11,8
22,0,22,25.9,0,1,0,7,8
4,0,4,3.9,0,0,0,11,8
1,1,1,14.9,0,0,14,17,13
5,0,5,8.0,0,0,0,3,8
14,2,14,24.0,0,0,2,7,3
4,2,4,10.4,0,0,2,7,3
11,3,11,10.1,1,2,0,54,8
10,6,10,22.0,0,1,30,9,35
18,2,18,11.5,0,0,0,13,5
11,4,11,17.0,0,0,0,21,14
18,4,18,6.5,0,0,4,7,2
15,5,15,25.2,0,0,16,110,5
14,1,14,12.1,0,0,16,110,3
11,4,11,11.0,0,0,0,0,0
7,1,7,10.0,0,0,24,47,23
17,6,17,19.0,0,0,2,16,3
16,0,16,30.2,0,0,0,13,5
18,6,18,25.0,0,0,6,9,0
14,1,14,19.2,0,0,2,3,2
4,3,4,9.6,0,0,0,16,5
11,1,11,15.1,0,0,0,5,8
5,0,5,15.4,0,0,0,42,5
13,2,13,19.1,0,0,0,44,8
4,0,4,13.9,0,0,0,5,5
12,1,12,13.5,0,0,18,32,6
6,2,6,11.8,0,0,0,5,8
15,1,15,25.9,0,0,0,13,8
8,5,8,5.8,0,0,0,21,8
23,1,23,7.2,0,0,0,0,0
17,0,17,30.8,0,0,10,51,17
10,1,10,11.7,0,0,0,13,5
0,5,0,4.2,0,0,0,6,14
15,5,15,21.7,0,0,0,9,5
5,2,5,11.0,0,0,4,3,3
1,2,1,12.4,0,0,14,17,13
8,5,8,3.6,0,0,0,8,5
23,4,23,11.4,0,0,0,20,14
6,4,6,5.8,0,0,15,6,14
8,5,8,8.8,0,0,10,3,43
6,5,6,12.0,0,0,0,7,5
7,6,7,9.1,0,0,0,36,8
12,1,12,25.5,0,1,2,16,3
3,0,3,9.4,0,0,1,2,1
12,3,12,15.0,0,0,2,5,2
6,6,6,6.2,0,0,16,21,8
20,2,20,24.4,0,1,0,7,8
14,6,14,29.7,0,0,38,48,39
16,3,16,26.7,0,0,0,36,8
2,0,2,18.7,0,0,1,2,6
21,5,21,11.9,0,0,14,24,9
21,0,21,14.5,1,2,0,8,5
20,6,20,8.3,0,0,0,36,8
13,1,13,21.7,0,0,18,32,6
16,3,16,28.0,0,0,0,6,14
10,6,10,13.4,0,0,27,36,0
20,3,20,7.5,0,0,0,36,8
4,2,4,4.4,0,0,0,5,8
4,4,4,16.7,0,0,0,25,8
20,1,20,31.8,0,0,2,4,3
7,3,7,7.8,0,0,2,16,2
8,2,8,3.5,0,0,4,21,2
0,6,0,19.6,0,0,35,43,14
0,0,0,12.5,0,0,0,43,14
12,2,12,9.2,0,0,22,56,4
14,3,14,14.0,0,0,8,0,9
5,2,5,15.5,0,0,2,11,2
15,2,15,21.4,0,0,16,21,8
6,4,6,2.1,0,0,6,9,5
7,2,7,9.0,0,0,2,33,3
0,2,0,18.9,0,0,11,23,14
15,4,15,18.3,0,0,4,54,5
19,1,19,12.7,0,0,2,32,3
5,0,5,0.5,0,0,2,8,3
13,3,13,24.0,0,0,0,29,5
6,3,6,12.2,0,0,0,7,8
14,0,14,26.6,0,0,2,12,2
16,4,16,11.3,0,0,0,36,8
5,0,5,10.0,0,0,0,4,8
11,5,11,9.9,0,0,2,45,3
20,1,20,5.1,0,0,2,4,3
9,5,9,20.9,0,0,0,13,8
4,0,4,11.4,0,0,0,3,8
11,5,11,13.4,0,0,0,0,0
11,0,11,16.6,0,0,19,80,17
21,1,21,10.0,1,2,0,13,8
12,0,12,21.5,0,0,2,13,2
19,3,19,16.4,0,0,0,8,5
5,4,5,9.4,0,0,2,5,3
8,3,8,2.3,0,0,2,16,3
12,6,12,13.6,0,0,0,32,5
5,6,5,13.3,0,0,0,16,8
23,2,23,18.2,0,1,14,24,9
5,6,5,7.5,0,0,2,3,3
17,1,17,17.7,0,0,9,0,18
11,6,11,6.5,0,0,14,17,13
10,6,10,16.4,0,0,2,16,2
0,6,0,16.8,0,0,2,21,3
6,3,6,13.6,0,0,2,9,2
14,5,14,14.9,0,0,16,21,8
15,6,15,24.2,0,0,0,78,8
15,4,15,15.7,0,0,16,21,8
1,2,1,15.9,0,0,15,6,3
7,4,7,6.9,0,0,2,8,2
12,6,12,15.3,0,0,2,44,3
20,6,20,12.7,0,0,0,3,8
5,6,5,18.6,0,0,0,4,8
0,6,0,20.1,0,0,0,6,0
5,1,5,8.8,0,0,2,3,3
16,5,16,31.1,0,0,4,11,2
7,3,7,3.0,0,0,4,3,2
9,5,9,20.3,0,0,17,2,7
10,3,10,20.4,0,0,2,34,2
17,4,17,26.5,0,0,0,12,5
11,1,11,13.2,0,0,2,3,3
4,6,4,10.9,0,0,2,4,3
1,4,1,15.5,0,0,0,6,0
21,2,21,11.5,1,2,2,44,3
6,0,6,0.8,0,0,0,7,8
20,4,20,12.6,0,0,6,9,5
19,3,19,7.9,0,0,2,4,3
7,0,7,9.5,0,0,8,6,9
5,3,5,11.2,0,0,4,11,2
0,0,0,21.7,0,0,11,23,14
15,2,15,21.6,0,0,16,21,5
9,0,9,8.6,0,0,0,53,0
9,3,9,8.0,0,0,10,3,16
15,4,15,19.2,0,0,4,5,2
22,2,22,7.7,0,0,18,36,26
20,4,20,10.7,0,0,0,36,5
0,0,0,12.0,0,0,1,2,6
7,1,7,6.3,0,0,0,7,8
15,2,15,19.0,0,0,0,5,8
0,3,0,23.7,0,0,2,21,3
20,4,20,14.1,0,0,2,7,2
8,3,8,5.0,0,0,0,53,0
7,3,7,7.9,0,0,4,21,2
5,5,5,8.6,0,0,4,11,2
7,0,7,6.2,0,0,0,33,5
16,1,16,25.4,0,0,2,13,2
14,4,14,17.9,0,0,0,44,5
22,1,22,16.4,0,0,2,8,2
12,0,12,18.0,0,0,0,8,5
17,2,17,28.4,0,0,0,3,8
17,6,17,15.3,0,0,0,16,8
20,6,20,23.3,0,0,49,86,49
20,5,20,11.9,0,0,13,19,13
18,4,18,15.7,0,0,16,11,5
5,3,5,0.6,0,0,2,9,2
21,3,21,20.9,0,0,25,46,14
11,4,11,17.0,0,0,0,13,5
18,6,18,27.6,0,0,0,13,8
6,4,6,13.6,0,0,4,7,2
13,2,13,28.6,0,0,0,33,8
10,6,10,21.7,0,1,0,13,8
5,3,5,3.8,0,0,16,21,5
6,5,6,4.0,0,0,6,9,5
8,1,8,10.1,0,0,0,32,5
0,6,0,8.4,0,0,0,21,5
15,2,15,30.0,0,3,33,62,0
12,5,12,27.9,0,0,14,24,9
15,5,15,16.4,0,0,0,21,8
15,0,15,18.9,0,0,0,11,5
5,1,5,8.9,0,0,4,10,2
0,4,0,12.8,0,0,0,22,0
15,1,15,21.3,0,0,4,8,3
14,4,14,12.2,0,0,16,21,8
7,6,7,11.6,0,0,2,3,2
16,6,16,26.4,0,0,0,44,5
6,0,6,13.7,0,0,2,7,3
10,2,10,7.5,0,0,2,5,3
8,0,8,16.1,0,0,0,44,8
7,1,7,14.1,0,0,0,8,8
12,0,12,24.7,0,0,2,7,3
19,4,19,10.8,0,0,2,32,3
20,3,20,8.8,0,0,6,9,5
8,4,8,6.6,0,0,0,3,8
0,2,0,9.8,0,0,23,41,15
17,1,17,17.2,0,0,0,7,5
16,0,16,30.7,0,0,0,36,8
5,4,5,8.3,0,0,2,5,3
10,1,10,9.7,0,0,27,36,0
13,1,13,20.0,0,0,4,8,3
8,6,8,3.6,0,0,4,14,3
7,6,7,17.0,0,0,2,42,3
17,1,17,27.4,0,0,0,5,8
5,0,5,11.8,0,0,0,5,8
16,6,16,35.3,0,0,0,15,8
18,6,18,15.1,0,0,0,13,8
0,6,0,19.6,0,0,11,23,14
12,2,12,9.0,0,0,1,2,1
10,5,10,21.7,0,0,10,148,19
18,5,18,12.5,0,0,16,21,3
8,6,8,5.3,0,0,0,32,5
5,4,5,13.1,0,0,4,38,2
0,4,0,14.3,0,0,2,21,3
18,5,18,27.4,0,0,2,32,3
0,3,0,8.1,0,0,0,25,8
20,5,20,9.6,0,0,0,9,8
11,5,11,18.5,0,0,0,0,0
20,6,20,18.6,0,0,0,4,8
16,4,16,11.9,0,0,0,13,8
15,5,15,27.9,0,0,18,32,6
10,2,10,7.4,0,0,0,53,0
12,2,12,17.2,0,0,18,32,6
20,2,20,25.2,0,0,0,9,5
18,2,18,9.1,0,0,0,61,8
20,6,20,15.7,0,0,2,16,2
14,2,14,20.0,0,0,2,45,3
14,3,14,17.7,0,0,0,5,5
16,2,16,15.2,0,0,4,44,5
4,4,4,2.5,0,0,1,2,6
10,5,10,17.5,0,0,0,3,8
18,6,18,13.8,0,0,16,11,2
14,3,14,26.6,0,0,24,47,23
23,4,23,20.1,0,0,0,0,0
8,4,8,11.2,0,0,0,33,8
7,4,7,4.5,0,0,17,0,7
6,1,6,5.0,0,0,2,7,3
16,5,16,18.9,0,0,0,54,5
16,4,16,11.3,0,0,0,13,5
18,2,18,20.0,0,0,0,3,8
12,2,12,25.3,0,0,0,5,5
5,0,5,14.3,0,0,0,3,5
23,6,23,9.8,0,0,0,0,0
14,5,14,24.4,0,0,18,32,26
12,4,12,27.9,0,1,26,49,12
10,2,10,10.3,0,0,0,8,8
4,1,4,4.7,0,0,0,7,8
15,0,15,14.6,0,0,2,34,3
8,5,8,3.0,0,0,0,30,5
18,0,18,15.6,0,0,0,33,8
15,4,15,11.8,0,0,0,7,5
4,1,4,10.2,0,0,0,11,5
13,4,13,16.4,0,0,0,44,5
12,2,12,16.4,0,0,2,44,2
5,4,5,9.4,0,0,4,10,2
18,4,18,11.8,0,0,0,44,5
18,1,18,7.4,0,0,0,12,5
14,1,14,11.6,0,0,0,30,5
14,6,14,22.7,0,0,2,58,3
20,0,20,22.9,0,0,25,46,0
23,6,23,17.0,0,0,11,23,14
13,2,13,8.5,0,0,2,16,3
0,0,0,17.7,0,0,0,0,0
5,2,5,8.5,0,0,2,9,2
17,2,17,17.0,0,0,0,21,0
10,1,10,11.0,0,0,2,45,3
13,5,13,22.8,0,0,2,36,3
12,0,12,16.0,0,0,2,34,2
16,1,16,13.7,0,0,2,44,2
16,0,16,24.5,0,0,4,44,3
6,5,6,9.0,0,0,16,21,8
12,6,12,13.2,0,0,0,32,5
9,5,9,6.0,0,0,15,6,14
16,6,16,17.1,0,0,0,6,14
5,4,5,16.7,0,0,0,32,5
6,6,6,5.6,0,0,4,21,2
11,1,11,13.5,0,0,2,16,3
17,6,17,24.2,0,0,6,9,7
21,4,21,23.5,0,0,0,5,8
7,0,7,9.5,0,0,4,7,2
6,5,6,2.0,0,0,0,8,8
6,5,6,12.6,0,0,0,5,8
15,0,15,26.9,0,0,0,9,8
13,0,13,9.6,0,0,0,12,5
4,3,4,2.4,0,0,4,32,3
6,6,6,16.0,0,0,0,52,5
17,2,17,12.2,0,0,4,38,3
15,2,15,20.7,0,0,0,9,8
10,6,10,21.6,0,0,2,34,3
4,0,4,13.1,0,0,2,5,3
10,1,10,13.0,0,0,0,21,0
3,5,3,23.0,0,0,1,2,1
21,1,21,9.1,0,0,14,24,9
16,6,16,31.4,0,0,4,5,2
3,2,3,12.7,0,0,1,2,1
13,4,13,26.6,0,0,2,5,2
5,2,5,10.6,0,0,0,3,5
8,6,8,9.9,0,0,2,13,3
11,5,11,15.6,0,0,27,36,0
22,0,22,8.6,0,0,23,41,15
12,6,12,27.8,0,0,2,16,2
10,5,10,23.2,0,0,0,29,8
6,3,6,3.8,0,0,6,9,5
5,6,5,15.8,0,0,4,12,2
10,0,10,19.1,0,0,2,34,3
5,1,5,9.6,0,0,4,5,3
17,2,17,29.5,0,0,0,44,5
11,3,11,18.7,0,0,1,2,1
6,1,6,12.4,0,0,0,7,8
11,1,11,19.1,0,0,0,10,8
23,3,23,8.1,0,0,2,21,3
14,0,14,26.9,0,0,4,44,3
6,5,6,3.6,0,0,0,3,8
16,4,16,16.8,0,0,0,78,8
23,1,23,9.4,0,0,14,17,13
14,3,14,25.7,0,0,10,114,19
16,3,16,9.2,1,2,70,88,55
23,1,23,6.8,0,0,18,32,6
11,4,11,24.0,0,1,17,0,7
7,1,7,6.5,0,0,0,44,5
0,4,0,14.7,0,0,0,22,14
16,2,16,25.6,0,0,0,15,8
14,3,14,26.3,0,0,4,5,3
20,6,20,10.7,0,2,0,25,5
11,0,11,23.3,0,0,13,19,54
10,4,10,25.0,0,1,44,48,11
15,6,15,23.7,0,0,4,12,3
4,1,4,13.5,0,0,0,5,5
5,5,5,3.2,0,0,4,12,2
16,6,16,10.6,0,0,2,11,2
7,1,7,12.1,0,0,0,3,5
12,2,12,17.1,0,0,0,33,5
16,2,16,19.9,0,0,4,44,2
10,6,10,21.8,0,0,0,12,8
1,1,1,17.6,0,0,0,6,14
7,6,7,5.5,0,0,2,8,3
5,3,5,6.4,0,0,0,16,8
19,5,19,16.2,0,0,2,5,3
11,6,11,20.5,0,0,0,5,8
9,0,9,13.3,0,0,0,9,8
4,3,4,8.3,0,0,2,4,3
14,5,14,18.3,0,0,0,16,8
17,3,17,14.6,0,0,0,3,5
22,4,22,7.1,0,0,18,36,6
23,0,23,19.0,0,0,18,32,6
14,3,14,13.7,0,0,0,8,8
21,2,21,13.3,0,0,2,3,2
0,4,0,11.7,0,0,15,6,3
6,3,6,5.3,0,0,15,6,3
16,5,16,19.4,0,0,4,11,2
1,0,1,17.8,0,0,0,1,0
0,5,0,7.7,0,0,0,1,0
7,1,7,9.6,0,0,0,29,8
9,5,9,9.9,0,0,0,7,8
5,6,5,17.7,0,0,4,16,3
14,5,14,29.3,0,0,0,8,8
0,3,0,3.8,0,0,1,2,6
10,0,10,23.4,0,0,2,13,3
22,4,22,6.9,1,2,1,2,6
19,2,19,8.6,0,0,2,54,3
8,3,8,2.3,0,0,0,15,8
6,6,6,11.1,0,0,6,9,5
11,1,11,18.5,0,0,0,54,8
5,2,5,13.0,0,0,4,21,3
7,0,7,6.5,0,0,0,29,5
9,2,9,9.0,0,0,2,5,2
0,4,0,8.5,0,0,15,6,3
11,2,11,19.7,0,0,10,74,31
16,3,16,14.9,0,0,2,8,3
16,6,16,22.4,0,0,0,78,8
5,4,5,15.5,0,0,2,4,3
8,6,8,16.4,0,0,0,9,5
11,6,11,12.0,0,0,14,17,13
10,2,10,20.9,0,0,0,13,8
8,0,8,8.6,0,0,0,16,8
9,6,9,17.1,0,0,0,13,8
11,1,11,10.3,0,0,10,72,55
21,3,21,10.9,0,0,13,19,13
11,6,11,12.9,0,0,4,16,5
10,3,10,21.9,0,0,18,32,6
9,6,9,13.0,0,0,2,13,3
1,2,1,17.3,0,0,15,6,3
15,0,15,18.9,0,0,0,33,5
17,4,17,18.5,0,0,9,26,18
12,0,12,15.2,0,0,26,49,13
12,6,12,11.9,0,0,0,34,5
5,2,5,9.1,0,0,16,21,8
7,3,7,12.2,0,0,0,21,0
21,5,21,9.3,0,0,14,24,9
22,0,22,10.1,0,0,11,0,14
15,1,15,21.4,0,0,0,21,8
21,1,21,9.8,0,0,0,4,5
4,3,4,6.0,0,0,2,5,3
17,3,17,28.9,0,0,2,4,2
0,0,0,8.7,0,0,1,2,6
9,2,9,9.6,0,0,4,13,5
13,0,13,13.7,0,0,0,44,8
14,6,14,11.1,0,0,33,62,0
17,0,17,29.8,0,0,0,12,8
10,4,10,11.3,0,0,0,7,8
15,2,15,29.0,0,0,0,9,8
22,6,22,17.2,0,0,16,21,8
1,0,1,11.6,0,0,0,37,0
18,2,18,26.0,0,0,0,8,8
15,1,15,25.5,0,0,0,11,8
12,6,12,11.1,0,0,2,30,3
7,3,7,5.6,0,0,15,6,14
14,6,14,24.4,0,0,18,54,20
8,4,8,7.4,0,0,0,10,5
18,3,18,10.1,0,0,2,33,3
15,3,15,25.7,0,1,0,9,5
4,0,4,11.6,0,0,0,5,8
11,2,11,17.0,0,0,1,2,1
5,3,5,3.2,0,0,6,9,5
9,6,9,9.1,0,0,0,8,8
6,4,6,16.5,0,0,2,7,3
15,3,15,24.3,0,0,2,13,3
15,3,15,13.7,0,0,2,3,3
8,6,8,7.4,0,0,0,9,14
23,0,23,22.6,0,0,14,24,9
21,4,21,13.5,0,0,13,19,13
13,3,13,11.5,0,0,2,5,2
20,1,20,13.4,0,0,0,9,5
9,0,9,17.9,0,0,19,34,17
7,4,7,11.2,0,0,16,21,8
21,1,21,12.0,0,0,13,19,13
21,2,21,12.0,0,0,0,3,8
5,5,5,15.7,0,0,4,8,3
8,6,8,16.9,0,0,2,29,3
19,6,19,32.0,0,1,2,5,3
11,0,11,11.3,0,0,14,17,13
18,3,18,16.6,0,0,6,9,0
19,3,19,11.3,0,0,10,5,17
20,1,20,14.6,0,0,0,17,0
9,2,9,9.7,0,0,2,8,3
13,3,13,14.0,0,0,0,13,8
6,6,6,15.8,0,1,1,2,6
1,6,1,7.6,0,0,0,21,8
9,1,9,16.8,0,0,2,25,2
6,3,6,7.4,0,0,0,29,8
7,2,7,8.8,0,0,19,28,63
7,4,7,5.0,0,0,2,33,3
11,2,11,15.3,0,0,0,21,14
5,4,5,10.8,0,0,2,7,2
16,2,16,18.8,0,0,0,21,8
12,6,12,11.2,0,0,2,45,3
5,2,5,9.7,0,0,4,7,2
16,1,16,14.7,0,0,0,21,8
5,5,5,4.4,0,0,6,9,5
11,6,11,24.4,0,0,0,5,5
11,2,11,19.9,0,0,2,30,3
2,4,2,4.1,0,0,1,2,1
0,3,0,9.3,0,0,16,21,5
21,3,21,17.8,0,0,25,46,14
4,4,4,6.4,0,0,2,7,2
20,4,20,14.3,0,0,0,9,8
8,3,8,9.0,0,0,2,16,2
12,4,12,26.3,0,1,26,49,12
19,5,19,13.6,0,0,2,54,3
6,4,6,8.2,0,0,0,12,8
8,2,8,10.5,0,0,4,5,2
18,3,18,12.9,0,0,4,32,3
10,0,10,10.8,0,0,0,21,14
12,0,12,25.4,0,0,4,11,2
10,5,10,15.8,0,0,0,30,5
15,6,15,22.7,0,0,0,13,8
12,3,12,12.3,0,0,26,49,13
12,0,12,26.6,0,1,54,7,7
12,6,12,13.7,0,0,0,3,8
19,6,19,10.4,0,0,2,4,3
5,4,5,13.6,0,0,0,21,0
16,0,16,16.1,0,0,4,50,2
7,0,7,11.3,0,0,4,5,3
3,4,3,11.9,0,0,1,2,1
13,1,13,19.0,0,0,33,62,0
2,5,2,14.6,0,0,1,2,6
5,5,5,13.5,0,0,2,11,2
0,0,0,15.4,0,0,0,6,14
11,1,11,13.7,0,0,2,45,3
0,6,0,9.3,0,0,1,2,6
23,6,23,16.2,0,0,35,43,0
18,0,18,13.6,0,0,2,13,3
2,1,2,6.6,0,0,1,2,1
21,6,21,8.4,0,0,7,0,7
7,3,7,11.6,0,1,17,0,7
17,3,17,27.4,0,0,6,9,0
5,0,5,13.1,0,0,0,4,5
7,3,7,10.5,1,2,26,49,13
10,2,10,6.7,0,0,4,13,3
13,2,13,20.1,0,0,0,16,8
1,4,1,17.7,0,0,0,37,0
0,3,0,16.8,0,0,13,19,13
21,2,21,21.7,0,1,0,36,5
8,2,8,14.9,0,0,42,36,61
9,4,9,7.9,0,0,0,8,8
8,5,8,4.9,0,0,0,44,8
12,0,12,26.2,0,0,0,34,5
3,5,3,4.2,0,0,9,0,18
13,6,13,14.6,0,0,16,21,5
8,3,8,8.9,0,0,0,36,8
15,3,15,16.9,0,0,0,11,8
7,5,7,3.6,0,0,0,33,5
6,4,6,11.0,0,0,4,32,3
0,4,0,15.8,0,0,0,6,9
13,4,13,10.1,1,2,2,8,3
19,6,19,8.9,0,0,4,32,5
17,3,17,12.9,0,0,2,3,3
7,1,7,10.9,0,0,17,0,7
6,6,6,5.1,0,0,15,6,14
8,5,8,3.0,0,0,2,5,3
10,0,10,20.4,0,0,4,8,5
12,5,12,16.2,0,0,4,32,3
16,2,16,26.1,0,0,4,5,2
5,3,5,4.1,0,0,0,5,5
18,4,18,15.7,0,0,0,25,8
23,6,23,7.4,0,0,2,21,3
5,4,5,2.7,0,0,4,5,3
1,1,1,13.0,0,0,23,41,15
13,1,13,14.1,0,0,2,36,3
20,6,20,28.6,0,0,2,21,3
15,1,15,21.2,0,0,28,55,0
11,4,11,24.6,0,0,0,34,5
16,0,16,25.7,0,0,0,12,8
12,5,12,12.2,0,0,26,49,13
13,6,13,29.4,0,1,26,49,12
4,3,4,14.2,0,0,2,3,2
21,3,21,7.1,0,0,2,8,3
17,0,17,28.1,0,0,2,4,3
7,5,7,12.7,0,0,0,8,8
4,5,4,17.4,0,0,2,4,2
6,3,6,3.8,0,0,0,21,8
7,2,7,3.3,0,0,4,12,5
13,2,13,15.3,0,0,2,36,3
20,2,20,9.5,0,0,2,5,3
15,1,15,21.2,0,0,6,93,5
5,2,5,12.3,0,0,1,2,6
0,1,0,8.7,0,0,2,36,3
4,0,4,5.2,0,0,2,4,3
22,3,22,12.6,0,0,14,17,13
16,0,16,20.5,0,0,2,13,2
0,2,0,8.9,0,0,4,8,3
6,1,6,9.7,0,0,0,8,8
19,2,19,6.2,0,0,0,4,8
11,3,11,10.5,0,0,18,54,20
12,4,12,20.2,0,0,4,11,2
4,1,4,6.4,0,0,0,12,8
5,0,5,14.8,0,0,4,12,5
20,0,20,20.8,0,0,0,5,8
17,6,17,15.6,0,0,0,54,5
20,0,20,13.9,0,0,2,9,3
7,5,7,12.9,0,0,6,9,5
7,4,7,10.8,0,0,0,8,8
7,0,7,5.0,0,0,0,7,5
22,5,22,11.7,0,0,16,21,2
6,1,6,9.5,0,0,0,3,8
20,1,20,7.7,0,0,2,8,3
6,0,6,6.0,0,0,0,5,8
11,5,11,10.0,0,0,0,3,8
6,6,6,17.2,0,0,2,7,2
1,4,1,13.9,0,0,15,6,3
16,1,16,28.6,0,0,2,7,3
15,6,15,35.0,0,0,4,12,3
5,3,5,15.9,0,0,2,11,5
7,4,7,4.5,0,0,0,33,8
8,3,8,12.3,0,0,0,8,5
20,4,20,22.9,0,0,4,32,3
20,2,20,25.5,0,0,0,3,8
6,5,6,12.1,0,0,2,7,2
15,0,15,31.5,0,0,2,45,3
12,3,12,12.1,0,0,0,11,8
15,5,15,27.4,0,0,15,6,3
17,0,17,19.3,0,0,16,21,8
5,1,5,9.4,0,0,0,27,5
14,3,14,11.3,0,0,16,110,5
11,5,11,13.1,0,0,0,5,5
5,4,5,13.4,0,0,4,38,3
8,1,8,9.8,0,0,6,9,5
6,2,6,12.4,0,0,16,21,8
16,5,16,15.8,0,0,0,4,5
18,6,18,26.0,0,0,0,15,5
14,4,14,12.4,0,0,0,13,8
7,3,7,10.5,1,2,18,32,6
16,3,16,17.9,0,0,2,7,2
9,0,9,8.0,0,0,2,3,3
8,6,8,6.8,0,0,4,14,3
16,3,16,14.8,0,0,0,6,14
16,1,16,13.8,0,0,0,12,8
16,5,16,16.0,0,0,0,4,8
7,3,7,12.2,0,0,0,44,8
16,6,16,15.0,0,0,4,5,3
17,2,17,14.5,0,0,2,12,3
17,2,17,15.8,0,0,0,13,5
17,4,17,13.9,0,0,0,32,5
16,5,16,18.9,0,0,0,17,0
0,2,0,9.7,0,0,1,2,6
0,6,0,20.7,0,0,0,0,0
16,5,16,31.9,0,1,2,8,3
6,0,6,9.4,0,0,2,3,3
5,1,5,14.5,0,0,6,9,15
1,0,1,15.5,0,0,23,41,15
23,4,23,12.8,0,0,16,21,3
1,4,1,19.1,0,0,23,41,15
23,4,23,17.2,0,0,0,17,0
9,4,9,17.1,0,0,0,33,5
20,3,20,8.4,1,2,14,17,13
12,2,12,23.2,0,1,26,49,12
23,5,23,13.3,0,1,0,0,0
13,1,13,12.8,0,0,2,36,3
16,4,16,25.8,0,0,4,44,3
1,5,1,17.3,0,0,15,6,3
1,4,1,5.1,0,0,0,37,0
15,4,15,16.8,0,0,4,54,5
5,1,5,5.8,0,0,0,3,5
7,1,7,12.9,0,0,2,7,2
16,5,16,18.1,0,0,0,78,5
8,2,8,10.2,0,0,10,102,19
0,2,0,4.4,0,0,1,2,6
9,6,9,14.4,0,0,24,25,30
21,1,21,15.0,0,0,14,24,9
22,4,22,18.2,0,0,23,41,15
11,5,11,28.7,0,0,0,45,5
17,3,17,14.0,0,0,2,12,3
13,4,13,22.2,0,1,14,17,13
8,4,8,16.1,0,1,17,0,7
5,1,5,8.8,0,0,0,7,8
9,1,9,14.6,0,0,0,54,5
5,0,5,10.0,0,0,9,0,10
4,0,4,1.6,0,0,0,4,8
11,1,11,11.8,0,0,1,2,1
10,3,10,8.3,0,0,2,45,3
15,3,15,13.5,0,0,2,58,3
10,3,10,9.1,0,0,0,8,8
20,3,20,15.0,0,0,0,9,8
18,4,18,26.0,0,0,0,33,8
9,1,9,10.1,0,0,2,3,3
13,1,13,25.4,0,0,0,13,5
14,4,14,29.6,0,1,7,0,7
7,3,7,3.9,0,0,4,7,3
19,2,19,24.7,0,0,0,3,8
19,2,19,13.2,0,0,22,56,4
15,4,15,16.7,0,0,9,0,18
10,2,10,18.9,0,0,0,16,5
13,6,13,31.0,0,0,27,36,0
11,3,11,10.3,0,0,14,17,13
22,6,22,7.9,0,0,18,32,6
0,5,0,11.3,0,0,23,41,15
15,0,15,20.9,0,0,0,11,8
1,2,1,15.4,0,0,15,6,3
19,4,19,11.2,0,0,0,16,8
7,3,7,6.1,0,0,0,36,5
21,1,21,14.7,0,0,4,16,2
6,3,6,8.0,0,0,0,16,5
6,1,6,9.3,0,0,4,7,2
5,0,5,4.2,0,0,4,10,2
5,3,5,7.3,0,0,6,9,5
23,3,23,8.9,0,0,0,20,14
5,3,5,4.8,0,0,4,11,3
20,1,20,21.3,0,0,0,4,5
17,2,17,12.5,0,0,2,5,2
10,6,10,12.5,0,0,0,4,8
10,0,10,19.1,0,0,0,43,14
7,6,7,-0.1,0,0,30,9,35
14,1,14,15.2,0,0,15,6,15
8,2,8,4.6,0,0,0,33,5
11,3,11,10.8,0,0,2,7,3
21,6,21,12.2,0,0,4,8,3
8,3,8,8.3,0,0,10,25,34
1,5,1,15.0,0,0,23,41,5
8,2,8,7.0,0,0,0,3,8
4,3,4,7.0,0,0,0,5,8
18,2,18,10.8,0,0,4,7,2
23,6,23,23.5,0,1,12,18,7
17,2,17,13.2,0,0,2,12,3
10,0,10,14.0,0,0,2,34,3
17,4,17,18.3,0,0,0,21,8
11,5,11,13.0,0,0,4,63,5
7,0,7,10.4,0,0,0,16,5
7,1,7,13.7,0,0,15,6,14
4,1,4,12.3,0,0,0,25,8
11,5,11,12.8,0,0,0,34,5
11,6,11,13.3,0,0,14,17,13
12,3,12,21.9,0,0,26,49,13
20,3,20,9.8,0,0,40,0,10
9,4,9,8.0,0,0,0,53,0
22,3,22,10.7,0,0,18,32,6
11,3,11,9.6,0,0,0,25,5
20,0,20,23.4,0,0,2,5,3
16,0,16,24.4,0,0,19,35,64
7,6,7,2.5,0,0,30,9,24
4,4,4,17.7,0,0,2,7,3
4,2,4,18.4,0,0,2,3,3
15,0,15,10.5,0,0,2,44,3
1,0,1,16.8,0,0,0,21,5
19,3,19,16.7,0,0,0,25,5
13,0,13,8.1,0,0,4,7,5
10,6,10,12.4,0,0,2,3,2
9,3,9,8.0,0,0,0,13,8
11,6,11,24.4,0,0,2,34,2
21,4,21,8.5,0,0,0,8,5
10,3,10,14.1,0,0,0,29,8
12,3,12,21.7,0,0,0,32,5
15,2,15,7.6,0,0,0,78,5
21,1,21,23.9,0,1,0,36,5
5,4,5,13.2,0,0,2,11,5
20,3,20,24.4,0,0,2,21,3
10,6,10,10.3,0,0,2,16,3
8,6,8,3.5,0,0,4,3,2
8,6,8,9.4,0,0,7,21,7
8,6,8,13.0,0,0,0,32,5
6,4,6,15.9,0,0,6,9,5
14,4,14,23.4,0,0,0,30,5
2,2,2,9.3,0,0,1,2,1
8,0,8,21.4,0,0,2,45,3
16,2,16,18.7,0,0,0,32,5
0,6,0,17.2,0,0,0,0,0
20,2,20,21.9,0,0,30,114,35
3,3,3,13.2,0,0,8,0,9
6,2,6,6.6,0,0,4,5,2
22,1,22,10.5,0,0,0,25,8
4,4,4,12.4,0,0,0,16,5
5,0,5,8.8,0,0,4,10,5
12,5,12,11.9,0,0,16,21,8
7,0,7,8.4,0,0,2,4,2
10,0,10,10.2,0,0,0,44,5
17,4,17,30.8,0,0,0,58,5
8,1,8,2.1,0,0,16,21,8
15,5,15,17.6,0,0,2,58,3
8,5,8,5.2,0,0,2,16,2
14,6,14,18.6,0,0,18,32,6
4,0,4,17.3,0,0,0,25,8
12,6,12,12.7,0,0,7,0,7
5,4,5,13.5,0,0,0,7,5
5,6,5,7.9,0,0,0,11,8
19,6,19,15.3,0,0,0,17,0
0,4,0,16.0,0,0,13,19,13
5,0,5,16.8,0,0,0,32,5
4,4,4,9.7,0,0,5,9,4
1,5,1,17.6,0,0,23,41,5
23,2,23,8.6,0,0,2,21,3
18,2,18,14.9,0,0,0,13,8
10,1,10,12.9,0,0,0,25,8
20,6,20,21.8,0,0,0,36,8
9,6,9,25.6,0,0,18,32,26
3,5,3,13.7,0,0,1,2,1
21,5,21,11.2,0,0,2,8,3
14,3,14,12.5,0,0,0,9,5
18,0,18,10.4,0,0,0,5,8
5,0,5,14.8,0,0,2,8,3
10,4,10,9.4,0,0,0,21,0
20,2,20,17.8,0,0,2,5,3
19,2,19,26.6,0,0,16,21,8
16,1,16,31.9,0,0,2,5,2
18,5,18,11.0,0,0,16,21,2
1,1,1,12.7,0,0,1,2,6
12,1,12,23.7,0,0,0,13,5
16,2,16,29.7,0,0,4,44,3
6,6,6,14.9,0,0,0,16,5
6,1,6,13.1,0,0,0,25,8
9,2,9,11.4,0,0,2,5,3
20,5,20,13.4,1,0,2,5,3
15,2,15,19.7,0,0,0,16,8
0,0,0,13.9,0,0,18,32,6
20,4,20,26.0,0,0,2,44,3
10,2,10,13.9,0,0,2,5,3
5,1,5,5.6,0,0,6,9,15
1,3,1,11.5,0,0,23,41,15
9,1,9,9.9,0,0,0,8,5
12,5,12,28.1,0,0,0,11,5
7,3,7,3.7,0,0,4,5,3
12,2,12,20.9,0,0,0,5,5
15,3,15,31.4,0,0,7,0,7
6,2,6,3.3,0,0,0,12,8
0,6,0,20.2,0,0,2,21,3
5,3,5,6.8,0,0,4,21,3
22,0,22,16.6,0,0,16,21,2
14,3,14,19.5,1,2,0,1,0
6,2,6,10.2,0,0,4,5,2
6,0,6,1.7,0,0,0,5,8
11,6,11,14.3,0,0,0,5,8
21,4,21,7.1,0,0,0,8,8
15,1,15,21.1,0,2,0,34,5
17,0,17,8.1,0,0,0,33,8
21,5,21,11.2,0,0,14,24,9
12,2,12,7.8,0,0,0,11,8
7,6,7,9.7,0,0,0,33,8
5,3,5,14.1,0,0,2,7,2
10,0,10,15.5,0,0,2,34,3
15,5,15,31.4,0,0,0,9,5
11,5,11,10.9,0,0,0,21,8
19,6,19,8.9,0,0,2,54,3
0,6,0,13.5,0,0,0,43,14
13,2,13,13.3,0,0,2,36,3
4,4,4,15.4,0,0,1,2,1
14,4,14,15.5,0,0,4,8,3
18,0,18,19.1,0,0,2,7,3
1,1,1,14.7,0,0,15,6,3
23,3,23,10.5,0,0,7,10,7
5,0,5,15.6,0,0,0,7,5
4,1,4,11.3,0,0,1,2,1
7,1,7,11.0,0,0,24,47,23
17,3,17,19.0,0,0,0,11,8
6,0,6,8.6,0,0,0,66,14
0,1,0,15.0,0,0,23,41,15
5,1,5,5.6,0,0,2,7,3
7,1,7,9.2,0,0,24,47,23
17,6,17,24.3,0,0,16,11,8
14,4,14,23.9,0,0,0,5,8
11,0,11,24.9,0,0,0,44,8
1,0,1,17.5,0,0,0,37,0
6,4,6,8.2,0,0,0,5,8
4,1,4,13.3,0,0,0,7,5
12,3,12,10.0,1,2,4,5,3
6,4,6,8.2,0,0,0,8,8
16,2,16,11.5,0,0,2,33,3
6,2,6,9.2,0,0,0,8,8
8,3,8,15.2,0,0,0,9,8
12,4,12,15.0,0,0,2,33,3
12,0,12,25.8,0,0,0,32,8
18,1,18,31.2,0,1,2,54,3
11,0,11,20.8,0,0,2,16,2
6,3,6,3.5,0,0,0,8,5
16,2,16,13.7,0,0,0,3,8
21,3,21,9.0,0,0,2,12,3
1,4,1,9.3,0,0,0,1,0
10,6,10,24.4,0,0,8,0,9
16,3,16,15.9,0,0,2,44,2
16,5,16,19.1,0,0,0,13,5
23,0,23,11.4,0,0,2,21,3
19,4,19,10.2,0,0,16,21,8
6,1,6,3.7,0,0,2,7,3
0,1,0,6.9,0,0,1,2,6
4,3,4,9.3,0,0,0,7,8
13,0,13,23.8,0,0,16,21,8
13,0,13,21.4,0,0,0,33,5
20,6,20,19.4,0,0,2,21,3
6,6,6,5.5,0,0,2,7,2
21,6,21,18.0,0,0,16,21,8
15,0,15,27.0,0,0,0,78,5
19,6,19,14.1,0,0,0,44,5
23,4,23,9.4,0,0,4,5,3
0,2,0,7.8,0,0,23,41,15
21,0,21,17.5,0,0,6,9,5
16,1,16,31.4,0,0,0,7,8
7,1,7,14.4,0,0,4,7,3
4,0,4,7.9,0,0,0,3,8
10,2,10,9.6,0,0,0,44,5
20,1,20,11.3,0,0,0,4,8
17,4,17,24.4,0,0,0,11,8
18,1,18,16.6,0,0,0,7,8
19,2,19,15.5,0,0,2,8,2
22,1,22,11.9,0,0,7,36,7
5,6,5,13.0,0,0,1,2,6
18,1,18,13.5,0,0,0,13,8
7,1,7,2.3,0,0,0,8,8
23,5,23,8.2,0,0,0,43,14
15,0,15,16.5,0,0,0,44,8
22,2,22,9.8,0,0,11,0,14
12,0,12,25.9,0,0,0,13,8
7,5,7,2.9,0,0,0,3,8
14,1,14,11.1,0,0,2,33,3
10,3,10,8.8,0,0,0,25,8
23,5,23,4.2,0,0,0,0,0
15,0,15,33.1,0,0,2,33,2
17,6,17,12.3,0,0,2,44,2
10,1,10,12.5,0,0,0,34,5
15,5,15,17.2,0,0,2,7,2
1,6,1,13.6,0,0,0,1,0
23,1,23,10.5,0,0,0,36,5
5,1,5,13.1,0,0,0,7,8
16,4,16,16.2,0,0,0,11,8
5,2,5,8.1,0,0,16,21,3
14,2,14,11.4,0,0,2,44,3
9,6,9,14.3,0,0,0,8,8
19,0,19,13.0,0,0,2,4,3
20,0,20,18.9,0,0,0,3,5
2,0,2,4.9,0,0,1,2,1
14,2,14,28.2,0,1,33,62,0
12,2,12,24.5,0,0,4,11,2
6,3,6,7.7,0,0,0,3,8
6,0,6,13.1,0,0,16,21,8
12,0,12,27.8,0,0,0,3,8
23,3,23,15.1,0,0,11,23,14
7,6,7,13.0,0,0,2,33,2
9,1,9,6.9,0,0,0,5,8
11,5,11,12.7,0,0,4,63,3
3,2,3,8.4,0,0,2,6,3
12,6,12,27.8,0,1,2,11,3
6,4,6,10.7,0,0,0,7,8
10,0,10,10.8,0,0,2,34,2
6,2,6,9.5,0,0,4,21,2
8,2,8,4.3,0,0,0,45,5
0,2,0,12.1,0,0,1,2,6
11,6,11,21.2,0,0,0,0,0
15,0,15,25.6,0,0,4,54,5
10,2,10,11.3,0,0,0,13,8
11,3,11,27.2,0,0,0,33,5
15,3,15,10.1,0,0,4,5,2
19,5,19,26.6,0,0,2,33,3
4,2,4,13.8,0,0,2,7,2
11,4,11,19.1,0,0,2,16,2
12,3,12,12.4,0,0,0,32,5
3,3,3,13.6,0,0,15,14,3
13,0,13,21.9,0,0,0,13,8
23,0,23,10.5,0,0,18,32,6
8,5,8,17.4,0,0,0,44,8
19,4,19,10.6,0,0,0,16,8
10,0,10,10.3,0,0,4,8,5
14,0,14,30.4,0,0,0,9,5
4,6,4,11.1,0,0,0,4,8
19,3,19,28.5,0,0,2,5,3
8,2,8,10.8,0,0,0,44,5
6,2,6,11.4,0,0,4,21,2
4,3,4,9.0,0,0,0,4,8
18,3,18,31.7,0,0,0,32,5
16,4,16,27.8,0,0,4,8,3
9,1,9,10.0,0,0,0,32,5
4,2,4,13.1,0,0,2,5,3
16,1,16,30.1,0,0,4,3,2
17,5,17,14.5,0,0,0,44,8
7,0,7,9.9,0,0,2,5,2
6,1,6,5.7,0,0,16,21,2
10,3,10,9.4,0,0,0,8,5
18,6,18,12.3,0,0,2,44,3
5,1,5,13.1,0,0,4,3,5
14,6,14,15.7,0,0,0,45,5
6,5,6,12.5,0,0,4,7,3
8,2,8,10.0,0,0,4,14,3
11,5,11,13.9,0,0,1,2,1
7,4,7,7.6,1,2,0,4,5
7,0,7,14.2,0,0,19,28,63
12,3,12,11.0,0,0,0,29,8
18,3,18,13.1,0,0,16,21,5
17,5,17,14.0,0,0,0,5,8
16,4,16,27.4,0,0,15,6,3
7,6,7,1.7,0,0,0,13,8
4,5,4,1.9,0,0,0,12,5
16,2,16,28.4,0,0,0,11,5
3,5,3,13.8,0,0,16,21,2
20,0,20,8.3,0,0,0,8,5
5,1,5,10.3,0,0,0,4,8
13,2,13,31.1,0,1,2,44,3
4,4,4,6.1,0,0,0,5,5
7,2,7,9.6,0,0,0,13,8
14,5,14,20.4,0,0,2,58,3
9,4,9,9.4,0,0,0,30,5
13,0,13,13.4,0,0,0,61,5
6,1,6,11.7,0,0,2,9,2
6,2,6,9.3,0,0,2,5,3
5,3,5,5.7,0,0,6,9,5
6,3,6,15.5,0,0,0,45,5
5,1,5,19.4,0,0,2,10,3
7,2,7,12.9,0,0,0,30,5
13,0,13,26.1,0,0,0,21,8
17,6,17,24.5,0,0,2,8,3
13,1,13,24.0,0,0,2,36,3
22,4,22,20.9,0,0,11,0,12
5,6,5,10.6,0,0,0,3,8
17,6,17,9.4,0,0,2,44,3
10,0,10,16.0,0,0,0,45,5
8,4,8,5.6,0,0,0,54,5
2,1,2,11.7,0,0,10,5,17
8,5,8,12.9,0,0,4,5,3
9,4,9,8.0,0,0,27,36,0
17,6,17,24.2,0,0,2,11,2
20,5,20,23.4,0,0,2,5,3
5,5,5,2.5,0,0,0,11,8
6,0,6,11.7,0,0,2,9,2
5,6,5,10.3,0,0,0,11,8
9,6,9,12.0,0,0,2,16,2
6,4,6,7.5,0,0,4,32,5
4,2,4,7.2,0,0,0,5,8
22,6,22,8.5,0,0,0,25,5
13,1,13,10.0,1,2,15,6,3
8,0,8,8.3,0,0,2,5,2
5,3,5,17.4,0,0,0,42,5
3,2,3,18.3,0,0,21,36,7
19,6,19,8.5,0,0,0,5,8
12,6,12,27.8,0,1,26,49,12
21,2,21,17.3,0,0,0,17,0
10,6,10,17.6,0,0,2,30,3
10,0,10,8.2,0,0,0,21,14
20,5,20,16.5,0,0,45,36,6
19,2,19,19.5,0,0,16,21,8
11,1,11,18.7,0,0,4,63,3
22,2,22,17.3,0,0,11,0,12
7,0,7,11.4,0,0,6,9,5
10,2,10,6.2,0,0,27,36,0
6,6,6,12.6,0,0,16,21,8
16,5,16,18.9,0,0,4,44,3
17,3,17,12.6,0,0,0,13,8
0,0,0,8.8,0,0,15,6,3
11,1,11,13.7,0,0,4,63,5
6,4,6,10.6,0,0,0,5,8
5,1,5,5.5,0,0,16,21,2
8,2,8,7.3,0,0,0,32,5
7,6,7,10.8,0,0,0,5,8
14,0,14,14.2,0,0,0,9,8
8,4,8,8.5,0,0,2,7,2
20,0,20,6.8,0,0,4,16,5
0,4,0,10.8,1,2,16,21,8
5,4,5,6.8,0,0,2,11,2
10,5,10,11.4,0,0,0,4,8
21,1,21,10.0,1,2,4,7,5
19,4,19,25.1,0,1,0,5,8
20,4,20,7.1,0,0,2,9,2
15,3,15,28.0,0,0,2,3,3
10,6,10,17.4,0,0,0,13,8
18,6,18,23.3,0,0,0,44,8
17,5,17,15.8,0,0,6,9,0
23,4,23,10.4,0,0,0,22,14
16,0,16,14.9,0,0,2,13,3
14,2,14,19.4,0,0,18,32,6
4,6,4,8.4,0,0,0,7,8
16,2,16,29.7,0,0,10,44,17
18,2,18,6.4,0,0,4,32,3
8,0,8,15.1,0,0,0,32,8
21,5,21,12.2,0,0,14,24,9
12,0,12,27.7,0,0,2,44,3
18,0,18,12.1,0,0,0,13,5
16,1,16,11.1,0,0,0,7,8
13,5,13,14.1,0,0,2,36,3
15,4,15,25.7,0,0,2,9,3
15,5,15,20.4,0,0,16,21,8
12,5,12,23.8,0,1,7,0,7
18,1,18,11.3,0,0,0,3,5
17,4,17,27.0,0,0,9,0,18
15,5,15,16.0,0,0,16,10,5
13,4,13,10.0,1,2,6,93,5
7,2,7,11.8,0,0,0,13,8
6,0,6,6.8,0,0,4,5,2
7,0,7,7.5,0,0,0,36,8
12,3,12,29.2,0,0,18,32,6
0,3,0,16.1,0,0,0,22,14
18,3,18,22.3,0,0,0,13,8
11,0,11,19.4,0,0,0,44,5
0,6,0,15.9,0,0,11,23,14
13,6,13,12.7,0,0,0,45,5
14,1,14,11.6,0,0,2,33,3
21,0,21,9.5,0,0,7,6,7
3,0,3,12.8,0,0,5,9,4
6,4,6,2.1,0,0,2,5,3
22,4,22,5.5,0,0,23,41,15
8,0,8,9.9,0,0,0,44,8
16,0,16,27.3,0,0,0,44,8
11,5,11,22.4,0,0,13,19,54
22,0,22,5.6,0,0,0,7,8
5,2,5,8.2,0,0,6,9,5
13,5,13,27.9,0,0,0,5,8
5,2,5,9.3,0,0,0,32,5
22,3,22,12.6,0,0,35,43,0
9,6,9,12.0,0,0,0,8,8
5,5,5,8.5,0,0,2,4,3
18,5,18,14.9,0,0,0,25,8
17,1,17,17.7,0,0,0,13,8
6,1,6,9.5,0,0,0,5,8
6,4,6,4.6,0,0,15,6,3
22,3,22,9.7,1,2,0,11,8
21,0,21,17.1,0,0,10,7,17
12,1,12,24.7,0,0,2,44,3
4,0,4,11.2,0,0,2,11,2
6,6,6,5.7,0,0,0,7,8
9,5,9,23.2,0,0,0,13,5
16,2,16,25.7,0,0,4,7,3
16,0,16,26.7,0,1,7,6,7
21,5,21,7.3,0,0,14,24,9
11,1,11,22.0,0,0,0,8,8
12,0,12,19.9,0,0,0,11,5
10,0,10,15.2,0,0,0,5,8
23,6,23,7.7,0,0,0,0,0
11,5,11,10.7,0,0,2,34,3
0,3,0,10.2,0,0,23,41,15
4,2,4,12.0,0,0,0,7,8
6,0,6,13.4,0,0,16,21,5
5,5,5,12.8,0,0,1,2,6
8,0,8,4.6,0,0,0,8,8
7,1,7,15.9,0,0,0,5,8
23,1,23,7.1,0,0,0,22,0
1,4,1,13.7,0,0,15,6,3
6,2,6,5.7,0,0,0,3,8
10,5,10,6.6,0,0,0,16,8
1,5,1,6.5,1,2,0,16,8
1,0,1,7.2,0,0,16,21,8
23,1,23,10.1,0,0,0,22,14
19,2,19,19.0,0,0,0,8,8
5,5,5,5.9,0,0,0,4,8
5,5,5,1.3,0,0,4,21,2
12,1,12,17.1,0,0,0,44,5
16,6,16,21.7,0,0,0,12,5
12,1,12,17.8,0,0,0,32,5
5,5,5,15.5,0,0,4,11,2
0,2,0,15.7,0,0,0,25,8
6,5,6,6.3,0,0,15,6,14
5,4,5,3.7,0,0,0,36,8
11,4,11,17.0,0,0,0,0,0
6,1,6,9.5,0,0,0,7,8
23,4,23,17.4,0,0,11,0,12
17,1,17,16.9,0,0,2,12,2
7,5,7,3.8,0,0,0,16,8
14,4,14,20.9,0,0,9,0,18
7,3,7,3.1,0,0,0,16,5
20,1,20,11.2,0,0,2,9,2
15,5,15,31.4,0,0,2,12,2
5,1,5,11.1,0,0,4,7,3
17,1,17,10.2,0,0,16,11,8
6,0,6,6.9,0,0,4,11,3
19,4,19,13.4,0,0,2,4,3
4,1,4,4.9,0,0,0,25,8
18,5,18,11.0,0,0,7,0,7
6,4,6,13.2,0,0,4,11,2
9,2,9,10.0,0,0,0,9,8
11,2,11,23.0,0,0,14,24,9
4,4,4,12.4,0,0,0,4,8
4,4,4,16.6,0,0,0,4,5
7,0,7,11.9,0,0,2,8,3
5,3,5,1.6,0,0,0,3,8
14,4,14,16.9,0,0,2,54,3
5,5,5,16.5,0,0,4,11,2
13,2,13,20.1,0,0,0,34,5
9,5,9,7.5,0,0,4,44,5
19,0,19,28.8,0,0,2,5,3
13,3,13,11.7,0,0,0,9,5
16,3,16,24.2,0,0,4,44,3
8,1,8,9.5,0,0,0,13,8
11,0,11,24.8,0,0,0,5,8
11,4,11,15.2,0,0,0,5,8
10,6,10,12.4,0,0,0,5,5
19,3,19,10.2,0,0,2,32,3
15,5,15,17.2,0,0,2,34,3
18,6,18,15.6,0,0,0,44,8
1,6,1,12.5,0,0,1,2,6
16,3,16,15.9,0,0,0,21,8
23,4,23,18.1,0,0,9,0,10
19,5,19,9.8,0,0,2,54,3
19,6,19,12.2,0,0,2,4,3
5,4,5,8.1,0,0,0,7,8
5,3,5,3.9,0,0,4,10,5
5,2,5,11.8,0,0,4,5,5
5,5,5,2.5,0,0,0,5,8
5,2,5,11.9,0,0,0,16,5
16,6,16,26.1,0,0,6,93,5
20,5,20,21.2,0,0,2,8,3
5,3,5,14.6,0,0,0,5,8
0,5,0,16.7,0,0,11,23,14
19,1,19,22.6,0,0,0,4,8
18,3,18,24.7,0,1,0,44,8
6,2,6,8.1,0,0,0,3,8
12,4,12,21.0,0,0,10,28,34
6,2,6,3.6,0,0,0,12,8
1,5,1,5.5,0,0,16,21,8
14,4,14,20.9,0,0,0,5,8
12,5,12,15.7,0,0,0,7,8
10,2,10,16.7,0,1,0,12,5
9,2,9,14.0,0,0,16,21,8
2,5,2,6.2,1,2,1,2,6
10,0,10,12.6,0,0,0,21,0
18,4,18,24.6,0,0,2,12,2
9,1,9,12.5,0,0,0,54,5
16,6,16,24.9,0,0,4,9,2
11,1,11,18.4,0,0,14,17,13
14,6,14,15.2,0,0,4,21,2
5,4,5,14.3,0,0,4,11,2
2,6,2,18.6,0,0,1,2,6
12,6,12,14.3,0,0,0,3,8
16,6,16,19.8,0,0,28,55,0
19,0,19,9.3,0,0,2,32,3
17,1,17,19.1,0,0,4,3,2
17,3,17,27.0,0,0,0,78,5
16,2,16,11.0,0,0,0,21,0
5,5,5,7.0,0,0,6,9,5
5,5,5,6.4,0,0,0,16,8
1,2,1,11.7,0,0,2,21,3
4,2,4,9.1,0,0,0,5,5
12,6,12,11.3,0,0,0,11,8
12,5,12,22.4,0,1,0,11,8
12,0,12,21.6,0,0,0,21,0
15,4,15,30.8,0,0,0,8,8
16,5,16,15.0,0,0,2,16,3
20,4,20,14.6,0,0,0,9,14
14,1,14,19.3,0,0,4,7,5
18,4,18,29.7,0,0,0,13,5
9,4,9,20.6,1,2,0,25,5
4,6,4,16.2,0,0,0,3,8
18,0,18,24.4,0,0,6,9,0
1,3,1,9.1,0,0,0,6,14
6,3,6,16.8,0,0,0,5,8
6,1,6,12.7,0,0,4,32,2
4,1,4,10.1,0,0,0,27,5
6,4,6,9.0,0,0,0,36,8
16,0,16,27.0,0,0,16,10,8
16,5,16,24.8,0,0,2,9,2
16,6,16,18.3,0,0,0,34,5
0,1,0,10.6,0,0,15,6,3
19,4,19,18.7,0,0,16,11,5
15,0,15,21.0,0,0,16,10,5
14,2,14,15.1,0,0,0,9,8
11,5,11,11.7,0,0,0,0,0
23,1,23,10.1,0,0,2,16,2
23,0,23,17.0,0,0,7,6,7
16,6,16,25.7,0,0,4,44,2
11,4,11,21.7,0,0,10,35,43
18,0,18,24.4,0,0,0,13,5
7,3,7,1.7,0,0,0,13,8
11,1,11,13.2,0,0,10,81,34
17,3,17,13.9,0,0,2,58,3
1,5,1,15.4,0,0,15,6,3
15,1,15,14.5,0,0,16,21,8
9,1,9,18.9,0,0,0,54,5
8,3,8,8.7,0,0,4,5,3
6,0,6,11.4,0,0,0,7,8
6,3,6,8.8,0,0,0,16,8
18,4,18,26.2,0,0,16,21,8
17,0,17,17.7,0,0,0,16,5
18,1,18,19.8,0,0,0,16,8
5,1,5,5.6,0,0,0,5,5
8,1,8,12.0,0,0,2,4,2
7,1,7,5.5,0,0,0,13,8
5,1,5,4.4,0,0,4,11,2
5,1,5,4.4,0,0,2,9,2
5,3,5,7.4,0,0,6,9,5
17,1,17,19.5,0,0,0,3,8
14,5,14,19.2,0,0,6,93,5
19,6,19,11.0,0,0,16,21,8
11,0,11,15.7,0,0,0,21,8
16,5,16,12.5,0,0,0,8,8
12,1,12,18.9,0,0,0,7,8
11,5,11,14.0,0,0,2,44,3
16,5,16,30.2,0,0,0,6,14
13,2,13,16.4,0,0,18,32,26
9,2,9,9.9,0,0,2,5,3
18,5,18,28.1,0,0,0,13,8
18,6,18,24.7,0,0,0,12,8
18,4,18,18.8,0,0,2,8,3
7,0,7,6.7,0,0,0,16,5
15,2,15,14.9,0,0,16,10,5
16,4,16,25.8,0,0,0,6,14
5,4,5,11.1,0,0,4,8,3
6,2,6,12.8,0,0,6,9,5
17,0,17,30.6,0,0,0,21,0
4,1,4,12.3,0,0,0,4,5
15,1,15,14.0,0,0,16,10,8
22,1,22,12.3,0,0,2,8,3
6,1,6,8.8,0,0,4,7,3
12,2,12,27.3,1,0,2,58,2
11,1,11,11.4,0,0,4,63,3
15,5,15,20.5,0,0,18,32,26
2,0,2,11.9,0,0,0,1,0
5,1,5,9.3,0,0,0,7,8
16,6,16,21.7,0,0,0,32,5
13,3,13,17.4,0,0,0,5,8
18,5,18,16.4,0,1,0,13,8
10,4,10,13.6,0,0,0,12,5
13,0,13,15.4,0,0,2,44,2
5,2,5,1.0,0,0,2,7,2
0,5,0,16.6,0,0,0,43,14
10,2,10,9.9,0,0,2,30,3
6,4,6,13.2,0,0,0,4,8
10,5,10,21.0,0,0,10,7,17
8,6,8,8.6,0,0,0,10,5
4,3,4,15.7,0,0,0,3,8
11,2,11,20.4,0,0,0,0,0
8,6,8,7.0,0,0,0,54,5
20,5,20,16.9,0,0,2,3,3
5,3,5,7.5,0,0,0,52,5
7,4,7,5.4,0,0,0,3,8
17,0,17,32.9,0,0,0,6,14
17,5,17,21.8,0,0,4,32,3
12,4,12,14.8,0,0,16,21,8
6,0,6,3.9,0,0,4,5,2
23,4,23,9.3,0,0,0,22,14
15,0,15,20.3,0,0,4,54,3
20,4,20,22.4,0,0,0,25,8
16,2,16,7.1,0,0,0,33,5
11,5,11,19.3,0,0,2,16,2
14,0,14,19.6,0,0,0,44,5
22,3,22,6.6,0,0,6,9,5
5,1,5,4.7,0,0,16,21,8
11,5,11,10.2,0,0,0,53,0
15,5,15,23.9,0,0,16,21,8
23,2,23,13.0,0,0,16,21,3
6,2,6,3.6,0,0,4,32,5
7,0,7,14.6,0,1,0,5,5
7,3,7,13.3,0,1,2,16,3
9,3,9,4.5,0,0,0,10,5
0,3,0,5.8,0,0,23,41,15
15,5,15,17.5,0,0,2,13,3
8,2,8,3.4,0,0,4,5,3
9,4,9,11.7,0,0,0,53,0
16,5,16,28.2,0,0,0,4,8
5,0,5,4.3,0,0,15,14,3
2,6,2,13.5,0,0,1,2,6
21,1,21,20.8,0,0,13,19,13
8,4,8,0.8,0,0,2,16,3
19,5,19,21.7,0,0,0,7,8
0,4,0,10.9,0,0,1,2,6
9,3,9,15.1,0,0,0,32,5
18,3,18,8.4,0,0,0,44,8
7,4,7,3.6,0,0,0,3,8
5,1,5,11.1,0,0,0,9,3
19,2,19,11.7,0,0,4,32,3
19,5,19,8.1,0,0,0,54,5
12,6,12,14.2,0,0,0,11,8
12,5,12,13.1,0,0,2,16,2
20,6,20,28.5,0,0,0,5,8
5,4,5,16.1,0,0,0,11,8
18,2,18,12.9,0,0,0,21,5
15,6,15,16.6,0,0,16,10,5
15,0,15,14.6,0,0,2,44,2
8,3,8,8.6,0,0,2,16,3
20,5,20,6.8,0,0,2,9,3
13,0,13,24.4,0,0,26,49,13
14,3,14,13.2,0,0,0,7,8
9,5,9,13.3,0,0,0,9,5
16,1,16,20.6,0,0,4,7,3
5,4,5,8.2,0,0,16,21,8
16,0,16,30.3,0,0,2,13,3
13,4,13,17.5,0,0,7,0,7
16,6,16,16.2,0,0,7,26,7
17,3,17,17.5,0,0,2,44,3
11,1,11,11.3,0,0,10,25,55
10,4,10,15.7,0,0,0,5,8
20,5,20,9.2,0,0,6,9,5
15,4,15,24.6,0,0,0,5,8
11,4,11,24.2,0,0,0,54,8
5,0,5,12.0,0,0,5,9,4
20,5,20,20.7,0,0,2,33,3
8,4,8,8.5,0,0,10,134,71
7,3,7,15.5,0,1,16,21,8
18,5,18,16.2,0,0,2,4,3
12,0,12,19.3,0,0,0,44,8
15,2,15,21.7,0,0,4,5,2
16,3,16,29.2,0,1,4,13,2
14,2,14,14.5,0,0,2,5,3
5,6,5,5.4,0,0,4,12,2
6,0,6,13.6,0,0,0,7,8
5,4,5,2.2,0,0,0,7,8
16,2,16,31.5,0,0,2,44,3
18,6,18,23.0,0,0,0,33,8
7,4,7,12.0,0,1,0,7,5
8,1,8,11.1,0,0,0,10,5
23,3,23,15.9,0,0,0,0,0
10,0,10,21.4,0,0,4,5,3
16,5,16,24.8,0,0,4,44,3
20,0,20,22.5,0,0,2,16,3
9,6,9,8.9,0,0,2,3,3
1,6,1,3.4,0,0,0,1,0
22,3,22,20.1,0,1,12,18,7
14,1,14,20.6,0,0,7,0,7
10,6,10,12.0,0,0,27,36,0
8,6,8,15.7,0,0,2,29,3
8,5,8,18.6,0,0,0,10,5
8,1,8,13.2,0,0,0,53,14
7,2,7,12.6,0,0,0,13,5
17,5,17,32.7,0,0,0,6,9
23,4,23,15.8,0,0,16,21,3
5,0,5,7.8,0,0,6,9,15
2,0,2,14.6,0,0,3,6,4
19,5,19,26.2,0,0,2,4,3
13,0,13,30.3,0,0,24,25,23
20,5,20,8.7,0,0,0,4,5
5,0,5,16.4,0,0,7,36,7
1,6,1,19.1,0,0,9,0,10
9,2,9,17.4,0,0,40,0,10
13,0,13,29.5,0,0,0,29,8
9,1,9,16.1,0,0,0,32,5
16,1,16,17.1,0,0,0,17,14
15,2,15,20.8,0,0,2,44,2
13,4,13,7.1,0,0,0,61,8
9,5,9,10.5,0,0,0,16,8
19,1,19,13.7,0,0,0,44,5
1,0,1,17.4,0,0,15,6,3
12,0,12,23.9,0,0,0,13,8
4,2,4,10.5,0,0,0,5,8
5,1,5,4.8,0,0,4,10,3
19,2,19,18.0,0,0,0,61,5
22,6,22,11.2,0,0,3,6,4
19,5,19,13.1,0,0,2,54,3
6,6,6,2.1,0,0,2,21,3
6,1,6,6.4,0,0,0,8,5
6,4,6,4.3,0,0,16,21,8
1,3,1,14.5,0,0,16,21,8
12,4,12,14.3,0,0,0,32,5
6,1,6,9.1,0,0,2,8,3
5,1,5,9.3,0,0,4,21,3
12,5,12,28.9,0,0,0,32,5
8,0,8,5.0,0,0,0,10,5
8,6,8,8.0,0,0,7,36,7
5,0,5,4.1,0,0,4,12,3
4,2,4,13.8,0,0,2,7,3
20,0,20,21.4,0,1,2,8,3
4,5,4,3.4,0,0,0,4,5
12,6,12,11.6,0,0,16,21,8
17,4,17,15.6,0,0,0,8,8
13,6,13,14.8,0,0,0,12,5
7,2,7,11.4,0,0,0,8,8
17,0,17,12.0,0,0,0,21,8
5,3,5,2.4,0,0,0,5,8
16,1,16,19.6,0,0,0,33,8
5,3,5,8.8,0,0,0,32,5
9,0,9,19.9,0,0,9,9,10
13,0,13,15.1,0,0,26,49,13
19,6,19,8.7,0,0,2,16,2
23,1,23,9.3,0,0,0,0,0
4,0,4,15.1,0,0,2,4,3
9,4,9,5.9,0,0,10,54,21
21,6,21,10.5,0,0,4,7,3
6,5,6,13.3,0,0,1,2,6
23,2,23,10.9,1,2,1,2,6
17,0,17,8.3,0,0,4,38,3
9,4,9,8.7,0,0,20,0,7
6,4,6,4.6,0,0,4,5,2
23,1,23,9.8,0,0,14,17,13
6,4,6,13.4,0,0,2,3,2
23,2,23,16.4,0,0,9,0,18
4,2,4,8.5,0,0,0,4,8
11,0,11,17.4,0,0,0,0,0
1,3,1,15.9,0,0,9,0,18
11,1,11,13.7,0,0,0,21,8
16,5,16,28.8,0,0,0,6,14
7,5,7,6.8,0,0,15,6,14
10,5,10,14.2,0,0,10,96,43
18,0,18,22.1,0,0,0,13,8
4,3,4,10.2,0,0,0,3,8
7,5,7,14.8,0,0,2,33,3
4,2,4,6.3,0,0,0,3,8
12,5,12,22.8,0,0,0,13,8
5,3,5,12.5,0,0,6,9,5
19,2,19,19.4,0,0,0,32,5
7,0,7,1.6,0,0,0,5,8
7,4,7,11.6,0,0,16,21,8
22,4,22,5.7,0,0,0,7,5
5,4,5,8.0,0,0,6,9,5
11,5,11,15.6,0,0,4,5,2
12,0,12,16.6,0,0,2,7,3
5,0,5,17.1,0,0,0,7,5
18,0,18,18.8,0,0,16,21,2
1,2,1,8.2,0,0,0,37,0
20,2,20,10.5,0,0,2,9,3
8,4,8,8.0,0,0,0,32,5
10,4,10,9.3,0,0,0,53,14
9,0,9,24.3,0,0,0,7,5
7,2,7,10.0,0,0,0,7,8
22,5,22,18.5,1,0,0,76,0
18,1,18,21.8,0,0,16,11,8
8,6,8,8.2,0,0,4,14,3
22,3,22,18.9,0,0,0,25,8
8,5,8,13.1,0,0,17,2,7
5,0,5,3.4,0,0,4,11,2
7,4,7,13.8,0,0,6,9,5
6,1,6,5.1,0,0,2,21,2
19,0,19,15.0,0,0,2,32,3
22,6,22,9.2,0,0,23,41,15
13,0,13,8.1,0,0,4,11,5
9,1,9,21.0,0,0,0,21,8
14,3,14,12.3,0,0,16,21,8
22,1,22,10.5,0,0,10,3,11
12,4,12,29.0,0,1,26,49,12
8,4,8,13.9,0,0,19,95,64
10,6,10,15.9,0,0,0,21,0
7,3,7,11.0,0,0,0,91,5
8,0,8,14.3,0,0,7,0,7
1,2,1,15.5,0,0,1,2,1
23,1,23,10.5,0,0,11,0,14
16,1,16,21.3,0,0,9,0,18
4,0,4,9.9,0,0,0,12,5
9,0,9,6.4,0,0,0,9,8
12,4,12,21.4,0,0,26,49,13
15,4,15,27.1,0,0,0,33,8
20,0,20,11.4,0,0,2,9,3
17,5,17,26.7,0,0,4,5,3
6,6,6,12.7,0,0,4,6,3
4,1,4,8.0,0,0,6,9,5
12,3,12,21.3,0,0,10,35,17
19,5,19,24.9,0,0,9,0,18
10,0,10,19.2,0,0,0,7,5
7,0,7,5.4,0,0,0,7,5
18,5,18,19.0,0,0,0,7,8
20,4,20,14.0,0,0,2,44,3
18,0,18,18.3,0,1,16,11,5
12,5,12,24.8,0,0,14,24,9
20,0,20,22.2,0,0,0,36,8
20,6,20,20.2,0,0,0,8,5
19,5,19,13.7,0,0,4,3,3
20,6,20,23.3,0,0,0,25,5
18,3,18,25.3,0,0,0,33,8
5,3,5,9.9,0,0,0,5,5
16,1,16,5.0,0,0,2,13,3
16,1,16,20.2,0,0,28,55,0
1,6,1,8.5,0,0,0,20,0
12,3,12,12.2,0,0,0,11,8
5,3,5,15.3,0,0,1,2,6
14,6,14,27.5,0,0,33,62,0
15,4,15,17.8,0,0,0,45,5
5,1,5,5.5,0,0,2,10,3
18,1,18,16.3,0,0,0,32,5
12,6,12,14.3,0,0,7,0,7
15,6,15,11.5,0,0,0,13,8
20,2,20,11.0,0,0,2,5,3
13,6,13,11.1,0,0,0,45,5
16,5,16,20.2,0,0,0,45,5
4,4,4,5.4,0,0,0,4,8
11,5,11,17.1,0,0,4,5,2
12,0,12,23.9,0,0,7,0,7
14,3,14,12.3,0,0,16,21,8
16,2,16,11.0,0,0,0,8,8
13,3,13,11.7,1,0,2,5,2
21,3,21,9.5,0,0,0,9,8
4,6,4,8.4,0,0,0,4,5
13,2,13,19.4,0,0,26,49,13
18,1,18,26.6,0,1,2,54,3
10,6,10,23.8,0,1,0,57,0
13,2,13,18.0,0,0,4,5,3
16,3,16,14.4,0,0,0,13,8
19,3,19,23.8,0,0,2,32,3
14,3,14,25.7,0,0,2,36,2
1,1,1,11.3,0,0,1,2,6
23,6,23,9.8,0,0,0,20,14
5,4,5,3.7,0,0,6,9,5
23,1,23,16.8,0,0,12,18,7
13,6,13,15.0,0,0,0,33,8
6,4,6,10.9,0,0,0,9,5
18,5,18,14.9,0,0,2,33,3
13,1,13,13.2,0,0,0,7,8
4,4,4,8.7,0,0,0,4,5
5,1,5,9.6,0,0,4,10,2
19,6,19,9.8,0,0,2,32,3
7,3,7,3.5,0,0,2,5,3
19,5,19,12.9,0,0,2,32,3
11,5,11,12.1,0,0,2,16,3
18,1,18,4.0,0,0,16,11,2
17,6,17,28.2,0,0,4,38,2
15,5,15,17.1,0,0,2,44,3
4,3,4,12.4,0,0,0,16,5
11,2,11,15.9,0,0,0,25,8
15,3,15,27.0,0,0,2,36,2
7,0,7,3.5,0,0,2,5,3
17,2,17,14.1,0,0,16,11,3
7,0,7,10.0,0,0,0,13,8
12,6,12,21.4,0,0,16,21,8
8,3,8,4.9,0,0,2,16,3
15,2,15,11.6,0,0,6,93,5
5,6,5,16.6,0,0,2,5,3
5,2,5,9.2,0,0,6,9,5
18,0,18,23.7,0,0,2,4,3
11,3,11,22.3,0,0,0,8,8
4,3,4,18.0,0,0,2,7,3
1,6,1,19.4,0,0,0,1,0
16,2,16,20.4,0,0,6,93,5
8,5,8,5.6,0,0,0,32,5
7,5,7,3.9,0,0,4,21,2
14,1,14,30.3,0,0,2,12,2
14,0,14,15.7,0,0,2,34,3
11,1,11,15.0,0,0,0,0,0
9,1,9,13.8,0,0,19,8,63
5,0,5,13.3,0,0,1,2,6
6,4,6,10.3,0,0,2,3,2
7,2,7,9.2,0,0,4,7,3
0,1,0,18.7,0,0,7,0,7
12,3,12,9.4,0,0,26,49,13
6,5,6,9.5,0,0,2,3,3
6,2,6,12.8,0,0,0,12,8
17,0,17,23.9,0,0,2,33,3
14,4,14,23.1,0,0,2,33,2
10,1,10,21.8,0,0,10,48,28
5,2,5,4.4,0,0,2,3,3
16,0,16,12.0,0,0,2,5,3
14,3,14,23.0,0,0,4,3,2
17,1,17,26.8,0,0,4,3,3
18,5,18,8.0,0,0,0,25,8
19,1,19,13.6,0,0,0,17,0
19,5,19,23.3,0,1,2,32,3
5,3,5,11.4,0,0,1,2,6
6,1,6,5.8,0,0,2,5,3
23,0,23,14.9,0,0,14,17,13
12,3,12,26.4,0,1,26,49,12
18,5,18,27.3,0,0,0,32,5
11,3,11,12.0,0,0,0,13,8
21,2,21,19.7,0,0,6,9,5
15,6,15,11.3,0,2,16,10,5
13,0,13,14.8,0,0,0,44,8
13,3,13,23.9,0,0,7,36,7
11,1,11,27.0,0,0,0,29,8
4,0,4,13.2,0,0,0,11,5
17,1,17,25.9,0,0,10,79,17
18,1,18,13.5,0,0,14,17,13
12,0,12,25.4,0,0,0,44,8
4,4,4,17.7,0,0,0,25,8
21,3,21,14.7,0,0,4,7,2
13,4,13,17.3,0,0,0,25,5
18,6,18,23.6,0,0,0,44,8
23,3,23,8.9,0,0,0,22,14
12,0,12,28.7,0,0,2,11,2
1,3,1,17.6,0,0,0,17,0
23,5,23,23.6,0,0,12,18,7
19,6,19,29.7,0,0,0,25,8
11,5,11,10.7,0,0,0,8,8
8,6,8,3.3,0,0,0,44,8
19,0,19,13.5,0,0,0,17,0
11,3,11,13.3,0,0,2,8,3
16,6,16,17.0,0,0,29,26,10
15,1,15,28.2,0,0,0,13,8
13,3,13,17.3,1,0,2,45,3
5,1,5,13.7,0,0,4,5,2
12,5,12,24.7,0,0,0,13,8
12,4,12,25.2,0,0,91,21,13
6,2,6,10.4,0,0,15,6,14
18,6,18,29.6,0,0,2,4,3
12,0,12,19.1,0,0,2,13,2
10,6,10,18.5,0,0,2,16,2
21,1,21,19.9,0,0,0,17,0
16,3,16,25.0,0,0,0,11,8
11,2,11,8.4,0,0,2,16,2
5,4,5,15.3,0,0,2,11,5
7,2,7,1.2,0,0,0,16,5
7,5,7,13.0,0,0,0,3,5
21,6,21,22.4,0,0,2,16,3
15,2,15,19.3,0,0,6,93,5
11,1,11,15.7,0,0,0,21,14
7,4,7,11.9,0,0,15,6,3
23,5,23,6.5,0,0,0,0,0
10,0,10,17.9,0,0,2,34,3
22,6,22,7.8,0,0,0,3,5
19,1,19,12.4,0,0,2,54,3
7,0,7,13.3,0,0,6,9,5
18,2,18,12.2,0,0,16,21,8
17,5,17,31.8,0,0,0,21,0
13,1,13,23.0,0,0,16,21,5
23,1,23,13.8,0,0,0,43,14
13,5,13,15.9,0,0,2,36,3
18,3,18,9.6,0,0,0,32,5
7,6,7,12.7,0,0,40,0,10
5,2,5,14.6,0,0,0,7,5
10,4,10,22.2,0,0,2,16,2
7,2,7,10.0,0,0,0,4,8
12,0,12,31.2,0,0,0,8,8
17,0,17,18.8,0,0,4,38,3
19,4,19,20.6,0,0,0,3,5
7,6,7,4.8,0,0,0,33,5
16,1,16,19.3,0,0,0,5,5
10,3,10,10.2,0,0,0,21,0
23,6,23,13.8,0,0,0,0,0
21,3,21,17.4,0,0,0,3,8
8,1,8,11.6,0,0,0,33,8
18,6,18,17.3,0,0,9,0,10
15,5,15,17.2,0,0,0,53,14
23,0,23,4.2,0,0,2,21,3
6,4,6,17.6,0,0,4,10,5
7,0,7,10.0,0,0,0,7,8
9,5,9,9.1,0,0,2,33,3
17,1,17,10.7,0,0,0,5,8
13,4,13,21.5,0,1,2,36,3
8,6,8,6.0,0,0,30,9,35
14,0,14,24.1,1,0,10,48,73
14,4,14,24.3,0,0,0,16,5
5,3,5,14.5,0,0,0,42,5
22,1,22,9.8,1,2,4,7,5
5,6,5,0.4,0,0,4,3,2
4,6,4,10.9,0,0,0,16,8
9,4,9,5.3,0,0,0,8,8
0,4,0,17.0,0,0,10,30,11
9,1,9,8.9,0,0,2,13,3
6,2,6,17.1,0,0,0,42,5
9,5,9,5.9,0,0,0,76,0
19,4,19,14.8,0,0,0,17,0
21,1,21,12.0,0,0,2,8,3
7,0,7,1.6,0,0,0,29,8
6,0,6,13.4,0,0,2,9,2
9,6,9,8.1,0,0,0,53,14
13,5,13,15.0,0,0,0,54,5
14,6,14,16.7,0,0,15,6,3
1,3,1,13.5,0,0,1,2,6
7,5,7,9.5,0,0,0,29,8
23,1,23,3.2,0,0,0,9,8
10,3,10,21.5,0,0,0,0,14
10,2,10,19.9,0,1,0,5,8
11,0,11,8.2,0,0,1,2,1
4,3,4,11.2,0,0,0,3,8
16,6,16,19.0,0,0,0,4,8
2,2,2,9.6,0,0,16,21,8
4,4,4,8.8,0,0,0,4,8
9,5,9,18.3,0,0,0,76,0
14,1,14,29.1,0,0,0,9,8
5,6,5,12.6,0,0,0,5,5
8,3,8,16.6,0,0,15,6,14
19,3,19,30.0,0,0,0,16,8
16,2,16,25.8,0,0,0,6,14
20,0,20,8.7,0,0,2,13,3
4,6,4,11.9,0,0,0,25,8
11,6,11,12.0,0,0,0,25,8
17,5,17,7.4,0,0,2,12,2
17,5,17,17.8,0,0,2,33,2
10,3,10,23.3,0,0,0,0,14
5,1,5,12.2,0,0,0,3,8
8,6,8,17.6,0,0,0,8,8
14,2,14,17.8,0,0,16,21,8
17,0,17,25.7,0,0,4,3,2
9,2,9,6.6,0,0,0,29,8
14,0,14,19.0,0,0,16,110,3
17,2,17,14.4,0,0,16,11,3
16,0,16,27.7,0,0,0,6,14
2,2,2,17.6,0,0,15,6,3
7,4,7,8.6,0,0,2,16,2
11,5,11,20.2,0,0,10,137,37
14,2,14,23.6,0,0,33,62,0
11,0,11,25.2,1,1,44,48,11
5,4,5,12.6,0,0,5,9,4
4,5,4,10.0,0,0,0,11,8
18,1,18,24.0,0,0,2,12,2
16,0,16,19.2,0,0,16,21,5
0,6,0,17.8,0,0,35,43,14
13,2,13,19.6,0,0,4,11,5
6,4,6,8.6,0,0,6,9,5
22,2,22,8.5,0,0,10,44,11
6,5,6,15.8,0,0,4,21,2
5,1,5,9.1,0,0,4,3,2
12,6,12,26.9,0,1,26,49,12
14,4,14,26.3,0,0,7,0,7
8,6,8,6.8,0,0,0,30,5
12,4,12,14.2,0,0,0,16,8
17,0,17,28.4,0,0,0,21,0
16,5,16,18.1,0,0,0,6,14
5,2,5,13.4,0,0,2,4,3
12,1,12,23.2,0,0,20,6,7
14,3,14,12.4,0,0,7,26,7
19,6,19,21.7,0,0,2,32,3
14,3,14,22.1,0,0,0,9,8
21,0,21,11.6,0,0,18,32,6
6,5,6,6.2,0,0,4,7,3
1,4,1,2.1,0,0,2,16,3
5,2,5,3.0,0,0,6,9,5
17,0,17,13.2,0,0,0,54,5
8,5,8,8.5,0,0,0,5,8
9,1,9,20.2,0,0,17,0,7
7,3,7,8.8,0,0,19,78,29
7,3,7,12.7,0,0,19,92,17
2,6,2,15.3,0,0,16,21,8
9,5,9,6.3,0,0,0,4,8
17,4,17,15.6,0,0,0,21,8
9,0,9,8.3,0,0,27,36,0
16,6,16,29.0,0,0,0,33,5
10,1,10,9.6,0,0,0,8,5
7,1,7,7.0,0,0,2,7,3
12,6,12,11.0,0,0,7,0,7
4,5,4,13.3,0,0,0,11,8
9,6,9,8.2,0,0,10,15,34
4,1,4,5.1,0,0,1,2,6
16,3,16,19.1,0,0,0,34,5
1,5,1,10.5,0,0,1,2,6
9,0,9,11.6,0,0,2,8,3
12,1,12,21.7,0,0,0,12,5
21,0,21,22.9,0,0,10,44,21
20,4,20,10.0,0,0,2,9,3
5,3,5,11.6,0,0,1,2,6
10,0,10,17.9,0,0,2,7,3
8,0,8,9.7,0,0,0,10,5
9,2,9,12.5,0,0,0,53,14
16,6,16,21.6,0,0,16,21,8
23,0,23,12.7,0,0,0,22,0
19,3,19,14.8,0,0,16,21,2
5,6,5,9.4,0,0,2,119,3
16,6,16,18.0,0,0,0,15,8
17,6,17,17.4,0,0,4,38,3
4,3,4,14.5,0,0,2,5,3
9,6,9,19.4,0,0,0,21,8
9,0,9,18.4,0,0,0,7,5
5,4,5,8.7,0,0,0,5,5
17,0,17,14.4,0,0,0,54,5
9,4,9,8.2,0,0,0,54,8
17,4,17,28.4,0,0,0,8,5
15,3,15,11.3,0,0,2,45,3
5,0,5,12.1,0,0,0,5,8
11,0,11,23.9,0,0,20,0,7
7,1,7,3.8,0,0,0,5,8
21,1,21,3.6,0,0,2,9,3
7,4,7,7.1,0,0,0,13,5
15,3,15,33.4,0,0,0,3,8
7,0,7,14.2,0,0,0,21,0
21,0,21,21.0,0,0,2,7,3
1,2,1,15.1,0,0,1,2,6
13,5,13,18.1,0,0,0,5,5
13,4,13,27.1,0,1,0,5,5
9,2,9,9.7,0,0,0,53,14
8,4,8,10.7,0,0,2,16,2
6,2,6,4.6,0,0,4,32,3
12,4,12,12.9,0,0,1,2,1
22,6,22,10.0,0,0,16,21,8
5,0,5,10.6,0,0,5,9,4
8,6,8,6.7,0,0,30,9,35
5,2,5,12.0,0,0,0,7,8
1,6,1,18.9,0,0,0,21,5
4,3,4,12.5,0,0,9,0,7
16,6,16,21.7,0,0,0,33,8
9,1,9,9.4,0,0,10,8,21
13,1,13,29.7,0,0,2,34,2
8,4,8,1.5,0,0,18,32,6
6,5,6,7.4,0,0,0,16,8
8,5,8,7.2,0,0,0,16,8
8,4,8,4.4,0,0,0,13,8
20,1,20,12.4,0,0,0,36,5
5,6,5,16.4,0,0,0,52,5
12,2,12,19.5,0,0,0,3,8
23,2,23,4.8,0,0,0,22,14
4,5,4,10.5,0,0,1,2,6
8,5,8,4.5,0,0,0,7,8
4,5,4,4.9,0,0,6,9,5
7,3,7,9.4,0,0,0,29,8
23,2,23,13.0,0,0,18,36,6
9,5,9,11.1,0,0,0,53,0
6,4,6,6.9,0,0,4,11,3
7,5,7,8.4,0,0,0,8,8
4,0,4,9.5,0,0,2,7,2
17,6,17,16.4,0,0,4,8,3
6,4,6,7.5,0,0,2,32,3
12,4,12,10.5,0,0,2,16,2
18,6,18,28.7,0,1,0,8,8
1,2,1,19.1,0,0,15,6,3
14,3,14,20.0,1,2,0,32,5
19,3,19,29.8,0,0,0,16,8
20,4,20,14.3,0,0,13,19,13
8,4,8,9.5,0,0,2,7,2
11,1,11,14.9,0,0,0,5,8
7,2,7,3.3,0,0,0,8,8
0,2,0,10.4,0,0,15,6,3
14,6,14,20.9,0,0,4,8,3
12,0,12,27.7,0,0,0,11,8
14,2,14,14.1,0,0,16,21,8
22,1,22,13.1,0,0,14,24,9
13,4,13,16.6,0,0,18,32,33
11,5,11,9.7,0,0,0,3,8
6,1,6,7.1,0,0,4,7,2
14,3,14,27.2,0,0,0,13,5
1,2,1,8.2,0,0,0,37,0
3,6,3,19.7,0,0,0,22,14
10,6,10,14.3,0,0,2,13,3
7,6,7,18.3,0,0,6,9,5
5,3,5,1.4,0,0,2,5,3
15,2,15,16.7,0,0,2,44,2
1,2,1,17.3,0,0,0,37,0
23,2,23,16.3,0,0,7,0,7
1,4,1,9.4,0,0,1,2,6
6,3,6,0.9,0,0,0,52,5
0,3,0,8.9,0,0,2,21,3
12,1,12,14.4,0,0,0,3,5
10,6,10,10.8,0,0,0,5,8
7,2,7,17.0,0,0,0,13,8
13,2,13,23.0,0,0,33,62,0
3,0,3,4.2,0,0,5,9,4
12,1,12,16.5,0,0,2,34,3
17,4,17,26.5,0,0,4,54,2
12,0,12,24.4,0,0,4,44,2
17,1,17,10.2,0,0,0,16,8
10,0,10,19.5,0,0,0,25,5
12,5,12,27.3,0,0,21,26,7
6,3,6,3.5,0,0,16,21,8
21,2,21,8.2,0,0,6,9,5
15,1,15,5.7,0,0,7,0,7
21,2,21,15.5,0,0,0,4,5
15,3,15,28.1,0,0,0,34,5
18,4,18,16.0,0,0,2,8,3
15,6,15,25.2,0,0,15,6,3
9,5,9,20.1,0,0,2,16,2
17,0,17,16.5,0,0,4,38,2
15,2,15,30.9,0,0,20,0,7
5,4,5,12.4,0,0,1,2,6
15,2,15,20.3,0,0,0,21,8
13,3,13,24.3,0,0,2,5,3
18,6,18,10.1,0,0,16,21,8
1,4,1,14.8,0,0,1,2,6
16,6,16,31.5,0,0,0,33,8
15,3,15,19.1,1,2,2,11,2
4,1,4,9.5,0,0,0,7,8
18,2,18,29.6,0,0,4,7,3
7,0,7,6.5,0,0,6,9,5
23,6,23,7.0,0,0,0,0,0
20,3,20,20.8,0,1,0,8,5
18,1,18,14.5,0,0,0,25,5
8,4,8,12.1,0,0,0,44,8
8,5,8,5.6,0,0,0,15,8
16,2,16,12.4,0,0,0,32,5
16,0,16,15.8,0,0,4,5,2
5,4,5,9.1,0,0,2,3,3
6,3,6,9.7,0,0,16,21,8
6,5,6,0.1,0,0,15,6,3
12,6,12,23.2,0,0,0,8,8
12,0,12,8.8,0,0,0,7,8
12,1,12,15.2,0,0,4,32,3
6,6,6,12.7,0,0,0,7,8
4,1,4,13.2,0,0,0,4,8
11,3,11,13.1,0,0,14,17,13
16,3,16,33.5,0,0,0,45,5
8,0,8,8.6,0,0,0,32,5
5,5,5,12.6,0,0,1,2,6
12,1,12,15.2,0,0,26,49,13
11,0,11,15.0,0,0,0,8,5
11,3,11,9.4,0,0,0,8,8
16,5,16,26.0,0,0,0,25,8
15,5,15,30.6,0,0,4,5,5
5,2,5,13.4,0,0,4,11,2
13,4,13,14.3,0,0,0,9,5
1,4,1,13.5,0,0,1,2,6
23,4,23,17.3,0,0,0,22,0
4,0,4,7.1,0,0,0,7,8
7,6,7,11.0,0,0,0,13,8
14,2,14,14.5,0,0,15,6,15
16,0,16,25.7,0,0,0,33,8
5,4,5,8.1,0,0,2,3,3
7,4,7,0.2,0,0,17,0,7
6,0,6,12.2,0,0,4,21,2
5,3,5,3.9,0,0,2,7,3
17,0,17,16.6,0,0,2,12,3
8,0,8,8.5,0,0,6,9,5
10,0,10,20.8,0,1,18,32,6
18,0,18,22.3,0,0,16,21,8
5,1,5,12.0,0,0,2,9,2
18,1,18,16.1,0,0,2,7,2
15,5,15,12.6,0,0,10,25,11
2,4,2,12.5,0,0,0,1,0
5,4,5,0.2,0,0,0,36,8
4,3,4,5.4,0,0,2,4,3
14,6,14,18.8,0,0,4,5,2
22,0,22,21.7,0,0,0,7,8
5,3,5,7.1,0,0,0,25,8
22,2,22,19.9,0,0,11,0,12
16,1,16,12.4,0,0,2,44,3
14,0,14,23.7,0,0,2,34,3
8,1,8,0.8,0,0,0,7,8
8,3,8,8.8,0,0,0,54,8
0,1,0,18.4,0,0,0,25,8
1,0,1,16.4,0,0,15,6,3
17,2,17,6.8,0,0,2,44,2
4,4,4,0.6,0,0,2,4,3
9,4,9,18.1,0,0,0,42,5
5,4,5,6.5,0,0,4,11,3
13,6,13,14.9,0,0,0,29,8
3,4,3,13.7,0,0,1,2,1
16,6,16,26.1,0,0,0,78,8
10,4,10,17.0,0,0,0,8,8
6,4,6,13.4,0,0,6,9,5
17,0,17,17.9,0,0,0,13,5
18,3,18,10.1,0,0,0,33,8
6,1,6,11.6,0,0,4,5,3
13,0,13,15.3,0,0,2,36,3
10,0,10,13.2,0,0,2,16,2
5,5,5,1.0,0,0,0,7,8
18,5,18,22.6,0,0,0,44,8
16,1,16,26.1,0,0,0,8,5
6,1,6,5.7,0,0,2,7,2
11,4,11,10.4,0,0,0,13,5
11,3,11,18.7,0,0,10,45,11
23,6,23,11.8,0,0,69,6,5
6,0,6,12.2,0,0,24,28,30
13,1,13,15.9,0,0,2,21,3
11,3,11,13.4,0,0,0,53,0
10,3,10,8.8,0,0,0,21,14
12,3,12,21.7,0,0,18,54,20
5,1,5,10.1,0,0,0,25,8
2,0,2,15.5,0,0,8,6,9
10,4,10,7.2,0,0,0,12,5
19,6,19,21.8,0,0,2,44,3
10,1,10,17.3,0,0,2,34,3
17,2,17,12.4,0,0,0,32,5
20,5,20,13.3,0,0,2,9,3
6,6,6,16.7,0,0,0,7,8
12,5,12,15.0,0,0,2,45,3
7,1,7,7.3,0,0,4,13,3
14,4,14,13.2,0,0,15,6,3
13,2,13,21.1,0,0,27,36,0
14,3,14,31.4,0,0,2,58,3
19,3,19,9.3,0,0,2,44,3
4,0,4,5.8,0,0,2,11,2
13,2,13,12.2,0,0,4,11,2
10,2,10,16.9,1,0,0,37,0
18,3,18,16.9,0,0,0,17,0
15,1,15,18.1,0,0,0,5,5
23,2,23,16.7,0,0,35,43,14
10,5,10,6.4,1,0,27,36,0
4,0,4,5.8,0,0,1,2,6
11,1,11,15.1,0,0,0,13,8
20,4,20,10.0,0,0,0,36,8
14,6,14,15.9,0,0,0,13,5
17,4,17,18.0,0,0,0,44,5
20,5,20,9.7,0,0,2,8,2
15,3,15,13.5,0,0,2,5,3
10,2,10,6.3,0,0,0,33,8
12,6,12,20.7,0,0,4,8,5
15,3,15,10.8,0,0,2,3,2
1,6,1,19.8,0,0,7,9,7
10,5,10,24.7,0,0,0,53,14
13,2,13,8.5,0,0,4,5,3
10,2,10,15.9,0,0,0,44,8
15,2,15,16.4,0,0,2,34,3
5,3,5,3.2,0,0,4,11,2
8,2,8,8.9,0,0,2,7,3
15,0,15,31.3,0,0,2,9,3
22,6,22,7.7,0,0,35,43,0
15,0,15,27.8,0,0,0,3,8
6,6,6,18.7,0,0,0,5,8
9,4,9,14.3,0,0,0,44,5
8,1,8,9.4,0,0,2,5,3
19,5,19,7.0,0,0,2,32,3
16,0,16,29.5,0,0,0,44,8
19,4,19,10.6,0,0,0,21,5
6,0,6,6.0,0,0,0,8,8
6,1,6,10.0,0,0,2,9,2
12,5,12,11.5,0,0,27,36,12
4,4,4,15.2,0,0,0,3,8
4,0,4,11.4,0,0,8,6,9
5,3,5,13.5,0,0,4,5,3
15,6,15,15.7,0,0,2,54,3
22,3,22,8.9,0,0,14,17,13
4,2,4,12.0,0,0,0,25,5
5,4,5,9.6,0,0,8,0,9
13,5,13,16.5,0,0,0,29,8
19,0,19,24.0,0,1,2,8,3
17,3,17,32.6,0,1,18,32,6
16,3,16,19.1,0,0,16,10,5
3,5,3,13.3,0,0,1,2,1
8,5,8,4.0,0,0,2,16,2
5,4,5,8.5,0,0,0,7,5
12,5,12,20.2,0,0,14,17,13
16,6,16,18.2,0,0,0,33,8
23,5,23,20.2,0,0,0,20,0
11,0,11,11.2,0,0,0,0,14
16,1,16,16.6,0,0,0,16,5
14,6,14,15.9,0,0,0,7,8
6,2,6,4.6,0,0,0,8,5
4,4,4,7.2,0,0,2,4,2
16,1,16,19.5,0,0,0,17,14
4,4,4,9.2,0,0,8,0,9
22,3,22,18.4,0,0,0,25,5
17,3,17,10.4,0,0,0,32,5
5,5,5,7.2,0,0,2,5,3
10,2,10,13.9,0,0,0,44,8
7,5,7,13.6,0,0,0,3,5
5,1,5,11.2,0,0,0,3,8
9,4,9,6.5,0,0,0,54,8
19,5,19,10.8,0,0,16,21,8
21,4,21,21.4,0,0,0,3,5
4,0,4,13.8,0,0,0,5,8
8,3,8,7.3,0,0,0,10,5
16,4,16,27.5,0,0,0,36,8
9,5,9,20.9,0,0,0,21,8
5,6,5,17.8,0,0,0,52,5
8,2,8,3.6,0,0,0,32,5
7,1,7,11.3,0,0,10,16,44
4,4,4,14.0,0,0,0,5,5
16,3,16,17.9,0,0,0,21,0
13,0,13,29.2,0,0,2,16,3
5,6,5,16.0,0,0,4,6,3
22,0,22,5.3,0,0,17,0,7
11,4,11,24.7,0,0,0,7,8
14,2,14,14.3,0,0,18,32,26
5,6,5,7.0,0,0,0,4,5
10,4,10,10.7,0,0,0,7,8
15,3,15,27.8,0,0,16,110,8
6,0,6,5.3,0,0,2,119,3
7,2,7,8.2,0,0,0,33,8
18,3,18,22.0,0,0,0,44,5
5,2,5,16.6,0,0,4,12,5
6,2,6,4.4,0,0,6,9,5
22,5,22,11.0,0,0,7,0,7
4,1,4,5.6,0,0,2,11,2
4,2,4,6.5,0,0,0,7,5
0,4,0,8.3,0,0,0,6,14
5,4,5,11.9,0,0,4,11,3
11,3,11,19.6,0,0,0,66,14
5,2,5,9.6,0,0,2,3,3
0,0,0,18.5,0,0,0,0,0
19,6,19,29.9,1,0,10,48,34
14,2,14,19.4,0,0,2,3,2
19,6,19,28.4,0,1,2,5,3
5,0,5,10.4,0,0,0,32,5
5,3,5,8.5,0,0,0,3,8
7,5,7,3.0,0,0,9,0,18
14,1,14,26.5,0,0,33,62,0
8,3,8,20.2,0,0,0,13,5
1,5,1,6.4,0,0,1,2,6
15,6,15,16.6,0,0,4,78,5
15,0,15,24.1,0,0,16,21,8
8,2,8,16.4,0,1,17,0,7
12,0,12,13.8,0,0,0,3,8
15,3,15,25.9,0,0,2,45,3
8,3,8,8.1,0,0,0,53,14
7,1,7,11.5,0,0,7,26,7
19,6,19,21.3,0,0,0,25,8
9,4,9,18.4,0,1,0,53,0
16,2,16,30.8,0,0,2,44,3
16,6,16,16.0,0,0,0,15,8
5,1,5,9.7,0,0,16,21,2
21,4,21,20.4,0,0,0,8,5
10,0,10,11.8,0,0,2,34,2
13,5,13,28.7,0,0,2,4,3
23,5,23,11.2,0,0,9,0,18
17,6,17,14.6,0,0,4,7,2
5,5,5,14.4,0,0,6,9,5
6,6,6,11.2,0,0,0,52,5
15,3,15,10.1,0,0,0,21,8
20,1,20,13.1,0,0,7,0,7
17,0,17,22.0,0,0,4,5,2
19,0,19,14.9,0,0,2,4,3
12,0,12,19.4,0,0,0,44,8
4,4,4,5.5,0,0,1,2,6
5,0,5,8.6,0,0,0,5,8
16,4,16,25.7,0,0,15,6,3
20,3,20,9.9,1,0,16,21,5
5,3,5,8.9,0,0,1,2,6
19,6,19,12.3,0,0,2,54,3
14,4,14,15.5,0,0,2,34,3
23,2,23,17.2,0,0,12,18,7
8,5,8,5.2,0,0,0,21,8
1,6,1,14.2,0,0,0,1,0
17,5,17,18.2,0,0,0,6,14
10,2,10,7.8,0,0,0,7,5
2,0,2,9.6,0,0,0,1,0
16,5,16,21.5,0,0,0,3,8
8,2,8,10.6,0,0,0,8,5
19,1,19,14.8,0,0,2,54,3
3,1,3,6.3,0,0,0,21,8
5,3,5,8.8,0,0,0,11,8
23,4,23,8.8,0,0,16,21,8
7,5,7,4.1,0,0,24,47,23
5,4,5,0.6,0,0,4,21,5
19,0,19,16.8,1,2,0,16,5
1,0,1,15.1,0,0,16,21,8
1,2,1,9.6,0,0,0,21,8
19,2,19,15.2,0,0,4,7,2
8,1,8,3.5,0,0,0,5,5
11,2,11,10.0,0,0,0,5,8
12,6,12,18.0,0,0,26,49,13
0,6,0,17.3,0,0,0,20,0
8,5,8,12.2,0,0,0,7,8
5,4,5,4.8,0,0,4,21,2
8,1,8,9.1,0,0,4,8,3
8,5,8,9.8,0,0,2,16,2
4,4,4,10.5,0,0,5,9,4
13,1,13,10.5,0,0,2,8,3
12,2,12,10.1,0,0,0,33,8
12,5,12,25.7,0,0,0,13,8
17,3,17,13.6,0,0,6,9,0
12,2,12,15.1,0,0,0,30,5
6,0,6,13.2,0,0,2,4,2
5,1,5,10.1,0,0,0,7,8
13,2,13,19.3,0,0,0,9,5
14,1,14,11.4,1,2,2,3,3
15,4,15,30.7,0,0,2,13,3
13,2,13,11.5,0,0,0,16,8
12,6,12,13.3,0,0,26,49,13
22,0,22,19.8,0,0,11,0,12
13,0,13,12.5,0,0,2,36,3
15,5,15,25.3,0,0,18,32,6
12,6,12,22.5,0,0,7,0,7
12,3,12,24.3,0,0,18,32,6
4,0,4,16.7,0,0,0,7,5
12,6,12,21.3,0,0,2,44,3
9,6,9,11.0,0,0,6,9,5
12,1,12,22.7,0,0,0,3,8
20,4,20,23.6,1,0,0,8,5
9,5,9,23.2,0,0,0,7,8
2,0,2,14.4,0,0,16,21,2
6,2,6,15.3,0,0,6,9,15
5,5,5,7.6,0,0,0,3,8
4,3,4,3.2,0,0,6,9,5
22,3,22,9.6,1,2,1,2,6
20,3,20,8.5,1,2,19,13,19
14,4,14,27.9,0,0,0,29,8
11,2,11,15.4,0,0,4,32,3
17,1,17,26.0,0,0,4,38,3
8,3,8,19.7,0,0,17,0,7
12,4,12,15.0,0,0,0,3,8
13,1,13,19.5,0,0,16,21,8
16,1,16,27.5,0,0,0,7,8
8,3,8,7.4,0,0,0,11,8
14,6,14,18.6,0,0,0,7,8
16,0,16,26.0,0,0,0,36,8
18,2,18,9.1,0,0,4,7,2
9,1,9,11.1,0,0,2,34,2
23,1,23,15.1,0,0,12,18,7
1,1,1,21.1,0,0,7,6,7
1,5,1,3.8,0,0,1,2,6
7,2,7,9.3,0,0,4,14,3
9,6,9,6.4,0,0,0,8,8
5,3,5,7.4,0,0,2,4,3
1,1,1,19.5,0,0,7,75,7
1,1,1,6.8,0,0,15,14,3
9,4,9,13.4,0,0,2,45,3
5,4,5,11.7,0,0,2,11,2
22,4,22,5.8,0,0,23,41,15
13,0,13,19.1,0,0,2,36,3
14,3,14,13.1,0,0,0,8,8
21,3,21,10.7,0,0,4,7,2
8,5,8,3.7,0,0,22,56,4
16,5,16,19.1,0,0,0,4,5
18,5,18,18.5,0,0,0,21,5
6,5,6,13.2,0,0,2,32,3
11,3,11,19.8,0,0,0,15,8
17,0,17,25.7,0,0,0,21,0
16,1,16,31.8,0,1,0,33,5
13,3,13,23.6,0,0,4,8,3
8,0,8,15.4,0,1,9,0,18
15,3,15,14.6,0,0,4,44,5
9,2,9,19.7,0,0,0,9,8
12,0,12,17.0,0,0,0,34,5
14,3,14,12.8,0,0,2,5,3
4,1,4,2.5,0,0,0,5,8
17,4,17,15.0,0,0,16,11,5
4,4,4,11.7,0,0,0,5,8
14,2,14,29.4,0,0,0,44,5
6,6,6,6.7,0,0,0,4,5
3,2,3,11.9,0,0,1,2,1
10,4,10,8.8,0,0,27,36,0
5,4,5,5.3,0,0,2,7,3
15,2,15,15.6,0,0,2,5,3
5,1,5,3.8,0,0,0,7,8
23,0,23,18.9,0,0,8,0,9
10,1,10,7.0,0,0,27,36,0
8,0,8,10.2,0,0,4,14,3
5,5,5,4.6,0,0,2,9,2
10,2,10,17.7,0,0,0,13,8
23,1,23,13.4,0,0,0,22,0
10,0,10,12.9,0,0,0,21,14
15,3,15,26.3,0,0,0,78,5
22,2,22,11.0,0,0,10,7,17
4,2,4,9.7,0,0,0,3,5
21,0,21,6.9,0,0,0,16,5
7,4,7,7.1,0,0,0,8,8
1,2,1,16.8,0,0,0,1,0
1,0,1,11.7,0,0,1,2,6
20,4,20,6.7,0,0,2,7,2
17,0,17,13.8,0,0,2,12,3
9,5,9,7.0,0,0,18,32,33
15,2,15,21.9,0,0,2,44,3
10,4,10,9.4,0,0,27,36,69
9,5,9,9.4,0,0,0,10,5
19,6,19,10.7,0,0,2,5,3
23,3,23,19.0,0,1,7,0,7
18,5,18,11.6,0,0,0,33,8
18,4,18,15.7,0,0,0,32,5
6,1,6,1.1,0,0,4,32,5
15,5,15,20.6,0,0,0,12,8
19,5,19,26.3,0,0,16,21,3
12,2,12,22.2,0,0,0,32,5
12,3,12,22.2,0,0,16,21,8
15,4,15,15.3,0,0,0,21,8
19,0,19,21.4,0,0,2,5,3
7,6,7,3.5,0,0,0,36,8
6,5,6,15.7,0,0,0,4,8
4,3,4,11.5,1,2,16,21,8
5,1,5,8.9,0,0,0,5,5
11,6,11,25.3,0,0,0,13,8
8,5,8,6.9,0,0,2,16,3
23,0,23,7.7,0,0,0,43,14
12,4,12,16.0,0,0,0,33,8
18,3,18,25.6,0,0,6,9,0
12,6,12,9.0,0,0,0,3,8
8,2,8,6.6,0,0,4,5,3
18,1,18,6.3,0,0,2,33,3
13,2,13,15.8,0,0,0,9,5
7,0,7,3.5,0,0,0,33,8
12,5,12,21.8,0,0,2,30,3
11,2,11,15.4,1,0,50,48,51
8,6,8,9.3,0,0,6,9,5
15,3,15,32.8,0,0,2,13,3
9,4,9,6.6,0,0,2,42,2
14,6,14,22.4,0,0,0,29,8
11,3,11,10.1,0,0,0,34,5
16,5,16,12.3,0,0,0,3,5
10,1,10,11.2,0,0,17,0,7
2,5,2,17.4,0,0,14,24,9
14,4,14,23.7,0,0,4,16,2
4,0,4,15.5,0,0,5,9,4
11,2,11,31.1,0,0,0,13,5
8,2,8,9.9,0,0,4,5,3
15,0,15,15.2,0,0,0,44,8
20,2,20,25.1,0,0,2,21,3
22,5,22,17.7,0,0,7,36,7
3,2,3,5.0,0,0,2,6,3
19,2,19,25.5,0,0,2,32,3
16,2,16,35.8,0,0,0,13,5
18,0,18,28.8,0,0,2,32,3
5,0,5,4.8,0,0,0,32,5
14,0,14,24.4,0,0,0,29,8
6,0,6,10.3,0,0,4,7,3
11,5,11,10.1,0,0,14,17,13
8,4,8,11.8,0,0,17,0,7
19,3,19,17.3,0,0,2,33,3
4,4,4,11.6,0,0,2,3,2
4,5,4,14.3,0,0,0,11,8
7,2,7,9.2,0,0,4,32,2
17,6,17,18.2,0,0,16,21,8
12,1,12,14.0,0,0,2,34,2
12,0,12,14.7,0,0,26,49,13
19,3,19,7.7,0,0,2,54,3
5,6,5,6.0,0,0,2,3,3
8,4,8,12.1,0,0,0,9,8
12,0,12,16.1,0,0,7,0,7
17,1,17,19.3,0,0,0,54,5
11,5,11,12.3,0,0,0,66,14
16,5,16,30.6,0,0,20,0,7
21,6,21,11.1,0,0,0,9,5
11,0,11,15.7,0,0,14,17,13
22,3,22,23.3,0,0,2,9,2
19,6,19,12.3,0,0,0,17,0
21,2,21,7.8,0,0,13,19,13
4,1,4,12.6,0,0,0,3,5
16,1,16,19.9,0,0,4,3,2
5,1,5,10.3,0,0,0,5,8
1,1,1,8.6,0,0,0,6,14
9,3,9,10.8,1,2,0,16,8
23,6,23,11.3,0,0,16,21,5
23,5,23,21.2,0,0,10,16,17
8,0,8,17.7,0,0,0,32,5
9,3,9,13.1,0,0,2,34,2
2,3,2,10.6,0,0,1,2,6
5,1,5,13.5,0,0,0,27,5
14,6,14,20.2,0,0,0,13,8
4,0,4,13.9,0,0,0,5,8
7,5,7,5.1,0,0,4,21,2
22,6,22,8.0,0,0,11,0,14
6,1,6,8.9,0,0,0,21,14
15,5,15,24.4,0,0,0,44,5
0,3,0,23.4,0,0,6,9,5
15,2,15,31.2,0,0,0,5,5
21,0,21,22.4,0,0,25,46,14
20,1,20,3.8,0,0,2,54,3
20,0,20,24.7,0,0,2,4,3
21,6,21,9.5,0,0,4,54,3
19,3,19,9.3,0,0,2,54,3
4,3,4,8.2,0,0,0,25,8
5,3,5,14.1,0,0,6,9,5
15,4,15,28.9,0,0,4,5,5
6,0,6,3.2,0,0,2,36,3
13,1,13,19.7,0,0,0,3,8
5,3,5,8.6,0,0,1,2,6
15,0,15,8.1,0,0,4,54,3
20,1,20,8.1,0,0,0,36,8
16,6,16,21.7,0,0,6,9,0
2,3,2,7.9,0,0,1,2,1
8,5,8,5.8,0,0,0,16,8
20,5,20,13.4,0,0,0,7,8
8,0,8,2.9,0,0,2,29,3
13,3,13,11.7,0,0,2,36,3
13,3,13,13.8,0,0,4,8,3
8,0,8,1.1,0,0,18,32,6
13,5,13,21.1,0,0,0,9,5
15,4,15,27.4,0,0,2,13,3
10,4,10,23.3,0,0,2,45,3
12,0,12,22.4,0,0,1,2,1
12,4,12,14.1,0,0,4,8,3
3,5,3,6.0,1,2,6,9,5
11,4,11,21.7,0,0,2,13,2
5,4,5,10.9,0,0,2,3,2
6,4,6,4.5,0,0,2,21,3
8,2,8,4.9,0,0,0,32,5
0,0,0,7.4,0,0,1,2,6
6,6,6,8.3,0,0,4,7,2
13,0,13,24.6,0,0,2,44,3
16,5,16,17.1,0,0,0,32,5
4,0,4,12.9,0,0,2,4,3
15,4,15,15.8,0,0,28,55,0
19,0,19,7.0,0,0,2,54,3
4,0,4,5.2,0,0,2,11,2
9,2,9,14.0,0,0,0,43,14
7,6,7,5.2,0,0,0,3,8
15,2,15,25.3,0,0,10,30,16
12,3,12,23.4,0,0,26,49,13
5,0,5,15.9,0,0,2,11,5
9,4,9,9.2,0,0,0,44,8
6,5,6,7.0,0,0,0,8,5
19,1,19,9.9,0,0,2,54,3
23,4,23,17.0,0,0,10,7,17
13,6,13,31.3,0,0,0,21,5
2,4,2,8.5,0,0,1,2,6
18,2,18,20.0,0,0,2,44,3
19,4,19,10.4,0,0,0,17,0
6,5,6,7.5,0,0,4,6,3
14,4,14,7.2,0,0,2,34,2
6,2,6,0.7,0,0,4,5,2
12,2,12,9.2,0,0,0,3,8
17,5,17,27.0,0,0,0,5,8
18,4,18,10.9,0,0,2,13,3
8,3,8,8.3,0,0,2,16,3
2,2,2,7.6,0,0,0,1,0
15,4,15,18.8,0,0,0,9,8
13,2,13,19.1,0,0,33,62,0
8,2,8,8.9,0,0,2,16,3
20,3,20,13.6,0,0,2,7,2
5,2,5,13.7,0,0,0,11,8
23,3,23,7.8,0,0,0,22,0
7,5,7,9.5,0,0,0,16,8
10,0,10,11.9,0,0,2,7,3
15,6,15,24.4,0,0,16,21,8
15,0,15,16.4,0,0,0,61,8
0,4,0,16.6,0,0,0,20,0
21,0,21,7.3,0,0,7,0,7
1,2,1,18.8,0,0,0,1,0
7,5,7,1.1,0,0,17,2,7
23,0,23,19.2,0,0,4,5,3
7,1,7,12.2,0,0,7,0,7
12,0,12,16.7,0,0,7,0,7
8,5,8,5.6,0,0,4,54,5
21,5,21,15.9,0,0,6,9,5
12,4,12,19.0,0,0,0,3,8
21,2,21,15.4,0,0,10,13,17
5,1,5,14.5,0,0,2,11,5
17,6,17,18.3,0,0,2,13,3
16,6,16,13.4,0,0,18,32,26
17,0,17,13.1,0,0,2,5,3
13,2,13,8.6,0,0,0,9,5
6,5,6,12.5,0,0,2,3,3
13,4,13,14.4,0,0,2,54,3
23,1,23,18.8,0,0,35,43,0
8,5,8,6.6,0,0,0,15,8
16,6,16,24.9,0,0,2,54,2
2,4,2,2.1,0,0,8,0,9
5,3,5,3.8,0,0,0,7,8
16,0,16,23.3,0,0,6,9,0
4,0,4,12.7,0,0,0,5,8
8,0,8,8.1,0,0,4,14,3
20,2,20,15.2,0,0,0,17,0
8,3,8,9.5,0,0,0,32,5
7,1,7,12.1,0,0,4,7,3
16,6,16,21.6,0,0,4,44,2
15,4,15,16.7,0,0,0,12,5
6,3,6,19.3,0,0,0,4,8
4,2,4,8.6,0,0,2,11,2
5,3,5,15.8,0,0,0,5,5
17,3,17,30.3,0,1,40,0,10
18,1,18,25.0,0,0,0,32,5
12,2,12,12.2,0,0,2,110,3
12,0,12,28.1,0,1,7,0,7
16,5,16,25.8,0,0,0,6,9
16,4,16,16.6,0,0,0,36,8
7,4,7,12.0,0,0,2,16,2
7,0,7,3.4,0,0,0,7,8
12,4,12,13.8,0,0,2,110,3
6,6,6,8.8,0,0,0,7,5
5,5,5,3.1,0,0,4,12,5
18,4,18,18.9,0,0,0,13,8
18,5,18,8.1,0,0,4,32,3
13,0,13,29.7,0,0,0,7,8
14,2,14,16.7,0,0,10,28,16
15,1,15,15.5,0,0,0,32,5
13,4,13,26.7,0,0,0,61,8
13,4,13,16.4,0,0,0,5,8
19,5,19,10.6,0,0,2,8,3
6,5,6,10.9,0,0,2,3,3
11,2,11,20.9,0,0,14,17,13
5,6,5,16.0,0,0,4,16,5
14,2,14,9.8,0,0,0,33,5
6,3,6,8.6,0,0,4,7,3
8,6,8,7.8,0,0,0,32,5
11,5,11,26.7,0,0,0,3,8
11,5,11,10.2,0,0,0,8,8
23,3,23,11.5,0,0,0,0,14
18,1,18,24.5,0,0,2,44,2
9,0,9,9.9,0,0,0,7,8
18,6,18,26.9,0,0,0,33,8
14,2,14,27.1,0,0,0,9,5
19,6,19,24.6,0,0,0,8,8
1,4,1,14.5,0,0,0,1,0
10,3,10,5.9,0,0,27,36,0
6,3,6,7.7,0,0,0,52,5
11,0,11,29.1,0,0,0,13,8
12,4,12,7.2,0,0,2,5,3
11,2,11,19.8,0,0,0,13,8
15,1,15,18.0,0,0,28,55,0
11,3,11,17.7,0,0,0,44,8
18,6,18,23.8,0,0,2,16,2
22,5,22,11.7,0,0,11,0,14
14,3,14,25.9,0,0,16,21,8
15,2,15,25.3,0,0,16,21,8
7,1,7,5.2,0,0,24,47,23
16,5,16,19.8,0,0,0,17,0
18,4,18,30.5,0,0,0,13,8
5,3,5,5.5,0,0,4,10,5
8,5,8,7.0,0,0,0,13,5
14,1,14,26.5,0,0,0,9,5
1,2,1,11.8,0,0,1,2,6
0,2,0,9.4,0,0,1,2,6
3,1,3,14.6,0,0,15,14,3
20,2,20,15.4,0,0,2,5,3
12,6,12,11.4,0,0,14,17,13
4,2,4,7.1,0,0,0,3,8
10,2,10,10.3,0,0,27,36,0
3,5,3,2.3,0,0,2,6,3
20,5,20,13.2,0,0,2,9,3
10,2,10,6.6,0,0,0,21,14
14,4,14,29.6,0,0,0,5,8
5,2,5,4.0,0,0,7,0,7
11,4,11,10.0,0,0,14,17,13
19,4,19,28.8,0,1,4,32,3
6,1,6,18.1,0,0,2,7,3
12,4,12,10.8,0,0,0,16,8
8,0,8,9.6,0,0,4,7,2
8,0,8,8.4,0,0,0,9,8
14,0,14,31.2,0,0,24,25,30
19,5,19,12.3,0,0,2,32,3
17,1,17,29.0,0,0,0,44,5
23,2,23,24.3,0,0,14,24,9
1,1,1,3.9,0,0,0,21,8
14,1,14,19.5,0,0,0,9,5
14,0,14,16.3,0,0,0,44,5
15,5,15,12.6,0,0,4,44,2
18,1,18,16.1,0,0,2,7,3
15,2,15,11.6,0,0,4,5,2
14,3,14,19.3,0,0,0,8,8
20,1,20,23.0,0,0,0,3,5
6,3,6,1.4,0,0,4,50,2
1,4,1,15.3,0,0,0,22,9
6,5,6,15.5,0,0,4,21,2
7,3,7,14.9,0,0,0,52,5
6,3,6,2.9,0,0,2,3,3
10,3,10,17.2,0,0,0,3,8
7,3,7,7.4,0,0,2,33,3
10,3,10,8.6,0,0,0,12,5
11,5,11,10.3,0,0,14,17,13
16,1,16,27.3,0,0,10,39,11
9,1,9,8.4,0,0,10,51,17
7,4,7,11.3,0,0,16,21,5
9,4,9,20.3,0,0,6,9,5
18,2,18,15.0,0,0,0,54,5
21,3,21,5.6,0,0,11,0,14
20,1,20,21.5,0,0,2,21,3
14,4,14,31.7,0,1,9,0,18
4,0,4,14.8,0,0,2,5,3
5,5,5,12.8,0,0,2,3,3
15,1,15,27.4,0,0,0,5,8
6,1,6,9.3,0,0,0,5,5
17,5,17,30.9,0,0,0,4,8
23,2,23,17.0,0,0,0,20,14
4,3,4,9.3,0,0,0,3,8
19,2,19,15.7,0,0,0,13,5
9,0,9,14.8,0,0,0,53,0
5,0,5,8.1,0,0,4,10,3
5,3,5,3.4,0,0,16,21,8
14,6,14,17.6,0,0,6,93,5
14,2,14,16.2,0,0,4,8,3
5,1,5,12.8,0,0,2,3,3
5,4,5,9.7,0,0,2,11,2
6,1,6,11.0,0,0,0,7,8
19,3,19,9.8,0,0,0,44,5
6,2,6,12.4,0,0,15,6,3
17,6,17,17.4,0,0,0,7,8
16,0,16,26.3,0,0,2,5,3
11,3,11,18.4,0,0,0,34,5
7,1,7,11.3,0,0,24,47,23
5,5,5,7.6,0,0,2,11,2
8,5,8,2.8,0,0,0,44,5
8,4,8,5.7,0,0,0,10,5
13,4,13,27.4,1,1,0,48,0
13,1,13,25.0,0,0,0,3,5
16,5,16,18.5,0,0,15,6,3
14,5,14,23.8,0,0,0,29,5
15,4,15,27.2,0,0,0,45,5
8,0,8,2.1,0,0,0,15,8
5,4,5,9.5,0,0,2,8,3
12,0,12,29.5,0,0,2,34,3
12,6,12,21.9,1,0,7,10,7
18,6,18,20.8,0,0,0,16,8
13,1,13,10.9,0,0,2,36,3
16,0,16,8.0,0,0,0,3,8
7,5,7,12.3,0,0,15,6,14
12,2,12,16.0,0,0,0,8,8
23,5,23,15.5,0,0,0,20,0
5,0,5,15.3,0,0,4,10,2
5,0,5,14.0,0,0,10,28,16
7,1,7,9.3,0,0,0,36,5
1,5,1,14.1,0,0,1,2,6
6,0,6,0.9,0,0,0,5,8
16,1,16,25.9,0,0,0,7,8
16,6,16,19.7,0,0,4,3,2
19,2,19,9.9,0,0,0,44,5
8,2,8,18.0,0,0,0,34,5
16,5,16,17.5,0,0,0,34,5
11,5,11,23.9,0,0,0,8,8
7,5,7,4.2,0,0,24,47,23
13,4,13,17.8,0,0,0,9,5
17,4,17,26.3,0,0,2,11,3
16,3,16,13.3,0,0,0,78,8
6,1,6,5.8,0,0,19,102,19
17,6,17,12.7,0,0,0,17,0
7,2,7,9.2,0,0,0,33,5
6,5,6,4.3,0,0,4,21,2
17,2,17,13.6,0,0,0,15,8
20,0,20,21.3,0,1,4,8,3
12,1,12,17.6,0,0,0,7,8
8,3,8,4.3,0,0,0,32,5
16,3,16,16.4,0,0,0,3,8
5,0,5,15.3,0,0,4,16,5
17,2,17,11.8,0,0,4,38,2
7,4,7,1.2,0,0,9,0,10
7,0,7,11.9,0,0,0,13,8
5,0,5,16.5,0,0,4,6,3
9,5,9,7.3,0,0,7,0,7
11,0,11,23.2,0,0,2,16,2
18,4,18,30.2,0,0,0,32,5
1,6,1,13.6,0,0,1,2,6
23,4,23,12.3,0,0,4,8,3
23,0,23,9.9,0,0,0,22,14
5,1,5,11.8,0,0,2,7,2
22,6,22,11.5,0,0,0,25,14
15,6,15,13.3,0,0,4,11,5
0,2,0,5.9,0,0,7,0,7
12,3,12,22.1,0,0,0,5,8
16,2,16,22.5,0,0,0,45,5
16,4,16,7.4,0,0,2,13,2
8,2,8,17.4,0,0,0,9,9
15,0,15,16.6,0,0,2,5,3
13,6,13,29.1,0,1,28,55,0
16,3,16,27.1,0,0,0,11,8
15,3,15,13.0,0,0,2,45,3
13,6,13,12.2,0,0,0,16,8
17,4,17,11.9,0,0,0,54,5
12,5,12,23.5,0,0,7,9,7
16,1,16,22.7,0,0,6,93,5
9,0,9,15.7,0,0,0,8,5
16,5,16,33.0,0,0,18,32,33
4,5,4,4.5,0,0,0,25,5
5,3,5,8.9,0,0,2,4,3
6,4,6,12.9,0,0,4,12,3
0,6,0,14.5,0,0,0,22,9
23,6,23,15.5,0,0,13,19,13
10,5,10,14.5,0,0,17,2,7
1,0,1,11.9,0,0,15,6,3
4,5,4,2.8,0,0,2,11,2
4,4,4,15.8,0,0,2,7,2
7,2,7,10.8,0,0,4,13,3
11,5,11,28.1,0,0,0,44,8
13,2,13,13.9,0,0,2,34,3
12,6,12,20.3,0,0,16,21,8
18,6,18,26.2,0,0,0,16,8
14,5,14,30.1,0,0,2,34,2
16,6,16,25.2,0,0,16,21,8
5,6,5,2.3,0,0,6,9,5
16,4,16,17.1,0,0,0,36,8
13,2,13,29.3,0,0,22,56,4
17,4,17,11.1,0,0,4,38,2
10,3,10,9.4,0,0,2,33,2
1,0,1,18.4,0,0,15,6,3
5,1,5,11.2,0,0,16,21,8
11,5,11,13.3,0,0,0,0,14
16,0,16,19.4,0,0,4,50,2
6,2,6,8.7,0,0,2,8,3
17,0,17,7.9,0,0,4,44,2
23,3,23,8.7,0,0,0,20,0
10,1,10,13.8,0,0,4,13,3
16,0,16,12.1,0,0,0,11,8
11,4,11,13.7,0,0,0,5,8
21,6,21,22.3,0,0,0,9,5
5,2,5,9.6,0,0,2,5,3
7,3,7,12.5,0,1,0,36,5
7,5,7,6.4,0,0,0,8,8
18,0,18,20.5,0,0,16,21,2
16,1,16,19.6,0,0,2,44,2
17,0,17,27.1,0,0,0,44,8
17,1,17,14.6,0,0,2,12,3
17,1,17,19.5,0,0,2,12,2
5,3,5,19.2,0,0,4,8,3
11,5,11,10.2,0,0,0,66,14
8,3,8,3.2,0,0,4,5,3
16,2,16,17.5,0,0,4,44,2
16,5,16,18.8,0,0,0,12,8
11,5,11,11.0,0,0,0,44,8
4,0,4,12.7,0,0,0,5,5
13,1,13,23.0,0,0,0,36,5
14,1,14,18.2,0,0,0,7,5
1,6,1,8.6,0,0,9,0,10
16,3,16,27.8,0,0,2,5,2
14,5,14,18.2,0,0,16,21,8
5,4,5,8.1,0,0,0,25,8
6,5,6,2.5,0,0,4,32,3
1,3,1,13.2,1,2,15,6,3
11,2,11,14.3,0,0,14,17,13
6,3,6,3.7,0,0,15,6,3
11,4,11,15.7,0,0,0,33,5
14,0,14,10.6,0,0,0,13,5
15,0,15,16.5,0,0,0,78,8
5,0,5,13.2,0,0,1,2,6
5,1,5,12.1,0,0,0,27,5
7,4,7,7.2,1,2,0,15,5
11,0,11,11.2,0,0,1,2,1
10,6,10,10.6,0,0,0,44,5
16,3,16,13.0,0,0,0,21,0
5,1,5,10.0,0,0,4,21,2
6,3,6,5.1,0,0,0,5,5
5,1,5,10.7,0,0,0,3,8
17,2,17,14.0,0,0,0,4,8
6,0,6,3.2,0,0,2,21,3
14,6,14,23.1,0,1,9,0,18
8,6,8,13.2,0,0,2,5,3
10,6,10,20.1,0,0,0,3,5
4,0,4,16.1,0,0,0,5,5
15,3,15,15.1,0,0,2,33,3
0,5,0,4.6,0,0,15,6,15
1,4,1,17.2,0,0,0,37,0
3,0,3,13.4,0,0,9,0,10
13,6,13,16.5,0,0,0,13,5
21,5,21,28.5,0,1,6,9,5
7,0,7,12.3,0,0,0,13,8
4,4,4,14.0,0,0,2,5,3
11,0,11,11.4,0,0,0,13,8
4,1,4,9.9,0,0,2,4,3
15,6,15,21.2,0,0,0,78,8
8,2,8,12.8,0,0,2,16,3
11,2,11,23.0,0,0,2,7,3
4,6,4,4.3,0,0,1,2,6
19,6,19,17.2,0,0,0,8,5
7,4,7,8.5,0,0,0,36,8
5,0,5,8.4,0,0,4,5,2
12,5,12,13.3,0,0,2,44,3
9,2,9,5.9,0,0,0,53,14
5,0,5,0.5,0,0,16,21,8
5,3,5,10.8,0,0,0,32,5
16,2,16,36.1,0,0,0,21,5
8,6,8,6.7,0,0,4,3,2
5,4,5,10.4,0,0,0,16,5
6,4,6,14.4,0,0,2,7,3
6,4,6,8.5,0,0,8,0,9
15,3,15,32.4,0,0,4,5,3
8,0,8,4.5,0,0,2,7,3
5,3,5,4.2,0,0,4,21,2
16,5,16,7.7,0,0,0,21,0
17,6,17,32.7,0,0,6,9,5
17,1,17,26.5,0,0,0,3,5
22,4,22,6.0,0,0,11,0,14
7,3,7,10.2,0,0,15,6,14
23,3,23,14.6,0,0,0,0,0
21,6,21,16.9,0,0,4,16,5
16,0,16,17.9,0,0,0,8,5
0,6,0,22.8,0,0,9,0,18
4,4,4,16.9,0,0,5,9,4
7,5,7,13.7,0,0,2,16,3
19,6,19,24.5,0,0,9,0,18
2,5,2,6.1,0,0,0,21,5
5,0,5,12.1,0,0,0,7,5
0,1,0,21.5,0,0,14,17,13
9,0,9,16.0,0,0,0,53,0
10,3,10,17.2,0,0,0,5,8
22,0,22,18.4,0,0,7,0,7
17,6,17,29.0,0,0,0,25,5
5,3,5,7.2,0,0,4,32,5
13,2,13,25.5,0,0,14,17,13
5,1,5,9.3,0,0,4,11,2
0,1,0,11.4,0,0,0,1,0
21,5,21,16.2,0,0,13,19,13
0,0,0,21.1,0,0,0,6,9
3,6,3,9.9,0,0,7,21,7
7,0,7,12.0,0,0,0,13,8
11,2,11,14.0,0,0,2,16,2
5,0,5,9.8,0,0,4,11,2
0,1,0,14.5,0,0,0,6,14
7,3,7,8.1,0,0,0,33,5
18,6,18,14.9,0,0,2,44,3
19,1,19,22.6,0,0,2,4,2
14,4,14,16.9,0,0,0,8,5
20,6,20,20.7,0,0,2,44,2
4,2,4,14.6,0,0,2,7,2
20,6,20,13.3,0,0,2,7,3
17,2,17,20.0,0,0,2,12,2
11,1,11,13.8,0,0,2,34,3
9,4,9,9.5,0,0,2,16,3
21,5,21,19.2,0,0,25,46,14
5,4,5,8.4,0,0,0,25,8
5,2,5,11.0,0,0,1,2,6
18,2,18,11.6,0,0,0,16,8
5,6,5,2.4,0,0,4,11,2
4,1,4,12.1,0,0,0,4,8
16,3,16,33.2,0,0,0,13,8
7,2,7,8.0,0,0,0,8,5
6,2,6,3.6,0,0,0,7,8
15,5,15,19.3,0,0,0,5,8
21,1,21,7.0,0,0,13,19,13
21,4,21,7.3,0,0,0,36,5
15,3,15,14.7,0,0,0,5,8
16,4,16,15.2,0,0,0,36,5
20,3,20,7.9,0,0,2,9,3
9,0,9,6.9,0,0,0,53,0
16,2,16,22.1,0,0,60,27,62
2,4,2,15.1,0,0,1,2,6
2,0,2,17.0,0,0,2,6,3
6,6,6,6.3,0,0,4,32,3
5,1,5,5.6,0,0,0,27,5
17,4,17,11.6,0,0,2,12,2
9,0,9,19.6,1,1,44,48,11
17,1,17,27.0,0,0,2,44,2
6,2,6,1.6,0,0,0,8,8
10,4,10,9.8,0,0,0,5,5
5,2,5,4.7,0,0,2,9,2
5,5,5,13.0,0,0,7,0,7
20,1,20,24.7,0,0,2,21,3
14,5,14,13.2,0,0,0,44,8
15,1,15,18.5,0,0,6,93,5
12,1,12,11.6,0,0,0,13,8
12,2,12,23.0,0,0,0,8,8
21,0,21,12.2,0,0,0,9,8
12,0,12,10.4,0,0,2,7,3
9,0,9,6.9,0,0,10,100,74
11,2,11,12.6,0,0,0,7,5
19,4,19,11.1,0,0,2,5,3
11,6,11,11.6,0,0,0,21,8
12,1,12,19.5,1,0,0,48,14
11,0,11,20.9,0,0,2,4,2
7,5,7,6.6,0,0,2,33,3
12,5,12,8.5,0,0,0,32,5
7,4,7,4.9,0,0,0,9,14
8,0,8,9.5,0,0,4,16,2
9,5,9,22.3,0,0,47,9,47
4,4,4,12.5,0,0,1,2,1
20,0,20,20.1,0,0,0,3,5
21,3,21,24.3,0,1,6,9,5
10,0,10,17.5,0,0,2,16,3
6,6,6,13.3,0,0,0,42,5
5,6,5,9.0,0,0,0,25,8
6,6,6,12.8,0,0,16,89,3
5,5,5,13.3,0,0,2,3,3
7,0,7,7.7,0,0,2,33,3
7,5,7,17.4,0,0,0,34,5
9,0,9,22.6,0,0,18,32,6
5,0,5,16.9,0,0,1,2,6
15,2,15,11.8,0,0,2,44,3
15,0,15,27.6,0,0,4,32,2
7,4,7,11.6,0,0,0,8,8
14,3,14,15.2,0,0,19,48,58
14,4,14,28.3,0,0,2,3,3
16,4,16,26.5,0,0,0,36,5
19,5,19,24.0,0,0,2,16,3
11,3,11,19.1,0,0,0,8,8
6,1,6,10.2,0,0,0,5,8
15,0,15,34.3,0,0,2,45,3
8,3,8,15.1,0,0,2,3,3
0,6,0,20.5,0,0,14,17,13
6,5,6,12.1,0,0,0,9,5
21,5,21,6.5,0,0,13,19,13
10,2,10,8.0,0,0,0,21,0
20,6,20,11.4,0,0,2,9,3
5,1,5,13.1,0,0,0,3,8
6,1,6,13.2,0,0,0,8,8
9,5,9,21.2,0,0,0,53,0
7,3,7,10.4,1,2,0,17,0
5,6,5,13.7,0,0,4,5,2
4,3,4,10.3,0,0,0,11,8
9,6,9,6.0,0,0,0,53,0
6,2,6,12.7,0,0,0,5,8
20,0,20,19.1,0,0,0,5,8
4,2,4,16.8,0,0,2,7,2
14,3,14,15.7,0,0,0,5,5
6,1,6,3.4,0,0,0,8,5
9,0,9,9.4,0,0,0,13,5
0,2,0,14.8,0,0,0,22,9
3,1,3,13.2,0,0,1,2,1
19,0,19,7.5,0,0,2,44,3
1,5,1,15.4,0,0,1,2,6
22,1,22,8.0,0,0,0,9,8
6,5,6,15.7,0,0,0,7,5
6,5,6,10.6,0,0,4,21,3
15,1,15,15.2,0,0,2,13,3
8,6,8,10.7,0,0,0,13,8
5,3,5,14.9,0,0,0,3,8
9,0,9,3.5,0,0,2,8,3
13,5,13,27.4,0,0,0,9,5
19,3,19,8.5,0,0,0,44,5
11,2,11,27.8,0,0,10,39,11
15,3,15,30.5,1,0,4,5,2
22,3,22,9.4,0,0,18,32,33
21,3,21,7.1,0,0,13,19,13
5,1,5,9.9,0,0,7,26,7
15,2,15,12.1,0,0,2,45,3
11,3,11,10.9,0,0,2,33,3
22,0,22,17.6,0,0,16,21,8
17,2,17,14.4,0,0,0,32,5
7,0,7,11.8,0,0,0,33,5
5,3,5,3.0,0,0,0,5,8
17,3,17,12.3,0,0,0,17,0
6,0,6,6.8,0,0,0,8,5
20,0,20,21.0,0,0,0,5,8
21,3,21,17.2,0,0,0,9,8
12,2,12,15.7,0,0,2,13,3
17,6,17,15.2,0,0,0,54,5
20,1,20,12.9,0,0,2,32,3
9,6,9,14.4,0,0,18,32,6
8,1,8,15.2,0,0,4,5,3
18,0,18,14.5,0,0,4,8,3
10,5,10,5.8,0,0,0,9,8
13,4,13,9.9,1,2,6,9,0
6,2,6,9.6,0,0,0,16,5
9,1,9,7.9,0,0,2,33,3
4,2,4,5.0,0,0,6,9,5
18,1,18,27.2,0,0,0,11,8
16,5,16,30.4,0,0,0,4,8
23,5,23,9.8,0,0,0,22,14
16,5,16,28.2,0,0,2,9,2
5,1,5,4.1,0,0,0,7,5
19,4,19,19.9,0,0,6,93,5
0,6,0,14.1,0,0,0,1,0
3,0,3,14.5,0,0,9,0,7
8,5,8,7.6,0,0,0,16,5
5,3,5,3.8,0,0,0,7,8
1,4,1,4.1,0,0,0,37,0
5,2,5,9.1,0,0,0,16,5
10,5,10,18.3,0,1,0,30,5
4,4,4,8.1,1,2,1,2,1
20,5,20,21.6,0,0,2,8,3
7,6,7,6.8,1,0,27,36,0
13,1,13,10.6,0,0,0,32,5
0,6,0,13.5,0,0,1,2,6
17,4,17,26.8,0,0,2,8,3
10,6,10,9.4,0,0,27,36,0
12,1,12,13.6,0,0,2,16,2
7,0,7,10.4,0,0,0,8,8
20,0,20,21.5,0,0,4,3,3
1,3,1,15.2,0,0,0,6,14
14,6,14,11.5,0,0,0,21,8
11,2,11,12.5,0,0,24,28,30
12,0,12,10.2,0,0,0,44,8
6,3,6,9.8,0,0,0,5,8
23,3,23,4.6,0,0,0,0,0
5,0,5,3.8,0,0,2,9,2
11,3,11,8.7,0,0,14,17,13
7,6,7,13.5,0,0,0,8,8
7,4,7,8.9,0,0,0,29,8
20,6,20,17.8,0,0,0,4,8
5,1,5,12.7,0,0,0,7,8
5,3,5,14.1,0,0,0,3,8
6,6,6,13.2,0,0,0,5,8
16,3,16,24.6,0,0,0,45,5
7,4,7,7.0,0,0,2,21,2
8,2,8,6.5,0,0,2,13,2
23,4,23,6.8,0,0,0,43,14
8,2,8,5.8,0,0,0,10,5
11,1,11,13.7,0,0,14,17,13
18,0,18,20.6,0,0,0,36,8
16,3,16,21.7,0,0,2,44,2
19,2,19,11.4,0,0,4,5,5
13,3,13,24.2,0,0,2,7,3
17,3,17,19.8,0,0,2,44,3
11,3,11,18.9,0,0,2,16,2
15,5,15,19.3,0,0,0,11,8
17,0,17,11.4,0,0,2,44,3
3,5,3,7.6,0,0,2,6,3
16,5,16,18.6,0,0,0,11,8
7,0,7,3.2,0,0,2,8,3
1,4,1,12.7,0,0,0,37,0
0,1,0,18.6,0,0,0,22,0
19,0,19,22.5,0,0,2,8,2
13,4,13,14.2,0,0,0,8,8
21,2,21,4.2,0,0,0,3,8
0,6,0,3.2,0,0,0,6,14
4,6,4,3.0,0,0,0,4,8
16,6,16,24.0,0,0,0,36,8
17,6,17,25.3,0,0,2,8,3
14,6,14,15.7,0,0,4,78,2
11,5,11,20.0,0,0,7,0,7
15,5,15,21.0,0,0,0,13,8
17,3,17,32.3,0,0,4,38,3
9,0,9,17.2,0,0,0,10,5
5,4,5,11.6,0,0,0,7,8
23,5,23,13.5,0,0,0,22,14
10,0,10,14.1,0,0,0,7,8
8,2,8,15.5,0,0,2,10,3
8,1,8,16.1,0,0,17,0,7
19,6,19,23.8,0,0,0,4,8
6,0,6,7.9,0,0,10,28,16
11,5,11,17.0,0,0,2,34,3
12,2,12,20.3,0,0,0,3,5
12,6,12,21.7,0,0,0,34,8
19,4,19,10.7,0,0,0,12,5
14,6,14,23.0,0,0,0,3,8
6,1,6,16.4,0,0,0,8,5
7,0,7,10.0,0,0,4,5,3
8,5,8,13.1,0,0,0,10,5
16,0,16,19.9,0,0,2,33,3
7,1,7,5.8,0,0,0,8,8
7,5,7,14.8,0,0,2,16,3
15,6,15,19.3,0,0,16,10,5
23,5,23,11.7,0,0,11,0,14
13,0,13,27.1,0,0,0,7,8
1,1,1,10.0,0,0,0,1,0
17,6,17,26.1,0,0,2,9,2
12,2,12,16.1,0,1,26,49,12
20,6,20,12.1,0,0,4,5,2
5,4,5,16.3,0,0,0,16,5
5,2,5,9.1,0,0,0,4,8
10,2,10,10.3,0,0,19,93,29
4,6,4,19.4,0,0,2,4,3
15,3,15,9.3,1,2,2,3,3
20,5,20,11.7,0,0,0,36,5
8,0,8,4.3,0,0,18,32,26
8,6,8,18.4,0,1,7,36,7
16,1,16,19.1,0,0,0,6,0
14,3,14,21.8,0,0,0,5,8
14,3,14,10.0,0,0,7,9,7
6,6,6,8.2,0,0,4,12,3
9,3,9,16.0,0,0,0,9,8
2,0,2,16.6,0,0,1,2,6
13,6,13,27.3,0,1,27,36,25
8,0,8,7.4,0,0,0,13,8
11,5,11,23.4,0,0,0,3,8
5,3,5,0.9,0,0,0,4,8
18,6,18,15.8,0,0,4,38,3
10,6,10,10.2,0,0,0,25,8
6,6,6,11.1,0,0,4,5,3
13,3,13,13.5,0,0,2,5,2
16,3,16,22.2,0,0,0,6,14
20,3,20,15.2,0,0,0,16,5
22,5,22,4.9,0,0,16,21,8
5,5,5,13.2,0,0,4,10,2
16,3,16,10.7,0,0,0,32,5
12,0,12,27.9,0,0,0,34,5
22,4,22,18.2,0,0,11,0,12
13,5,13,19.7,0,0,4,13,3
7,0,7,10.0,0,0,2,119,3
7,3,7,2.3,0,0,2,16,2
18,3,18,31.5,0,0,0,33,5
4,1,4,10.6,0,0,0,7,5
10,5,10,12.7,0,0,18,32,6
12,3,12,10.7,0,0,7,0,7
8,0,8,2.0,0,0,4,14,3
5,0,5,12.3,0,0,5,9,4
21,1,21,7.1,0,0,2,8,2
10,2,10,15.2,0,1,2,5,3
20,6,20,22.7,0,0,2,7,3
1,6,1,14.4,0,0,16,21,5
6,0,6,13.5,0,0,0,7,8
20,3,20,19.6,0,0,0,17,0
9,2,9,5.4,0,0,19,7,38
11,2,11,8.7,0,0,2,16,2
6,3,6,8.9,0,0,0,16,8
6,3,6,9.4,0,0,0,5,8
16,6,16,19.1,0,0,2,8,2
2,2,2,14.1,0,0,16,21,8
15,5,15,31.8,0,0,2,13,2
13,4,13,22.2,0,0,0,32,5
6,6,6,10.5,0,0,0,8,8
5,5,5,0.9,0,0,2,9,2
2,3,2,16.1,0,0,8,6,9
6,0,6,9.5,0,0,16,21,5
11,1,11,8.3,0,0,0,16,8
9,5,9,8.7,0,0,0,8,5
8,5,8,9.4,0,0,0,13,8
15,6,15,29.3,0,0,0,78,8
14,5,14,13.6,0,0,2,34,2
0,1,0,12.0,0,0,2,21,3
13,5,13,26.1,0,0,4,32,3
6,4,6,4.5,0,0,2,32,3
7,6,7,6.2,0,0,0,5,8
21,4,21,19.7,0,1,0,36,5
16,4,16,8.4,1,2,0,33,8
16,2,16,11.9,0,0,0,45,5
23,4,23,7.3,0,0,2,21,3
12,0,12,8.3,0,0,2,13,3
7,0,7,10.0,0,0,0,4,8
7,2,7,5.4,0,0,0,13,5
8,0,8,10.8,0,0,18,32,6
16,4,16,21.4,0,0,0,36,8
16,0,16,8.0,0,0,4,7,5
21,5,21,18.8,0,0,2,9,2
9,5,9,6.2,0,0,0,8,8
18,6,18,28.1,0,1,16,21,8
16,2,16,26.3,0,0,16,10,8
15,2,15,24.5,0,0,15,6,3
20,3,20,22.7,0,0,0,16,5
16,3,16,28.9,0,0,0,13,8
7,4,7,4.4,0,0,2,33,3
8,4,8,13.8,0,0,0,44,5
7,2,7,15.7,0,0,2,16,2
0,2,0,13.8,0,0,0,1,0
7,3,7,8.6,0,0,36,56,10
10,2,10,12.9,0,0,2,7,3
6,0,6,5.8,0,0,0,5,5
14,6,14,15.9,0,0,4,78,2
10,0,10,10.9,0,0,4,8,3
23,3,23,7.8,0,0,0,43,14
7,2,7,3.4,0,0,0,7,5
9,0,9,3.7,0,0,0,29,5
0,0,0,13.6,0,0,0,43,14
14,5,14,23.6,0,0,0,9,5
16,4,16,13.5,0,0,2,33,2
17,1,17,27.4,0,0,0,44,8
12,0,12,22.1,0,0,0,8,8
1,2,1,19.1,0,0,0,6,0
7,6,7,12.9,0,0,0,5,8
5,4,5,12.8,0,0,4,7,2
13,0,13,21.3,0,0,26,49,13
11,2,11,8.8,0,0,0,3,5
17,6,17,12.9,0,2,0,13,5
16,4,16,8.5,1,2,16,11,5
16,4,16,11.9,0,0,0,44,5
15,3,15,27.7,0,0,2,58,3
15,1,15,18.6,0,0,16,21,8
1,2,1,17.2,0,0,0,6,14
7,1,7,10.2,0,0,17,0,7
10,0,10,19.0,0,0,10,33,11
14,1,14,26.2,0,0,0,34,5
6,0,6,11.4,0,0,0,5,8
18,3,18,27.5,0,0,2,12,2
11,5,11,15.4,0,0,16,21,8
5,6,5,9.7,0,0,6,9,5
10,2,10,13.0,0,0,0,44,8
0,6,0,20.1,0,0,0,0,0
4,1,4,16.8,0,0,0,27,5
20,3,20,9.6,0,0,0,16,8
12,1,12,26.2,0,0,0,13,8
19,0,19,8.3,0,0,16,21,8
4,2,4,11.9,0,0,2,4,3
6,6,6,3.6,0,0,0,16,5
7,1,7,4.3,0,0,0,8,8
14,5,14,19.1,0,0,15,6,3
13,4,13,16.3,0,0,0,9,5
13,5,13,15.5,0,0,4,11,5
21,1,21,19.3,0,0,2,9,2
16,1,16,25.4,0,0,0,44,5
9,5,9,15.2,0,0,0,0,0
12,3,12,10.3,0,0,26,49,13
13,3,13,10.8,0,0,2,34,3
0,5,0,12.6,0,0,0,22,0
18,6,18,18.6,0,0,16,11,5
5,2,5,15.5,0,0,0,3,5
21,3,21,12.5,0,0,13,19,13
16,6,16,29.8,0,0,16,21,8
11,2,11,10.9,0,0,0,7,8
5,6,5,13.5,0,0,4,5,2
7,5,7,4.6,0,0,4,32,3
8,3,8,8.9,0,0,0,53,0
19,3,19,26.2,0,0,0,9,5
4,3,4,9.4,0,0,2,11,2
8,6,8,7.8,0,0,0,21,8
13,6,13,11.0,0,0,4,16,3
19,3,19,12.6,0,0,4,16,5
8,6,8,4.4,0,0,0,10,5
8,5,8,0.9,0,0,18,32,6
5,1,5,9.8,0,0,0,16,8
13,2,13,12.2,0,0,0,33,5
12,0,12,20.8,0,0,0,8,8
8,4,8,18.8,0,0,10,16,44
4,0,4,13.3,0,0,0,3,8
8,6,8,8.3,0,0,0,13,8
4,6,4,17.4,0,0,13,19,13
23,0,23,15.3,0,0,0,0,0
8,3,8,5.8,0,0,4,5,3
9,4,9,13.9,0,0,0,30,5
1,2,1,11.8,0,0,23,41,15
13,2,13,14.2,0,0,18,32,6
15,2,15,12.1,0,0,2,5,3
7,0,7,9.8,0,0,16,21,8
12,2,12,21.8,0,0,2,7,3
16,6,16,24.6,0,0,0,6,14
22,2,22,11.5,0,0,18,32,26
5,0,5,8.2,0,0,0,11,8
0,4,0,12.2,0,0,23,41,15
17,1,17,4.4,0,0,0,7,5
4,2,4,11.8,0,0,0,11,8
5,3,5,8.8,0,0,4,21,2
7,4,7,4.7,0,0,0,13,8
4,6,4,9.8,0,0,0,7,8
4,6,4,3.0,0,0,9,0,18
10,1,10,9.6,0,0,0,21,14
9,6,9,9.6,0,0,0,57,0
14,5,14,12.9,0,0,0,3,8
10,6,10,9.6,0,0,0,34,5
14,2,14,18.7,0,0,4,8,3
7,4,7,18.3,0,1,9,0,10
15,0,15,12.3,0,0,4,5,3
5,6,5,15.0,0,0,4,5,3
12,0,12,30.9,0,0,0,44,8
18,0,18,14.2,0,0,0,5,8
6,1,6,8.9,0,0,0,5,8
5,4,5,5.9,0,0,0,5,5
10,2,10,10.6,0,0,0,8,8
17,4,17,16.1,0,0,6,9,0
14,4,14,16.6,0,0,16,21,8
1,5,1,7.6,0,0,1,2,6
8,1,8,12.0,0,1,17,0,7
7,0,7,8.8,0,0,2,5,3
7,1,7,5.8,0,0,2,8,3
18,1,18,19.2,0,0,4,7,3
4,2,4,13.8,0,0,0,16,5
7,3,7,9.5,0,0,2,42,3
11,0,11,9.8,0,0,2,16,2
6,3,6,12.5,0,0,4,21,2
12,6,12,10.4,0,0,2,30,3
15,3,15,14.5,0,0,2,4,2
21,2,21,15.6,0,0,4,7,3
23,4,23,16.8,0,0,18,36,6
10,5,10,18.4,0,1,0,8,5
13,5,13,29.7,0,0,10,96,17
0,6,0,17.2,0,0,11,23,14
6,1,6,10.7,0,0,0,45,5
15,6,15,20.4,0,0,0,11,8
15,6,15,11.3,0,0,16,10,5
8,4,8,15.5,0,0,0,9,5
6,5,6,11.9,0,0,2,3,3
12,4,12,14.2,0,0,0,5,8
17,0,17,27.0,0,1,2,5,3
5,3,5,8.7,0,0,2,7,2
21,2,21,17.2,0,0,4,5,2
5,4,5,12.5,0,0,0,7,5
3,5,3,1.6,0,0,2,6,3
15,6,15,20.9,0,0,2,54,3
18,3,18,25.9,0,0,0,32,5
4,1,4,10.6,0,0,2,7,3
6,6,6,7.9,0,0,15,6,14
12,0,12,17.0,0,0,2,30,3
5,0,5,9.9,0,0,0,5,8
4,1,4,13.4,0,0,2,3,2
18,0,18,24.8,0,0,16,21,8
12,6,12,15.4,0,0,26,49,13
19,6,19,9.5,0,0,0,13,8
13,3,13,17.6,0,0,18,32,6
18,3,18,26.0,0,0,0,44,8
0,3,0,12.6,0,0,0,22,14
5,4,5,11.1,0,0,0,4,8
8,4,8,3.1,0,0,0,33,5
20,5,20,11.7,0,0,0,17,0
17,1,17,25.7,0,0,16,11,8
14,1,14,11.4,0,0,16,110,8
8,2,8,9.8,0,0,0,3,8
7,6,7,8.3,0,0,15,6,14
6,0,6,13.2,0,0,10,28,16
6,0,6,8.3,0,0,4,32,3
4,0,4,15.0,0,0,0,4,5
8,2,8,9.8,0,0,2,16,2
14,1,14,21.6,0,0,2,33,3
6,4,6,11.6,0,0,0,3,5
7,5,7,5.6,0,0,2,12,2
19,1,19,6.8,0,0,2,54,3
19,5,19,27.4,0,0,0,8,8
7,6,7,0.4,0,0,4,13,2
17,6,17,16.5,0,0,2,44,2
4,0,4,14.9,0,0,0,25,5
19,1,19,11.2,0,0,2,32,3
5,0,5,2.6,0,0,2,5,3
1,5,1,6.5,0,0,7,0,7
21,4,21,23.7,0,0,0,44,5
5,0,5,3.4,0,0,0,7,8
18,4,18,15.5,0,0,0,32,5
12,1,12,18.4,0,0,0,16,8
3,2,3,3.9,0,0,7,0,7
11,1,11,8.0,0,0,2,3,3
18,6,18,16.5,0,0,2,4,3
7,0,7,5.4,0,0,0,13,8
16,5,16,24.5,0,0,0,4,5
6,0,6,3.4,0,0,6,9,5
6,0,6,13.8,0,0,0,5,5
5,4,5,11.9,0,0,0,5,5
23,6,23,4.9,0,0,0,20,14
13,3,13,24.2,0,0,0,21,8
10,1,10,10.4,0,0,2,33,3
12,5,12,12.9,0,0,27,36,0
6,3,6,3.7,0,0,4,5,3
19,1,19,26.9,0,0,4,7,2
10,4,10,23.3,0,0,0,53,0
5,3,5,7.7,0,0,2,3,2
7,0,7,8.2,0,0,2,119,3
10,2,10,16.4,0,0,0,33,5
9,2,9,14.4,0,0,2,34,3
4,5,4,1.5,0,0,0,4,8
0,3,0,11.7,0,0,0,25,5
5,0,5,16.4,0,0,4,7,5
4,3,4,13.2,0,0,4,6,3
19,1,19,14.0,0,0,2,54,3
11,1,11,15.2,0,0,0,33,8
20,5,20,9.9,0,0,0,4,8
5,3,5,6.8,0,0,4,7,3
5,0,5,3.8,0,0,6,9,5
1,1,1,13.1,0,0,1,2,6
15,4,15,14.6,0,0,2,9,3
11,5,11,15.4,0,0,1,2,1
7,5,7,14.0,0,0,0,16,8
12,3,12,9.4,0,0,0,7,8
15,5,15,17.5,0,0,2,44,2
7,5,7,12.3,0,0,0,33,8
1,3,1,6.6,0,0,0,1,0
4,6,4,14.3,0,0,0,4,8
23,3,23,9.0,0,0,0,43,14
9,5,9,6.4,0,0,17,2,7
21,1,21,19.5,0,0,2,9,2
5,0,5,1.9,0,0,16,21,8
17,1,17,19.8,0,0,0,78,8
6,3,6,12.0,0,0,0,12,8
23,0,23,11.0,0,0,0,22,0
5,6,5,11.4,0,0,0,3,8
4,0,4,15.2,0,0,2,3,3
21,4,21,14.2,0,0,2,9,2
13,1,13,20.3,0,0,0,61,8
11,4,11,16.9,0,0,2,33,3
16,6,16,18.5,0,0,6,9,0
7,5,7,12.9,0,0,9,26,18
10,4,10,11.1,0,0,0,13,8
14,4,14,17.7,0,0,0,29,8
6,2,6,9.1,0,0,0,3,8
17,3,17,9.9,0,0,0,7,8
16,1,16,18.1,0,0,0,10,8
14,2,14,28.3,0,0,27,36,0
7,6,7,12.8,0,0,0,7,8
5,0,5,8.0,0,0,0,4,8
16,2,16,29.3,0,1,4,7,2
19,6,19,12.7,0,0,2,7,2
19,2,19,15.5,0,0,0,17,0
5,0,5,11.5,0,0,0,21,14
1,0,1,14.5,0,0,23,41,15
16,4,16,11.1,0,0,10,7,17
8,4,8,5.9,0,0,0,54,8
14,5,14,13.5,0,0,0,9,8
13,5,13,19.3,0,0,19,15,63
4,0,4,11.3,0,0,0,4,8
5,2,5,14.7,0,0,0,11,8
4,1,4,16.3,0,0,2,3,3
17,1,17,9.9,0,0,6,9,0
12,3,12,13.5,0,0,7,9,7
1,6,1,12.5,0,0,0,62,0
12,0,12,8.6,0,0,26,49,13
6,6,6,4.4,0,0,0,4,8
13,4,13,13.7,0,0,0,44,8
7,1,7,9.2,0,0,0,21,14
3,0,3,14.8,0,0,2,6,3
20,2,20,17.3,0,0,2,21,3
17,4,17,30.3,0,0,19,35,44
15,0,15,28.6,0,0,19,33,64
12,4,12,14.6,0,0,2,8,3
7,1,7,11.8,0,0,15,6,69
12,3,12,27.9,0,1,26,49,12
15,1,15,18.0,0,0,0,45,5
4,4,4,13.3,0,0,2,7,2
5,0,5,6.5,0,0,0,7,8
6,4,6,8.2,0,0,2,21,2
1,5,1,18.9,0,0,15,6,3
0,0,0,22.0,0,0,11,23,14
10,3,10,11.5,0,0,0,30,5
1,6,1,14.3,0,0,0,6,14
12,4,12,11.3,1,2,1,8,6
3,6,3,15.9,0,0,1,2,6
14,6,14,22.9,0,1,29,26,10
15,4,15,18.6,0,0,28,55,0
17,6,17,26.0,0,0,0,11,8
15,4,15,19.4,0,0,10,7,17
19,0,19,17.3,0,0,2,16,3
15,1,15,27.2,0,0,16,110,2
8,1,8,11.1,0,0,4,7,3
4,6,4,4.5,0,0,0,7,8
15,4,15,21.4,0,0,16,21,8
20,1,20,5.9,0,0,0,36,5
19,4,19,11.2,0,0,2,4,3
9,3,9,9.2,0,0,2,16,3
11,2,11,11.0,0,0,0,13,8
5,0,5,4.8,0,0,4,12,3
5,4,5,12.9,0,0,2,119,3
18,0,18,7.8,0,0,0,13,5
15,4,15,18.3,0,0,0,45,5
10,2,10,10.7,0,0,0,53,14
3,3,3,11.3,0,0,7,21,7
15,2,15,13.4,0,0,4,16,2
12,4,12,19.0,0,0,0,5,8
19,3,19,23.5,0,0,0,44,5
7,4,7,8.9,0,0,0,36,8
0,5,0,16.0,0,0,0,0,0
6,6,6,7.2,0,0,4,21,2
6,1,6,11.3,0,0,0,27,5
11,6,11,13.0,0,0,14,17,13
20,5,20,8.3,0,0,2,9,2
12,5,12,28.0,0,0,0,34,5
11,3,11,20.9,0,0,4,16,3
1,3,1,16.4,0,0,1,2,6
14,1,14,11.8,0,0,4,21,2
17,0,17,12.5,0,0,0,13,8
3,0,3,10.3,0,0,20,0,7
19,0,19,10.3,0,0,0,44,8
22,0,22,25.2,0,1,12,18,7
7,5,7,4.1,0,0,0,29,8
11,6,11,21.2,0,0,0,8,8
3,2,3,12.4,0,0,21,36,7
0,6,0,16.0,0,0,35,43,0
0,1,0,13.6,0,0,7,120,7
7,2,7,8.2,0,0,0,13,5
14,4,14,15.8,0,0,16,21,8
5,4,5,17.5,0,0,2,5,3
9,1,9,16.0,0,0,0,21,8
10,6,10,16.2,0,0,0,34,5
20,6,20,10.7,0,0,4,3,2
6,0,6,10.0,0,0,4,32,5
6,6,6,9.7,0,0,0,8,8
6,6,6,7.7,0,0,0,52,5
16,0,16,13.9,0,0,2,33,3
23,2,23,8.3,0,0,0,4,5
20,5,20,12.1,0,0,7,0,7
17,6,17,14.1,0,0,2,44,3
16,4,16,30.0,0,0,0,7,8
8,3,8,15.2,0,0,2,16,3
4,2,4,9.8,0,0,2,5,3
13,6,13,15.1,0,0,0,61,5
4,6,4,15.7,0,0,0,12,5
4,2,4,12.0,0,0,0,3,8
6,5,6,12.7,0,0,4,32,3
1,0,1,8.8,0,0,0,37,0
2,1,2,6.5,0,0,15,14,3
8,1,8,9.7,0,0,18,32,6
9,0,9,9.2,0,0,44,25,58
6,5,6,2.0,0,0,2,32,3
14,5,14,21.6,0,0,0,16,8
19,0,19,28.0,0,0,0,8,8
20,5,20,11.7,0,0,0,25,8
6,1,6,10.9,0,0,2,32,3
23,5,23,4.0,0,0,2,21,3
17,1,17,27.9,0,1,0,4,5
5,5,5,11.7,0,0,2,5,3
19,5,19,26.0,0,0,16,21,5
8,2,8,9.0,0,0,0,5,8
4,0,4,13.7,0,0,0,12,8
21,2,21,17.2,0,0,4,7,3
11,3,11,10.5,0,0,14,17,13
0,0,0,21.8,0,0,21,36,7
18,4,18,25.5,0,0,2,12,3
4,3,4,6.7,0,0,7,21,7
16,5,16,16.7,0,0,0,6,14
2,5,2,7.5,1,2,0,4,8
8,4,8,13.8,0,0,0,10,5
5,0,5,3.8,0,0,2,9,2
22,0,22,8.5,0,0,0,7,8
6,3,6,12.6,0,0,4,50,2
17,6,17,16.5,0,0,4,7,2
11,1,11,22.4,0,0,0,7,8
16,1,16,13.8,0,0,4,44,3
18,5,18,26.3,0,0,6,9,0
15,2,15,20.7,0,0,2,44,3
1,3,1,18.4,0,0,15,6,15
22,6,22,7.2,0,0,16,21,2
9,2,9,10.6,0,0,0,21,8
10,5,10,17.0,0,0,2,45,3
10,4,10,10.7,0,0,17,0,7
1,3,1,1.9,0,0,15,6,3
7,4,7,17.3,0,0,4,13,2
12,2,12,24.0,0,1,26,49,13
5,4,5,10.5,0,0,1,2,6
7,3,7,17.6,0,0,2,33,3
22,3,22,6.5,0,0,0,4,8
10,3,10,22.2,0,0,10,35,17
10,5,10,18.7,0,0,0,25,8
12,1,12,24.1,0,0,1,2,1
1,6,1,16.4,0,0,23,41,15
1,5,1,15.9,0,0,0,1,0
20,1,20,13.1,0,0,2,8,2
19,0,19,28.6,0,0,0,16,5
11,3,11,10.4,0,0,0,53,0
19,0,19,14.6,0,0,2,8,3
18,1,18,19.8,0,0,0,13,8
12,2,12,21.4,0,0,18,32,6
5,4,5,10.6,0,0,0,25,8
15,6,15,21.5,0,0,2,9,3
7,3,7,3.5,0,0,2,8,3
22,3,22,16.1,0,0,0,25,8
18,2,18,13.5,0,0,16,11,2
22,3,22,8.2,0,0,14,17,13
15,0,15,34.6,0,0,16,21,8
1,0,1,14.2,0,0,0,37,0
13,5,13,18.0,0,0,2,12,3
14,1,14,26.8,0,1,0,13,8
8,2,8,2.6,0,0,0,33,8
9,2,9,14.8,0,0,2,34,3
21,2,21,8.4,0,0,22,56,4
8,3,8,8.1,0,0,2,13,3
12,3,12,22.6,0,0,56,48,53
13,1,13,25.4,0,0,4,7,3
5,4,5,8.5,0,0,2,11,2
10,0,10,14.3,0,0,0,68,14
14,1,14,29.4,0,0,0,29,8
17,6,17,28.7,0,0,22,56,4
8,4,8,9.7,0,0,0,15,5
18,2,18,7.4,0,0,0,13,8
12,5,12,14.2,0,1,0,11,5
10,5,10,8.4,0,0,0,12,5
14,0,14,18.0,0,0,0,8,5
3,1,3,17.0,0,0,1,2,6
6,3,6,8.4,0,0,0,7,8
12,6,12,12.9,0,0,0,11,8
5,0,5,17.0,0,0,4,21,2
11,3,11,19.9,1,0,16,21,5
5,3,5,4.2,0,0,0,16,5
8,3,8,1.6,0,0,0,44,8
13,0,13,26.1,0,0,0,7,8
15,2,15,25.7,0,0,6,93,5
13,1,13,24.8,0,0,0,33,5
9,5,9,17.1,0,0,6,9,5
22,6,22,16.6,0,0,11,0,12
5,1,5,15.2,0,0,4,5,2
23,1,23,7.0,0,0,0,43,14
15,1,15,18.9,0,0,4,8,3
7,4,7,13.6,0,0,2,8,3
2,3,2,5.3,0,0,15,14,3
1,3,1,14.8,0,0,15,6,3
6,4,6,6.9,0,0,2,119,3
12,0,12,21.3,0,0,0,8,8
6,1,6,10.2,0,0,16,21,2
23,3,23,16.4,0,0,16,21,5
17,1,17,11.6,0,0,0,33,5
22,0,22,9.4,0,0,14,17,13
6,0,6,12.2,0,0,2,8,2
6,3,6,15.0,0,0,0,12,8
5,0,5,14.2,0,0,0,5,8
5,6,5,8.1,0,0,2,9,2
13,4,13,15.9,0,0,2,36,3
8,1,8,13.5,0,0,0,33,8
6,1,6,14.6,0,0,0,16,5
5,1,5,11.0,0,0,6,9,5
6,3,6,19.3,0,0,4,32,5
16,4,16,7.3,0,0,0,17,14
11,3,11,18.7,0,0,27,36,0
4,2,4,14.1,0,0,2,3,2
7,1,7,15.7,0,0,4,5,3
5,4,5,13.5,0,0,2,3,2
9,2,9,15.3,0,1,18,32,33
5,2,5,9.9,0,0,6,9,5
21,6,21,24.6,0,0,16,21,8
9,4,9,9.1,0,0,0,53,0
5,4,5,8.1,0,0,2,7,3
7,0,7,3.6,0,0,10,100,57
15,6,15,18.5,0,1,0,44,5
18,4,18,28.0,0,0,0,13,5
4,6,4,15.4,0,0,0,25,5
20,3,20,8.5,1,2,0,53,14
18,5,18,26.2,0,0,0,44,5
11,6,11,12.9,0,0,14,17,13
17,0,17,27.9,0,0,0,21,0
21,4,21,13.2,0,0,0,4,5
23,6,23,13.9,0,0,0,25,5
8,2,8,4.1,0,0,0,33,5
7,3,7,10.2,0,0,0,29,8
13,2,13,19.1,0,0,2,3,2
19,3,19,13.6,0,0,0,13,5
0,1,0,21.5,0,0,0,6,14
18,2,18,24.5,0,0,2,4,3
6,5,6,8.6,0,0,15,6,14
1,4,1,9.3,0,0,2,36,2
21,1,21,19.4,0,0,16,21,2
4,4,4,2.4,0,0,1,2,6
6,1,6,9.3,0,0,4,7,3
15,0,15,26.8,0,0,0,3,5
16,5,16,7.6,0,0,0,32,5
5,2,5,4.4,0,0,4,21,2
17,6,17,15.0,0,0,0,15,5
13,0,13,17.3,0,0,0,9,5
17,2,17,26.0,0,0,0,15,8
14,1,14,25.7,0,0,33,62,0
4,2,4,12.0,0,0,2,5,3
11,3,11,11.7,0,0,0,0,14
14,3,14,15.3,0,0,15,6,3
15,3,15,34.8,0,0,2,7,2
5,6,5,9.2,0,0,2,4,3
4,1,4,8.8,0,0,0,5,8
6,1,6,9.6,0,0,2,8,2
20,6,20,9.5,0,0,0,3,8
0,1,0,14.8,0,0,0,1,0
13,1,13,18.2,0,0,0,3,5
20,0,20,8.6,0,0,4,5,3
6,0,6,8.0,0,0,2,3,3
21,0,21,10.6,0,0,4,8,3
5,2,5,18.1,0,0,0,7,5
15,0,15,25.5,0,0,4,44,5
16,2,16,7.2,0,0,2,44,2
6,4,6,12.4,0,0,0,12,8
15,1,15,17.7,0,0,0,12,8
8,6,8,10.8,0,0,0,45,5
11,1,11,18.5,0,0,4,8,5
13,1,13,24.2,0,0,21,26,7
6,6,6,17.6,0,0,0,3,8
17,1,17,27.7,0,0,0,21,0
0,3,0,8.9,0,0,1,2,6
10,0,10,6.9,0,0,0,45,5
10,1,10,16.7,0,0,2,3,3
21,0,21,6.2,0,0,11,0,14
14,2,14,27.2,0,0,2,11,3
21,3,21,8.3,0,0,11,0,14
0,4,0,5.7,0,0,1,2,6
10,4,10,9.3,0,0,0,44,8
13,3,13,10.0,1,2,4,50,3
9,2,9,16.2,0,0,2,13,2
1,6,1,14.6,0,0,1,2,6
4,2,4,9.7,0,0,0,7,8
10,3,10,22.0,0,0,2,3,3
6,1,6,11.1,0,0,2,9,2
11,2,11,17.7,0,0,10,129,17
6,5,6,15.0,0,0,6,9,5
7,4,7,11.1,0,0,0,36,8
17,4,17,17.3,0,0,6,9,0
5,3,5,7.5,0,0,0,16,5
16,0,16,27.5,0,0,0,7,8
14,3,14,19.5,1,2,0,34,5
4,5,4,16.3,0,0,0,12,5
13,0,13,17.4,0,0,2,36,3
15,2,15,14.1,0,0,2,7,2
17,4,17,31.5,0,0,10,134,43
6,0,6,16.7,0,0,4,12,2
14,5,14,12.9,0,0,2,34,3
0,0,0,14.6,1,0,0,3,5
10,6,10,12.2,0,0,0,13,8
5,5,5,11.7,0,0,1,2,6
20,0,20,7.7,0,0,2,16,3
2,1,2,12.9,0,0,1,2,6
16,6,16,24.7,0,0,0,3,5
5,3,5,8.6,0,0,2,10,3
5,6,5,9.2,0,0,2,7,2
4,1,4,4.8,0,0,0,11,8
8,5,8,6.7,0,0,0,9,8
22,1,22,16.9,0,0,11,0,12
8,3,8,5.8,0,0,0,54,5
15,4,15,16.5,0,0,4,54,5
9,0,9,22.7,0,0,4,16,3
19,2,19,10.9,0,0,4,7,3
10,4,10,6.4,1,2,7,78,7
16,1,16,26.1,0,0,0,3,5
14,4,14,15.6,0,2,19,118,77
20,1,20,14.6,0,0,4,5,2
9,6,9,13.3,0,0,18,32,6
21,0,21,24.2,0,0,0,4,5
5,6,5,15.9,0,0,4,6,3
7,6,7,19.1,0,0,0,8,8
5,2,5,4.6,0,0,2,5,3
17,4,17,11.7,0,0,0,33,8
16,2,16,13.5,0,0,4,44,2
9,6,9,11.4,0,0,2,16,2
14,4,14,28.3,0,0,29,26,10
11,1,11,15.1,0,0,0,5,8
11,1,11,16.8,0,0,0,34,5
13,5,13,20.4,0,0,0,3,8
8,6,8,20.4,0,0,43,9,46
7,4,7,8.5,0,0,0,13,8
6,2,6,14.2,0,0,0,5,5
17,0,17,17.5,0,0,0,8,8
19,6,19,25.3,0,0,0,3,5
22,4,22,7.2,0,0,11,0,14
22,0,22,7.7,0,0,14,17,13
17,2,17,20.1,0,0,0,21,8
0,2,0,19.2,0,0,0,22,0
4,1,4,9.8,0,0,6,9,5
11,3,11,9.9,0,0,2,16,3
23,0,23,15.1,0,0,7,0,7
19,0,19,13.0,0,0,0,8,8
9,0,9,7.0,0,0,27,36,0
11,2,11,8.7,0,0,0,21,8
15,1,15,21.5,0,0,0,53,14
23,6,23,6.9,0,0,4,8,3
5,0,5,3.8,0,0,0,5,5
9,0,9,17.0,0,0,18,32,6
9,4,9,20.2,0,0,0,42,5
18,0,18,18.5,0,0,2,8,3
4,4,4,16.4,0,0,0,5,5
21,6,21,17.9,0,0,0,25,8
9,6,9,11.5,0,0,0,9,5
23,4,23,8.2,0,0,0,0,0
5,4,5,15.2,0,0,0,52,5
17,6,17,26.5,0,0,0,21,0
4,5,4,14.3,0,0,0,25,8
9,5,9,21.6,0,0,0,43,14
23,4,23,17.0,0,0,4,54,3
11,4,11,17.9,0,0,0,54,8
13,2,13,16.2,0,0,0,8,5
5,4,5,4.8,0,0,4,3,2
13,0,13,15.5,0,0,0,8,8
2,3,2,8.1,0,0,15,6,3
19,0,19,14.7,0,0,0,5,8
3,1,3,16.5,0,0,1,2,1
11,0,11,21.2,0,0,14,17,13
5,0,5,13.2,0,0,4,3,3
4,2,4,9.0,0,0,6,9,5
11,0,11,16.1,0,0,2,16,2
3,3,3,4.4,0,0,8,0,9
12,5,12,25.8,0,0,0,21,8
11,6,11,20.0,0,0,0,13,5
16,2,16,29.6,0,0,4,5,2
6,3,6,10.8,0,0,2,9,2
6,6,6,18.6,0,0,2,9,2
14,1,14,15.4,0,0,16,21,8
19,2,19,13.2,0,0,2,32,3
11,5,11,10.3,0,0,17,2,7
16,3,16,29.0,0,1,24,47,23
8,5,8,7.8,0,0,0,21,8
6,0,6,13.4,0,0,24,47,22
13,3,13,22.4,0,0,2,7,3
6,5,6,8.4,0,0,0,12,8
0,3,0,5.8,0,0,15,6,15
1,1,1,6.6,0,0,0,1,0
19,2,19,12.7,0,0,4,16,5
10,3,10,10.3,0,0,10,79,17
5,5,5,13.5,0,0,1,2,6
4,1,4,10.3,0,0,2,3,3
5,0,5,16.2,0,0,2,7,3
6,5,6,13.7,0,0,4,32,3
19,0,19,7.8,0,0,0,44,8
6,0,6,10.0,0,0,2,7,3
13,5,13,12.2,0,0,0,3,8
19,4,19,14.5,0,0,0,25,8
8,4,8,9.0,0,0,19,54,29
6,5,6,8.7,0,0,0,8,8
13,1,13,16.9,0,0,0,61,8
13,2,13,11.4,0,0,14,24,9
18,6,18,25.5,0,0,16,11,5
18,5,18,14.3,0,0,0,13,5
8,3,8,8.4,0,0,2,13,2
10,5,10,14.6,0,0,0,30,5
9,4,9,7.7,0,0,0,44,8
20,6,20,15.4,0,0,0,9,14
23,5,23,9.4,0,0,0,20,0
4,3,4,17.1,0,0,0,7,5
8,5,8,17.4,0,0,0,9,14
4,3,4,7.1,0,0,2,11,2
2,4,2,9.2,0,0,1,2,1
14,4,14,16.8,0,0,4,16,3
16,2,16,19.8,0,0,16,21,2
0,1,0,7.5,0,0,0,0,0
1,4,1,17.0,0,0,1,2,6
11,0,11,22.7,0,0,0,5,8
5,4,5,15.2,0,0,0,8,5
14,0,14,30.8,0,0,2,45,3
5,2,5,13.7,0,0,2,11,5
11,2,11,18.8,0,0,0,44,8
15,4,15,30.0,0,0,0,9,8
19,5,19,26.5,0,0,18,32,26
21,2,21,21.9,0,0,25,46,14
18,1,18,28.3,0,0,0,16,8
5,5,5,11.5,0,0,4,10,2
14,6,14,16.8,0,0,9,0,18
15,0,15,24.9,0,0,16,21,8
21,3,21,9.4,0,0,0,25,5
8,0,8,3.7,0,0,10,100,28
4,4,4,7.7,0,0,6,9,5
18,3,18,13.0,0,0,4,7,2
6,2,6,1.5,0,0,0,5,8
10,6,10,10.3,0,0,0,57,0
15,6,15,17.5,0,0,0,5,8
17,0,17,20.8,0,0,4,44,3
13,6,13,14.7,0,0,2,45,3
11,6,11,11.9,0,0,1,2,1
22,3,22,24.5,0,1,2,8,3
9,0,9,12.7,0,0,2,21,2
10,0,10,22.5,0,0,10,76,31
8,3,8,8.1,0,0,0,10,5
11,3,11,9.0,0,0,0,53,14
16,1,16,20.8,0,0,0,44,8
13,0,13,15.3,0,0,0,21,0
22,3,22,9.1,0,0,18,32,6
19,3,19,15.1,0,0,2,54,3
5,3,5,14.2,0,0,0,25,5
6,5,6,11.2,0,0,0,25,5
9,3,9,11.9,0,0,2,3,3
18,1,18,24.7,0,0,0,13,5
10,6,10,10.6,0,0,22,56,4
9,2,9,13.6,0,0,0,9,14
18,0,18,13.4,0,0,0,36,8
9,4,9,13.3,0,0,18,32,6
5,4,5,4.4,0,0,2,5,3
0,4,0,20.7,0,0,0,6,14
9,1,9,5.1,0,0,0,44,5
10,4,10,6.5,1,2,33,62,0
5,2,5,14.6,0,0,0,5,8
20,6,20,26.8,0,0,0,3,5
17,3,17,13.4,0,0,0,16,8
3,5,3,10.5,0,0,80,26,7
11,0,11,10.9,0,0,0,8,8
15,3,15,25.9,0,0,0,44,5
15,4,15,27.0,0,0,16,21,8
14,1,14,11.6,0,0,0,45,5
11,2,11,25.9,0,0,2,16,2
22,1,22,10.5,0,0,23,41,15
3,3,3,15.3,0,0,1,2,1
23,3,23,9.5,1,2,4,11,2
11,0,11,8.4,0,0,0,13,8
15,0,15,27.1,0,0,0,11,8
16,5,16,19.5,0,0,0,21,0
18,0,18,28.4,0,0,0,3,8
4,3,4,11.0,0,0,0,4,8
18,0,18,12.6,0,0,16,21,8
1,5,1,5.0,0,0,1,2,6
19,6,19,10.6,0,0,16,21,8
6,0,6,8.3,0,0,0,16,5
8,4,8,9.2,0,0,6,9,5
20,6,20,13.2,0,0,2,54,3
12,1,12,27.2,0,0,2,16,3
3,3,3,17.2,0,0,1,2,1
14,2,14,8.2,0,0,0,9,8
10,6,10,28.0,0,0,2,16,2
13,3,13,17.4,0,0,4,7,2
4,1,4,15.2,0,0,0,25,5
11,5,11,28.7,0,0,2,44,3
8,4,8,12.5,0,0,0,5,8
13,5,13,12.8,0,0,0,9,5
10,3,10,22.2,0,0,0,13,5
5,5,5,15.8,0,0,4,12,3
0,2,0,8.9,0,0,0,0,0
15,4,15,17.9,0,0,0,34,5
11,6,11,16.1,0,0,0,5,8
23,5,23,16.1,0,0,35,43,14
4,2,4,3.2,0,0,0,11,8
13,0,13,21.2,0,0,2,13,3
6,1,6,3.6,0,0,2,8,3
23,2,23,4.4,0,0,0,20,14
21,3,21,10.9,0,0,0,36,8
4,1,4,12.4,0,0,0,12,8
16,0,16,24.6,0,0,19,102,29
22,4,22,22.1,0,0,10,7,17
5,0,5,16.4,0,0,0,3,5
13,6,13,29.7,0,1,7,0,7
4,1,4,16.4,0,0,7,0,7
5,4,5,12.7,0,0,2,3,2
1,2,1,9.1,0,0,1,2,6
7,0,7,11.9,0,0,0,29,5
11,2,11,19.9,0,0,0,45,5
17,0,17,16.4,0,0,0,7,8
11,4,11,15.1,0,0,2,30,3
19,6,19,8.6,0,0,0,16,8
4,6,4,12.4,0,0,2,10,3
0,2,0,9.9,0,0,0,6,14
9,3,9,19.7,0,0,2,45,3
9,2,9,14.5,0,0,2,13,2
4,1,4,11.3,0,0,0,4,5
19,0,19,10.1,0,0,2,54,3
